step,time_au,energy_total,energy_kinetic,energy_hartree,energy_xc,energy_external,energy_nonlocal,energy_ion,energy_ion_kinetic,energy_exact_exchange,energy_nvxc,energy_eigenvalues,current_x,current_y,current_z,density_l2,norm_wp,correction_ev,e_total_raw_ev,e_total_corrected_ev,wp_kinetic_bare_ev,energy_total_corrected
0,0.0,211.726012064376,10.7128156134862,-229.308792920371,-13.8185229617022,444.140512332963,0,0,0,0,-17.9571159374232,-21.7213738317135,-3.83781269261498e-05,0.0001408497866926,-2.99971199894421,0.0,1.0,0.0,5761.358240524392,5761.358240524392,124.71885249990929,211.726012064376
1,0.04,211.726014708431,10.7128325641982,-229.247129893834,-13.8185325619248,444.078844599991,0,0,0,0,-17.9571283774641,-21.6597109908386,-3.8378120787738e-05,0.0001408497829178,-3.0202081913702,3.76094513692746e-06,0.999992685466,0.0009122632462161562,5761.358312472794,5761.357400209547,124.7183447954137,211.72598118337476
2,0.08,211.726016977425,10.7128552578164,-229.185498585771,-13.8185405843658,444.017200889745,0,0,0,0,-17.9571387588683,-21.5980797650277,-3.83781148580296e-05,0.0001408497793573,-3.0407073342773,1.50240796951154e-05,0.999986812289,0.0016447673749256024,5761.358374215265,5761.35672944789,124.71805639416598,211.72595653333826
3,0.12,211.726018915629,10.7128838278933,-229.123894545917,-13.8185470977051,443.955576731358,0,0,0,0,-17.9571471706488,-21.5364756797548,-3.83781091301453e-05,0.0001408497759919,-3.06120736214906,3.37305078654472e-05,0.999982111559,0.002231049730541769,5761.358426956483,5761.356195906752,124.71795728514522,211.72593692606293
4,0.16,211.726020563413,10.7129184112731,-229.062314107791,-13.8185521793028,443.893968439234,0,0,0,0,-17.9571537130967,-21.4748950508049,-3.83781035964921e-05,0.0001408497728022,-3.08170634700263,5.97826758123257e-05,0.999978361212,0.0026988052672024497,5761.358471794969,5761.355772989702,124.71802340911057,211.72592138414785
5,0.2,211.726021957457,10.7129591486935,-229.000754262172,-13.8185559151364,443.832372986072,0,0,0,0,-17.9571584976993,-21.4133348575343,-3.83780982496111e-05,0.0001408497697688,-3.10220247646713,9.30452429437541e-05,0.999975378511,0.003070824277610203,5761.358509728838,5761.35543890456,124.71823573910403,211.72590910674523
6,0.24,211.72602313093,10.7130061854327,-228.93921254922,-13.8185583998384,443.770787894556,0,0,0,0,-17.9571616471893,-21.3517926348115,-3.83780930817933e-05,0.0001408497668721,-3.12269403504987,0.0001333462861265,0.999973013627,0.0033657929368550877,5761.358541660665,5761.355175867728,124.71857949596128,211.72589944031986
7,0.28,211.726024113656,10.7130596719914,-228.877686966747,-13.8185597368211,443.709211145233,0,0,0,0,-17.9571632957069,-21.2902663811656,-3.83780880846863e-05,0.000140849764094,-3.1431793881659,0.0001804788207634,0.999971144164,0.0035989761163375805,5761.358568402002,5761.354969425885,124.71904348481797,211.725891853722
8,0.32,211.726024932279,10.7131197648368,-228.816175892523,-13.8185600384762,443.647641098441,0,0,0,0,-17.9571635890591,-21.2287544809806,-3.83780832501323e-05,0.000140849761417,-3.16365696857168,0.0002342026186044,0.999969670508,0.003782797433251013,5761.358590677868,5761.354807880435,124.71961953492438,211.72588591703615
9,0.36,211.726025610457,10.7131866272315,-228.754678018737,-13.8185594264395,443.586076428403,0,0,0,0,-17.9571626850644,-21.167255638838,-3.83780785706198e-05,0.0001408497588247,-3.18412526489073,0.0002942462984843,0.999968511899,0.003927329131232991,5761.358609132031,5761.3546818029,124.72030203098979,211.72588128377217
10,0.4,211.726026169085,10.7132604301397,-228.69319229694,-13.8185580319122,443.524516067797,0,0,0,0,-17.9571607539711,-21.1057688243358,-3.83780740397848e-05,0.0001408497563021,-3.20458281195229,0.0003603096629256,0.999967603114,0.004040705760645801,5761.358624333074,5761.354583627313,124.7210875256251,211.72587767588587
11,0.44,211.726026626509,10.7133413531956,-228.631717891971,-13.8185559960313,443.462959161316,0,0,0,0,-17.9571579789387,-21.0442932259036,-3.83780696522107e-05,0.0001408497538351,-3.22502818269119,0.0004320662507844,0.999966891685,0.0041294711362597596,5761.3586367802145,5761.354507309078,124.72197441714741,211.72587487124244
12,0.48,211.72602699875,10.713429585716,-228.570254143585,-13.8185534702818,443.4014050269,0,0,0,0,-17.9571545565754,-20.9828282123317,-3.83780654031329e-05,0.0001408497514113,-3.24545998138425,0.000509166073874,0.999966335574,0.004198868300383471,5761.358646909408,5761.354448041107,124.72296268764485,211.72587269318464
13,0.52,211.726027299695,10.7135253277605,-228.508800534621,-13.8185506169475,443.339853123503,0,0,0,0,-17.9571506975243,-20.9213733008785,-3.83780612888076e-05,0.0001408497490197,-3.26587683802677,0.000591238503813,0.99996590123,0.0042530818450726695,5761.358655098538,5761.354402016693,124.72405368895386,211.7258710018186
14,0.56,211.726027541308,10.7136287912431,-228.447356664781,-13.8185476095927,443.278303024438,0,0,0,0,-17.9571466270916,-20.8599281309834,-3.83780573064117e-05,0.0001408497466509,-3.28627740367983,0.0006778952742126,0.999965561987,0.00429543770632604,5761.358661673164,5761.354366235458,124.72524997279787,211.72586968688245
15,0.6,211.726027733822,10.7137402011021,-228.385922229125,-13.8185446335737,443.216754395418,0,0,0,0,-17.9571425859126,-20.7984924427245,-3.83780534536975e-05,0.0001408497442965,-3.30666034664122,0.0007687335627475,0.999965296734,0.004328569036328368,5761.358666911736,5761.3543383426995,124.72655515620795,211.7258686618425
16,0.64,211.726027885942,10.7138597965209,-228.324497000583,-13.8185418865734,443.155206976577,0,0,0,0,-17.9571388306484,-20.7370660592837,-3.83780497292342e-05,0.000140849741949,-3.32702434931127,0.0008633391176546,0.999965088824,0.004354552268652035,5761.358671051132,5761.354316498863,124.72797381892764,211.7258678590963
17,0.68,211.726028005026,10.713987832194,-228.263080815809,-13.8185395791564,443.093660567797,0,0,0,0,-17.9571356347099,-20.6756488727896,-3.8378046131481e-05,0.0001408497396021,-3.34736810564026,0.0009612893937411,0.999964925187,0.004375017741818263,5761.358674291572,5761.35429927383,124.72951142707576,211.725867226088
18,0.72,211.726028097258,10.7141245796309,-228.201673563841,-13.8185379353409,443.032115016808,0,0,0,0,-17.9571332890038,-20.6142408329781,-3.83780426584187e-05,0.0001408497372492,-3.36769031905878,0.0010621566640424,0.999964795601,0.0043912406179597374,5761.358676801333,5761.354285560715,124.73117427678625,211.7258667221403
19,0.76,211.726028167794,10.7142703285003,-228.140275177106,-13.8185371931837,442.970570209583,0,0,0,0,-17.9571321026951,-20.552841938223,-3.83780393073349e-05,0.0001408497348849,-3.38798970080692,0.001165511074807,0.999964692104,0.004404214216912909,5761.358678720715,5761.354274506498,124.73296945733723,211.72586631590534
20,0.8,211.726028220913,10.7144253880139,-228.078885624376,-13.8185376053743,442.909026062649,0,0,0,0,-17.9571324039831,-20.4914522285303,-3.83780360757404e-05,0.0001408497325041,-3.40826496859121,0.0012709236134352,0.99996460852,0.004414709132665681,5761.358680166158,5761.354265457025,124.73490482958637,211.7258659833433
21,0.84,211.726028260135,10.7145900883513,-228.017504905351,-13.8185394398349,442.84748251697,0,0,0,0,-17.9571345408848,-20.4300717801767,-3.83780329609453e-05,0.0001408497301016,-3.42851484550879,0.0013779689613195,0.999964540077,0.004423320876424003,5761.3586812334415,5761.354257912565,124.73698901724002,211.72586570608954
22,0.88,211.726028288346,10.7147647821206,-227.956133046583,-13.8185429803226,442.785939533131,0,0,0,0,-17.9571388820211,-20.3687007016968,-3.83780299604804e-05,0.0001408497276727,-3.44873805918729,0.0014862282061608,0.999964483101,0.0044305080411644465,5761.358682001102,5761.354251493061,124.73923140787315,211.72586547017713
23,0.92,211.726028307898,10.7149498458504,-227.894770098515,-13.8185485270281,442.72439708759,0,0,0,0,-17.9571458173997,-20.3073391310102,-3.8378027071585e-05,0.0001408497252125,-3.46893334109594,0.0015952913912104,0.99996443478,0.004436621736128579,5761.3586825331395,5761.354245911403,124.74164216322335,211.72586526505498
24,0.96,211.726028320694,10.7151456815074,-227.833416133446,-13.8185563971676,442.662855169801,0,0,0,0,-17.9571557591888,-20.2459872334726,-3.83780242910134e-05,0.0001408497227158,-3.48909942599012,0.0017047598819605,0.999964392963,0.004441930656784006,5761.358682881337,5761.35424095068,124.74423223684288,211.72586508275174
25,1.0,211.726028328269,10.7153527180375,-227.772071244263,-13.8185669255619,442.601313780057,0,0,0,0,-17.957169142475,-20.1846452007136,-3.83780216150221e-05,0.0001408497201786,-3.50923505145778,0.0018142485340005,0.999964356019,0.004446638671213562,5761.358683087463,5761.354236448791,124.74701339651287,211.7258649173104
26,1.04,211.726028331851,10.7155714129244,-227.710735543818,-13.818580465198,442.539772927943,0,0,0,0,-17.9571864259985,-20.1233132501249,-3.83780190399974e-05,0.0001408497175961,-3.5293389575412,0.0019233876490253,0.999964322709,0.00445090078596656,5761.358683184934,5761.354232284149,124.74999825208802,211.72586476426258
27,1.08,211.726028332419,10.7158022537596,-227.649409164859,-13.8185973877663,442.478232631285,0,0,0,0,-17.9572080928574,-20.0619916248963,-3.8378016562408e-05,0.0001408497149643,-3.54940988641151,0.0020318247092497,0.999964292101,0.004454833748499618,5761.358683200389,5761.354228366641,124.75320028625524,211.72586462029685
28,1.12,211.726028330752,10.7160457598138,-227.58809226042,-13.8186180841682,442.416692915526,0,0,0,0,-17.9572346511736,-20.0006805945176,-3.83780141789939e-05,0.0001408497122797,-3.56944658207649,0.0021392258837003,0.999964263494,0.004458525527630024,5761.358683155028,5761.354224629501,124.75663388886358,211.72586448295948
29,1.16,211.726028327467,10.7163024835985,-227.52678500462,-13.8186429649861,442.355153813475,0,0,0,0,-17.9572666347102,-19.9393804556912,-3.83780118865503e-05,0.000140849709539,-3.58944779010411,0.0022452773029722,0.999964236362,0.004462042299516264,5761.358683065639,5761.354221023339,124.76031439129967,211.72586435043547
30,1.2,211.726028323051,10.7165730124056,-227.465487593824,-13.8186724609096,442.293615365379,0,0,0,0,-17.957304603432,-19.8780915335852,-3.83780096822294e-05,0.0001408497067394,-3.60941225734671,0.0023496861020067,0.999964210316,0.004465433188512604,5761.358682945473,5761.354217512285,124.76425810501291,211.7258642214066
31,1.24,211.726028317891,10.7168579698097,-227.404200248114,-13.8187070231078,442.232077619303,0,0,0,0,-17.9573491439971,-19.8168141834054,-3.83780075634009e-05,0.0001408497038796,-3.62933873165201,0.0024521812332462,0.999964185065,0.004468735133106234,5761.358682805063,5761.35421406993,124.7684823563781,211.7258640949024
32,1.28,211.72602831229,10.7171580171167,-227.342923213079,-13.818747123541,442.170540631794,0,0,0,0,-17.9574008701697,-19.7555487922605,-3.83780055274512e-05,0.000140849700958,-3.64922596154851,0.0025525140551077,0.999964160394,0.004471975631253198,5761.358682652652,5761.35421067702,124.77300552395087,211.72586397021527
33,1.32,211.726028306493,10.7174738547396,-227.281656761866,-13.8187932552018,442.109004468821,0,0,0,0,-17.9574604231402,-19.6942957812736,-3.83780035724211e-05,0.0001408496979744,-3.66907269589348,0.0026504587030716,0.999964136145,0.004475175111700629,5761.358682494907,5761.354207319795,124.77784707392021,211.7258638468395
34,1.36,211.726028300692,10.7178062234776,-227.220401197517,-13.8188459322759,442.047469207008,0,0,0,0,-17.9575284717431,-19.633055607965,-3.83780016957627e-05,0.0001408496949285,-3.68887768347191,0.0027458122527785,0.999964112201,0.00447834893094217,5761.358682337054,5761.354203988123,124.78302759266997,211.7258637244028
35,1.4,211.726028295046,10.718155905674,-227.159156855565,-13.8189056902124,441.985934935149,0,0,0,0,-17.9576057125567,-19.5718287688634,-3.83779998946855e-05,0.0001408496918205,-3.70863967253501,0.002838394686347,0.999964088479,0.004481508247467697,5761.358682183419,5761.354200675171,124.78856881855826,211.7258636026541
36,1.44,211.726028289685,10.7185237262252,-227.097924106892,-13.8189730856941,441.924401756046,0,0,0,0,-17.9576928698715,-19.510615802355,-3.83779981660735e-05,0.0001408496886508,-3.72835741026687,0.0029280486746706,0.999964064917,0.0044846616445486645,5761.3586820375385,5761.354197375894,124.79449366668975,211.72586348140788
37,1.48,211.726028284718,10.7189105534093,-227.03670336086,-13.8190486964955,441.862869788664,0,0,0,0,-17.9577906955146,-19.4494172917712,-3.83779965061136e-05,0.0001408496854202,-3.74802964216756,0.0030146391897149,0.999964041469,0.004487815754891441,5761.35868190238,5761.354194086625,124.80082625250905,211.7258633605295
38,1.52,211.72602828024,10.7193172995006,-226.975495068706,-13.8191331212171,441.801339170662,0,0,0,0,-17.9578999685127,-19.3882338687098,-3.83779949108549e-05,0.0001408496821295,-3.76765511134095,0.0030980529618215,0.999964018104,0.00449097538585815,5761.358681780527,5761.354190805141,124.8075919082745,211.72586323993715
39,1.56,211.726028276335,10.719744921134,-226.914299727218,-13.8192269788854,441.739810061305,0,0,0,0,-17.9580214945799,-19.3270662165926,-3.8377993376732e-05,0.0001408496787797,-3.78723255767496,0.0031781977977536,0.999963994797,0.004494144643010216,5761.358681674266,5761.354187529623,124.81481719254715,211.7258631195641
40,1.6,211.726028273081,10.7201944193775,-226.853117882695,-13.8193309084063,441.678282644805,0,0,0,0,-17.9581561054151,-19.2659150744659,-3.83779918996663e-05,0.0001408496753713,-3.80676071690154,0.0032550017756806,0.999963971534,0.0044973263060464315,5761.358681585721,5761.354184259415,124.82252989271947,211.72586299938618
41,1.64,211.726028270551,10.7206668394728,-226.791950135193,-13.8194455678596,441.616757134131,0,0,0,0,-17.9583046577922,-19.2047812410416,-3.83779904755249e-05,0.0001408496719053,-3.82623831952329,0.0033284123335348,0.999963948301,0.004500523201574242,5761.3586815168765,5761.354180993675,124.83075901820038,211.72586287937244
42,1.68,211.726028268815,10.7211632701988,-226.730797143085,-13.8195716336238,441.555233775325,0,0,0,0,-17.95846803243,-19.1436655789959,-3.83779891003112e-05,0.000140849668382,-3.84566408959347,0.0033983952671607,0.99996392509,0.004503737453710668,5761.358681469637,5761.354177732183,124.83953478429356,211.72586275951483
43,1.72,211.726028267942,10.7216848428109,-226.669659627917,-13.8197097993193,441.493712852367,0,0,0,0,-17.9586471326246,-19.0825690195199,-3.83779877701511e-05,0.0001408496648027,-3.86503674333557,0.0034649336544671,0.999963901895,0.0045069709823346744,5761.358681445881,5761.354174474899,124.84888858339937,211.72586263981185
44,1.76,211.726028268002,10.7222327295087,-226.608538379587,-13.8198607745588,441.432194692639,0,0,0,0,-17.9588428826313,-19.0214925671218,-3.83779864813435e-05,0.0001408496611687,-3.88435498758905,0.0035280267213886,0.999963878713,0.00451022537681287,5761.358681447515,5761.354171222138,124.85885294350776,211.72586252027506
45,1.8,211.726028269064,10.722808141383,-226.547434261853,-13.8200252834949,441.370679673029,0,0,0,0,-17.9590562257811,-18.9604373047075,-3.83779852305407e-05,0.0001408496574818,-3.90361751806721,0.0035876886649,0.999963855539,0.004513502518469329,5761.358681476412,5761.354167973894,124.8694614745135,211.7258624009043
46,1.84,211.726028271201,10.723412325794,-226.486348218161,-13.8202040631545,441.309168226723,0,0,0,0,-17.9592881223208,-18.8994043989129,-3.83779840142205e-05,0.000140849653744,-3.92282301741425,0.0036439474476247,0.999963832373,0.004516803704039483,5761.358681534563,5761.354164730859,124.8807487969826,211.72586228172497
47,1.88,211.726028274487,10.7240465631309,-226.425281277815,-13.8203978615529,441.247660850724,0,0,0,0,-17.9595395469632,-18.8383951057088,-3.83779828292517e-05,0.0001408496499577,-3.94197015304832,0.0036968435777528,0.999963809212,0.004520130641528751,5761.3586816239795,5761.354161493338,124.89275045462422,211.72586216274829
48,1.92,211.726028278995,10.7247121629085,-226.364234562488,-13.8206074355776,441.186158114153,0,0,0,0,-17.9598114861392,-18.7774107762797,-3.8377981672375e-05,0.0001408496461257,-3.96105757477901,0.0037464288870613,0.999963786055,0.0045234848221719385,5761.3586817466485,5761.354158261826,124.90550280961071,211.7258620439924
49,1.96,211.726028284805,10.7254104591565,-226.30320929306,-13.8208335486388,441.124660667348,0,0,0,0,-17.9601049349437,-18.7164528631574,-3.83779805401111e-05,0.0001408496422513,-3.98008391218853,0.0037927653188277,0.999963762902,0.00452686764086137,5761.358681904747,5761.354155037106,124.91904291864536,211.7258619254861
50,2.0,211.726028291994,10.7261428050645,-226.242206796804,-13.8210769680807,441.063169251814,0,0,0,0,-17.9604208937695,-18.655522926631,-3.8377979429081e-05,0.000140849638338,-3.99904777176774,0.0038359237363762,0.999963739752,0.00453028064070778,5761.358682100369,5761.354151819728,124.93340838740887,211.72586180724966
51,2.04,211.726028300642,10.7269105668485,-226.181228514895,-13.8213384623519,441.00168471104,0,0,0,0,-17.9607603646268,-18.5946226414021,-3.83779783361107e-05,0.0001408496343895,-4.01794773380018,0.0038759827618945,0.999963716604,0.004533725382355938,5761.3586823356945,5761.354148610312,124.94863720578937,211.7258616893058
52,2.08,211.726028310833,10.7277151168165,-226.120276010244,-13.8216187979355,440.940208002196,0,0,0,0,-17.9611243471478,-18.5337538034972,-3.83779772573991e-05,0.0001408496304099,-4.03678234899035,0.0039130276540401,0.999963693459,0.004537203187124206,5761.358682613005,5761.354145409818,124.96476756010824,211.7258615716898
53,2.12,211.726028322649,10.7285578256169,-226.059350975649,-13.8219187360408,440.878740208722,0,0,0,0,-17.9615138342802,-18.472918337416,-3.8377976189232e-05,0.0001408496264035,-4.05555013483502,0.0039471492317312,0.999963670316,0.004540715629353609,5761.358682934535,5761.3541422189055,124.9818376231004,211.72586145442594
54,2.16,211.726028336173,10.7294400536665,-225.998455242237,-13.8222390290623,440.817282553807,0,0,0,0,-17.9619298076759,-18.412118303509,-3.83779751279127e-05,0.0001408496223754,-4.07424957174065,0.0039784428504102,0.999963647175,0.00454426415300048,5761.358683302541,5761.354139038388,124.99988532272857,211.72586133754407
55,2.2,211.726028351489,10.7303631417679,-225.937590788187,-13.8225804168141,440.755836414723,0,0,0,0,-17.9623732327862,-18.3513559055537,-3.83779740700531e-05,0.0001408496183312,-4.09287909889405,0.0040070074359929,0.999963624036,0.004547850187394539,5761.358683719311,5761.354135869124,125.0189480879133,211.72586122107575
56,2.24,211.72602836868,10.7313284009403,-225.8767597477,-13.8229436225523,440.694403337991,0,0,0,0,-17.9628450536783,-18.2906334985269,-3.83779730124025e-05,0.000140849614277,-4.11143710989797,0.0040329445806658,0.999963600898,0.004551475262227434,5761.358684187102,5761.35413271184,125.0390625738551,211.7258611050477
57,2.28,211.726028387826,10.7323371015059,-225.815964420202,-13.8233293487985,440.63298505532,0,0,0,0,-17.9633461875916,-18.2299535965375,-3.83779719521074e-05,0.0001408496102199,-4.12992194818891,0.0040563577036794,0.999963577761,0.004555140746558144,5761.3586847080915,5761.354129567345,125.06026436569135,211.72586098948963
58,2.32,211.726028409007,10.7333904614879,-225.755207279737,-13.8237382729836,440.571583500239,0,0,0,0,-17.9638775192592,-18.169318880897,-3.83779708861977e-05,0.0001408496061672,-4.14833190225968,0.0040773512793241,0.999963554626,0.0045588478372604905,5761.3586852844555,5761.354126436619,125.08258766503252,211.7258608744376
59,2.36,211.7260284323,10.7344896343994,-225.694490984508,-13.8241710429342,440.510200825342,0,0,0,0,-17.9644398950204,-18.1087322082864,-3.8377969812402e-05,0.0001408496021266,-4.16666520071508,0.0040960301333761,0.999963531492,0.004562597921952252,5761.358685918291,5761.354123320369,125.1060649592532,211.7258607599175
60,2.4,211.726028457775,10.7356356965152,-225.633818386537,-13.8246282722245,440.448839420021,0,0,0,0,-17.9650341167584,-18.048196619007,-3.8377968728476e-05,0.0001408495981067,-4.18492000719514,0.0041124988084615,0.999963508359,0.004566392191088314,5761.3586866115,5761.354120219309,125.13072667656745,211.72586064595566
61,2.44,211.726028485502,10.7368296337424,-225.573192541379,-13.8251105354248,440.387501928563,0,0,0,0,-17.9656609357002,-17.9877153452378,-3.83779676319729e-05,0.0001408495941157,-4.20309441520595,0.0041268609980221,0.999963485226,0.004570231874907064,5761.358687365991,5761.354117134116,125.15660083013908,211.7258605325769
62,2.48,211.726028515543,10.7380723282184,-225.512616717849,-13.8256183632767,440.32619126845,0,0,0,0,-17.9663210461198,-17.9272918192999,-3.83779665209254e-05,0.000140849590163,-4.22118644290411,0.0041392190478545,0.999963462094,0.004574117854464613,5761.358688183447,5761.3541140655925,125.18371265655902,211.72586041981074
63,2.52,211.726028547953,10.7393645447882,-225.452094407697,-13.8261522378314,440.264910648693,0,0,0,0,-17.9670150789908,-17.8669296818436,-3.83779653931953e-05,0.0001408495862572,-4.23919402788642,0.004149673523557,0.999963438962,0.004578051148560283,5761.358689065369,5761.3541110142205,125.21208424827704,211.7258603076749
64,2.56,211.72602858278,10.7407069175225,-225.391629335173,-13.8267125875876,440.203663588018,0,0,0,0,-17.9677435956382,-17.8066327899225,-3.83779642467789e-05,0.0001408495824073,-4.25711502204104,0.0041583228416547,0.999963415831,0.004582032399267241,5761.3586900130595,5761.35410798066,125.24173418893922,211.7258601961936
65,2.6,211.726028620064,10.7420999364551,-225.331225466403,-13.8272997826709,440.142453932682,0,0,0,0,-17.9685070814417,-17.7464052249004,-3.8377963079476e-05,0.0001408495786219,-4.27494718652122,0.0041652629616683,0.9999633927,0.004586062359232655,5761.358691027609,5761.3541049652495,125.27267719479894,211.7258600853793
66,2.64,211.726028659834,10.7435439347257,-225.270887018522,-13.8279141300966,440.081285873727,0,0,0,0,-17.9693059396459,-17.686251300131,-3.83779618894971e-05,0.0001408495749093,-4.29268818690505,0.004170587135963,0.999963369568,0.00459014162816779,5761.358692109806,5761.354101968178,125.30492376667455,211.72585997523896
67,2.68,211.726028702111,10.7450390763167,-225.210618468472,-13.8285558691605,440.020163963427,0,0,0,0,-17.970140485337,-17.6261755683406,-3.83779606747313e-05,0.0001408495712781,-4.31033558860756,0.0041743857138505,0.999963346436,0.0045942703895146845,5761.358693260221,5761.354098989832,125.33847985796179,211.72585986578676
68,2.72,211.726028746902,10.7465853445761,-225.150424561398,-13.8292251670027,439.959093130726,0,0,0,0,-17.9710109396428,-17.5661828286597,-3.83779594339376e-05,0.0001408495677362,-4.32788685261136,0.0041767459961217,0.999963323304,0.004598448774386459,5761.358694479047,5761.354096030273,125.37334656514838,211.72585975702495
69,2.76,211.726028794204,10.7481825317139,-225.090310318553,-13.8299221143909,439.898078695434,0,0,0,0,-17.9719174242183,-17.5062781332348,-3.83779581660273e-05,0.0001408495642919,-4.3453393315825,0.0041777521359636,0.99996330017,0.004602676976073134,5761.3586957662,5761.354093089224,125.40951984279636,211.7258596489434
70,2.8,211.726028844,10.7498302294521,-225.030281044639,-13.83064672177,439.837126380956,0,0,0,0,-17.9728599560769,-17.4464667933472,-3.83779568700155e-05,0.0001408495609527,-4.36269026643613,0.0041774850820416,0.999963277036,0.004606954487972811,5761.358697121218,5761.35409016673,125.44699025232678,211.72585954154374
71,2.84,211.726028896259,10.7515278210021,-224.970342334496,-13.8313989156229,439.776242325375,0,0,0,0,-17.9738384428271,-17.3867543849827,-3.83779555461826e-05,0.0001408495577272,-4.37993678341446,0.0041760225594125,0.999963253901,0.004611280972610713,5761.3586985432585,5761.354087262286,125.48574274590858,211.7258594348074
72,2.88,211.726028950937,10.7532744745276,-224.910500079058,-13.8321785351871,439.715433090654,0,0,0,0,-17.9748526783725,-17.3271467537662,-3.83779541947535e-05,0.000140849554624,-4.3970758917357,0.0041734390838903,0.999963230765,0.00461565575305254,5761.358700031122,5761.354084375369,125.52575648982094,211.72585932871516
73,2.92,211.726029007974,10.7550691382375,-224.850760470496,-13.832985329572,439.654705669805,0,0,0,0,-17.9759023391329,-17.2676500192138,-3.83779528167207e-05,0.0001408495516522,-4.41410448186784,0.0041698060054846,0.999963207627,0.0046200780582998065,5761.358701583178,5761.35408150512,125.56700473386556,211.72585922323546
74,2.96,211.726029067298,10.7569105372324,-224.791130006472,-13.8338189553146,439.594067491851,0,0,0,0,-17.976986980838,-17.2082705782203,-3.8377951413858e-05,0.0001408495488209,-4.43101932447524,0.0041651915765855,0.999963184487,0.004624546768513134,5761.358703197466,5761.354078650697,125.60945472753804,211.72585911833735
75,3.0,211.726029128817,10.7587971722028,-224.731615493423,-13.8346789744144,439.533526424451,0,0,0,0,-17.978106035945,-17.1490151077303,-3.83779499883076e-05,0.0001408495461394,-4.4478170700783,0.0041596610406869,0.999963161345,0.004629060538571123,5761.3587048714835,5761.354075810945,125.6530676867066,211.72585901397835
76,3.04,211.726029192427,10.7607273200509,-224.672224048815,-13.8355648528797,439.473090774071,0,0,0,0,-17.9792588117237,-17.0898905665295,-3.83779485420966e-05,0.0001408495436176,-4.46449424945815,0.0041532767375791,0.999963138202,0.004633617672349983,5761.3587066024,5761.354072984728,125.69779881251361,211.7258589101168
77,3.08,211.726029258008,10.7626990364756,-224.612963102295,-13.836475959817,439.412769283644,0,0,0,0,-17.9804444890502,-17.0309041960977,-3.83779470781393e-05,0.0001408495412636,-4.48104727482882,0.0041460982211414,0.999963115056,0.004638216627473249,5761.35870838695,5761.354070170322,125.74359736352513,211.7258588066893
78,3.12,211.726029325425,10.764710160528,-224.553840395678,-13.8374115670877,439.352571127664,0,0,0,0,-17.9816621219406,-16.9720635204798,-3.83779455986925e-05,0.0001408495390863,-4.49747244178936,0.0041381823860984,0.999963091908,0.004642855265169735,5761.35871022146,5761.354067366195,125.79040678246987,211.72585870363952
79,3.16,211.72602939453,10.7667583211146,-224.494863981738,-13.8383708495547,439.292505904708,0,0,0,0,-17.9829106378547,-16.9133763451253,-3.83779441063401e-05,0.0001408495370937,-4.51376593205812,0.0041295836003551,0.999963068758,0.004647531358910851,5761.358712101903,5761.354064570543,125.83816487423736,211.72585860090123
80,3.2,211.726029465159,10.7688409453915,-224.436042221738,-13.8393528859313,439.232583627436,0,0,0,0,-17.984188838787,-16.8548507546667,-3.83779426038508e-05,0.0001408495352916,-4.52992381698169,0.0041203538398106,0.999963045604,0.0046522427283445834,5761.358714023815,5761.354061781087,125.88680403595205,211.72585849839058
81,3.24,211.726029537134,10.7709552689682,-224.37738378168,-13.840356660245,439.17281471009,0,0,0,0,-17.9854954031591,-16.7964951095964,-3.83779410931494e-05,0.000140849533686,-4.54594206180136,0.0041105428228516,0.999963022448,0.004656986493867735,5761.358715982355,5761.354058995861,125.93625153717993,211.72585839603542
82,3.28,211.726029610267,10.7730983478142,-224.318897627253,-13.8413810639173,439.113209953623,0,0,0,0,-17.9868288885179,-16.7383180418285,-3.83779395764833e-05,0.0001408495322806,-4.56181653065127,0.0041001981420469,0.999962999289,0.004661759969019615,5761.358717972405,5761.354056212436,125.98642984421203,211.72585829374646
83,3.32,211.726029684359,10.7752670717405,-224.260593017455,-13.8424248984588,439.053780528533,0,0,0,0,-17.9881877350377,-16.6803284491313,-3.83779380564393e-05,0.0001408495310789,-4.57754299225453,0.0040893653908877,0.999962976128,0.004666560044107718,5761.358719988551,5761.354053428507,126.03725698885104,211.72585819143893
84,3.36,211.726029759199,10.7774581793124,-224.202479496904,-13.8434868787718,438.994537955562,0,0,0,0,-17.9895702698143,-16.6225354884279,-3.83779365355566e-05,0.0001408495300827,-4.59311712627674,0.0040780882837384,0.999962952963,0.004671383830669953,5761.358722025051,5761.35405064122,126.08864697430472,211.72585808900803
85,3.4,211.726029834568,10.7796682740368,-224.144566886827,-13.8445656370454,438.935494084403,0,0,0,0,-17.9909747119358,-16.5649485679605,-3.83779350167474e-05,0.0001408495292929,-4.6085345302902,0.0040664087675077,0.999962929795,0.004676227921275958,5761.358724075946,5761.3540478480245,126.14051021702284,211.72585798635998
86,3.44,211.726029910239,10.7818938416555,-224.08686527477,-13.845659727226,438.87666107058,0,0,0,0,-17.9923991783029,-16.5075773383483,-3.83779335029513e-05,0.0001408495287102,-4.62379072729661,0.0040543671238567,0.999962906623,0.004681089036861385,5761.3587261350585,5761.354045046021,126.19275401816732,211.72585788338827
87,3.48,211.726029985981,10.7841312683687,-224.029385003043,-13.8467676300359,438.818051350691,0,0,0,0,-17.9938416901675,-16.4504316825538,-3.83779319979974e-05,0.000140849528334,-4.63888117375177,0.004042002061063,0.999962883448,0.004685963540226872,5761.358728196104,5761.354042232563,126.24528305907388,211.72585777999558
88,3.52,211.726030061556,10.7863768598072,-223.97213665595,-13.8478877585128,438.759677616211,0,0,0,0,-17.9953001803514,-16.3935217047866,-3.8377930505483e-05,0.0001408495281641,-4.65380126803162,0.0040293507949784,0.99996286027,0.004690847833267378,5761.358730252605,5761.354039404771,126.29799991678263,211.72585767607615
89,3.56,211.726030136725,10.7886268605666,-223.915131045856,-13.8490184640341,438.701552786049,0,0,0,0,-17.9967725010988,-16.336857718404,-3.83779290295463e-05,0.0001408495281994,-4.66854635927581,0.0040164491187812,0.999962837089,0.004695738250467197,5761.358732298057,5761.354036559806,126.35080559667145,211.7258575715256
90,3.6,211.726030211249,10.7908774741144,-223.858379198156,-13.8501580427874,438.643689978078,0,0,0,0,-17.9982564325122,-16.2804502328364,-3.83779275741991e-05,0.0001408495284386,-4.68311175654233,0.0040033314614847,0.999962813904,0.004700631205164225,5761.358734325958,5761.354033694753,126.4036000724557,211.72585746623685
91,3.64,211.726030284887,10.7931248828832,-223.801892335211,-13.8513047426438,438.586102479859,0,0,0,0,-17.999749691515,-16.2243099396212,-3.83779261438175e-05,0.0001408495288802,-4.69749273820511,0.0039900309354236,0.999962790716,0.004705522830586801,5761.35873632975,5761.35403080692,126.45628283131924,211.72585736011092
92,3.68,211.726030357402,10.795365268359,-223.745681859346,-13.8524567703869,438.528803718776,0,0,0,0,-18.0012499412804,-16.1684476975881,-3.83779247420322e-05,0.0001408495295222,-4.71168456152473,0.0039765793731396,0.999962767524,0.004710409505716412,5761.358738302984,5761.354027893479,126.50875342033721,211.72585725304396
93,3.72,211.726030428564,10.7975948309838,-223.689759334981,-13.8536122992483,438.47180723181,0,0,0,0,-18.0027548010592,-16.1128745172931,-3.83779233721764e-05,0.0001408495303616,-4.72568247232277,0.0039630073542841,0.999962744329,0.0047152873695948125,5761.3587402394005,5761.354024952031,126.56091198574742,211.72585714494772
94,3.76,211.726030498146,10.7998098096903,-223.634136470014,-13.8547694766946,438.415126635164,0,0,0,0,-18.0042618563391,-16.0576015447617,-3.83779220377397e-05,0.0001408495313953,-4.73948171468992,0.0039493442233311,0.99996272113,0.004720152847091743,5761.358742132823,5761.354021979976,126.61265980223008,211.72585703572673
95,3.8,211.726030565929,10.8020065009021,-223.578825096534,-13.8559264324128,438.358775593974,0,0,0,0,-18.0057686692618,-16.0026400446415,-3.83779207409389e-05,0.0001408495326194,-4.7530775406599,0.0039356180990085,0.999962697928,0.004725002162046183,5761.358743977293,5761.354018975131,126.66389978741778,211.72585692530072
96,3.84,211.726030631705,10.8041812768352,-223.523837150994,-13.8570812864348,438.302767792299,0,0,0,0,-18.0072727892236,-15.9480013828437,-3.83779194834426e-05,0.0001408495340287,-4.76646521978274,0.0039218558764922,0.999962674723,0.004729831735634756,5761.358745767148,5761.3540159354125,126.71453699756074,211.7258568135931
97,3.88,211.726030695279,10.8063306029557,-223.469184653938,-13.8582321573442,438.247116903606,0,0,0,0,-18.0087717635839,-15.8936970087737,-3.83779182669835e-05,0.0001408495356169,-4.77964004853426,0.0039080832234794,0.999962651515,0.004734638077712663,5761.3587474970855,5761.3540128590075,126.76447909866457,211.72585670053732
98,3.92,211.726030756466,10.8084510544584,-223.414879689413,-13.859377170506,438.191836561927,0,0,0,0,-18.0102631484033,-15.839738437251,-3.83779170919759e-05,0.0001408495373777,-4.7925973595019,0.003894324571291,0.999962628303,0.004739417930522611,5761.358749162068,5761.354009744138,126.8136368126132,211.72585658606798
99,3.96,211.726030815096,10.8105393316487,-223.360934384168,-13.8605144662593,438.136940333874,0,0,0,0,-18.0117445191353,-15.7861372302029,-3.83779159588871e-05,0.0001408495393037,-4.80533253029118,0.003880603102222,0.999962605089,0.004744167777384199,5761.358750757472,5761.354006589695,126.86192433127333,211.72585647014432
100,4.0,211.726030871017,10.812592274126,-223.307360886762,-13.8616422080158,438.082441691669,0,0,0,0,-18.0132134811944,-15.7329049782468,-3.83779148674246e-05,0.0001408495413861,-4.81784099210209,0.00386694073434,0.999962581871,0.004748884745048391,5761.35875227916,5761.3540033944155,126.90925969763991,211.72585635271997
101,4.04,211.726030924091,10.8146068736858,-223.25417134671,-13.8627585902056,438.02835398732,0,0,0,0,-18.0146676803256,-15.6800532822527,-3.83779138167751e-05,0.0001408495436164,-4.8301182379293,0.0038533581048833,0.99996255865,0.004753565729317802,5761.358753723377,5761.3540001576475,126.95556515474422,211.72585623377094
102,4.08,211.726030974199,10.8165802858722,-223.201377893756,-13.8638618460152,437.974690428097,0,0,0,0,-18.0161048127027,-15.6275937349808,-3.83779128058061e-05,0.0001408495459852,-4.84215983034589,0.0038398745534195,0.999962535427,0.004758207787546128,5761.358755086885,5761.353996879097,127.00076745356617,211.72585611328645
103,4.12,211.72603102124,10.8185098401347,-223.148992617411,-13.8649502548626,437.921464053379,0,0,0,0,-18.0175226346843,-15.5755379028981,-3.8377911832995e-05,0.0001408495484827,-4.85396140883567,0.0038265081058366,0.999962512201,0.004762808403320031,5761.358756366936,5761.353993558533,127.04479812515586,211.72585599125796
104,4.16,211.726031065135,10.8203930485553,-223.09702754685,-13.86602214956,437.868687712989,0,0,0,0,-18.0189189721617,-15.5238973082591,-3.83779108961984e-05,0.0001408495510985,-4.86551869664456,0.0038132754601331,0.999962488973,0.004767364987930401,5761.35875756138,5761.353990196392,127.08759371406137,211.72585586770157
105,4.2,211.726031105822,10.8222276131323,-223.045494631273,-13.8670759231144,437.816374047077,0,0,0,0,-18.0202917294338,-15.4726834115423,-3.83779099930841e-05,0.000140849553822,-4.87682750712733,0.0038001919749337,0.999962465742,0.0047718753962564505,5761.358758668529,5761.353986793133,127.12909597019748,211.72585574263408
106,4.24,211.726031143259,10.8240114316181,-222.994405720838,-13.8681100351218,437.764535467601,0,0,0,0,-18.021638897553,-15.4219075943358,-3.83779091202092e-05,0.0001408495566423,-4.88788374957113,0.0037872716615352,0.999962442509,0.004776337424830703,5761.358759687242,5761.353983349817,127.16925200309187,211.72585561609455
107,4.28,211.726031177426,10.8257426019261,-222.943772548241,-13.869123017714,437.713184141455,0,0,0,0,-18.0229585620861,-15.3715811427291,-3.83779082743341e-05,0.0001408495595485,-4.89868343448225,0.0037745271801483,0.999962419274,0.004780749198081177,5761.358760616973,5761.353979867775,127.20801439687524,211.72585548813186
108,4.32,211.726031208322,10.8274194251307,-222.893606711046,-13.8701134810206,437.662331975258,0,0,0,0,-18.0242489102426,-15.3217152313094,-3.83779074510312e-05,0.0001408495625288,-4.90922267832794,0.0037619698409236,0.999962396037,0.004785109044687395,5761.358761457697,5761.353976348652,127.24534128550829,211.7258553588065
109,4.36,211.726031235963,10.8290404070966,-222.843919654827,-13.8710801181129,437.611990601807,0,0,0,0,-18.0255082373274,-15.2723209078185,-3.83779066456708e-05,0.0001408495655716,-4.91949770772907,0.0037496096102176,0.999962372798,0.004789415499751316,5761.358762209847,5761.353972794347,127.28119639223608,211.72585522818818
110,4.4,211.726031260388,10.8306042587841,-222.794722657203,-13.872021709402,437.562171368209,0,0,0,0,-18.0267349524807,-15.2234090785217,-3.8377905852722e-05,0.0001408495686648,-4.92950486310429,0.0037374551224311,0.999962349557,0.004793667305538249,5761.3587628744845,5761.353969207179,127.3155490320364,211.72585509636218
111,4.44,211.726031281651,10.832109895283,-222.746026812817,-13.8729371264665,437.512885325651,0,0,0,0,-18.0279275836742,-15.1749904943632,-3.83779050663243e-05,0.0001408495717958,-4.93924060176982,0.0037255136976367,0.999962326314,0.004797863410908561,5761.35876345308,5761.353965589669,127.34837408005498,211.72585496342117
112,4.48,211.726031299822,10.8335564336362,-222.69784301932,-13.8738253352914,437.464143220797,0,0,0,0,-18.0290847819377,-15.1270757379354,-3.83779042801633e-05,0.0001408495749525,-4.94870150050303,0.0037137913651043,0.99996230307,0.004802002842126147,5761.358763947539,5761.3539619446965,127.37965190697169,211.72585482947088
113,4.52,211.72603131499,10.8349431895198,-222.650181964393,-13.8746853989035,437.415955488766,0,0,0,0,-18.0302053247997,-15.0796752113086,-3.83779034872469e-05,0.0001408495781219,-4.9578842575809,0.0037022928927422,0.999962279825,0.0048060849546324134,5761.3587643602805,5761.353958275326,127.40936828269255,211.725854694624
114,4.56,211.726031327254,10.8362696728502,-222.603054113852,-13.8755164793942,437.36833224765,0,0,0,0,-18.0312881189281,-15.0327991247548,-3.83779026802943e-05,0.0001408495812916,-4.96678569430782,0.0036910218223522,0.999962256578,0.004810109429027127,5761.3587646940005,5761.3539545845715,127.43751425172562,211.72585455899127
115,4.6,211.726031336729,10.8375355823936,-222.556469700855,-13.8763178393263,437.321283294516,0,0,0,0,-18.0323322019672,-14.9864574863826,-3.83779018519204e-05,0.000140849584449,-4.97540275604961,0.0036799805104907,0.999962233331,0.004814075756251504,5761.358764951829,5761.353950876072,127.464085981312,211.72585442270645
116,4.64,211.726031343537,10.8387407994566,-222.510438716221,-13.8770888425242,437.274818102826,0,0,0,0,-18.0333367435706,-14.9406600927104,-3.83779009938678e-05,0.0001408495875814,-4.98373251279337,0.0036691701746986,0.999962210082,0.004817984123521894,5761.3587651370835,5761.35394715296,127.4890845833938,211.7258542858846
117,4.68,211.726031347815,10.8398853807391,-222.464970899889,-13.8778289542559,437.228945821221,0,0,0,0,-18.0343010456401,-14.8954165201717,-3.83779000982202e-05,0.0001408495906766,-4.99177215925453,0.0036585909447536,0.999962186832,0.004821834515316228,5761.358765253494,5761.353943418979,127.51251591714225,211.7258541486633
118,4.72,211.726031349701,10.8409695504311,-222.420075733495,-13.8785377408145,437.18367527358,0,0,0,0,-18.035224541783,-14.8507361175766,-3.83778991565466e-05,0.0001408495937224,-4.99951901455495,0.0036482419185085,0.999962163582,0.004825627087731807,5761.358765304815,5761.353939677728,127.53439036653818,211.72585401117487
119,4.76,211.726031349343,10.8419936916403,-222.375762434073,-13.8792148685188,437.139014960295,0,0,0,0,-18.0361067960098,-14.8066279995121,-3.83778981604101e-05,0.0001408495967067,-5.00697052149687,0.0036381212218863,0.999962140331,0.00482936241523036,5761.358765295074,5761.353935932659,127.5547226036586,211.72585387354613
120,4.8,211.726031346891,10.8429583372352,-222.332039948855,-13.879860102151,437.094973060662,0,0,0,0,-18.0369475006994,-14.7631010406667,-3.83778971009708e-05,0.0001408495996178,-5.01412424545955,0.0036282260725472,0.999962117079,0.0048330410989505905,5761.358765228351,5761.353932187252,127.5735313343697,211.72585373590496
121,4.84,211.726031342496,10.8438641601901,-222.288916951163,-13.8804733028583,437.051557436327,0,0,0,0,-18.0377464738652,-14.7201638710907,-3.83778959695285e-05,0.0001408496024442,-5.02097787294607,0.0036185528466526,0.999962093827,0.0048366637569464185,5761.358765108756,5761.353928445,127.59083903112075,211.72585359837973
122,4.88,211.726031336313,10.8447119635204,-222.24640183734,-13.8810544255481,437.00877563568,0,0,0,0,-18.0385036557597,-14.6778248723398,-3.8377894757124e-05,0.0001408496051747,-5.02752920980907,0.0036090971481865,0.999962070574,0.004840231396803166,5761.358764940509,5761.353924709112,127.606671653927,211.72585346108838
123,4.92,211.726031328492,10.8455026698937,-222.204502724713,-13.8816035158107,436.966634899122,0,0,0,0,-18.0392191048647,-14.6360921745048,-3.83778934546857e-05,0.0001408496077986,-5.03377617918456,0.0035998538802844,0.999962047321,0.0048437448948552425,5761.358764727689,5761.353920982794,127.62105836489872,211.72585332414872
124,4.96,211.726031319181,10.8462373110046,-222.163227450531,-13.8821207064065,436.925142165115,0,0,0,0,-18.0398929933129,-14.5949736540823,-3.83778920535749e-05,0.0001408496103052,-5.03971681916342,0.003590817317951,0.999962024068,0.004847205368141513,5761.358764474324,5761.353917268956,127.63403123344206,211.7258531876677
125,5.0,211.726031308528,10.846917016797,-222.12258357183,-13.8826062133596,436.884304076921,0,0,0,0,-18.0405256017965,-14.5544769326613,-3.83778905448495e-05,0.0001408496126843,-5.04534928023048,0.0035819811815868,0.999962000814,0.00485061416356926,5761.358764184441,5761.353913570277,127.64562493993789,211.72585305174374
126,5.04,211.726031296672,10.8475430046177,-222.082578366199,-13.8830603317007,436.844126989954,0,0,0,0,-18.0411173140191,-14.5146093763962,-3.83778889200728e-05,0.0001408496149265,-5.05067182250075,0.003573338710774,0.99996197756,0.0048539724638472165,5761.358763861823,5761.353909889359,127.6558764765386,211.7258529164725
127,5.08,211.726031283747,10.8481165683841,-222.043218833367,-13.8834834309054,436.804616979636,0,0,0,0,-18.0416686107501,-14.475378096211,-3.83778871707712e-05,0.0001408496170228,-5.05568281278218,0.0035648827377379,0.999961954306,0.00485728165941528,5761.358763510116,5761.353906228456,127.66482484883129,211.7258527819368
128,5.12,211.726031269882,10.848639067841,-222.004511697587,-13.8838759500755,436.765779849703,0,0,0,0,-18.0421800635448,-14.4367899487197,-3.83778852891711e-05,0.0001408496189649,-5.06038072149387,0.0035566057599367,0.999961931052,0.004860543209681861,5761.358763132829,5761.35390258962,127.672510780189,211.72585264821203
129,5.16,211.726031255198,10.8491119179853,-221.966463410724,-13.8842383929116,436.727621140848,0,0,0,0,-18.0426523281913,-14.3988515377949,-3.83778832680051e-05,0.0001408496207455,-5.0647641194676,0.003548500011282,0.999961907797,0.004863758759906278,5761.358762733257,5761.3538989744975,127.67897641994757,211.72585251535872
130,5.2,211.726031239807,10.8495365787242,-221.929080156032,-13.8845713225255,436.69014613964,0,0,0,0,-18.0430861379505,-14.3615692167666,-3.83778811002635e-05,0.0001408496223576,-5.06883167465979,0.0035405575314898,0.999961884543,0.0048669296197288775,5761.358762314448,5761.353895384828,127.68426506011252,211.7258523834408
131,5.24,211.726031223815,10.8499145448372,-221.892367852519,-13.8848753561418,436.653359887639,0,0,0,0,-18.043482296649,-14.3249490911827,-3.83778787797353e-05,0.0001408496237961,-5.07258214879976,0.0035327702331015,0.999961861288,0.004870057646582545,5761.358761879283,5761.353891821636,127.68842085855205,211.72585225249594
132,5.28,211.72603120732,10.8502473362979,-221.856332159876,-13.8851511597346,436.617267190633,0,0,0,0,-18.0438416716902,-14.2889970221093,-3.83778763009856e-05,0.0001408496250562,-5.0760143939989,0.0035251299657652,0.999961838033,0.0048731443418466025,5761.358761430431,5761.3538882860885,127.69148857214098,211.72585212256695
133,5.32,211.72603119041,10.8505364890123,-221.820978483886,-13.8853994426466,436.58187262793,0,0,0,0,-18.0441651870406,-14.2537186299069,-3.83778736591075e-05,0.0001408496261344,-5.07912734934355,0.0035176285773914,0.999961814779,0.00487619122419915,5761.358760970286,5761.353884779062,127.69351330359339,211.7258519936861
134,5.36,211.726031173168,10.8507835460204,-221.786311982262,-13.8856209522342,436.547180561644,0,0,0,0,-18.0444538162497,-14.2191192984469,-3.83778708501993e-05,0.0001408496270279,-5.08192003749346,0.0035102579718447,0.999961791524,0.004879200203596747,5761.358760501107,5761.353881300904,127.69454025836345,211.72585186586613
135,5.4,211.726031155666,10.8509900492019,-221.75233757087,-13.885816468578,436.513195145913,0,0,0,0,-18.0447085755566,-14.1852041797243,-3.83778678709449e-05,0.0001408496277351,-5.08439156130517,0.0035030101628838,0.999961768268,0.004882172933975635,5761.358760024854,5761.35387785192,127.69461451671671,211.7258517391183
136,5.44,211.726031137972,10.8511575315213,-221.719059930256,-13.8859867993,436.479920336006,0,0,0,0,-18.0449305171338,-14.1519781988138,-3.8377864718616e-05,0.0001408496282553,-5.08654110049864,0.0034958773241023,0.999961745013,0.004885110805174403,5761.3587595433755,5761.353874432571,127.69378082176166,211.72585161345955
137,5.48,211.726031120143,10.8512875098389,-221.686483512438,-13.8861327745192,436.447359897262,0,0,0,0,-18.0451207225125,-14.1194460591344,-3.83778613911893e-05,0.0001408496285886,-5.08836790838308,0.0034888518346717,0.999961721757,0.004888015701444956,5761.358759058224,5761.353871042523,127.6920833800481,211.7258514888776
138,5.52,211.726031102232,10.8513814783081,-221.654612547919,-13.8862552419784,436.415517413822,0,0,0,0,-18.0452802962299,-14.0876122479728,-3.83778578876253e-05,0.0001408496287357,-5.08987130865645,0.0034819263207365,0.999961698502,0.004890888972959936,5761.358758570841,5761.353867681868,127.689565681912,211.7258513653758
139,5.56,211.726031084285,10.8514409023725,-221.623451052842,-13.8863550623694,436.384396297124,0,0,0,0,-18.0454103597355,-14.0564810422295,-3.83778542076688e-05,0.0001408496286984,-5.09105069229116,0.0034750936923569,0.999961675245,0.004893732578527724,5761.358758082478,5761.3538643499,127.68627033434329,211.7258512429282
140,5.6,211.72603106634,10.8514672133706,-221.593002836272,-13.8864331048788,436.353999794121,0,0,0,0,-18.0455120455849,-14.0260565143433,-3.83778503513719e-05,0.000140849628479,-5.09190551451659,0.0034683471759383,0.999961651989,0.004896547675267304,5761.358757594169,5761.353861046494,127.68223891463842,211.7258511215303
141,5.64,211.726031048432,10.8514618037472,-221.563271507543,-13.8864902429756,436.324330995204,0,0,0,0,-18.0455864919475,-13.9963425383549,-3.83778463203657e-05,0.0001408496280802,-5.09243529190754,0.0034616803421284,0.999961628732,0.004899336018047876,5761.358757106867,5761.35385777085,127.67751183811423,211.7258510011526
142,5.68,211.726031030589,10.8514260228667,-221.534260483627,-13.8865273504542,436.295392841804,0,0,0,0,-18.0456348374487,-13.9673427960805,-3.83778421161865e-05,0.0001408496275058,-5.09263959958575,0.0034550871292158,0.999961605475,0.00490209893336406,5761.3587566213355,5761.353854522402,127.67212824239695,211.72585088177433
143,5.72,211.726031012835,10.8513611734184,-221.505972996493,-13.886545297746,436.267188133656,0,0,0,0,-18.0456582163597,-13.9390607833463,-3.83778377421987e-05,0.0001408496267595,-5.09251806854028,0.003448561862098,0.999961582217,0.004904837953873475,5761.358756138225,5761.35385130027,127.66612588964333,211.72585076336318
144,5.76,211.726030995189,10.8512685083971,-221.478412100427,-13.8865449485068,436.239719535725,0,0,0,0,-18.0456577541492,-13.911499816269,-3.83778332019001e-05,0.0001408496258465,-5.09207038307081,0.003442099266926,0.999961558959,0.004907554304281236,5761.358755658052,5761.3538481037485,127.6595410821551,211.72585064589316
145,5.8,211.726030977664,10.851149228639,-221.451580679258,-13.8865271564846,436.212989584767,0,0,0,0,-18.0456345633988,-13.8846630375341,-3.83778285004225e-05,0.0001408496247715,-5.09129627835665,0.0034356944815673,0.9999615357,0.0049102494092852595,5761.358755181173,5761.353844931764,127.65240859656366,211.72585052932487
146,5.84,211.726030960273,10.8510044808904,-221.425481453484,-13.8864927626707,436.187000695538,0,0,0,0,-18.0455897400873,-13.8585534226521,-3.83778236432152e-05,0.0001408496235404,-5.09019553815297,0.0034293430620702,0.999961512441,0.004912924380703232,5761.35875470794,5761.353841783559,127.64476162883174,211.72585041363047
147,5.88,211.726030943023,10.8508353563804,-221.400116987266,-13.8864425927305,436.161755166639,0,0,0,0,-18.0455243602414,-13.8331737861689,-3.83778186374882e-05,0.0001408496221595,-5.08876799261434,0.0034230409853269,0.99996148918,0.004915580653988813,5761.358754238543,5761.353838657889,127.63663175579315,211.72585029876424
148,5.92,211.726030925918,10.8506428898697,-221.375489695254,-13.8863774547124,436.137255186014,0,0,0,0,-18.0454394769465,-13.8085267878021,-3.83778134910498e-05,0.0001408496206353,-5.08701351624505,0.0034167846481609,0.999961465919,0.004918219093615252,5761.358753773092,5761.353835553999,127.62804890992432,211.72585018469837
149,5.96,211.72603090896,10.8504280591433,-221.351601849244,-13.8862981370264,436.113502836086,0,0,0,0,-18.0453361177109,-13.7846149384737,-3.83778082128857e-05,0.0001408496189753,-5.08493202597422,0.0034105708630912,0.999961442657,0.0049208408857274125,5761.3587533116415,5761.353832470756,127.61904136348551,211.72585007139128
150,6.0,211.726030892146,10.8501917849141,-221.328455584636,-13.8862054066862,436.090500098555,0,0,0,0,-18.0452152821722,-13.7614406062377,-3.83778028127958e-05,0.000140849617187,-5.08252347935338,0.0034043968510422,0.999961419394,0.0049234470273771,5761.358752854109,5761.353829407082,127.60963572739885,211.72584995880334
151,6.04,211.726030875476,10.849934931104,-221.306052906685,-13.8861000078036,436.068248858861,0,0,0,0,-18.0450779401334,-13.7390060220692,-3.83777973015936e-05,0.0001408496152785,-5.07978787287317,0.0033982602312693,0.999961396131,0.004926038326598256,5761.358752400495,5761.353826362169,127.59985695886745,211.72584984690482
152,6.08,211.726030858941,10.8496583054679,-221.284395696528,-13.8859826603243,436.046750910325,0,0,0,0,-18.0449250299133,-13.717313285509,-3.83777916909448e-05,0.0001408496132581,-5.07672524039532,0.0033921590087889,0.999961372866,0.004928615913383653,5761.358751950555,5761.353823334642,127.58972837773543,211.72584973564528
153,6.12,211.726030842535,10.8493626605271,-221.263485716978,-13.8858540589935,436.026007957979,0,0,0,0,-18.0447574569963,-13.6963643701411,-3.83777859934273e-05,0.0001408496111343,-5.07333565169566,0.0033860915596074,0.999961349599,0.004931180602313219,5761.358751504125,5761.353820323523,127.57927169243194,211.7258496249887
154,6.16,211.726030826249,10.8490486947769,-221.243324618088,-13.8857148725373,436.006021622097,0,0,0,0,-18.0445760929644,-13.6761611289042,-3.83777802221773e-05,0.0001408496089158,-5.06961921111356,0.0033800566140412,0.999961326332,0.004933732893882241,5761.3587510609605,5761.353817328067,127.56850703507257,211.7258495149077
155,6.2,211.726030810074,10.8487170541373,-221.223913942466,-13.885565743047,435.986793441449,0,0,0,0,-18.0443817746926,-13.6567052992191,-3.83777743910051e-05,0.0001408496066119,-5.06557605630257,0.0033740532384132,0.999961303063,0.0049362737412147134,5761.358750620817,5761.353814347076,127.55745299797213,211.72584940535833
156,6.24,211.726030793996,10.8483683336141,-221.205255130345,-13.885407285552,435.968324876279,0,0,0,0,-18.0441753037914,-13.6379985079316,-3.83777685141542e-05,0.0001408496042313,-5.06120635707749,0.003368080815413,0.999961279793,0.0049388036587260375,5761.358750183312,5761.353811379653,127.54612668324441,211.72584929630753
157,6.28,211.726030778003,10.8480030791385,-221.187349524406,-13.8852400877674,435.950617311038,0,0,0,0,-18.043957446276,-13.6200422760501,-3.83777626065631e-05,0.0001408496017833,-5.0565103143522,0.0033621390233997,0.999961256522,0.004941323234088394,5761.35874974812,5761.353808424887,127.53454375045438,211.72584918772188
158,6.32,211.726030762083,10.8476217895596,-221.170198374353,-13.8850647100022,435.933672056879,0,0,0,0,-18.043728932446,-13.6028380232974,-3.83777566836501e-05,0.0001408495992768,-5.05148815916317,0.0033562278149098,0.999961233248,0.004943833257757494,5761.358749314915,5761.353805481657,127.52271847281624,211.7258490795602
159,6.36,211.726030746221,10.8472249187583,-221.153802841246,-13.8848816852145,435.917490353923,0,0,0,0,-18.0434904569561,-13.5863870724574,-3.83777507606797e-05,0.0001408495967208,-5.04614015177328,0.003350347394618,0.999961209974,0.0049463338323813355,5761.358748883288,5761.353802549455,127.51066379686056,211.72584897180377
160,6.4,211.726030730402,10.8468128778607,-221.138164001583,-13.8846915191999,435.902073373325,0,0,0,0,-18.043242679061,-13.5706906535146,-3.8377744853397e-05,0.0001408495941241,-5.04046658085054,0.0033444981969915,0.999961186697,0.004948825777703379,5761.358748452831,5761.353799627053,127.49839140007812,211.72584886440745
161,6.44,211.726030714613,10.8463860375251,-221.123282851158,-13.8844946909009,435.887422219147,0,0,0,0,-18.0429862230172,-13.5557499076011,-3.83777389779379e-05,0.0001408495914957,-5.03446776271675,0.0033386808638606,0.999961163419,0.00495130923027865,5761.35874802319,5761.35379671396,127.48591175817175,211.72584875735325
162,6.48,211.726030698836,10.8459447302821,-221.10916030867,-13.8842916528233,435.873537930048,0,0,0,0,-18.0427216786262,-13.5415658907364,-3.83777331506078e-05,0.0001408495888444,-5.02814404066089,0.0033328962220963,0.999961140139,0.004953784665848051,5761.358747593877,5761.35379380921,127.4732342058038,211.72584865060568
163,6.52,211.726030683059,10.8454892529075,-221.095797219113,-13.8840828315496,435.860421480814,0,0,0,0,-18.0424496019021,-13.5281395773688,-3.8377727387274e-05,0.0001408495861784,-5.02149578431251,0.0033271452615883,0.999961116856,0.0049562525192318714,5761.358747164562,5761.353790912043,127.4603670050047,211.72584854413674
164,6.56,211.726030667264,10.8450198688104,-221.083194356945,-13.8838686283369,435.848073783735,0,0,0,0,-18.0421705158507,-13.5154718637276,-3.83777217047246e-05,0.0001408495835061,-5.0145233890703,0.0033214291136862,0.999961093572,0.004958712804395815,5761.358746734759,5761.353788021955,127.44731740977173,211.72584843792794
165,6.6,211.726030651437,10.84453681042,-221.07135242904,-13.8836494197884,435.836495689845,0,0,0,0,-18.0418849113448,-13.503563570976,-3.83777161189485e-05,0.0001408495808359,-5.00722727558164,0.00331574903025,0.999961070286,0.004961165881753692,5761.358746304083,5761.353785138202,127.43409173224185,211.72584833195197
166,6.64,211.726030635563,10.844040281558,-221.060272077436,-13.8834255585902,435.825687990031,0,0,0,0,-18.0415932480837,-13.492415448185,-3.83777106457475e-05,0.0001408495781757,-4.99960788926855,0.0033101063634396,0.999961046997,0.0049636120780969795,5761.35874587213,5761.353782260052,127.42069540810681,211.72584822618194
167,6.68,211.726030619628,10.8435304597826,-221.049953881882,-13.8831973743021,435.815651416029,0,0,0,0,-18.0412959556241,-13.4820281751186,-3.83777053009939e-05,0.0001408495755337,-4.99166569989636,0.0033045025463529,0.999961023707,0.00496605130679464,5761.358745438517,5761.35377938721,127.40713306230043,211.72584812060694
168,6.72,211.726030603616,10.8430074986946,-221.040398362202,-13.8829651741951,435.806386641319,0,0,0,0,-18.0409934344709,-13.4724023648531,-3.83777001006e-05,0.0001408495729178,-4.98340120118115,0.0032989390746041,0.999961000414,0.004968483962229423,5761.358745002808,5761.353776518846,127.39340857150658,211.72584801519648
169,6.76,211.726030587515,10.8424715301946,-221.031605980469,-13.8827292441264,435.797894281916,0,0,0,0,-18.0406860572183,-13.4635385662115,-3.83776950595626e-05,0.0001408495703352,-4.97481491043242,0.0032934174889215,0.999960977118,0.004970910157514423,5761.358744564677,5761.3537736545195,127.37952512777986,211.72584790993443
170,6.8,211.726030571311,10.8419226666851,-221.02357714301,-13.8824898494455,435.790174897082,0,0,0,0,-18.0403741697304,-13.4554372660521,-3.8377690192615e-05,0.0001408495677936,-4.96590736822785,0.0032879393588265,0.99996095382,0.004973329854291141,5761.358744123744,5761.353770793889,127.365485298825,211.7258478048082
171,6.84,211.72603055499,10.8413610032092,-221.016312202251,-13.8822472359231,435.783228989955,0,0,0,0,-18.0400580923515,-13.4480988913869,-3.83776855141056e-05,0.0001408495653001,-4.95667913811693,0.0032825062674441,0.999960930519,0.0049757432471694415,5761.358743679627,5761.35376793638,127.35129108747752,211.72584769979667
172,6.88,211.72603053854,10.8407866195204,-221.0098114584,-13.8820016306969,435.777057008116,0,0,0,0,-18.0397381211396,-13.4415238113562,-3.83776810373284e-05,0.000140849562862,-4.94713080635068,0.0032771197974823,0.999960907216,0.004978150256376274,5761.358743232,5761.353765081743,127.33694398989921,211.72584759489072
173,6.92,211.72603052195,10.8401995820796,-221.004075160988,-13.881753243228,435.771659344086,0,0,0,0,-18.0394145291123,-13.43571233906,-3.83776767751998e-05,0.0001408495604857,-4.93726298163496,0.0032717815184064,0.99996088391,0.004980551039263831,5761.358742780563,5761.353762229524,127.32244504976144,211.72584749007362
174,6.96,211.726030505206,10.8395999459749,-220.999103510276,-13.8815022662614,435.767036335769,0,0,0,0,-18.0390875674989,-13.430664733253,-3.83776727399208e-05,0.0001408495581778,-4.92707629490466,0.0032664929748217,0.999960860601,0.004982945610368476,5761.358742324936,5761.353759379326,127.30779491195959,211.72584738533075
175,7.0,211.7260304883,10.8389877567603,-220.994896658522,-13.8812488767859,435.763188266848,0,0,0,0,-18.0387574669916,-13.426381199906,-3.83776689429502e-05,0.0001408495559445,-4.91657139911696,0.0032612556760768,0.999960837289,0.0049853339706472915,5761.3587418649,5761.35375653093,127.29299387500153,211.7258472806541
176,7.04,211.72603047122,10.8383630522125,-220.991454711142,-13.8809932369869,435.760115367137,0,0,0,0,-18.0384244389875,-13.4228618936548,-3.83776653946236e-05,0.0001408495537914,-4.90574896906126,0.003256071087085,0.999960813974,0.004987716109370723,5761.3587414001295,5761.35375368402,127.27804193780959,211.72584717603212
177,7.08,211.726030453956,10.8377258640029,-220.988777727747,-13.8807354951881,435.757817812888,0,0,0,0,-18.0380886768156,-13.4201069191239,-3.83776621049078e-05,0.0001408495517243,-4.89460970118419,0.0032509406203611,0.999960790656,0.004990092005986793,5761.358740930353,5761.353750838347,127.26293884815473,211.72584707145555
178,7.12,211.726030436499,10.8370762192827,-220.986865723082,-13.8804757867759,435.756295727074,0,0,0,0,-18.0377503569423,-13.4181163321455,-3.83776590822647e-05,0.0001408495497481,-4.88315431342798,0.0032458656292633,0.999960767335,0.004992461631715159,5761.358740455323,5761.353747993691,127.24768414619335,211.72584696691638
179,7.16,211.72603041884,10.8364141421809,-220.98571866787,-13.8802142351025,435.755549179632,0,0,0,0,-18.037409640148,-13.4168901408759,-3.83776563345386e-05,0.0001408495478676,-4.87138354508049,0.0032408474024264,0.999960744011,0.004994824951252715,5761.358739974797,5761.353745149845,127.23227720637097,211.72584686240697
180,7.2,211.726030400971,10.8357396552141,-220.985336489564,-13.8799509523625,435.755578187683,0,0,0,0,-18.0370666726697,-13.4164283068158,-3.83776538691138e-05,0.0001408495460874,-4.85929815663585,0.0032358871593648,0.999960720684,0.004997181924279254,5761.358739488557,5761.353742306633,127.21671727660521,211.72584675792083
181,7.24,211.726030382884,10.8350527806057,-220.985719073017,-13.8796860404383,435.756382715734,0,0,0,0,-18.036721587303,-13.4167307457389,-3.83776516921275e-05,0.0001408495444114,-4.84689892966409,0.0032309860472251,0.999960697353,0.00499953263411489,5761.358738996385,5761.353739463751,127.20100351625302,211.72584665344684
182,7.28,211.726030364571,10.8343535415166,-220.986866261088,-13.8794195917095,435.757962675851,0,0,0,0,-18.0363745044573,-13.417797328536,-3.83776498088801e-05,0.0001408495428433,-4.83418666668901,0.003226145138666,0.999960674019,0.005001876907384671,5761.358738498062,5761.353736621155,127.18513502996107,211.72584654898338
183,7.32,211.726030346025,10.8336419631833,-220.98877785516,-13.8791516898222,435.760317927824,0,0,0,0,-18.0360255331578,-13.4196278819763,-3.83776482234088e-05,0.0001408495413863,-4.82116219107304,0.0032213654308369,0.999960650681,0.005004214824193978,5761.3587379934,5761.353733778576,127.16911090008132,211.72584644452053
184,7.36,211.72603032724,10.8329180739654,-220.99145361562,-13.8788824104133,435.763448279307,0,0,0,0,-18.0356747719903,-13.4222221893955,-3.8377646939155e-05,0.0001408495400438,-4.80782634690839,0.0032166478454239,0.999960627339,0.005006546337593626,5761.358737482235,5761.353730935897,127.15293021589562,211.725846340054
185,7.4,211.726030308209,10.8321819062995,-220.994893262262,-13.8786118217856,435.767353485957,0,0,0,0,-18.0353223099801,-13.4255799913185,-3.8377645958446e-05,0.0001408495388184,-4.79417999891359,0.0032119932297324,0.999960603994,0.005008871274800488,5761.358736964375,5761.3537280931,127.13659210218651,211.72584623558313
186,7.44,211.726030288926,10.8314334975597,-220.999096474654,-13.8783399855292,435.77203325155,0,0,0,0,-18.0349682274032,-13.4297009859984,-3.83776452830727e-05,0.000140849537713,-4.78022403233478,0.0032074023587684,0.999960580645,0.00501118971953784,5761.358736439657,5761.353725249937,127.12009574171226,211.72584613109885
187,7.48,211.726030269387,10.8306728908233,-221.004062892447,-13.8780669570859,435.777487228096,0,0,0,0,-18.0346125965203,-13.4345848299113,-3.83776449136727e-05,0.0001408495367291,-4.76595935285127,0.0032028759382812,0.999960557293,0.005013501504409285,5761.358735907974,5761.353722406469,127.10344039884448,211.7258460266033
188,7.52,211.726030249585,10.8299001355401,-221.009792115647,-13.877792786251,435.783715015943,0,0,0,0,-18.034255482232,-13.440231138171,-3.83776448500361e-05,0.0001408495358686,-4.75138688648467,0.0031984146087241,0.999960533936,0.0050158068472175455,5761.358735369134,5761.353719562287,127.08662543770733,211.72584592208153
189,7.56,211.726030229516,10.8291152881032,-221.016283704849,-13.877517517611,435.790716163872,0,0,0,0,-18.0338969426487,-13.4466394848983,-3.83776450900728e-05,0.0001408495351327,-4.73650757951149,0.0031940189500862,0.999960510576,0.005018105461911249,5761.3587348230285,5761.353716717566,127.06965034020998,211.72584581753998
190,7.6,211.726030209175,10.8283184123219,-221.023537181423,-13.8772411909121,435.798490169188,0,0,0,0,-18.0335370295702,-13.453809403521,-3.83776456318182e-05,0.0001408495345229,-4.72132239837854,0.0031896894875429,0.999960487211,0.005020397575934947,5761.358734269522,5761.353713871946,127.05251471917906,211.72584571296537
191,7.64,211.726030188558,10.8275095797914,-221.03155202768,-13.8769638413566,435.807036477803,0,0,0,0,-18.0331757888733,-13.4617403870267,-3.83776464724961e-05,0.00014084953404,-4.70583232962126,0.0031854266978672,0.999960463843,0.00502268291399706,5761.3587337085055,5761.353711025591,127.03521832971529,211.72584560836376
192,7.68,211.72603016766,10.8266888701612,-221.040327686989,-13.8766854998256,435.816354484314,0,0,0,0,-18.0328132608006,-13.4704318881494,-3.83776476083465e-05,0.0001408495336843,-4.69003837978449,0.0031812310165414,0.99996044047,0.005024961715021959,5761.358733139841,5761.353708178126,127.0177610779726,211.72584550372133
193,7.72,211.726030146479,10.8258563712969,-221.049863563867,-13.8764061930245,435.826443532074,0,0,0,0,-18.0324494801505,-13.4798833195012,-3.83776490350684e-05,0.0001408495334557,-4.67394157534592,0.0031771028455,0.999960417093,0.00502723384294284,5761.358732563476,5761.353705329633,127.0001430266732,211.72584539904116
194,7.76,211.72603012501,10.8250121793365,-221.060159024035,-13.8761259435494,435.837302913258,0,0,0,0,-18.0320844763638,-13.4900940536524,-3.83776507474161e-05,0.0001408495333539,-4.65754296264206,0.0031730425614305,0.999960393712,0.005029499295043632,5761.358731979276,5761.353702479981,126.9823643973205,211.72584529431836
195,7.8,211.726030103251,10.8241563986366,-221.071213394431,-13.8758447698747,435.84893186892,0,0,0,0,-18.031718273507,-13.5010634231354,-3.83776527390239e-05,0.0001408495333784,-4.64084360779708,0.0031690505245541,0.999960370326,0.005031758201875403,5761.358731387183,5761.353699628981,126.96442557019913,211.72584518954605
196,7.84,211.726030081198,10.8232891416096,-221.083025963196,-13.8755626862594,435.861329589044,0,0,0,0,-18.0313508901502,-13.5127907204047,-3.8377655003933e-05,0.0001408495335286,-4.62384459665455,0.0031651270877992,0.999960346936,0.005034010446287307,5761.35873078709,5761.353696776644,126.9463270820348,211.7258450847246
197,7.88,211.726030058848,10.8224105284482,-221.095595979605,-13.8752797025723,435.874495212578,0,0,0,0,-18.0309823391393,-13.5252751977156,-3.83776575344054e-05,0.0001408495338034,-4.60654703471269,0.0031612726062758,0.999960323542,0.005036256044015734,5761.358730178916,5761.353693922872,126.92806961799441,211.7258449798504
198,7.92,211.7260300362,10.8215206867374,-221.108922653965,-13.8749958240385,435.888427827466,0,0,0,0,-18.0306126272649,-13.5385160669434,-3.8377660323325e-05,0.0001408495342009,-4.5889520470634,0.0031574874469547,0.999960300143,0.005038495143378318,5761.358729562632,5761.353691067488,126.90965400297894,211.725844874917
199,7.96,211.726030013251,10.8206197509536,-221.123005157453,-13.8747110509053,435.903126470655,0,0,0,0,-18.0302417548275,-13.5525124993224,-3.83776633623234e-05,0.0001408495347192,-4.57106077833595,0.0031537719984484,0.999960276739,0.005040727770833298,5761.3587289381585,5761.353688210388,126.89108119017675,211.7258447699205
200,8.0,211.726029989999,10.8197078618501,-221.137842621912,-13.874425378033,435.918590128094,0,0,0,0,-18.0298697151032,-13.5672636251143,-3.83776666420689e-05,0.000140849535356,-4.552874392646,0.0031501266807886,0.999960253331,0.005042953830482251,5761.358728305439,5761.353685351609,126.8723522433768,211.7258446648623
201,8.04,211.726029966442,10.8187851657299,-221.153434139577,-13.8741387944103,435.934817734699,0,0,0,0,-18.0294964937129,-13.5827685331876,-3.83776701531358e-05,0.0001408495361089,-4.53439407355101,0.0031465519550912,0.999960229918,0.005045173484049736,5761.358727664421,5761.353682490937,126.85346832053396,211.72584455973455
202,8.08,211.72602994258,10.8178518136081,-221.169778762733,-13.8738512826004,435.951808174305,0,0,0,0,-18.0291220678999,-13.5990262705121,-3.83776738857626e-05,0.0001408495369756,-4.51562102401302,0.0031430483329943,0.9999602065,0.005047386769281686,5761.358727015102,5761.353679628332,126.83443065047669,211.72584445453577
203,8.12,211.726029918411,10.816907960264,-221.18687550331,-13.87356281812,435.969560279577,0,0,0,0,-18.0287464057205,-13.6160358415588,-3.837767783054e-05,0.0001408495379534,-4.49655646637021,0.0031396163857565,0.999960183077,0.00504959372584501,5761.358726357431,5761.353676763705,126.815240508563,211.72584434926264
204,8.16,211.726029893934,10.8159537631885,-221.204723332387,-13.8732733687579,435.98807283189,0,0,0,0,-18.0283694651559,-13.6337962076027,-3.83776819772176e-05,0.0001408495390388,-4.47720164231863,0.0031362567528996,0.999960159649,0.0050517943943443324,5761.358725691377,5761.353673896982,126.7958991897421,211.72584424391255
205,8.2,211.726029869148,10.814989381429,-221.223321179614,-13.8729828938376,436.00734456117,0,0,0,0,-18.0279911931521,-13.6523062859167,-3.83776863154136e-05,0.0001408495402282,-4.45755781290592,0.0031329701502823,0.999960136217,0.005053988688241903,5761.358725016916,5761.353671028228,126.77640797738952,211.72584413848776
206,8.24,211.726029844053,10.814014974338,-221.242667932528,-13.872691343432,436.027374145675,0,0,0,0,-18.0276115245953,-13.6715649488556,-3.83776908345284e-05,0.000140849541518,-4.43762625853857,0.0031297573774903,0.999960112779,0.005056176899702178,5761.358724334046,5761.353668157147,126.7567681101475,211.72584403297748
207,8.28,211.726029818649,10.8130307002309,-221.262762435782,-13.8723986575353,436.048160211736,0,0,0,0,-18.0272303812345,-13.6915710228269,-3.83776955237167e-05,0.0001408495429049,-4.417408279005,0.0031266193244362,0.999960089336,0.005058358937476722,5761.358723642768,5761.353665283831,126.73698074812867,211.72584392738506
208,8.32,211.726029792936,10.812036714961,-221.28360349024,-13.8721047652025,436.069701333418,0,0,0,0,-18.0268476705591,-13.7123232871318,-3.83777003723741e-05,0.0001408495443851,-4.39690519351635,0.0031235569770641,0.999960065888,0.005060534832481737,5761.358722943082,5761.35366240825,126.71704693268185,211.7258438217094
209,8.36,211.726029766914,10.8110331704187,-221.305189851968,-13.8718095836622,436.091996032126,0,0,0,0,-18.0264632846444,-13.733820472685,-3.83777053700768e-05,0.0001408495459546,-4.37611834076746,0.0031205714220643,0.999960042435,0.0050627046094420996,5761.358722234987,5761.353659530378,126.69696754788026,211.72584371594954
210,8.4,211.726029740583,10.8100202129664,-221.32752023109,-13.8715130174142,436.115042776121,0,0,0,0,-18.0260770989753,-13.7560612605938,-3.83777105061405e-05,0.0001408495476088,-4.35504907902032,0.0031176638505078,0.999960018977,0.005064868285219289,5761.358721518483,5761.353656650198,126.67674327916185,211.7258436101049
211,8.44,211.726029713943,10.8089979818183,-221.350593290508,-13.8712149573191,436.138839979951,0,0,0,0,-18.0256889712612,-13.7790442806117,-3.83777157696462e-05,0.0001408495493433,-4.33369878621279,0.0031148355603212,0.999959995514,0.005067025867002869,5761.3587207935725,5761.3536537677055,126.65637456870442,211.72584350417526
212,8.48,211.726029686994,10.8079666073769,-221.374407644479,-13.8709152796911,436.163386003787,0,0,0,0,-18.0252987402546,-13.8027681094333,-3.83777211495731e-05,0.0001408495511538,-4.31206886009496,0.0031120879575299,0.999959972045,0.005069177477234984,5761.358720060253,5761.3536508827765,126.63586157285104,211.72584339815606
213,8.52,211.726029659736,10.8069262095394,-221.398961857049,-13.8706138454031,436.188679152649,0,0,0,0,-18.0249062245862,-13.8272312688631,-3.83777266351042e-05,0.0001408495530358,-4.29016071839619,0.0031094225562135,0.999959948571,0.0050713229716903615,5761.358719318526,5761.353647995554,126.61520411568826,211.7258432920526
214,8.56,211.72602963217,10.8058768959881,-221.424254440324,-13.8703104990153,436.214717675522,0,0,0,0,-18.0245112216306,-13.852432223821,-3.83777322161358e-05,0.0001408495549855,-4.26797579902532,0.0031068409771249,0.999959925091,0.005073462444307824,5761.358718568416,5761.353645105972,126.59440164309831,211.7258431858624
215,8.6,211.726029604296,10.8048187604779,-221.450283852592,-13.8700050679366,436.241499764347,0,0,0,0,-18.0241135064148,-13.8783693802101,-3.83777378825173e-05,0.0001408495569983,-4.24551556030713,0.003104344944946,0.999959901606,0.005075595718722144,5761.358717809926,5761.353642214207,126.57345317836881,211.725843079592
216,8.64,211.726029576113,10.8037518811385,-221.477048496272,-13.8696973616296,436.269023552876,0,0,0,0,-18.0237128305843,-13.9050410826319,-3.83777436244353e-05,0.0001408495590694,-4.22278148125767,0.0031019362841616,0.999959878115,0.005077722852876951,5761.358717043027,5761.353639320175,126.5523572748845,211.7258429732383
217,8.68,211.726029547622,10.8026763188056,-221.504546715706,-13.8693871708696,436.297287115391,0,0,0,0,-18.0233089214394,-13.9324456119512,-3.83777494319204e-05,0.0001408495611944,-4.19977506190148,0.0030996169135521,0.999959854619,0.005079843630764707,5761.358716267748,5761.353636424117,126.53111197309742,211.72584286681013
218,8.72,211.72602951882,10.8015921153998,-221.532776794782,-13.8690742670674,436.326288465269,0,0,0,0,-18.0229014810548,-13.9605811827184,-3.83777552952798e-05,0.0001408495633693,-4.17649782363326,0.0030973888393177,0.999959831117,0.00508195806697934,5761.358715484006,5761.353633525939,126.50971475621184,211.72584276030403
219,8.76,211.726029489707,10.8004992923681,-221.561736954394,-13.868758401666,436.356025553399,0,0,0,0,-18.022490185496,-13.989445940446,-3.83777612048414e-05,0.00014084956559,-4.15295130962661,0.0030952541468651,0.99995980761,0.005084065898681351,5761.358714691801,5761.353630625902,126.48816250851485,211.72584265372964
220,8.8,211.726029460281,10.7993978492083,-221.591425349731,-13.86843930562,436.386496266424,0,0,0,0,-18.0220746841432,-14.0190379587456,-3.83777671517379e-05,0.0001408495678525,-4.1291370852923,0.0030932149912989,0.999959784097,0.005086167090109007,5761.358713891079,5761.353627723989,126.46645147595933,211.7258425470863
221,8.84,211.72602943054,10.798287762091,-221.62184006741,-13.8681166889671,436.417698424826,0,0,0,0,-18.0216545991366,-14.0493552363327,-3.83777731268315e-05,0.0001408495701522,-4.1050567387883,0.0030912735866805,0.999959760578,0.005088261451456254,5761.358713081784,5761.353624820333,126.4445772295378,211.7258424403789
222,8.88,211.726029400481,10.7971689825993,-221.65297912245,-13.8677902405,436.449629780832,0,0,0,0,-18.0212295249509,-14.0803956939042,-3.83777791215606e-05,0.000140849572484,-4.08071188158376,0.0030894321941267,0.999959737053,0.00509034876391176,5761.358712263837,5761.353621915074,126.4225346314152,211.7258423336126
223,8.92,211.726029370102,10.7960414366019,-221.684840455093,-13.8674596275461,436.48228801614,0,0,0,0,-18.0207990281126,-14.112157170898,-3.83777851267954e-05,0.0001408495748433,-4.05610414907844,0.0030876931088403,0.999959713523,0.005092428652032147,5761.358711437182,5761.35361900853,126.4003178043076,211.72584222679907
224,8.96,211.726029339398,10.7949050232772,-221.717421927489,-13.8671244958628,436.515670739472,0,0,0,0,-18.0203626470656,-14.1446374221423,-3.83777911345542e-05,0.0001408495772253,-4.03123520127917,0.0030860586461708,0.999959689987,0.005094500961796795,5761.358710601684,5761.353616100722,126.37792010634178,211.72584211993913
225,9.0,211.726029308364,10.7937596143033,-221.750721320233,-13.8667844696527,436.549775483946,0,0,0,0,-18.019919892196,-14.1778341144131,-3.83777971364996e-05,0.0001408495796253,-4.00610672353428,0.0030845311268193,0.999959666445,0.0050965653804219925,5761.358709757205,5761.353613191825,126.35533410885003,211.72584201303914
226,9.04,211.726029276996,10.7926050532301,-221.784736328789,-13.8664391517066,436.584599704261,0,0,0,0,-18.0194702460212,-14.2117448228942,-3.83778031254871e-05,0.0001408495820389,-3.98072042732658,0.0030831128613102,0.999959642897,0.005098621561968588,5761.358708903639,5761.353610282077,126.33255158018981,211.72584190610786
227,9.08,211.726029245286,10.7914411550468,-221.819464559801,-13.8660881236767,436.620140773717,0,0,0,0,-18.0190131635499,-14.2463670275807,-3.83778090942294e-05,0.000140849584462,-3.95507805112505,0.0030818061338599,0.999959619343,0.005100669126863587,5761.358708040767,5761.3536073716405,126.30956347485966,211.72584179915128
228,9.12,211.726029213227,10.7902677059574,-221.854903527301,-13.8657309464834,436.656395981054,0,0,0,0,-18.0185480728163,-14.2816981096104,-3.83778150363693e-05,0.00014084958689,-3.92918136129487,0.0030806131857804,0.999959595784,0.005102707535251225,5761.358707168397,5761.353604460862,126.28635992709508,211.72584169218214
229,9.16,211.726029180812,10.789084463375,-221.891050648835,-13.8653671608602,436.693362527133,0,0,0,0,-18.0180743755936,-14.317735347564,-3.83778209454069e-05,0.0001408495893195,-3.90303215306494,0.003079536198562,0.999959572218,0.005104736592028772,5761.358706286339,5761.353601549747,126.26293025063566,211.72584158520064
230,9.2,211.726029148032,10.7878911561441,-221.927903241526,-13.8649962880354,436.731037521449,0,0,0,0,-18.0175914482862,-14.3544759137334,-3.83778268152113e-05,0.000140849591747,-3.87663225155128,0.0030785772767802,0.999959548647,0.0051067555631450256,5761.35870539435,5761.353598638787,126.23926294804431,211.72584147822485
231,9.24,211.726029114876,10.7866874849974,-221.965458518083,-13.8646178305523,436.769417978514,0,0,0,0,-18.0170986430025,-14.3919168703841,-3.83778326401367e-05,0.0001408495941697,-3.84998351283431,0.0030777384309755,0.99995952507,0.005108764059832423,5761.35870449213,5761.35359572807,126.21534572043544,211.72584137125796
232,9.28,211.726029081335,10.7854731232532,-222.003713582779,-13.8642312732279,436.808500814089,0,0,0,0,-18.0165952888073,-14.4300551660319,-3.83778384147958e-05,0.0001408495965855,-3.82308782508727,0.0030770215606513,0.999959501486,0.005110761660456493,5761.358703579433,5761.353592817773,126.19116548826166,211.7258412643065
233,9.32,211.726029047396,10.7842477177554,-222.04266542742,-13.8638360842468,436.848282841308,0,0,0,0,-18.0160806931509,-14.46888763174,-3.83778441345378e-05,0.0001408495989919,-3.79594710975259,0.0030764284375371,0.999959477897,0.005112747532979904,5761.358702655905,5761.353589908373,126.16670841835847,211.72584115738803
234,9.36,211.726029013047,10.7830108900566,-222.08231092732,-13.8634317163883,436.888760766699,0,0,0,0,-18.0155541434713,-14.5084109774732,-3.83778497946075e-05,0.0001408496013868,-3.76856332276206,0.0030759606892557,0.999959454302,0.00511472119341158,5761.358701721221,5761.353587000028,126.14195995502315,211.72584105050834
235,9.4,211.726028978275,10.7817622378431,-222.122646837304,-13.863017608383,436.929931186119,0,0,0,0,-18.0150149089646,-14.5486217885146,-3.83778553904033e-05,0.0001408496037678,-3.74093845579665,0.0030756197835303,0.999959430701,0.0051166820024627635,5761.358700775027,5761.353584093024,126.11690486106306,211.72584094367792
236,9.44,211.726028943066,10.7805013365971,-222.163669787762,-13.8625931863944,436.971790580625,0,0,0,0,-18.0144622425188,-14.5895165219715,-3.83778609176271e-05,0.0001408496061337,-3.71307453758043,0.0030754070130591,0.999959407094,0.005118629293559778,5761.358699816941,5761.353581187647,126.09152726147794,211.72584083690728
237,9.48,211.726028907404,10.7792277414894,-222.205376280778,-13.8621578656191,437.014335312311,0,0,0,0,-18.0138953828002,-14.6310915033904,-3.83778663727296e-05,0.0001408496084827,-3.68497363520329,0.0030753234811783,0.999959383481,0.005120562374869186,5761.358698846529,5761.353578284154,126.06581069760861,211.72584073020585
238,9.52,211.726028871275,10.7779409894941,-222.247762686344,-13.8617110519995,437.057561620124,0,0,0,0,-18.0133135564877,-14.6733429234911,-3.83778717523742e-05,0.0001408496108131,-3.65663785546601,0.0030753700884229,0.999959359862,0.005122480531628376,5761.358697863408,5761.353575382876,126.03973818482267,211.7258406235859
239,9.56,211.726028834661,10.7766406017147,-222.290825238701,-13.8612521440416,437.101465615689,0,0,0,0,-18.0127159806427,-14.7162668350626,-3.83778770539653e-05,0.0001408496131235,-3.62806934624119,0.0030755475200874,0.999959336237,0.0051243830286384845,5761.358696867091,5761.353572484062,126.01329227537036,211.7258405170564
240,9.6,211.726028797547,10.7753260859076,-222.334560032801,-13.86078053473,437.14604327917,0,0,0,0,-18.012101865205,-14.7598591500051,-3.83778822744122e-05,0.0001408496154118,-3.59927029784281,0.0030758562348746,0.999959312607,0.005126268987064653,5761.358695857168,5761.353569588181,125.98645512980167,211.72584041063476
241,9.64,211.726028759914,10.7739969391889,-222.378963020941,-13.8602956135308,437.191290455197,0,0,0,0,-18.0114704156028,-14.8041156365709,-3.83778874114093e-05,0.0001408496176763,-3.5702429443971,0.0030762964547097,0.999959288971,0.005128137765476394,5761.358694833121,5761.353566695356,125.95920858951168,211.72584030432537
242,9.68,211.726028721744,10.7726526509067,-222.424030009565,-13.8597967684727,437.237202848875,0,0,0,0,-18.010820835465,-14.8490319167971,-3.83778924621194e-05,0.0001408496199153,-3.54098956520685,0.003076868155785,0.999959265328,0.005129988710818441,5761.358693794463,5761.353563805752,125.93153425671902,211.7258401981344
243,9.72,211.726028683018,10.7712927056615,-222.469756656267,-13.8592833882975,437.283776021921,0,0,0,0,-18.0101523294209,-14.8946034641594,-3.83778974250724e-05,0.000140849622128,-3.51151248610131,0.0030775710608866,0.999959241681,0.005131820658189855,5761.358692740675,5761.353560920017,125.90341357823294,211.7258400920856
244,9.76,211.726028643719,10.7699165864543,-222.51613846701,-13.858754864667,437.331005388942,0,0,0,0,-18.009464105976,-14.9408256014589,-3.83779022983533e-05,0.0001408496243137,-3.48181408076339,0.0030784046330455,0.999959218027,0.0051336331937008525,5761.358691671294,5761.3535580381,125.87482792990632,211.7258399861771
245,9.8,211.726028603826,10.7685237779412,-222.563170793583,-13.8582105944175,437.378886213885,0,0,0,0,-18.0087553804462,-14.9876934989588,-3.83779070806061e-05,0.0001408496264719,-3.45189677202615,0.0030793680705386,0.999959194368,0.005135425272926348,5761.35869058575,5761.353555160477,125.84575870917526,211.7258398804264
246,9.84,211.726028563318,10.7671137697732,-222.610848831303,-13.8576499818483,437.427413606695,0,0,0,0,-18.0080253779382,-15.0352021727781,-3.83779117713689e-05,0.0001408496286029,-3.42176303313014,0.0030804603032592,0.999959170703,0.005137196231891027,5761.358689483472,5761.35355228724,125.81618742493433,211.72583977483688
247,9.88,211.726028522175,10.7656860599972,-222.659167616985,-13.8570724410344,437.476582520197,0,0,0,0,-18.007273336358,-15.0833464835623,-3.83779163696735e-05,0.0001408496307069,-3.39141538893365,0.0030816799904607,0.999959147033,0.00513894516160319,5761.358688363914,5761.353549418752,125.78609579204107,211.7258396694219
248,9.92,211.726028480376,10.7642401584964,-222.708122027205,-13.8564773981478,437.526387747232,0,0,0,0,-18.0064985094327,-15.1321211354384,-3.83779208759172e-05,0.0001408496327856,-3.36085641706785,0.0030830255198677,0.999959123358,0.00514067128949258,5761.358687226505,5761.353546555216,125.75546582590252,211.7258395641889
249,9.96,211.7260284379,10.7627755904442,-222.75770677684,-13.8558642937777,437.576823918073,0,0,0,0,-18.005700169729,-15.1815206752604,-3.83779252907308e-05,0.0001408496348404,-3.33008874902892,0.0030844950081386,0.999959099677,0.005142373983181381,5761.358686070674,5761.35354369669,125.72427993852747,211.72583945914002
250,10.0,211.726028394724,10.7612918997496,-222.807916417932,-13.8552325852352,437.627885498142,0,0,0,0,-18.0048776116503,-15.2315394921628,-3.83779296156543e-05,0.0001408496368736,-3.29911507119993,0.0030860863026533,0.999959075991,0.005144052377237659,5761.358684895796,5761.353540843418,125.6925210330512,211.7258393542842
251,10.04,211.726028350825,10.7597886524682,-222.858745338855,-13.8545817488289,437.679566786041,0,0,0,0,-18.0040301543966,-15.2821718174137,-3.83779338525539e-05,0.0001408496388869,-3.26793812579513,0.0030877969845922,0.9999590523,0.005145705754337121,5761.358683701243,5761.353537995488,125.66017259886624,211.7258392496247
252,10.08,211.726028306182,10.7582654401558,-222.910187763815,-13.8539112820985,437.731861911939,0,0,0,0,-18.0031571448687,-15.3334117245824,-3.83779380032416e-05,0.0001408496408821,-3.23656071172013,0.003089624373264,0.999959028604,0.005147333423400962,5761.358682486445,5761.353535153022,125.62721880317444,211.725839145166
253,10.12,211.726028260769,10.7567218831415,-222.962237752681,-13.8532207059927,437.784764836301,0,0,0,0,-18.0022579604991,-15.3852531300305,-3.83779420695204e-05,0.0001408496428609,-3.2049856853415,0.0030915655316323,0.999959004903,0.005148934723345408,5761.358681250694,5761.35353231597,125.59364458323,211.72583904090627
254,10.16,211.726028214562,10.7551576336955,-223.014889201156,-13.8525095669775,437.838269349,0,0,0,0,-18.0013320119923,-15.437689793705,-3.83779460536855e-05,0.0001408496448246,-3.17321596116036,0.0030936172729864,0.999958981197,0.00515050902685556,5761.358679993338,5761.353529484311,125.55943573341193,211.72583893684472
255,10.2,211.726028167535,10.7535723790713,-223.068135841283,-13.8517774390616,437.892369068808,0,0,0,0,-18.0003787459562,-15.4907153202598,-3.83779499583099e-05,0.0001408496467743,-3.14125451238444,0.0030957761686945,0.999958957486,0.005152055743892692,5761.358678713667,5761.353526657924,125.52457899093652,211.72583883297688
256,10.24,211.726028119661,10.7519658443981,-223.121971242303,-13.8510239257246,437.94705744329,0,0,0,0,-17.999397647408,-15.5443231604871,-3.83779537853004e-05,0.0001408496487107,-3.1091043713943,0.0030980385569745,0.999958933771,0.00515357419966611,5761.35867741095,5761.35352383675,125.48906211489228,211.72583872930068
257,10.28,211.726028070913,10.7503377954064,-223.176388811854,-13.8502486617363,438.002327749097,0,0,0,0,-17.9983882421358,-15.5985066130585,-3.83779575374811e-05,0.000140849650634,-3.07676863009945,0.0031004005526126,0.999958910051,0.005155064014420204,5761.358676084449,5761.3535210204345,125.45287396450125,211.72583862580296
258,10.32,211.726028021263,10.7486880409646,-223.231381797514,-13.8494513148526,438.058173092665,0,0,0,0,-17.997350098902,-15.6532588265787,-3.83779612169747e-05,0.0001408496525442,-3.04425044018112,0.0031028580575598,0.999958886327,0.005156524604445808,5761.358674733404,5761.353518208799,125.41600456819053,211.72583852247726
259,10.36,211.726027970679,10.7470164354108,-223.28694328869,-13.8486315873777,438.114586411336,0,0,0,0,-17.9962828314702,-15.7085728019349,-3.8377964825985e-05,0.0001408496544415,-3.01155301321884,0.0031054067723296,0.999958862599,0.005157955561472363,5761.358673356944,5761.3535154013825,125.3784451912413,211.72583841930663
260,10.4,211.726027919131,10.7453228806636,-223.343066218837,-13.84778921758,438.171560474885,0,0,0,0,-17.9951861004436,-15.7644413949434,-3.83779683676609e-05,0.0001408496563266,-2.97867962069877,0.0031080422081243,0.999958838868,0.0051593564043556335,5761.358671954251,5761.353512597847,125.3401883942697,211.72583831627858
261,10.44,211.726027866586,10.7436073280979,-223.399743368019,-13.8469239809535,438.229087887461,0,0,0,0,-17.9940596149005,-15.8208573192809,-3.83779718449084e-05,0.0001408496582005,-2.94563359390212,0.0031107596996095,0.999958815132,0.005160727082856604,5761.358670524429,5761.353509797346,125.30122808687356,211.7258382133621
262,10.48,211.726027813011,10.7418697801748,-223.45696736579,-13.8460356913146,438.28716108994,0,0,0,0,-17.9929031338168,-15.8778131496929,-3.83779752610803e-05,0.0001408496600637,-2.91241832367301,0.0031135544182637,0.999958791394,0.005162066977049869,5761.358669066578,5761.3535069996005,125.26155957489239,211.72583811054682
263,10.52,211.726027758369,10.7401102918151,-223.514730694396,-13.8451242017276,438.345772362678,0,0,0,0,-17.9917164672659,-15.9353013254725,-3.83779786189552e-05,0.0001408496619174,-2.8790372600652,0.003116421386223,0.999958767651,0.005163376277562425,5761.358667579694,5761.353504203416,125.22117959929993,211.72583800778895
264,10.56,211.726027702627,10.7383289715119,-223.573025692291,-13.8441894052551,438.404913828661,0,0,0,0,-17.9904994773891,-15.9933141541872,-3.83779819219661e-05,0.0001408496637624,-2.84549391186827,0.0031193554905468,0.999958743906,0.00516465448370126,5761.358666062876,5761.353501408393,125.18008637063193,211.72583790507372
265,10.6,211.726027645747,10.7365259821763,-223.631844557943,-13.843231235528,438.464577457042,0,0,0,0,-17.9892520791331,-16.0518438156661,-3.83779851728594e-05,0.0001408496655996,-2.81179184601392,0.0031223514978291,0.999958720157,0.005165901782471739,5761.358664515093,5761.35349861331,125.13827959236939,211.72583780235632
266,10.64,211.726027587692,10.7347015417155,-223.691179353941,-13.8422496671341,438.524755067051,0,0,0,0,-17.9879742407519,-16.1108823662067,-3.83779883751421e-05,0.0001408496674295,-2.77793468686386,0.0031254040690816,0.999958696405,0.005167118047706869,5761.358662935336,5761.353495817288,125.09576048180378,211.7258376996044
267,10.68,211.726027528424,10.7328559233455,-223.751022011365,-13.841244715828,438.585438332272,0,0,0,0,-17.9866659840739,-16.1704217430106,-3.83779915315728e-05,0.0001408496692522,-2.74392611538134,0.0031285077748175,0.999958672649,0.005168303466574648,5761.358661322572,5761.353493019105,125.0525317792066,211.7258375967731
268,10.72,211.726027467907,10.7309894556398,-223.811364334435,-13.8402164385605,438.646618785263,0,0,0,0,-17.9853273845376,-16.2304537688339,-3.83779946451445e-05,0.0001408496710671,-2.70976986818849,0.0031316571102647,0.99995864889,0.005169458039437727,5761.35865967582,5761.35349021778,125.00859775241129,211.72583749382628
269,10.76,211.726027406105,10.7291025223225,-223.872198005397,-13.8391649333364,438.708287822516,0,0,0,0,-17.9839585710012,-16.2909701568262,-3.83779977191383e-05,0.0001408496728732,-2.67546973651258,0.0031348465106415,0.999958625126,0.0051705822052802155,5761.358657994102,5761.353487411897,124.963964194555,211.72583739071197
270,10.8,211.726027342981,10.7271955618127,-223.93351458965,-13.8380903389022,438.770436709721,0,0,0,0,-17.982559725334,-16.3519625155627,-3.83780007566876e-05,0.0001408496746692,-2.64102956502432,0.003138070366429,0.999958601358,0.0051716760911864335,5761.358656276411,5761.35348460032,124.91863841367268,211.72583728738846
271,10.84,211.726027278502,10.7252690665294,-223.995305541099,-13.8369928342742,438.833056587345,0,0,0,0,-17.9811310817977,-16.413422354243,-3.83780037609189e-05,0.0001408496764539,-2.60645325057191,0.0031413230385759,0.999958577584,0.005172740261841697,5761.358654521848,5761.353481781586,124.872629216981,211.72583718380187
272,10.88,211.726027212635,10.7233235819702,-224.057562207699,-13.8358726381128,438.896138476476,0,0,0,0,-17.9796729262295,-16.4753410880538,-3.83780067350543e-05,0.0001408496782259,-2.57174474081482,0.0031445988735764,0.999958553804,0.005173775093928361,5761.358652729515,5761.353478954421,124.82594688864663,211.7258370799055
273,10.92,211.726027145349,10.7213597055745,-224.120275837205,-13.8347300079542,438.959673284933,0,0,0,0,-17.9781855950396,-16.5377100436782,-3.83780096826969e-05,0.0001408496799844,-2.53690803276165,0.0031478922183643,0.999958530015,0.005174781399518573,5761.35865089857,5761.35347611717,124.778603161135,211.72583697563843
274,10.96,211.726027076615,10.7193780853863,-224.183437583083,-13.833565239308,439.023651813619,0,0,0,0,-17.976669474034,-16.6005204649292,-3.8378012606828e-05,0.0001408496817279,-2.50194717121668,0.0031511974349653,0.999958506218,0.005175759550957096,5761.358649028222,5761.353473268671,124.73061118207131,211.72583687095803
275,11.0,211.726027006408,10.7173794185309,-224.247038510578,-13.8323786646328,439.088064763088,0,0,0,0,-17.9751249970787,-16.6637635185132,-3.83780155103653e-05,0.0001408496834551,-2.4668662471399,0.00315450891486,0.999958482409,0.005176710602620842,5761.358647117793,5761.353470407191,124.68198547611108,211.72583676580055
276,11.04,211.726026934704,10.7153644495197,-224.311069602932,-13.8311706521989,439.152902740315,0,0,0,0,-17.9735526446183,-16.7274302998956,-3.83780183955841e-05,0.0001408496851654,-2.43166939592556,0.0031578210930042,0.999958458588,0.005177635166243735,5761.358645166628,5761.353467531461,124.63274190034994,211.72583666011946
277,11.08,211.726026861483,10.7133339683987,-224.375521767706,-13.8299416048506,439.21815626564,0,0,0,0,-17.9719529420623,-16.7915118392542,-3.83780212646361e-05,0.0001408496868575,-2.39636079560461,0.0031611284614636,0.99995843475,0.00517853453145602,5761.358643174183,5761.353464639652,124.58289759775987,211.72583655384742
278,11.12,211.726026786725,10.7112888087567,-224.440385843223,-13.8286919586781,439.283815779869,0,0,0,0,-17.9703264580556,-16.8559991075158,-3.83780241185889e-05,0.0001408496885304,-2.36094466497618,0.0031644255826176,0.999958410894,0.005179409541625357,5761.358641139914,5761.353461730372,124.5324709457955,211.72583644693336
279,11.16,211.726026710417,10.7092298456069,-224.505652605093,-13.8274221816101,439.349871651513,0,0,0,0,-17.9686738026452,-16.9208830224584,-3.83780269594759e-05,0.0001408496901829,-2.32542526167377,0.0031677071018936,0.999958387016,0.005180261464134213,5761.358639063467,5761.353458802003,124.48148150110099,211.72583633931777
280,11.2,211.726026632543,10.7071579931585,-224.571312772808,-13.8261327719378,439.41631418413,0,0,0,0,-17.9669956253577,-16.9861544548554,-3.83780297883597e-05,0.0001408496918134,-2.2898068801717,0.0031709677599934,0.999958363112,0.0051810916141268835,5761.358636944408,5761.3534558527945,124.42994994247034,211.72583623093635
281,11.24,211.726026553092,10.7050742024916,-224.637357016393,-13.8248242567803,439.483133623774,0,0,0,0,-17.9652926132008,-17.0518042346677,-3.83780326062845e-05,0.0001408496934201,-2.25409384973738,0.0031742024045803,0.999958339177,0.005181901476347848,5761.358634782436,5761.35345288096,124.37789800922783,211.72583612172343
282,11.28,211.726026472056,10.7029794591499,-224.703775963093,-13.8234971905007,439.5503201665,0,0,0,0,-17.9635654886013,-17.1178231572519,-3.83780354147064e-05,0.0001408496950015,-2.21829053233531,0.0031774060013936,0.999958315206,0.0051826925781684715,5761.358632577334,5761.353449884756,124.32534843985705,211.72583601161497
283,11.32,211.726026389425,10.7008747806663,-224.770560204085,-13.822152153084,439.617863965927,0,0,0,0,-17.961815007292,-17.1842019895782,-3.83780382154819e-05,0.0001408496965562,-2.18240132048832,0.0031805736447638,0.999958291194,0.005183466486873141,5761.35863032883,5761.353446862343,124.27232490615236,211.72583590054336
284,11.36,211.726026305191,10.698761214032,-224.837700301191,-13.8207897484823,439.685755140832,0,0,0,0,-17.9600419561581,-17.2509314764493,-3.83780410100865e-05,0.0001408496980818,-2.14643063510176,0.0031837005675054,0.999958267133,0.005184225179816159,5761.358628036706,5761.353443811527,124.21885194781329,211.72583578842793
285,11.4,211.726026219347,10.6966398331236,-224.905186793584,-13.8194106029397,439.753983782747,0,0,0,0,-17.9582471510556,-17.3180023466971,-3.83780438008374e-05,0.0001408496995771,-2.11038292325654,0.0031867821501641,0.999958243015,0.005184970668269782,5761.358625700772,5761.353440730104,124.16495490588085,211.72583567518774
286,11.44,211.726026131886,10.6945117361001,-224.973010204466,-13.8180153633012,439.822539963553,0,0,0,0,-17.9564314346096,-17.3854053193541,-3.83780465897986e-05,0.0001408497010398,-2.07426265597635,0.0031898139296017,0.999958218832,0.005185704994715203,5761.358623320837,5761.353437615842,124.11065985280682,211.7258355607407
287,11.48,211.726026042799,10.6923780427794,-225.04116104771,-13.8166046953146,439.891413743044,0,0,0,0,-17.9545956740042,-17.4531311097767,-3.83780493785702e-05,0.000140849702468,-2.03807432597493,0.0031927916069042,0.999958194573,0.0051864306021916955,5761.358620896656,5761.353434466054,124.05599352541661,211.72583544498812
288,11.52,211.72602595208,10.6902398920077,-225.10962983444,-13.8151792819321,439.960595176445,0,0,0,0,-17.9527407587704,-17.5211704357208,-3.83780521690304e-05,0.0001408497038597,-2.00182244538862,0.0031957110545988,0.999958170228,0.005187149834619202,5761.358618428067,5761.353431278232,124.00098325493141,211.72583532783784
289,11.56,211.72602585972,10.6880984390291,-225.178407079556,-13.8137398216171,440.030074321864,0,0,0,0,-17.9508675985825,-17.5895140233474,-3.83780549627862e-05,0.0001408497052128,-1.96551154349975,0.0031985683231744,0.999958145785,0.005187865306182092,5761.3586159148235,5761.353428049518,123.94565689857043,211.72583520918477
290,11.6,211.726025765713,10.6859548528668,-225.247483308161,-13.8122870266621,440.099841247669,0,0,0,0,-17.9489771210683,-17.6581526131455,-3.83780577612945e-05,0.0001408497065247,-1.929146164456,0.0032013596468958,0.999958121229,0.005188580021717263,5761.358613356762,5761.35342477674,123.8900427703134,211.72583508891242
291,11.64,211.726025670052,10.6838103137237,-225.31684906191,-13.810821621524,440.169886039762,0,0,0,0,-17.9470702696417,-17.7270769657796,-3.83780605660884e-05,0.0001408497077936,-1.89273086499079,0.0032040814489123,0.999958096547,0.005189296753974091,5761.358610753694,5761.35342145694,123.83416957349502,211.725834966912
292,11.68,211.726025572732,10.6816660104111,-225.386494905244,-13.80934434118,440.240198808745,0,0,0,0,-17.9451480013623,-17.796277867821,-3.83780633786548e-05,0.0001408497090172,-1.85627021214972,0.0032067303456594,0.999958071724,0.005190018536481849,5761.358608105482,5761.353418086946,123.77806633282772,211.725834843067
293,11.72,211.726025473753,10.6795231378121,-225.456411431507,-13.8078559295094,440.310769696957,0,0,0,0,-17.9432112848297,-17.8657461373801,-3.83780662008833e-05,0.0001408497101938,-1.81976878102776,0.0032093031505561,0.999958046743,0.005190748660213305,5761.358605412126,5761.353414663466,123.72176232719308,211.72583471725642
294,11.76,211.726025373118,10.6773828943885,-225.526589268938,-13.8063571377054,440.381588885372,0,0,0,0,-17.9412610981151,-17.9354726296167,-3.83780690344792e-05,0.0001408497113217,-1.78323115252159,0.0032117968770058,0.999958021588,0.005191490299368343,5761.358602673708,5761.353411183409,123.66528702525268,211.72583458936668
295,11.8,211.726025270834,10.6752464797348,-225.59701908652,-13.8048487227199,440.45264660034,0,0,0,0,-17.9392984267376,-18.005448242119,-3.83780718815442e-05,0.0001408497124003,-1.74666191110148,0.0032142087407069,0.999957996239,0.005192247126987708,5761.358599890418,5761.353407643292,123.60867002061384,211.72583445926978
296,11.84,211.726025166917,10.6731150921877,-225.667691599684,-13.8033314457449,440.523933120158,0,0,0,0,-17.9373242616872,-18.0756639201449,-3.83780747441349e-05,0.0001408497134283,-1.71006564260658,0.0032165361612858,0.999957970678,0.005193022569929167,5761.358597062693,5761.353404040123,123.55194096889984,211.72583432685576
297,11.88,211.726025061386,10.6709899264942,-225.738597575842,-13.8018060707334,440.595438781467,0,0,0,0,-17.9353395974996,-18.146110661717,-3.8378077624397e-05,0.0001408497144052,-1.67344693206738,0.003218776763265,0.999957944884,0.005193820424398514,5761.358594191048,5761.353400370624,123.49512952672525,211.72583419200416
298,11.92,211.726024954265,10.6688721715442,-225.809727839769,-13.800273362962,440.667153985451,0,0,0,0,-17.933345430385,-18.2167795225626,-3.83780805240791e-05,0.0001408497153302,-1.63681036155869,0.0032209283763819,0.999957918835,0.005194644605737283,5761.358591276137,5761.353396631532,123.43826529126461,211.72583405459508
299,11.96,211.72602484558,10.6667630081704,-225.881073278781,-13.7987340876378,440.739069203828,0,0,0,0,-17.9313427564155,-18.2876616208846,-3.8378083444993e-05,0.0001408497162023,-1.60016050808626,0.0032229890352779,0.999957892502,0.00519549988606494,5761.358588318668,5761.353392818782,123.38137774318736,211.7258339144791
300,12.0,211.726024735352,10.6646636070187,-225.952624847748,-13.7971890085516,440.811174984633,0,0,0,0,-17.9293325697716,-18.3587481419658,-3.83780863882321e-05,0.00014084971702,-1.56350194150952,0.0032249569785759,0.999957865855,0.0051963911500055035,5761.358585319212,5761.353388928062,123.32449618971386,211.72583377149775
301,12.04,211.726024623588,10.6625751264936,-226.02437357389,-13.795638886779,440.883461957763,0,0,0,0,-17.9273158610516,-18.430030342589,-3.8378089355266e-05,0.0001408497177811,-1.52683922250292,0.00322683064737,0.999957838852,0.005197324748226938,5761.358582277958,5761.35338495321,123.2676497101997,211.72583362542466
302,12.08,211.726024510267,10.6604987107779,-226.096310561371,-13.7940844794302,440.95592084029,0,0,0,0,-17.9252936156455,-18.5014995552659,-3.837809234776e-05,0.0001408497184827,-1.49017690055757,0.0032286086831506,0.999957811441,0.00519830824539294,5761.358579194336,5761.35338088609,123.21086710414194,211.72583347596077
303,12.12,211.726024395317,10.6584354879302,-226.168426995676,-13.7925265384511,441.028542441515,0,0,0,0,-17.9232668121737,-18.5731471922723,-3.83780953667981e-05,0.0001408497191199,-1.45351951202462,0.00323028992519,0.99995778355,0.0051993516470005404,5761.358576066388,5761.353376714741,123.15417683933892,211.72583332266652
304,12.16,211.726024278597,10.6563865680608,-226.24071414775,-13.7909658094756,441.101317667761,0,0,0,0,-17.9212364209945,-18.6449647494709,-3.83780984146891e-05,0.0001408497196874,-1.41687157820137,0.003231873407416,0.999957755083,0.00520046788411924,5761.358572890275,5761.353372422392,123.09760700405793,211.72583316492558
305,12.2,211.726024159846,10.6543530415848,-226.3131633779,-13.7894030307304,441.174237526892,0,0,0,0,-17.9192034027778,-18.7169438099232,-3.83781014938586e-05,0.0001408497201779,-1.38023760346052,0.0032333583548012,0.999957725907,0.005201674404515358,5761.358569658895,5761.35336798449,123.04118525864035,211.72583300183572
306,12.24,211.72602403865,10.6523359775543,-226.385766139445,-13.7878389319924,441.247293132534,0,0,0,0,-17.91716870715,-18.7890760472678,-3.83781046078777e-05,0.0001408497205818,-1.34362207342245,0.0032347441792966,0.999957695839,0.005202994759496102,5761.358566360984,5761.353363366225,122.98493879037665,211.72583283211756
307,12.28,211.726023914371,10.650336422067,-226.458513982094,-13.7862742336,441.320475707998,0,0,0,0,-17.9151332714065,-18.8613532288685,-3.8378107761951e-05,0.0001408497208875,-1.30702945316995,0.0032360304753418,0.999957664632,0.005204460309494476,5761.3585629791805,5761.353358518871,122.92889426989525,211.7258326539806
308,12.32,211.726023786072,10.6483553967503,-226.531398555046,-13.7847096455175,441.393776589885,0,0,0,0,-17.9130980192951,-18.933767218708,-3.83781109626304e-05,0.0001408497210799,-1.27046418550425,0.0032372170149796,0.999957631951,0.005206113154210709,5761.358559487987,5761.353353374832,122.87307780795953,211.72583246494068
309,12.36,211.726023652428,10.6463938973197,-226.60441160979,-13.7831458664536,441.467187231351,0,0,0,0,-17.9110638598695,-19.0063099800232,-3.83781142185646e-05,0.0001408497211402,-1.23393068924063,0.0032383037426086,0.999957597347,0.005208009300633867,5761.358555851349,5761.353347842048,122.81751491393179,211.72583226161458
310,12.4,211.726023511602,10.644452892207,-226.677545002599,-13.7815835830331,441.540699205026,0,0,0,0,-17.9090316864117,-19.0789735776648,-3.83781175406179e-05,0.000140849721044,-1.19743335754116,0.0032392907694052,0.999957560225,0.005210222559728548,5761.358552019277,5761.353341796717,122.76223045622955,211.7258320394528
311,12.44,211.72602336111,10.6425333212574,-226.750790696685,-13.7800234690227,441.61430420556,0,0,0,0,-17.9070023754253,-19.1517501801635,-3.83781209428378e-05,0.0001408497207604,-1.16097655628182,0.0032401783674457,0.999957519802,0.005212849660401741,5761.358547924182,5761.353335074522,122.70724862238112,211.72583179241667
312,12.48,211.726023197651,10.6406360944898,-226.824140764009,-13.7784661846093,441.687994051779,0,0,0,0,-17.9049767856968,-19.2246320614974,-3.83781244427118e-05,0.0001408497202495,-1.12456462245026,0.0032409669635617,0.99995747506,0.0052160159638152915,5761.358543476235,5761.353327460271,122.6525928795691,211.72583151259812
313,12.52,211.726023016908,10.6387620909173,-226.897587386712,-13.776912375731,441.761760688434,0,0,0,0,-17.9029557574265,-19.2976116025225,-3.83781280624985e-05,0.0001408497194605,-1.08820186257005,0.0032416571329615,0.999957424687,0.005219882635214344,5761.358538557968,5761.353318675333,122.59828593807032,211.72583118975757
314,12.56,211.72602281331,10.6369121574229,-226.97112285816,-13.7753626734602,441.835596187508,0,0,0,0,-17.9009401114263,-19.3706812920746,-3.83781318295605e-05,0.0001408497183288,-1.05189255114666,0.0032422495926475,0.999957367007,0.005224655146090016,5761.358533017785,5761.353308362639,122.54434971064417,211.72583081077306
315,12.6,211.726022579765,10.6350871076849,-227.044739583553,-13.7738176934385,441.909492749071,0,0,0,0,-17.8989306483848,-19.4438337276873,-3.83781357780935e-05,0.0001408497167724,-1.01564092912952,0.0032427451946621,0.999957299896,0.005230593471174539,5761.3585266627015,5761.35329606923,122.49080527512423,211.72583035899862
316,12.64,211.726022307332,10.6332877211474,-227.118430080097,-13.7722780353611,441.983442701643,0,0,0,0,-17.8969281481983,-19.5170616159367,-3.83781399505118e-05,0.0001408497146884,-0.97945120238423,0.0032431449191926,0.999957220685,0.005238023853115666,5761.358519249422,5761.353281225569,122.4376728343538,211.72582981350413
317,12.68,211.726021984865,10.631514742028,-227.192186976694,-13.7707442825115,442.057438502043,0,0,0,0,-17.8949333693662,-19.5903577723593,-3.83781443990451e-05,0.000140849711948,-0.943327540168028,0.0032434498675647,0.999957126048,0.005247352375910331,5761.358510474648,5761.353263122272,122.38497167648953,211.72582914822024
318,12.72,211.726021598588,10.6297688783581,-227.266003013112,-13.769217001345,442.131472734687,0,0,0,0,-17.8929470484496,-19.6637151209308,-3.83781491879993e-05,0.0001408497083912,-0.90727407360113,0.0032436612551546,0.999957011865,0.005259081566064196,5761.358499963516,5761.35324088195,122.33272013200511,211.72582833090345
319,12.76,211.726021131621,10.6280508010485,-227.339871038616,-13.7676967411188,442.205538110308,0,0,0,0,-17.8909698995923,-19.737126693072,-3.8378154396461e-05,0.0001408497038221,-0.871294894125929,0.0032437804042476,0.999956873071,0.005273828668717682,5761.358487256696,5761.353213428028,122.28093553065295,211.7258273219904
320,12.8,211.726020563438,10.6263611429716,-227.413784010014,-13.7661840335693,442.27962746405,0,0,0,0,-17.8890026141015,-19.8105856261442,-3.83781601201831e-05,0.0001408496979997,-0.835394051945377,0.0032438087368706,0.999956703479,0.00529234706222959,5761.358471795649,5761.353179448587,122.22963415501503,211.725826073269
321,12.84,211.726019869262,10.6247004980553,-227.487734989072,-13.7646793926343,442.353733752913,0,0,0,0,-17.8870458600875,-19.8840851614083,-3.83781664769966e-05,0.0001408496906324,-0.799575554431371,0.0032437477676262,0.999956495577,0.005315550803752426,5761.358452906158,5761.353137355354,122.1788311909228,211.7258245263712
322,12.88,211.726019019383,10.6230694203793,-227.561717139269,-13.7631833142182,442.427850052491,0,0,0,0,-17.8851002821608,-19.9576186413992,-3.83781736082915e-05,0.0001408496813679,-0.763843364493445,0.0032435990965524,0.999956240294,0.005344542909808949,5761.358429779772,5761.353085236863,122.12854067577491,211.72582261105197
323,12.92,211.726017978399,10.6214684232668,-227.635723721838,-13.7616962760009,442.501969552972,0,0,0,0,-17.8831665011835,-20.0311795066877,-3.83781816849684e-05,0.0001408496697838,-0.728201398897585,0.0032433644020329,0.999955926745,0.005380646142691999,5761.358401453155,5761.353020807012,122.07877544108368,211.7258202432986
324,12.96,211.726016704379,10.6198979783629,-227.709748091045,-13.7602187372864,442.576085554347,0,0,0,0,-17.8812451140748,-20.1047612919717,-3.83781909118479e-05,0.0001408496553754,-0.692653526524542,0.0032430454337799,0.999955541926,0.00542543983761655,5761.3583667853045,5761.352941345467,122.02954705170168,211.72581732314066
325,13.0,211.726015147923,10.6183585146936,-227.783783688666,-13.7587511388915,442.650191460788,0,0,0,0,-17.8793366936673,-20.1783576214724,-3.83782015328035e-05,0.0001408496375447,-0.657203566556645,0.0032426440059111,0.999955070386,0.005480799463299961,5761.35832443198,5761.352843632517,121.9808657401386,211.72581373225592
326,13.04,211.726013251151,10.6168504176956,-227.857824037604,-13.7572939030717,442.72428077413,0,0,0,0,-17.877441788613,-20.2519622035715,-3.83782138374298e-05,0.0001408496155838,-0.621855286581821,0.0032421619901418,0.999954493851,0.00554894196058599,5761.358272818185,5761.3527238762235,121.93274033373876,211.72580933129328
327,13.08,211.72601094657,10.615374028211,-227.931862734587,-13.7558474334844,442.798347086431,0,0,0,0,-17.8755609233356,-20.3255688246508,-3.83782281672323e-05,0.0001408495886604,-0.586612400603385,0.0032416013091083,0.999953790809,0.005632475750639079,5761.358210107342,5761.352577631591,121.88517817800604,211.72580395690213
328,13.12,211.726008155864,10.6139296414382,-228.005893441916,-13.7544121151855,442.872384071527,0,0,0,0,-17.8736945980293,-20.3991713420798,-3.83782449232202e-05,0.000140849555799,-0.551478566944115,0.0032409639298433,0.999952936044,0.005734456866572002,5761.358134168364,5761.352399711497,121.83818505081166,211.7257974184592
329,13.16,211.726004788555,10.612517505833,-228.079909878179,-13.7529883146593,442.94638547556,0,0,0,0,-17.8718432886987,-20.4727636763052,-3.83782645739715e-05,0.0001408495158604,-0.516457386033239,0.0032402518574172,0.999951900123,0.005858450710213244,5761.358042539218,5761.352184088508,121.79176506934442,211.72578949446043
330,13.2,211.726000740573,10.6111378219538,-228.153905807905,-13.7515763798802,443.020345106405,0,0,0,0,-17.8700074472404,-20.546339801987,-3.83782876644372e-05,0.0001408494675209,-0.481552398065126,0.0032394671287595,0.999950648829,0.0060086002771349845,5761.357932388018,5761.351923787741,121.74592059168097,211.7257799285836
331,13.24,211.72599589271,10.6097907412437,-228.227875030076,-13.7501766404025,443.094256821945,0,0,0,0,-17.8681875015628,-20.6198937381264,-3.83783148260498e-05,0.0001408494092458,-0.446767080518794,0.0032386118066751,0.999949142536,0.006189701325784543,5761.357800470946,5761.3516107696205,121.70065210624189,211.72576842537973
332,13.28,211.725990108955,10.6084763647469,-228.301811365473,-13.7487894074793,443.16811451716,0,0,0,0,-17.866383855741,-20.6934195371452,-3.83783467870396e-05,0.0001408493392642,-0.412104845527796,0.0032376879740643,0.999947335529,0.006407284114356911,5761.357643086956,5761.351235802842,121.65595811495218,211.72575464560467
333,13.32,211.725983234724,10.6071947417538,-228.375708642784,-13.7474149742059,443.24191210996,0,0,0,0,-17.8645968902068,-20.7669112728526,-3.83783843842786e-05,0.0001408492555389,-0.377569037090713,0.0032366977283578,0.999945175254,0.006667703519946989,5761.357456029604,5761.350788326084,121.61183500584242,211.72573820113695
334,13.36,211.725975094978,10.6059458683705,-228.449560683429,-13.7460536156886,443.315643525724,0,0,0,0,-17.8628269619684,-20.8403630272586,-3.83784285767404e-05,0.0001408491557344,-0.343162928113375,0.0032356431761757,0.999942601513,0.006978235702342078,5761.357234535833,5761.350256300131,121.56827691584016,211.72571864954364
335,13.4,211.725965492218,10.6047296860134,-228.523361285065,-13.7447055892341,443.389302680504,0,0,0,0,-17.86107440486,-20.9137688761825,-3.83784804583929e-05,0.0001408490371844,-0.308889717275091,0.0032345264282165,0.999939545578,0.007347184463551342,5761.3569732314245,5761.349626046961,121.5252755830489,211.72569548816665
336,13.44,211.725954204385,10.6035460798255,-228.597104203723,-13.743371134561,443.462883462843,0,0,0,0,-17.8593395298178,-20.9871228736186,-3.83785412743733e-05,0.0001408488968527,-0.274752525712377,0.0032333495943845,0.999935929246,0.007783994613972239,5761.356666073843,5761.348882079229,121.48282018929956,211.7256681478565
337,13.48,211.725940982643,10.6023948770165,-228.670783134539,-13.7420504740291,443.536379714195,0,0,0,0,-17.8576226251805,-21.060419034813,-3.83786124360094e-05,0.0001408487312952,-0.240754393515133,0.0032321147791571,0.999931663816,0.008299374643200427,5761.356306291918,5761.348006917276,121.44089719149251,211.72563598624765
338,13.52,211.725925549074,10.6012758451296,-228.744391691061,-13.7407438128852,443.60978520789,0,0,0,0,-17.8559239570105,-21.1336513180189,-3.83786955392982e-05,0.000140848536617,-0.206898276031747,0.0032308240771989,0.999926648995,0.008905427830534954,5761.355886323115,5761.346980895284,121.39949014259486,211.72559828063459
339,13.56,211.725907594267,10.600188690238,-228.817923383099,-13.7394513395249,443.683093626653,0,0,0,0,-17.8542437694367,-21.2068136049074,-3.83787923818934e-05,0.0001408483084272,-0.173187039981383,0.0032294795692209,0.999920771724,0.009615792874279378,5761.3553977479305,5761.345781955056,121.35857949985392,211.72555422039346
340,13.6,211.725886774842,10.5991330550763,-228.891371593111,-13.7381732257669,443.756298538644,0,0,0,0,-17.8525822850123,-21.2798996795951,-3.8378904982915e-05,0.0001408480417909,-0.139623459373818,0.0032280833180876,0.999913904936,0.010445792567645778,5761.354831222521,5761.344385429954,121.31814242523588,211.7255028990421
341,13.64,211.72586271088,10.5981085171134,-228.96472955112,-13.7369096271392,443.829393372026,0,0,0,0,-17.8509397050898,-21.3529032063,-3.83790356037767e-05,0.0001408477311784,-0.106210211239475,0.0032266373651711,0.999905906231,0.011412592326886715,5761.354176408762,5761.342763816436,121.27815257410765,211.72544330584395
342,13.68,211.725834983304,10.5971145865759,-229.03799030816,-13.7356606831755,443.902371388063,0,0,0,0,-17.849316210207,-21.425817705591,-3.83791867686554e-05,0.0001408473704118,-0.0729498711747882,0.003225143726951,0.999896616484,0.012535366612287125,5761.353421902989,5761.340886536376,121.23857987194405,211.7253743170736
343,13.72,211.725803131208,10.5961507044324,-229.11114670828,-13.7344265177193,443.975225652775,0,0,0,0,-17.8477119604854,-21.4986365292535,-3.83793612880897e-05,0.0001408469526076,-0.0398449087105971,0.0032236043918578,0.999885858369,0.013835475286882806,5761.35255516331,5761.338719688023,121.19939028354635,211.72529468686463
344,13.76,211.725766649152,10.5952162403518,-229.184191359133,-13.7332072392348,444.047949007168,0,0,0,0,-17.8461270960355,-21.5713528337849,-3.83795622798102e-05,0.0001408464701186,-0.0068976825138015,0.0032220213173562,0.999873434821,0.015336647223699654,5761.351562436002,5761.3362257887775,121.16054557310737,211.72520303775696
345,13.8,211.725724984444,10.5943104906513,-229.257116601184,-13.7320029411235,444.120534036101,0,0,0,0,-17.8445617373706,-21.6439595525316,-3.83797931953665e-05,0.0001408459144715,0.0258895645647819,0.0032203964272646,0.999859127424,0.01706517259531965,5761.3504286815505,5761.333363508955,121.12200305396185,211.72509785091265
346,13.84,211.725677534423,10.5934326762481,-229.329914475611,-13.730813702044,444.192973035829,0,0,0,0,-17.8430159858242,-21.7164493665274,-3.83800578433871e-05,0.0001408452763031,0.0585147105805571,0.0032187316093046,0.999842694734,0.019050102730151487,5761.3491375007125,5761.330087397982,121.08371533267452,211.72497745605395
347,13.88,211.725623643764,10.5925819406324,-229.40257669095,-13.7296395862341,444.265257980316,0,0,0,0,-17.8414899239703,-21.7888146740587,-3.83803604152119e-05,0.0001408445452952,0.0909757597043925,0.0032170287128745,0.999823870542,0.021323456902122093,5761.347671061189,5761.326347604288,121.04563004565075,211.72484002116934
348,13.92,211.725562601833,10.5917573478797,-229.475094588587,-13.7284806438343,444.337380486374,0,0,0,0,-17.8399836160462,-21.8610475590469,-3.8380705511934e-05,0.0001408437101058,0.123270847528937,0.0032152895470399,0.999802362081,0.023920435538906014,5761.346010025642,5761.322089590103,121.00768959123363,211.72468354203284
349,13.96,211.725493640093,10.590957880723,-229.547459107184,-13.7273369112106,444.409331777765,0,0,0,0,-17.8384971083735,-21.9331397583093,-3.83810981697188e-05,0.0001408427582999,0.155398246446923,0.0032135158787343,0.999777848186,0.026879638724908932,5761.344133481116,5761.317253842391,120.96983085813862,211.72450583158061
350,14.0,211.725415929619,10.5901824387074,-229.619660746168,-13.7262084112766,444.481102648356,0,0,0,0,-17.8370304297786,-22.0050826277913,-3.83815438873012e-05,0.0001408416762796,0.187356371073549,0.0032117094311612,0.999749977402,0.03024329056421784,5761.342018871412,5761.311775580847,120.93198494857252,211.72430450918034
351,14.04,211.725328578707,10.5894298364497,-229.691689528412,-13.7250951538129,444.552683424482,0,0,0,0,-17.8355835920094,-22.0768671079041,-3.83820486534e-05,0.0001408404492125,0.219143783682345,0.0032098718823898,0.999718366072,0.03405746548842522,5761.339641932028,5761.30558446654,120.89407690485028,211.724076989924
352,14.08,211.725230630643,10.5886988020285,-229.763534962255,-13.7239971357832,444.624063926653,0,0,0,0,-17.8341565901482,-22.1484836880446,-3.83826189729975e-05,0.000140839060959,0.250759199621284,0.0032080048641351,0.999682596389,0.03837231839647628,5761.336976629451,5761.298604311054,120.85602543462814,211.72382047393887
353,14.12,211.725121061626,10.5879879755258,-229.835186003032,-13.7229143416469,444.695233430779,0,0,0,0,-17.8327494030192,-22.2199223704908,-3.8383261894219e-05,0.0001408374940026,0.282201492673128,0.0032061099607122,0.999642214433,0.04324231602981471,5761.333995104635,5761.290752788605,120.81774263762314,211.7235319358082
354,14.16,211.724998778881,10.5872959077436,-229.906631014282,-13.7218467436666,444.766180629087,0,0,0,0,-17.8313619935902,-22.2911726337763,-3.83839850353172e-05,0.0001408357293751,0.313469700321381,0.003204188708157,0.999596728207,0.04872646783066837,5761.33066762166,5761.281941153829,120.77913374074053,211.72320811420002
355,14.2,211.724862618993,10.5866210591203,-229.977857728838,-13.7207943022106,444.836893590921,0,0,0,0,-17.8299943093669,-22.3622233957538,-3.83847966102173e-05,0.0001408337465887,0.344563028880739,0.0032022425934998,0.999545605675,0.05488855585104099,5761.326962522389,5761.272073966538,120.74009683714385,211.72284550175203
356,14.24,211.724711346469,10.5859617988697,-230.048853209993,-13.7197569660495,444.907359723642,0,0,0,0,-17.8286462827806,-22.4330629764965,-3.83857054530783e-05,0.0001408315235648,0.37548085844912,0.0032002730541856,0.999488272817,0.061797361824219035,5761.322846187348,5761.261048825523,120.70052263442103,211.72244033528918
357,14.28,211.724543652576,10.5853164043694,-230.119603812985,-13.7187346726477,444.977565733839,0,0,0,0,-17.8273178315675,-22.5036790612542,-3.83867210428655e-05,0.0001408290365665,0.406222747636942,0.003198281477628,0.99942411172,0.0695268890212651,5761.318283004095,5761.248756115074,120.66029421667317,211.72198858650836
358,14.32,211.724358154463,10.5846830608207,-230.190095147001,-13.7177273484476,445.047497589091,0,0,0,0,-17.8260088591405,-22.5740586636628,-3.83878535261137e-05,0.0001408262601343,0.436788438028198,0.0031962692008881,0.999352458705,0.07815657879975776,5761.31323534334,5761.23507876454,120.61928681708125,211.72148595314255
359,14.36,211.724153394595,10.5840598612014,-230.260312037981,-13.7167349091487,445.117140480524,0,0,0,0,-17.8247192549531,-22.6441880894308,-3.83891137375951e-05,0.0001408231670219,0.467177858326876,0.003194237510469,0.999272602518,0.08777151836587394,5761.3076635435345,5761.2198920251685,120.57736760823926,211.72092785075955
360,14.4,211.723927840515,10.5834448065294,-230.330238492437,-13.7157572599801,445.186478786403,0,0,0,0,-17.8234488948548,-22.714052900725,-3.83905132209663e-05,0.0001408197281386,0.497391128141313,0.0031921876422153,0.999183782588,0.09846263928224715,5761.3015259044,5761.203063265118,120.53439551180976,211.72030940522902
361,14.44,211.723679884948,10.582835806455,-230.399857662559,-13.7147942959677,445.25549603702,0,0,0,0,-17.8221976414397,-22.7836378815119,-3.83920642451416e-05,0.0001408159124941,0.527428561358515,0.0031901207813085,0.999085187376,0.11032690370705793,5761.294778689756,5761.184451786049,120.49022102561838,211.7196254459824
362,14.48,211.723407846274,10.5822306801963,-230.469151812865,-13.7138459021956,445.324174881138,0,0,0,0,-17.8209653443876,-22.8529270040674,-3.83937798207248e-05,0.0001408116871478,0.557290669060625,0.0031880380623494,0.998975952818,0.12346747788692766,5761.287376140391,5761.163908662504,120.44468607710019,211.7188705001099
363,14.52,211.72310996937,10.5816271578356,-230.538102288668,-13.7129119540623,445.392497054266,0,0,0,0,-17.8197518407985,-22.9219033969479,-3.8395673712756e-05,0.0001408070171647,0.586978161936668,0.0031859405695186,0.998855160889,0.13799388951362815,5761.279270496975,5761.141276607462,120.39762389968504,211.71803878742014
364,14.56,211.722784426848,10.5810228819882,-230.606689486628,-13.7119923175329,445.460443349021,0,0,0,0,-17.8185569555211,-22.9905493146467,-3.83977604505197e-05,0.0001408018655756,0.616491952144152,0.003183829336807,0.998721838297,0.15402216773150104,5761.270412033749,5761.116389866018,120.34885893877751,211.71712421653265
365,14.6,211.722429320681,10.580415409853,-230.67489282764,-13.7110868493875,445.527993587856,0,0,0,0,-17.8173805014772,-23.0588461091983,-3.84000553360481e-05,0.0001407961933452,0.645833154576744,0.0031817053483099,0.998574955317,0.1716749644485001,5761.260749102768,5761.08907413832,120.29820678486853,211.71612038204594
366,14.64,211.722042684241,10.5798022156494,-230.742690732347,-13.7101953974659,445.595126598405,0,0,0,0,-17.8162222799811,-23.1267742040054,-3.84025744477114e-05,0.0001407899593464,0.675003087495831,0.0031795695385769,0.998413424789,0.19108165392270193,5761.250228189358,5761.059146535435,120.24547414116108,211.71502056291564
367,14.68,211.721622484722,10.5791806934403,-230.810060599512,-13.7093178009114,445.661820191705,0,0,0,0,-17.8150820810566,-23.1943130701234,-3.8405334642194e-05,0.0001407831203411,0.704003272485655,0.0031774227930126,0.998236101289,0.21237840939471514,5761.238793978049,5761.026415568655,120.19045882285747,211.71381772206144
368,14.72,211.721166625977,10.578548160342,-230.876978787505,-13.7084538904119,445.728051143552,0,0,0,0,-17.8139596837525,-23.2614412052623,-3.84083535509978e-05,0.0001407756309717,0.732835433694283,0.0031752659483227,0.998041780482,0.23570825554427136,5761.226389429778,5760.990681174233,120.13294979205136,211.7125045072762
369,14.76,211.720672951739,10.5779018601175,-230.943420599149,-13.7076034884416,445.793795179212,0,0,0,0,-17.8128548564572,-23.3281361157461,-3.84116495756422e-05,0.0001407674437587,0.761501496326124,0.003173099793001,0.99782919868,0.2612210938623518,5761.21295586953,5760.951734775667,120.07272723004444,211.7110732535148
370,14.8,211.72013924923,10.5772389671494,-231.00936027016,-13.7067664095034,445.859026961744,0,0,0,0,-17.8117673572145,-23.3943743016794,-3.8415241877291e-05,0.000140758509108,0.79000358435587,0.0031709250678539,0.997597032601,0.2890737012878152,5761.198433084548,5760.90935938326,120.00956264646697,211.70951598655284
371,14.84,211.719563253155,10.576556590783,-231.074770961388,-13.7059424603726,445.923720084133,0,0,0,0,-17.8106969340421,-23.4601312455211,-3.84191503631472e-05,0.0001407487753269,0.818344017438002,0.0031687424665593,0.997343899366,0.31942969753402123,5761.182759433017,5760.863329735483,119.94321903086487,211.70782442818174
372,14.88,211.718942650051,10.5758517800249,-231.139624755064,-13.7051314403441,445.987847065434,0,0,0,0,-17.8096433252528,-23.5253814043061,-3.84233956692544e-05,0.0001407381886515,0.84652530699006,0.0031665526362593,0.997068356712,0.35245948363151747,5761.165871962401,5760.813412478769,119.87345104041785,211.70599000281607
373,14.92,211.71827508298,10.5751215285789,-231.20389265523,-13.7043331414831,446.051379351114,0,0,0,0,-17.8086062597814,-23.5900982056889,-3.84279991381426e-05,0.0001407266932814,0.874550151431828,0.003164356178184,0.996768903454,0.388340147629733,5761.147706537151,5760.759366389521,119.80000523328798,211.704003845652
374,14.96,211.717558156542,10.5743627802003,-231.267544592512,-13.7035473488809,446.114287317735,0,0,0,0,-17.8075854575185,-23.6542540480092,-3.84329827933232e-05,0.0001407142314275,0.902421430567011,0.0031621536483085,0.996443980195,0.42725533747531513,5761.128197975113,5760.700942637638,119.72262033941729,211.70185681235193
375,15.0,211.716789442186,10.573572434345,-231.330549433383,-13.7027738409171,446.176540282141,0,0,0,0,-17.8065806296512,-23.7178203045266,-3.84383693086471e-05,0.000140700743367,0.930142199099154,0.0031599455580421,0.996091970291,0.46939510017980673,5761.107280192048,5760.637885091868,119.64102757619315,211.69953949026586
376,15.04,211.715966483791,10.572747352095,-231.392874994022,-13.7020123895285,446.238106515246,0,0,0,0,-17.8055914790137,-23.7807673319746,-3.8444181974709e-05,0.0001406861675113,0.957715679279477,0.0031577323749528,0.995711201072,0.5149556871017994,5761.084886353499,5760.569930666397,119.55495100398512,211.69704221116842
377,15.08,211.715086803496,10.5718843623303,-231.45448805888,-13.7012627604862,446.298953260532,0,0,0,0,-17.804617700448,-23.8430644835543,-3.84504446595856e-05,0.0001406704404837,0.985145252690178,0.0031555145235284,0.995299945332,0.564139323769763,5761.060949033436,5760.496809709666,119.46410792421662,211.69435506554743
378,15.12,211.714147907746,10.5709802681205,-231.515354404006,-13.7005247136819,446.359046757313,0,0,0,0,-17.8036589811766,-23.9046801264548,-3.8457181766581e-05,0.0001406534972065,1.01243445117219,0.0031532923859776,0.994856423083,0.6171539448566781,5761.035400378769,5760.418246433912,119.36820931799875,211.69146791838943
379,15.16,211.713147293508,10.5700318533012,-231.575438825182,-13.6997980034241,446.418352268814,0,0,0,0,-17.8027150011875,-23.9655816639898,-3.84644181875327e-05,0.0001406352710011,1.03958694691123,0.0031510663030741,0.994378803571,0.6742128945907508,5761.008172278502,5760.333959383911,119.26696032477061,211.68837042640573
380,15.2,211.712082454644,10.5690358892027,-231.634705170873,-13.6990823787439,446.476834115059,0,0,0,0,-17.8017854336329,-24.0257355623764,-3.84721792515133e-05,0.0001406156936954,1.06660654170085,0.0031488365750475,0.993865207564,0.7355345914763172,5760.979196537145,5760.2436619456685,119.16006076071099,211.6850520567261
381,15.24,211.710950888386,10.5679891414981,-231.693116379979,-13.6983775837136,446.53445571058,0,0,0,0,-17.8008699452426,-24.0851073821933,-3.84804906713235e-05,0.0001405946957438,1.09349715540675,0.0031466034625258,0.993313709896,0.8013421593483394,5760.9484050509145,5760.147062891566,119.04720567272128,211.68150210693295
382,15.28,211.709750101887,10.5668883771395,-231.75063452436,-13.697683357775,446.591179606883,0,0,0,0,-17.7999681967523,-24.1436618145006,-3.84893784837265e-05,0.0001405722063554,1.12026281366255,0.0031443671875334,0.992722342274,0.8718630240901154,5760.915729985987,5760.043866961897,118.92808593137116,211.67770972643206
383,15.32,211.708477618827,10.5657303713474,-231.807220856048,-13.6969994360821,446.64696753961,0,0,0,0,-17.7990798433479,-24.201362721586,-3.84988689892427e-05,0.0001405481536331,1.1469076348331,0.0031421279345495,0.992089096334,0.9473284778572435,5760.881103958262,5759.9337754804055,118.80238885579374,211.67366393907335
384,15.36,211.707130986003,10.5645119146173,-231.862835859072,-13.6963255498537,446.701780480312,0,0,0,0,-17.7982045351251,-24.2581731822887,-3.85089886855756e-05,0.00014052246472,1.17343581628678,0.0031398858516327,0.991411926945,1.0279732111669528,5760.844460212688,5759.816487001522,118.66979887153168,211.6693536669364
385,15.4,211.705707779902,10.5632298197066,-231.917439305734,-13.6956614267409,446.755578692671,0,0,0,0,-17.7973419175663,-24.3140555417891,-3.8519764200854e-05,0.0001404950659568,1.1998516200219,0.0031376410516148,0.990688755745,1.1140348150433086,5760.805732802117,5759.691697987074,118.52999819859963,211.664767755199
386,15.44,211.704205613192,10.5618809285644,-231.970990317222,-13.6950067912052,446.808321793055,0,0,0,0,-17.7964916320325,-24.3689714657672,-3.85312222213521e-05,0.0001404658830444,1.22615935769661,0.0031353936133682,0.989917474907,1.2057532537442848,5760.764856763934,5759.55910351019,118.38266756569935,211.65989499800523
387,15.48,211.702622141114,10.5604621191724,-232.023447428349,-13.69436136491,446.8599688152,0,0,0,0,-17.7956533162723,-24.4228819987729,-3.85433894186824e-05,0.0001404348412168,1.25236337511532,0.0031331435831513,0.989095951117,1.303370310602011,5760.721768294,5759.418397983398,118.22748695050537,211.65472416522252
388,15.52,211.700955067738,10.5589703122675,-232.07476865624,-13.6937248671239,446.910478278834,0,0,0,0,-17.7948266049458,-24.4757476266375,-3.85562923733768e-05,0.000140401865419,1.27846803622979,0.0031308909760359,0.988222029751,1.407129008899521,5760.676404916875,5759.2692759079755,118.0641363408323,211.64924402997977
389,15.56,211.699202152048,10.5574024779142,-232.124911572735,-13.6930970151357,446.959808262005,0,0,0,0,-17.7940111301635,-24.527528342749,-3.8569957498562e-05,0.0001403668804921,1.30447770671692,0.0031286357774173,0.98729353924,1.5172730095104066,5760.628705651409,5759.111432641899,117.89229651332516,211.64344339688904
390,15.6,211.697361213837,10.555755641897,-232.173833380256,-13.6924775246803,447.007916476876,0,0,0,0,-17.7932065220404,-24.578183717947,-3.85844109588913e-05,0.000140329811363,1.33039673719899,0.0031263779446126,0.986308295605,1.6340459879663645,5760.578611171148,5758.944565183181,117.71164983081661,211.63731113083256
391,15.64,211.69543013936,10.5540268919008,-232.221490990861,-13.691866110375,447.054760348696,0,0,0,0,-17.7924124092625,-24.6276729738121,-3.85996785916447e-05,0.0001402905832394,1.3562294461737,0.0031241174085453,0.985264107147,1.7576909931780222,5760.526063958159,5758.768372964982,117.52188104986787,211.63083618618256
392,15.68,211.693406886743,10.55221338345,-232.267841108211,-13.6912624861655,447.10029709767,0,0,0,0,-17.7916284196659,-24.675955059083,-3.86157858246574e-05,0.0001402491218088,1.38198010272297,0.0031218540755193,0.984158779273,1.8884497906124216,5760.471008450222,5758.582558659609,117.3226781367777,211.62400763634784
393,15.72,211.691289491101,10.550312345585,-232.312840312114,-13.6906663657802,447.14448382341,0,0,0,0,-17.7908541808273,-24.7229887289148,-3.86327575947036e-05,0.0001402053534403,1.40765290907062,0.0031195878290808,0.982990119437,2.0265621930195548,5760.413391180093,5758.386828987073,117.11373309087234,211.61681470348748
394,15.76,211.68907606936,10.5483210862552,-232.356445145362,-13.6900774631916,447.187277591658,0,0,0,0,-17.7900893206632,-24.7687326266801,-3.86506182658049e-05,0.000140159205388,1.43325198306144,0.0031173185319665,0.981755942181,2.172265380993691,5760.353160906718,5758.180895525724,116.89474276734833,211.60924678830116
395,15.8,211.686764824761,10.5462369974133,-232.398612202507,-13.6894954930843,447.228635522938,0,0,0,0,-17.789333468038,-24.8131453680071,-3.86693915472918e-05,0.0001401106059976,1.45878134063624,0.0031150460281365,0.980454074257,2.3257932163042034,5760.290268737795,5757.96447552149,116.66540970163109,211.60129349976845
396,15.84,211.684354051033,10.5440575597917,-232.439298220231,-13.688920171328,447.2685148828,0,0,0,0,-17.7885862533775,-24.8561856267134,-3.86891004132942e-05,0.0001400594849106,1.48424487837796,0.0031127701448881,0.979082359802,2.487375551877243,5760.224668243323,5757.737292691446,116.42544292728687,211.59294468467888
397,15.88,211.681842136209,10.5417803473426,-232.478460168967,-13.6883512154529,447.306873173287,0,0,0,0,-17.7878473092874,-24.8978122223058,-3.8709767022708e-05,0.0001400057732707,1.50964635620338,0.003110490695046,0.977638665557,2.65723754006976,5760.156315559449,5757.499078019378,116.17455878421347,211.58419045686898
398,15.92,211.679227566082,10.5394030313286,-232.516055345388,-13.6877883451285,447.34366822527,0,0,0,0,-17.7871162711739,-24.9379842086898,-3.87314126400934e-05,0.0001399494039274,1.53498938027279,0.0031082074792219,0.976120886096,2.835598944017208,5760.085169482498,5757.249570538481,115.91248171831494,211.57502122598535
399,15.96,211.676508927279,10.5369233840533,-232.552041465409,-13.6872312826412,447.378858291275,0,0,0,0,-17.7863927778649,-24.9766609637353,-3.87540575601999e-05,0.0001398903116379,1.56027738618863,0.0031059202881402,0.974526949056,3.022673453555756,5760.011191552635,5756.98851809908,115.63894506245192,211.56542772569833
400,16.0,211.67368490997,10.5343392822293,-232.586376757332,-13.6866797533717,447.412402138445,0,0,0,0,-17.7856764722289,-25.0138022793362,-3.87777210321246e-05,0.0001398284332656,1.58551362255319,0.003103628905018,0.972854820335,3.2186680103629848,5759.934346127569,5756.715678117206,115.3536918002822,211.5554010412114
401,16.04,211.670754310197,10.5316487099803,-232.619020054784,-13.6861334862688,447.444259141269,0,0,0,0,-17.784967001791,-25.0493684516042,-3.88024211884107e-05,0.0001397637079752,1.61070113495539,0.0031013331079955,0.971102509253,3.4237821434461853,5759.854600445934,5756.430818302488,115.05647530941336,211.5449326360108
402,16.08,211.667716031817,10.5288497614758,-232.64993088906,-13.6855922143185,447.47438937372,0,0,0,0,-17.7842640193416,-25.0833203708347,-3.88281749753631e-05,0.0001396960774217,1.63584275045485,0.0030990326726034,0.969268073635,3.6382073204105185,5759.771924680161,5756.13371735975,114.74706007870715,211.53401437764876
403,16.12,211.664569088074,10.5259406431947,-232.679069580532,-13.6850556750076,447.502753700419,0,0,0,0,-17.7835671835378,-25.1156196108868,-3.88549980868395e-05,0.0001396254859358,1.66094106262842,0.0030967273742588,0.96734962482,3.8621263145142244,5759.686291979249,5755.824165664735,114.42522239809624,211.5226385625758
404,16.16,211.661312602783,10.5229196758179,-232.706397328753,-13.6845236107775,447.529313866496,0,0,0,0,-17.7828761594936,-25.1462285176191,-3.88829049023846e-05,0.0001395518807008,1.68599841723938,0.0030944169907787,0.965345332553,4.095712593171756,5759.597678500993,5755.501965907822,114.09075101770094,211.51079793979702
405,16.2,211.657945811151,10.5197852957544,-232.731876300909,-13.6839957694699,447.554032585776,0,0,0,0,-17.7821906193571,-25.1751102960288,-3.89119084282226e-05,0.0001394752119232,1.71101689858554,0.0030921013048981,0.963253429753,4.339129729213109,5759.506063434313,5755.1669337051,113.74344777521006,211.49848573332866
406,16.24,211.654468060223,10.5165360563105,-232.755469718301,-13.6834719047593,447.576873626972,0,0,0,0,-17.7815102428734,-25.2022290957629,-3.89420202417373e-05,0.0001393954329962,1.73599831657909,0.003089780106783,0.961072217148,4.592530836253977,5759.411429011399,5754.8188981751455,113.38312818636155,211.48569566339418
407,16.28,211.650878808993,10.5131706285118,-232.77714194052,-13.6829517765741,447.597801897575,0,0,0,0,-17.7808347179295,-25.2275500946532,-3.89732504422417e-05,0.0001393125006531,1.76094419460866,0.0030874531965251,0.958800067731,4.856058034175087,5759.3137605107295,5754.457702476554,113.00962199823906,211.4724219661782
408,16.32,211.647177628166,10.5096878015864,-232.796858547032,-13.6824351515009,447.616783525113,0,0,0,0,-17.7801637410809,-25.251039579985,-3.90056076040027e-05,0.0001392263751124,1.78585575823161,0.0030851203866058,0.95643543106,5.129841942199781,5759.213046250589,5754.083204308389,112.6227737043577,211.4586594122177
409,16.36,211.643364199596,10.5060864831184,-232.814586415847,-13.6819218031747,447.633785935499,0,0,0,0,-17.779497018056,-25.2726650271745,-3.90390987352573e-05,0.0001391370202134,1.81073392473923,0.0030827815043158,0.953976837347,5.414001206383808,5759.109277573788,5753.695276367404,112.22244301635801,211.44440332320465
410,16.4,211.639438315392,10.5023656988813,-232.830293799022,-13.6814115126491,447.648777928182,0,0,0,0,-17.7788342642384,-25.2923951755888,-3.90737292413817e-05,0.0001390444035404,1.8355792936321,0.003080436394118,0.95142290135,5.708642060073351,5759.002448823321,5753.293806763248,111.80850529375171,211.42964958724437
411,16.44,211.63539987674,10.4985245923669,-232.843950394731,-13.6809040687491,447.661729747853,0,0,0,0,-17.7781752051237,-25.3102001012199,-3.91095028931449e-05,0.0001389484965381,1.86039213803616,0.0030780849199407,0.948772326047,6.01385791999604,5758.892557310324,5752.878699390329,111.3808519298713,211.41439467252158
412,16.48,211.631248892427,10.4945624240253,-232.855527415655,-13.6803992684025,447.67261315246,0,0,0,0,-17.7775195767494,-25.3260512859606,-3.91464218013981e-05,0.000138849274613,1.88517239708582,0.0030757269673899,0.946023906066,6.329729021088777,5758.779603273904,5752.449874252816,110.93939069010288,211.39863563924365
413,16.52,211.626985477111,10.4904785702333,-232.864997653501,-13.67989691695,447.681401477328,0,0,0,0,-17.7768671260977,-25.3399216832655,-3.91844863947598e-05,0.0001387467172272,1.90991966929681,0.0030733624458689,0.943176530887,6.656322088404099,5758.663589834062,5752.007267745657,110.48404600787039,211.382370149968
414,16.56,211.622609849337,10.4862725220048,-232.872335539418,-13.6793968284326,447.688069695183,0,0,0,0,-17.7762176114682,-25.3517857799601,-3.92236954037121e-05,0.0001386408079769,1.93463320694838,0.0030709912905941,0.940229187781,6.993690049892926,5758.544522937711,5751.550832887818,110.01475922913093,211.36559647817342
415,16.6,211.618122329327,10.4819438834574,-232.877517200171,-13.6788988258554,447.692594471897,0,0,0,0,-17.7755708028202,-25.3616196540325,-3.92640458509475e-05,0.0001385315346612,1.95931191148974,0.003068613464495,0.937180964496,7.341871789127315,5758.422411298537,5751.080539509409,109.53148881284847,211.34831351513697
416,16.64,211.613523336541,10.4774923700496,-232.8805205099,-13.678402741427,447.694954217818,0,0,0,0,-17.7749264820827,-25.3694010282325,-3.93055330448864e-05,0.000138418889338,1.98395432997936,0.0030662289599882,0.934031051669,7.700891940118338,5758.2972663306255,5750.596374390507,109.03421048229747,211.33052077503538
417,16.68,211.60881338705,10.4729178066097,-232.881325137321,-13.6779084167736,447.695129134535,0,0,0,0,-17.7742844434326,-25.3751093193252,-3.9348150580905e-05,0.000138302868368,2.00855865255973,0.0030638378006163,0.93077874497,8.07076072326459,5758.169102076985,5750.098341353721,108.52291732788865,211.31221839834694
418,16.72,211.603993090727,10.468220125174,-232.8799125883,-13.6774157031271,447.69310125698,0,0,0,0,-17.7736444935386,-25.3787256828799,-3.93918903459652e-05,0.0001381834724467,2.03312271096478,0.0030614400425435,0.927423446966,8.451473823889561,5758.037935133105,5749.586461309215,107.99761986522917,211.29340715350608
419,16.76,211.59906314829,10.4633993626521,-232.876266243666,-13.6769244614878,447.688854490792,0,0,0,0,-17.7730064517712,-25.3802330534747,-3.94367425289747e-05,0.0001380607066235,2.05764397805385,0.0030590357759011,0.923964668708,8.843012312292737,5757.903784566495,5749.060772254203,107.45834604350554,211.27408843688457
420,16.8,211.594024348199,10.4584556583326,-232.87037139224,-13.6764345627596,447.682374644866,0,0,0,0,-17.7723701503791,-25.3796161802539,-3.94826956370839e-05,0.0001379345803098,2.08211956836305,0.0030566251259771,0.920402031031,9.245342606501396,5757.766671832242,5748.52132922574,106.90514120926112,211.25426427105697
421,16.84,211.588877563429,10.4533892512407,-232.862215259003,-13.6759458878593,447.673649459051,0,0,0,0,-17.77173543463,-25.3768616577685,-3.95297365151096e-05,0.0001378051072733,2.1065462396615,0.003054208254243,0.916735265579,9.658416475596319,5757.626620685206,5747.96820420961,106.33806802361312,211.23393730145204
422,16.88,211.583623748137,10.4482004773677,-232.851787028409,-13.6754583277989,447.662668626978,0,0,0,0,-17.7711021629167,-25.3719579520832,-3.95778503716892e-05,0.0001376723056224,2.13092039549502,0.0030517853592143,0.912964215543,10.082171084836302,5757.483657089323,5747.401486004487,105.75720633603817,211.2131107913609
423,16.92,211.578263934231,10.4428897667891,-232.839077862842,-13.6749717837409,447.649423814024,0,0,0,0,-17.7704702068295,-25.3648954221219,-3.96270208089688e-05,0.0001375361977778,2.15523808869509,0.0030493566771405,0.909088836117,10.516529081178165,5757.337809124238,5746.82128004306,105.16265301259226,211.19178861536344
424,16.96,211.572799227871,10.4374576406926,-232.824080916228,-13.6744861670272,447.633908670433,0,0,0,0,-17.7698394511926,-25.355666336271,-3.96772298565048e-05,0.0001373968104332,2.1794950258259,0.0030469224825243,0.905109194689,10.961398716967498,5757.1891068901,5746.227708173133,104.55452172487135,211.1699752512839
425,17.0,211.567230805918,10.4319047083278,-232.806791342856,-13.6740013991822,447.616118839628,0,0,0,0,-17.7692097940678,-25.344264884247,-3.9728458010512e-05,0.000137254174504,2.20368657253991,0.0030444830884679,0.901025470743,11.4166740138358,5757.037582410926,5745.62090839709,103.93294269604466,211.14767577061636
426,17.04,211.561559912345,10.4262316638867,-232.787206301449,-13.6735174118899,447.596051961797,0,0,0,0,-17.768581146724,-25.3306871842711,-3.97806842767551e-05,0.0001371083250668,2.22780775980945,0.0030420388468473,0.896837955511,11.882234961787466,5756.883269536946,5745.001034575158,103.29806241060949,211.12489582762
427,17.08,211.555787854608,10.4204392833219,-232.76532495456,-13.6730341469451,447.573707672791,0,0,0,0,-17.7679534335748,-25.3149312856299,-3.98338862162859e-05,0.0001369593012875,2.25185329100032,0.0030395901483158,0.892547051351,12.357947755356308,5756.726203845851,5744.3682560904945,102.6500432838111,211.1016416470111
428,17.12,211.549916000002,10.4145284211191,-232.741148463405,-13.6725515561814,447.549087598469,0,0,0,0,-17.7673265920824,-25.296997166702,-3.9888039996222e-05,0.0001368071463399,2.27581754975091,0.0030371374221381,0.888153270877,12.843665063428222,5756.566422543631,5743.722757480203,101.9890632973967,211.0779200104031
429,17.16,211.54394577201,10.4085000070412,-232.71467997824,-13.6720696013736,447.522195344583,0,0,0,0,-17.7667005726322,-25.2768867285548,-3.99431204432849e-05,0.0001366519073146,2.29969460861763,0.0030346811358586,0.883657235841,13.339226331909284,5756.403964365232,5743.064738033323,101.31531560143527,211.05373824153327
430,17.2,211.537878646667,10.4023550428631,-232.685924624418,-13.6715882541179,447.49303648234,0,0,0,0,-17.7660753383765,-25.2546037842317,-3.9999101099992e-05,0.0001364936351196,2.32347823844461,0.0030322217948097,0.879059675781,13.84445811707271,5756.238869475614,5742.394411358541,100.62900808600294,211.02910419037607
431,17.24,211.53171614895,10.396094599105,-232.654889484251,-13.6711074956904,447.461618529785,0,0,0,0,-17.7654508650493,-25.2301540438377,-4.00559542847518e-05,0.0001363323843721,2.34716191841321,0.0030297599414634,0.874361426433,14.359174448680145,5756.071179371513,5741.712004922832,99.93036292037269,211.00402621618878
432,17.28,211.525459849197,10.3897198117652,-232.621583574814,-13.6706273168832,447.42795092913,0,0,0,0,-17.7648271407544,-25.2035450955613,-4.011365115384e-05,0.0001361682132816,2.37073884672536,0.003027296154634,0.869563427932,14.883177220051492,5755.900936784002,5741.017759563951,99.2196160693375,210.97851316959563
433,17.32,211.519111359566,10.3832318790545,-232.586017821868,-13.6701477178212,447.392045020201,0,0,0,0,-17.7642041657261,-25.1747863827906,-4.01721617653147e-05,0.0001360011835279,2.3942019518738,0.0030248310485358,0.864666722807,15.41625660289337,5755.728185582136,5740.311928979242,98.49701678150937,210.95257437380226
434,17.36,211.512672330527,10.3766320581421,-232.548205030048,-13.6696687077593,447.353914010192,0,0,0,0,-17.7635819520659,-25.1438891774863,-4.02314551460625e-05,0.0001358313601307,2.41754390445241,0.0030223652717039,0.859672453766,15.958191487257407,5755.5529706774905,5739.594779190234,97.76282705493735,210.92621960491954
435,17.4,211.506144447417,10.3699216619315,-232.508159849536,-13.6691903048614,447.313572939883,0,0,0,0,-17.7629605234551,-25.1108665499999,-4.02914993596663e-05,0.0001356588113125,2.44075712946032,0.0030198995057876,0.854581861315,16.50874994040554,5755.375337930421,5738.866587990015,97.01732108273042,210.89945907165534
436,17.44,211.499529427063,10.3631020558827,-232.465898739413,-13.6687125359635,447.271038646557,0,0,0,0,-17.7623399148465,-25.0757333355222,-4.03522615758477e-05,0.0001354836083578,2.46383381905268,0.003017434464224,0.849396281182,17.067689687898024,5755.19533405817,5738.127644370273,96.26078468081128,210.8723033942583
437,17.48,211.49282901448,10.3561746548853,-232.421439927862,-13.66823543632,447.226329723776,0,0,0,0,-17.7617201721348,-25.0385060973383,-4.04137081419968e-05,0.0001353058254662,2.48676594568999,0.0030149708908016,0.844117141599,17.63475860933268,5755.013006545016,5737.378247935683,95.49351469938634,210.84476358299733
438,17.52,211.486044979645,10.3491409201774,-232.374803369413,-13.6677590493367,447.179466478217,0,0,0,0,-17.7611013518093,-24.9992030870719,-4.04758046544328e-05,0.0001351255396001,2.50954527563569,0.0030125095581225,0.83874596042,18.2096952512625,5754.828403554482,5736.618708303219,94.71581842077461,210.8168510160864
439,17.56,211.479179114342,10.3420023563055,-232.326010699434,-13.6672834262902,447.130470883761,0,0,0,0,-17.7604835205893,-24.9578442021156,-4.05385160305465e-05,0.0001349428303314,2.53216338275169,0.0030100512659712,0.833284342112,18.79222935180679,5754.641573843499,5735.849344491692,93.92801294499927,210.7885774172507
440,17.6,211.47223322909,10.3347605081297,-232.275085186058,-13.666808626035,447.079366533053,0,0,0,0,-17.7598667550432,-24.9144509404425,-4.06018065821775e-05,0.0001347577796817,2.55461166254318,0.0030075968395995,0.827733974611,19.38208237782587,5754.452566678794,5735.070484300968,93.13042456635249,210.75995483291325
441,17.64,211.465209150153,10.3274169578916,-232.222051679781,-13.6663347147006,447.026178586743,0,0,0,0,-17.7592511411949,-24.8690463530328,-4.06656400879508e-05,0.0001345704719619,2.57688134640757,0.0030051471279387,0.822096626072,19.978968070285816,5754.261431755545,5734.282463685259,92.3233881423152,210.73099560916373
442,17.68,211.458108716655,10.3199733223605,-232.16693656097,-13.6658617653788,446.970933720644,0,0,0,0,-17.7586367741175,-24.8216549941121,-4.07299798667573e-05,0.0001343809936085,2.59896351604469,0.0030027030017512,0.816374141517,20.582592996813258,5754.068219118864,5733.485626122051,91.50724645637459,210.701712368567
443,17.72,211.450933777797,10.3124312500603,-232.109767685457,-13.6653898578038,446.913660070997,0,0,0,0,-17.7580237575167,-24.7723028694187,-4.07947888495751e-05,0.0001341894330199,2.62084911798523,0.0030002653517281,0.810568439397,21.192657109962134,5753.8729790880725,5732.68032197811,90.6823495811167,210.6721179868644
444,17.76,211.443686190161,10.3047924185693,-232.050574328425,-13.6649190780242,446.854387178041,0,0,0,0,-17.7574122033057,-24.7210173826851,-4.08600296511793e-05,0.0001339958803896,2.64252897819186,0.0029978350865449,0.804681508075,21.808854308435144,5753.67576218334,5731.866907874905,89.8490542361869,210.64222556965328
445,17.8,211.436367815117,10.2970585318809,-231.989387126773,-13.6644495180703,446.79314592808,0,0,0,0,-17.756802231172,-24.6678272805225,-4.09256646422282e-05,0.0001338004275405,2.6639938166867,0.0029954131308812,0.798715402246,22.43087300026809,5753.476619055125,5731.045746054858,89.0077231494581,210.6120484290972
446,17.84,211.428980516309,10.2892313178257,-231.926238020154,-13.663981275616,446.729968494253,0,0,0,0,-17.7561939681383,-24.6127625959109,-4.09916560182706e-05,0.0001336031677586,2.68523426216081,0.0029930004234144,0.792672239302,23.05839666583742,5753.275600415764,5730.217203749926,88.15872441919178,210.58160006072185
447,17.88,211.421526157247,10.2813125255708,-231.861160190907,-13.6635144536385,446.664888276222,0,0,0,0,-17.7555875481198,-24.5558545904981,-4.10579658694642e-05,0.0001334041956267,2.70624086652769,0.0029905979147999,0.786554195661,23.6911044180278,5753.072756973945,5729.381652555917,87.30243087958337,210.5508941204214
448,17.92,211.414006599018,10.2733039232081,-231.794188003101,-13.6630491600744,446.597939838985,0,0,0,0,-17.7549831114783,-24.4971356959182,-4.11245562473319e-05,0.0001332036068601,2.72700411938791,0.0029882065656446,0.78036350306,24.328671560411312,5752.868139372426,5728.539467812015,86.43921947482673,210.51994440165652
449,17.96,211.406423698087,10.265207295437,-231.72535694088,-13.6625855074764,446.529158851006,0,0,0,0,-17.7543808045748,-24.436639454326,-4.11913892313647e-05,0.0001330014981426,2.74751446237336,0.0029858273444836,0.774102444836,24.97077013881945,5752.661798128193,5727.691027989374,85.56947063842513,210.48876481298578
450,18.0,211.398779304213,10.2570244413279,-231.654703546266,-13.6621236126685,446.45858202182,0,0,0,0,-17.7537807793222,-24.3744004583206,-4.12584269933299e-05,0.0001327979669652,2.76776230333634,0.0029834612257659,0.767773352186,25.617069488288838,5752.453783575752,5726.836714087463,84.69356768202682,210.45736935588153
451,18.04,211.391075258445,10.248757172156,-231.582265356596,-13.6616635964026,446.386247039287,0,0,0,0,-17.7531831927387,-24.3104542904226,-4.13256318588681e-05,0.0001325931114664,2.78773803034614,0.0029811091878561,0.761378600443,26.267236770409074,5752.244145812597,5725.976909042188,83.81189619576298,210.42577210297878
452,18.08,211.383313391213,10.2404073093033,-231.508080841729,-13.6612055830165,446.312192506655,0,0,0,0,-17.7525882065041,-24.2448374622556,-4.13929663691187e-05,0.0001323870302745,2.80743202545708,0.0029787722110605,0.754920605346,26.920937502990505,5752.032934647266,5725.111997144276,82.92484345708225,210.39398717670153
453,18.12,211.375495520524,10.2319766822387,-231.432189341232,-13.6607497000954,446.236457879612,0,0,0,0,-17.7519959865188,-24.1775873536074,-4.14603933384044e-05,0.0001321798223551,2.82683467821957,0.0029764512756858,0.748401819337,27.5778360790982,5751.8201995502495,5724.242363471151,82.032797854845,210.3620287283842
454,18.16,211.367623450259,10.223467126588,-231.354631001698,-13.6602960781367,446.159083403506,0,0,0,0,-17.7514067024686,-24.1087421515329,-4.15278759098724e-05,0.0001319715868581,2.84593639891364,0.002974147360135,0.741824727891,28.237596273276065,5751.6059896076495,5723.368393334374,81.13614832513893,210.3299109179655
455,18.2,211.35969896858,10.2148804822939,-231.275446714369,-13.6598448502185,446.080110050873,0,0,0,0,-17.7508205273948,-24.0383407896798,-4.15953776110161e-05,0.0001317624229723,2.86472763148784,0.0029718614390488,0.735191845868,28.89988173833977,5751.390353477833,5722.490471739493,80.23528380468927,210.2976478941386
456,18.24,211.351723846419,10.2062185918558,-231.194678053177,-13.6593961516743,445.999579459414,0,0,0,0,-17.7502376372702,-23.9664228879689,-4.16628624027979e-05,0.0001315524297806,2.88319886618251,0.0029695944814941,0.728505713922,29.56435648591188,5751.173339350312,5721.6089828644,79.33059269698944,210.26525377518072
457,18.28,211.343699836051,10.1974832986393,-231.112367213341,-13.6589501197727,445.917533870526,0,0,0,0,-17.7496582105836,-23.8930286927651,-4.17302947314561e-05,0.000131341706121,2.90134065181158,0.0029673474492055,0.721768894949,30.230685355156794,5750.954994906921,5720.724309551763,78.42246235676234,210.23274263030052
458,18.32,211.335628669758,10.1886764452553,-231.028556950613,-13.6585068934032,445.834016068519,0,0,0,0,-17.7490824279315,-23.8181990176236,-4.17976395723514e-05,0.0001311303504511,2.91914360767633,0.0029651212948839,0.7149839706,30.89853446550989,5750.7353672854515,5719.836832819941,77.51127859151632,210.20012846166458
459,18.36,211.327512058581,10.1797998720167,-230.943290521303,-13.6580666127701,445.749069320638,0,0,0,0,-17.7485104716199,-23.7419751847362,-4.18648624764485e-05,0.0001309184607177,2.93659843509252,0.0029629169605574,0.708153537848,31.56757165417016,5750.514503045702,5718.946931391532,76.59742517806512,210.16742518707179
460,18.4,211.319351691177,10.170855415478,-230.856611623222,-13.6576294190928,445.662737318014,0,0,0,0,-17.7479425252756,-23.6643989671917,-4.19319296100283e-05,0.0001307061342301,2.95369592852205,0.0029607353760082,0.701280205637,32.23746689736178,5750.29244813837,5718.054981241008,75.68128340208196,210.13464662332922
461,18.44,211.311149232762,10.1618449070533,-230.768564337618,-13.6571954543148,445.575064117641,0,0,0,0,-17.7473787734672,-23.5855125321703,-4.19988077948489e-05,0.0001304934675397,2.97042698630587,0.0029585774572687,0.694366591588,32.90789271605117,5750.069247876291,5717.16135516024,74.76323161238174,210.10180647028565
462,18.48,211.302906324128,10.1527701717003,-230.679193072227,-13.6567648608212,445.486094085475,0,0,0,0,-17.7468194013386,-23.5053583851846,-4.20654645435401e-05,0.000130280556323,2.98678262099111,0.0029564441051886,0.687415318798,33.57852456346433,5749.844946907689,5716.266422344224,73.84364479666836,210.068918295607
463,18.52,211.29462458073,10.1436330266673,-230.588542505502,-13.656337781164,445.395871840728,0,0,0,0,-17.746264594252,-23.4239793154594,-4.21318680946839e-05,0.0001300674952705,3.00275396923838,0.002954336204071,0.680429012716,34.249041195900276,5749.619589191332,5715.3705479954315,72.92289417589066,210.0359955202367
464,18.56,211.286305591841,10.1344352803081,-230.496657532092,-13.6559143577974,445.304442201423,0,0,0,0,-17.7457145374435,-23.3414183425011,-4.21979874426337e-05,0.0001298543779799,3.01833230129193,0.0029522546203815,0.673410298098,34.91912502650213,5749.393217973544,5714.474092947042,72.00134681672928,210.0030514045496
465,18.6,211.277950919813,10.1251787309758,-230.403583209634,-13.6554947328219,445.211850131293,0,0,0,0,-17.7451694156911,-23.2577186638953,-4.22637923665181e-05,0.0001296412968556,3.03350903000223,0.0029502002015335,0.666361796061,35.58846246133858,5749.165875768087,5713.577413306749,71.07936526694316,209.97009903526225
466,18.64,211.269562099409,10.1158651659929,-230.309364706927,-13.6550790477384,445.118140688081,0,0,0,0,-17.7446294129946,-23.1729236044059,-4.23292534567549e-05,0.0001294283430133,3.04827571940166,0.0029481737747518,0.659286121228,36.256744216522485,5748.937604337989,5712.680860121466,70.1573072075021,209.93715131311083
467,18.68,211.261140637229,10.1064963606848,-230.21404725354,-13.654667443212,445.023358973296,0,0,0,0,-17.7440947122695,-23.087076566433,-4.23943421379736e-05,0.0001292156061875,3.06262409284096,0.0029461761460157,0.652185878967,36.923665619096155,5748.7084446799245,5711.784779060828,69.2355251274834,209.90422094122027
468,18.72,211.252688011168,10.09707407746,-230.117676090908,-13.6542600588463,444.927550083462,0,0,0,0,-17.7435654950526,-23.0002209819233,-4.24590306901064e-05,0.0001290031746487,3.07654604069166,0.0029442080990755,0.645063662724,37.588926889547416,5748.478437009465,5710.889510119918,68.31436601652126,209.87132041417948
469,18.76,211.244205669937,10.0876000649362,-230.020296424948,-13.6538570329662,444.830759062915,0,0,0,0,-17.7430419412209,-22.9124002657786,-4.25232922673983e-05,0.000128791135121,3.0900336276106,0.0029422703945421,0.637922051457,38.252233405733726,5748.247620748045,5709.995387342311,67.39417107612034,209.83846200786357
470,18.8,211.235695032642,10.0780760571296,-229.921953380257,-13.6534585024123,444.733030858182,0,0,0,0,-17.7425242287232,-22.8236577707877,-4.25871009142355e-05,0.0001285795727079,3.1030790993575,0.0029403637690486,0.630763607169,38.91329595063689,5748.016034511505,5709.102738560868,66.47527545285303,209.80565776990807
471,18.84,211.227157488453,10.0685037727253,-229.822691955895,-13.6530646023439,444.634410273967,0,0,0,0,-17.7420125333252,-22.7340367440763,-4.26504315789486e-05,0.0001283685708231,3.11567488916086,0.0029384889344908,0.623590872541,39.57183094145985,5747.783716101086,5708.211885159626,65.55800798830991,209.77291951095862
472,18.88,211.218594396357,10.0588849144227,-229.722556982774,-13.6526754660536,444.534941930762,0,0,0,0,-17.7415070283681,-22.6435802850789,-4.27132601256423e-05,0.0001281582111249,3.12781362363901,0.0029366465773479,0.616406368666,40.22756064300004,5747.550702496707,5707.323141853707,64.64269099048803,209.74025879658268
473,18.92,211.210007084971,10.0492211683325,-229.62159308265,-13.6522912247925,444.434670224081,0,0,0,0,-17.741007884541,-22.5523313050562,-4.2775563343532e-05,0.0001279485734572,3.13948812829172,0.0029348373580766,0.609212592894,40.880213362639026,5747.317029851881,5706.436816489242,63.72964002383506,209.70768693991707
474,18.96,211.201396852381,10.0395142033959,-229.519844628737,-13.6519120076038,444.333639285326,0,0,0,0,-17.7405152696656,-22.4603324882074,-4.283731895461e-05,0.0001277397357951,3.15069143257626,0.0029330619105718,0.602012016764,41.52952362917819,5747.082733489325,5705.553209860146,62.81916371435876,209.67521499493432
475,19.0,211.192764966008,10.0297656708303,-229.417355707948,-13.6515379411675,444.231892944294,0,0,0,0,-17.7400293484933,-22.3676262543995,-4.28985056188832e-05,0.0001275317741947,3.16141677457264,0.0029313208416907,0.594807084047,42.17523235594278,5746.847847897321,5704.672615541378,61.9115635761827,209.6428537503153
476,19.04,211.184112662529,10.0199772036256,-229.314170084808,-13.651169149653,444.129474693364,0,0,0,0,-17.7395502825147,-22.2742547235353,-4.29591029370793e-05,0.0001273247627486,3.17165760523517,0.0029296147308424,0.587600208881,42.8170869865332,5746.612406727565,5703.795319741032,61.00713385110082,209.6106137240136
477,19.08,211.175441147876,10.0101504161218,-229.210331167012,-13.6508057545838,444.02642765335,0,0,0,0,-17.7390782297827,-22.1802596815008,-4.30190914533604e-05,0.0001271187735456,3.18140759222911,0.0029279441296509,0.580393774017,43.454841626417284,5746.376442795137,5702.92160116872,60.10616137018224,209.5785051584186
478,19.12,211.166751597319,10.0002869036638,-229.105881972631,-13.650447874711,443.922794540997,0,0,0,0,-17.7386133447488,-22.0856825476805,-4.30784526534426e-05,0.0001269138766346,3.19066062336207,0.002926309561688,0.573190129156,44.08825715881468,5746.139988080764,5702.0517309219495,59.20892542890724,209.54653801618005
479,19.16,211.158045155601,9.99038824230019,-229.00086509889,-13.6500956258965,443.818617638087,0,0,0,0,-17.7381557781113,-21.9905643439982,-4.31371689640791e-05,0.0001267101399947,3.19941080962911,0.0029247115222675,0.565991589391,44.7171013467624,5745.903073734489,5701.185972387727,58.31569768129197,209.51472197659194
480,19.2,211.149322937075,9.98045598848675,-228.895322692531,-13.6497491210058,443.713938762125,0,0,0,0,-17.7377056766752,-21.8949456655235,-4.31952237480561e-05,0.000126507629507,3.20765248789144,0.0029231504782926,0.558800433741,45.34114891951983,5745.665730079401,5700.324581159882,57.4267420464086,209.48306643255444
481,19.24,211.140586025853,9.97049167879276,-228.789296421729,-13.6494084698076,443.608799238597,0,0,0,0,-17.7372631832226,-21.7988666526336,-4.32526013000395e-05,0.0001263064089334,3.21538022319942,0.0029216268681528,0.551618903777,45.96018164646198,5745.427986615692,5699.46780496923,56.5423146309545,209.45158048800712
482,19.28,211.13183547598,9.96049682964282,-228.682827449598,-13.6490737788837,443.503239874819,0,0,0,0,-17.736828436395,-21.7023669647495,-4.33092868385481e-05,0.0001261065398964,3.22258881076184,0.0029201411016755,0.544449202345,46.57398839591492,5745.189872025386,5698.615883629471,55.66266366497461,209.42027295594096
483,19.32,211.12307231169,9.95047293713321,-228.575956409265,-13.6487451515472,443.397300935369,0,0,0,0,-17.7364015705871,-21.6054857555853,-4.33652664992182e-05,0.0001259080818655,3.22927327756188,0.0029186935601377,0.537293492376,47.18236518340934,5744.95141417931,5697.7690489959,54.78802945333566,209.38915235688106
484,19.36,211.114297527738,9.94042147692622,-228.468723380474,-13.6484226877702,443.291022119056,0,0,0,0,-17.7359827158529,-21.5082616498493,-4.34205273244166e-05,0.000125711092146,3.23542888362906,0.0029172845963328,0.530153895796,47.78511520586594,5744.712640146125,5696.927524940259,53.918644340724605,209.35822691796216
485,19.4,211.105512089774,9.93034390418508,-228.361167867644,-13.648106484119,443.184442537352,0,0,0,0,-17.7355719978214,-21.4107327213607,-4.34750572529799e-05,0.000125515625872,3.24105112298659,0.002915914534683,0.523032492514,48.38204886641007,5744.4735762025075,5696.091527336097,53.054732690099165,209.327504572391
486,19.44,211.096716934716,9.92024165350402,-228.253328779335,-13.647796633697,443.077600694244,0,0,0,0,-17.7351695376221,-21.3129364725539,-4.35288451083668e-05,0.0001253217360028,3.24613572429644,0.0029145836713899,0.515931319499,48.97298378559583,5744.234247843294,5695.261264057698,52.1965108714638,209.2969929594067
487,19.48,211.087912971108,9.91011613882269,-228.145244409094,-13.647493226094,442.970534467474,0,0,0,0,-17.7347754518193,-21.2149098153885,-4.35818805859201e-05,0.0001251294733215,3.2506786512174,0.0029132922746219,0.50885236994,49.5577448028232,5743.994679791227,5694.436934988404,51.34418726344594,209.2666994245866
488,19.52,211.079101079483,9.89996875335788,-228.036952417721,-13.6471963473437,442.86328109119,0,0,0,0,-17.7343898523567,-21.1166890536586,-4.36341542392651e-05,0.0001249388864388,3.25467610248138,0.0029120405847425,0.50179759248,50.13616396681742,5743.754896006829,5693.618732040011,50.49796226390485,209.23663102055923
489,19.56,211.070282112798,9.88980086959682,-227.928489816907,-13.6469060798885,442.755877139997,0,0,0,0,-17.7340128465117,-21.0183098666497,-4.36856574648366e-05,0.0001247500217982,3.25812451168908,0.0029108288145826,0.494768890536,50.70808051685982,5743.514919700242,5692.806839183382,49.65802831332693,209.20679450812912
490,19.6,211.061456896936,9.87961383936364,-227.819892954236,-13.6466225025515,442.64835851436,0,0,0,0,-17.7336445368589,-20.9198072940786,-4.37363824875093e-05,0.0001245629236856,3.26102054683192,0.0029096571497513,0.48776812169,51.273340855311396,5743.274773344888,5692.0014324895765,48.82456992774425,209.17719635778846
491,19.64,211.05262623125,9.86940899392682,-227.711197499432,-13.6463456905151,442.540760427271,0,0,0,0,-17.7332850212422,-20.82121572224,-4.37863223437125e-05,0.00012437763424,3.26336110955683,0.002908525748978,0.480797097165,51.83179851086559,5743.03447869227,5691.2026801814045,47.99776374282902,209.14784275161156
492,19.68,211.043790889106,9.85918764410055,-227.602438431798,-13.6460757153049,442.433117392109,0,0,0,0,-17.7329343927537,-20.722568871337,-4.38354708652176e-05,0.0001241941934683,3.26514333419631,0.002907434744479,0.47385758136,52.3833140946056,5742.794056786746,5690.410742692141,47.17777856545532,209.11873958541256
493,19.72,211.034951618382,9.84895108032096,-227.493650028824,-13.64581264478,442.325463211665,0,0,0,0,-17.732592739721,-20.6238997839911,-4.38838226604592e-05,0.0001240126392612,3.26636458658182,0.0029063842423504,0.466951291454,52.92775524692782,5742.5535279791175,5689.62577273219,46.36477543249012,209.08989247119533
494,19.76,211.026109141971,9.83870057272065,-227.384865855956,-13.6455565431284,442.217830968335,0,0,0,0,-17.7322601457015,-20.52524081493,-4.39313730976605e-05,0.0001238330074128,3.26702246264915,0.0029053743229865,0.460079897082,53.46499657721702,5742.312911940302,5688.847915363085,45.55890767873726,209.06130673987298
495,19.8,211.017264158315,9.82843737124302,-227.276118757548,-13.6453074708686,442.110253015489,0,0,0,0,-17.7319366894841,-20.4266236218241,-4.3978118285761e-05,0.0001236553316412,3.26711478683721,0.002904405041526,0.453245020066,53.99491959662962,5742.072227675874,5688.077308079245,44.760321010684955,209.0329874442722
496,19.84,211.008417342007,9.81816270581624,-227.167440848934,-13.6450654848569,442.002760969982,0,0,0,0,-17.7316224450986,-20.3280791572004,-4.40240550558581e-05,0.0001234796436126,3.26663961028323,0.0029034764283224,0.446448234219,54.51741264535959,5741.831493542447,5687.3140808970875,43.96915359012442,209.00493936240835
497,19.88,210.999569344433,9.80787778656946,-227.058863509544,-13.6448306382993,441.895385705706,0,0,0,0,-17.7313174818309,-20.2296376613473,-4.40691809417933e-05,0.0001233059729653,3.26559520882539,0.0029025884894328,0.439691065199,55.03237081402133,5741.590727265134,5686.558356451113,43.18553612256302,208.97716700101614
498,19.92,210.990720794412,9.7975838040548,-226.950417376985,-13.6446029807674,441.78815734811,0,0,0,0,-17.7310218642444,-20.131328656167,-4.41134941610758e-05,0.0001231343473374,3.26398008083231,0.0029017412071224,0.432974990428,55.53969585887874,5741.349945954972,5685.810250096093,42.4095919526078,208.94967459930533
499,19.96,210.981872298804,9.78728192945038,-226.842132342057,-13.6443825582201,441.681105269631,0,0,0,0,-17.7307356522068,-20.0331809399677,-4.4156993594338e-05,0.0001229647923948,3.26179294487926,0.0029009345403833,0.426301439056,56.039296113575226,5741.109166125463,5685.069870011888,41.641437164480436,208.9224661328125
500,20.0,210.973024443098,9.77697331474828,-226.734037544692,-13.6441694130276,441.57425808607,0,0,0,0,-17.7304589009227,-19.9352225832082,-4.41996787659183e-05,0.0001227973318613,3.2590327372842,0.0029001684254661,0.419671791979,56.53108639292788,5740.868403708575,5684.337317315647,40.88118068557027,208.89554531752432
501,20.04,210.964177792001,9.76665909294908,-226.62616137084,-13.6439635840012,441.467643653894,0,0,0,0,-17.7301916609707,-19.8374809251797,-4.42415498238499e-05,0.0001226319875507,3.25569860950707,0.0028994427764248,0.413087381909,57.01498789530826,5740.627674070767,5683.612686175459,40.12892439738701,208.86891561405432
502,20.08,210.955332890057,9.75634037828251,-226.518531450255,-13.6437651064254,441.361289068455,0,0,0,0,-17.7299339783464,-19.7399825715741,-4.42826075195927e-05,0.0001224687793985,3.25178992541155,0.0028987574856727,0.406549493486,57.49092809904107,5740.386992029837,5682.896063930795,39.38476324841389,208.84258023206885
503,20.12,210.946490262302,9.74601826646033,-226.411174655114,-13.6435740120948,441.255220663051,0,0,0,0,-17.7296858945092,-19.6427533928402,-4.43228531879808e-05,0.0001223077254969,3.24730625839239,0.0028981124245479,0.400059363441,57.95884065581986,5740.146371872741,5682.187531216921,38.64878537239304,208.81654213485933
504,20.16,210.937650414943,9.7356938349565,-226.304117099395,-13.6433903293535,441.149464008735,0,0,0,0,-17.7294474464343,-19.5458185232585,-4.4362288727013e-05,0.0001221488421296,3.24224738838065,0.0028975074438874,0.393618180802,58.41866528250364,5739.905827374074,5681.48716209157,37.92107221122286,208.79080404399724
505,20.2,210.928813836018,9.72536814330268,-226.197384138981,-13.6432140831388,441.044043914835,0,0,0,0,-17.7292186666683,-19.4492023607265,-4.44009165770459e-05,0.0001219921438069,3.2366132987459,0.0028969423746068,0.387227087137,58.87034764830263,5739.665371814027,5680.7950241657245,37.201698639201105,208.76536844414042
506,20.24,210.919980996054,9.71504223338134,-226.091000372478,-13.6430452950259,440.938984430176,0,0,0,0,-17.7289995833888,-19.352928567261,-4.44387397011381e-05,0.0001218376433044,3.23040417311313,0.0028964170282836,0.380887176842,59.31383926026252,5739.42501799629,5680.111178736028,36.49073309169052,208.74023758789897
507,20.28,210.911152348682,9.70471712969613,-225.98498964276,-13.6428839832772,440.834308845023,0,0,0,0,-17.7287902204666,-19.2570200702591,-4.44757615655791e-05,0.000121685351699,3.22362039210332,0.0028959311977413,0.37459949745,59.74909734669679,5739.184778264793,5679.435680918096,35.78823769393171,208.71541350073443
508,20.32,210.902328331243,9.69439383961011,-225.879375039207,-13.6427301628921,440.730039693733,0,0,0,0,-17.7285905975315,-19.1614990644781,-4.45119861187784e-05,0.0001215352784087,3.21626252999652,0.0028954846576353,0.368365049993,60.17608473671677,5738.94466452019,5678.768579783473,35.09426839375816,208.6908979859928
509,20.36,210.89350936538,9.68407335357074,-225.774178900572,-13.6425838456604,440.626198758041,0,0,0,0,-17.7284007300411,-19.0663870146383,-4.45474177733005e-05,0.0001213874312306,3.20833135131341,0.00289507716504,0.362184789384,60.59476973791699,5738.70468823597,5678.109918498053,34.40887509425116,208.66669262999147
510,20.4,210.884695857651,9.67375664536532,-225.669422818422,-13.6424450402174,440.522807070925,0,0,0,0,-17.7282206293528,-18.9717046585628,-4.45820613845174e-05,0.0001212418163815,3.19982780731757,0.0028947084600387,0.356059624835,61.005126014020014,5738.464860475143,5677.459734461123,33.73210178970074,208.64279880712886
511,20.44,210.875888200189,9.66344467244296,-225.565127641131,-13.6423137521018,440.419884920978,0,0,0,0,-17.7280503027983,-18.8774720107886,-4.46159222323966e-05,0.0001210984385362,3.19075303245176,0.0028943782663128,0.34999042031,61.40713245998512,5738.225191908188,5676.818059448203,33.06398670301424,208.6192176851338
512,20.48,210.86708677138,9.65313837629103,-225.461313478415,-13.6421899838146,440.317451857318,0,0,0,0,-17.7278897537604,-18.783708366707,-4.46490060020952e-05,0.0001209573008702,3.18110834072724,0.0028940862917293,0.343977994995,61.800773080072034,5737.985692831515,5676.184919751443,32.40456242479568,208.59595023022504
513,20.52,210.858291936525,9.6428386827997,-225.357999706423,-13.6420737348801,440.215526695028,0,0,0,0,-17.7277389817522,-18.6904323072618,-4.46813187649469e-05,0.0001208184050985,3.1708952220816,0.0028938322289228,0.338023123804,62.18603686210117,5737.74637318547,5675.560336323369,31.75385605296336,208.5729972123937
514,20.56,210.849504048427,9.63254650254245,-225.255204973339,-13.6419650019075,440.114127521131,0,0,0,0,-17.7275979824972,-18.5976617042406,-4.47128669608628e-05,0.0001206817515174,3.16011533870839,0.00289361575587,0.332126537898,62.56291765219499,5737.50724257031,5674.944324918115,31.111889331886317,208.55035921059348
515,20.6,210.840723447905,9.62226273096264,-225.152947205443,-13.6418637786547,440.01327170104,0,0,0,0,-17.7274667480116,-18.5054137260745,-4.47436573786144e-05,0.0001205473390447,3.14877052135237,0.0028934365364597,0.326288925237,62.93141402487466,5737.268310260194,5674.33689623532,30.478678791267413,208.52803661802892
516,20.64,210.831950464282,9.61198824854295,-225.051243613575,-13.641770056092,439.912975885407,0,0,0,0,-17.7273452666876,-18.4137048440316,-4.47736971390062e-05,0.000120415165261,3.13686276556442,0.0028932942210585,0.320510931141,63.29152915543346,5737.029585216456,5673.738056061023,29.854235884926606,208.506029647333
517,20.68,210.823185415944,9.60172392106466,-224.950110699988,-13.6416838224685,439.813256017335,0,0,0,0,-17.7272335233791,-18.3225508387259,-4.48029936766233e-05,0.0001202852264512,3.12439422792011,0.0028931884470715,0.314793158886,63.64327069117599,5736.791076102823,5673.147805411647,29.238567131262595,208.48433833585864
518,20.72,210.814428610972,9.59147059999802,-224.849564265602,-13.6416050633782,439.714127339954,0,0,0,0,-17.7271314994881,-18.2319668069398,-4.48315547230178e-05,0.0001201575176453,3.11136722221727,0.0028931188394987,0.309136170307,63.986650626660676,5736.552791302603,5672.566140675942,28.63167425379298,208.46296255089476
519,20.76,210.805680347823,9.58122912294825,-224.749619417689,-13.6415337618283,439.615604404393,0,0,0,0,-17.7270391730524,-18.1419671688421,-4.48593882886006e-05,0.0001200320326592,3.09778421567003,0.002893085011482,0.303540486427,64.32168517947889,5736.314738937226,5671.9930537577475,28.033554322518317,208.441901994913
520,20.8,210.796940915933,9.57100031401806,-224.650290577934,-13.6414698983064,439.517701078156,0,0,0,0,-17.7269565188341,-18.0525656756522,-4.48865026476853e-05,0.0001199087641358,3.08364782510868,0.0028930865648422,0.298006588093,64.648394666132,5736.076926882646,5671.428532216514,27.444199893283347,208.42115621073157
521,20.84,210.788210596179,9.56078498400487,-224.551591490827,-13.6414134508499,439.420430553851,0,0,0,0,-17.7268835084086,-17.9637754177392,-4.49129063203767e-05,0.0001197877035858,3.06896081318205,0.0028931230906062,0.292534916634,64.96680337445044,5735.839362781917,5670.872559407467,26.863599145698405,208.40072458666629
522,20.88,210.779489661252,9.55058393049016,-224.453535232312,-13.6413643951137,439.323805358187,0,0,0,0,-17.7268201102535,-17.875608833027,-4.49386080579012e-05,0.0001196688414279,3.053726084554,0.0028931941695245,0.287125874529,65.27693943447716,5735.602054055337,5670.32511462086,26.291736019058643,208.38060636164803
523,20.92,210.770778376045,9.54039793797902,-224.356134218685,-13.6413227044402,439.227837361191,0,0,0,0,-17.7267662898383,-17.7880777156066,-4.49636168264875e-05,0.0001195521670286,3.03794668209087,0.0028932993725795,0.281779826078,65.57883469303539,5735.365007911014,5669.786173217978,25.72859034757252,208.36080063022067
524,20.96,210.762076998174,9.53022777821372,-224.259400215756,-13.6412883499282,439.132537785644,0,0,0,0,-17.7267220097148,-17.7011932245159,-4.49879417918927e-05,0.0001194376687433,3.02162578304796,0.0028934382614858,0.276497098105,65.87252458946239,5735.128231359034,5669.255706769572,25.17413799741731,208.34130634762857
525,21.0,210.753385778595,9.52007421063531,-224.16334434833,-13.6412613005025,439.037917216792,0,0,0,0,-17.7266872296073,-17.6149658927463,-4.50115923046731e-05,0.0001193253339551,3.00476669526955,0.002893610389182,0.271277980652,66.15804803798666,5734.891731228259,5668.733683190272,24.628351002321455,208.3221223347562
526,21.04,210.744704962224,9.50993798283065,-224.067977109978,-13.6412415229841,438.943985612355,0,0,0,0,-17.7266619065035,-17.5294056365523,-4.50345778863388e-05,0.0001192151491137,2.98737285341365,0.0028938153003111,0.266122727696,66.43544730882448,5734.655514183193,5668.220066874369,24.091197698522713,208.30324728311777
527,21.08,210.736034788405,9.49981983080358,-223.973308373047,-13.6412289821596,438.850752312808,0,0,0,0,-17.7266459947449,-17.4445217650982,-4.50569082143897e-05,0.000119107099775,2.96944781520291,0.00289405253169,0.261031557868,66.70476790884628,5734.419586736717,5667.714818827871,23.562642856891102,208.28467975971054
528,21.12,210.727375491213,9.48972047905373,-223.879347398835,-13.6412236408511,438.758226051846,0,0,0,0,-17.7266394461171,-17.3603229903574,-4.50785931085004e-05,0.0001190011706392,2.95099525769581,0.0028943216127663,0.256004655178,66.96605845970922,5734.183955258337,5667.217896798627,23.042647812143553,208.2664182117966
529,21.16,210.718727299705,9.47964064061099,-223.786102847885,-13.6412254599847,438.666414966964,0,0,0,0,-17.7266422099394,-17.2768174371625,-4.50996425180383e-05,0.0001188973455882,2.93201897357349,0.002894622066062,0.251042169748,67.21937057471837,5733.94862598101,5666.7292554062915,22.531170590064207,208.24846097167895
530,21.2,210.710090438254,9.46958101721163,-223.693582790431,-13.6412343986594,438.575326610132,0,0,0,0,-17.7266542331538,-17.1940126533408,-4.51200665081238e-05,0.0001187956077237,2.91252286744486,0.0028949534076072,0.246144218552,67.46475874179002,5733.713605010239,5666.248846268449,22.02816603515374,208.23080626133665
531,21.24,210.70146512704,9.45954229967748,-223.601794717024,-13.6412504142154,438.484967958602,0,0,0,0,-17.7266754604139,-17.111915619946,-4.5139875247205e-05,0.0001186959394034,2.89251095217877,0.0028953151473622,0.241310886152,67.70228021207934,5733.478898337425,5665.7766181253455,21.533585936967835,208.21345219700845
532,21.28,210.692851582614,9.44952516838068,-223.510745549391,-13.6412734623019,438.395345425926,0,0,0,0,-17.7267058341727,-17.0305327616707,-4.51590789951698e-05,0.0001185983222782,2.87198734527117,0.0028957067896306,0.236542225454,67.93199488956391,5733.2445118552205,5665.312516965657,21.047379156316417,208.19639679381478
533,21.32,210.684250018369,9.43953029360193,-223.420441651463,-13.641303496945,438.306464873175,0,0,0,0,-17.7267452947713,-16.9498699574648,-4.51776880914331e-05,0.0001185027373273,2.85095626524939,0.0028961278334611,0.231838258456,68.15396522348459,5733.010451370346,5664.856486146862,20.56949174860513,208.17963797018137
534,21.36,210.675660644862,9.42955833568311,-223.330888840522,-13.641340470615,438.218331620316,0,0,0,0,-17.7267937805257,-16.8699325513339,-4.51957129426656e-05,0.0001184091648936,2.82942202811111,0.0028965777730369,0.227198977003,68.36825609555369,5732.776722612349,5664.408466516795,20.09986708370237,208.16317355230618
535,21.4,210.667083669998,9.41960994505177,-223.242092398399,-13.6413843342931,438.130950457637,0,0,0,0,-17.7268512278138,-16.790725363245,-4.52131640122842e-05,0.0001183175847187,2.80738904379616,0.0028970560980523,0.222624343544,68.57493470758321,5732.543331238612,5663.968396531029,19.63844596375326,208.14700127847323
536,21.44,210.658519299244,9.40968576229726,-223.154057082698,-13.6414350375365,438.044325657181,0,0,0,0,-17.7269175711599,-16.7122527000675,-4.5230051809825e-05,0.0001182279759765,2.78486181269388,0.0028975622940762,0.218114291885,68.77407047234328,5732.310282840178,5663.536212367835,19.18516673912391,208.13111880327725
537,21.48,210.649967735949,9.39978641841974,-223.06678713811,-13.6414925285438,437.958460984182,0,0,0,0,-17.7269927433194,-16.6345183665617,-4.52463868796369e-05,0.0001181403173073,2.76184492219132,0.0028980958429036,0.213668727947,68.96573490838598,5732.077582950455,5663.111848042068,18.739965423646066,208.1155237018088
538,21.52,210.641429181772,9.38991253521376,-222.98028630782,-13.6415567542178,437.873359708596,0,0,0,0,-17.7270766753608,-16.5575256764401,-4.52621797914706e-05,0.0001180545868502,2.73834304326632,0.0028986562228962,0.209287530519,69.15000154088163,5731.845237056862,5662.69523551598,18.302775808474735,208.10021347372677
539,21.56,210.632903837094,9.38006472563265,-222.894557845048,-13.6416276602295,437.789024616739,0,0,0,0,-17.7271692967484,-16.4812774635432,-4.52774411303291e-05,0.000117970762275,2.71436092712468,0.0028992429093119,0.204970552014,69.3269458035581,5731.613250612047,5662.286304808488,17.87352957402679,208.08518554727377
540,21.6,210.624391901321,9.37024359400749,-222.809604524663,-13.64170519108,437.705458023056,0,0,0,0,-17.7272705354229,-16.4057760931079,-4.52921814873079e-05,0.0001178888208151,2.68990340187858,0.0028998553746245,0.20071761923,69.49664493935137,5731.381629042119,5661.884984102768,17.45215639967076,208.07043728323018
541,21.64,210.615893573074,9.36044973613016,-222.725428654821,-13.6417892901627,437.622661781928,0,0,0,0,-17.7273803178823,-16.3310234730706,-4.5306411450847e-05,0.0001178087392967,2.66497536926597,0.0029004930888325,0.196528534094,69.65917790046353,5731.1503777518365,5661.491199851373,17.03858406911103,208.05596597877712
542,21.68,210.60740905036,9.35068373932463,-222.642032088602,-13.6418798998241,437.540637299462,0,0,0,0,-17.7274985692607,-16.2570210653608,-4.5320141596363e-05,0.0001177304941702,2.63958180141445,0.0029011555197563,0.192403074424,69.81462524856813,5730.919502129239,5661.10487688067,16.6327385756248,208.0417688713346
543,21.72,210.598938530799,9.34094618262523,-222.559416235624,-13.6419769614235,437.45938554522,0,0,0,0,-17.7276252134059,-16.1837698971756,-4.53333824799476e-05,0.0001176540615402,2.6137277376549,0.0029018421333232,0.18834099467,69.96306906229817,5730.689007551844,5660.725938489546,16.234544224642395,208.02784314218857
544,21.76,210.590482211943,9.3312376370707,-222.477582073659,-13.6420804153912,437.378907063922,0,0,0,0,-17.727760172955,-16.1112705722607,-4.53461446290497e-05,0.0001175794171927,2.58741828138718,0.00290255239384,0.184342026661,70.10459284511418,5730.458899395315,5660.354306550201,15.843923734858775,208.01418592019533
545,21.8,210.582040291592,9.32155866601826,-222.396530160282,-13.642190201286,437.299201987142,0,0,0,0,-17.7279033694091,-16.0395232822513,-4.53584385346911e-05,0.0001175065366248,2.56065859699642,0.0029032857642556,0.18040588034,70.23928144085487,5730.229183042063,5659.989901601208,15.460798337649269,208.00079428520132
546,21.84,210.57361296804,9.3119098253755,-222.316260644522,-13.642306257851,437.220270045037,0,0,0,0,-17.7280547232059,-15.9685278180497,-4.53702746449659e-05,0.0001174353950717,2.5334539068171,0.0029040417064123,0.176532244504,70.3672209444361,5729.999863887942,5659.632642943507,15.085087873717633,207.98766527157076
547,21.88,210.565200440239,9.30229166373305,-222.236773278517,-13.6424285230693,437.142110578093,0,0,0,0,-17.7282141537917,-15.898283581204,-4.53816633563986e-05,0.0001173659675332,2.50580948814562,0.0029048196812888,0.172720787531,70.48849861598934,5729.770947346714,5659.282448730724,14.716710887121076,207.97479587150482
548,21.92,210.556802907945,9.29270472246772,-222.158067429153,-13.6425569342176,437.064722548848,0,0,0,0,-17.7283815796918,-15.8287895952372,-4.53926150081689e-05,0.0001172982288008,2.47773067030454,0.0029056191492337,0.168971158108,70.6032027949703,5729.542438854014,5658.939236059044,14.355584717420093,207.96218303834445
549,21.96,210.548420571895,9.28314953589421,-222.080142089646,-13.6426914279202,436.988104553568,0,0,0,0,-17.7285569185799,-15.7600445168788,-4.54031398758929e-05,0.0001172321534826,2.4492228317615,0.0029064395701897,0.165282985954,70.71142281627087,5729.314343872176,5658.602921055905,14.00162558982532,207.94982368982988
550,22.0,210.540053634033,9.27362663147983,-222.002995891088,-13.6428319402011,436.912254833843,0,0,0,0,-17.7287400873456,-15.6920466472363,-4.54132481645164e-05,0.0001171677160279,2.42029139730124,0.0029072804039067,0.161655882532,70.8132489322377,5729.086667896375,5658.273418964137,13.654748703519166,207.93771471119246
551,22.04,210.531702297738,9.26413653007746,-221.92662711392,-13.6429784065341,436.837171288115,0,0,0,0,-17.7289310021609,-15.6247939429139,-4.54229500028e-05,0.0001171048907519,2.3909418352465,0.0029081411101456,0.158089441759,70.90877223440837,5728.859416460836,5657.950644226427,13.31486831781104,207.925852958259
552,22.08,210.523366768026,9.25467974613567,-221.851033699341,-13.6431307618934,436.762851483124,0,0,0,0,-17.7291295785442,-15.5582840271239,-4.5432255437193e-05,0.0001170436518586,2.36117965472612,0.0029090211488712,0.154583240711,70.9980845790425,5728.632595144328,5657.634510565285,12.981897836674294,207.9142352603901
553,22.12,210.515047251716,9.24525678789484,-221.776213260653,-13.6432889408006,436.689292665275,0,0,0,0,-17.7293357314226,-15.4925142007735,-4.54411744275709e-05,0.0001169839734642,2.33101040299524,0.0029099199804366,0.151136840308,71.08127851357202,5728.406209574683,5657.324931061111,12.6557498896432,207.90285842334936
554,22.16,210.50674395762,9.23586815760211,-221.70216309455,-13.6434528773722,436.61649177194,0,0,0,0,-17.7295493751934,-15.427481453503,-4.5449716840668e-05,0.0001169258296183,2.30043966281614,0.0029108370657592,0.147749786008,71.15844720490769,5728.180265433965,5657.021818229057,12.336336412213994,207.89171923212794
555,22.2,210.498457096741,9.22651435174147,-221.628880192339,-13.6436225053654,436.544445442704,0,0,0,0,-17.7297704237827,-15.3631824746386,-4.54578924463023e-05,0.0001168691943257,2.26947304990401,0.0029117718664891,0.144421608477,71.22968437237866,5727.954768463858,5656.725084091479,12.023568722973545,207.880814453607
556,22.24,210.490186882439,9.21719586122132,-221.556361251101,-13.6437977582221,436.473150030541,0,0,0,0,-17.7299987907041,-15.2996136640318,-4.54657109123693e-05,0.0001168140415674,2.23811621043252,0.0029127238451693,0.141151824269,71.29508421777957,5727.729724470184,5656.434640252404,11.717357599538694,207.8701408392944
557,22.28,210.481933530522,9.20791317147049,-221.484602684739,-13.6439785691132,436.402601612904,0,0,0,0,-17.7302343891152,-15.2367711427756,-4.54731818006974e-05,0.0001167603453202,2.20637481858732,0.0029136924653897,0.137939936485,71.35474135921783,5727.505139325377,5656.150397966159,11.417613351511957,207.8596951278468
558,22.32,210.47369725929,9.19866676248303,-221.413600634914,-13.6441648709808,436.332796002701,0,0,0,0,-17.7304771318727,-15.1746507638025,-4.5480314562628e-05,0.0001167080795759,2.17425457415977,0.0029146771919313,0.134785435427,71.40875076269816,5727.281018969682,5655.872268206984,11.124245891073786,207.84947404762784
559,22.36,210.465478289621,9.18945710893956,-221.343350981861,-13.6443565965795,436.263728759122,0,0,0,0,-17.7307269315862,-15.1132481223722,-4.54871185359415e-05,0.0001166572183608,2.14176120018468,0.0029156774909043,0.131687799246,71.45720768038008,5727.057369413496,5655.600161733117,10.837164802616382,207.8394743190632
560,22.4,210.457276845223,9.18028468051207,-221.273849355086,-13.6445536785159,436.195395198313,0,0,0,0,-17.7309837006696,-15.0525585664565,-4.54936029397074e-05,0.0001166077357532,2.10890044063537,0.0029166928298771,0.128646494579,71.50020759151386,5726.834196744226,5655.333989152712,10.556279410243341,207.8296926570632
561,22.44,210.449093152993,9.17114994231301,-221.205091143965,-13.6447560492872,436.127790403932,0,0,0,0,-17.7312473513909,-14.9925772070478,-4.5499776873668e-05,0.0001165596059002,2.07567805818815,0.0029177226779989,0.12566097717,71.53784615262487,5726.611507136049,5655.073660983424,10.281498843639993,207.82012577321214
562,22.48,210.440927443335,9.16205335529682,-221.137071508257,-13.6449636413174,436.060909237613,0,0,0,0,-17.7315177959199,-14.9332989283952,-4.5505649312105e-05,0.0001165128030352,2.04209983205607,0.0029187665061161,0.12273069249,71.570219145569,5726.389306858582,5654.819087713013,10.012732101990942,207.8107703779959
563,22.52,210.432779950281,9.15299537641723,-221.069785388481,-13.6451763869935,435.994746349338,0,0,0,0,-17.7317949463747,-14.8747183981347,-4.55112291029802e-05,0.0001164673014935,2.00817155588005,0.0029198237868827,0.119855076343,71.59742242440612,5726.167602280158,5654.570179855751,9.74988811499801,207.80162318287466
564,22.56,210.424650911369,9.14397645852516,-221.003227516157,-13.6453942187005,435.929296187702,0,0,0,0,-17.7320787148673,-14.8168300772811,-4.55165249648177e-05,0.0001164230757278,1.9738990356636,0.0029208939948654,0.117033555463,71.61955185503388,5725.946399864514,5654.32684800948,9.492875800797291,207.79268090237963
565,22.6,210.416540567487,9.13499705022268,-220.937392423896,-13.6456170688547,435.864553010015,0,0,0,0,-17.7323690135474,-14.759628230024,-4.55215454841208e-05,0.0001163801003233,1.93928808774701,0.0029219766066434,0.114265548099,71.63670325867979,5725.725706166548,5654.089002907868,9.241604122195062,207.78394025603356
566,22.64,210.408449162931,9.12605759596273,-220.872274455323,-13.645844869937,435.800510892228,0,0,0,0,-17.7326657546448,-14.7031069332966,-4.55262991130001e-05,0.0001163383500113,1.9043445368284,0.0029230711009025,0.111550464597,71.6489723599925,5725.505527833892,5653.8565554739,8.995982142113897,207.77539797031653
567,22.68,210.400376945784,9.11715853651505,-220.80786777488,-13.6460775545235,435.737163738672,0,0,0,0,-17.7329688505101,-14.6472600861617,-4.55307941676161e-05,0.0001162977996833,1.86907421404316,0.0029241769585225,0.108887707964,71.65645474754433,5725.2858716172295,5653.629416869685,8.755919077784393,207.76705078049625
568,22.72,210.392324168466,9.10830030963113,-220.74416637749,-13.6463150553154,435.67450529164,0,0,0,0,-17.7332782136533,-14.5920814190868,-4.55350388262328e-05,0.0001162584244039,1.83348295510705,0.0029252936626605,0.106276674424,71.6592458412418,5725.066744385257,5653.407498544016,8.521324353743086,207.75889543237582
569,22.76,210.384291088171,9.09948335057474,-220.681164098082,-13.6465573051679,435.612529140846,0,0,0,0,-17.733593756781,-14.5375645031589,-4.55390411271553e-05,0.0001162201994227,1.79757659851949,0.0029264206988287,0.10371675396,71.65744085792208,5724.8481531365815,5653.19071227866,8.292107652018602,207.75092868399497
570,22.8,210.37627796696,9.0907080922827,-220.618854620957,-13.6468042371172,435.551228732752,0,0,0,0,-17.7339153928319,-14.4837027592276,-4.55428089678687e-05,0.0001161831001868,1.76136098382015,0.002927557554968,0.101207330849,71.65113477028655,5724.630105002244,5652.978970231958,8.0681789597289,207.74314730723225
571,22.84,210.368285071573,9.08197496520518,-220.557231488974,-13.6470557844068,435.490597379749,0,0,0,0,-17.7342430350113,-14.4304894669075,-4.55463501036374e-05,0.0001161471023511,1.72484194989515,0.0029287037215189,0.0987477841816,71.64042225841862,5724.412607240611,5652.772184982192,7.849448613481662,207.73554808939875
572,22.88,210.3603126732,9.0732843971113,-220.496288112557,-13.6473118805129,435.430628269159,0,0,0,0,-17.7345765968233,-14.3779177733546,-4.55496721458598e-05,0.00011611218179,1.68802533333365,0.0029298586914872,0.0963374883713,71.62539766506798,5724.195667231138,5652.57026956607,7.6358273424574765,207.72812783465238
573,22.92,210.352361047495,9.06463681315398,-220.436017778544,-13.647572459168,435.371314472053,0,0,0,0,-17.7349159921024,-14.3259807017682,-4.55527825623551e-05,0.0001160783146062,1.65091696683508,0.0029310219605067,0.0939758136577,71.60615495513026,5723.979292474752,5652.373137519621,7.427226310562723,207.72088336550078
574,22.96,210.34443047491,9.05603263628624,-220.376413658862,-13.6478374543844,435.312648951871,0,0,0,0,-17.7352611350435,-14.2746711596401,-4.55556886752042e-05,0.0001160454771411,1.613522677664,0.0029321930268986,0.0916621265932,71.58278768734858,5723.76349060294,5652.180702915592,7.223557157517488,207.71381152417564
575,23.0,210.336521241216,9.04747228788908,-220.317468819066,-13.6481068004759,435.254624572869,0,0,0,0,-17.7356119402307,-14.2239819468332,-4.55583976611808e-05,0.0001160136459835,1.57584828614868,0.0029333713917268,0.0893957905217,71.55538899399446,5723.5482693919275,5651.992880397933,7.024732039038881,207.70690917389996
576,23.04,210.328633638018,9.03895618838118,-220.259176226696,-13.6483804320792,435.197234108413,0,0,0,0,-17.7359683226643,-14.1739057635215,-4.55609165509114e-05,0.0001159827979778,1.53789960422466,0.0029345565588515,0.0871761660437,71.52405155910995,5723.333636776692,5651.809585217582,6.830663664653643,207.7001732002031
577,23.08,210.320767963103,9.03048475765221,-220.201528759466,-13.648658284173,435.14047024909,0,0,0,0,-17.7363301977866,-14.1244352180213,-4.55632522286006e-05,0.0001159529102321,1.49968243403203,0.0029357480349788,0.0850026114699,71.48886759703409,5723.11960086043,5651.630733263396,6.641265333593801,207.69360051205754
578,23.12,210.312924520595,9.0220584152895,-220.144519213265,-13.6489402920967,435.084325610668,0,0,0,0,-17.7366974815058,-14.0755628344996,-4.5565411432169e-05,0.0001159239601252,1.46120256657472,0.0029369453297092,0.0828744832623,71.44992882598743,5722.906169918776,5651.456241092788,6.456450968286981,207.6871880430048
579,23.16,210.305103620966,9.01367758064665,-220.088140309963,-13.6492263915677,435.02879274185,0,0,0,0,-17.7370700902184,-14.027281060511,-4.55674007525358e-05,0.0001158959253139,1.42246578044159,0.0029381479555819,0.080791136463,71.40732643855526,5722.693352400104,5651.286025961549,6.276135145778094,207.68093275225115
580,23.2,210.297305580962,9.00534267282651,-220.032384705022,-13.6495165186975,434.973864131854,0,0,0,0,-17.7374479408304,-13.9795822743632,-4.55692266349537e-05,0.0001158687837392,1.38347784057685,0.0029393554281185,0.0787519251124,71.36115107459904,5722.481156923511,5651.120005848912,6.100233127811044,207.6748316255891
581,23.24,210.289530723546,8.99705411067693,-219.97724499492,-13.6498106100071,434.919532217797,0,0,0,0,-17.7378309507777,-13.9324587922485,-4.5570895378053e-05,0.0001158425136317,1.34424449708496,0.0029405672658631,0.0767562026547,71.31149279072191,5722.269592277269,5650.958099486547,5.92866088891433,207.66888167646246
582,23.28,210.281779377982,8.98881231294369,-219.922713724399,-13.6501086024422,434.86578939188,0,0,0,0,-17.7382190380451,-13.8859028751324,-4.55724131354385e-05,0.0001158170935179,1.30477148406399,0.0029417829904227,0.0748033223335,71.25844104132841,5722.058667421108,5650.80022637978,5.7613351440487985,207.66307994674654
583,23.32,210.274051880207,8.9806176987242,-219.868783393532,-13.6504104333866,434.812628008401,0,0,0,0,-17.7386121211843,-13.8399067353606,-4.5573785915138e-05,0.0001157925022247,1.26506451847544,0.0029430021265049,0.072892637576,71.20208466294883,5721.848391496339,5650.646306833391,5.598173374895896,207.65742350769602
584,23.36,210.266348573503,8.97247068824401,-219.815446464635,-13.6507160406749,434.760040390569,0,0,0,0,-17.7390101193305,-13.7944625430302,-4.55750195812271e-05,0.0001157687188838,1.22512929906503,0.0029442242019549,0.0710235023654,71.14251187196547,5721.63877384414,5650.496261972175,5.439093855533127,207.65190946070055
585,23.4,210.258669809311,8.96437170376858,-219.762695369005,-13.6510253626042,434.708018837152,0,0,0,0,-17.7394129522177,-13.7495624321813,-4.55761198539333e-05,0.0001157457229359,1.1849715053423,0.002945448747791,0.0691952716016,71.07981026497495,5721.429824027708,5650.3500137627325,5.284015676561953,207.64653493808555
586,23.44,210.251015947845,8.95632117031809,-219.710522513466,-13.651338337945,434.656555628938,0,0,0,0,-17.7398205401925,-13.7051985068842,-4.55770923106837e-05,0.0001157234941343,1.14459679661495,0.0029466752982392,0.0674073014499,71.01406681822917,5721.221551848967,5650.207485030737,5.132858767436037,207.64129710374684
587,23.48,210.243387358289,8.94831951592346,-219.658920286718,-13.6516549059509,434.605643035034,0,0,0,0,-17.7402328042273,-13.6613628472332,-4.5577942387611e-05,0.0001157020125487,1.10401081106687,0.0029479033907668,0.0656589496768,70.94536787445286,5721.013967353922,5650.068599479469,4.98554391617433,207.6361931538316
588,23.52,210.235784418577,8.94036717144276,-219.607881065463,-13.6519750063678,434.555273318966,0,0,0,0,-17.7406496659317,-13.6180475151959,-4.55786753795192e-05,0.0001156812585676,1.06321916487193,0.0029491325661149,0.0639495759746,70.87379912050805,5720.807080826685,5649.933281706177,4.841992787070713,207.63122031733982
589,23.56,210.228207515057,8.932464570263,-219.557397220339,-13.6522985794419,434.505438744576,0,0,0,0,-17.7410710475636,-13.5752445602457,-4.55792964415676e-05,0.0001156612129,1.02222745134353,0.0029503623683298,0.0622785422741,70.79944556498992,5720.600902780317,5649.801457215327,4.702127937111705,207.62637585661116
590,23.6,210.220657042453,8.92461214831323,-219.507461121652,-13.6526255659265,434.456131581718,0,0,0,0,-17.741496872038,-13.5329460247262,-4.55798105915854e-05,0.0001156418565791,0.981041240123475,0.0029515923447945,0.0606452130465,70.72239152177444,5720.395443955807,5649.673052434033,4.565872831612354,207.62165706789182
591,23.64,210.213133404339,8.91681034463038,-219.458065144945,-13.6529559070892,434.407344111743,0,0,0,0,-17.7419270629358,-13.4911439489428,-4.55802227094382e-05,0.0001156231709629,0.939666076410361,0.00295282204626,0.0590489555952,70.64272061180058,5720.190715334963,5649.547994723162,4.433151859849355,207.61706128174296
592,23.68,210.205637014062,8.90905960238088,-219.409201676412,-13.6532895447176,434.35906863281,0,0,0,0,-17.7423615445121,-13.4498303760206,-4.55805375403325e-05,0.0001156051377357,0.898107480223609,0.0029540510268776,0.0574891403355,70.56051577546911,5719.986728165529,5649.42621239006,4.303890349873698,207.612585863508
593,23.72,210.198168295762,8.90136036998778,-219.360863118137,-13.6536264211249,434.311297465036,0,0,0,0,-17.742800241703,-13.408997356557,-4.55807596948821e-05,0.0001155877389095,0.856370945700582,0.0029552788442301,0.0559651410652,70.47585929011123,5719.783493988943,5649.307634698831,4.178014582335108,207.6082282136908
594,23.76,210.19072768516,8.89371310199891,-219.313041893176,-13.6539664791542,434.264022955491,0,0,0,0,-17.7432430801314,-13.3686369530958,-4.5580893651132e-05,0.0001155709568249,0.814461940430779,0.0029565050593637,0.0544763352226,70.38883278301842,5719.581024661776,5649.1921918787575,4.055451802486605,207.6039857682647
595,23.8,210.183315629946,8.88611825952853,-219.265730450429,-13.6543096621821,434.217237483029,0,0,0,0,-17.7436899861119,-13.3287412444305,-4.55809437564811e-05,0.0001155547741503,0.772385904834568,0.0029577292368185,0.0530221041344,70.29951723201197,5719.379332366294,5649.079815134282,3.936130230227466,207.5998559990396
596,23.84,210.175932589834,8.87857631035341,-219.218921269322,-13.6546559141218,434.170933462925,0,0,0,0,-17.7441408866546,-13.2893023297684,-4.55809142292998e-05,0.0001155391738832,0.730148251589136,0.0029589509446601,0.0516018332519,70.20799296123684,5719.178429611952,5648.970436650716,3.8199790686632205,207.59583641387158
597,23.88,210.168579036504,8.87108772889575,-219.172606864286,-13.6550051794251,434.125103351319,0,0,0,0,-17.7445957094681,-13.2503123327597,-4.55808091602647e-05,0.0001155241393497,0.687754365094243,0.0029601697545109,0.0502149123765,70.11433963331363,5718.978329233819,5648.863989600505,3.706928511409376,207.5919245568934
598,23.92,210.161255453668,8.8636529963362,-219.126779789039,-13.6553574030845,434.079739649455,0,0,0,0,-17.745054382962,-13.2117634053674,-4.55806325146147e-05,0.0001155096542032,0.645209600964987,0.0029613852415827,0.0488607358742,70.01863624583036,5718.779044394365,5648.760408148534,3.596909749092971,207.58811800870907
599,23.96,210.1539623374,8.85627260101588,-219.081432640714,-13.655712530634,434.034834907731,0,0,0,0,-17.7455168362481,-13.1736477315349,-4.5580388133605e-05,0.0001154957024243,0.602519285543862,0.0029625969847093,0.0475387028803,69.92096113676914,5718.580588592454,5648.659627455685,3.4898549753545898,207.584414386525
600,24.0,210.146700196802,8.8489470391736,-219.036558063807,-13.6560705081499,433.990381729586,0,0,0,0,-17.7459829991415,-13.1359575305952,-4.55800797367751e-05,0.0001154822683199,0.559688715435706,0.0029638045663799,0.0462482174943,69.82139199892917,5718.382975681455,5648.561583682525,3.385697392289755,207.58081134428525
601,24.04,210.139469554938,8.84167681595597,-218.992148753993,-13.6564312822503,433.946372775225,0,0,0,0,-17.7464528021605,-13.0986850604113,-4.55797109240269e-05,0.0001154693365213,0.516723157075973,0.0029650075727732,0.0449886889652,69.7200059031254,5718.1862198946665,5648.466213991541,3.284371215278015,207.5773065727538
602,24.08,210.132270949872,8.83446244654484,-218.948197461776,-13.6567948000956,433.902800765199,0,0,0,0,-17.746926176526,-13.0618226203013,-4.55792851769273e-05,0.0001154568919833,0.473627846339326,0.002966205593792,0.0437595318675,69.61687932446151,5717.990335873554,5648.373456549092,3.1858116769144673,207.57389779958623
603,24.12,210.125104935647,8.8273044571898,-218.904696995979,-13.6571610093869,433.859658483823,0,0,0,0,-17.7474030541611,-13.0253625537805,-4.55788058616961e-05,0.0001154449199818,0.430407988185982,0.0029673982230983,0.0425601662676,69.51208816856226,5717.7953386943955,5648.283250525833,3.089955029893766,207.57058278934534
604,24.16,210.117972082957,8.82020338594987,-218.861640227068,-13.657529858365,433.81693878244,0,0,0,0,-17.7478833676889,-12.9892972511767,-4.55782762306213e-05,0.0001154334061126,0.387068756337381,0.0029685850581495,0.0413900178799,69.40570778942923,5717.601243886567,5648.195536097138,2.9967385484743283,207.56735934351664
605,24.2,210.11087297949,8.81315978306255,-218.819020090291,-13.6579012958084,433.774634582526,0,0,0,0,-17.74836705043,-12.9536191521001,-4.55776994243196e-05,0.0001154223362888,0.343615292975206,0.0029697657002342,0.0402485182139,69.29781299871907,5717.408067441873,5648.110254443154,2.906100528724159,207.56422530051037
606,24.24,210.103808229987,8.80617421104292,-218.776829588647,-13.6582752710305,433.732738878621,0,0,0,0,-17.7488540363992,-12.9183207477679,-4.5577078473844e-05,0.0001154116967384,0.300052708464255,0.00297093975451,0.0391351047118,69.18847807108915,5717.2158258161535,5648.027347745065,2.8179802878010336,207.56117853552422
607,24.28,210.096778456318,8.7992472447899,-218.735061795681,-13.6586517338769,433.691244741086,0,0,0,0,-17.7493442603019,-12.8833945831845,-4.55764163029774e-05,0.0001154014740015,0.256386081102286,0.0029721068300424,0.0380492208765,69.07777674635109,5717.024535931353,5647.946759185002,2.7323181623433426,207.55821696054002
608,24.32,210.089784297881,8.79237947203416,-218.693709858128,-13.6590306347221,433.650145318697,0,0,0,0,-17.7498376575303,-12.8488332591614,-4.55757157302788e-05,0.0001153916549282,0.212620456896399,0.0029732665398441,0.0369903163916,68.96578224452162,5716.834215186379,5647.8684329418575,2.6490555067527386,207.55533852416988
609,24.36,210.082826412525,8.78557149433524,-218.652766998414,-13.6594119244663,433.60943384107,0,0,0,0,-17.7503341641582,-12.8146294341549,-4.55749794711636e-05,0.0001153822266753,0.168760849361255,0.0029744185009151,0.0359578472323,68.85256729419659,5716.644881482213,5647.7923141880165,2.5681346912150573,207.5525412115361
610,24.4,210.075905477955,8.77882392855837,-218.612226517033,-13.6597955545306,433.56910362096,0,0,0,0,-17.7508337169363,-12.7807758258815,-4.55742101404748e-05,0.0001153731767032,0.124812239335414,0.0029755623342837,0.0349512757688,68.73820417552338,5716.456553260148,5647.718349084625,2.4894990995451804,207.54982304409722
611,24.44,210.069022193258,8.77213740847946,-218.572081794797,-13.6601814768538,433.529148056429,0,0,0,0,-17.7513362532868,-12.7472652126757,-4.55734102537988e-05,0.0001153644927728,0.0807795748180408,0.0029766976650481,0.0339700708617,68.62276476526735,5716.26924954331,5647.646484778043,2.4130931262981306,207.54718207951782
612,24.48,210.062177280139,8.76551258607075,-218.532326294944,-13.6605696438871,433.4895606329,0,0,0,0,-17.7518417112974,-12.7140904346342,-4.55725822308529e-05,0.0001153561629424,0.0366677708321553,0.0029778241224192,0.0330137079498,68.50632057629458,5716.082989970292,5647.576669393998,2.3388621729332155,207.54461641145355
613,24.52,210.055371483593,8.75895013220623,-218.492953565105,-13.6609600085899,433.450334925082,0,0,0,0,-17.7523500297157,-12.6812443945941,-4.5571728396335e-05,0.0001153481755633,-0.0075182906825418,0.0029789413397651,0.03208166913,68.38894278167727,5715.8977948134425,5647.508852031765,2.266752642756747,207.54212416933723
614,24.56,210.048605572122,8.75245073689797,-218.453957239107,-13.6613525244249,433.411464598756,0,0,0,0,-17.7528611479423,-12.6487200590041,-4.55708509832321e-05,0.0001153405192774,-0.0517737609519373,0.0029800489546556,0.0311734432292,68.2707022256723,5715.713684984763,5647.44298275909,2.1967119348412947,207.53970351819234
615,24.6,210.041880337894,8.74601510947825,-218.415331038632,-13.6617471453521,433.3729434124,0,0,0,0,-17.753375006024,-12.6165104587213,-4.55699521338062e-05,0.000115333183013,-0.0960938244338659,0.0029811466089078,0.0302885258687,68.15166943621355,5715.530682040245,5647.379012604031,2.128688437520075,207.53735265833322
616,24.64,210.035196597261,8.73964397915685,-218.377068774733,-13.6621438258234,433.33476521866,0,0,0,0,-17.7538915446465,-12.58460868969,-4.55690339034706e-05,0.0001153261559805,-0.140473698874009,0.0029822339486328,0.0294264195205,68.03191464556224,5715.348808193956,5647.316893548394,2.062631521614395,207.53506982512368
617,24.68,210.028555191796,8.73333809611057,-218.33916434923,-13.6625425207765,433.296923965693,0,0,0,0,-17.7544107051263,-12.5530079134973,-4.55680982610461e-05,0.0001153194276688,-0.184908635349139,0.0029833106242826,0.0285866335573,67.91150782669399,5715.168086346265,5647.256578519571,1.9984915337068565,207.53285328867742
618,24.72,210.021956989684,8.7270982329346,-218.301611755994,-13.6629431856293,433.259413698373,0,0,0,0,-17.7549324294032,-12.5217013577799,-4.55671470923824e-05,0.0001153129878421,-0.229393918291659,0.0029843762906979,0.0277686842952,67.79051873896029,5714.98854012169,5647.198021382729,1.9362197891202264,207.5307013535705
619,24.76,210.015402887182,8.72092518616303,-218.264405082119,-13.6633457762729,433.222228559411,0,0,0,0,-17.7554566600322,-12.4906823164831,-4.55661822015369e-05,0.0001153068265338,-0.273924865492712,0.0029854306071568,0.0269720950303,67.66901697741308,5714.810193908625,5647.141176931212,1.875768564498266,207.52861235848889
620,24.8,210.008893809995,8.71481977769222,-218.227538508987,-13.663750249066,433.185362790356,0,0,0,0,-17.7559833401755,-12.4599441499365,-4.55652053137653e-05,0.0001153009340451,-0.318496828087129,0.0029864732374247,0.0261963960695,67.54707201755649,5714.633072896784,5647.086000879228,1.8170910897894335,207.5265846759598
621,24.84,210.002430714571,8.70878285611871,-218.19100631323,-13.664156560828,433.148810732511,0,0,0,0,-17.7565124135937,-12.4294802846999,-4.55642180771609e-05,0.0001152953009382,-0.363105190525288,0.0029875038498046,0.0254411247548,67.42475326030102,5714.457203112448,5647.032449852147,1.7601415397559634,207.52461671199498
622,24.88,209.996014589349,8.70281529801887,-218.154802867576,-13.6645646688324,433.112566827738,0,0,0,0,-17.7570438246376,-12.3992842131687,-4.55632220641907e-05,0.0001152899180334,-0.407745370533093,0.0029885221171883,0.0247058254827,67.30213007619538,5714.282611452407,5646.980481376211,1.7048750251168074,207.5227069057126
623,24.92,209.989646455836,8.69691800906092,-218.118922641588,-13.6649745308003,433.076625619163,0,0,0,0,-17.7575775182396,-12.3693494929778,-4.55622187753702e-05,0.0001152847764046,-0.452412819057178,0.0029895277171088,0.0239900497172,67.17927184264572,5714.109325713286,5646.93005387064,1.6512475830839553,207.5208537290471
624,24.96,209.983327369376,8.6910919247908,-218.083360202282,-13.6653861048939,433.040981751761,0,0,0,0,-17.7581134399049,-12.3396697463003,-4.5561209639377e-05,0.0001152798673747,-0.497103020193514,0.0029905203317919,0.0232933559974,67.05624797586233,5713.937374612456,5646.881126636594,1.5992161674570697,207.5190556863437
625,25.0,209.977058419649,8.68533801114922,-218.048110214628,-13.6657993497089,433.005629972837,0,0,0,0,-17.7586515357025,-12.3102386591131,-4.55601960169103e-05,0.0001152751825109,-0.541811491102885,0.0029914996482097,0.0226153099391,66.93312795461203,5713.766787801619,5646.833659847007,1.5487386382046475,207.51731131398478
626,25.04,209.970840731293,8.67965726512705,-218.013167441949,-13.6662142242679,432.970565132383,0,0,0,0,-17.7591917522559,-12.281049980451,-4.55591792009185e-05,0.0001152707136214,-0.586533781919743,0.0029924653581333,0.0219554842308,66.80998134741095,5713.597595883736,5646.787614536325,1.49977375087012,207.51561918001255
627,25.08,209.964675465181,8.67405071607923,-217.978526746215,-13.6666306880131,432.93578218333,0,0,0,0,-17.7597340367341,-12.2520975215957,-4.55581604203518e-05,0.0001152664527493,-0.631265475657281,0.0029934171581873,0.0213134586245,66.68687785858752,5713.42983044777,5646.742952589182,1.452281146155824,207.51397788371315
628,25.12,209.958563820502,8.66851942786944,-217.944183088274,-13.6670487007987,432.901276181705,0,0,0,0,-17.7602783368415,-12.2233751551705,-4.555714084065e-05,0.0001152623921701,-0.676002188104516,0.0029943547499039,0.0206888199219,66.56388739538531,5713.263524125315,5646.69963672993,1.406221339691976,207.5123860552318
629,25.16,209.952507037254,8.66306450142147,-217.910131527994,-13.667468222884,432.867042286711,0,0,0,0,-17.7608246008093,-12.1948768141006,-4.5556121567007e-05,0.0001152585243848,-0.720739567708262,0.0029952778397783,0.0200811619559,66.44108014819267,5713.098710658435,5646.657630510243,1.3615557117402255,207.51084235511718
630,25.2,209.946506398401,8.65768707692416,-217.876367224345,-13.6678892149263,432.833075760749,0,0,0,0,-17.761372777386,-12.1665964904305,-4.55551036446715e-05,0.000115254842118,-0.765473295437684,0.002996186139324,0.019490085568,66.31852665908201,5712.935424958359,5646.616898299278,1.3182464963426317,207.50934547395997
631,25.24,209.940563231214,8.65238833520248,-217.842885435388,-13.6683116379735,432.799371969373,0,0,0,0,-17.761922815828,-12.1385282339652,-4.55540880627906e-05,0.0001152513383117,-0.810199084636938,0.0029970793651279,0.0189151985819,66.1962978713604,5712.773703141972,5646.577405270612,1.2762567698669134,207.5078941319127
632,25.28,209.934678907963,8.64716949841771,-217.80968151818,-13.6687354534572,432.765926381182,0,0,0,0,-17.7624746658904,-12.1106661506816,-4.5553075754334e-05,0.0001152480061214,-0.85491268087428,0.0029979572389066,0.0183561157731,66.07446515818407,5712.61358255064,5646.539117392455,1.2355504389909107,207.5064870783302
633,25.32,209.928854846559,8.64203183072356,-217.776750928604,-13.6691606231852,432.732734567625,0,0,0,0,-17.7630282778177,-12.0830044009112,-4.55520675994083e-05,0.0001152448389112,-0.899609861791304,0.0029988194875621,0.0178124588355,65.95310035306494,5712.455101767688,5646.502001414623,1.1960922286997453,207.50512309129064
634,25.36,209.923092511672,8.63697663940358,-217.744089221113,-13.6695871093347,432.699792202716,0,0,0,0,-17.7635836023345,-12.0555371973557,-4.5551064426083e-05,0.00011524183025,-0.94428643694899,0.0029996658432377,0.0172838563432,65.83227579068749,5712.298300648817,5646.4660248581295,1.1578476703131673,207.50380097721333
635,25.4,209.917393416359,8.63200527653205,-217.711692048398,-13.6700148744449,432.66709506267,0,0,0,0,-17.7641405906367,-12.028258803035,-4.55500670126187e-05,0.0001152389739066,-0.988938247665413,0.0030004960433748,0.0167699437095,65.71206436409072,5712.1432203664035,5646.4311560023125,1.1207830897464497,207.50251957038543
636,25.44,209.911759123915,8.62711914086583,-217.679555161002,-13.67044388141,432.634639025461,0,0,0,0,-17.7646991943815,-12.0011635292716,-4.55490760890724e-05,0.0001152362638449,-1.03356116684446,0.0030013098307687,0.0162703631415,65.59253958606413,5711.989903459873,5646.397363873809,1.0848655956392477,207.50127773255684
637,25.48,209.906191249783,8.62231967978916,-217.647674406846,-13.670874093472,432.602420070311,0,0,0,0,-17.7652593656788,-11.9742457337163,-4.55480923384911e-05,0.0001152336942205,-1.07815109879994,0.0030021069536255,0.0157847635919,65.47377565358423,5711.838393887668,5646.3646182340835,1.0500630674370033,207.50007435248185
638,25.52,209.900691463644,8.61760839144915,-217.616045730713,-13.6713054742136,432.570434277121,0,0,0,0,-17.7658210570813,-11.9474998183621,-4.55471163995522e-05,0.000115231259375,-1.1227039790788,0.0030028871656178,0.0153128007069,65.35584751670632,5711.688737084122,5646.332889567416,1.0163441433709333,207.49890834547773
639,25.56,209.895261491866,8.61298682724894,-217.584665173678,-13.671737987551,432.538677825846,0,0,0,0,-17.7663842215759,-11.9209202275083,-4.55461488673568e-05,0.0001152289538327,-1.1672157742819,0.0030036502259407,0.0148541367715,65.23883095799565,5711.540980026101,5646.302149068106,0.9836782085112052,207.49777865295454
640,25.6,209.889903120089,8.60845659447469,-217.553528872482,-13.6721715977269,432.507146995823,0,0,0,0,-17.7669488125743,-11.8945014456161,-4.5545190295588e-05,0.0001152267722959,-1.2116824818769,0.0030043958993674,0.0144084406526,65.1228026741816,5711.395171303347,5646.272368629165,0.9520353827737977,207.49668424199945
641,25.64,209.884618195343,8.60401935844991,-217.522633058867,-13.6726062693039,432.475838165065,0,0,0,0,-17.7675147839044,-11.8682379950436,-4.55442411977686e-05,0.0001152247096406,-1.25610013000085,0.0030051239563047,0.0139753877392,65.00784034612542,5711.251361176101,5646.243520829976,0.9213865086410385,207.49562410492342
642,25.68,209.879408627269,8.59967684377142,-217.491974058856,-13.6730419671578,432.444747809511,0,0,0,0,-17.7680820898016,-11.8421244336251,-4.55433020491091e-05,0.000115222760912,-1.30046477725674,0.0030058341728483,0.0135546598809,64.89402268462817,5711.109601608347,5646.215578923719,0.8917031385513384,207.49459725879888
643,25.72,209.87427638868,8.59543083488561,-217.461548291967,-13.6734786564705,432.413872502231,0,0,0,0,-17.7686506848998,-11.8161553520457,-4.55423732876043e-05,0.0001152209213214,-1.34477251251199,0.0030065263308383,0.0131459453241,64.78142945741374,5710.969946283058,5646.188516825644,0.8629575220663066,207.493602745029
644,25.76,209.869223516345,8.59128317688208,-217.431352270393,-13.6739163027241,432.38320891258,0,0,0,0,-17.7692205242235,-11.7903253710222,-4.55414553162065e-05,0.000115219186241,-1.38901945470329,0.0030072002179135,0.0127489386467,64.67014152189618,5710.832450623541,5646.162309101645,0.8351225932397471,207.49263962892758
645,25.8,209.864252112749,8.58723577728226,-217.401382598124,-13.6743548716938,432.352753805285,0,0,0,0,-17.7697915631788,-11.7646291383525,-4.55405485039324e-05,0.0001152175511997,-1.43320175264484,0.003007855627566,0.0123633406902,64.56024088613147,5710.697171841329,5646.136930955197,0.8081719583742701,207.4917069992391
646,25.84,209.859364348842,8.58329060883602,-217.371635970045,-13.6747943294418,432.322504039493,0,0,0,0,-17.7703637575453,-11.7390613259607,-4.55396531868458e-05,0.0001152160118798,-1.47731558483429,0.0030084923591943,0.0119888584905,64.45181079418255,5710.564169010979,5646.112358216797,0.7820798841270002,207.4908039677507
647,25.88,209.854562467118,8.579449712642,-217.342109170985,-13.6752346423107,432.292456567771,0,0,0,0,-17.770937063468,-11.7136166270017,-4.55387696698071e-05,0.0001152145641132,-1.52135715925305,0.0030091102181568,0.0116252052063,64.34493582231325,5710.43350315386,5646.088567331547,0.7568212856710166,207.48992966883594
648,25.92,209.849848784349,8.57571520092455,-217.312799074744,-13.6756757769177,432.262608435086,0,0,0,0,-17.7715114374488,-11.6882897530493,-4.55378982284016e-05,0.0001152132038762,-1.56532271316353,0.0030097090158229,0.0112721000457,64.23970196634956,5710.305237312552,5646.0655353462025,0.7323717147094894,207.48908325897852
649,25.96,209.845225693922,8.57208925940605,-217.283702643083,-13.6761177001478,432.232956777746,0,0,0,0,-17.772086836339,-11.6630754313198,-4.55370391091779e-05,0.0001152119272871,-1.60920851290699,0.0030102885696256,0.0109292681919,64.13619671500525,5710.1794366144295,5646.043239899424,0.7087073473757883,207.4882639164144
650,26.0,209.840695668151,8.56857414965443,-217.254816924679,-13.676560379148,432.203498822323,0,0,0,0,-17.7726632173306,-11.6379684018735,-4.55361925315044e-05,0.0001152107306012,-1.65301085370265,0.0030108487031117,0.0105964407265,64.03450912646,5710.056168334585,5646.021659208125,0.6858049721463443,207.4874708406299
651,26.04,209.836261260705,8.56517221154569,-217.22613905406,-13.6770037813215,432.174231884542,0,0,0,0,-17.7732405379497,-11.6129634147766,-4.55353586892545e-05,0.0001152096102078,-1.69672605944478,0.0030113892459924,0.010273354553,63.934729905332105,5709.935501961891,5646.000772056558,0.6636419779030208,207.4867032519607
652,26.08,209.831925108707,8.56188586539582,-217.197666250515,-13.6774478743221,432.145153368148,0,0,0,0,-17.7738187560482,-11.5880552271963,-4.55345377512274e-05,0.0001152085626268,-1.7403504824963,0.0030119100341923,0.00995975231812,63.83695147157782,5709.817509256119,5645.980557784541,0.642196341905745,207.48596039115907
653,26.12,209.827689933963,8.55871761321373,-217.169395816967,-13.6778926260481,432.116260763765,0,0,0,0,-17.7743978297972,-11.5632386003897,-4.5533729862984e-05,0.0001152075845039,-1.78388050348191,0.003012410909898,0.00965538233307,63.74126800471972,5709.702264281382,5645.960996276662,0.6214466176734814,207.4852415189973
654,26.16,209.823558543492,8.555670039242,-217.141325138826,-13.6783380046373,432.087551647713,0,0,0,0,-17.7749777176792,-11.5385082965526,-4.55329351479207e-05,0.0001152066726088,-1.82731253108659,0.0030128917216047,0.00935999849407,63.64777547040681,5709.589843420559,5645.942067950153,0.601371922846129,207.48454591582188
655,26.2,209.819533830375,8.55274581083883,-217.113451682816,-13.6787839784611,432.059023680813,0,0,0,0,-17.7755583784814,-11.5138590755462,-4.55321537080656e-05,0.0001152058238299,-1.87064300186276,0.0030133523241625,0.00907336020204,63.556571654896395,5709.480325398393,5645.9237537434965,0.5819519272881977,207.483872881135
656,26.24,209.815618776053,8.54994768080231,-217.085772995783,-13.6792305161194,432.030674607153,0,0,0,0,-17.7761397712889,-11.4892856915547,-4.55313856256912e-05,0.000115205035172,-1.91386838004295,0.0030137925788211,0.00879523228174,63.46775623686197,5709.373791344025,5645.906035107164,0.5631668416900919,207.483221733254
657,26.28,209.811816454106,8.54727849120968,-217.058286703495,-13.6796775864357,432.002502252827,0,0,0,0,-17.7767218554776,-11.4647828898062,-4.55306309639909e-05,0.0001152043037531,-1.95698515735202,0.0030142123532736,0.00852538490026,63.381430903355806,5709.27032489383,5645.888893990474,0.5449974066416053,207.4825918088286
658,26.32,209.808130034427,8.54474117763784,-217.030990509428,-13.6801251584516,431.974504524669,0,0,0,0,-17.7773045907081,-11.4403454033987,-4.55298897684239e-05,0.0001152036268001,-1.99998985281592,0.0030146115216999,0.00826359348496,63.29769947329831,5709.170012304987,5645.872312831689,0.5274248817975318,207.48198246247688
659,26.36,209.804562786419,8.5423387724118,-217.003882193551,-13.6805732014217,431.94667940898,0,0,0,0,-17.7778879369188,-11.4159679502561,-4.55291620673731e-05,0.0001152030016465,-2.04287901256922,0.0030149899648083,0.00800963864086,63.21666799448847,5709.072942542483,5645.856274547995,0.510431034855344,207.48139306641693
660,26.4,209.801118080852,8.54007440648362,-216.976959611075,-13.6810216848096,431.919024970252,0,0,0,0,-17.7784718543197,-11.3916452301618,-4.55284478732389e-05,0.0001152024257287,-2.08564920966587,0.0030153475698756,0.00776330606764,63.1384448065101,5708.979207329643,5645.840762523133,0.49399813035048584,207.48082301001253
661,26.44,209.797799391051,8.537951310663,-216.950220691215,-13.6814705782821,431.891539349885,0,0,0,0,-17.7790563033867,-11.3673719218645,-4.55277471830845e-05,0.0001152018965826,-2.12829704389488,0.0030156842307864,0.0075243864766,63.06314058214441,5708.888901180454,5645.82576059831,0.47810891844852804,207.48027169943896
662,26.48,209.79461029433,8.53597281707146,-216.923663435917,-13.6819198517055,431.864220764881,0,0,0,0,-17.7796412448553,-11.3431426802152,-4.55270599807384e-05,0.0001152014118414,-2.17081914159833,0.0030159998480701,0.00729267550734,62.99086837698563,5708.802121438587,5645.811253061602,0.4627466239696486,207.47973855729367
663,26.52,209.791554473663,8.53414236085935,-216.897285918594,-13.6823694751407,431.837067506539,0,0,0,0,-17.7802266397148,-11.3189521333425,-4.55263862359471e-05,0.0001152009692319,-2.21321215548961,0.0030162943289367,0.00706797364465,62.921743685896686,5708.718968322872,5645.7972246369745,0.4478949356480731,207.47922302219277
664,26.56,209.788635718967,8.53246348151665,-216.871086282846,-13.6828194188394,431.810077939136,0,0,0,0,-17.780812449203,-11.2947948798139,-4.55257259060086e-05,0.0001152005665719,-2.25547276447327,0.0030165675873115,0.00685008613543,62.855884487954576,5708.639544962199,5645.783660474244,0.4335379954730996,207.47872454840206
665,26.6,209.785857927665,8.53093982347086,-216.845062741176,-13.6832696532392,431.78325049861,0,0,0,0,-17.7813986348009,-11.270665485759,-4.55250789378262e-05,0.0001152002017671,-2.29759767347093,0.0030168195438683,0.00663882290588,62.79341127012542,5708.563957410853,5645.770546140728,0.4196603880754981,207.47824260553017
666,26.64,209.783225105315,8.52957513674828,-216.819213573699,-13.6837201489602,431.756583691226,0,0,0,0,-17.781985158227,-11.2465584819787,-4.55244452665843e-05,0.0001151998728088,-2.33958361325622,0.0030170501260612,0.00643399847896,62.73444705586891,5708.492314665617,5645.757867609748,0.4062471303546409,207.4777766781063
667,26.68,209.780741367552,8.52837327895956,-216.793537126852,-13.6841708768007,431.730076092245,0,0,0,0,-17.7825719814323,-11.2224683611126,-4.55238248176971e-05,0.0001151995777705,-2.38142734029653,0.0030172592681544,0.006235431892,62.67911746735882,5708.424728718625,5645.745611251266,0.39328366150392763,207.47732626523566
668,26.72,209.778410943704,8.52733821897063,-216.768031812107,-13.6846218077336,431.703726344574,0,0,0,0,-17.7831590665956,-11.1983895749599,-4.55232175074129e-05,0.0001151993148064,-2.42312563659639,0.0030174469112505,0.00604294661463,62.62755083245018,5708.361314655754,5645.733763823304,0.3807558334603328,207.4768908802846
669,26.76,209.776238180907,8.5264740410772,-216.742696104692,-13.6850729129024,431.677533157424,0,0,0,0,-17.7837463761184,-11.1743165320132,-4.5522623243176e-05,0.0001151990821473,-2.46467530953916,0.0030176130033167,0.00585637046692,62.57987830589246,5708.302190768599,5645.722312462706,0.3686499015300296,207.47647005054083
670,26.8,209.774227546938,8.52578494788443,-216.717528542316,-13.6855241636179,431.651495304988,0,0,0,0,-17.7843338726203,-11.1502435952073,-4.55220419248743e-05,0.0001151988780992,-2.50607319172858,0.003017757499209,0.0056755355379,62.53623395744316,5708.247478631563,5645.71124467412,0.35695251491564395,207.47606331680865
671,26.84,209.772383630958,8.52527526109053,-216.692527723891,-13.6859755313544,431.625611625113,0,0,0,0,-17.7849215189347,-11.126165079873,-4.55214734448095e-05,0.0001151987010404,-2.54731614083396,0.0030178803606949,0.0055002781044,62.496754798967004,5708.19730312208,5645.700548323112,0.3456507070324749,207.4756702331558
672,26.88,209.770711142978,8.5249494209846,-216.667692308251,-13.6864269877468,431.599881017991,0,0,0,0,-17.7855092781039,-11.102075251888,-4.55209176882205e-05,0.0001151985494191,-2.58840103944125,0.0030179815564752,0.00533043855052,62.46158077993014,5708.151792406075,5645.690211626145,0.3347318858642578,207.4752903665453
673,26.92,209.769214913424,8.52481198604893,-216.643021012876,-13.686878504587,431.574302444838,0,0,0,0,-17.7860971133756,-11.0779683260261,-4.55203745348529e-05,0.0001151984217512,-2.62932479490854,0.0030180610622028,0.00516586128751,62.43085478402978,5708.111077926137,5645.680223142107,0.3241838245442279,207.474923296524
674,26.96,209.767899893262,8.52486763312876,-216.618512612619,-13.6873300538208,431.548874926573,0,0,0,0,-17.7866849881985,-11.0538384644933,-4.55198438582787e-05,0.0001151983166176,-2.67008433922416,0.0030181188605006,0.00500639467445,62.40472264129585,5708.075294404912,5645.670571763616,0.3139946522467267,207.47456861490318
675,27.0,209.766771153941,8.52512115741504,-216.594165938432,-13.6877816075452,431.523597542503,0,0,0,0,-17.7872728662184,-11.0296797756199,-4.55193255270328e-05,0.0001151982326624,-2.71067662886789,0.0030181549409771,0.00485189093949,62.383333135125774,5708.044579843554,5645.661246708428,0.30415284524757985,207.47422592544265
676,27.04,209.7658338864,8.52557747150022,-216.569979876109,-13.6882331380054,431.498469429015,0,0,0,0,-17.7878607112746,-11.0054863126919,-4.55188194052892e-05,0.0001151981685904,-2.75109864467841,0.0030181693002399,0.00470220610198,62.36683798283792,5708.019075494711,5645.652237511873,0.2946472180708427,207.47389484357294
677,27.08,209.765093399706,8.52624160404986,-216.545953365022,-13.6886846175918,431.473489778271,0,0,0,0,-17.7884484873961,-10.9812520729472,-4.55183253529117e-05,0.0001151981231654,-2.79134739172927,0.0030181619419067,0.00455719989523,62.35539180761808,5707.998925825452,5645.643534017834,0.28546691480695263,207.47357499606355
678,27.12,209.76455512082,8.52711869962334,-216.522085396875,-13.6891360188376,431.44865783691,0,0,0,0,-17.7890361587984,-10.9569709968164,-4.55178432260524e-05,0.0001151980952072,-2.8314198992115,0.0030181328766152,0.00441673569011,62.3491521395037,5707.98427851091,5645.635126371407,0.27660140078140993,207.47326602075347
679,27.16,209.764224596337,8.52821402047367,-216.498375014467,-13.6895873144162,431.423972904747,0,0,0,0,-17.7896236898798,-10.9326369674944,-4.55173728769631e-05,0.0001151980835907,-2.87131322031859,0.0030180821220306,0.00428068041936,62.34827946983708,5707.97528448162,5645.627005011783,0.26804045463306075,207.47296756628944
680,27.2,209.764107495094,8.52953294922095,-216.474821310475,-13.6900384771384,431.399434333487,0,0,0,0,-17.7902110452186,-10.9082438108944,-4.55169141556975e-05,0.0001151980872428,-2.91102443213102,0.003018009702851,0.00414890450266,62.35293733187092,5707.972097994497,5645.619160662626,0.25977416063500935,207.4726792917724
681,27.24,209.764209609351,8.53108099008436,-216.451423426244,-13.6904894799506,431.375041525461,0,0,0,0,-17.7907981895696,-10.8837852960103,-4.55164669089244e-05,0.0001151981051415,-2.95055063550136,0.0030179156508111,0.00402128177248,62.36329233789809,5707.97487666496,5645.611584327062,0.25179290095327445,207.47240086657334
682,27.28,209.764536853065,8.53286376721502,-216.428180550593,-13.6909402959319,431.350793932375,0,0,0,0,-17.7913850878615,-10.859255135697,-4.55160309810615e-05,0.0001151981363129,-2.98988895494318,0.0030178000046838,0.00389768940073,62.37951414250742,5707.983781419977,5645.60426727747,0.24408734776417101,207.4721319699581
683,27.32,209.765095257947,8.53488702078602,-216.405091918624,-13.6913908982925,431.326691054078,0,0,0,0,-17.7919717051938,-10.834646987856,-4.55156062141616e-05,0.00011519817983,-3.02903653852579,0.0030176628102787,0.00377800782634,62.40177533921817,5707.998976390765,5645.597201051547,0.23664845532538722,207.4718722909427
684,27.36,209.765890969144,8.53715660271794,-216.382156810535,-13.6918412603711,431.302732437333,0,0,0,0,-17.7925580068343,-10.8099544570248,-4.55151924481101e-05,0.000115198234811,-3.06799055777384,0.0030175041204394,0.00366212068372,62.4302513528075,5708.020628795292,5645.590377442485,0.22946745227216128,207.47162152793265
685,27.4,209.766930241617,8.53967847311098,-216.359374550453,-13.6922913556335,431.278917674592,0,0,0,0,-17.7931439582164,-10.785171096362,-4.55147895218063e-05,0.0001151983004171,-3.10674820756995,0.0030173239950377,0.0035499147322,62.4651203463155,5708.0489088397135,5645.583788493398,0.22253583420230855,207.47137938851765
686,27.44,209.768219436578,8.54245869673461,-216.336744505271,-13.6927411576702,431.255246402785,0,0,0,0,-17.7937295249368,-10.760290410002,-4.55143972721923e-05,0.0001151983758512,-3.1453067060605,0.0030171225009663,0.00344127978643,62.506563130821036,5708.083989621427,5645.577426490606,0.2158453564835668,207.47114558922524
687,27.48,209.769765016796,8.54550343837884,-216.314266083503,-13.693190640195,431.231718302115,0,0,0,0,-17.7943146727532,-10.7353058557863,-4.55140155354431e-05,0.0001151984603558,-3.18366329456704,0.0030168997121296,0.00333610864782,62.55476304545172,5708.126047001332,5645.57128395588,0.20938802716644236,207.4709198552356
688,27.52,209.771573540833,8.5488189571464,-216.29193873414,-13.6936397770432,431.20833309487,0,0,0,0,-17.7948993675822,-10.7102108484127,-4.55136441465648e-05,0.0001151985532122,-3.22181523750508,0.0030166557094316,0.00323429703692,62.60990580491052,5708.175259446994,5645.565353642083,0.20315609999892115,207.4707019202213
689,27.56,209.773651657828,8.55241160128875,-216.269761945534,-13.69408854217,431.185090544243,0,0,0,0,-17.7954835754968,-10.6849987630898,-4.55132829399796e-05,0.000115198653738,-3.25975982230916,0.0030163905807619,0.00313574352679,62.67217936577268,5708.231807890697,5645.559628524925,0.19714206771875054,207.47049152604444
690,27.6,209.776006104182,8.55628780495325,-216.247735244282,-13.6945369096489,431.161990453159,0,0,0,0,-17.7960672627249,-10.6596629397638,-4.55129317495925e-05,0.0001151987612868,-3.29749435936081,0.0030161044209795,0.0030403494773,62.74177384169478,5708.295875639253,5645.554101797558,0.19133865568627456,207.47028842255804
691,27.64,209.778643701447,8.56045408614679,-216.225858194143,-13.6949848536701,431.139032663114,0,0,0,0,-17.796650395647,-10.6341966880388,-4.55125904086306e-05,0.0001151988752452,-3.33501618191699,0.0030157973318941,0.00294801897038,62.81888145184054,5708.367648316544,5645.548766864703,0.1857388157705056,207.47009236738998
692,27.68,209.78157135296,8.56491704342596,-216.204130394961,-13.6954323485395,431.116217053035,0,0,0,0,-17.7972329407944,-10.6085932928349,-4.55122587503057e-05,0.0001151989950328,-3.37232264603949,0.0030154694222448,0.00285865874616,62.9036964355344,5708.447313771937,5645.543617336402,0.18033572026521524,207.4699031257137
693,27.72,209.784796037156,8.56968334927478,-216.18255148161,-13.695879368677,431.093543538168,0,0,0,0,-17.7978148648478,-10.5828460208286,-4.55119366072772e-05,0.0001151991200997,-3.40941113052751,0.0030151208076771,0.00277217814012,62.996414875590766,5708.535061898323,5645.538647022732,0.17512275569923008,207.4697204700537
694,27.76,209.788324797855,8.57475974044469,-216.161121122948,-13.6963258886153,431.071012068974,0,0,0,0,-17.7983961346354,-10.5569481276475,-4.55116238123488e-05,0.0001151992499259,-3.44627903685506,0.0030147516107174,0.00268848902123,63.0972344405845,5708.631084367805,5645.53384992722,0.17009351661549002,207.4695441800436
695,27.8,209.792164733578,8.58015300731508,-216.139839020787,-13.6967718829992,431.048622630049,0,0,0,0,-17.7989767171316,-10.5308928657256,-4.55113201978904e-05,0.0001151993840197,-3.48292378911227,0.0030143619607453,0.00260750573117,63.20635409867382,5708.735574340978,5645.529220242304,0.16524179949787193,207.46937404225952
696,27.84,209.796322987397,8.58586998381142,-216.11870490887,-13.6972173265838,431.02637523904,0,0,0,0,-17.7995565794554,-10.5046734927616,-4.55110255960064e-05,0.0001151995219164,-3.51934283394934,0.003013951993963,0.00252914502464,63.323973847758516,5708.848726190733,5645.524752342974,0.1605615969615956,207.4692098499861
697,27.88,209.800806736884,8.59191753740503,-216.097718551877,-13.6976621942342,431.00426994559,0,0,0,0,-17.8001356888693,-10.47828328069,-4.55107398399967e-05,0.000115199663177,-3.55553364052344,0.0030135218533632,0.00245332601083,63.45029444624833,5708.970735228751,5645.520440782503,0.15604709214988904,207.46905140305984
698,27.92,209.805623182598,8.59830255766296,-216.07687974443,-13.6981064609242,430.982306830289,0,0,0,0,-17.8007140127782,-10.4517155251466,-4.55104627625323e-05,0.0001151998073871,-3.5914937004505,0.0030130716886937,0.00237997009598,63.585517105638665,5709.101797392223,5645.516280286584,0.15169265322730563,207.46889850765353
699,27.96,209.810779534773,8.6050319429931,-216.056188310128,-13.6985501017359,430.960486003644,0,0,0,0,-17.8012915187282,-10.4249635554288,-4.55101941965562e-05,0.0001151999541561,-3.62722052776353,0.0030126016564203,0.0023090009271,63.7298431326646,5709.242108881608,5645.512265748944,0.1474928279537459,207.46875097611505
700,28.0,209.816282999857,8.61211258723803,-216.035644100585,-13.698993091858,430.938807605063,0,0,0,0,-17.8018681744053,-10.3980207449743,-4.55099339760481e-05,0.0001152001031157,-3.66271165887665,0.0030121119196869,0.00224034433668,63.88347356800182,5709.391865794347,5645.508392226345,0.1434423384460972,207.46860862678383
701,28.04,209.822140768879,8.61955136811054,-216.015246994491,-13.6994354065863,430.917271801845,0,0,0,0,-17.802443947635,-10.3708805224843,-4.55096819354175e-05,0.0001152002539189,-3.69796465255202,0.0030116026482734,0.0021739282884,64.04660887474422,5709.551263808304,5645.504654933559,0.13953607623227063,207.46847128380594
702,28.08,209.828360007612,8.62735513742792,-215.994996896683,-13.6998770213217,430.895878788189,0,0,0,0,-17.8030188063807,-10.3435363838321,-4.55094379093743e-05,0.0001152004062395,-3.73297708986752,0.0030110740185515,0.0021096828238,64.2194486747946,5709.720497914093,5645.5010492392985,0.13576909755623706,207.4683387769847
703,28.12,209.834947846088,8.63553071069575,-215.974893737244,-13.7003179115706,430.874628784207,0,0,0,0,-17.8035927187433,-10.3159819049784,-4.5509201733875e-05,0.0001152005597703,-3.76774657418527,0.0030105262134375,0.0020475400098,64.40219146884657,5709.899762129769,5645.497570660923,0.13213661876494448,207.4682109415861
704,28.16,209.841911364798,8.64408485337356,-215.954937470607,-13.7007580529435,430.853522034975,0,0,0,0,-17.8041656529604,-10.2882107560345,-4.55089732448306e-05,0.0001152007142225,-3.80227073112244,0.0030099594223432,0.00198743388698,64.5950342639227,5710.089249125305,5645.494214861383,0.12863401162046686,207.46808761822652
705,28.2,209.849257577137,8.65302426338417,-215.935128074676,-13.7011974211551,430.832558809584,0,0,0,0,-17.8047375774053,-10.2602167165096,-4.55087522792076e-05,0.0001152008693246,-3.83654720852539,0.0030093738411244,0.0019293004189,64.7981721016295,5710.2891497449,5645.4909776432705,0.1252567985735862,207.4679686526541
706,28.24,209.856993409988,8.66235555175561,-215.91546554996,-13.7016359920234,430.811739400217,0,0,0,0,-17.8053084605866,-10.2319936916813,-4.55085386743411e-05,0.0001152010248221,-3.87057367644637,0.0030087696720269,0.00187307744216,65.0117975327487,5710.49965247864,5645.487854945892,0.12200064809473989,207.467853895641
707,28.28,209.865125684381,8.67208522334337,-215.895949918723,-13.7020737414694,430.79106412123,0,0,0,0,-17.8058782711478,-10.2035357299214,-4.55083322687919e-05,0.0001152011804758,-3.90434782712189,0.0030081471236305,0.00181870461761,65.23610009625662,5710.7209429362065,5645.48484283995,0.11886137020277333,207.46774320278834
708,28.32,209.873661096203,8.68221965760941,-215.876581224143,-13.702510645517,430.770533308254,0,0,0,0,-17.8064469778663,-10.1748370407902,-4.55081329015705e-05,0.0001152013360617,-3.93786737495301,0.0030075064107904,0.0017661233825,65.4712657968242,5710.953203321963,5645.481937525139,0.11583491215250609,207.46763643443737
709,28.36,209.882606195451,8.69276508793601,-215.857359529498,-13.7029466802922,430.750147317305,0,0,0,0,-17.8070145496538,-10.1458920136633,-4.55079404123799e-05,0.0001152014913695,-3.9711300564895,0.0030068477545761,0.00171527690388,65.71747654656099,5711.196611870409,5645.479135323848,0.11291735423135191,207.4675334554384
710,28.4,209.89196736335,8.70372757880763,-215.83828491736,-13.7033818220234,430.729906523926,0,0,0,0,-17.8075809555554,-10.1166952366253,-4.55077546423124e-05,0.0001152016462025,-4.00413363041936,0.0030061713822082,0.00166611003306,65.9749095433043,5711.4513422235195,5645.476432680215,0.11010490560824829,207.4674341351159
711,28.44,209.901750788952,8.71511300247376,-215.819357488815,-13.7038160470408,430.709811322334,0,0,0,0,-17.8081461647494,-10.0872415154186,-4.55075754333368e-05,0.0001152018003768,-4.0368758775635,0.0030054775269925,0.0016185692613,66.24373664031006,5711.717562793978,5645.473826153668,0.10739390034560892,207.4673383470312
712,28.48,209.911962447818,8.72692701769398,-215.800577362686,-13.7042493317762,430.689862124586,0,0,0,0,-17.8087101465472,-10.0575258923125,-4.5507402628786e-05,0.0001152019537207,-4.06935460087341,0.0030047664282522,0.00157260267661,66.52412376713207,5711.995436185081,5645.47131241795,0.10478079365188107,207.4672459689466
713,28.52,209.922608083653,8.73917505145203,-215.78194467479,-13.7046816527632,430.670059359754,0,0,0,0,-17.8092728703929,-10.0275436649587,-4.55072360734665e-05,0.0001152021060733,-4.10156762543035,0.0030040383312575,0.00152815992155,66.81623043487167,5712.285118691002,5645.46888825613,0.10226215839156541,207.4671568826421
714,28.56,209.933693190962,8.75186228167722,-215.763459577203,-13.7051129866367,430.650403473125,0,0,0,0,-17.8098343058634,-9.99729040540733,-4.55070756134713e-05,0.0001152022572857,-4.13351279844567,0.0030032934871528,0.00148519215197,67.12020926714543,5712.586759824839,5645.466550557693,0.09983468172794521,207.4670709738083
715,28.6,209.945222995653,8.76499361792123,-215.745122237538,-13.7055433101332,430.630894925403,0,0,0,0,-17.810394422668,-9.96676197955898,-4.55069210964969e-05,0.000115202407218,-4.16518798926324,0.0030025321528821,0.00144365199653,67.43620547473382,5712.90050179079,5645.464296316057,0.0974951617569292,207.46698813195536
716,28.64,209.957202432268,8.77857367865899,-215.726932838245,-13.7059726000902,430.611534191945,0,0,0,0,-17.8109531906488,-9.93595456729711,-4.55067723718559e-05,0.0001152025557407,-4.19659108936405,0.0030017545911118,0.00140349351693,67.76435624020951,5713.226478864583,5645.462122624374,0.09524050409211146,207.4669082502587
717,28.68,209.969636119127,8.79260676649119,-215.708891575913,-13.706400833447,430.592321761996,0,0,0,0,-17.8115105797802,-9.90486468350541,-4.55066292903378e-05,0.0001152027027337,-4.22772001237224,0.0030009610701506,0.00136467216881,68.1047900437779,5713.564816717107,5645.460026673329,0.09306771846058988,207.46683122547776
718,28.72,209.982528333377,8.8070968432674,-215.690998660585,-13.7068279872439,430.573258137939,0,0,0,0,-17.8120665601693,-9.87348920010239,-4.55064917045785e-05,0.0001152028480847,-4.25857269406119,0.0030001518638681,0.00132714476323,68.45762598848312,5713.915631735458,5645.458005746975,0.09097391538917259,207.46675695780343
719,28.76,209.995882986317,8.82204750547545,-215.67325431508,-13.7072540386231,430.554343834545,0,0,0,0,-17.8126211020558,-9.84182536906012,-4.55063594685101e-05,0.0001152029916903,-4.28914709235987,0.0029993272516106,0.00129086942891,68.82297313048211,5714.279030351505,5645.456057221023,0.08895630299287607,207.4666853507948
720,28.8,210.009703597442,8.83746195835737,-215.655658774336,-13.707678964828,430.535579378249,0,0,0,0,-17.8131741758122,-9.80987084620179,-4.5506232438051e-05,0.0001152031334547,-4.31944118736087,0.0029984875181151,0.0012558055751,69.20092977662706,5714.6551083355835,5645.454178558956,0.08701218380111092,207.46661631123663
721,28.84,210.023993266005,8.85334298753701,-215.638212284757,-13.708102743204,430.516965306428,0,0,0,0,-17.8137257519441,-9.77762371534532,-4.55061104707833e-05,0.0001152032732893,-4.34945298133161,0.0029976329534208,0.00122191385543,69.59158271264043,5715.043950022663,5645.452367310023,0.08513895160247806,207.46654974906545
722,28.88,210.038754641287,8.86969292935516,-215.620915103577,-13.708525351198,430.498502166707,0,0,0,0,-17.81427580109,-9.74508251227947,-4.5505993426402e-05,0.0001152034111121,-4.37918049872906,0.0029967638527791,0.00118915613262,69.99500639857186,5715.445627503353,5645.450621104781,0.08333408835386016,207.46648557720584
723,28.92,210.053989894684,8.88651364302304,-215.603767498245,-13.7089467663594,430.480190516266,0,0,0,0,-17.814824294022,-9.71224624801271,-4.55058811661348e-05,0.0001152035468485,-4.40862178621712,0.0029958805165605,0.00115749544426,70.41126220952818,5715.860199864346,5645.448937654818,0.08159516125955676,207.46642371156022
724,28.96,210.069700695944,8.90380648693096,-215.586769745818,-13.7093669663393,430.46203092117,0,0,0,0,-17.8153712016456,-9.67911443082981,-4.55057735541102e-05,0.0001152036804293,-4.4377749126857,0.0029949832501598,0.00112689596972,70.8403977942602,5716.287712541801,5645.447314747541,0.07991982009087455,207.4663640708173
725,29.0,210.085888193069,8.92157229862742,-215.569922132381,-13.7097859288917,430.444023955714,0,0,0,0,-17.8159164950004,-9.64568708677571,-4.55056704560993e-05,0.000115203811792,-4.46663796927158,0.0029940723638998,0.00109732299811,71.28244652799289,5716.728196774443,5645.44575024645,0.07830579468610727,207.46630657646216
726,29.04,210.102552993365,8.93981137593498,-215.553224952484,-13.7102036318731,430.426170201787,0,0,0,0,-17.8164601452603,-9.61196477833124,-4.55055717405412e-05,0.0001152039408792,-4.49520906938174,0.0029931481729314,0.00106874289724,71.73742700135168,5717.18166908791,5645.444242086559,0.07675089254523215,207.4662511526079
727,29.08,210.11969514377,8.95852345734987,-215.536678508591,-13.7106200532431,430.408470248253,0,0,0,0,-17.8170021237337,-9.57794862128015,-4.55054772788203e-05,0.000115204067639,-4.52348634871919,0.0029922109971337,0.00104112308355,72.20534248586245,5717.648130759451,5645.442788273589,0.07525299644937468,207.46619772596623
728,29.12,210.137314111034,8.97770770229174,-215.520283110551,-13.7110351710647,430.390924690358,0,0,0,0,-17.8175424018643,-9.54364029998388,-4.55053869439995e-05,0.0001152041920246,-4.55146796531037,0.0029912611610101,0.0010144319928,72.6861803977806,5718.127567278593,5645.441386880812,0.07381006211834427,207.4661462257311
729,29.16,210.155408763679,8.99736267312873,-215.504039075074,-13.7114489635047,430.373534129129,0,0,0,0,-17.8180809512314,-9.50904208148112,-4.55053006130349e-05,0.0001152043139943,-4.57915209953287,0.0029902989935838,0.000988639051398,73.17991180782985,5718.619947856252,5645.440036048422,0.072420115945813,207.46609658355595
730,29.2,210.173977356435,9.01748631968513,-215.487946725213,-13.7118614088339,430.356299170796,0,0,0,0,-17.8186177435503,-9.47415682882021,-4.55052181644686e-05,0.0001152044335109,-4.60653695414271,0.0029893248282909,0.000963714648228,73.68649102106272,5719.125225001212,5645.43873398015,0.07108125281807431,207.46604873342906
731,29.24,210.193017515502,9.03807596457261,-215.47200638986,-13.7122724854278,430.339220426218,0,0,0,0,-17.8191527506728,-9.43898801392654,-4.55051394805882e-05,0.0001152045505412,-4.63362075430177,0.0029883390028713,0.00093963010693,74.2058551779226,5719.643334119086,5645.437478941163,0.06979163395614053,207.4660026115966
732,29.28,210.212526222246,9.05912828695497,-215.456218403249,-13.7126821717666,430.322298510307,0,0,0,0,-17.8196859445879,-9.40353973015396,-4.55050644456918e-05,0.0001152046650567,-4.66040174760614,0.0029873418592583,0.000916357658532,74.73792381072501,5720.174193068658,5645.4362692579325,0.0685494847120433,207.4659581565574
733,29.32,210.232499794905,9.08063930431918,-215.440583104459,-13.7130904464357,430.30553404148,0,0,0,0,-17.8202172974219,-9.36781670452338,-4.55049929473469e-05,0.0001152047770328,-4.68687820411554,0.0029863337434656,0.000893870414496,75.28259835065053,5720.717701664082,5645.435103313431,0.06735309232858921,207.4659153088869
734,29.36,210.252933870645,9.10260435460013,-215.42510083693,-13.7134972881262,430.288927641101,0,0,0,0,-17.8207467814393,-9.33182430949694,-4.55049248755822e-05,0.0001152048864486,-4.71304841638328,0.0029853150054734,0.000872142340229,75.83976163934048,5721.2737411865955,5645.433979547255,0.06620080372242747,207.46587401124128
735,29.4,210.27382339108,9.12501808176523,-215.409771947988,-13.7139026756353,430.272479932938,0,0,0,0,-17.8212743690432,-9.29556857388113,-4.55048601238513e-05,0.0001152049932875,-4.73891069948657,0.002984285999112,0.000851148229166,76.4092775372553,5721.842173990507,5645.4328964532515,0.06509102337697019,207.46583420827045
736,29.44,210.295162592357,9.14787442597511,-215.394596788379,-13.7143065878667,430.256191542628,0,0,0,0,-17.8218000327756,-9.25905619216831,-4.55047985879375e-05,0.0001152050975357,-4.76446339105728,0.0029832470819441,0.000830863677545,76.99099065680345,5722.4228432333875,5645.431852576584,0.06402221136492367,207.46579584651013
737,29.48,210.316944998368,9.17116661686038,-215.379575711816,-13.714709003831,430.240063097155,0,0,0,0,-17.8223237453184,-9.22229453148821,-4.55047401668027e-05,0.0001152051991832,-4.78970485131399,0.0029821986151453,0.000811265059998,77.58472617810227,5723.015572691361,5645.430846513259,0.06299288146156491,207.46575887436452
738,29.52,210.33916341517,9.19488716801803,-215.364709074554,-13.7151099026462,430.224095224352,0,0,0,0,-17.8228454794938,-9.18529163542319,-4.55046847624329e-05,0.0001152052982231,-4.81463346309596,0.0029811409633829,0.00079232950606,78.19028970005836,5723.620166607269,5645.429876907211,0.062001599313294374,207.46572324199917
739,29.56,210.361809926802,9.21902787288752,-215.349997234964,-13.7155092635382,430.208288552417,0,0,0,0,-17.8233652082652,-9.14805622419992,-4.55046322800624e-05,0.0001152053946523,-4.83924763189889,0.0029800744946933,0.000774034877615,78.80746712703605,5724.236409576842,5645.428942449806,0.0610469806650313,207.4656889013226
740,29.6,210.384875894786,9.24357980432107,-215.335440553139,-13.7159070658418,430.192643709445,0,0,0,0,-17.8238829047375,-9.11059769105627,-4.55045826281483e-05,0.0001152054884698,-4.86354578591194,0.0029789995803576,0.000756359747284,79.43602465800053,5724.864066535118,5645.428041877117,0.06012768969975696,207.46565580588643
741,29.64,210.408351963362,9.2685333198901,-215.321039390506,-13.7163032890003,430.177161322978,0,0,0,0,-17.8243985421583,-9.0729260947103,-4.55045357178253e-05,0.0001152055796783,-4.88752637605569,0.0029779165947757,0.000739283377651,80.07570892899736,5725.502882898902,5645.427173969904,0.059242437514133224,207.46562391088437
742,29.68,210.432228069935,9.29387807239113,-215.306794109448,-13.7166979125671,430.161842019559,0,0,0,0,-17.8249120939182,-9.03505214803545,-4.55044914641853e-05,0.0001152056682828,-4.91118787602096,0.0029768259153391,0.000722785701251,80.72624730028288,5726.152584851036,5645.4263375507535,0.05838998070744827,207.46559317304724
743,29.72,210.456493457962,9.31960302280811,-215.292705072947,-13.7170909162056,430.146686424306,0,0,0,0,-17.8254235335517,-8.99698720330564,-4.5504449785554e-05,0.0001152057542919,-4.93452878230857,0.0029757279223023,0.000706847301151,81.38734820655124,5726.81287969108,5645.425531484529,0.057569120004742416,207.46556355065957
744,29.76,210.481136690072,9.34569645349325,-215.278772644227,-13.7174822796897,430.131695160495,0,0,0,0,-17.8259328347381,-8.95874323466631,-4.55044106024969e-05,0.0001152058377162,-4.95754761426982,0.002974622998652,0.00069144939198,82.0587015172417,5727.483456192312,5645.42475467507,0.05677869886757448,207.46553500343828
745,29.8,210.506145661821,9.37214598198252,-215.264997186403,-13.717871982905,430.116868849147,0,0,0,0,-17.8264399713018,-8.92033281870279,-4.55043738400214e-05,0.0001152059185692,-4.98024291414702,0.0029735115299762,0.00067657380127,82.73997891019422,5728.163984976037,5645.424006065842,0.05601760209025397,207.4655074925563
746,29.84,210.5315076184,9.39893857777323,-215.251379062141,-13.7182600058484,430.102208108616,0,0,0,0,-17.8269449172134,-8.88176911380282,-4.55043394255284e-05,0.0001152059968669,-5.00261324711356,0.0029723939043304,0.000662202950986,83.43083432854473,5728.854118966224,5645.423284637679,0.055284754423109914,207.46548098056007
747,29.88,210.557209175725,9.42606058347636,-215.237918633308,-13.7186463286297,430.087713554186,0,0,0,0,-17.8274476465899,-8.84306583870459,-4.55043072894926e-05,0.0001152060726278,-5.02465720131288,0.0029712705121043,0.000648319839213,84.13090455567352,5729.553493963395,5645.422589407722,0.0545791192401887,207.46545543133016
748,29.92,210.583236344584,9.45349773903355,-215.22461626064,-13.7190309314713,430.073385797662,0,0,0,0,-17.8279481336963,-8.8042372502681,-4.55042773655161e-05,0.0001152061458729,-5.04637338789656,0.0029701417458856,0.000634908022015,84.83980987340229,5730.261729301705,5645.421919428302,0.053899697225002846,207.4654308100404
749,29.96,210.609574555052,9.48123520619386,-215.211472303406,-13.7194137947091,430.059225446974,0,0,0,0,-17.8284463529454,-8.76529812036628,-4.55042495896249e-05,0.0001152062166252,-5.06776044106159,0.0029690080003238,0.000621951595528,85.55715472810765,5730.978428513298,5645.42127378519,0.05324552503123042,207.46540708309345
750,30.0,210.636208679821,9.50925759190951,-215.198487119084,-13.7197948987935,430.045233105789,0,0,0,0,-17.8289422788994,-8.72626371172239,-4.55042239007118e-05,0.0001152062849101,-5.0888170180871,0.0029678696719926,0.000609435178384,86.28252836612025,5731.70317996316,5645.42065159704,0.05261567390884347,207.46538421810047
751,30.04,210.663123058048,9.53754897224509,-215.185661063045,-13.7201742242893,430.031409373136,0,0,0,0,-17.8294358862702,-8.6871497523326,-4.5504200240231e-05,0.0001152063507545,-5.10954179937081,0.0029667271592508,0.000597343894595,87.01550548462144,5732.435557498045,5645.420052013423,0.052009248343296705,207.46536218380874
752,30.08,210.690301522607,9.56609291969564,-215.172994488248,-13.720551751877,430.017754843037,0,0,0,0,-17.8299271499203,-8.6479724078398,-4.55041785522423e-05,0.0001152064141878,-5.12993348846561,0.0029655808621026,0.000585663357031,87.75564697416803,5733.175121188047,5645.419474213879,0.051425384768798876,207.46534095006695
753,30.12,210.717727432011,9.59487253516427,-215.160487744949,-13.7209274623532,430.004270104149,0,0,0,0,-17.8304160448641,-8.60874825107149,-4.55041587829476e-05,0.0001152064752407,-5.14999081211645,0.002964431182057,0.000574379651597,88.50250078846385,5733.92141819524,5645.418917406776,0.05086325038437595,207.46532048778315
754,30.16,210.745383705552,9.62387048317185,-215.148141180415,-13.7213013366309,429.990955739426,0,0,0,0,-17.830902546268,-8.56949422813181,-4.55041408816581e-05,0.0001152065339459,-5.16971252029829,0.0029632785219857,0.000563479322208,89.25560290139313,5734.6739837298865,5645.418380828493,0.0503220420562934,207.4653007688948
755,30.2,210.773252859553,9.65306902816308,-215.135955138663,-13.7216733557409,429.977812325793,0,0,0,0,-17.8313866294519,-8.53022762089207,-4.5504124799625e-05,0.000115206590338,-5.1890973862551,0.0029621232859808,0.000552949356548,90.01447829474769,5735.432342036901,5645.417863742154,0.049800985275848385,207.46528176632214
756,30.24,210.801317044572,9.68245007177033,-215.123929960204,-13.7220435008318,429.964840433838,0,0,0,0,-17.8318682698897,-8.49096600616663,-4.55041104904872e-05,0.0001152066444527,-5.2081442065402,0.0029609658792115,0.000542777172587,90.77864197093265,5736.196007408228,5645.417365437295,0.04929933317294043,207.4652634539562
757,30.28,210.82955808577,9.71199519323975,-215.112065981807,-13.7224117531708,429.952040627507,0,0,0,0,-17.83234744321,-8.4517272120566,-4.55040979104374e-05,0.0001152066963278,-5.22685180105773,0.0029598067077797,0.000532950605757,91.54760005347889,5736.964485281309,5645.41688522783,0.048816365615726894,207.46524580658368
758,30.32,210.857957528516,9.74168569509536,-215.100363536253,-13.7227780941445,429.939413463817,0,0,0,0,-17.8328241251975,-8.41252927203678,-4.55040870181919e-05,0.0001152067460021,-5.24521901310481,0.002958646178576,0.000523457896643,92.32085102704919,5737.737273480056,5645.416422453007,0.0483513884109883,207.46522879992244
759,30.36,210.886496688597,9.7715026534057,-215.088822952114,-13.7231425052595,429.926959492565,0,0,0,0,-17.833298291793,-8.37339037748254,-4.5504077774426e-05,0.0001152067935163,-5.2632447094136,0.0029574846991339,0.000514287679072,93.09788710525712,5738.5138635811345,5645.415976475877,0.04790373258531995,207.46521241056507
760,30.4,210.91515670384,9.80142696946775,-215.077444553531,-13.7235049681428,429.914679256046,0,0,0,0,-17.833769919095,-8.33432882961618,-4.55040701418518e-05,0.0001152068389125,-5.2809277801927,0.0029563226774839,0.000505428968415,93.8781956371099,5739.293742318679,5645.415546681569,0.04747275368244755,207.46519661591546
761,30.44,210.943918584142,9.83143941989094,-215.066228659987,-13.7238654645428,429.902573288781,0,0,0,0,-17.8342389833601,-8.29536299201388,-4.55040640852269e-05,0.0001152068822341,-5.29826713916704,0.0029551605220071,0.00049687114999,94.66126046640997,5740.076392945662,5645.415132479252,0.047057831026066,207.4651813942609
762,30.48,210.972763259331,9.8615207045197,-215.055175586099,-13.7242239763298,429.890642117241,0,0,0,0,-17.834705461004,-8.25651124470951,-4.55040595709083e-05,0.0001152069235249,-5.31526172361633,0.0029539986412885,0.000488603967453,95.44656323759226,5740.8612965362745,5645.414733298682,0.04665836694084341,207.4651667246454
763,30.52,211.001671626204,9.89165149352171,-215.0442856414,-13.7245804854968,429.878886259578,0,0,0,0,-17.8351693286027,-8.21779194046086,-4.55040565668192e-05,0.0001152069628303,-5.33191049441147,0.0029528374439692,0.000480617511152,96.23358467464783,5741.647933265885,5645.414348591236,0.04627378594739811,207.4651525869074
764,30.56,211.030624595359,9.92181247428113,-215.033559130118,-13.7249349741599,429.867306225356,0,0,0,0,-17.8356305628928,-8.17922336326372,-4.55040550422646e-05,0.0001152070001962,-5.34821243604906,0.0029516773385991,0.000472902206468,97.02180585787997,5742.435783685408,5645.413977827528,0.04590353394819015,207.46513896159232
765,30.6,211.059603136288,9.95198439654094,-215.022996350974,-13.7252874245594,429.855902515281,0,0,0,0,-17.8360891407728,-8.14082368898112,-4.55040549673493e-05,0.0001152070356692,-5.36416655668388,0.0029505187334887,0.000465448802222,97.81070944979771,5743.224329948343,5645.413620498546,0.04554707739050853,207.46512582999432
766,30.64,211.088588318305,9.98214811339191,-215.012597596975,-13.7256378190603,429.844675620948,0,0,0,0,-17.836545039304,-8.10261094784881,-4.55040563136204e-05,0.0001152070692968,-5.37977188815988,0.0029493620365606,0.000458248359253,98.59978081111154,5744.013056924488,5645.413276113377,0.04520390239350095,207.46511317407268
767,30.68,211.117561346769,10.0122846175374,-215.00236315521,-13.7259861401529,429.833626024594,0,0,0,0,-17.8369982357112,-8.06460298856114,-4.55040590527111e-05,0.0001152071011255,-5.39502748604038,0.0029482076552013,0.00045129223931,99.38850898695478,5744.8014531856115,5645.412944198657,0.04487351385095638,207.4651009764316
768,30.72,211.146503596781,10.042375075049,-214.992293306666,-13.7263323704536,429.822754198852,0,0,0,0,-17.8374487073839,-8.02681744342795,-4.55040631579567e-05,0.0001152071312029,-5.40993242963827,0.0029470559961121,0.00044457209438,100.17638762451001,5745.589011922397,5645.412624297886,0.04455543455650792,207.465089220295
769,30.76,211.175396647516,10.0724008597389,-214.982388326041,-13.7266764927056,429.812060606524,0,0,0,0,-17.8378964318766,-7.9892716938728,-4.55040686026239e-05,0.0001152071595768,-5.424485822047,0.0029459074651604,0.000438079856585,100.96291590770116,5746.375231878665,5645.412315970963,0.04424920440636948,207.46507788948946
770,30.8,211.204222318549,10.1023435895435,-214.972648481575,-13.7270184897795,429.80154570036,0,0,0,0,-17.8383413869104,-7.95198283565709,-4.55040753613396e-05,0.0001152071862947,-5.43868679017239,0.0029447624672308,0.000431807728737,101.74759954647695,5747.159618339852,5645.412018793376,0.04395437970547468,207.46506696841445
771,30.84,211.23296270728,10.1321851639907,-214.963074034881,-13.727358344674,429.791209922845,0,0,0,0,-17.8387835503735,-7.9149676435455,-4.5504083408951e-05,0.0001152072114045,-5.45253448476532,0.0029436214060761,0.000425748175572,102.52995179593239,5747.941684151401,5645.411732355469,0.04367053256817048,207.46505644201545
772,30.88,211.261600226052,10.1619078013667,-214.953665240802,-13.7276960405167,429.781053706004,0,0,0,0,-17.8392229003219,-7.87824253564197,-4.55040927213799e-05,0.0001152072349532,-5.46602808045528,0.0029424846841687,0.000419893915634,103.3094944669184,5748.720950728788,5645.41145626187,0.04339725039527965,207.46504629576273
773,30.92,211.290117639079,10.1914940756941,-214.944422347261,-13.7280315605646,429.77107747121,0,0,0,0,-17.8396594149807,-7.84182353788167,-4.55041032752017e-05,0.0001152072569883,-5.47916677578446,0.0029413527025521,0.000414237913723,104.08575893032206,5749.496949062387,5645.411190132065,0.043134135421839116,207.4650365156727
774,30.96,211.318498100527,10.2209269548556,-214.935345595133,-13.7283648882049,429.761281629009,0,0,0,0,-17.8400930727449,-7.80572624925257,-4.55041150472111e-05,0.0001152072775567,-5.49194979324207,0.002940225860692,0.000408773373788,104.85828715528484,5750.2692207537075,5645.410933598423,0.042880804341157965,207.46502708823516
775,31.0,211.34672519417,10.2501898402956,-214.926435218109,-13.728696006956,429.751666578939,0,0,0,0,-17.8405238521803,-7.76996580834998,-4.55041280154175e-05,0.0001152072967054,-5.50437637929803,0.0029391045563287,0.000403493732103,105.62663278681646,5751.037319094486,5645.4106863076695,0.042636887989685894,207.4650180004675
776,31.04,211.374782972703,10.2792666063862,-214.917691442578,-13.7290249004678,429.742232709362,0,0,0,0,-17.8409517320244,-7.73455686201411,-4.5504142157796e-05,0.0001152073144809,-5.51644580443505,0.0029379891853292,0.000398392650589,106.39036221766781,5751.800810136449,5645.410447918782,0.042402031058564264,207.46500923983737
777,31.08,211.402655993464,10.3081416361854,-214.909114487496,-13.7293515525224,429.732980397297,0,0,0,0,-17.8413766911874,-7.69951353691739,-4.55041574530573e-05,0.000115207330929,-5.52815736317833,0.0029368801415397,0.000393464010122,107.14905555900602,5752.559273663363,5645.410218104356,0.04217589177654035,207.46500079431294
778,31.12,211.43032934826,10.3367998513136,-214.900704564275,-13.7296759470354,429.723910008256,0,0,0,0,-17.8417987087531,-7.66484941499668,-4.55041738795224e-05,0.0001152073460946,-5.53951037412276,0.002935777816639,0.000388701903708,107.90230745386924,5753.312304002631,5645.409996548762,0.04195814153129416,207.46499265229497
779,31.16,211.457788687265,10.36522673589,-214.892461876657,-13.7299980680562,429.715021896089,0,0,0,0,-17.84221776398,-7.63057751326314,-4.55041914159654e-05,0.0001152073600219,-5.55050417995733,0.0029346825999921,0.000384100629481,108.6497277266036,5754.059510675602,5645.409782948998,0.041748464424192895,207.46498480264836
780,31.2,211.485020238088,10.3934083556371,-214.884386620595,-13.7303178997686,429.706316402815,0,0,0,0,-17.8426338363021,-7.59671026812604,-4.55042100405536e-05,0.0001152073727539,-5.5611381474873,0.002933594878505,0.000379654683486,109.39094190337359,5754.800518916425,5645.409577013052,0.04154655676942094,207.46497723464182
781,31.24,211.512010820425,10.4213313725794,-214.87647898413,-13.7306354264919,429.697793858467,0,0,0,0,-17.8430469053297,-7.56325952401589,-4.55042297315586e-05,0.0001152073843327,-5.57141166765387,0.002932515036479,0.000375358752344,110.12559161026381,5755.534970070761,5645.4093784604975,0.041352126550602296,207.46496993796998
782,31.28,211.538747855625,10.4489830546425,-214.86873914727,-13.7309506326812,429.689454580934,0,0,0,0,-17.8434569508505,-7.53023652587461,-4.5504250466869e-05,0.0001152073947989,-5.58132415555205,0.0029314434554667,0.000371207705854,110.8533348350932,5756.262521856084,5645.409187020991,0.04116489283583156,207.46496290269783
783,31.32,211.565219370723,10.476351279723,-214.861167281874,-13.7312635029283,429.681298875803,0,0,0,0,-17.8438639528305,-7.49765191503884,-4.55042722238923e-05,0.0001152074041917,-5.59087505044721,0.0029303805141281,0.000367196589705,111.5738460374174,5756.982848471422,5645.409002434004,0.0409845851651135,207.4649561192511
784,31.36,211.591413998218,10.5034245354993,-214.853763551536,-13.7315740219626,429.673327036217,0,0,0,0,-17.8442678914147,-7.4655157278502,-4.55042949800375e-05,0.0001152074125485,-5.60006381579121,0.0029293265880883,0.000363320618411,112.28681614206701,5757.695640591313,5645.408824449246,0.04081094293716391,207.46494957843183
785,31.4,211.617320974274,10.5301919176704,-214.846528111474,-13.7318821746513,429.665539342729,0,0,0,0,-17.8446687469281,-7.43383739623704,-4.55043187118765e-05,0.0001152074199051,-5.60888993923893,0.0029282820497945,0.000359575168651,112.991952492909,5758.400605316866,5645.408652823957,0.04064371484446334,207.46494327131873
786,31.44,211.642930137686,10.5566431289528,-214.839461108434,-13.7321879460004,429.657936063167,0,0,0,0,-17.8450664998767,-7.4026257494032,-4.5504343396384e-05,0.000115207426296,-5.61735293266546,0.002927247268376,0.000355955773108,113.68897882231231,5759.097466147607,5645.408487325294,0.04048265838651866,207.464937189355
787,31.48,211.668231930227,10.582768479459,-214.832562680585,-13.7324913211554,429.650517452508,0,0,0,0,-17.8454611309482,-7.37188901594116,-4.55043690100827e-05,0.0001152074317544,-5.62545233218378,0.0029262226095039,0.000352458114906,114.3776352635099,5759.785962990932,5645.408327727422,0.040327539480926974,207.46493132424132
788,31.52,211.693217397655,10.6085588877407,-214.825832957445,-13.732792285402,429.643283752761,0,0,0,0,-17.8458526210131,-7.34163482596322,-4.55043955296139e-05,0.0001152074363111,-5.63318769816293,0.0029252084352517,0.000349078022677,115.0576783770205,5760.465852189505,5645.408173812485,0.0401781321645874,207.46492566797167
789,31.56,211.717878190768,10.6340058818714,-214.819272059798,-13.7330908241668,429.636235192861,0,0,0,0,-17.8462409511258,-7.31187021314122,-4.55044229316975e-05,0.0001152074399959,-5.64055861524633,0.0029242051039581,0.000345811466202,115.72888117943982,5761.13690654997,5645.408025370531,0.04003421837433341,207.4649202128304
790,31.6,211.742206566699,10.6591016007737,-214.812880099631,-13.7333869230181,429.629371988575,0,0,0,0,-17.8466261025252,-7.28260161679482,-4.55044511931016e-05,0.0001152074428362,-5.64756469236993,0.0029232129700897,0.000342654552566,116.39103317950509,5761.798915378181,5645.407882198676,0.0398955878016053,207.46491495136175
791,31.64,211.766195390796,10.6838387961288,-214.806657180079,-13.7336805676664,429.622694342413,0,0,0,0,-17.8470080566357,-7.25383488430188,-4.5504480290721e-05,0.0001152074448586,-5.65420556277977,0.0029222323841055,0.000339603522674,117.04394042879514,5762.4516845303715,5645.407744101576,0.03976203780537204,207.46490987638688
792,31.68,211.789838138424,10.7082108342056,-214.800603395368,-13.7339717439655,429.616202443552,0,0,0,0,-17.8473867950683,-7.22557527424445,-4.55045102017065e-05,0.0001152074460877,-5.66048088404785,0.0029212636923226,0.00033665474798,117.68742557103583,5763.095036462177,5645.407610891141,0.039633373359351964,207.46490498099365
793,31.72,211.813128894891,10.7322116958174,-214.794718830765,-13.734260437913,429.609896467752,0,0,0,0,-17.8477622996216,-7.19782746081189,-4.55045409034853e-05,0.0001152074465468,-5.66639033808579,0.0029203072367833,0.000333804727256,118.32132784052423,5763.728810226633,5645.407482386108,0.039509406995200023,207.46490025852077
794,31.76,211.836062351711,10.7558359726033,-214.789003562534,-13.7345466356508,429.603776577293,0,0,0,0,-17.8481345522824,-7.17059554003157,-4.55045723731078e-05,0.0001152074462569,-5.67193363115572,0.0029193633551227,0.000331050083241,118.94550295963913,5764.352861372477,5645.407358412837,0.03938995870503931,207.46489570258703
795,31.8,211.858633798498,10.7790788589546,-214.783457657888,-13.7348303234664,429.597842920898,0,0,0,0,-17.8485035352269,-7.1438830383714,-4.55046045880948e-05,0.0001152074452375,-5.67711049387836,0.0029184323804394,0.000328387559039,119.55982291940492,5764.967061723576,5645.407238804171,0.03927485578166022,207.4648913070496
796,31.84,211.880839110999,10.8019361400644,-214.77808117494,-13.7351114877927,429.592095633667,0,0,0,0,-17.8488692308215,-7.11769292407854,-4.55046375259245e-05,0.0001152074435064,-5.68192068123837,0.0029175146411657,0.000325814014194,120.16417565318368,5765.571299053291,5645.407123400108,0.03916393258996545,207.46488706602844
797,31.88,211.902674735979,10.8244041768316,-214.772874162645,-13.7353901152097,429.586534837002,0,0,0,0,-17.8492316216235,-7.09202762141509,-4.55046711639983e-05,0.000115207441079,-5.68636397258712,0.0029166104609406,0.000323326420412,120.75846462662224,5766.165476673173,5645.40701204655,0.03905703027196465,207.46488297386065
798,31.92,211.924137673225,10.8464798878925,-214.767836660749,-13.7356661924444,429.581160638526,0,0,0,0,-17.8495906903822,-7.06688902772234,-4.55047054797731e-05,0.0001152074379695,-5.69044017164303,0.0029157201584842,0.000320921856966,121.34260834684494,5766.749512943267,5645.4069045964225,0.03895399638862482,207.46487902514124
799,31.96,211.945225454747,10.8681607288324,-214.762968699724,-13.7359397063718,429.57597313201,0,0,0,0,-17.8499464200399,-7.04227853299088,-4.55047404513549e-05,0.0001152074341894,-5.69414910648985,0.0029148440474727,0.000318597505881,121.91653979877037,5767.323340706146,5645.406800907376,0.03885468451110695,207.46487521463905
800,32.0,211.965936121717,10.8894446691442,-214.758270300704,-13.7362106440157,429.570972397292,0,0,0,0,-17.8502987937324,-7.01819704144455,-4.55047760558793e-05,0.000115207429749,-5.69749062957348,0.0029139824364166,0.000316350647032,122.4802058164262,5767.886906659384,5645.406700842958,0.038758953778745144,207.4648715373395
801,32.04,211.986268200475,10.9103301682517,-214.753741475428,-13.7364789925491,429.566158500201,0,0,0,0,-17.8506477947904,-6.99464499450202,-4.55048122714599e-05,0.0001152074246557,-5.70046461769823,0.0029131356285398,0.000314178653327,123.03356643058989,5768.440170702651,5645.406604272061,0.038666668457005185,207.46486798842443
802,32.08,212.006220679087,10.9308161520823,-214.74938222618,-13.7367447392951,429.561531492479,0,0,0,0,-17.85099340674,-6.97162239441078,-4.55048490765775e-05,0.0001152074189158,-5.70307097202269,0.0029123039216601,0.000312078986136,123.57659423245293,5768.983105299819,5645.4065110673655,0.03857769752693545,207.46486456321503
803,32.12,212.025792985319,10.9509019910543,-214.745192545729,-13.7370078717278,429.557091411721,0,0,0,0,-17.8513356133037,-6.94912882785432,-4.55048864499642e-05,0.0001152074125335,-5.7053096180558,0.0029114876080729,0.000310049191136,124.10927377341801,5769.5156948796075,5645.40642110619,0.0384919143328288,207.46486125720276
804,32.16,212.044984966098,10.9705874795546,-214.741172417288,-13.7372683774725,429.552838281304,0,0,0,0,-17.8516743984018,-6.92716348887378,-4.55049243711923e-05,0.0001152074055111,-5.70718050565267,0.0029106869744352,0.000308086894681,124.63160100699987,5770.03793527669,5645.406334269691,0.03840919630338429,207.46485806602027
805,32.2,212.063796868237,10.9898728166714,-214.737321814473,-13.7375262443071,429.548772110346,0,0,0,0,-17.8520097461526,-6.90572520054382,-4.55049628202735e-05,0.0001152073978499,-5.70868360901055,0.0029099023016532,0.000306189800778,125.14358276465971,5770.549833207188,5645.406250442528,0.03832942475428576,207.46485498542881
806,32.24,212.082229320361,11.0087585881353,-214.733640701275,-13.737781460162,429.544892893663,0,0,0,0,-17.8523416408737,-6.88481243500996,-4.55050017785983e-05,0.0001152073895494,-5.70981892666454,0.0029091338647705,0.000304355688698,125.64523626366315,5771.0514057768605,5645.406169513198,0.03825248477599853,207.46485201133075
807,32.28,212.100283316165,11.0272457495853,-214.730129032046,-13.7380340131217,429.541200611747,0,0,0,0,-17.8526700670831,-6.86442333170812,-4.55050412280113e-05,0.0001152073806081,-5.71058648148311,0.0029083819328598,0.000302582411152,126.13658865213931,5771.542680025525,5645.4060913733865,0.03817826520039025,207.46484913974564
808,32.32,212.117960198873,11.0453356110375,-214.726786751493,-13.7382838914246,429.537695230753,0,0,0,0,-17.8529950094997,-6.84455571381992,-4.55050811513315e-05,0.0001152073710225,-5.71098632066282,0.0029076467689151,0.000300867892952,126.61767658509348,5772.02369250417,5645.406015919077,0.03810665863472574,207.46484636685088
809,32.36,212.135261646351,11.063029822004,-214.723613794677,-13.7385310834644,429.534376702489,0,0,0,0,-17.8533164530443,-6.82520710323837,-4.55051215331083e-05,0.0001152073607883,-5.71101851572171,0.0029069286297476,0.000299210129994,127.08854582078438,5772.494488869853,5645.405943049069,0.03803756153951821,207.46484368892743
810,32.4,212.152189656149,11.0803303565386,-214.720610087019,-13.7387755777903,429.53124496442,0,0,0,0,-17.8536343828404,-6.80637473442659,-4.55051623583349e-05,0.0001152073499007,-5.71068316249078,0.0029062277658826,0.000297607188379,127.54925081219048,5772.955123478678,5645.405872666487,0.03797087431921032,207.46484110241525
811,32.44,212.168746530014,11.0972394977589,-214.717775544312,-13.7390173631077,429.528299939675,0,0,0,0,-17.8539487842153,-6.78805556763964,-4.55052036130267e-05,0.0001152073383533,-5.70998038110319,0.0029055444214589,0.000296057203495,127.9998542865158,5773.4056589643715,5645.4058046778555,0.03790650140063231,207.4648386038791
812,32.48,212.184934857858,11.1137598218103,-214.71511007273,-13.7392564282789,429.525541537056,0,0,0,0,-17.8542596427004,-6.77024630197179,-4.55052452848699e-05,0.0001152073261383,-5.70891031598111,0.0029048788341305,0.000294558378873,128.4404268078628,5773.84616580203,5645.405738994167,0.03784435127304076,207.46483619004806
813,32.52,212.200757501312,11.1298941814264,-214.712613568832,-13.739492762324,429.522969651042,0,0,0,0,-17.8545669440326,-6.75294338869603,-4.55052873620074e-05,0.0001152073132474,-5.70747313581993,0.0029042312349711,0.000293108984689,128.87104633097925,5774.276721860597,5645.405675529618,0.03778433647438356,207.46483385776887
814,32.56,212.216217576958,11.1456456891563,-214.710285919566,-13.7397263544209,429.520584161789,0,0,0,0,-17.8548706741545,-6.73614304529006,-4.55053298338281e-05,0.0001152072996713,-5.70566903356988,0.0029036018483805,0.000291707355795,129.29179774364798,5774.697411946589,5645.405614202941,0.0377263735064408,207.46483160405504
815,32.6,212.231318439177,11.1610177002152,-214.708127002261,-13.7399571939064,429.518384935129,0,0,0,0,-17.8551708192157,-6.71984127044893,-4.55053726909302e-05,0.0001152072853993,-5.70349822641498,0.0029029908919931,0.000290351889264,129.70277240125816,5775.108327337362,5645.405554936105,0.03767038267626325,207.46482942603896
816,32.64,212.246063662665,11.1760137949956,-214.70613668461,-13.7401852702767,429.516371822555,0,0,0,0,-17.8554673655734,-6.70403386021884,-4.55054159245175e-05,0.0001152072704204,-5.70096095574939,0.0029023985765901,0.000289041041456,130.10406765084002,5775.509565305351,5645.405497654511,0.03761628786248016,207.4648273209792
817,32.68,212.260457024828,11.1906377614602,-214.704314824651,-13.7404105731879,429.514544661206,0,0,0,0,-17.855760299793,-6.68871642520552,-4.55054595272982e-05,0.0001152072547226,-5.69805748715163,0.0029018251060121,0.000287773324709,130.49578635162257,5775.901228639007,5645.405442287384,0.03756401622075904,207.4648252862748
818,32.72,212.274502488356,11.2048935777101,-214.702661270743,-13.7406330924568,429.512903273846,0,0,0,0,-17.8560496086494,-6.67388440863164,-4.5505503492692e-05,0.0001152072382934,-5.69478811035701,0.0029012706770757,0.000286547303786,130.87803640270795,5776.283425168616,5645.405388765908,0.03751349784766575,207.46482331939683
819,32.76,212.288204184136,11.2187853948917,-214.701175861537,-13.7408528180616,429.511447468844,0,0,0,0,-17.8563352791273,-6.65953310490696,-4.55055478155599e-05,0.0001152072211198,-5.69115313922869,0.0029007354794922,0.000285361592262,131.25093027702275,5776.6562673013395,5645.405337024316,0.03746466542629957,207.46482141792836
820,32.8,212.301566394486,11.2323175204274,-214.699858425947,-13.7410697401423,429.510177040149,0,0,0,0,-17.8566172984226,-6.64565767828634,-4.55055924919931e-05,0.0001152072031881,-5.68715291172772,0.002900219695788,0.000284214849042,131.6145845658733,5777.019871564987,5645.405286999114,0.03741745388012129,207.46481957953606
821,32.84,212.314593536658,11.2454944015061,-214.698708783127,-13.7412838490014,429.50909176728,0,0,0,0,-17.8568956539425,-6.63225318117604,-4.55056375188458e-05,0.0001152071844845,-5.68278778988217,0.0028997235012292,0.000283105775187,131.96911953108915,5777.374358159106,5645.405238628017,0.03737180005802042,207.46481780193105
822,32.88,212.327290146631,11.2583206088735,-214.697726742452,-13.7414951351047,429.508191415314,0,0,0,0,-17.8571703333071,-6.6193145716649,-4.55056828949193e-05,0.0001152071649952,-5.67805815975574,0.0028992470637475,0.000282033111225,132.31465866336987,5777.719850513972,5645.405191850602,0.03732764247464593,207.46481608289272
823,32.92,212.339660863372,11.2708008210713,-214.696912103515,-13.7417035890817,429.507475734897,0,0,0,0,-17.8574413243496,-6.60683672988382,-4.5505728620094e-05,0.0001152071447068,-5.67296443141585,0.0028987905438694,0.000280995635057,132.65132825416424,5778.056474862308,5645.405146608144,0.03728492112402274,207.46481442026302
824,32.96,212.351710413681,11.2829398092808,-214.696264656128,-13.7419092017265,429.506944462255,0,0,0,0,-17.8577086151175,-6.5948144728688,-4.55057746957732e-05,0.0001152071236052,-5.66750703890154,0.0028983540946479,0.000279992160514,132.97925698433716,5778.384359826893,5645.405102842556,0.037243577376285836,207.4648128119073
825,33.0,212.363443597755,11.2947424228693,-214.695784180345,-13.7421119639981,429.506597319229,0,0,0,0,-17.8579721938733,-6.58324256767796,-4.55058211243151e-05,0.0001152071016771,-5.66168644019095,0.0028979378615964,0.000279021536574,133.29857553016635,5778.703636027741,5645.405060497575,0.037203553960344436,207.46481125575795
826,33.04,212.374865275558,11.3062135757422,-214.695470446483,-13.7423118670216,429.50643401332,0,0,0,0,-17.858232049095,-6.57211574264783,-4.55058679096884e-05,0.0001152070789095,-5.65550311716835,0.0028975419826258,0.000278082647177,133.609416193204,5779.014435711205,5645.405019518001,0.037164795027362696,207.46480974978638
827,33.08,212.385980354206,11.3173582337134,-214.695323215166,-13.7425089020878,429.506454237746,0,0,0,0,-17.8584881694775,-6.56142869681766,-4.5505915057596e-05,0.0001152070552892,-5.64895757559037,0.0028971665879842,0.000277174411493,133.9119125564701,5779.316892406717,5645.4049798502465,0.03712724627737896,207.4648082920233
828,33.12,212.396793776685,11.32818140321,-214.695342237372,-13.7427030606549,429.506657671502,0,0,0,0,-17.8587405439328,-6.55117610768419,-4.55059625746864e-05,0.0001152070308043,-5.64205034505109,0.0028968118001993,0.000276295784503,134.20619917815,5779.611140619773,5645.404941441623,0.03709085513400997,207.4648068805324
829,33.16,212.407310512208,11.3386881216007,-214.695527254482,-13.7428943343484,429.507043979438,0,0,0,0,-17.8589891615912,-6.54135263753072,-4.55060104690163e-05,0.0001152070054433,-5.63478197894583,0.0028964777340239,0.00027544575767,134.49241132717728,5779.897315569549,5645.404904242372,0.03705557093869274,207.46480551348512
830,33.2,212.4175355483,11.3488834492686,-214.695877998336,-13.7430827149619,429.507612812329,0,0,0,0,-17.8592340118016,-6.5319529386691,-4.55060587498693e-05,0.000115206979195,-5.62715305443314,0.0028961644963844,0.000274623359516,134.77068476916142,5780.175552973514,5645.404868204352,0.037021345141755556,207.4648041891123
831,33.24,212.427473884549,11.3587724633389,-214.696394191277,-13.7432681944576,429.508363806944,0,0,0,0,-17.8594750841326,-6.52297165788767,-4.55061074280622e-05,0.000115206952049,-5.61916417239483,0.0028958721863324,0.000273827655899,135.04115559588686,5780.445988877382,5645.404833281495,0.03698813146004762,207.46480290572094
832,33.28,212.437130527807,11.3683602528557,-214.6970755462,-13.743450764967,429.509296586118,0,0,0,0,-17.8597123683732,-6.5144034404574,-4.55061565148829e-05,0.0001152069239956,-5.61081595739362,0.002895600894999,0.00027305774985,135.30396009432275,5780.70875952454,5645.404799430217,0.036955885980219434,207.46480166170943
833,33.32,212.4465104886,11.3776519151698,-214.697921766583,-13.7436304187913,429.510410758804,0,0,0,0,-17.8599458545333,-6.50624293397686,-4.55062060233689e-05,0.0001152068950256,-5.60210905762828,0.0028953507055519,0.000272312780851,135.55923464890415,5780.964001258344,5645.40476660944,0.03692456718884924,207.4648004555681
834,33.36,212.455618778471,11.3866525532595,-214.698932546513,-13.7438071484019,429.511705920126,0,0,0,0,-17.8601755328444,-6.49848479233609,-4.55062559666097e-05,0.0001152068651308,-5.59304414488582,0.0028951216931564,0.000271591923504,135.80711567029095,5781.211850449823,5645.404734779532,0.03689413591976501,207.46479928584057
835,33.4,212.46446040786,11.3953672735823,-214.700107570702,-13.7439809464412,429.51318165142,0,0,0,0,-17.8604013937606,-6.49112368000496,-4.55063063592043e-05,0.0001152068343041,-5.58362191449111,0.002894913924938,0.000270894385619,136.04773953591123,5781.452443439996,5645.404703904085,0.036864555217471166,207.4647981511888
836,33.44,212.473040383945,11.4038011838916,-214.701446514488,-13.7441518057227,429.514837520265,0,0,0,0,-17.8606234279587,-6.48415427679685,-4.55063572160998e-05,0.0001152068025387,-5.57384308525368,0.0028947274599495,0.000270219405788,136.28124253330407,5781.685916481116,5645.404673947812,0.03683579012271843,207.46479705031606
837,33.48,212.481363707817,11.4119593903809,-214.702949043841,-13.7443197192317,429.516673080509,0,0,0,0,-17.8608416263394,-6.47757128316278,-4.55064085530426e-05,0.0001152067698289,-5.56370839941208,0.0028945623491403,0.000269566250588,136.50776078203057,5781.912405659799,5645.404644877769,0.03680780739280686,207.46479598201168
838,33.52,212.489435370458,11.4198469936352,-214.704614815347,-13.7444846801258,429.518687872296,0,0,0,0,-17.8610559800275,-6.47136942600941,-4.5506460386175e-05,0.0001152067361698,-5.55321862257596,0.0028944186353294,0.000268934211578,136.72743012651298,5782.132046787586,5645.404616661072,0.0367805751771465,207.46479494506718
839,33.56,212.497260347265,11.4274690831227,-214.706443476209,-13.7446466817353,429.520881422086,0,0,0,0,-17.8612664803725,-6.46554346493967,-4.55065127319926e-05,0.0001152067015582,-5.54237454366629,0.0028942963531806,0.000268322602305,136.94038598481106,5782.344975251923,5645.404589267112,0.03675406267383759,207.4647939383577
840,33.6,212.50484359109,11.4348307302048,-214.708434664239,-13.7448057175636,429.523253242688,0,0,0,0,-17.8614731189495,-6.46008819877579,-4.55065656077622e-05,0.0001152066659912,-5.53117697485389,0.0028941955291822,0.000267730755507,137.1467631617411,5782.5513258267765,5645.404562665035,0.03672823979602157,207.4647929607494
841,33.64,212.512190023943,11.4419369797993,-214.710588007862,-13.7449617812879,429.525802833293,0,0,0,0,-17.8616758875597,-6.45499847219464,-4.55066190306529e-05,0.0001152066294685,-5.51962675149695,0.0028941161816283,0.000267158020712,137.34669562222993,5782.751232446863,5645.4045368246325,0.03670307687514047,207.46479201113212
842,33.68,212.519304527567,11.4487928409288,-214.712903126128,-13.7451148667592,429.528529679526,0,0,0,0,-17.8618747782306,-6.45026918230395,-4.55066730187127e-05,0.0001152065919895,-5.50772473207771,0.002894058320604,0.000266603762377,137.54031623549173,5782.9448279511735,5645.404511715682,0.036678544424846644,207.4647910883952
843,33.72,212.52619193329,11.4554032765288,-214.715379628738,-13.7452649680033,429.531433253502,0,0,0,0,-17.862069783217,-6.44589528500009,-4.55067275904919e-05,0.0001152065535563,-5.49547179813886,0.0028940219479733,0.000266067358674,137.72775649871758,5783.13224380684,5645.404487308122,0.03665461298376943,207.4647901914339
844,33.76,212.532857011695,11.461773193084,-214.718017116079,-13.7454120792208,429.534513013911,0,0,0,0,-17.8622608950016,-6.44187180095015,-4.55067827646155e-05,0.0001152065141717,-5.48286885421969,0.0028940070573705,0.000265548200966,137.90914625659315,5783.313609828039,5645.404463571446,0.03663125304854146,207.46478931912716
845,33.8,212.539304462855,11.4679074308218,-214.720815179276,-13.7455561947878,429.537768406098,0,0,0,0,-17.8624481062952,-6.43819382098613,-4.55068385606919e-05,0.0001152064738409,-5.46991682779224,0.002894013634194,0.000265045693959,138.08461343459993,5783.48905391027,5645.40444047567,0.03660843510091987,207.464788470373
846,33.84,212.54553890785,11.4738107551928,-214.723773400256,-13.7456973092563,429.54119886217,0,0,0,0,-17.8626314100378,-6.43485651073047,-4.55068949983385e-05,0.0001152064325695,-5.45661666919734,0.0028940416556043,0.000264559256435,138.25428380896403,5783.658701799524,5645.40441799056,0.03658612972272827,207.46478764406046
847,33.88,212.551564882164,11.4794878502237,-214.726891351816,-13.7458354173546,429.544803801111,0,0,0,0,-17.8628107993986,-6.43185511430406,-4.55069520978709e-05,0.0001152063903654,-5.44296935158052,0.002894091090524,0.000264088322456,138.4182808263254,5783.8226769126095,5645.404396086284,0.036564307787373115,207.46478683909314
848,33.92,212.557386831333,11.484943314128,-214.730168597704,-13.7459705139879,429.548582628897,0,0,0,0,-17.8629862677773,-6.42918495702755,-4.55070098797772e-05,0.0001152063472372,-5.42897587082751,0.002894161899642,0.000263632342851,138.5767254848506,5783.981100218719,5645.404374733868,0.036542940705263836,207.46478605440635
849,33.96,212.563009109088,11.4901816574028,-214.733604692698,-13.7461025942386,429.552534738622,0,0,0,0,-17.8631578088041,-6.42684144710022,-4.55070683649815e-05,0.000115206303195,-5.41463724549891,0.0028942540354201,0.000263190786777,138.7297362841639,5784.13409018891,5645.404353904746,0.036522000696092696,207.46478528895022
850,34.0,212.568435978042,11.4952073034773,-214.737199182688,-13.7462316533668,429.556659510619,0,0,0,0,-17.8633254163404,-6.42482007629328,-4.55071275742922e-05,0.0001152062582501,-5.39995451676372,0.0028943674421027,0.000262763143178,138.87742924330445,5784.281762814789,5645.404333571484,0.0365014610630905,207.46478454171663
851,34.04,212.573671612736,11.5000245917098,-214.740951604747,-13.7463576868108,429.560956312583,0,0,0,0,-17.8634890844797,-6.42311641969852,-4.55071875286702e-05,0.0001152062124146,-5.38492874833098,0.00289450205573,0.000262348921915,139.01991798293363,5784.424231691402,5645.404313708469,0.036481296436324494,207.46478381176428
852,34.08,212.578720104492,11.5046377822028,-214.744861487201,-13.7464806901873,429.565424499678,0,0,0,0,-17.8636488075476,-6.42172613460288,-4.55072482486753e-05,0.0001152061657018,-5.36956102637933,0.0028946578041532,0.00026194765444,139.15731385848014,5784.561608149292,5645.404294290812,0.03646148296333943,207.46478309817851
853,34.12,212.583585467343,11.509051061683,-214.748928349687,-13.7466006592921,429.570063414639,0,0,0,0,-17.8638045801026,-6.42064495860272,-4.55073097541533e-05,0.0001152061181259,-5.35385245948385,0.0028948346070546,0.000261558893878,139.28972612003074,5784.694001415861,5645.40427529583,0.03644199842132259,207.4647824001258
854,34.16,212.588271644275,11.5132685496983,-214.753151703193,-13.7467175901003,429.574872387869,0,0,0,0,-17.8639563969368,-6.41986870711903,-4.55073720646461e-05,0.0001152060697017,-5.33780417854001,0.0028950323759689,0.000261182214464,139.4172620834682,5784.821518785222,5645.404256701754,0.03642282223883745,207.46478171680613
855,34.2,212.592782513207,11.5172943045502,-214.757531050097,-13.7468314787665,429.579850737521,0,0,0,0,-17.8641042530759,-6.4193932705397,-4.55074351987704e-05,0.0001152060204455,-5.32141733668434,0.0028952510143096,0.000260817210342,139.54002729245252,5784.944265780926,5645.404238488473,0.03640393542234634,207.4647810474804
856,34.24,212.597121892239,11.521132328489,-214.762065884191,-13.7469423216255,429.584997769566,0,0,0,0,-17.8642481437799,-6.41921461119634,-4.5507499174389e-05,0.0001152059703739,-5.30469310921181,0.0028954904173969,0.000260463493777,139.65812566117305,5785.062346298766,5645.4042206375925,0.03638532039172785,207.4647803914726
857,34.28,212.601293543621,11.5247865716392,-214.766755690693,-13.7470501151924,429.590312777867,0,0,0,0,-17.8643880645434,-6.41932876040541,-4.55075640084232e-05,0.0001152059195051,-5.28763269349015,0.0028957504724898,0.000260120692895,139.77165958343738,5785.175862714779,5645.404203131342,0.03636696073695318,207.46477974812976
858,34.32,212.60530117587,11.5282609340553,-214.771599946265,-13.7471548561629,429.595795044242,0,0,0,0,-17.8645240110963,-6.41973181578179,-4.55076297167448e-05,0.0001152058678583,-5.27023730887115,0.0028960310588203,0.000259788449121,139.88072999039028,5785.284915942853,5645.404185952463,0.03634884091512553,207.4647791168176
859,34.36,212.609148443599,11.531559265506,-214.776598119016,-13.7472565414136,429.601443838523,0,0,0,0,-17.8646559794037,-6.42041993906544,-4.55076963143593e-05,0.0001152058154538,-5.25250819659954,0.0028963320476316,0.000259466414478,139.985436345414,5785.389605430072,5645.404169084658,0.03633094590795221,207.46477849693719
860,34.4,212.612838945181,11.5346853630752,-214.781749668521,-13.7473551680024,429.607258418629,0,0,0,0,-17.8647839656666,-6.4213893546255,-4.55077638150899e-05,0.0001152057623133,-5.23444661971979,0.0028966533022185,0.000259154248966,140.0858765821637,5785.490029093154,5645.40415251099,0.03631326087224326,207.46477788786612
861,34.44,212.61637621879,11.5376429671537,-214.787054045829,-13.7474507331685,429.613238030634,0,0,0,0,-17.864907966322,-6.4226363487524,-4.55078322321001e-05,0.00011520570846,-5.21605386298142,0.002896994677972,0.000258851618199,140.1821469952341,5785.586283210716,5645.404136215482,0.03629577081133473,207.46477728901726
862,34.48,212.619763737583,11.5404357565604,-214.792510693498,-13.7475432343329,429.619381908854,0,0,0,0,-17.8650279780434,-6.42415726980903,-4.55079015775158e-05,0.000115205653918,-5.19733123274335,0.0028973560224264,0.000258558191471,140.27434211172542,5785.678462292174,5645.404120180448,0.036278460299276394,207.4647766997406
863,34.52,212.623004904537,11.5430673433206,-214.798119045626,-13.7476326690986,429.625689275941,0,0,0,0,-17.865143997741,-6.42594852930249,-4.55079718627486e-05,0.0001152055987125,-5.178280056878,0.0028977371753096,0.000258273640387,140.36255454885793,5785.766658937249,5645.404104388392,0.03626131327873812,207.46477611939324
864,34.56,212.626103047168,11.5455412673314,-214.803878527905,-13.7477190352507,429.632159342992,0,0,0,0,-17.8652560225622,-6.42800660378404,-4.55080430988866e-05,0.0001152055428702,-5.15890168467535,0.0028981379685969,0.000257997638131,140.44687487095428,5785.8509636922645,5645.40408882131,0.03624431294672223,207.46477554731354
865,34.6,212.629061412415,11.5478609911812,-214.809788557676,-13.7478023307566,429.638791309667,0,0,0,0,-17.8653640498915,-6.43032803746356,-4.55081152958754e-05,0.0001152054864181,-5.13919748674758,0.0028985582265674,0.000257729859407,140.52739145122501,5785.93146491093,5645.404073459705,0.036227441735021716,207.46477498278495
866,34.64,212.631883162264,11.5500298957201,-214.815848544011,-13.7478825537664,429.645584364321,0,0,0,0,-17.865468077351,-6.43290944543191,-4.55081884631533e-05,0.0001152054293842,-5.11916885493402,0.0028989977658633,0.000257469981015,140.60419035142093,5786.008248635267,5645.404058283846,0.03621068138385824,207.46477442508242
867,34.68,212.634571370835,11.5520512770819,-214.822057887783,-13.7479597026132,429.652537684149,0,0,0,0,-17.865568102801,-6.43574751721994,-4.5508262609848e-05,0.0001152053717971,-5.09881720220673,0.0028994563955524,0.000257217682995,140.6773552424842,5786.08139851634,5645.404043273857,0.03619401310552559,207.46477387347548
868,34.72,212.637129023296,11.5539283455407,-214.828415981767,-13.7480337758128,429.659650435335,0,0,0,0,-17.8656641243394,-6.43883902028254,-4.550833774384e-05,0.0001152053136847,-5.0781439625763,0.0028999339171938,0.000256972650189,140.74696737574104,5786.150995784711,5645.40402840897,0.03617741781954298,207.46477332720096
869,34.76,212.639559016545,11.5556642261335,-214.834922210729,-13.7481047720643,429.666921773205,0,0,0,0,-17.8657561403029,-6.44218080309784,-4.55084138725869e-05,0.0001152052550759,-5.05715059099766,0.0029004301249061,0.000256734574081,140.81310559975947,5786.217119268987,5645.404013669227,0.03616087643838793,207.4647727855254
870,34.8,212.641864161248,11.5572619606339,-214.84157595152,-13.7481726902502,429.674350842385,0,0,0,0,-17.8658441492665,-6.44576979770039,-4.55084910025395e-05,0.0001152051959989,-5.03583856327538,0.0029009448054396,0.000256503154722,140.8758464171854,5786.279845451286,5645.403999034101,0.036144370175115376,207.4647722476944
871,34.84,212.644047184684,11.5587245103376,-214.848376573173,-13.7482375294366,429.681936776955,0,0,0,0,-17.8659281500439,-6.44960302130068,-4.55085691394799e-05,0.0001152051364816,-5.01420937596794,0.0029014777382502,0.000256278102555,140.93526406063663,5786.33924854465,5645.403984484014,0.03612788084129918,207.46477171298858
872,34.88,212.64611073409,11.5600547593458,-214.855323436981,-13.7482992888728,429.689678700598,0,0,0,0,-17.8660081416879,-6.45367757671168,-4.55086482876125e-05,0.0001152050765517,-4.99226454629014,0.002902028695577,0.000256059139963,140.991430584143,5786.395400584067,5645.403969999924,0.036111391109278974,207.46477118070808
873,34.92,212.648057380418,11.5612555182526,-214.862415896583,-13.7483579679923,429.697575726741,0,0,0,0,-17.8660841234901,-6.45799065159273,-4.55087284503571e-05,0.0001152050162367,-4.97000561201328,0.0029025974425223,0.000255846002394,141.0444159644404,5786.448371528703,5645.403955564263,0.03609488471646013,207.46477065020733
874,34.96,212.649889622136,11.5623295278873,-214.869653298032,-13.7484135664122,429.705626958693,0,0,0,0,-17.8661560949813,-6.46253951644945,-4.55088096293043e-05,0.0001152049555633,-4.9474341313625,0.0029031837371346,0.000255638438944,141.09428820587937,5786.498229365337,5645.403941159457,0.03607834659306857,207.46477012084046
875,35.0,212.651609888499,11.5632794625158,-214.87703497985,-13.7484660839333,429.713831489766,0,0,0,0,-17.8662240559315,-6.46732152119729,-4.55088918248477e-05,0.0001152048945588,-4.92455168291092,0.0029037873304939,0.000255436212352,141.14111342746196,5786.545040197363,5645.403926769901,0.03606176290118111,207.46476959203403
876,35.04,212.653220542027,11.5641079322506,-214.88456027308,-13.7485155205405,429.722188403397,0,0,0,0,-17.8662880063499,-6.47233409055416,-4.55089750355571e-05,0.0001152048332494,-4.90135986547044,0.0029044079668002,0.000255239098365,141.18495593147077,5786.588868312226,5645.403912380755,0.03604512097882995,207.46476906324267
877,35.08,212.654723880295,11.5648174847716,-214.892228501326,-13.7485618764026,429.730696773252,0,0,0,0,-17.8663479464852,-6.47757471860606,-4.55090592592776e-05,0.0001152047716618,-4.87786029797895,0.0029050453834647,0.000255046884534,141.22587825177558,5786.629776230125,5645.403897978349,0.03602840919721382,207.46476853396402
878,35.12,212.656122137065,11.5654106063922,-214.900038980786,-13.7486051518722,429.739355663331,0,0,0,0,-17.866403876825,-6.48304096259672,-4.55091444916009e-05,0.0001152047098226,-4.85405461938431,0.0029056993112035,0.000254859368511,141.26394118534563,5786.667824734821,5645.403883549476,0.036011616741774104,207.4647680037127
879,35.16,212.657417482922,11.5658897226171,-214.90799102028,-13.7486453474858,429.748164128071,0,0,0,0,-17.8664557980963,-6.48873043623871,-4.55092307268131e-05,0.0001152046477582,-4.82994448852518,0.0029063694741339,0.000254676355982,141.29920380966783,5786.703072890939,5645.403869081271,0.03599473333692493,207.46476747201598
880,35.2,212.658612025737,11.5662571985428,-214.916083921279,-13.7486824639639,429.757121212437,0,0,0,0,-17.8665037112651,-6.49464080336281,-4.55093179579479e-05,0.0001152045854953,-4.80553158400935,0.0029070555898729,0.000254497658373,141.3317234950298,5786.735578056571,5645.403854561541,0.03597774893616318,207.46476693842575
881,35.24,212.659707811055,11.5665153391653,-214.924316977931,-13.7487165022104,429.766225952031,0,0,0,0,-17.8665476175368,-6.50076977208232,-4.55094061772612e-05,0.0001152045230598,-4.78081760409002,0.0029077573696389,0.00025432309051,141.36155591599422,5786.765395893833,5645.403839977838,0.03596065340436838,207.46476640248454
882,35.28,212.660706822512,11.5666663897293,-214.932689477093,-13.7487474633133,429.775477373189,0,0,0,0,-17.8665875183553,-6.50711508942839,-4.55094953747554e-05,0.0001152044604788,-4.75580426654068,0.0029084745183551,0.000254152468398,141.38875506231318,5786.792580380207,5645.403825317894,0.035943436215844074,207.46476586374152
883,35.32,212.661610983123,11.5667125369414,-214.941200698372,-13.7487753485438,429.784874493097,0,0,0,0,-17.8666234154035,-6.51367453720255,-4.55095855405612e-05,0.0001152043977777,-4.73049330852923,0.0029092067347555,0.000253985607281,141.41337327537587,5786.8171838436,5645.403810568224,0.035926086197821255,207.46476532170112
884,35.36,212.662422157892,11.5666559115122,-214.949849914171,-13.7488001593567,429.794416319907,0,0,0,0,-17.866655310603,-6.52044592960865,-4.55096766636919e-05,0.0001152043349823,-4.70488648649185,0.0029099537114941,0.000253822320108,141.4354613183329,5786.839257033353,5645.403795715019,0.03590859133933011,207.46476477585594
885,35.4,212.663142157068,11.5664985913348,-214.958636389745,-13.7488218973902,429.804101852868,0,0,0,0,-17.8666832061138,-6.52742711200461,-4.55097687323923e-05,0.0001152042721175,-4.67898557600722,0.0029107151352553,0.000253662416528,141.45506846491764,5786.85884920885,5645.403780743933,0.03589093867918152,207.46476422567864
886,35.44,212.663772739567,11.566242604835,-214.967559383264,-13.7488405644655,429.813930082461,0,0,0,0,-17.8667071043343,-6.53461596083931,-4.55098617342843e-05,0.0001152042092072,-4.65279237167136,0.0029114906868676,0.000253505702434,141.47224259335857,5786.876008232635,5645.403765639277,0.03587311427257478,207.46476367059276
887,35.48,212.664315616796,11.5658899347287,-214.976618145894,-13.7488561625868,429.823899990547,0,0,0,0,-17.8667270079005,-6.54201038575141,-4.55099556569079e-05,0.0001152041462747,-4.62630868697312,0.0029122800414192,0.000253351980112,141.4870302897284,5786.890780674464,5645.403750384736,0.03585510324547357,207.46476310999873
888,35.52,212.664772456433,11.5654425217239,-214.985811921873,-13.7488686939413,429.834010550523,0,0,0,0,-17.8667429196867,-6.54960833322667,-4.55100504865873e-05,0.0001152040833417,-4.59953635417063,0.0029130828683756,0.000253201048922,141.49947695121784,5786.9032119141675,5645.40373496295,0.0358368899240816,207.46476254325853
889,35.56,212.665144885504,11.5649022675281,-214.995139948605,-13.7488781608986,429.84426072748,0,0,0,0,-17.8667548428045,-6.55740779041234,-4.55101462094458e-05,0.000115204020429,-4.57247722416807,0.0029138988317001,0.000253052706475,141.50962686948,5786.913346225375,5645.403719355895,0.03581845802933538,207.46476196970985
890,35.6,212.665434493151,11.5642710375399,-215.004601456753,-13.7488845660106,429.854649478375,0,0,0,0,-17.8667627806026,-6.56540678958414,-4.55102428110179e-05,0.0001152039575558,-4.54513316639281,0.002914727589976,0.000252906750166,141.51752330494713,5786.921226850846,5645.4037035459,0.035799790919373395,207.4647613887032
891,35.64,212.66564283281,11.5635506629596,-215.014195670332,-13.7488879120113,429.865175752194,0,0,0,0,-17.8667667366666,-6.57360341376314,-4.55103402766138e-05,0.0001152038947394,-4.51750606867244,0.0029155687965316,0.000252762978955,141.52320854778225,5786.926896061726,5645.4036875139445,0.035780871863569,207.46476079953973
892,35.68,212.665771422254,11.5627429407495,-215.023921806806,-13.7488882018168,429.875838490127,0,0,0,0,-17.8667667148188,-6.58199580159613,-4.55104385902521e-05,0.000115203831996,-4.48959783711092,0.0029164220995665,0.000252621195231,141.52672391733697,5786.9303951587235,5645.403671241386,0.03576168431255993,207.46476020153423
893,35.72,212.665821741339,11.5618496313129,-215.033779077181,-13.7488854385245,429.886636625732,0,0,0,0,-17.8667627191177,-6.59058215057288,-4.55105377357179e-05,0.0001152037693399,-4.46141039596339,0.0029172871422806,0.000252481206607,141.5281097006812,5786.931764410768,5645.403654710087,0.035742212142884484,207.4647595940202
894,35.76,212.665795228853,11.5608724552599,-215.043766686093,-13.7488796254129,429.897569085099,0,0,0,0,-17.866754753857,-6.59936071997423,-4.55106376957959e-05,0.0001152037067841,-4.43294568750911,0.002918163563005,0.000252342827513,141.5274050672219,5786.931042969278,5645.403637902056,0.035722439866722085,207.46475897633644
895,35.8,212.665693278381,11.5598130891997,-215.053883831887,-13.7488707659416,429.90863478701,0,0,0,0,-17.8667428235662,-6.60832983324144,-4.55107384528001e-05,0.0001152036443399,-4.40420567192197,0.002919050995334,0.000252205880448,141.52464795562142,5786.9282687556315,5645.40362080001,0.035702352786059224,207.46475834784783
896,35.84,212.66551723265,11.5586731600028,-215.064129706695,-13.7488588637506,429.919832643092,0,0,0,0,-17.8667269330093,-6.61748787739979,-4.55108399876006e-05,0.0001152035820173,-4.37519232713817,0.0029199490682605,0.000252070196806,141.51987492024236,5786.923478307291,5645.403603387048,0.03568193707600716,207.46475770793327
897,35.88,212.665268377676,11.5574542388702,-215.074503496501,-13.7488439226597,429.931161557967,0,0,0,0,-17.8667070871843,-6.62683330028594,-4.55109422809667e-05,0.0001152035198251,-4.34590764872089,0.0029208574063122,0.000251935617209,141.51312097113257,5786.9167066185355,5645.403585647403,0.03566117979637657,207.46475705601335
898,35.92,212.664947937944,11.5561578364336,-215.085004381207,-13.7488259466684,429.942620429386,0,0,0,0,-17.8666832913229,-6.63636460773294,-4.55110453127495e-05,0.0001152034577704,-4.31635364972184,0.00292177562969,0.000251801991321,141.5044194429216,5786.907987009298,5645.403567566376,0.0356400688367536,207.46475639154787
899,35.96,212.664557072094,11.5547853983607,-215.095631534681,-13.7488049399553,429.954208148369,0,0,0,0,-17.86665555089,-6.64608035900154,-4.55111490624519e-05,0.0001152033958594,-4.28653236053977,0.0029227033544082,0.000251669177172,141.4938018784766,5786.897351007779,5645.4035491293025,0.0356185927956351,207.4647557139979
900,36.0,212.664096869581,11.5533383019362,-215.106384124812,-13.7487809068776,429.965923599335,0,0,0,0,-17.8666238715824,-6.65597915914373,-4.55112535091211e-05,0.000115203334097,-4.25644582877591,0.0029236401924364,0.000251537040022,141.48129793710783,5786.88482825956,5645.403530322452,0.03559674080038616,207.46475502285887
901,36.04,212.66356835022,11.5518178555191,-215.117261313553,-13.7487538519704,429.977765660224,0,0,0,0,-17.8665882593285,-6.66605965147731,-4.55113586314588e-05,0.000115203272487,-4.22609611908715,0.0029245857518424,0.000251405450878,141.46693538226108,5786.87044651522,5645.403511132959,0.0355745022978962,207.464754317658
902,36.08,212.662972466551,11.5502253008385,-215.128262256969,-13.7487237799463,429.989733202628,0,0,0,0,-17.8665487202877,-6.67632051104564,-4.55114644076348e-05,0.0001152032110328,-4.19548531303705,0.0029255396369381,0.000251274284749,141.4507401470517,5786.854231694691,5645.4034915476395,0.03555186682757566,207.4647535979108
903,36.12,212.662310107835,11.5485618168989,-215.13938610528,-13.7486906956947,430.001825091911,0,0,0,0,-17.8665052608492,-6.68676043630559,-4.55115708163203e-05,0.0001152031497362,-4.16461550894534,0.0029265014484254,0.000251143418778,141.43273644252764,5786.836207996,5645.403471553472,0.035528823787575395,207.46475286313867
904,36.16,212.661582106498,11.5468285263505,-215.15063200291,-13.7486546042811,430.014040187338,0,0,0,0,-17.8664578876313,-6.69737814051069,-4.55116778361756e-05,0.0001152030885978,-4.13348882173633,0.0029274707835449,0.000251012730392,141.41294693258115,5786.81639807061,5645.40345113803,0.03550536222024065,207.464752112885
905,36.2,212.660789247962,11.5450265052422,-215.161999088535,-13.7486155109463,430.026377342201,0,0,0,0,-17.8664066074805,-6.70817234611755,-4.55117854456006e-05,0.0001152030276175,-4.10210738278704,0.0029284472362249,0.000250882095579,141.3913930035144,5786.794823290944,5645.40343028743,0.03548147063926386,207.4647513466396
906,36.24,212.659932282011,11.5431567943067,-215.173486495143,-13.7485734211064,430.038835403954,0,0,0,0,-17.8663514274712,-6.71914177997863,-4.55118936235849e-05,0.0001152029667939,-4.07047333977522,0.0029294303972332,0.000250751387432,141.36809507138153,5786.771504059662,5645.403408988281,0.03545713690404086,207.4647505639103
907,36.28,212.659011934197,11.54122041029,-215.18509335009,-13.7485283403513,430.051413214349,0,0,0,0,-17.8662923549036,-6.73028516843225,-4.55120023494095e-05,0.0001152029061244,-4.03858885652758,0.0029304198543283,0.000250620475037,141.34307289390716,5786.746460120041,5645.403387226133,0.0354323481437838,207.46474976416613
908,36.32,212.658028917388,11.5392183574243,-215.196818775171,-13.7484802744443,430.064109609579,0,0,0,0,-17.8662293973039,-6.74160123545261,-4.5512111602556e-05,0.0001152028456046,-4.00645611286876,0.0029314151924132,0.00025048922278,141.31634588452184,5786.719710870208,5645.403364985686,0.035407090741364236,207.46474894684474
909,36.36,212.65698394244,11.53715163802,-215.208661886689,-13.7484292293214,430.07692342043,0,0,0,0,-17.8661625624228,-6.75308870318717,-4.55122213627717e-05,0.0001152027852294,-3.97407730447078,0.00293241599369,0.000250357490118,141.28793340212002,5786.691275653537,5645.403342251417,0.03538135037659117,207.46474811137574
910,36.4,212.655877726436,11.535021260634,-215.220621795535,-13.7483752110904,430.089853472428,0,0,0,0,-17.8660918582343,-6.76474629318717,-4.55123316103531e-05,0.0001152027249916,-3.94145464270316,0.0029334218378149,0.000250225131802,141.2578549760075,5786.661173982852,5645.403319006845,0.03535511211702864,207.46474725715348
911,36.44,212.654710998416,11.5328282457111,-215.232697607268,-13.7483182260304,430.102898586004,0,0,0,0,-17.8660172929353,-6.77657272947411,-4.55124423260107e-05,0.0001152026648829,-3.90859035448333,0.0029344323020556,0.00025009199853,141.2261304614165,5786.629425696343,5645.403295234926,0.03532836055204941,207.46474638355159
912,36.48,212.653484502248,11.5305736283911,-215.244888422205,-13.7482582805906,430.116057576652,0,0,0,0,-17.865938874944,-6.78856674329426,-4.55125534907188e-05,0.0001152026048931,-3.87548668212722,0.0029354469614481,0.000249957937983,141.19278011770564,5786.596051035688,5645.403270917983,0.03530107996146457,207.46474548992038
913,36.52,212.652198995757,11.52825845755,-215.257193335503,-13.7481953813896,430.1293292551,0,0,0,0,-17.8658566128989,-6.80072707842439,-4.55126650860904e-05,0.0001152025450106,-3.8421458831996,0.0029364653889551,0.000249822796136,141.15782458450454,5786.561070622356,5645.403246037851,0.035273254497243244,207.4647445755924
914,36.56,212.650855246218,11.525883791219,-215.269611437257,-13.7481295352148,430.142712427471,0,0,0,0,-17.8657705156583,-6.813052497371,-4.55127770941184e-05,0.0001152024852221,-3.80857023036374,0.0029374871556252,0.000249686418766,141.12128475853376,5786.524505334963,5645.403220576429,0.035244868367977876,207.46474363990237
915,36.6,212.649454022532,11.5234506886788,-215.282141812578,-13.7480607490213,430.156205895453,0,0,0,0,-17.8656805922984,-6.8255417877482,-4.55128894977276e-05,0.0001152024255131,-3.77476201122992,0.0029385118307522,0.000249548653029,141.0831815803683,5786.486376096372,5645.403194516003,0.035215906010336806,207.4647426821994
916,36.64,212.647996084311,11.5209601994662,-215.29478354169,-13.7479890299314,430.169808456466,0,0,0,0,-17.8655868521126,-6.83819376740884,-4.55130022800309e-05,0.0001152023658673,-3.74072352820236,0.0029395389820362,0.000249409349002,141.04353573850398,5786.446703576675,5645.403167838171,0.035186352234685206,207.46474170180713
917,36.68,212.646482169517,11.5184133509303,-215.307535700008,-13.7479143852329,430.183518903827,0,0,0,0,-17.8654893046103,-6.85100728915609,-4.55131154248489e-05,0.0001152023062677,-3.70645709832434,0.0029405681757443,0.000249268361079,141.00236733155012,5786.405507856844,5645.4031405252945,0.03515619233944086,207.46474069807743
918,36.72,212.644912981831,11.5158111355234,-215.320397358224,-13.7478368223793,430.197336026911,0,0,0,0,-17.8653879595157,-6.86398124462846,-4.55132289169824e-05,0.000115202246696,-3.6719650531212,0.0029415989768728,0.000249125549125,140.95969552447087,5786.362808085015,5645.403112560544,0.0351254121896266,207.4647396703918
919,36.76,212.643289177925,11.5131544979876,-215.333367582381,-13.7477563489879,430.211258611307,0,0,0,0,-17.8652828267667,-6.87711456569426,-4.55133427413309e-05,0.0001152021871332,-3.63724973844094,0.0029426309493095,0.000248980779313,140.9155382026956,5786.31862213014,5645.403083927445,0.035093998250051474,207.4647386181448
920,36.8,212.641611356107,11.5104443239224,-215.346445433952,-13.7476729728393,430.225285438977,0,0,0,0,-17.8651739165131,-6.8904062241271,-4.55134568839811e-05,0.0001152021275589,-3.60231351429248,0.0029436636559965,0.000248833924592,140.86991166327908,5786.272966273012,5645.403054609733,0.03506193757563283,207.46473754073875
921,36.84,212.639880048134,11.5076814315151,-215.359629969905,-13.7475867018763,430.2394152884,0,0,0,0,-17.865061239116,-6.90385523023427,-4.55135713322837e-05,0.0001152020679526,-3.56715875468153,0.0029446966590926,0.000248684864756,140.82283039099664,5786.225854983472,5645.403024592476,0.03502921776662493,207.46473643762488
922,36.88,212.638095714345,11.5048665665974,-215.37292024277,-13.7474975442032,430.253646934721,0,0,0,0,-17.8649448051465,-6.91746062936734,-4.55136860730249e-05,0.0001152020082932,-3.53178784744439,0.0029457295201374,0.000248533486119,140.77430692671857,5786.177300787988,5645.402993861269,0.03499582689134037,207.46473530827387
923,36.92,212.636258742418,11.5020004013166,-215.386315300703,-13.7474055080842,430.267979149889,0,0,0,0,-17.8648246253837,-6.93122149654833,-4.55138010948629e-05,0.0001152019485589,-3.49620319407973,0.0029467618002142,0.000248379680829,140.72435183377115,5786.12731423581,5645.4029624020395,0.03496175338248635,207.4647341521685
924,36.96,212.634369450561,11.4990835372543,-215.399814187546,-13.7473106019431,430.282410702796,0,0,0,0,-17.8647007108141,-6.9451369303482,-4.55139163870544e-05,0.000115201888728,-3.46040720957872,0.0029477930601145,0.000248223345867,140.6729737845874,5786.075903985823,5645.402930201236,0.03492698591917698,207.46473296881078
925,37.0,212.632428094722,11.4961165125576,-215.413415942882,-13.7472128343615,430.296940359408,0,0,0,0,-17.8645730726299,-6.95920604563177,-4.55140319393875e-05,0.0001152018287783,-3.42440232225398,0.0029488228605022,0.00024806438181,140.62017975648058,5786.023077002726,5645.402897246245,0.034891513302980355,207.46473175773716
926,37.04,212.63043487934,11.4930998126141,-215.427119602098,-13.7471122140784,430.311566882903,0,0,0,0,-17.8644417222275,-6.97342796555146,-4.55141477423756e-05,0.0001152017686874,-3.3881909735675,0.0029498507620778,0.000247902691449,140.56597532537498,5785.968838849584,5645.402863524209,0.034855324338028904,207.46473051847522
927,37.08,212.628389971561,11.4900338841926,-215.440924196437,-13.7470087499885,430.326289033794,0,0,0,0,-17.8643066712063,-6.9878018138509,-4.55142637877876e-05,0.0001152017084326,-3.35177561795811,0.0029508763257423,0.000247738178347,140.51036505258483,5785.913194074676,5645.40282902209,0.03481840772590229,207.4647292505457
928,37.12,212.626293517733,11.4869191518671,-215.454828753059,-13.7469024511416,430.341105570067,0,0,0,0,-17.8641679313673,-7.00232670774096,-4.55143800680379e-05,0.0001152016479912,-3.31515872266866,0.0029518991127611,0.000247570745443,140.45335293252518,5785.8561466603305,5645.402793727805,0.03478075198216932,207.46472795350465
929,37.16,212.624145660325,11.4837560348586,-215.468832295099,-13.7467933267412,430.356015247307,0,0,0,0,-17.8640255147113,-7.01700175127098,-4.55144965765155e-05,0.0001152015873402,-3.27834276757329,0.0029529186849279,0.000247400293797,140.39494285536523,5785.797700483329,5645.402757627964,0.03474234537648373,207.46472662685994
930,37.2,212.621946554361,11.4805449634019,-215.482933841732,-13.7466813861435,430.371016818834,0,0,0,0,-17.8638794334378,-7.03182603007809,-4.55146133074366e-05,0.0001152015264564,-3.2413302450048,0.0029539346047279,0.000247226721547,140.33513905251309,5785.737859762087,5645.402720709574,0.03470317589819976,207.46472527013412
931,37.24,212.619696382559,11.4772863938103,-215.497132408231,-13.746566638856,430.386109035836,0,0,0,0,-17.8637296999432,-7.04679860780359,-4.55147302562094e-05,0.0001152014653159,-3.20412365958239,0.0029549464355017,0.000247049923163,140.27394650941346,5785.676629468617,5645.402682959203,0.03466323125553963,207.46472388283357
932,37.28,212.617395367556,11.4739808206271,-215.511427006044,-13.7464490945367,430.401290647509,0,0,0,0,-17.8635763268199,-7.06191852390518,-4.55148474192458e-05,0.0001152014038949,-3.16672552803971,0.0029559537416087,0.00024686978902,140.21137129804674,5785.614015661179,5645.402644363132,0.03462249889955236,207.4647224644541
933,37.32,212.61504378023,11.4706287848814,-215.525816642854,-13.746328762993,430.416560401196,0,0,0,0,-17.8634193268538,-7.07718479307864,-4.55149647936862e-05,0.00011520134217,-3.12913837905309,0.0029569560885902,0.000246686205333,140.14742080409553,5785.550025710738,5645.402604906642,0.034580966072666676,207.46472101445485
934,37.36,212.612641944017,11.4672308783285,-215.540300322664,-13.74620565418,430.431917042532,0,0,0,0,-17.8632587130239,-7.09259640666733,-4.55150823781135e-05,0.0001152012801167,-3.09136475306987,0.0029579530433316,0.000246499054446,140.0821038430667,5785.484668418438,5645.402564575371,0.03453861987926444,207.46471953230792
935,37.4,212.610190234683,11.4637877431533,-215.554877045863,-13.7460797781998,430.447359315592,0,0,0,0,-17.8630944984998,-7.10815233578666,-4.55152001723389e-05,0.0001152012177106,-3.0534072021367,0.0029589441742244,0.000246308215445,140.01543065530748,5785.417954009389,5645.4025233540815,0.034495447371555,207.46471801745346
936,37.44,212.607689075035,11.4603000666067,-215.569545809315,-13.7459511453001,430.462885963043,0,0,0,0,-17.8629266966408,-7.12385153561326,-4.55153181771821e-05,0.0001152011549274,-3.01526828972736,0.0029599290513273,0.000246113565055,139.9474127608779,5785.349893988761,5645.402481227883,0.034451435640449994,207.46471646934424
937,37.48,212.605138925287,11.4567685713017,-215.584305606433,-13.7458197658731,430.478495726292,0,0,0,0,-17.8627553209942,-7.13969295082627,-4.55154363944008e-05,0.0001152010917421,-2.97695059057005,0.0029609072465268,0.000245914978765,139.8780626982274,5785.28050087961,5645.402438181383,0.03440657190952444,207.46471488741452
938,37.52,212.602540270258,11.4531940023369,-215.599155427269,-13.7456856504543,430.494187345644,0,0,0,0,-17.8625803852932,-7.1556755218731,-4.55155548275008e-05,0.0001152010281305,-2.93845669047376,0.0029618783336975,0.000245712332097,139.80739367498072,5785.209787874535,5645.402394199555,0.034360843627303364,207.46471327111212
939,37.56,212.599893603878,11.4495771117334,-215.614094258591,-13.745548809721,430.509959560457,0,0,0,0,-17.8624019034562,-7.17179819137702,-4.5515673481016e-05,0.0001152009640682,-2.89978918615364,0.0029628418888611,0.000245505501946,139.73541914689307,5785.137768414055,5645.402349267162,0.03431423855165219,207.46471161987714
940,37.6,212.597199412021,11.4459186411913,-215.629121083972,-13.7454092544914,430.525811109293,0,0,0,0,-17.8622198895844,-7.1880599102623,-4.55157923603313e-05,0.0001152008995309,-2.86095068505497,0.0029637974903458,0.000245294367896,139.6621523494731,5785.064455719477,5645.402303370004,0.0342667448190691,207.46470993318766
941,37.64,212.594458155447,11.4422193049626,-215.644234883869,-13.7452669957233,430.541740730077,0,0,0,0,-17.8620343579607,-7.20445964351499,-4.55159114722688e-05,0.0001152008344948,-2.82194380517578,0.0029647447189432,0.000245078813442,139.58760583533177,5784.989862328716,5645.402256493385,0.03421835100219427,207.46470821050366
942,37.68,212.591670253904,11.4384797738842,-215.659434635711,-13.7451220445125,430.557747160243,0,0,0,0,-17.8618453230476,-7.22099637502819,-4.55160308245653e-05,0.0001152007689366,-2.78277117488791,0.0029656831580647,0.000244858727028,139.51179103930582,5784.9139996636995,5645.402208624394,0.03416904614842442,207.46470645135068
943,37.72,212.588836072319,11.4347006614935,-215.674719313973,-13.744974412092,430.57382913689,0,0,0,0,-17.8616527994861,-7.23766911088457,-4.55161504260967e-05,0.0001152007028334,-2.74343543275657,0.0029666123938973,0.000244634002859,139.43471790509508,5784.836877654597,5645.402159749502,0.0341188198020999,207.46470465523151
944,37.76,212.585955910677,11.4308825138454,-215.690087890257,-13.7448241098302,430.589985396919,0,0,0,0,-17.8614568020931,-7.25447688122509,-4.55162702866229e-05,0.0001152006361632,-2.70393922735837,0.0029675320155571,0.000244404541423,139.35639460715757,5784.758504464414,5645.402109857257,0.0340676620096358,207.4647028217253
945,37.8,212.583029998442,11.4270258038599,-215.705539333368,-13.7446711492299,430.60621467718,0,0,0,0,-17.8612573458607,-7.27141874055829,-4.55163904169473e-05,0.0001152005689045,-2.66428521709803,0.0029684416152424,0.000244170249708,139.27682740159622,5784.678886337185,5645.402058935589,0.03401556331377405,207.4647009503885
946,37.84,212.580058493245,11.4231309299486,-215.721072609384,-13.7445155419267,430.622515714607,0,0,0,0,-17.8610544459535,-7.2884937661483,-4.55165108283842e-05,0.0001152005010367,-2.62447607002375,0.0029693407883863,0.000243931041102,139.19602058754194,5784.598027562268,5645.402006974726,0.03396251473075124,207.464699040862
947,37.88,212.577041484178,11.4191982192403,-215.736686681724,-13.7443572996879,430.638887246349,0,0,0,0,-17.8608481177074,-7.30570105474714,-4.55166315330557e-05,0.0001152004325401,-2.58451446364149,0.0029702291338072,0.000243686834984,139.11397659970592,5784.515930563981,5645.401953964275,0.03390850771654505,207.46469709276386
948,37.92,212.573979000084,11.4152279358134,-215.752380511218,-13.7441964344107,430.655328009899,0,0,0,0,-17.8606383766276,-7.3230397181008,-4.55167525438108e-05,0.000115200363396,-2.54440308472843,0.0029711062538579,0.00024343755604,139.03069623209728,5784.43259612718,5645.401899895082,0.033853534126892564,207.46469510575764
949,37.96,212.57087102186,11.4112202929315,-215.768153056164,-13.7440329581215,430.671836743215,0,0,0,0,-17.8604252383869,-7.34050887727938,-4.55168738740509e-05,0.0001152002935867,-2.50414462914567,0.0029719717545736,0.000243183133353,138.94617897303937,5784.348023732047,5645.401844759008,0.033797586172995754,207.46469307954428
950,38.0,212.567717497604,11.4071754681358,-215.784003272397,-13.7438668829737,430.688412184839,0,0,0,0,-17.860208718824,-7.35810765591568,-4.55169955378207e-05,0.0001152002230953,-2.46374180165042,0.0029728252458177,0.000242923499309,138.8604234188339,5784.262211966257,5645.401788547423,0.03374065637074711,207.4646910138066
951,38.04,212.564518360213,11.4030936207806,-215.799930113336,-13.7436982212469,430.705053074015,0,0,0,0,-17.8599888339411,-7.37583517312722,-4.55171175492009e-05,0.0001152001519063,-2.42319731570798,0.0029736663414266,0.000242658588417,138.77342775082369,5784.175159003843,5645.4017312530195,0.03368273749333756,207.4646889082761
952,38.08,212.561273546019,11.3989749106145,-215.815932530052,-13.7435269853452,430.721758150802,0,0,0,0,-17.8597655999026,-7.39369053646983,-4.55172399231031e-05,0.0001152000800046,-2.38251389330344,0.0029744946593527,0.000242388336092,138.68519024429057,5784.086863112312,5645.401672868022,0.03362382252631127,207.464686762667
953,38.12,212.557983012625,11.3948195155568,-215.832009471318,-13.7433531877958,430.738526156183,0,0,0,0,-17.8595390330332,-7.41167283489883,-4.55173626747901e-05,0.0001152000073768,-2.3416942647534,0.002975309821806,0.000242112677484,138.5957097525907,5783.997323137982,5645.401613385391,0.03356390462281011,207.4646845767206
954,38.16,212.554646755305,11.3906276480445,-215.848159883671,-13.7431768412474,430.755355832179,0,0,0,0,-17.8593091498156,-7.42978113261069,-4.55174858195152e-05,0.0001151999340102,-2.30074116851779,0.002976111455394,0.000241831546431,138.50498615454654,5783.906538952252,5645.401552797705,0.03350297706691237,207.4646823501642
955,38.2,212.551264821217,11.3863995691871,-215.86438271146,-13.7429979584691,430.772245921959,0,0,0,0,-17.8590759668891,-7.44801446406127,-4.55176093736739e-05,0.0001151998598926,-2.25965735101169,0.0029768991912601,0.000241544874588,138.41302074114768,5783.814511838356,5645.401491097208,0.033441033246448364,207.46468008271273
956,38.24,212.547837319899,11.3821355992104,-215.880676896919,-13.7428165523489,430.789195169957,0,0,0,0,-17.8588395010475,-7.4663718302657,-4.55177333529201e-05,0.000115199785014,-2.21844556641734,0.0029776726652196,0.000241252590792,138.31981650020137,5783.721244776977,5645.401428276776,0.03337806663359859,207.4646777741044
957,38.28,212.544364429235,11.3778361233612,-215.897041380213,-13.7426326358918,430.806202321979,0,0,0,0,-17.8585997692373,-7.48485219637961,-4.55178577743627e-05,0.0001151997093638,-2.17710857649616,0.0029784315178937,0.000240954620693,138.225378279885,5783.626742608583,5645.401364328698,0.03331407077286295,207.46467542405586
958,38.32,212.540846397298,11.373501593705,-215.913475099514,-13.742446222219,430.823266125326,0,0,0,0,-17.8583567885557,-7.50345449111013,-4.55179826547321e-05,0.0001151996329332,-2.13564915040081,0.0029791753948415,0.000240650886686,138.12971283881302,5783.531012083586,5645.401299244772,0.033249039283127856,207.4646730322657
959,38.36,212.537283539624,11.3691325263385,-215.929976991063,-13.7422573245664,430.840385328914,0,0,0,0,-17.8581105762491,-7.52217760773295,-4.55181080113821e-05,0.0001151995557141,-2.09407006448718,0.0029799039466902,0.000240341308134,138.0328287703774,5783.434061788155,5645.4012330177775,0.03318296586953379,207.4646705984685
960,38.4,212.533676231714,11.3647294938398,-215.946545989236,-13.7420659562826,430.857558683393,0,0,0,0,-17.857861149711,-7.54102040640043,-4.55182338619263e-05,0.0001151994776991,-2.05237410212617,0.0029806168292633,0.000240025801877,137.93473630109023,5783.335901940195,5645.401165639105,0.03311584434445533,207.46466812234792
961,38.44,212.53002489799,11.3602931141715,-215.963181026628,-13.741872130828,430.874784941274,0,0,0,0,-17.85760852648,-7.5599817180267,-4.55183602247942e-05,0.0001151993988814,-2.01056405351532,0.0029813137037069,0.000239704282999,137.83544698796078,5783.236544088816,5645.401097100856,0.033047668659816704,207.4646656036137
962,38.48,212.526329998082,11.3558240369124,-215.979881034119,-13.7416758617732,430.892062857062,0,0,0,0,-17.8573527242382,-7.57906034958666,-4.5518487118261e-05,0.0001151993192555,-1.96864271548996,0.0029819942366142,0.000239376665802,137.73497334565562,5783.136000741189,5645.401027395533,0.0329784329511336,207.46466304199032
963,38.52,212.522592010626,11.3513229270051,-215.996644940961,-13.7414771627977,430.90939118738,0,0,0,0,-17.8570937608091,-7.59825509014691,-4.55186145609642e-05,0.0001151992388159,-1.92661289133392,0.0029826581001469,0.00023904286494,137.63332840671234,5783.03428492166,5645.400956514948,0.03290813158762293,207.46466043717686
964,38.56,212.518811415866,11.3467904473058,-216.013471674853,-13.7412760476884,430.926768691101,0,0,0,0,-17.8568316541563,-7.61756471747825,-4.55187425720115e-05,0.0001151991575584,-1.88447739058968,0.0029833049721556,0.000238702796651,137.53052524637354,5782.931409698336,5645.400884451963,0.03283675922745087,207.46465778891096
965,38.6,212.514988678851,11.3422272417343,-216.03036016203,-13.7410725303379,430.944194129485,0,0,0,0,-17.8565664223807,-7.63698800503663,-4.55188711704311e-05,0.0001151990754789,-1.84223902886784,0.002983934536296,0.000238356380012,137.42657652618897,5782.827387725845,5645.400811199656,0.03276431088075962,207.46465509693832
966,38.64,212.511124233848,11.337633919631,-216.047309327344,-13.7408666247436,430.961666266305,0,0,0,0,-17.8562980837198,-7.65652372883097,-4.55190003758188e-05,0.0001151989925747,-1.79990062765596,0.0029845464821446,0.000238003538156,137.32149406918023,5782.722230821192,5645.400736752012,0.032690781975108225,207.46465236103782
967,38.68,212.507218470509,11.3330110418827,-216.064318094346,-13.7406583450061,430.979183867978,0,0,0,0,-17.8560266565448,-7.67617067351101,-4.55191302072912e-05,0.0001151989088433,-1.75746501412667,0.0029851405053115,0.00023764419939,137.215288483988,5782.61594958735,5645.400661103362,0.03261616841907634,207.4646495810012
968,38.72,212.503271723293,11.3283591102983,-216.081385385372,-13.7404477053275,430.996745703694,0,0,0,0,-17.8557521593596,-7.69592763776393,-4.55192606841317e-05,0.0001151988242829,-1.71493502094509,0.0029857163075504,0.000237278298148,137.10796887636948,5782.508553125412,5645.400584249042,0.0325404666640649,207.464646756657
969,38.76,212.499284264661,11.3236785607561,-216.098510121619,-13.7402347200102,431.014350545535,0,0,0,0,-17.8554746107982,-7.71579343867766,-4.55193918255703e-05,0.0001151987388922,-1.67231348607552,0.0029862735968672,0.000236905775727,136.9995426641044,5782.400048849417,5645.400506185312,0.03246367376089916,207.46464388786782
970,38.8,212.495256301971,11.3189697600587,-216.115691223229,-13.7400194034554,431.031997168597,0,0,0,0,-17.8551940296236,-7.73576691444458,-4.55195236500173e-05,0.0001151986526711,-1.62960325258747,0.0029868120876259,0.000236526580786,136.8900154928639,5782.290442401866,5645.400426909002,0.0323857874078313,207.46464097451712
971,38.84,212.491187978696,11.3142330071135,-216.13292760936,-13.7398017701618,431.049684351104,0,0,0,0,-17.8549104347248,-7.75584692561734,-4.55196561759576e-05,0.0001151985656199,-1.58680716846109,0.0029873315006506,0.000236140669565,136.7793912685548,5782.179737686856,5645.4003464183015,0.032306805987647076,207.46463801653843
972,38.88,212.487079379995,11.3094685384584,-216.150218198257,-13.7395818347237,431.067410874517,0,0,0,0,-17.854623845116,-7.77603235480533,-4.55197894211105e-05,0.0001151984777396,-1.543928086392,0.0029878315633263,0.000235748005823,136.6676723096767,5782.067937021685,5645.400264712008,0.032226728594477866,207.4646350138875
973,38.92,212.482930541744,11.3046765372611,-216.167561907321,-13.7393596118299,431.085175523634,0,0,0,0,-17.8543342799341,-7.79632210472266,-4.55199234028222e-05,0.0001151983890315,-1.50096886359561,0.0029883120096964,0.000235348560511,136.55485959221238,5781.9550413825855,5645.400181790373,0.03214555504591579,207.46463196657356
974,38.96,212.478741462255,11.2998571449994,-216.184957653171,-13.7391351162621,431.102977086689,0,0,0,0,-17.8540417584367,-7.81671509454111,-4.55200581372566e-05,0.0001151982994982,-1.45793236161105,0.0029887725805573,0.000234942311171,136.44095306964152,5781.841050723625,5645.400097653984,0.032063285875042744,207.46462887461828
975,39.0,212.474512116385,11.295010475536,-216.202404351702,-13.7389083628933,431.120814355444,0,0,0,0,-17.8537463000004,-7.83721025507358,-4.55201936404118e-05,0.0001151982091426,-1.41482144610468,0.0029892130235514,0.000234529241131,136.32595205664248,5781.725964360629,5645.400012303987,0.031979922309216056,207.46462573806372
976,39.04,212.470242471081,11.2901366306327,-216.219900918141,-13.7386793666864,431.138686125276,0,0,0,0,-17.8534479241186,-7.85780652287465,-4.55203299270269e-05,0.0001151981179686,-1.37163898667339,0.0029896330932567,0.000234109338499,136.20985565090888,5781.60978139418,5645.399925743271,0.03189546622997877,207.46462255701604
977,39.08,212.465932501321,11.285235715856,-216.237446267099,-13.7384481426926,431.156591195257,0,0,0,0,-17.8531466503997,-7.87850283348158,-4.55204670111961e-05,0.0001151980259808,-1.32838785664763,0.0029900325512743,0.000233682595045,136.09266316940074,5781.492501143392,5645.3998379739905,0.031809920120692635,207.46461933155445
978,39.12,212.46158220568,11.2803078561152,-216.255039312621,-13.7382147060499,431.174528368236,0,0,0,0,-17.852842498565,-7.89929811429961,-4.55206049062154e-05,0.0001151979331842,-1.28507093289424,0.0029904111663121,0.000233249004994,135.97437456991665,5781.37412356949,5645.399748999573,0.03172328699824199,207.4646160618049
979,39.16,212.457191620501,11.2753532098012,-216.272678968231,-13.7379790719815,431.192496450913,0,0,0,0,-17.8525354884468,-7.92019127747926,-4.55207436248789e-05,0.0001151978395847,-1.24169109561926,0.0029907687142664,0.000232808563825,135.854990837844,5781.254649661419,5645.399658823575,0.031635570337112964,207.46461274789806
980,39.2,212.452760831644,11.2703719805066,-216.29036414698,-13.7377412557943,431.210494253912,0,0,0,0,-17.852225639986,-7.94118121296861,-4.55208831786273e-05,0.0001151977451894,-1.19825122817063,0.0029911049783002,0.000232361267098,135.73451430625235,5781.1340817555465,5645.399567449294,0.031546773981507605,207.46460938995514
981,39.24,212.448289983346,11.2653644258558,-216.308093761493,-13.7375012728775,431.228520591861,0,0,0,0,-17.8519129732308,-7.96226678224516,-4.5521023578528e-05,0.0001151976500057,-1.15475421684094,0.0029914197489189,0.000231907109411,135.61294889571502,5781.012423776762,5645.399474881047,0.03145690205633384,207.4646059881348
982,39.28,212.443779283905,11.2603308631641,-216.325866724014,-13.7372591387007,431.246574283455,0,0,0,0,-17.8515975083338,-7.98344681306938,-4.55211648351024e-05,0.0001151975540417,-1.11120295067028,0.0029917128240428,0.000231446083491,135.49030027086462,5780.889681393142,5645.399381122278,0.031365958877048225,207.46460254256354
983,39.32,212.439229007928,11.2552716716552,-216.343681946459,-13.7370148688126,431.264654151544,0,0,0,0,-17.8512792655509,-8.00472009542612,-4.55213069578855e-05,0.0001151974573064,-1.06760032124918,0.0029919840090776,0.000230978179507,135.36657590006828,5780.765862077126,5645.399286177058,0.03127394886726927,207.464599053391
984,39.36,212.434639495127,11.2501872912311,-216.361538340465,-13.7367684788394,431.2827590232,0,0,0,0,-17.8509582652386,-8.02608537885183,-4.55214499563936e-05,0.0001151973598089,-1.02394922252168,0.0029922331169814,0.000230503384603,135.24178502420818,5780.640975072746,5645.399190048538,0.031180876485396077,207.46459552073304
985,39.4,212.430011145885,11.2450782180138,-216.379434817446,-13.7365199844835,431.3008877298,0,0,0,0,-17.8506345278523,-8.04754137132837,-4.55215938389183e-05,0.0001151972615593,-0.980252550588601,0.002992459968329,0.000230021682691,135.11593853428897,5780.515031274979,5645.39909274069,0.031086746165693298,207.46459194473556
986,39.44,212.425344413901,11.2399449969657,-216.397370288653,-13.7362694015214,431.319039107109,0,0,0,0,-17.8503080739443,-8.06908673974852,-4.55217386133703e-05,0.0001151971625678,-0.93651320351098,0.0029926643913725,0.000229533054513,134.98904877256248,5780.388043029604,5645.3989942570415,0.03099156227852452,207.46458832552818
987,39.48,212.420639796395,11.2347882120682,-216.415343665236,-13.7360167458027,431.337211995366,0,0,0,0,-17.8499789241617,-8.09072011191101,-4.55218842871983e-05,0.0001151970628447,-0.892734081113812,0.0029928462220993,0.00022903747796,134.86112926642033,5780.2600238666655,5645.3988946002455,0.030895329110278622,207.46458466320846
988,39.52,212.415897822468,11.2296084746607,-216.433353858311,-13.7357620332484,431.355405239367,0,0,0,0,-17.8496470992444,-8.11244008002994,-4.55220308670176e-05,0.0001151969624003,-0.848918084789994,0.0029930053042868,0.000228534928639,134.73219440947489,5780.130988183736,5645.398793774261,0.03079805086510189,207.46458095792184
989,39.56,212.411119040236,11.2244064105552,-216.451399779032,-13.7355052798491,431.373617688561,0,0,0,0,-17.8493126200233,-8.13424520559871,-4.55221783592725e-05,0.0001151968612447,-0.805068117304533,0.0029931414895539,0.000228025380653,134.60225911404524,5780.000950895812,5645.3986917817665,0.030699731689238292,207.46457720976676
990,39.6,212.406304003456,11.2191826466429,-216.469480338664,-13.7352465016638,431.391848197142,0,0,0,0,-17.8489755074179,-8.15613402539955,-4.55223267689835e-05,0.0001151967593884,-0.761187082598963,0.0029932546374105,0.000227508807563,134.4713384445754,5779.869927071387,5645.398588626811,0.030600375715916055,207.46457341889203
991,39.64,212.401453258472,11.2139377978162,-216.487594448663,-13.7349857148186,431.410095624138,0,0,0,0,-17.848635782435,-8.17810505844277,-4.55224761014757e-05,0.0001151966568409,-0.717277885595964,0.002993344615303,0.000226985183482,134.3394472646361,5779.73793157724,5645.398484312604,0.03049998713140911,207.46456958541557
992,39.68,212.396567332199,11.2086724549433,-216.505741020752,-13.7347229355043,431.428358833511,0,0,0,0,-17.8482934661658,-8.20015681351391,-4.55226263600945e-05,0.000115196553612,-0.67334343200415,0.0029934112986573,0.000226454484251,134.2065999081288,5779.604978751458,5645.398378843329,0.030398570257825313,207.46456570949118
993,39.72,212.391646721695,11.2033871744226,-216.523918967004,-13.7344581799759,431.446636694252,0,0,0,0,-17.847948579785,-8.22228779696705,-4.55227775482167e-05,0.0001151964497105,-0.629386628123001,0.0029934545709179,0.000225916688642,134.07280989619017,5779.471082119678,5645.398272223488,0.03029612964996484,207.46456179128427
994,39.76,212.386691885656,11.1980824696637,-216.542127199926,-13.7341914645504,431.464928080468,0,0,0,0,-17.8476011445479,-8.24449652040326,-4.55229296680314e-05,0.000115196345145,-0.585410380647915,0.0029934743235848,0.000225371779544,133.93808970578925,5779.336254163653,5645.398164457864,0.030192670201530134,207.46455783097062
995,39.8,212.38170323806,11.1927588047218,-216.560364632534,-13.7339228056056,431.483231871478,0,0,0,0,-17.8472511817888,-8.26678150794673,-4.55230827209928e-05,0.0001151962399238,-0.541417596475324,0.0029934704562455,0.000224819745055,133.8024505957404,5779.2005061483005,5645.39805555256,0.030088197251503836,207.46455382877448
996,39.84,212.376681144151,11.1874165902722,-216.57863017844,-13.7336522195787,431.501546951897,0,0,0,0,-17.8468987129193,-8.28914130281338,-4.55232367071051e-05,0.0001151961340543,-0.497411182507823,0.0029934428766062,0.00022426057946,133.66590249884015,5779.063848012415,5645.397945513575,0.029982716689852407,207.4645497849163
997,39.88,212.371625918975,11.1820561821356,-216.596922751921,-13.7333797229642,431.519872211725,0,0,0,0,-17.8465437594258,-8.31157447287001,-4.55233916256518e-05,0.0001151960275441,-0.453394045459244,0.0029933915005179,0.000223694284035,133.5284539804094,5778.926288328834,5645.397834348424,0.0298762350544583,207.46454569967233
998,39.92,212.366537828583,11.1766778824779,-216.615241268002,-13.7331053323131,431.53820654642,0,0,0,0,-17.8461863428681,-8.33407961495617,-4.55235474748405e-05,0.0001151959204004,-0.409369091659615,0.0029933162520012,0.000223120867643,133.39011227222184,5778.787834337174,5645.397722064952,0.02976875961664964,207.46454157333082
999,39.96,212.361417093766,11.1712819435398,-216.633584642517,-13.7328290642312,431.556548856974,0,0,0,0,-17.845826484877,-8.35665535769864,-4.5523704251418e-05,0.0001151958126294,-0.36533922685996,0.0029932170632664,0.00022254034711,133.2508833728436,5778.648492045465,5645.397608672622,0.029660298451619552,207.4645374062395
1000,40.0,212.356263895893,11.1658685734709,-216.651951792185,-13.7325509353772,431.574898049984,0,0,0,0,-17.8454642071526,-8.37930036268456,-4.55238619513193e-05,0.0001151957042378,-0.321307356036924,0.002993093874732,0.000221952747348,133.11077220785893,5778.508266389008,5645.397494181149,0.029550860487819866,207.46453319875545
1001,40.04,212.351078384307,11.1604379437226,-216.670341634665,-13.7322709624618,431.593253037711,0,0,0,0,-17.8450995314623,-8.40201332395067,-4.55240205694374e-05,0.000115195595232,-0.277276383197199,0.0029929466350381,0.000221358101246,132.96978283011936,5778.367161431634,5645.397378601514,0.029440455533704956,207.46452895128215
1002,40.08,212.345860684799,11.1549901975203,-216.688753088614,-13.7319891622458,431.611612738138,0,0,0,0,-17.8447324796389,-8.42479296585477,-4.55241800993287e-05,0.0001151954856181,-0.233249211181738,0.0029927753010581,0.000220756449303,132.8279186510416,5778.22518059629,5645.397261945248,0.029329094276425414,207.4645246642434
1003,40.12,212.340610908799,11.1495254590598,-216.707185073743,-13.7317055515388,431.629976075021,0,0,0,0,-17.8443630735785,-8.44763803945157,-4.55243405340278e-05,0.0001151953754029,-0.189228741469739,0.0029925798379066,0.000220147839046,132.68518269043454,5778.082326915141,5645.397144224706,0.029216788255521205,207.46452033809322
1004,40.16,212.335329163012,11.1440438431388,-216.725636510864,-13.7314201471977,431.648341977935,0,0,0,0,-17.8439913352387,-8.47054731753059,-4.5524501865079e-05,0.0001151952645923,-0.145217873982385,0.0029923602189445,0.000219532324243,132.541577838324,5777.938603291776,5645.397025453452,0.029103549811615635,207.46451597333015
1005,40.2,212.330015559116,11.1385454648595,-216.744106321934,-13.7311329661251,431.666709382316,0,0,0,0,-17.8436172866369,-8.49351958851291,-4.55246640834555e-05,0.0001151951531931,-0.101219506886382,0.0029921164257814,0.000218909963948,132.39710711952068,5777.794012765111,5645.39690564559,0.028989392013114235,207.46451157047235
1006,40.24,212.324670223034,11.1330304489053,-216.762593430098,-13.7308440252681,431.685077229495,0,0,0,0,-17.8432409498479,-8.51655364943727,-4.55248271793879e-05,0.0001151950412114,-0.0572365363973355,0.0029918484482742,0.000218280821417,132.25177394677925,5777.648558761684,5645.396784814905,0.028874328563114997,207.46450713002656
1007,40.28,212.31929330324,11.1274989378468,-216.781096759728,-13.7305533416164,431.703444466737,0,0,0,0,-17.8428623470025,-8.53964829833979,-4.55249911419951e-05,0.000115194928654,-0.0132718565830568,0.0029915562845231,0.000217644962943,132.10558234540224,5777.502245321679,5645.396662976276,0.028758373689304412,207.4645026525395
1008,40.32,212.313884977647,11.1219510990414,-216.799615236461,-13.7302609322015,431.721810047268,0,0,0,0,-17.8424815002851,-8.56280232639629,-4.55251559600088e-05,0.0001151948155275,0.0306716408331249,0.0029912399408643,0.000217002456646,131.9585371411226,5777.355077286355,5645.396540145232,0.028641542020016512,207.46449813858186
1009,40.36,212.308445458872,11.1163871298991,-216.818147787237,-13.7299668140945,431.740172930305,0,0,0,0,-17.8420984319324,-8.58601451020549,-4.55253216213559e-05,0.0001151947018389,0.0745910666689575,0.0029908994318589,0.00021635337128,131.8106441044551,5777.207060441313,5645.396416336858,0.028523848453361884,207.46449358870797
1010,40.4,212.302974997839,11.1108072614943,-216.836693340335,-13.7296710044053,431.758532081085,0,0,0,0,-17.8417131642311,-8.6092836045676,-4.55254881136314e-05,0.0001151945875945,0.118483534479688,0.00299053478028,0.000215697775089,131.66191004824688,5777.058201614546,5645.3962915663,0.028405308023116208,207.46448900347448
1011,40.44,212.297473885835,11.105211760631,-216.855250825412,-13.7293735202809,431.776886470896,0,0,0,0,-17.8413257195162,-8.6326083360201,-4.55256554232546e-05,0.0001151944728012,0.162346160754214,0.0029901460170953,0.000215035734763,131.51234288331833,5776.908508732376,5645.396165849057,0.028285935769299563,207.46448438345098
1012,40.48,212.291942455149,11.099600930493,-216.873819173541,-13.7290743789039,431.795235077101,0,0,0,0,-17.8409361201691,-8.65598739734058,-4.55258235368475e-05,0.0001151943574655,0.20617606511084,0.0029897331814488,0.000214367314539,131.36195163626826,5776.757990836848,5645.396039200579,0.02816574662033381,207.46447972920524
1013,40.52,212.28638107838,11.093975109957,-216.892397317258,-13.7287735974913,431.813576883172,0,0,0,0,-17.840544388616,-8.67941944320598,-4.55259924404204e-05,0.000115194241594,0.24997037049252,0.0029892963206372,0.00021369257547,131.21074643161714,5776.606658066895,5645.395911635278,0.02804475529029979,207.46447504126684
1014,40.56,212.280790166405,11.0883346715824,-216.910984190604,-13.728471193293,431.831910878719,0,0,0,0,-17.8401505473256,-8.70290308718871,-4.55261621193066e-05,0.0001151941251927,0.293726203361467,0.0029888354900853,0.000213011574901,131.05873843474646,5776.454521603051,5645.395783168305,0.02792297619565892,207.4644703201926
1015,40.6,212.275170165061,11.0826800182978,-216.929578729173,-13.7281671835906,431.850236059527,0,0,0,0,-17.839754618808,-8.72643690026061,-4.55263325586372e-05,0.0001151940082672,0.337440693893032,0.002988350753317,0.000212324366159,130.90593976297876,5776.301593577159,5645.39565381418,0.027800423393898762,207.46446556651617
1016,40.64,212.269521550654,11.0770115789273,-216.948179870169,-13.7278615856955,431.868551427591,0,0,0,0,-17.8393566256122,-8.75001941091703,-4.55265037431856e-05,0.0001151938908225,0.381110976168777,0.0029878421819234,0.00021163099847,130.7523633634368,5776.147886950164,5645.395523586728,0.02767711054545588,207.46446078074553
1017,40.68,212.263844824634,11.0713298028861,-216.966786552457,-13.7275544169483,431.886855991154,0,0,0,0,-17.8389565903249,-8.77364910690401,-4.55266756569666e-05,0.0001151937728637,0.424734188368714,0.002987309855529,0.000210931517105,130.59802286720299,5775.993415367218,5645.395392500015,0.027553050901120053,207.46445596339763
1018,40.72,212.258140507896,11.0656351544954,-216.985397716628,-13.7272456947167,431.905148764746,0,0,0,0,-17.8385545355682,-8.79732443843661,-4.55268482842841e-05,0.0001151936543948,0.468307472962653,0.002986753861754,0.000210225963749,130.44293243501562,5775.838193002594,5645.395260567579,0.027428257317225316,207.46445111497
1019,40.76,212.25240913508,11.0599281073011,-217.004012305056,-13.7269354363949,431.92342876923,0,0,0,0,-17.8381504839984,-8.82104382274026,-4.55270216085493e-05,0.0001151935354188,0.511827976900651,0.0029861742961743,0.000209514377066,130.28710660157898,5775.682234404589,5645.39512780301,0.02730274229640578,207.46444623596201
1020,40.8,212.246651249013,11.0542091385413,-217.022629261972,-13.7266236594013,431.941695031844,0,0,0,0,-17.8377444583037,-8.84480564976955,-4.55271956130543e-05,0.0001151934159382,0.555292851802547,0.0029855712622788,0.000208796793447,130.13056012501866,5775.525554344275,5645.394994219257,0.027176518053392537,207.4644413268496
1021,40.84,212.240867395216,11.0484787236729,-217.041247533527,-13.7263103811782,431.959946586248,0,0,0,0,-17.837336481203,-8.8686082889404,-4.55273702802084e-05,0.0001151932959548,0.598699254146595,0.0029849448714237,0.000208073247912,129.97330783658882,5775.368167666037,5645.394859829448,0.027049596600844685,207.4644363881152
1022,40.88,212.235058116349,11.042737330837,-217.059866067865,-13.7259956191898,431.978182472567,0,0,0,0,-17.8369265754436,-8.89245009672345,-4.55275455927153e-05,0.0001151931754693,0.642044345457242,0.0029842952427836,0.000207343775111,129.81536448927866,5775.210089136405,5645.394724647126,0.026921989847626,207.46443142025643
1023,40.92,212.229223946667,11.0369854153482,-217.078483815196,-13.7256793909208,431.996401737436,0,0,0,0,-17.8365147637999,-8.91632942483271,-4.55277215327892e-05,0.0001151930544817,0.68532529249213,0.0029836225033004,0.000206608410403,129.65674460804132,5775.051333293199,5645.394588685157,0.026793709707266578,207.46442642374618
1024,40.96,212.223365406845,11.0312234145394,-217.097099727867,-13.7253617138757,432.014603434048,0,0,0,0,-17.8361010690715,-8.940244628673,-4.55278980821007e-05,0.0001151929329916,0.7285392674284,0.0029829267876287,0.000205867190962,129.49746234790922,5774.891914304707,5645.394451956798,0.02666476821120073,207.4644213990716
1025,41.0,212.217482999535,11.0254517433483,-217.115712760433,-13.7250426055769,432.032786622196,0,0,0,0,-17.8356855140815,-8.96419407567445,-4.55280752222448e-05,0.0001151928109972,0.771683448048404,0.0029822082380792,0.000205120156874,129.3375313722435,5774.731845848785,5645.394314476542,0.026535177624567512,207.46441634676535
1026,41.04,212.211577205824,11.0196707908085,-217.134321869731,-13.7247220835634,432.05095036831,0,0,0,0,-17.8352681216748,-8.9881761531817,-4.5528252934572e-05,0.0001151926884965,0.814755017924903,0.0029814670045589,0.000204367352179,129.17696475874072,5774.571141016479,5645.394176257738,0.026404950560094224,207.46441126731793
1027,41.08,212.205648482453,11.0138809172915,-217.152926014948,-13.72440016539,432.069093745499,0,0,0,0,-17.8348489147161,-9.01218927564657,-4.55284312001389e-05,0.000115192565487,0.857751166605828,0.0029807032445095,0.000203608825828,129.0157749209588,5774.409812236343,5645.394037315385,0.026274100083613663,207.46440616128058
1028,41.12,212.199697259478,11.0080824522068,-217.17152415769,-13.7240768686253,432.087215833586,0,0,0,0,-17.8344279160889,-9.03623189093809,-4.55286099996557e-05,0.0001151924419656,0.900669089798697,0.0029799171228425,0.000202844632507,128.8539735461835,5774.247871210799,5645.393897664615,0.026142639805206345,207.46440102920943
1029,41.16,212.193723938271,11.0022756920287,-217.190115262042,-13.7237522108509,432.105315719135,0,0,0,0,-17.834005148693,-9.06030248556243,-4.55287893138562e-05,0.0001151923179288,0.943505989554768,0.0029791088118719,0.000202074833307,128.69157154093384,5774.085328861733,5645.393757320799,0.026010583951566305,207.46439587166924
1030,41.2,212.187728890006,10.9964608988227,-217.208698294638,-13.72342620966,432.123392495481,0,0,0,0,-17.8335806354432,-9.08439958858465,-4.55289691229188e-05,0.0001151921933732,0.986259074453012,0.0029782784912443,0.000201299496224,128.52857898873123,5773.922195289306,5645.393616300575,0.025877947418596864,207.46439068927157
1031,41.24,212.181712455012,10.9906382996262,-217.227272224708,-13.7230988826561,432.14144526275,0,0,0,0,-17.8331543992679,-9.10852177401886,-4.55291494074578e-05,0.0001151920682947,1.02892555978399,0.002977426347867,0.000200518696446,128.36500513347093,5773.7584797543395,5645.393474620869,0.025744745801516145,207.46438548263836
1032,41.28,212.175674943215,10.984808086931,-217.245836024144,-13.7227702474514,432.159473127879,0,0,0,0,-17.8327264631069,-9.13266766156728,-4.5529330147092e-05,0.0001151919426893,1.07150266773365,0.0029765525758329,0.000199732516454,128.20085839083893,5773.594190690352,5645.393332299513,0.0256109954065266,207.46438025242495
1033,41.32,212.169616635636,10.9789704202146,-217.264388667539,-13.7224403216661,432.177475204627,0,0,0,0,-17.83229684991,-9.15683591567229,-4.55295113220932e-05,0.0001151918165529,1.11398762756711,0.0029756573763434,0.000198941045908,128.03614638995535,5773.429335744313,5645.393189354358,0.025476713240825948,207.46437499928734
1034,41.36,212.163537786627,10.9731254282181,-217.282929132247,-13.7221091229267,432.195450613582,0,0,0,0,-17.8318655826353,-9.18102524302258,-4.5529692911869e-05,0.0001151916898817,1.15637767581236,0.0029747409576299,0.000198144381323,127.87087603300087,5773.2639218374925,5645.3930458044915,0.02534191697925038,207.464369723927
1035,41.4,212.157438626554,10.9672732116617,-217.301456398413,-13.7217766688652,432.21339848217,0,0,0,0,-17.831432684248,-9.20523438865149,-4.55298748968002e-05,0.0001151915626717,1.19867005644387,0.0029738035348717,0.000197342625564,127.70505356901302,5773.0979552384715,5645.392901669458,0.02520662491064177,207.46436442706218
1036,41.44,212.15131936481,10.9614138463036,-217.319969449027,-13.7214429771173,432.23131794465,0,0,0,0,-17.8309981777181,-9.2294621308023,-4.55300572565323e-05,0.0001151914349192,1.24086202106615,0.0029728453301122,0.000196535887156,127.53868467559607,5772.93144164512,5645.392756969523,0.025070855862326276,207.46435910943762
1037,41.48,212.145180193326,10.9555473864864,-217.338467269951,-13.7211080653218,432.249208142112,0,0,0,0,-17.8305620860194,-9.2537072746694,-4.55302399713474e-05,0.0001151913066203,1.28295082909715,0.0029718665721729,0.000195724279443,127.37177455561275,5772.764386280149,5645.392611724536,0.024934629108589006,207.46435377178275
1038,41.52,212.139021290766,10.9496738693758,-217.356948849959,-13.7207719511188,432.267068222468,0,0,0,0,-17.8301244321276,-9.27796864519301,-4.55304230216864e-05,0.0001151911777721,1.32493374795139,0.0029708674965653,0.000194907919628,127.2043280493987,5772.596794005252,5645.392465955853,0.024797964267412317,207.4643484148824
1039,41.56,212.132842827458,10.9437933199354,-217.375413180773,-13.7204346521491,432.284897340445,0,0,0,0,-17.829685239019,-9.30224507914077,-4.55306063882444e-05,0.0001151910483714,1.36680805322287,0.0029698483453997,0.000194086927717,127.03634977120153,5772.428669455291,5645.39231968409,0.024660881190139712,207.4643430394942
1040,41.6,212.126644970842,10.9379057564142,-217.39385925709,-13.7200961860529,432.302694657571,0,0,0,0,-17.8292445296691,-9.32653541682468,-4.55307900520297e-05,0.0001151909184155,1.4085710288675,0.0029688093672935,0.000193261425406,126.86784425596566,5772.260017186541,5645.392172930575,0.02452339984630443,207.46433764640193
1041,41.64,212.120427891034,10.9320111959615,-217.412286076618,-13.7197565704682,432.320459342158,0,0,0,0,-17.8288023270507,-9.35083849383607,-4.55309739944519e-05,0.000115190787902,1.45021996738505,0.0029677508172761,0.000192431534952,126.6988161118316,5772.090841828092,5645.392025716261,0.02438554020793379,207.46433223637564
1042,41.68,212.114191766189,10.926109660033,-217.430692640105,-13.7194158230305,432.338190569292,0,0,0,0,-17.8283586541328,-9.37515313310952,-4.5531158197451e-05,0.0001151906568283,1.49175217000037,0.0029666729566927,0.000191597378051,126.52927016501644,5771.9211482277915,5645.3918780627755,0.024247322133669338,207.46432681021008
1043,41.72,212.107936787538,10.9202011794702,-217.449077951373,-13.719073961371,432.355887520811,0,0,0,0,-17.8279135338792,-9.39947813754187,-4.55313426432024e-05,0.0001151905251926,1.53316494684398,0.002965576053106,0.000190759074768,126.35921159842987,5771.750941589296,5645.391729990866,0.02410876525868496,207.46432136866773
1044,41.76,212.101663164173,10.9142857993436,-217.46744101735,-13.718731003116,432.373549385295,0,0,0,0,-17.8274669892469,-9.42381228331837,-4.55315273149994e-05,0.0001151903929933,1.5744556171317,0.0029644603801954,0.000189916742549,126.18864608075731,5771.580227602293,5645.391581521536,0.023969888893543987,207.46431591252045
1045,41.8,212.095371127722,10.9083635836682,-217.485780848103,-13.7183869658856,432.391175358042,0,0,0,0,-17.827019043185,-9.4481543141105,-4.55317121955162e-05,0.0001151902602287,1.61562150934331,0.0029633262176552,0.000189070495361,126.01757989498253,5771.4090125696985,5645.391432674716,0.02383071193944994,207.46431044250065
1046,41.84,212.089060936812,10.902434619919,-217.504096456876,-13.7180418672928,432.408764641062,0,0,0,0,-17.8265697186331,-9.47250293637284,-4.55318972688566e-05,0.0001151901268974,1.65665996140026,0.0029621738510904,0.000188220442957,125.84602005845996,5771.237303529113,5645.391283470653,0.023691252817878424,207.46430495935243
1047,41.88,212.082732881008,10.8964990230243,-217.522386860127,-13.7176957249425,432.426316443054,0,0,0,0,-17.8261190385202,-9.49685681598199,-4.55320825194894e-05,0.0001151899929976,1.69756832084203,0.0029610035719106,0.000187366690317,125.6739744312665,5771.065108360001,5645.391133928735,0.02355152942028907,207.46429946378825
1048,41.92,212.076387283817,10.8905569384207,-217.540651077573,-13.7173485564303,432.4438299794,0,0,0,0,-17.8256670257633,-9.52121457637996,-4.55322679322764e-05,0.0001151898585282,1.7383439450014,0.0029598156772231,0.000186509337256,125.50145179705373,5770.892435865437,5645.390984068383,0.023411559073701287,207.46429395652183
1049,41.96,212.070024504473,10.8846085438899,-217.558888132226,-13.717000379342,432.461304472151,0,0,0,0,-17.8252137032662,-9.54557479826374,-4.55324534927252e-05,0.0001151897234877,1.77898420117842,0.0029586104697238,0.000185648478227,125.32846191286042,5770.719295820673,5645.3908339078125,0.0232713585249495,207.4642884382226
1050,42.0,212.063644938503,10.8786540501822,-217.577097050445,-13.7166512112522,432.478739150018,0,0,0,0,-17.8247590939184,-9.56993602075215,-4.5532639186954e-05,0.0001151895878751,1.81948646681301,0.002957388257587,0.000184784202307,125.15501552353403,5770.5456989885515,5645.390683465018,0.023130943941261233,207.46428290955183
1051,42.04,212.057249017274,10.8726937006161,-217.595276861981,-13.7163010697235,432.496133248362,0,0,0,0,-17.8243032205934,-9.59429674391675,-4.55328250013726e-05,0.0001151894516887,1.85984812965633,0.0029561493543536,0.000183916593381,124.98112434973737,5770.371657107164,5645.390532757427,0.022990330930676317,207.46427737114993
1052,42.08,212.050837206661,10.8667277698064,-217.613426600031,-13.7159499723057,432.513486009191,0,0,0,0,-17.8238461061483,-9.61865543261682,-4.55330109228858e-05,0.0001151893149269,1.90006658794078,0.0029548940788177,0.000183045730491,124.80680105144872,5770.197182853614,5645.390381802165,0.02284953457845563,207.46427182364636
1053,42.12,212.044410004782,10.8607565614523,-217.631545301287,-13.7155979365349,432.530796681152,0,0,0,0,-17.8233877734218,-9.64301052159714,-4.55331969391692e-05,0.0001151891775881,1.94013925054874,0.0029536227549113,0.00018217168837,124.6320591669537,5770.022289782385,5645.390230615431,0.02270856950192032,207.46426626763633
1054,42.16,212.037967938552,10.8547804049517,-217.649632005997,-13.7152449799324,432.54806451953,0,0,0,0,-17.8229282452336,-9.66736042177674,-4.55333830381207e-05,0.00011518903967,1.98006353718006,0.0029523357115886,0.000181294538098,124.45691301835787,5769.846992231563,5645.390079213204,0.022567449914174392,207.46426070370705
1055,42.2,212.031511558878,10.8487996506554,-217.667685758017,-13.7148911200041,432.565288786244,0,0,0,0,-17.822467544383,-9.69170352754889,-4.55335692084406e-05,0.000115188901171,2.01983687851837,0.0029510332827079,0.000180414347891,124.28137758062667,5769.6713051920915,5645.389927611464,0.022426189697593878,207.46425513244583
1056,42.24,212.025041434582,10.84281466385,-217.685705604872,-13.7145363742393,432.582468749843,0,0,0,0,-17.8220056936478,-9.71603822479617,-4.55337554388078e-05,0.0001151887620886,2.05945671639619,0.0029497158069131,0.000179531183975,124.10546831715055,5769.495244142405,5645.389775825254,0.022284802481724084,207.46424955440543
1057,42.28,212.018558145419,10.8368258178345,-217.703690597811,-13.7141807601102,432.599603685506,0,0,0,0,-17.8215427157835,-9.74036289930396,-4.55339417192703e-05,0.0001151886224201,2.09892050395911,0.002948383627514,0.00017864511153,123.9292009880952,5769.318824858441,5645.3896238703455,0.022143301724948352,207.46424397016548
1058,42.32,212.012062274648,10.8308334865529,-217.721639791873,-13.7138242950708,432.616692875039,0,0,0,0,-17.8210786335216,-9.76467594526806,-4.55341280395651e-05,0.0001151884821631,2.1382257058289,0.0029470370923655,0.000177756195661,123.75259145031447,5769.142063211485,5645.38947176117,0.022001700798029825,207.46423838025635
1059,42.36,212.00555440148,10.8248380371066,-217.73955224594,-13.7134669965562,432.633735606869,0,0,0,0,-17.820613469569,-9.78897577368258,-4.55343143905439e-05,0.0001151883413147,2.17736979826578,0.002945676553745,0.000176864502374,123.57565544991648,5768.9649749626715,5645.389319512755,0.02186001306702335,207.46423278523022
1060,42.4,211.999035093525,10.8188398222588,-217.757427022798,-13.7131088819819,432.650731176046,0,0,0,0,-17.8201472466068,-9.81326082041494,-4.5534500763517e-05,0.0001151881998726,2.21635026932985,0.0029443023682295,0.000175970099523,123.39840841673801,5768.787575557455,5645.389167140717,0.021718251973034345,207.46422718566106
1061,42.44,211.992504899242,10.8128391729535,-217.775263189197,-13.7127499687425,432.667678884228,0,0,0,0,-17.8196799872891,-9.83752955375915,-4.5534687150645e-05,0.0001151880578345,2.25516461904171,0.0029429148965712,0.000175073057688,123.22086526045955,5768.609879920165,5645.389014659706,0.02157643110387706,207.46422158208722
1062,42.48,211.985964340546,10.8068363909793,-217.793059815906,-13.7123902742115,432.684578039684,0,0,0,0,-17.8192117142423,-9.86178048118734,-4.55348735443064e-05,0.0001151879151977,2.29381035954249,0.0029415145035719,0.000174173450975,123.043040167546,5768.4319022528325,5645.388862085287,0.021434564256463725,207.46421597508066
1063,42.52,211.979413905875,10.8008317421093,-217.810815977766,-13.7120298157402,432.701427957272,0,0,0,0,-17.8187424500635,-9.88601215504132,-4.55350599374286e-05,0.0001151877719601,2.33228501525318,0.0029401015579572,0.000173271357698,122.86494641370929,5768.253655846533,5645.388709432823,0.02129266548765348,207.46421036520604
1064,42.56,211.9728540442,10.7948254501688,-217.828530753748,-13.7116686106569,432.718227958436,0,0,0,0,-17.8182722173203,-9.91022317693091,-4.55352463236048e-05,0.0001151876281201,2.37058612303339,0.00293867643225,0.00017236686093,122.68659620032881,5768.075152918387,5645.388556718059,0.021150749153475045,207.4642047530419
1065,42.6,211.966285160331,10.7888176924089,-217.846203226997,-13.7113066762663,432.734977371185,0,0,0,0,-17.817801038549,-9.93441220073193,-4.55354326967607e-05,0.0001151874836761,2.40871123233964,0.0029372395026435,0.000171460048909,122.50800052625785,5767.896404483839,5645.388403957581,0.021008829936984483,207.4641991391979
1066,42.64,211.959707611696,10.7828085963547,-217.863832484885,-13.7109440298486,432.751675530075,0,0,0,0,-17.8173289362542,-9.95857793415636,-4.55356190514713e-05,0.0001151873386272,2.446657905383,0.0029357911488727,0.000170551015287,122.32916910181956,5767.717420268998,5645.388251167178,0.020866922864410876,207.46419352425409
1067,42.68,211.953121706564,10.7767982380913,-217.881417619057,-13.7105806886589,432.768321776188,0,0,0,0,-17.8168559329075,-9.98271913889563,-4.55358053827871e-05,0.0001151871929728,2.48442371728628,0.0029343317540866,0.000169639859201,122.15011029792096,5767.538208662291,5645.38809836437,0.020725043305754257,207.4641879088544
1068,42.72,211.946527703587,10.7707866418751,-217.898957725468,-13.7102166699264,432.784915457107,0,0,0,0,-17.8163820509467,-10.0068346293641,-4.55359916858377e-05,0.0001151870467123,2.52200625624068,0.002932861704718,0.00016872668519,121.97083113599591,5767.358776702,5645.387945566004,0.0205832069637274,207.464182293618
1069,42.76,211.939925812623,10.7647737810249,-217.916451904432,-13.7098519908538,432.801455926884,0,0,0,0,-17.815907312775,-10.0309232700362,-4.5536177956533e-05,0.0001151868998458,2.55940312366187,0.0029313813903537,0.000167811602933,121.79133730925727,5767.179130098648,5645.387792789391,0.020441429846328903,207.46417667918095
1070,42.8,211.933316196903,10.7587595801591,-217.933899260651,-13.7094866686165,432.817942546012,0,0,0,0,-17.81543174076,-10.0549839714489,-4.5536364190867e-05,0.0001151867523748,2.59661193434549,0.0029298912036043,0.000166894726844,121.61163324123994,5766.99927329398,5645.38764005274,0.020299728228447143,207.4641710662125
1071,42.84,211.926698976656,10.7527439188863,-217.951298903255,-13.7091207203619,432.834374681387,0,0,0,0,-17.8149553572327,-10.079015684987,-4.55365503863472e-05,0.0001151866043006,2.63363031662208,0.0029283915399733,0.000165976175515,121.43172218598839,5766.819209559592,5645.387487373604,0.020158118602061476,207.4641654553577
1072,42.88,211.920074234191,10.7467266369615,-217.968649945834,-13.7087541632088,432.850751706272,0,0,0,0,-17.8144781844868,-10.103017396651,-4.55367365398706e-05,0.0001151864556255,2.67045591251128,0.0029268827977266,0.000165056071041,121.25160636444387,5766.638941135226,5645.387334770782,0.020016617618184605,207.46415984730737
1073,42.92,211.913442020288,10.740707540744,-217.985951506467,-13.7083870142471,432.867073000257,0,0,0,0,-17.8140002447779,-10.1269881200288,-4.55369226495098e-05,0.0001151863063517,2.70708637787523,0.0029253653777613,0.00016413453823,121.07128714056752,5766.458469402676,5645.387182262109,0.01987524202140018,207.46415424271694
1074,42.96,211.906802361552,10.7346864106274,-218.003202707753,-13.7080192905365,432.883337949214,0,0,0,0,-17.8135215603227,-10.1509268886946,-4.55371087139108e-05,0.000115186156483,2.74351938257122,0.0029238396834738,0.000163211703744,120.89076521950963,5766.277795085904,5645.387029866394,0.01973400857955403,207.46414864227768
1075,43.0,211.90015526838,10.7286630090697,-218.020402676836,-13.7076510091065,432.899545945253,0,0,0,0,-17.813042153298,-10.174832748235,-4.55372947317455e-05,0.000115186006023,2.77975261060337,0.0029223061206281,0.00016228769517,120.71004086592039,5766.0969184678215,5645.386877601901,0.019592934008108524,207.46414304666072
1076,43.04,211.893500743219,10.7226370889343,-218.037550545437,-13.7072821869556,432.915696386678,0,0,0,0,-17.8125620458403,-10.1987047481246,-4.5537480702704e-05,0.0001151858549759,2.81578376027335,0.0029207650972234,0.000161362640075,120.52911412797668,5765.915839615019,5645.386725487042,0.019452034893296513,207.46413745654272
1077,43.08,211.886838789,10.7166084019858,-218.054645449872,-13.7069128410507,432.931788677937,0,0,0,0,-17.8120812600449,-10.2225419336569,-4.55376666273434e-05,0.0001151857033473,2.85161054433004,0.0029192170233618,0.00016043666505,120.34798506739565,5765.7345586072515,5645.386573539856,0.01931132761470035,207.46413187258656
1078,43.12,211.880169417631,10.710576707466,-218.071686531084,-13.7065429883266,432.947822229576,0,0,0,0,-17.811599817965,-10.2463433381937,-4.55378525061414e-05,0.0001151855511421,2.88723069011807,0.0029176623111161,0.000159509894788,120.16665398998849,5765.553075768553,5645.386421778564,0.01917082827176969,207.4641262954619
1079,43.16,211.873492658452,10.7045417806153,-218.088672934668,-13.7061726456856,432.96379645819,0,0,0,0,-17.8111177416114,-10.2701079759404,-4.55380383405622e-05,0.000115185398366,2.92264193972505,0.0029161013743977,0.000158582451204,119.98512167729804,5765.3713918973035,5645.386270220006,0.019030552615277616,207.46412072578758
1080,43.2,211.866808566348,10.6985034208628,-218.105603810894,-13.7058018299969,432.979710786376,0,0,0,0,-17.8106350529518,-10.2938348354606,-4.5538224132593e-05,0.0001151852450252,2.95784205012754,0.0029145346288251,0.00015765445264,119.80338960489485,5765.189508487002,5645.386118882107,0.018890515986534306,207.46411516422233
1081,43.24,211.860117229133,10.6924614592817,-218.122478314738,-13.7054305580961,432.995564642686,0,0,0,0,-17.8101517739098,-10.3175228740896,-4.55384098846641e-05,0.0001151850911259,2.9928287933357,0.0029129624915914,0.000156726013161,119.62146014597086,5765.007427927189,5645.385967781219,0.01875073326484391,207.46410961136704
1082,43.28,211.853418773796,10.6864157649143,-218.13929560591,-13.7050588467848,433.011357461576,0,0,0,0,-17.8096679263648,-10.341171013409,-4.55385956001344e-05,0.0001151849366752,3.02759995653648,0.0029113853813329,0.000155797241964,119.43933673982272,5764.82515367341,5645.385816933587,0.01861121882263599,207.46410406781877
1083,43.32,211.846713371377,10.68036624972,-218.156054848883,-13.7046867128302,433.02708868337,0,0,0,0,-17.8091835321512,-10.3647781359204,-4.55387812835097e-05,0.00011518478168,3.0621533422354,0.0029098037179972,0.00015486824292,119.25702402522238,5764.642690379901,5645.3856663546785,0.018471986490745478,207.4640985341459
1084,43.36,211.840001240416,10.6743128721001,-218.172755212924,-13.7043141729647,433.042757754205,0,0,0,0,-17.8086986130577,-10.3883430830383,-4.55389669387699e-05,0.0001151846261477,3.09648676839684,0.0029082179227116,0.000153939114251,119.07452793377715,5764.460043993438,5645.385516059661,0.0183330495333883,207.46409301090586
1085,43.4,211.833282649037,10.6682556390551,-218.18939587213,-13.7039412438854,433.058364125998,0,0,0,0,-17.808213190827,-10.4118646544471,-4.55391525716048e-05,0.0001151844700854,3.13059806858286,0.0029066284176517,0.000153009948351,118.89185574708712,5764.277221810048,5645.385366062961,0.018194420634577917,207.46408749862874
1086,43.44,211.826557915684,10.6621946069999,-218.205976005461,-13.7035679422536,433.073907256399,0,0,0,0,-17.8077272871556,-10.4353416088504,-4.55393381877182e-05,0.0001151843135008,3.16448509209046,0.0029050356259112,0.000152080831752,118.70901611633963,5764.094232495033,5645.385216378693,0.018056111895949845,207.4640819978333
1087,43.48,211.819827408413,10.6561298811286,-218.222494796778,-13.7031942846947,433.089386608757,0,0,0,0,-17.8072409236924,-10.4587726660464,-4.55395237934313e-05,0.0001151841564016,3.19814570408741,0.0029034399713716,0.000151151845237,118.52601904434016,5763.9110860637065,5645.385067019366,0.017918134846293038,207.46407650897922
1088,43.52,211.81309154256,10.6500616131604,-218.238951434881,-13.702820287798,433.104801652078,0,0,0,0,-17.8067541220392,-10.4821565102807,-4.55397093960998e-05,0.0001151839987951,3.2315777857465,0.0029018418785719,0.000150223064087,118.3428758196426,5763.727793817936,5645.3849179982935,0.017780500459754118,207.46407103255575
1089,43.56,211.806350776706,10.6439899973792,-218.255345113554,-13.7024459681157,433.120151860996,0,0,0,0,-17.8062669037498,-10.5054917947932,-4.55398950030014e-05,0.0001151838406893,3.26477923437841,0.0029002417725792,0.000149294558457,118.15959890930898,5763.5443682363475,5645.384769327038,0.017643219183239224,207.46406556898785
1090,43.6,211.799605607058,10.6379152650925,-218.271675031603,-13.7020713421632,433.135436715732,0,0,0,0,-17.8057792903296,-10.5287771474449,-4.5540080621929e-05,0.0001151836820912,3.29774796356316,0.0028986400788595,0.000148366393867,117.97620180404257,5763.36082282142,5645.384621017377,0.017506300970536202,207.4640601187083
1091,43.64,211.792856560593,10.6318376778466,-218.287940392902,-13.7016964264186,433.150655702067,0,0,0,0,-17.8052913032352,-10.5520111772648,-4.55402662613449e-05,0.0001151835230087,3.33048190328005,0.002897037223149,0.000147438631787,117.79269883283727,5763.177171912929,5645.384473080092,0.017369755323371032,207.46405468211327
1092,43.68,211.786104187349,10.6257575198012,-218.304140406439,-13.7013212373222,433.165808311309,0,0,0,0,-17.8048029638741,-10.5751924817064,-4.55404519301087e-05,0.0001151833634493,3.36297900003633,0.002895433631326,0.000146511330305,117.60910495204186,5762.99343047817,5645.384325526128,0.01723359133889701,207.46404925960508
1093,43.72,211.779349052202,10.6196750895772,-218.320274286361,-13.7009457912764,433.180894040262,0,0,0,0,-17.8043142936042,-10.5983196543638,-4.55406376372631e-05,0.0001151832034202,3.39523721699451,0.0028938297292835,0.000145584544854,117.42543552298984,5762.809613888203,5645.384178365213,0.017097817762914212,207.46404385154116
1094,43.76,211.772591726265,10.6135906917336,-218.336341252022,-13.7005701046455,433.195912391199,0,0,0,0,-17.8038253137336,-10.6213912929087,-4.55408233920349e-05,0.000115183042929,3.42725453409836,0.0028922259428031,0.000144658328979,117.24170607629229,5762.625737683804,5645.384031607512,0.016962443046309995,207.46403845829505
1095,43.8,211.765832778001,10.6075046279582,-218.352340528031,-13.7001941937553,433.210862871829,0,0,0,0,-17.8033360455199,-10.6444060070209,-4.55410092040837e-05,0.0001151828819831,3.45902894819769,0.0028906226974289,0.000143732735121,117.05793207123105,5762.441817333638,5645.383885262407,0.016827475403271158,207.46403308021158
1096,43.84,211.759072764216,10.6014171881355,-218.368271344298,-13.6998180748927,433.225744995271,0,0,0,0,-17.8028465101704,-10.6673624261105,-4.55411950835116e-05,0.00011518272059,3.49055847317203,0.002889020418342,0.000142807815393,116.87412864943872,5762.2578679891685,5645.38373933973,0.016692922868234112,207.46402771765207
1097,43.88,211.752312221253,10.5953286416172,-218.384132936084,-13.6994417643059,433.240558280026,0,0,0,0,-17.8023567288411,-10.6902592066256,-4.55413810401389e-05,0.0001151825587575,3.52184114005298,0.0028874195302369,0.000141883622335,116.69031039674282,5762.073904245033,5645.383593848291,0.016558793352067672,207.46402237094026
1098,43.92,211.745551656828,10.5892392291338,-218.399924544044,-13.6990652782035,433.255302249941,0,0,0,0,-17.8018667226371,-10.7130950387534,-4.55415670840598e-05,0.0001151823964929,3.55287499714555,0.002885820457197,0.00014096020962,116.50649111943537,5761.889939916887,5645.383448797452,0.01642509469507752,207.4640170404202
1099,43.96,211.738791542888,10.5831491557324,-218.415645414275,-13.698688632755,433.269976434185,0,0,0,0,-17.8013765126118,-10.7358686523336,-4.55417532255323e-05,0.0001151822338039,3.5836581101484,0.0028842236225724,0.000140037632694,116.32268365047747,5761.705987847062,5645.3833041965845,0.016291834716991933,207.4640117264363
1100,44.0,211.732032309708,10.5770585849464,-218.43129479836,-13.69831184409,433.284580367212,0,0,0,0,-17.8008861197668,-10.7585788218368,-4.55419394746901e-05,0.000115182070698,3.61418856227302,0.0028826294488582,0.000139115949342,116.13889968890611,5761.522059743936,5645.383160055029,0.01615902126334097,207.4640064293318
1101,44.04,211.725274341217,10.5709676341993,-218.446871953414,-13.6979349282984,433.29911358873,0,0,0,0,-17.8003955650517,-10.7812243702871,-4.55421258417444e-05,0.0001151819071832,3.6444644543619,0.0028810383575741,0.000138195220145,115.95514967299029,5761.338166054751,5645.383016381761,0.016026662244122334,207.4640011494365
1102,44.08,211.718517971493,10.564876371377,-218.46237614212,-13.69755790143,433.313575643666,0,0,0,0,-17.7999048693638,-10.8038041720423,-4.55423123369347e-05,0.0001151817432676,3.67448390500565,0.0028794507691438,0.000137275508851,115.7714426838696,5761.1543158702325,5645.382873186363,0.01589476566688757,207.46399588710267
1103,44.12,211.71176348243,10.5587848125667,-218.477806632771,-13.6971807794943,433.327966082129,0,0,0,0,-17.7994140535475,-10.8263171544014,-4.55424989704386e-05,0.0001151815789594,3.70424505065915,0.0028778671027771,0.000136356882612,115.58778638294574,5760.970516861107,5645.382730478162,0.015763339659055728,207.46399064267294
1104,44.16,211.705011102688,10.5526929210896,-218.493162699309,-13.6968035784604,433.342284459367,0,0,0,0,-17.798923138395,-10.8487622980286,-4.55426857527744e-05,0.0001151814142671,3.73374604575664,0.0028762877763512,0.000135439412123,115.40418698193454,5760.786775249529,5645.382588267594,0.015632392483414016,207.4639854165309
1105,44.2,211.698261008112,10.5466006079909,-218.508443621357,-13.696426314257,433.356530335735,0,0,0,0,-17.798432144645,-10.8711386362159,-4.55428726937948e-05,0.0001151812491994,3.76298506282588,0.0028747132062943,0.000134523171625,115.22064925673804,5760.603095820486,5645.382446563747,0.015501932543840214,207.46398020901057
1106,44.24,211.69151332366,10.5405077340462,-218.523648684257,-13.696049002772,433.370703276643,0,0,0,0,-17.7979410929834,-10.893445253079,-4.55430598043079e-05,0.0001151810837651,3.79196029260118,0.0028731438074696,0.000133608238802,115.03717659724302,5760.419481974255,5645.382305377012,0.015371968383534934,207.4639750204937
1107,44.28,211.684768126721,10.5344141131519,-218.538777179095,-13.6956716598525,433.384802852517,0,0,0,0,-17.7974500040425,-10.9156812807197,-4.55432470944418e-05,0.0001151809179741,3.82066994413552,0.0028715799930607,0.000132694694559,114.85377109876141,5760.235935816702,5645.382164717941,0.015242508674932381,207.46396985136815
1108,44.32,211.67802545154,10.5283195168303,-218.553828402735,-13.6952943013046,433.39882863875,0,0,0,0,-17.7969588984012,-10.9378458954524,-4.55434345747886e-05,0.0001151807518361,3.84911224491152,0.0028700221744589,0.000131782622707,114.67043368341011,5760.05245827968,5645.38202459627,0.015113562202614405,207.46396470199164
1109,44.36,211.671285294501,10.5222236795831,-218.568801657845,-13.6949169428934,433.412780215656,0,0,0,0,-17.7964677965849,-10.9599383131386,-4.554362225595e-05,0.0001151805853609,3.87728544095133,0.00286847076115,0.000130872109546,114.48716424190889,5759.86904926479,5645.381885022882,0.014985137836878541,207.4639595727642
1110,44.4,211.664547620101,10.516126304946,-218.583696252921,-13.6945396003428,433.426657168418,0,0,0,0,-17.7959767190649,-10.9819577837517,-4.55438101485854e-05,0.0001151804185586,3.90518779692531,0.0028669261606038,0.000129963243379,114.3039617979686,5759.685707805949,5645.381746007981,0.014857244502016469,207.46395446406078
1111,44.44,211.6578123676,10.5100270722079,-218.59851150231,-13.6941622893356,433.440459087037,0,0,0,0,-17.795485686259,-11.0039035853116,-4.55439982630852e-05,0.0001151802514399,3.93281759625957,0.002865388778164,0.000129056113959,114.12082468792438,5759.502432250338,5645.381607562414,0.014729891138529209,207.46394937627997
1112,44.48,211.651079458289,10.5039256437555,-218.613246726237,-13.693785025513,433.454185566284,0,0,0,0,-17.7949947185306,-11.0257750173962,-4.55441866102771e-05,0.0001151800840147,3.9601731412423,0.0028638590169391,0.000128150811893,113.93775075996346,5759.319220456173,5645.381469696209,0.014603086662563549,207.46394430979035
1113,44.52,211.644348803223,10.4978216728826,-218.627901250824,-13.6934078244751,433.46783620564,0,0,0,0,-17.7945038361894,-11.0475713944161,-4.55443752010587e-05,0.0001151799162941,3.98725275312877,0.0028623372776958,0.000127247428012,113.75473758288014,5759.136070003139,5645.381332420259,0.01447683992224734,207.4639392649922
1114,44.56,211.637620311132,10.491714811768,-218.642474408106,-13.6930307017804,433.48141060925,0,0,0,0,-17.7940130594906,-11.0692920387974,-4.55445640457399e-05,0.0001151797482889,4.01405477224505,0.0028608239587526,0.000126346052739,113.57178266272173,5758.952978407653,5645.381195744932,0.014351159654341037,207.4639342422665
1115,44.6,211.630893896142,10.4856047192826,-218.656965536062,-13.6926536729459,433.494908385867,0,0,0,0,-17.7935224086355,-11.0909362742061,-4.55447531555771e-05,0.0001151795800094,4.04057755809042,0.0028593194558754,0.000125446775443,113.38888365290681,5758.769943332964,5645.381059680058,0.014226054437995177,207.46392924197457
1116,44.64,211.624169485098,10.4794910683698,-218.671373978624,-13.6922767534472,433.5083291488,0,0,0,0,-17.7930319037708,-11.1125034189145,-4.55449425408246e-05,0.0001151794114667,4.06681948943819,0.0028578241621744,0.00012454968384,113.206038552639,5758.586962788423,5645.380924235784,0.0141015326519435,207.46392426448926
1117,44.68,211.617447024311,10.4733735528764,-218.685699085704,-13.6918999587181,433.521672515857,0,0,0,0,-17.792541564989,-11.1339927794985,-4.55451322130003e-05,0.0001151792426712,4.09277896443523,0.0028563384680017,0.000123654863404,113.02324589117177,5758.404035313078,5645.380789421906,0.01397760243066883,207.4639193101706
1118,44.72,211.610726485717,10.4672518937815,-218.699940213212,-13.691523304151,433.534938109298,0,0,0,0,-17.7920514123285,-11.1554036450721,-4.55453221828095e-05,0.000115179073634,4.11845440069994,0.0028548627608506,0.000122762396852,112.8405048954686,5758.221160143269,5645.380655247801,0.01385427162654908,207.46391437936313
1119,44.76,211.604007872349,10.4611258447364,-218.714096723075,-13.6911468050967,433.548125555784,0,0,0,0,-17.7915614657729,-11.176735282256,-4.55455124615645e-05,0.0001151789043655,4.14384423541875,0.0028533974252568,0.000121872363667,112.6578156393574,5758.038337361528,5645.380521722171,0.013731547773713593,207.4639094723867
1120,44.8,211.597291222934,10.4549951967352,-218.72816798326,-13.6907704768643,433.561234486322,0,0,0,0,-17.7910717452517,-11.1979869310418,-4.5545703060391e-05,0.0001151787348765,4.16894692544114,0.0028519428427,0.000120984839703,112.47517916737257,5757.855568021669,5645.380388854296,0.013609438057812649,207.4639045895823
1121,44.84,211.590576615391,10.4488597816853,-218.742153367796,-13.6903943347213,433.574264536223,0,0,0,0,-17.79058227064,-11.2191578016251,-4.55458939906726e-05,0.0001151785651769,4.193760947373,0.0028504993915078,0.000120099896861,112.29259759165326,5757.672854243979,5645.380256652325,0.013487949290329971,207.46389973124946
1122,44.88,211.583864169062,10.4427194747055,-218.756052256797,-13.6900183938938,433.587215345048,0,0,0,0,-17.7900930617586,-11.240247072248,-4.55460852635831e-05,0.0001151783952772,4.21828479766857,0.0028490674467616,0.000119217602849,112.11007415182922,5757.490199275915,5645.380125124086,0.013367087887779771,207.46389489767574
1123,44.92,211.577154045628,10.4365741951129,-218.769864036485,-13.6896426695662,433.600086556567,0,0,0,0,-17.7896041383739,-11.2612538881065,-4.5546276890785e-05,0.0001151782251867,4.24251699272062,0.0028476473802024,0.000118338021021,111.9276132397992,5757.307607517045,5645.379994277246,0.013246859855581768,207.46389008914304
1124,44.96,211.570446448807,10.430423906191,-218.783588099215,-13.6892671768814,433.612877818713,0,0,0,0,-17.7891155201979,-11.2821773613643,-4.55464688833213e-05,0.0001151780549147,4.26645606894925,0.0028462395601395,0.000117461210306,111.74522039239375,5757.125084510816,5645.379864118422,0.013127270778314916,207.46388530589445
1125,45.0,211.563741622971,10.4242686138719,-218.797223843501,-13.6888919309407,433.625588783541,0,0,0,0,-17.7886272268887,-11.3030165722975,-4.55466612528133e-05,0.0001151778844701,4.29010058288893,0.0028448443513594,0.000116587225214,111.5629022521954,5756.942636906931,5645.379734654735,0.013008325815015626,207.46388054819167
1126,45.04,211.557039850763,10.4181083644283,-218.810770674044,-13.6885169468041,433.638219107183,0,0,0,0,-17.7881392780499,-11.3237705715204,-4.55468540100764e-05,0.0001151777138615,4.31344911127418,0.0028434621150373,0.000115716115929,111.38066650413381,5756.760272396495,5645.379605892361,0.012890029701612916,207.46387581626163
1127,45.08,211.550341449767,10.4119432412015,-218.824228001759,-13.6881422394902,433.650768449815,0,0,0,0,-17.7876516932311,-11.34443838316,-4.55470471661898e-05,0.0001151775430966,4.33650025112351,0.0028420932086493,0.000114847928469,111.19852178459266,5756.57799962141,5645.379477836817,0.012772386757936191,207.46387111030717
1128,45.12,211.543646768226,10.4057733603931,-218.837595243803,-13.6877678239761,433.663236475612,0,0,0,0,-17.7871644919277,-11.3650190088426,-4.55472407324552e-05,0.0001151773721828,4.35925261982188,0.0028407379858869,0.000113982704918,111.01647756411629,5756.395828057851,5645.379350493735,0.012655400900052844,207.46386643053518
1129,45.16,211.536956179937,10.3995988660238,-218.850871823608,-13.6873937151976,433.675622852719,0,0,0,0,-17.7866776935812,-11.385511432355,-4.55474347194216e-05,0.0001151772011271,4.38170485520158,0.002839396796573,0.000113120483722,110.83454400970243,5756.2137678773515,5645.379223867649,0.012539075657788673,207.4638617771123
1130,45.2,211.530270078536,10.3934199242833,-218.864057170908,-13.6870199280493,433.68792725321,0,0,0,0,-17.7861913175792,-11.4059146248616,-4.55476291380083e-05,0.0001151770299364,4.40385561562155,0.0028380699865793,0.000112261300031,110.65273182777192,5756.031829791294,5645.379097963521,0.012423414195595707,207.46385715022092
1131,45.24,211.523588871466,10.3872367175653,-218.877150721773,-13.6866464773846,433.700149353058,0,0,0,0,-17.7857053832553,-11.4262275505328,-4.55478239985459e-05,0.0001151768586166,4.42570358004527,0.0028367578977449,0.000111405186083,110.47105210114682,5755.850024886766,5645.378972785619,0.01230841933785977,207.4638525500178
1132,45.28,211.516912973902,10.3810494384525,-218.890151918636,-13.6862733780158,433.712288832101,0,0,0,0,-17.7852199098895,-11.4464491723661,-4.5548019311573e-05,0.0001151766871734,4.44724744811705,0.0028354608677969,0.000110552171627,110.28951612357574,5755.668364461256,5645.37884833768,0.012194093598680686,207.46384797664038
1133,45.32,211.51024280278,10.3748582838145,-218.903060210332,-13.6859006447141,433.724345374011,0,0,0,0,-17.784734916708,-11.4665784579746,-4.55482150870616e-05,0.0001151765156122,4.46848594023694,0.0028341792302722,0.000109702284354,110.10813523670612,5755.486859860169,5645.378724623462,0.01208043921320351,207.4638434302267
1134,45.36,211.50357877101,10.3686634490799,-218.915875052122,-13.6855282922095,433.736318666261,0,0,0,0,-17.7842504228833,-11.4866143851195,-4.55484113348994e-05,0.0001151763439379,4.48941779763406,0.0028329133144407,0.000108855550348,109.926920672768,5755.30552231936,5645.378601646592,0.011967458172140694,207.46383891091
1135,45.4,211.496921281906,10.3624651227286,-218.92859590573,-13.6851563351914,433.748208400099,0,0,0,0,-17.7837664475344,-11.5065559468939,-4.55486080646542e-05,0.0001151761721554,4.51004178243861,0.0028316634452309,0.00010801199453,109.74588340378801,5755.124362813559,5645.378479409771,0.011855152256540654,207.46383441878965
1136,45.44,211.49027072395,10.3562634811177,-218.941222239373,-13.684784788308,433.760014270513,0,0,0,0,-17.783283009727,-11.5264021565101,-4.55488052858471e-05,0.0001151760002687,4.53035667775229,0.0028304299431569,0.000107171641091,109.56503399760682,5754.943391913903,5645.378357916296,0.011743523072354585,207.46382995398676
1137,45.48,211.48362746608,10.3500586838309,-218.953753527789,-13.6844136661669,433.771735976205,0,0,0,0,-17.7828001284733,-11.5461520516603,-4.55490030071657e-05,0.0001151758282814,4.55036128771751,0.0028292131242468,0.000106334513892,109.38438249049663,5754.762619659705,5645.378237169208,0.011632572083401358,207.46382551661307
1138,45.52,211.476991853696,10.3438508697424,-218.966189252271,-13.684042983335,433.783373219559,0,0,0,0,-17.7823178227322,-11.5658046983627,-4.55492012370235e-05,0.0001151756561974,4.5700544375851,0.0028280132999725,0.000105500636845,109.20393827855486,5754.582055449778,5645.378117171223,0.011522300644425517,207.46382110676842
1139,45.56,211.470364205463,10.3376401538811,-218.978528900694,-13.6836727543382,433.794925706614,0,0,0,0,-17.7818361114096,-11.5853591941547,-4.5549399983881e-05,0.0001151754840202,4.58943497378073,0.0028268307771814,0.000104670034238,109.02371003032626,5754.401707955437,5645.37799792511,0.01141271003037766,207.46381672455456
1140,45.6,211.463744810864,10.331426625039,-218.990771967544,-13.6833029936621,433.80639314703,0,0,0,0,-17.7813550133579,-11.6048146705441,-4.55495992556161e-05,0.0001151753117523,4.60850176396992,0.0028256658580296,0.000103842731015,108.84370562065256,5754.221585053918,5645.377879433266,0.011303801463056042,207.46381237005957
1141,45.64,211.457133928371,10.3252103440043,-219.002917953945,-13.6829337157516,433.817775254063,0,0,0,0,-17.780874547377,-11.6241702947217,-4.55497990596029e-05,0.0001151751393966,4.62725369712174,0.0028245188399164,0.000103018753011,108.66393208003609,5754.0416937786,5645.377761698564,0.011195576134449929,207.46380804338907
1142,45.68,211.450531784183,10.3189913423478,-219.014966367684,-13.6825649350114,433.82907174453,0,0,0,0,-17.7803947322135,-11.6434252706335,-4.55499994029247e-05,0.0001151749669559,4.64568968357116,0.0028233900154212,0.000102198127119,108.48439556115191,5753.862040284673,5645.3776447235205,0.011088035224419849,207.46380374463544
1143,45.72,211.443938571557,10.3127696218186,-219.026916723236,-13.6821966658054,433.84028233878,0,0,0,0,-17.7799155865614,-11.6625788395325,-4.55502002924577e-05,0.0001151747944323,4.66380865508007,0.0028222796722417,0.000101380881399,108.30510132005921,5753.682629830926,5645.377528510867,0.010981179913534036,207.46379947389914
1144,45.76,211.437354450877,10.3065451544631,-219.03876854179,-13.6818289224574,433.851406760661,0,0,0,0,-17.7794371290618,-11.6816302800356,-4.55504017347588e-05,0.0001151746218285,4.68160956489699,0.0028211880931339,0.000100567045127,108.12605371836983,5753.503466781633,5645.377413063263,0.010875011391461086,207.4637952312779
1145,45.8,211.430779550497,10.3003178835225,-219.050521351267,-13.6814617192511,433.862444737492,0,0,0,0,-17.7789593783033,-11.7005789076398,-4.5550603735998e-05,0.0001151744491465,4.69909138781544,0.0028201155558535,9.97566487933e-05,107.94725624637307,5753.32455462948,5645.377298383107,0.010769530861877655,207.4637910168599
1146,45.84,211.424213968272,10.2940877250161,-219.06217468634,-13.6810950704298,433.873396000026,0,0,0,0,-17.7784823528219,-11.7194240736503,-4.55508063022549e-05,0.0001151742763885,4.71625312023099,0.0028190623330991,9.89497240326e-05,107.7687115638535,5753.145896037241,5645.377184473387,0.010664739541626696,207.46378683075486
1147,45.88,211.417657773578,10.2878545698164,-219.073728088461,-13.6807289901968,433.88426028242,0,0,0,0,-17.7780060711011,-11.7381651635457,-4.55510094389394e-05,0.0001151741035563,4.73309378019685,0.0028180286924562,9.814630352e-05,107.5904215558776,5752.967492892732,5645.377071336854,0.010560638657514958,207.46378267306392
1148,45.92,211.411111009681,10.2816182860654,-219.085181105872,-13.6803634927152,433.895037322202,0,0,0,0,-17.7775305515723,-11.7568015948558,-4.55512131514331e-05,0.0001151739306518,4.74961240747809,0.0028170148963441,9.73464208171e-05,107.4123873972926,5752.78934637328,5645.376958975987,0.010457229438403706,207.46377854387816
1149,45.96,211.40457369644,10.2753787219324,-219.096533293623,-13.6799985921085,433.905726860239,0,0,0,0,-17.7770558126142,-11.7753328146589,-4.55514174449116e-05,0.0001151737576764,4.76580806360456,0.0028160212019636,9.65501101857e-05,107.23460962593586,5752.611457019276,5645.37684739334,0.01035451310448579,207.46377444329147
1150,46.0,211.398045833482,10.2691357088346,-219.107784213594,-13.6796343024601,433.916328640701,0,0,0,0,-17.7765818725539,-11.7937582967214,-4.55516223240385e-05,0.0001151735846318,4.78167983192225,0.0028150478612468,9.57574063741e-05,107.05708822890757,5752.43382482057,5645.376736591663,0.0102524908546965,207.46377037140493
1151,46.04,211.391527403928,10.262889065211,-219.118933434504,-13.6792706378135,433.926842411034,0,0,0,0,-17.7761087496659,-11.8120775382378,-4.55518277932552e-05,0.0001151734115191,4.79722681764334,0.002814095120808,9.49683443844e-05,106.87982274408255,5752.2564493178625,5645.3766265737795,0.010151163853328383,207.46376632832224
1152,46.08,211.385018378583,10.2566386007664,-219.129980531933,-13.6789076121727,433.937267921922,0,0,0,0,-17.775636462173,-11.830290056176,-4.55520338570361e-05,0.0001151732383393,4.81244814789465,0.0028131632218969,9.41829592308e-05,106.70281237468357,5752.0793297167165,5645.376517342033,0.010050533216656717,207.46376231412958
1153,46.12,211.378518720359,10.2503841209313,-219.140925088329,-13.6785452395018,433.947604927259,0,0,0,0,-17.7751650282462,-11.8483953832991,-4.55522405188949e-05,0.0001151730650928,4.82734297176469,0.0028122524003527,9.34012856955e-05,106.52605610929709,5751.902465007915,5645.376408898618,0.009950599999512717,207.46375832890755
1154,46.16,211.372028388625,10.2441254312649,-219.15176669303,-13.6781835337255,433.957853184116,0,0,0,0,-17.7746944660044,-11.8663930640316,-4.55524477828219e-05,0.0001151728917798,4.84191046034915,0.0028113628865595,9.26233580878e-05,106.34955283943991,5751.725854085834,5645.376301246394,0.009851365181649722,207.46375437276123
1155,46.2,211.365547343385,10.2378623416726,-219.162504942269,-13.6778225087288,433.968012452711,0,0,0,0,-17.7742247935151,-11.8842826503229,-4.55526556521843e-05,0.0001151727184002,4.8561498067949,0.0028104949054039,9.18492100142e-05,106.17330147467646,5751.549495862124,5645.376194387447,0.00975282965474772,207.46375044576732
1156,46.24,211.359075549307,10.2315946704831,-219.173139439199,-13.6774621783573,433.97808249638,0,0,0,0,-17.7737560287937,-11.9020636975811,-4.55528641299703e-05,0.0001151725449536,4.87006022634245,0.0028096486762341,9.1078874164e-05,105.99730105147651,5751.373389375355,5645.376088323878,0.009654994210193779,207.46374654800303
1157,46.28,211.352612979701,10.2253222484631,-219.183669793894,-13.677102556417,433.988063081549,0,0,0,0,-17.7732881898045,-11.9197357606994,-4.55530732196313e-05,0.0001151723714393,4.88364095636692,0.0028088244128205,9.03123821145e-05,105.82155084152699,5751.197533899254,5645.375983057727,0.009557859528610919,207.46374267954332
1158,46.32,211.346159620352,10.2190449226962,-219.194095623374,-13.6767436566748,433.997953977704,0,0,0,0,-17.7728212944598,-11.9372983902512,-4.55532829238782e-05,0.0001151721978554,4.89689125641739,0.0028080223233181,8.95497641604e-05,105.64605045596011,5751.021929047012,5645.375878591052,0.009461426171291207,207.46373884046378
1159,46.36,211.339715472963,10.2127625600645,-219.204416551609,-13.6763854928579,434.007754957365,0,0,0,0,-17.7723553606207,-11.9547511290116,-4.5553493245363e-05,0.0001151720242005,4.90981040825482,0.0028072426102304,8.87910491686e-05,105.47079993951192,5750.846574864969,5645.375774925456,0.009365694573128119,207.46373503082336
1160,46.4,211.333280557877,10.2064750500088,-219.21463220954,-13.6760280786544,434.017465796063,0,0,0,0,-17.771890406097,-11.9720935090775,-4.55537041869611e-05,0.0001151718504723,4.92239771588825,0.002806485470375,8.8036264458e-05,105.29579984427151,5750.671471906687,5645.375672062415,0.009270665036125744,207.4637312506763
1161,46.44,211.326854915893,10.2001823063836,-219.224742235089,-13.675671427713,434.027086272311,0,0,0,0,-17.7714264486466,-11.9893250497588,-4.5553915750884e-05,0.0001151716766683,4.93465250560962,0.0028057510948496,8.7285435705e-05,105.12105127866779,5750.496621282362,5645.3755700036945,0.009176337723262516,207.46372750008743
1162,46.48,211.320438609219,10.1938842684472,-219.234746273171,-13.6753155536433,434.036616167586,0,0,0,0,-17.7709635059765,-12.0064452563279,-4.5554127939617e-05,0.0001151715027854,4.94657412602695,0.0028050396690012,8.65385868745e-05,104.9465559344141,5750.322024684761,5645.375468750347,0.009082712653027849,207.46372377909552
1163,46.52,211.314031721714,10.1875809011393,-219.244643975714,-13.6749604700155,434.046055266304,0,0,0,0,-17.7705015957422,-12.023453619555,-4.55543407551925e-05,0.00011517132882,4.95816194809606,0.0028043513723954,8.57957401757e-05,104.77231609195536,5750.147684395804,5645.375368303849,0.008989789694692595,207.46372008775478
1164,46.56,211.307634358509,10.1812721947363,-219.254435001665,-13.6746061903606,434.055403355798,0,0,0,0,-17.7700407355478,-12.0403496159711,-4.55545541993527e-05,0.0001151711547684,4.96941536515064,0.0028036863787885,8.50569160433e-05,104.59833461149144,5749.973603276251,5645.3752686647595,0.008897568565061057,207.46371642608574
1165,46.6,211.30124664494,10.1749581638189,-219.264119017011,-13.6742527281704,434.064660226302,0,0,0,0,-17.7695809429463,-12.0571327088672,-4.55547682741108e-05,0.0001151709806257,4.98033379293086,0.0028030448561003,8.4322133142e-05,104.42461490277502,5749.799784736667,5645.375169833892,0.00880604882595543,207.4637127941183
1166,46.64,211.294868724679,10.1686388454348,-219.273695694786,-13.6739000968975,434.073825670928,0,0,0,0,-17.7691222354391,-12.0738023500773,-4.55549829810549e-05,0.0001151708063872,4.9909166696104,0.002802426966389,8.35914083927e-05,104.25116087450036,5749.626232686568,5645.375071812067,0.008715229882413763,207.46370919188266
1167,46.68,211.288500757065,10.1623142964612,-219.283164715094,-13.6735483099553,434.082899485653,0,0,0,0,-17.7686646304765,-12.0903579825558,-4.5555198321355e-05,0.0001151706320473,5.00116345582194,0.0028018328658276,8.28647570167e-05,104.07797686219446,5749.452951461788,5645.374974599594,0.008625110981201169,207.4637056193901
1168,46.72,211.282142913849,10.1559845903805,-219.292525765114,-13.6731973807177,434.0918814693,0,0,0,0,-17.7682081454573,-12.1067990435927,-4.55554142963467e-05,0.0001151704576001,5.01107363468109,0.0028012627046807,8.21421925992e-05,103.90506753896442,5749.27994573591,5645.374878196945,0.008535691210209856,207.4637020766581
1169,46.76,211.275795375677,10.1496498137934,-219.301778539118,-13.6728473225196,434.100771423521,0,0,0,0,-17.7677527977291,-12.123124968424,-4.55556309067913e-05,0.0001151702830389,5.02064671180879,0.0028007166272842,8.14237271679e-05,103.7324378205288,5749.107220424562,5645.3747826040335,0.008446969499299795,207.46369856368335
1170,46.8,211.269458328558,10.143310062913,-219.310922738487,-13.6724981486566,434.109569152788,0,0,0,0,-17.767298604588,-12.139335193996,-4.55558481535697e-05,0.0001151701083565,5.02988221535218,0.0028001947720253,8.07093712872e-05,103.56009276861457,5748.934780589307,5645.374687820692,0.008358944622964134,207.46369508045976
1171,46.84,211.263131960386,10.1369654401134,-219.31995807172,-13.6721498723848,434.118274464378,0,0,0,0,-17.7668455832784,-12.155429162717,-4.55560660370599e-05,0.0001151699335456,5.03877969600388,0.0027996972713246,7.99991341645e-05,103.38803749625707,5748.762631343,5645.374593846743,0.008271615204721946,207.4636916269808
1172,46.88,211.256816457501,10.1306160505193,-219.328884254454,-13.6718025069209,434.126887168357,0,0,0,0,-17.7663937509936,-12.1714063261041,-4.55562845579688e-05,0.0001151697585979,5.04733872701973,0.00279922425162,7.92930237662e-05,103.21627707445916,5748.590777756212,5645.3745006817535,0.008184979722915469,207.46368820323056
1173,46.92,211.250512001369,10.1242619987058,-219.337701009469,-13.6714560654424,434.135407077574,0,0,0,0,-17.7659431248749,-12.1872661482146,-4.55565037161482e-05,0.0001151695835052,5.055558904235,0.002798775833351,7.85910469409e-05,103.04481644157029,5748.419224766884,5645.374408325314,0.008099036517735017,207.46368480919398
1174,46.96,211.244218765598,10.1179033857443,-219.346408066709,-13.6711105610868,434.14383400765,0,0,0,0,-17.7654937220121,-12.2030081086648,-4.55567235115639e-05,0.0001151694082588,5.06343984607903,0.0027983521309456,7.78932095457e-05,102.87366032300454,5748.24797709913,5645.374316776126,0.008013783799613714,207.46368144482335
1175,47.0,211.237936913609,10.1115403068881,-219.355005163293,-13.6707660069525,434.152167776966,0,0,0,0,-17.7650455594431,-12.2186317050292,-4.55569439440138e-05,0.0001151692328496,5.07098119358838,0.0027979532528077,7.71995165742e-05,102.70281316565124,5748.077039199863,5645.3742260342115,0.007929219659123153,207.46367811011947
1176,47.04,211.231666597089,10.1051728500525,-219.363492043525,-13.6704224160979,434.160408206659,0,0,0,0,-17.764598654154,-12.2341364544974,-4.55571650131397e-05,0.0001151690572685,5.07818261041846,0.0027975793013062,7.65099722816e-05,102.53227909895094,5747.906415196696,5645.374136097745,0.007845342078734994,207.46367480501524
1177,47.08,211.225407955166,10.0988010950073,-219.371868458909,-13.6700798015417,434.168555120609,0,0,0,0,-17.7641530230786,-12.2495218948223,-4.55573867179381e-05,0.0001151688815062,5.08504378285358,0.0027972303727652,7.58245803037e-05,102.36206190957665,5747.736108875492,5645.374046965916,0.007762148945001016,207.46367152948093
1178,47.12,211.219161114075,10.0924251130596,-219.38013416816,-13.6697381762626,434.176608345438,0,0,0,0,-17.7637086830986,-12.2647875846859,-4.55576090577848e-05,0.0001151687055531,5.09156441981553,0.0027969065574563,7.51433437649e-05,102.1921650340744,5747.566123671285,5645.37395863721,0.007679638060917649,207.46366828346083
1179,47.16,211.212926187147,10.0860449670614,-219.388288937214,-13.6693975531994,434.184567710499,0,0,0,0,-17.7632656510435,-12.2799331035874,-4.55578320310408e-05,0.0001151685293998,5.09774425287071,0.0027966079395916,7.44662653708e-05,102.02259155721946,5747.396462667965,5645.373871110746,0.007597807157040636,207.46366506692257
1180,47.2,211.206703275138,10.0796607117574,-219.396332539243,-13.6690579452506,434.192433047874,0,0,0,0,-17.7628239436901,-12.2949580512547,-4.55580556362562e-05,0.0001151683530363,5.10358303623572,0.0027963345973179,7.37933474842e-05,101.85334422234642,5747.227128607245,5645.3737843848985,0.00751665390168073,207.46366187980644
1181,47.24,211.200492467019,10.0732723945857,-219.404264754658,-13.6687193652744,434.200204192366,0,0,0,0,-17.7623835777624,-12.3098620465685,-4.5558279871996e-05,0.0001151681764525,5.1090805467815,0.002796086602713,7.3124592181e-05,101.6844254520211,5747.058123910147,5645.373698458126,0.00743617590966912,207.46365872205573
1182,47.28,211.194293841243,10.0668800569597,-219.412085371124,-13.6683818260886,434.207880981497,0,0,0,0,-17.7619445699315,-12.3246447260462,-4.55585047357754e-05,0.0001151679996388,5.11423658403603,0.0027958640217826,7.24600012851e-05,101.51583738286368,5746.8894507114865,5645.373613328623,0.007356370749854294,207.4636555936042
1183,47.32,211.188107467326,10.0604837358632,-219.419794183569,-13.6680453404703,434.215463255502,0,0,0,0,-17.7615069368155,-12.3393057420862,-4.55587302256946e-05,0.0001151678225847,5.11905097018555,0.0027956669144588,7.17995763808e-05,101.34758190799283,5746.72111090289,5645.373528994897,0.007277235950670797,207.4636524943969
1184,47.36,211.18193340746,10.0540834654743,-219.427390994186,-13.6677099211557,434.222950857327,0,0,0,0,-17.7610706949788,-12.3538447612171,-4.55589563388682e-05,0.0001151676452798,5.12352355007437,0.0027954953346002,7.11433188024e-05,101.17966072110495,5746.55310617669,5645.373445455584,0.007198769003318427,207.46364942438376
1185,47.4,211.17577171794,10.0476792785997,-219.434875612446,-13.66737558084,434.230343632626,0,0,0,0,-17.7606358609323,-12.3682614625308,-4.55591830723957e-05,0.000115167467714,5.12765419120314,0.0027953493299927,7.04912296002e-05,101.01207535647472,5746.385438064748,5645.373362708273,0.007120967362091262,207.46364638347612
1186,47.44,211.169622450368,10.0412712078926,-219.442247855102,-13.6670423321772,434.237641429755,0,0,0,0,-17.7602024511329,-12.3825555363296,-4.55594104237126e-05,0.0001151672898768,5.13144278372579,0.0027952289423519,6.98433094867e-05,100.84482721970623,5746.21810797123,5645.373280751523,0.00704382844192857,207.4636433716211
1187,47.48,211.16348565277,10.0348592869693,-219.449507546197,-13.6667101877797,434.244844099777,0,0,0,0,-17.7597704819835,-12.3967266829198,-4.55596383894216e-05,0.0001151671117577,5.13488924044491,0.0027951342073268,6.91995587667e-05,100.67791761957449,5746.0511172029865,5645.373199583412,0.006967349614343811,207.46364038874802
1188,47.52,211.157361370688,10.0284435515177,-219.456654517064,-13.6663791602185,434.251951496453,0,0,0,0,-17.7593399698321,-12.4107746115184,-4.55598669660964e-05,0.0001151669333463,5.13799349680571,0.0027950651545045,6.85599772549e-05,100.51134779741928,5745.88446699928,5645.373119201861,0.00689152820186718,207.46363743478048
1189,47.56,211.151249648265,10.0220240403781,-219.463688606337,-13.6660492620223,434.258963476246,0,0,0,0,-17.758910930972,-12.4246990392922,-4.55600961503661e-05,0.0001151667546325,5.1407555108885,0.0027950218074158,6.79245641865e-05,100.34511895653966,5745.718158561303,5645.373039604764,0.006816361471747763,207.46363450964105
1190,47.6,211.145150529206,10.0156007965152,-219.47060965995,-13.6657205056777,434.265879898319,0,0,0,0,-17.7584833816414,-12.4384996906008,-4.55603259385316e-05,0.0001151665756057,5.14317526339968,0.0027950041835432,6.7293318125e-05,100.17923228832389,5745.552193078329,5645.372960790005,0.006741846629126414,207.46363161325206
1191,47.64,211.139064057635,10.0091738678728,-219.477417531146,-13.6653929036288,434.272700624536,0,0,0,0,-17.7580573380229,-12.4521762963757,-4.55605563264882e-05,0.0001151663962557,5.14525275766118,0.0027950122943289,6.66662368734e-05,100.0136889956577,5745.3865717510325,5645.372882755375,0.006667980810355246,207.46362874553228
1192,47.68,211.13299027896,10.0027433082427,-219.484112080474,-13.665066468277,434.279425519467,0,0,0,0,-17.757632816243,-12.4657285935179,-4.55607873105365e-05,0.0001151662165723,5.14698801959847,0.0027950461451852,6.60433173936e-05,99.8484903168763,5745.2212958150285,5645.372805498152,0.006594761077168211,207.46362590638168
1193,47.72,211.126929240947,9.99630917833896,-219.490693175798,-13.6647412119807,434.286054450386,0,0,0,0,-17.7572098323722,-12.4791563241148,-4.55610188864172e-05,0.0001151660365456,5.14838109772699,0.0027951057355054,6.54245557399e-05,99.68363755352408,5745.056366570096,5645.372729016572,0.006522184412494166,207.46362309573541
1194,47.76,211.1208809951,9.98987154717471,-219.497160692297,-13.6644171470545,434.292587287277,0,0,0,0,-17.756788402424,-12.4924592344007,-4.55612510498846e-05,0.0001151658561648,5.14943206313702,0.0027951910586757,6.4809947011e-05,99.51913211035702,5744.891785417731,5645.372653307374,0.006450247718865814,207.4636203134737
1195,47.8,211.114845598285,9.98343049368701,-219.50351451247,-13.6640942857698,434.299023902838,0,0,0,0,-17.7563685423548,-12.5056370734932,-4.55614837965282e-05,0.00011516567542,5.15014100947711,0.0027953021020884,6.4199485323e-05,99.35497553724763,5744.727553905334,5645.372578368087,0.00637894781893743,207.46361755950565
1196,47.84,211.108823114472,9.97698610847286,-219.509754526139,-13.6637726403537,434.305364172492,0,0,0,0,-17.7559502680636,-12.5186895919779,-4.55617171214512e-05,0.0001151654943005,5.15050805293587,0.0027954388471564,6.35931638052e-05,99.1911695776182,5744.5636737736195,5645.3725041960015,0.006308281458554968,207.46361483373178
1197,47.88,211.102813616509,9.97053849556074,-219.515880630448,-13.6634522229886,434.311607974386,0,0,0,0,-17.7555335953911,-12.5316165403597,-4.55619510198858e-05,0.0001151653127957,5.15053333222226,0.0027956012693282,6.29909746199e-05,99.02771621659969,5744.4001470048825,5645.372430788283,0.006238245312018612,207.46361213604786
1198,47.92,211.096817187971,9.96408777424945,-219.521892729873,-13.6631330458126,434.317755189407,0,0,0,0,-17.7551185401195,-12.544417667337,-4.55621854868733e-05,0.000115165130895,5.15021700854438,0.0027957893381055,6.23929090064e-05,98.86461773163724,5744.236975873314,5645.372358141677,0.0061688359897051435,207.4636094663343
1199,47.96,211.090833925116,9.95763408106255,-219.527790736218,-13.6628151209182,434.32380570119,0,0,0,0,-17.754705117972,-12.557092717857,-4.55624205172829e-05,0.0001151649485873,5.14955926558669,0.002796003017061,6.17989573481e-05,98.70187674499839,5744.074162998227,5645.372286253229,0.006100050047874309,207.46360682448253
1200,48.0,211.084863938893,9.95117757174434,-219.533574568624,-13.6624984603524,434.329759396125,0,0,0,0,-17.7542933446119,-12.5696414310625,-4.55626561058713e-05,0.0001151647658614,5.14856030948575,0.0027962422638573,6.1209109261e-05,98.53949627900029,5743.911711398698,5645.372215119697,0.006031884000512069,207.46360421037343
1201,48.04,211.078907356747,9.94471842305624,-219.539244153567,-13.6621830761163,434.335616163375,0,0,0,0,-17.7538832356429,-12.5820635383804,-4.55628922474427e-05,0.0001151645827059,5.14722036880443,0.002796507030267,6.06233536989e-05,98.37747980470533,5743.749624542683,5645.372144737978,0.00596433433215684,207.46360162389294
1202,48.08,211.072964323919,9.93825683406439,-219.544799424866,-13.6618689801644,434.341375894885,0,0,0,0,-17.7534748066074,-12.5943587620321,-4.55631289366426e-05,0.0001151643991092,5.14553969450475,0.0027967972621936,6.00416790708e-05,98.21583127782714,5743.587906382389,5645.372075104561,0.0058973975109038405,207.46359906491205
1203,48.12,211.067035004005,9.93179302668917,-219.55024032368,-13.6615561844043,434.3470384854,0,0,0,0,-17.7530680729869,-12.6065268141638,-4.55633661677551e-05,0.00011516421506,5.14351855991909,0.0027971128996928,5.94640733671e-05,98.05455515286809,5743.4265613694915,5645.372006216623,0.005831070000762836,207.463596533327
1204,48.16,211.061119578697,9.92532724543016,-219.555566798513,-13.661244700696,434.352603832476,0,0,0,0,-17.7526630502006,-12.6185673967145,-4.55636039354272e-05,0.000115164030546,5.14115726072006,0.0027974538769956,5.88905242891e-05,97.89365637793782,5743.265594448082,5645.371938070144,0.005765348273056266,207.46359402899006
1205,48.2,211.055218246686,9.91885975625886,-219.56077880522,-13.6609345408519,434.358071836499,0,0,0,0,-17.7522597536055,-12.6304802020441,-4.55638422338991e-05,0.0001151638455555,5.13845611488895,0.0027978201225322,5.83210193782e-05,97.73314036263405,5743.105011024816,5645.371870662182,0.005700228816136767,207.46359155179314
1206,48.24,211.049331221711,9.91239084464652,-219.565876307001,-13.6606257166358,434.363442400701,0,0,0,0,-17.7518581984949,-12.6422649144277,-4.55640810572995e-05,0.0001151636600763,5.13541546268265,0.0027982115589578,5.77555461424e-05,97.57301292633255,5742.9448169158295,5645.371803989497,0.005635708143721532,207.46358910161712
1207,48.28,211.043458729654,9.90592081264499,-219.570859274407,-13.6603182397625,434.368715431178,0,0,0,0,-17.7514584000985,-12.6539212125312,-4.5564320399894e-05,0.0001151634740958,5.13203566659933,0.0027986281031783,5.7194092175e-05,97.41328021926817,5742.785018267685,5645.371738048417,0.005571782800989027,207.4635866783271
1208,48.32,211.037601004639,9.89944997496994,-219.57572768534,-13.6600121218974,434.373890836907,0,0,0,0,-17.7510603735812,-12.6654487729257,-4.55645602554035e-05,0.0001151632876025,5.12831711134252,0.0027990696663779,5.66366452631e-05,97.25394861559023,5742.62562145122,5645.371672835629,0.0055084493682697605,207.46358428180136
1209,48.36,211.031758284222,9.89297865416561,-219.580481525054,-13.659707374656,434.378968529766,0,0,0,0,-17.7506641340428,-12.6768472745703,-4.5564800617785e-05,0.000115163100583,5.12426020378397,0.0027995361540463,5.6083193485e-05,97.09502458247438,5742.466632930663,5645.371608348189,0.00544570446258678,207.46358191193158
1210,48.4,211.02593080387,9.88650717507028,-219.585120786151,-13.6594040096029,434.383948424554,0,0,0,0,-17.7502696965167,-12.6881164040779,-4.5565041480535e-05,0.0001151629130249,5.11986537292497,0.0028000274660076,5.55337252947e-05,96.93651453127652,5742.308059113398,5645.371544582121,0.005383544737300158,207.4635795685718
1211,48.44,211.020118791026,9.88003585885398,-219.589645468584,-13.6591020382518,434.388830439008,0,0,0,0,-17.7498770759697,-12.6992558615158,-4.55652828372949e-05,0.0001151627249154,5.11513306985632,0.0028005434964502,5.49882295933e-05,96.77842465372238,5742.1499061884615,5645.371481534739,0.005321966880073461,207.46357725162324
1212,48.48,211.014322458969,9.87356501685785,-219.594055579653,-13.6588014720642,434.393614493828,0,0,0,0,-17.7494862873006,-12.710265366551,-4.55655246813551e-05,0.0001151625362414,5.11006376771695,0.0028010841339576,5.44466957887e-05,96.62076075728142,5741.992179959475,5645.3714192021935,0.005260967610127487,207.4635749609444
1213,48.52,211.00854200066,9.86709494441869,-219.598351134004,-13.6585023224496,434.398300512695,0,0,0,0,-17.74909734534,-12.7211446647339,-4.55657670058335e-05,0.0001151623469897,5.10465796165104,0.0028016492615409,5.39091138425e-05,96.46352809564351,5741.834885677172,5645.371357581528,0.0052005436744582325,207.4635726964267
1214,48.56,211.002777582801,9.86062591489739,-219.602532153626,-13.6582046007643,434.402888422294,0,0,0,0,-17.7487102648494,-12.7318935336845,-4.55660098040099e-05,0.0001151621571474,5.09891616876376,0.0028022387566722,5.3375474305e-05,96.30673120844806,5741.678027877745,5645.371296669297,0.005140691843880484,207.4635704579435
1215,48.6,210.99702934041,9.85415817423306,-219.606598667847,-13.6579083183107,434.407378152334,0,0,0,0,-17.7483250605199,-12.7425117888553,-4.55662530690619e-05,0.0001151619667008,5.09283892807568,0.0028028524913182,5.28457683406e-05,96.15037377298552,5741.521610235222,5645.371236462237,0.005081408909227356,207.4635682453748
1216,48.64,210.991297372318,9.84769193640988,-219.610550713332,-13.6576134863371,434.411769635576,0,0,0,0,-17.7479417469717,-12.7529992884764,-4.55664967935569e-05,0.0001151617756368,5.08642680047561,0.0028034903319749,5.23199877435e-05,95.99445848202143,5741.365635438931,5645.37117695691,0.005022691678390334,207.46356605859435
1217,48.68,210.985581737901,9.84122738016105,-219.614388334074,-13.6573201160367,434.416062807851,0,0,0,0,-17.7475603387533,-12.7633559373695,-4.55667409706721e-05,0.0001151615839421,5.07968036867217,0.0028041521397029,5.17981249454e-05,95.83898695454462,5741.210105104575,5645.37111815003,0.00496453697461857,207.46356389748138
1218,48.72,210.979882455206,9.83476464706399,-219.618111581398,-13.657028218547,434.420257608087,0,0,0,0,-17.7471808503403,-12.7735816894387,-4.55669855930666e-05,0.0001151613916031,5.07260023714383,0.0028048377701633,5.12801730154e-05,95.68395968515438,5741.055019723238,5645.371060038084,0.004906941636269359,207.4635617619067
1219,48.76,210.974199500456,9.82830384101737,-219.621720513943,-13.6567378049488,434.424353978331,0,0,0,0,-17.7468032961347,-12.7836765487523,-4.55672306534304e-05,0.0001151611986071,5.06518703208764,0.002805547073655,5.07661256502e-05,95.52937602990966,5740.900378647915,5645.371002618005,0.004849902517580196,207.46355965175772
1220,48.8,210.968532808877,9.82184502903273,-219.625215197668,-13.6564488862661,434.428351863778,0,0,0,0,-17.7464276904639,-12.7936405692206,-4.55674761443643e-05,0.0001151610049405,5.05744140136651,0.0028062798951538,5.02559771558e-05,95.37523423000133,5740.746180116016,5645.370945886015,0.004793416490521667,207.4635575668955
1221,48.84,210.962882276799,9.8153882433072,-219.628595705838,-13.6561614734647,434.432251212795,0,0,0,0,-17.7460540475797,-12.8034738528672,-4.55677220581002e-05,0.0001151608105906,5.04936401445509,0.0028070360743508,4.97497224167e-05,95.22153146780522,5740.592421306536,5645.370889838731,0.004737480446953564,207.46355550719582
1222,48.88,210.957247765034,9.80893348456308,-219.63186211902,-13.655875577452,434.436051976944,0,0,0,0,-17.7456823816575,-12.8131765467385,-4.5567968387056e-05,0.0001151606155447,5.04095556238431,0.0028078154456935,4.9247356854e-05,95.06826395885406,5740.439098431978,5645.370834473124,0.0046820913012930905,207.46355347254726
1223,48.92,210.951629103418,9.80248072655507,-219.635014525074,-13.6555912090759,434.439754111013,0,0,0,0,-17.745312706795,-12.8227488385813,-4.55682151236185e-05,0.0001151604197902,5.0322167576845,0.0028086178384255,4.87488763672e-05,94.91542707646329,5740.2862068619415,5645.370779785479,0.004627245992933327,207.46355146281334
1224,48.96,210.946026096258,9.79602992148253,-219.638053019143,-13.6553083791241,434.443357573042,0,0,0,0,-17.7449450370115,-12.8321909515171,-4.55684622596959e-05,0.0001151602233146,5.02314833432721,0.0028094430766281,4.8254277262e-05,94.7630154992148,5740.13374127135,5645.370725772135,0.004572941488068783,207.46354947785957
1225,49.0,210.940438528295,9.78958100591813,-219.640977703649,-13.6550270983233,434.446862324349,0,0,0,0,-17.7445793862468,-12.841503138016,-4.55687097872791e-05,0.000115160026106,5.01375104766569,0.0028102909792619,4.77635561588e-05,94.61102337232029,5739.981695802708,5645.3706724303875,0.004519174779943753,207.46354751758648
1226,49.04,210.934866170812,9.78313390687044,-219.643788688277,-13.6547473773386,434.450268329557,0,0,0,0,-17.7442157683601,-12.8506856734754,-4.55689576983464e-05,0.0001151598281523,5.00402567437401,0.0028111613602102,4.72767098828e-05,94.45944447633337,5739.830064232307,5645.370619755974,0.004465942887284303,207.46354558183748
1227,49.08,210.929308787598,9.77668854771194,-219.646486089967,-13.6544692267723,434.453575556625,0,0,0,0,-17.7438541971289,-12.8597388497087,-4.55692059844855e-05,0.0001151596294421,4.99397301238493,0.0028120540283229,4.67937353341e-05,94.3082723863406,5739.678840132521,5645.37056774618,0.00441324284998052,207.4635436705128
1228,49.12,210.923766140614,9.77024485380794,-219.649070032904,-13.6541926571635,434.456783976873,0,0,0,0,-17.743494686248,-12.8686629686042,-4.5569454637698e-05,0.0001151594299642,4.98359388082637,0.0028129687874621,4.6314629339e-05,94.15750062897754,5739.5280170259775,5645.370516397,0.004361071722538104,207.4635417834652
1229,49.16,210.918237995208,9.76380275768539,-219.651540648504,-13.653917678987,434.459893565014,0,0,0,0,-17.7431372493286,-12.8774583362361,-4.55697036496828e-05,0.0001151592297073,4.97288911995667,0.0028139054365478,4.58393884835e-05,94.00712282203276,5739.377588527471,5645.370465705438,0.0043094265647337,207.46353992058462
1230,49.2,210.912724124637,9.75736220351253,-219.653898075403,-13.6536443026527,434.46290429918,0,0,0,0,-17.7427818998969,-12.8861252576899,-4.55699530118368e-05,0.0001151590286609,4.96185959109848,0.0028148637696039,4.53680089306e-05,93.8571327990875,5739.22754846701,5645.370415667922,0.004258304429822913,207.46353808173984
1231,49.24,210.907224313653,9.75092315064559,-219.656142459439,-13.6533725385044,434.465816160951,0,0,0,0,-17.7424286513934,-12.8946640327859,-4.55702027160745e-05,0.0001151588268141,4.95050617657138,0.0028158435758058,4.49004862258e-05,93.707524706947,5739.077890987397,5645.37036628045,0.0042077023502395065,207.46353626678368
1232,49.28,210.901738361049,9.74448557612648,-219.658273953645,-13.6531023968194,434.468629135387,0,0,0,0,-17.7420775171715,-12.9030749527913,-4.5570452753653e-05,0.0001151586241568,4.93882977962322,0.0028168446395267,4.44368150949e-05,93.55829307341307,5738.928610613512,5645.3703175401,0.004157617321169856,207.46353447560884
1233,49.32,210.896266081267,9.73804947624469,-219.660292718228,-13.6528338878073,434.471343211057,0,0,0,0,-17.7417285104961,-12.9113582980799,-4.55707031164009e-05,0.0001151584206793,4.9268313243601,0.002817866740387,4.39769892396e-05,93.40943285301691,5738.779702296064,5645.370269443047,0.004108046282961445,207.46353270807472
1234,49.36,210.890807305359,9.73161486745785,-219.662198920558,-13.6525670216092,434.473958380068,0,0,0,0,-17.7413816445434,-12.9195143366092,-4.55709537957551e-05,0.0001151582163715,4.91451175567501,0.0028189096533031,4.35210011377e-05,93.2609394526158,5738.631161437744,5645.3702219851275,0.0040589861031590764,207.46353096402834
1235,49.4,210.885361881638,9.72518178698764,-219.66399273515,-13.6523018082969,434.476474638097,0,0,0,0,-17.7410369323989,-12.9275433230293,-4.557120478293e-05,0.000115158011224,4.90187203917518,0.0028199731485382,4.30688418544e-05,93.11280874773702,5738.482983910938,5645.370175163201,0.004010433559304013,207.46352924335426
1236,49.44,210.879929676197,9.71875029329546,-219.665674343649,-13.6520382578722,434.478891984423,0,0,0,0,-17.7406943870567,-12.9354454982172,-4.5571456069144e-05,0.0001151578052276,4.88891316110805,0.002821056991753,4.26205008711e-05,92.96503709892025,5738.335166071852,5645.3701289729315,0.003962385323503507,207.46352754589316
1237,49.48,210.87451057342,9.71232046654326,-219.667243934819,-13.6517763802657,434.481210421961,0,0,0,0,-17.7403540214181,-12.9432210889991,-4.5571707645891e-05,0.000115157598373,4.87563612828584,0.0028221609440575,4.21759659391e-05,92.81762136424786,5738.187704774413,5645.370083410165,0.003914837949278804,207.46352587149235
1238,49.52,210.869104476615,9.70589240917659,-219.668701704518,-13.6515161853362,434.483429957293,0,0,0,0,-17.740015848291,-12.9508703078085,-4.55719595042619e-05,0.0001151573906517,4.86204196800883,0.0028232847620626,4.1735222962e-05,92.67055891649827,5738.0405973874995,5645.370038471001,0.0038677878613819763,207.4635242200085
1239,49.56,210.863711309042,9.69946624690148,-219.670047855693,-13.6512576828696,434.485550600703,0,0,0,0,-17.7396798803881,-12.9583933520639,-4.55722116352772e-05,0.0001151571820548,4.8481317279872,0.0028244281979331,4.12982559143e-05,92.52384767199635,5737.893841822907,5645.369994150911,0.003821231349523996,207.46352259127525
1240,49.6,210.858331015692,9.69304213040991,-219.671282598355,-13.6510008825781,434.487572366214,0,0,0,0,-17.7393461303261,-12.9657904030304,-4.55724640300134e-05,0.0001151569725741,4.83390647626144,0.0028255909994407,4.08650467959e-05,92.3774861385076,5737.747436583767,5645.36995044526,0.003775164566214378,207.46352098512216
1241,49.64,210.852963566062,9.68662023810762,-219.67240614957,-13.6507457940995,434.489495271623,0,0,0,0,-17.7390146106245,-12.9730616240389,-4.55727166792911e-05,0.0001151567622008,4.81936730112151,0.002826772910019,4.04355756285e-05,92.23147349033883,5737.601380840049,5645.369907349711,0.0037295835295034587,207.46351940138996
1242,49.68,210.847608957941,9.68020077983912,-219.673418733442,-13.6504924269961,434.49131933854,0,0,0,0,-17.7386853337046,-12.9802071579488,-4.55729695738936e-05,0.0001151565509267,4.80451531102449,0.0028279736688188,4.00098204917e-05,92.08580967227822,5737.45567453159,5645.369864859312,0.003684484130369364,207.46351783989655
1243,49.72,210.842267221931,9.67378400136004,-219.674320581099,-13.6502407907539,434.493044592423,0,0,0,0,-17.7383583118882,-12.9872271238509,-4.55732227047884e-05,0.0001151563387437,4.78935163451097,0.0028291930107643,3.95877575983e-05,91.94049552176307,5737.310318491112,5645.369822969349,0.0036398621441633967,207.46351630046883
1244,49.76,210.836938426401,9.66737018923399,-219.675111930676,-13.6499908947817,434.494671062624,0,0,0,0,-17.7380335573965,-12.9941216130989,-4.55734760624389e-05,0.0001151561256437,4.77387742012004,0.0028304306666099,3.91693614076e-05,91.79553290437732,5737.165314579031,5645.3697816746535,0.003595713245726433,207.46351478291672
1245,49.8,210.831622682633,9.66095967592227,-219.675793027303,-13.6497427484102,434.496198782423,0,0,0,0,-17.7377110823487,-13.0008906848722,-4.55737296377737e-05,0.0001151559116186,4.75809383630298,0.0028316863629971,3.87546047704e-05,91.65092485342825,5737.020665823482,5645.3697409700535,0.003552033027172342,207.46351328705026
1246,49.84,210.826320150012,9.65455284491936,-219.67636412309,-13.6494963608913,434.497627789074,0,0,0,0,-17.7373908987616,-13.0075343615728,-4.55739834211412e-05,0.00011515569666,4.74200207133568,0.0028329598225126,3.83434591016e-05,91.50667571088147,5736.876376561555,5645.369700850673,0.0035088170178253753,207.46351181269023
1247,49.88,210.821031041036,9.64815013570066,-219.676825477112,-13.6492517413969,434.498958123844,0,0,0,0,-17.7370730185475,-13.0140526244157,-4.55742374030557e-05,0.0001151554807598,4.72560333322967,0.0028342507637463,3.79358945747e-05,91.36279126475704,5736.732452575613,5645.369661310856,0.003466060705583661,207.4635103596287
1248,49.92,210.815755625652,9.6417520480075,-219.677177355394,-13.6490088990184,434.500189832057,0,0,0,0,-17.7367574535137,-13.0204454096215,-4.55744915738861e-05,0.0001151552639102,4.70889884964205,0.0028355589013511,3.75318803305e-05,91.21927886557282,5736.588901211288,5645.3696223457155,0.003423759558351212,207.4635089276862
1249,49.96,210.810494234274,9.63535914479827,-219.677420030897,-13.6487678427654,434.501322963138,0,0,0,0,-17.7364442153614,-13.0267126056108,-4.557474592401e-05,0.0001151550461025,4.69188986778414,0.0028368839461026,3.71313846943e-05,91.07614750959074,5736.445731459604,5645.369583950013,0.0033819090446191636,207.46350751667015
1250,50.0,210.805247258833,9.62897205324376,-219.677553783503,-13.6485285815652,434.502357570657,0,0,0,0,-17.7361333156839,-13.0328540516443,-4.55750004436158e-05,0.0001151548273285,4.6745776543289,0.0028382256049603,3.67343753951e-05,90.93340786737022,5736.302953985547,5645.369546118177,0.0033405046519076093,207.4635061263758
1251,50.04,210.800015151548,9.62259146343808,-219.677578899998,-13.6482911242618,434.503293712369,0,0,0,0,-17.7358247659665,-13.0388695382631,-4.55752551223502e-05,0.0001151546075798,4.65696349531725,0.0028395835811282,3.63408197805e-05,90.79107224946632,5736.160581094621,5645.369508845155,0.0032995419023538427,207.4635047566175
1252,50.08,210.794798421408,9.61621812481482,-219.677495674055,-13.6480554796151,434.504131450263,0,0,0,0,-17.7355185775844,-13.0447588098211,-4.5575509950363e-05,0.0001151543868479,4.63904869606321,0.002840957574117,3.59506850233e-05,90.64915451117731,5736.018626637124,5645.369472125946,0.003259016365330626,207.46350340721145
1253,50.12,210.789597628452,9.60985284037006,-219.677304406221,-13.6478216562997,434.504870850603,0,0,0,0,-17.735214761802,-13.0505215692442,-4.55757649172564e-05,0.000115154165124,4.62083458105784,0.0028423472798059,3.55639383167e-05,90.50766989715792,5735.877105852492,5645.369435955334,0.00321892366701351,207.46350207796596
1254,50.16,210.784413375858,9.60349645868514,-219.677005403895,-13.6475896629045,434.505511983972,0,0,0,0,-17.7349133297722,-13.0561574850135,-4.55760200123421e-05,0.0001151539423998,4.60232249387216,0.0028437523905049,3.51805470536e-05,90.36663482589907,5735.736035154036,5645.369400328136,0.0031792594966563487,207.46350076869058
1255,50.2,210.779246299713,9.59714986363857,-219.676598981314,-13.6473595079318,434.50605492532,0,0,0,0,-17.7346142925344,-13.06166620029,-4.55762752250751e-05,0.0001151537186662,4.5835137970589,0.0028451725950194,3.48004789924e-05,90.22606661107989,5735.595431850563,5645.369365239483,0.0031400196098522377,207.46349947920635
1256,50.24,210.774097056521,9.59081396184376,-219.676085459528,-13.6471311997961,434.506499754001,0,0,0,0,-17.7343176610142,-13.0670473440025,-4.55765305448601e-05,0.0001151534939145,4.56440987205308,0.0028466075787135,3.44237024049e-05,90.08598312196963,5735.455313806457,5645.369330684487,0.003101199828623526,207.46349820933366
1257,50.28,210.76896630886,9.58448966824703,-219.675465166388,-13.6469047468235,434.506846553825,0,0,0,0,-17.7340234460219,-13.0723005436245,-4.55767859602535e-05,0.0001151532681355,4.54501211907158,0.002848057023576,3.40501862111e-05,89.94640239321846,5735.315699051385,5645.369296658167,0.0030627960392830833,207.46349695888944
1258,50.32,210.763854710022,9.57817789069883,-219.67473843652,-13.6466801572511,434.507095413094,0,0,0,0,-17.7337316582517,-13.077425439213,-4.55770414604205e-05,0.00011515304132,4.52532195701147,0.0028495206082853,3.36799000991e-05,89.80734220635,5735.176605362327,5645.369263155977,0.003024804188778452,207.46349572770666
1259,50.36,210.758762888505,9.57187951438386,-219.673905611306,-13.6464574392259,434.507246424653,0,0,0,0,-17.7334423082804,-13.082421698144,-4.55772970337798e-05,0.0001151528134594,4.50534082334726,0.0028509980082756,3.33128146343e-05,89.6688196688051,5735.038049841585,5645.369230172781,0.0029872202808188648,207.46349451559655
1260,50.4,210.753691433008,9.56559538674698,-219.672967038861,-13.6462366008039,434.507299685927,0,0,0,0,-17.7331554065664,-13.0872890298669,-4.55775526689031e-05,0.0001151525845442,4.48507017402705,0.0028524888958035,3.29489013601e-05,89.53085080386968,5734.900048508473,5645.369197704604,0.002950040372411771,207.46349332241303
1261,50.44,210.748640878276,9.55932630327173,-219.671923074015,-13.6460176499496,434.507255298969,0,0,0,0,-17.7328709634491,-13.0920272000332,-4.55778083545997e-05,0.0001151523545651,4.46451148336748,0.0028539929400148,3.25881328916e-05,89.39345016808512,5734.762615914147,5645.369165746062,0.0029132605714388307,207.46349214795828
1262,50.48,210.743611692145,9.55307299446154,-219.670774078284,-13.6458005945352,434.507113370503,0,0,0,0,-17.732588989147,-13.0966360434071,-4.55780640789053e-05,0.0001151521235123,4.44366624394759,0.0028555098070128,3.22304830059e-05,89.25663049586865,5734.625764789072,5645.369134293203,0.002876877035497393,207.46349099208703
1263,50.52,210.738604264419,9.54683611464478,-219.669520419851,-13.6455854423396,434.506874011964,0,0,0,0,-17.7323094937576,-13.1011154749983,-4.55783198299821e-05,0.0001151518913766,4.42253596650149,0.0028570391599264,3.1875926728e-05,89.12040239882673,5734.489505740352,5645.369103341525,0.002840885972707985,207.46348985463382
1264,50.56,210.733618898405,9.54061623344617,-219.668162473542,-13.6453722010477,434.506537339549,0,0,0,0,-17.732032487256,-13.1054654989084,-4.557857559582e-05,0.0001151516581484,4.40112217980993,0.0028585806589799,3.15244404145e-05,88.98477413527137,5734.353847021393,5645.369072886122,0.0028052836450222166,207.4634887354184
1265,50.6,210.728655805808,9.53441383060709,-219.666700620799,-13.6451608782499,434.50610347425,0,0,0,0,-17.7317579794938,-13.1096862144351,-4.55788313643832e-05,0.0001151514238182,4.37942643059071,0.0028601339615624,3.11760018344e-05,88.84975146980311,5734.218794392982,5645.369042923179,0.0027700663744029356,207.46348763430055
1266,50.64,210.723715105111,9.52822929430481,-219.665135249659,-13.6449514814412,434.505572541906,0,0,0,0,-17.7314859801986,-13.1137778191551,-4.55790871233821e-05,0.0001151511883759,4.35745028338799,0.0028616987222981,3.08305902449e-05,88.7153376311246,5734.0843510792065,5645.369013448082,0.0027352305517155256,207.4634865511107
1267,50.68,210.718796823088,9.5220629225878,-219.663466754724,-13.6447440180202,434.504944673245,0,0,0,0,-17.7312164989724,-13.1177406089383,-4.55793428603003e-05,0.0001151509518118,4.33519532046051,0.0028632745931167,3.04881864602e-05,88.58153335175837,5733.950517808622,5645.3689844568635,0.002700772647418895,207.46348548570305
1268,50.72,210.713900898878,9.51591492738558,-219.661695537139,-13.644538495289,434.50422000392,0,0,0,0,-17.7309495452913,-13.1215749750877,-4.55795985622307e-05,0.0001151507141158,4.3126631416687,0.0028648612233245,3.01487729099e-05,88.44833697987407,5733.817292925116,5645.368955945241,0.0026666892232723475,207.46348443792027
1269,50.76,210.709027190321,9.50978544077267,-219.659822004562,-13.6443349204517,434.503398674562,0,0,0,0,-17.7306851285043,-13.12528139892,-4.55798542166371e-05,0.0001151504752783,4.28985536436074,0.0028664582596765,2.98123336818e-05,88.31574465098046,5733.68467256032,5645.36892790934,0.0026329769440789066,207.46348340761986
1270,50.8,210.704175482449,9.50367452338777,-219.657846571139,-13.6441333006145,434.502480830815,0,0,0,0,-17.7304232578324,-13.1288604441633,-4.55801098103034e-05,0.0001151502352896,4.26677362325757,0.0028680653464487,2.94788545452e-05,88.18375051921103,5733.552650864656,5645.368900345446,0.002599632588996989,207.46348239466542
1271,50.84,210.699345497881,9.49758217476048,-219.655769657475,-13.6439336427846,434.50146662338,0,0,0,0,-17.7301639423676,-13.1323127475927,-4.55803653300339e-05,0.0001151499941394,4.24341957033693,0.0028696821255112,2.91483229517e-05,88.05234704058398,5733.421220290203,5645.368873249618,0.002566653061826459,207.46348139891214
1272,50.88,210.694536908397,9.49150834480978,-219.653591690601,-13.6437359538695,434.500356208057,0,0,0,0,-17.7299071910724,-13.135639008446,-4.55806207627271e-05,0.0001151497518182,4.21979487471637,0.0028713082364021,2.8820728007e-05,87.92152528728607,5733.290371905638,5645.368846618351,0.0025340353990104393,207.46348042023112
1273,50.92,210.689749346532,9.4854529453733,-219.651313103949,-13.6435402406764,434.499149745784,0,0,0,0,-17.7296530127786,-13.1388399773337,-4.5580876094756e-05,0.0001151495083159,4.19590122253535,0.0028729433164015,2.84960604122e-05,87.79127526359176,5733.160095711731,5645.368820448139,0.0025017767743574903,207.46347945849354
1274,50.96,210.684982416148,9.47941586069918,-219.648934337319,-13.6433465099118,434.497847402679,0,0,0,0,-17.7294014161866,-13.141916445403,-4.55811313124036e-05,0.0001151492636228,4.17174031683633,0.0028745870006055,2.81743123698e-05,87.66158619321547,5733.030380929015,5645.3687947358,0.002469874499255456,207.46347851358252
1275,51.0,210.680235701393,9.47339695633919,-219.646455836845,-13.6431547681805,434.496449350079,0,0,0,0,-17.7291524098646,-13.1448692344615,-4.55813864023825e-05,0.0001151490177292,4.14731387744498,0.0028762389220017,2.78554774545e-05,87.53244676367426,5732.901216241586,5645.368769477911,0.0024383260180981738,207.4634775853722
1276,51.04,210.675508773997,9.46739608636767,-219.643878054961,-13.6429650219852,434.494955764575,0,0,0,0,-17.7289060022478,-13.1476991885593,-4.55816413506228e-05,0.0001151487706255,4.12262364084944,0.0028778987115449,2.75395504476e-05,87.40384532385201,5732.7725899956195,5645.368744671768,0.0024071288988581937,207.46347667376324
1277,51.08,210.670801198869,9.46141309890937,-219.64120145037,-13.6427772777258,434.493366828056,0,0,0,0,-17.7286622016374,-13.1504071673922,-4.55818961435004e-05,0.0001151485223019,4.0976713600787,0.002879565998233,2.72265271372e-05,87.27577003748543,5732.644490351687,5645.368720314202,0.0023762808192198336,207.46347577863918
1278,51.12,210.666112537685,9.45544783965054,-219.638426488004,-13.642591541699,434.491682727737,0,0,0,0,-17.7284210162003,-13.1529940417656,-4.55821507670821e-05,0.0001151482727486,4.07245880458006,0.0028812404091837,2.69164040873e-05,87.14820897978278,5732.5169053823865,5645.368696402604,0.0023457795483345224,207.46347489990416
1279,51.16,210.661442349925,9.44950015280826,-219.63555363899,-13.6424078200974,434.489903656204,0,0,0,0,-17.7281824539679,-13.1554606913293,-4.5582405207014e-05,0.0001151480219558,4.04698776009568,0.0028829215697124,2.66091783808e-05,87.02115016629021,5732.389823100557,5645.368672934267,0.0023156229245006607,207.4634740374587
1280,51.2,210.656790191167,9.44356987934423,-219.632583380612,-13.6422261190093,434.488029811444,0,0,0,0,-17.7279465228356,-13.1578080045832,-4.55826594491949e-05,0.0001151477699138,4.02126002853821,0.0028846091034087,2.63048473422e-05,86.89458150638627,5732.26323141286,5645.368649906473,0.002285808829242153,207.46347319120287
1281,51.24,210.652155609118,9.43765685292744,-219.629516196271,-13.6420464444178,434.48606139688,0,0,0,0,-17.7277132305619,-13.1600368808744,-4.55829134796178e-05,0.0001151475166127,3.99527742786545,0.0028863026322148,2.60034082487e-05,86.7684906952809,5732.137118011776,5645.368627316495,0.002256335159077204,207.46347236103648
1282,51.28,210.647538138498,9.43176089474265,-219.62635257545,-13.6418688022006,434.483998621406,0,0,0,0,-17.7274825847683,-13.1621482338054,-4.55831672835569e-05,0.0001151472620423,3.9690417919541,0.0028880017765033,2.57048580365e-05,86.64286507445006,5732.011470236391,5645.368605161941,0.00222719979646895,207.4634715468716
1283,51.32,210.642937295896,9.42588180827117,-219.623093013669,-13.6416931981292,434.481841699423,0,0,0,0,-17.7272545929377,-13.1641429952868,-4.5583420846482e-05,0.0001151470061926,3.94255497047251,0.0028897061551566,2.54091930145e-05,86.51769149234141,5731.886274932423,5645.368583440081,0.002198400581882576,207.463470748608
1284,51.36,210.638352575285,9.42001937473397,-219.619738012449,-13.6415196378689,434.479590850868,0,0,0,0,-17.7270292624145,-13.1660221195175,-4.5583674153544e-05,0.000115146749053,3.91581882875248,0.0028914153856453,2.51164085923e-05,86.39295618194893,5731.761518330175,5645.368562148226,0.0021699352879438103,207.46346996614676
1285,51.4,210.633783444519,9.41417334951323,-219.616288079271,-13.6413481269774,434.477246301254,0,0,0,0,-17.7268066004037,-13.1677865862318,-4.55839271898653e-05,0.0001151464906131,3.88883524765998,0.0028931290841092,2.48264990316e-05,86.2686446655957,5731.6371859492165,5645.368541283621,0.0021418015966831222,207.46346919938665
1286,51.44,210.62922934323,9.40834345997482,-219.612743727536,-13.6411786709055,434.474808281696,0,0,0,0,-17.7265866139703,-13.1694374025825,-4.55841799403614e-05,0.0001151462308625,3.86160612346493,0.0028948468654364,2.4539457229e-05,86.14474169753686,5731.513262541159,5645.368520843622,0.002113997080730903,207.46346844823051
1287,51.48,210.624689682995,9.40252940556464,-219.609105476525,-13.6410112749955,434.47227702895,0,0,0,0,-17.726369310039,-13.170975602975,-4.55844323902022e-05,0.0001151459697902,3.8341333677099,0.0028965683433444,2.42552745358e-05,86.02123126887142,5731.389732094195,5645.368500825323,0.0020865191894297837,207.4634677125716
1288,51.52,210.6201638509,9.39673086129308,-219.605373851359,-13.6408459444818,434.469652785448,0,0,0,0,-17.7261546953929,-13.1724022461092,-4.55846845240302e-05,0.0001151457073851,3.80641890707778,0.0028982931304605,2.39739406207e-05,85.89809670469488,5731.266577930087,5645.368481225392,0.002059365240929504,207.46346699228744
1289,51.56,210.615651217228,9.39094748535155,-219.601549382959,-13.6406826844898,434.466935799325,0,0,0,0,-17.725942776674,-13.1737184087324,-4.55849363265844e-05,0.000115145443636,3.77846468325845,0.0029000208384036,2.36954433766e-05,85.77532087199576,5731.143782913361,5645.368462041365,0.002032532420588955,207.46346628728742
1290,51.6,210.61115114722,9.38517893080142,-219.597632608009,-13.6405215000358,434.464126324462,0,0,0,0,-17.7257335603819,-13.1749251759173,-4.55851877823235e-05,0.0001151451785311,3.75027265281443,0.0029017510778653,2.34197688739e-05,85.65288650210582,5731.021329771346,5645.368443269241,0.002006017785734606,207.46346559742457
1291,51.64,210.606663016213,9.37942486063415,-219.59362406891,-13.6403623960264,434.461224620516,0,0,0,0,-17.7255270528734,-13.1760236280451,-4.55854388759452e-05,0.0001151449120593,3.72184478704553,0.0029034834586932,2.31469013575e-05,85.53077659967718,5730.899201506096,5645.368424906419,0.001979818275641429,207.46346492260332
1292,51.68,210.602186227379,9.37368496543659,-219.589524313751,-13.6402053772583,434.458230952952,0,0,0,0,-17.7253232603625,-13.1770148248841,-4.55856895922549e-05,0.0001151446442083,3.6931830718525,0.002905217589973,2.28768232843e-05,85.40897492784681,5730.777381877094,5645.368406949247,0.00195393072604549,207.46346426268943
1293,51.72,210.59772023163,9.36795898322526,-219.585333896263,-13.6400504484182,434.455145593086,0,0,0,0,-17.7251221889195,-13.1778997872189,-4.55859399153449e-05,0.0001151443749657,3.66428950759977,0.0029069530801125,2.26095153956e-05,85.28746654863679,5730.655855942894,5645.368389394257,0.0019283518870848028,207.46346361755542
1294,51.76,210.593264549405,9.36224672115567,-219.581053375781,-13.6398976140818,434.451968818112,0,0,0,0,-17.7249238444706,-13.178679476656,-4.55861898299736e-05,0.0001151441043189,3.63516610897722,0.0029086895369246,2.23449568189e-05,85.16623841586953,5730.5346106539755,5645.368372238106,0.001903078444036402,207.4634629870785
1295,51.8,210.588818793617,9.35654807839746,-219.576683317207,-13.6397468787141,434.448700911141,0,0,0,0,-17.7247282327977,-13.1793547744862,-4.55864393198862e-05,0.0001151438322546,3.60581490486116,0.0029104265677112,2.20831251909e-05,85.04527999991903,5730.413635477167,5645.368355477248,0.0018781070396062334,207.46346237112832
1296,51.84,210.584382692324,9.35086306873063,-219.572224290971,-13.6395982466689,434.445342161233,0,0,0,0,-17.7245353595379,-13.1799264608412,-4.55866883695882e-05,0.0001151435587596,3.57623793817437,0.002912163779347,2.18239967946e-05,84.92458390429854,5730.292923012547,5645.368339108249,0.0018534342962542906,207.4634617695787
1297,51.88,210.579956109239,9.34519184098292,-219.567676872988,-13.6394517221883,434.441892863433,0,0,0,0,-17.7243452301831,-13.1803951955343,-4.55869369630098e-05,0.0001151432838198,3.54643726574541,0.0029139007783643,2.15675467e-05,84.80414642401772,5730.17246955156,5645.368323127543,0.001829056836622381,207.46346118229857
1298,51.92,210.575539060447,9.33953469567177,-219.563041644624,-13.6393073094027,434.438353318802,0,0,0,0,-17.7241578500796,-13.1807615018625,-4.55871850838622e-05,0.0001151430074206,3.51641495816712,0.0029156371710374,2.13137489048e-05,84.68396800026758,5730.052275531901,5645.368307531633,0.0018049713009249098,207.46346060915945
1299,51.96,210.571131726372,9.33389209690121,-219.558319192651,-13.6391650123305,434.434723834452,0,0,0,0,-17.7239732244278,-13.181025754362,-4.55874327157593e-05,0.0001151427295475,3.48617309965437,0.0029173725634686,2.10625764649e-05,84.56405354558332,5729.932345863154,5645.368292317571,0.0017811743601069037,207.463460050053
1300,52.0,210.566734458593,9.32826467909854,-219.553510109205,-13.6390248348776,434.431004723577,0,0,0,0,-17.7237913582819,-13.1811881712989,-4.55876798420442e-05,0.0001151424501845,3.45571378790111,0.0029191065616733,2.08140016136e-05,84.44441263077763,5729.812690112275,5645.368277481497,0.0017576627247512992,207.46345950483732
1301,52.04,210.562347781105,9.32265324820985,-219.548614991748,-13.6388867808375,434.427196305481,0,0,0,0,-17.7236122565496,-13.1812488125423,-4.55879264463151e-05,0.0001151421693163,3.42503913393675,0.002920838771666,2.05679958651e-05,84.32505951731817,5729.693322537892,5645.368263020573,0.0017344331492903545,207.46345897340814
1302,52.08,210.557972385444,9.31705877674564,-219.543634443025,-13.638750853891,434.423298905614,0,0,0,0,-17.723435923992,-13.181207583402,-4.55881725117664e-05,0.0001151418869263,3.39415126198175,0.0029225687995466,2.03245301019e-05,84.20601302616892,5729.574261957658,5645.368248931489,0.0017114824315875533,207.46345845564386
1303,52.12,210.553609119101,9.31148239212836,-219.538569071017,-13.6386170576056,434.419312855595,0,0,0,0,-17.7232623652228,-13.1810642446752,-4.55884180213275e-05,0.0001151416029978,3.36305230930264,0.0029242962515861,2.00835746457e-05,84.08729622187134,5729.455531432977,5645.368235211106,0.0016888074077166758,207.4634579514291
1304,52.16,210.549258967321,9.30592535841382,-219.533419488902,-13.6384853954361,434.415238493245,0,0,0,0,-17.7230915847087,-13.1808184286884,-4.55886629581217e-05,0.0001151413175135,3.33174442606626,0.0029260207343132,1.98450993157e-05,83.96893591730637,5729.337157773733,5645.368221856427,0.0016664049426841814,207.46345746065367
1305,52.2,210.544923029221,9.30038905234144,-219.528186315007,-13.6383558707236,434.41107616261,0,0,0,0,-17.7229235867687,-13.1804696606036,-4.55889073047893e-05,0.0001151410304555,3.30022977519336,0.0029277418546015,1.96090734778e-05,83.85096202389879,5729.219170888422,5645.368208864523,0.0016442719181597094,207.46345698321
1306,52.24,210.540602489775,9.29487493524341,-219.522870172762,-13.638228486696,434.40682621399,0,0,0,0,-17.7227583755742,-13.1800173839747,-4.55891510443589e-05,0.0001151407418059,3.26851053221144,0.0029294592197568,1.93754660904e-05,83.73340678944007,5729.101603021829,5645.368196232389,0.0016224052187397656,207.46345651898764
1307,52.28,210.536298589168,9.28938452233079,-219.51747169066,-13.6381032464673,434.402489003964,0,0,0,0,-17.7225959551486,-13.1794609894413,-4.55893941597528e-05,0.0001151404515459,3.23658888510691,0.0029311724376041,1.91442457527e-05,83.61630396434529,5728.984487921107,5645.368183956762,0.0016008017181673836,207.46345606786664
1308,52.32,210.532012590714,9.28391935054107,-219.511991502204,-13.6379801530381,434.398064895415,0,0,0,0,-17.7224363293675,-13.1787998454401,-4.55896366333464e-05,0.0001151401596565,3.20446703417653,0.0029328811165763,1.89153807606e-05,83.49968792763612,5728.867859962779,5645.368172035143,0.0015794582665970204,207.46345562975526
1309,52.36,210.527745748382,9.27848094599042,-219.506430245866,-13.6378592092948,434.393554257552,0,0,0,0,-17.722279501958,-13.1780333295774,-4.55898784478761e-05,0.0001151398661181,3.17214719187803,0.0029345848658012,1.86888391771e-05,83.38359280503026,5728.751753269082,5645.3681604640515,0.0015583716800997107,207.46345520452547
1310,52.4,210.523499275249,9.27307079235788,-219.500788565038,-13.6377404180102,434.388957465939,0,0,0,0,-17.7221254764991,-13.1771608590838,-4.55901195860368e-05,0.0001151395709106,3.13963158268007,0.0029362832951898,1.84645889204e-05,83.26805160825295,5728.636200849522,5645.368149241269,0.0015375387331697,207.4634547920958
1311,52.44,210.519274314655,9.26769030196994,-219.495067107985,-13.6376237818429,434.384274902513,0,0,0,0,-17.7219742564213,-13.1761819186397,-4.55903600301246e-05,0.0001151392740134,3.10692244291135,0.002937976015524,1.82425978757e-05,83.15309545298456,5728.521233815963,5645.368138362978,0.001516956155689639,207.46345439232599
1312,52.48,210.515071915934,9.26234079146568,-219.489266527803,-13.6375093033373,434.379506955609,0,0,0,0,-17.7218258450069,-13.1750960840933,-4.5590599762561e-05,0.0001151389754055,3.07402202060902,0.0029396626385448,1.80228340317e-05,83.03875289544511,5728.406880722239,5645.368127826794,0.0014966206349792679,207.46345400512837
1313,52.52,210.51089301617,9.25702346347972,-219.483387482367,-13.6373969849241,434.374654019981,0,0,0,0,-17.7216802453893,-13.1739030409764,-4.55908387655818e-05,0.0001151386750651,3.04093257536628,0.0029413427770406,1.7805265643e-05,82.92504943849967,5728.293167067706,5645.368117629207,0.0014765288236993303,207.46345363037392
1314,52.56,210.506738428642,9.25173939501922,-219.477430634284,-13.6372868289195,434.369716496826,0,0,0,0,-17.7215374605536,-13.1726025971567,-4.55910770215712e-05,0.00011513837297,3.00765637817928,0.002943016044936,1.75898614159e-05,82.81200721490437,5728.180114982811,5645.368107767907,0.0014566773532354498,207.46345326797783
1315,52.6,210.502608838005,9.24648953257922,-219.471396650851,-13.6371788375256,434.364694793803,0,0,0,0,-17.7213974933362,-13.1711946892047,-4.55913145121421e-05,0.0001151380690975,2.97419571129327,0.0029446820573805,1.73765907141e-05,82.6996448588503,5728.067743097966,5645.368098239115,0.0014370628521666786,207.46345291780122
1316,52.64,210.498504801997,9.24127469377906,-219.465286204008,-13.6370730128305,434.359589325056,0,0,0,0,-17.7212603464251,-13.1696793822379,-4.55915512197453e-05,0.0001151377634246,2.940552868048,0.0029463404308374,1.71654237804e-05,82.58797754947902,5727.956066589994,5645.368089040516,0.0014176819689147508,207.46345257975892
1317,52.68,210.494426759395,9.23609557525541,-219.459099970283,-13.6369693568081,434.35440051123,0,0,0,0,-17.7211260223596,-13.168056863352,-4.55917871262676e-05,0.0001151374559276,2.90673015272257,0.0029479907831726,1.69563319651e-05,82.47701722990834,5727.845097398626,5645.368080168718,0.0013985313976042394,207.46345225372636
1318,52.72,210.490375043792,9.23095276636968,-219.452838630755,-13.6368678713181,434.349128779496,0,0,0,0,-17.7209945235305,-13.1663274292809,-4.55920222133452e-05,0.0001151371465827,2.87272988037949,0.0029496327337433,1.67492879554e-05,82.36677298000036,5727.734844601391,5645.368071621391,0.0013796079060491703,207.4634519396179
1319,52.76,210.486349902254,9.22584676779755,-219.446502870999,-13.6367685581062,434.343774563561,0,0,0,0,-17.7208658521803,-13.1644914694488,-4.55922564633294e-05,0.0001151368353653,2.83855437670828,0.0029512659034876,1.65442659949e-05,82.25725152572987,5727.625314921296,5645.368063395566,0.0013609083644810457,207.4634516373244
1320,52.8,210.482351517278,9.22077801342798,-219.440093381039,-13.6366714188042,434.338338303693,0,0,0,0,-17.7207400104029,-13.1625494459372,-4.55924898578557e-05,0.0001151365222507,2.80420597786843,0.002952889915013,1.63412420848e-05,82.14845783563017,5727.516513324337,5645.368055488707,0.0013424297733549263,207.46345134675266
1321,52.84,210.478380030062,9.21574689356053,-219.4336108553,-13.6365764549297,434.332820446731,0,0,0,0,-17.7206170001442,-13.1605018719179,-4.55927223789119e-05,0.0001151362072138,2.76968703033186,0.0029545043926861,1.61401941567e-05,82.04039575397674,5727.408443652709,5645.368047898733,0.0013241692885111037,207.46345106782624
1322,52.88,210.474435563042,9.21075377738389,-219.427055992556,-13.6364836678867,434.327221446101,0,0,0,0,-17.7204968232018,-13.1583492900502,-4.55929540085135e-05,0.0001151358902296,2.73499989072492,0.0029561089627221,1.59411022089e-05,81.93306861465527,5727.301109238063,5645.368040623408,0.0013061242421350777,207.463450800463
1323,52.92,210.470518240047,9.20579903306461,-219.420429495878,-13.6363930589654,434.321541761826,0,0,0,0,-17.7203794812252,-13.1560922523774,-4.55931847287667e-05,0.0001151355712722,2.70014692566996,0.0029577032532742,1.57439484001e-05,81.82647978945543,5727.19451344996,5645.368033660505,0.0012882921583722774,207.46345054458104
1324,52.96,210.466628202778,9.20088304416398,-219.413732072585,-13.6363046293422,434.315781860541,0,0,0,0,-17.720264975716,-13.1537313033317,-4.55934145215146e-05,0.000115135250316,2.6651305116264,0.0029592868945229,1.55487170938e-05,81.72063313568889,5727.088660144279,5645.36802700859,0.0012706707626532524,207.46345030012765
1325,53.0,210.462765622507,9.19600622127388,-219.406964434184,-13.6362183800801,434.309942215498,0,0,0,0,-17.7201533080283,-13.1512669674658,-4.55936433692708e-05,0.0001151349273346,2.62995303473152,0.0029608595187656,1.53553948496e-05,81.61553331564832,5726.983553981569,5645.36802066592,0.0012532579841936593,207.46345006703885
1326,53.04,210.458930705855,9.19116900773283,-219.400127296321,-13.6361343121287,434.304023306572,0,0,0,0,-17.7200444793683,-13.1486997432169,-4.55938712536926e-05,0.0001151346023014,2.5946168906408,0.0029624207605055,1.51639703609e-05,81.5111859530778,5726.879200584273,5645.368014631195,0.0012360519513294349,207.4634498452668
1327,53.08,210.455123693551,9.18637187832426,-219.393221378719,-13.6360524263243,434.29802562027,0,0,0,0,-17.7199384907951,-13.1460301034897,-4.55940981570869e-05,0.0001151342751898,2.5591244843679,0.0029639702565408,1.49744343389e-05,81.40759759971456,5726.775606502963,5645.368008903248,0.0012190509795433678,207.4634496347686
1328,53.12,210.451344851472,9.18161533025804,-219.386247405125,-13.6359727233902,434.291949649729,0,0,0,0,-17.7198353432205,-13.1432585033011,-4.55943240618194e-05,0.0001151339459726,2.52347823012428,0.0029655076460539,1.47867793471e-05,81.30477549122187,5726.672778972517,5645.368003481295,0.0012022535525122021,207.4634494355155
1329,53.16,210.447594454056,9.17689986651922,-219.379206103248,-13.6358952039365,434.285795894721,0,0,0,0,-17.7197350374095,-13.1403853942919,-4.5594548950085e-05,0.0001151336146222,2.48768055115844,0.0029670325707009,1.46009995918e-05,81.20272709632152,5726.570725460778,5645.367998364456,0.0011856582969827477,207.46344924747515
1330,53.2,210.443872761031,9.17222597254122,-219.372098204698,-13.635819868461,434.279564861649,0,0,0,0,-17.7196375739802,-13.1374112456242,-4.55947728040996e-05,0.0001151332811107,2.45173387959478,0.0029685446746998,1.44170906764e-05,81.10145948334281,5726.469453035301,5645.367993551958,0.0011692639527441653,207.4634490706191
1331,53.24,210.440179989007,9.16759408774046,-219.364924444931,-13.6357467173486,434.273257063547,0,0,0,0,-17.7195429534045,-13.1343365703964,-4.55949956061277e-05,0.00011513294541,2.41564065627204,0.0029700436049201,1.42350493284e-05,81.00097854718035,5726.368967590345,5645.367989043165,0.0011530693392667061,207.463448904924
1332,53.28,210.436516279619,9.16300457359693,-219.35768556318,-13.6356757508721,434.266873020074,0,0,0,0,-17.7194511760079,-13.1311619561853,-4.55952173384041e-05,0.0001151326074914,2.37940333058129,0.0029715290109709,1.40548731105e-05,80.90128814210222,5726.269272979997,5645.367984837895,0.0011370733207344851,207.4634487503832
1333,53.32,210.432881665841,9.15845767991658,-219.350382302396,-13.6356069691921,434.260413257513,0,0,0,0,-17.7193622419703,-13.1278880977877,-4.55954379835076e-05,0.0001151322673264,2.34302436030348,0.0029730005452891,1.38765601264e-05,80.80238916612178,5726.170370101522,5645.367980935401,0.0011212747710572396,207.46344860696917
1334,53.36,210.429276038261,9.1539535110485,-219.343015409188,-13.6355403723574,434.253878308758,0,0,0,0,-17.7192761513259,-13.1245158298848,-4.55956575239195e-05,0.0001151319248852,2.30650621144653,0.002974457863228,1.37001087332e-05,80.70427864237472,5726.072255977671,5645.367977335297,0.001105672540469032,207.4634484746678
1335,53.4,210.425699113532,9.14949199427848,-219.335585633754,-13.6354759603049,434.247268713312,0,0,0,0,-17.7191929039636,-13.1210461573181,-4.55958759420303e-05,0.0001151315801386,2.26985135808183,0.0029759006231445,1.35255172718e-05,80.60694886117409,5725.974922898177,5645.3679740370035,0.0010902654254527524,207.46344835345775
1336,53.44,210.422150407667,9.14507285307281,-219.328093729823,-13.6354137328607,434.240585017278,0,0,0,0,-17.7191124996277,-13.1174802808198,-4.55960932203633e-05,0.0001151312330565,2.23306228218032,0.0029773284864879,1.33527838245e-05,80.51038665321946,5725.878357693085,5645.367971039866,0.0010750521435462222,207.46344824331496
1337,53.48,210.418629216832,9.14069558781615,-219.320540454594,-13.6353536897392,434.233827773349,0,0,0,0,-17.7190349379178,-13.1138196162361,-4.55963093420738e-05,0.0001151308836086,2.19614147344798,0.0029787411178866,1.31819060086e-05,80.41457286688488,5725.782541210093,5645.367968343208,0.0010600313144861462,207.46344814421462
1338,53.52,210.415134607588,9.13635946599892,-219.312926568667,-13.6352958305446,434.2269975408,0,0,0,0,-17.7189602182892,-13.1100658054255,-4.55965242896071e-05,0.0001151305317645,2.15909142916069,0.0029801381852359,1.30128808111e-05,80.31948210264771,5725.687448049035,5645.367965946388,0.001045201448492907,207.4634480561331
1339,53.56,210.411665417543,9.13206352282356,-219.305252835987,-13.6352401547701,434.220094885476,0,0,0,0,-17.7188883400538,-13.1062207172752,-4.55967380463252e-05,0.000115130177493,2.12191465399872,0.0029815193597846,1.28457044696e-05,80.22508273105204,5725.593046579614,5645.367963848562,0.001030560942093605,207.46344797903942
1340,53.6,210.408220266716,9.12780657250754,-219.297520023778,-13.6351866617992,434.213120379785,0,0,0,0,-17.71881930238,-13.1022864377293,-4.55969505952225e-05,0.0001151298207631,2.08461365988051,0.0029828843162214,1.26803723989e-05,80.13133720209935,5725.499299250632,5645.367962048533,0.001016108081173316,207.46344791288956
1341,53.64,210.404797579698,9.12358723040511,-219.289728902486,-13.6351353509051,434.206074602685,0,0,0,0,-17.7187531042933,-13.0982652484542,-4.55971619196539e-05,0.0001151294615429,2.04719096579604,0.0029842327327609,1.25168791641e-05,80.0382026474263,5725.406163193028,5645.367960545602,0.0010018410509729605,207.46344785765788
1342,53.68,210.401395618779,9.11940394607491,-219.281880245716,-13.6350862212517,434.198958139672,0,0,0,0,-17.7186897446766,-13.0941595944649,-4.55973720030607e-05,0.0001151290998004,2.00964909763967,0.0029855642912297,1.23552184935e-05,79.94563178289037,5725.313591121304,5645.367959338413,0.000987757952243827,207.46344781329452
1343,53.72,210.398012527673,9.11525504696613,-219.273974830171,-13.6350392718938,434.191771582772,0,0,0,0,-17.718629222271,-13.089972041734,-4.55975808288382e-05,0.0001151287355032,1.9719905880425,0.0029868786771514,1.21953833274e-05,79.85357409768585,5725.221532523346,5645.36795842566,0.0009738568227414779,207.46344777975145
1344,53.76,210.394646384443,9.11113879128632,-219.266013435591,-13.6349945017773,434.184515530525,0,0,0,0,-17.7185715356758,-13.0857052262562,-4.55977883811285e-05,0.0001151283686186,1.93421797620436,0.0029881755798319,1.20373658919e-05,79.76197729407308,5725.129935100584,5645.36795780651,0.0009601356624544523,207.4634477569981
1345,53.8,210.391295260899,9.10705342736364,-219.257996844697,-13.6349519097396,434.177190587972,0,0,0,0,-17.7185166833494,-13.0813617965442,-4.55979946438754e-05,0.0001151279991132,1.89633380772536,0.002989454692444,1.18811577905e-05,79.67078890506806,5725.0387463842935,5645.367957479226,0.0009465924608891215,207.46344774497064
1346,53.84,210.387957285196,9.10299725618811,-219.249925843124,-13.6349114945099,434.169797366642,0,0,0,0,-17.7184646636094,-13.0769443520114,-4.55981996007775e-05,0.0001151276269535,1.85834063443718,0.0029907157121111,1.17267501024e-05,79.57995799567112,5724.94791543898,5645.367957443309,0.0009332252242737183,207.46344774365073
1347,53.88,210.384630704518,9.09896869405797,-219.241801219365,-13.6348732547099,434.162336484535,0,0,0,0,-17.7184154746334,-13.0724553802085,-4.55984032365379e-05,0.0001151272521053,1.82024101423399,0.0029919583399911,1.15741334755e-05,79.48943687090035,5724.857394568092,5645.367957697192,0.0009200320008093108,207.46344775298073
1348,53.92,210.381313945363,9.09496633281911,-219.233623764708,-13.6348371888539,434.154808566106,0,0,0,0,-17.7183691144595,-13.0678971961098,-4.55986055351425e-05,0.0001151268745341,1.78203751090322,0.0029931822813591,1.1423298207e-05,79.39918271443929,5724.7671409544555,5645.367958240016,0.0009070109025951371,207.4634477729292
1349,53.96,210.378005669007,9.09098899528755,-219.225394273176,-13.6348032953492,434.147214242244,0,0,0,0,-17.7183255809865,-13.0632718866575,-4.55988064810525e-05,0.0001151264942051,1.74373269395606,0.0029943872456897,1.12742342996e-05,79.30915909857974,5724.677118169538,5645.367959070958,0.0008941601227523664,207.46344780346573
1350,54.0,210.374704819228,9.08703578292826,-219.217113541459,-13.6347715724967,434.139554150255,0,0,0,0,-17.7182848719746,-13.0585812634917,-4.55990060596573e-05,0.0001151261110833,1.70532913845781,0.0029955729467397,1.11269314888e-05,79.21933728328193,5724.587297472073,5645.367960188792,0.0008814779466839391,207.46344784454536
1351,54.04,210.371410658911,9.08310611242458,-219.208782368861,-13.6347420184909,434.131828933838,0,0,0,0,-17.7182469850462,-13.0538268264226,-4.55992042550402e-05,0.0001151257251325,1.66682942485808,0.0029967391026292,1.09813792352e-05,79.12969721156288,5724.497658804142,5645.3679615925785,0.0008689627562562877,207.46344789613357
1352,54.08,210.368122792689,9.07919973827156,-219.200401557222,-13.634714631421,434.12403924306,0,0,0,0,-17.7182119176859,-13.0490097397166,-4.55994010522957e-05,0.000115125336317,1.62823613882094,0.0029978854359227,1.08375666805e-05,79.04022812502153,5724.4081914072585,5645.367963282237,0.0008566130263476447,207.46344795822736
1353,54.12,210.364841174237,9.07531676004078,-219.191971910866,-13.6346894092705,434.116185734333,0,0,0,0,-17.7181796672418,-13.0441308227334,-4.55995964368041e-05,0.0001151249445999,1.58955187105483,0.0029990116737093,1.06954825673e-05,78.95092876385321,5724.3188940208565,5645.367965257004,0.0008444273138235505,207.4634480307987
1354,54.16,210.361566098561,9.07145761462183,-219.183494236527,-13.6346663499184,434.108269070384,0,0,0,0,-17.7181502309251,-13.0391905556559,-4.55997903936173e-05,0.0001151245499449,1.55077921714246,0.0030001175476822,1.05551151269e-05,78.86180715625152,5724.229774672458,5645.367967516207,0.000832404239772204,207.4634481138229
1355,54.2,210.358298180363,9.06762305456044,-219.174969343287,-13.6346454511391,434.100289920228,0,0,0,0,-17.7181236058117,-13.0341891002079,-4.55999829084461e-05,0.0001151241523145,1.51192077737053,0.0030012027942173,1.04164519404e-05,78.77288002984919,5724.140850088956,5645.3679700591065,0.0008205424661789831,207.46344820727273
1356,54.24,210.355038319532,9.06381411350389,-219.166398042503,-13.6346267106031,434.092248959134,0,0,0,0,-17.718099788842,-13.0291263343278,-4.56001739670637e-05,0.0001151237516713,1.47297915655932,0.0030022671544511,1.02794797816e-05,78.68417187159241,5724.0521447575775,5645.367972885985,0.0008088406683472704,207.4634483111586
1357,54.28,210.351787654611,9.0600320596418,-219.157781147747,-13.6346101258774,434.084146868594,0,0,0,0,-17.7180787768217,-13.0240018990351,-4.5600363555115e-05,0.000115123347977,1.43395696389214,0.0030033103743589,1.0144184453e-05,78.59571366407428,5723.963689659655,5645.36797599558,0.0007972975045564922,207.4634484254341
1358,54.32,210.348547505948,9.05627833881557,-219.149119474733,-13.6345956944258,434.075984336291,0,0,0,0,-17.7180605664228,-13.0188152550191,-4.56005516592903e-05,0.0001151229411939,1.39485681274458,0.0030043322048305,1.00105506233e-05,78.50754133560619,5723.875520723689,5645.367979388083,0.0007859115842586027,207.46344855010628
1359,54.36,210.345319311752,9.05255451055054,-219.140413841251,-13.6345834136098,434.067762056063,0,0,0,0,-17.7180451541837,-13.0135657459884,-4.5600738266005e-05,0.0001151225312824,1.35568132051352,0.0030053324017469,9.87856168159e-06,78.41969402307377,5723.787677085338,5645.367983062264,0.0007746814371967099,207.46344868512998
1360,54.4,210.342104561601,9.04886218152505,-219.131665067099,-13.6345732806886,434.059480727863,0,0,0,0,-17.7180325365101,-13.0082526653044,-4.56009233618559e-05,0.0001151221182047,1.31643310844595,0.0030063107260548,9.7481996161e-06,78.33221226023086,5723.700199278085,5645.367987017854,0.0007636054852621445,207.4634488304952
1361,54.44,210.338904731846,9.04520294094834,-219.122873974014,-13.6345652928198,434.051141057731,0,0,0,0,-17.7180227096753,-13.0028753221684,-4.56011069339421e-05,0.0001151217019208,1.27711480146751,0.0030072669438409,9.61944493041e-06,78.24513622177211,5723.613127475488,5645.367991253715,0.0007526820193410008,207.46344898616024
1362,54.48,210.335721226258,9.04157830117623,-219.114041385608,-13.6345594470599,434.04274375775,0,0,0,0,-17.7180156698215,-12.9974331035739,-4.5601288970233e-05,0.0001151212823912,1.23772902801068,0.0030082008264048,9.49227660442e-06,78.15850410672131,5723.5264998760995,5645.3679957693785,0.0007419091823758697,207.4634491521078
1363,54.52,210.332555324198,9.03798964585316,-219.105168127299,-13.6345557403648,434.034289546009,0,0,0,0,-17.7180114129598,-12.9919255284536,-4.56014694579078e-05,0.0001151208595761,1.19827841984281,0.0030091121503311,9.3666721073e-06,78.07235072997989,5723.440351293108,5645.368000563128,0.0007312849596402795,207.46344932827483
1364,54.56,210.329408138595,9.03443818786603,-219.096255026249,-13.6345541695902,434.025779146568,0,0,0,0,-17.718009934971,-12.9863522908822,-4.56016483851251e-05,0.0001151204334346,1.15876561189373,0.0030100006975607,9.24260746614e-06,77.98670637700157,5723.354712010851,5645.368005633849,0.0007208071767575362,207.4634495146204
1365,54.6,210.326280586705,9.03092494007021,-219.087302911291,-13.6345547314922,434.017213289418,0,0,0,0,-17.7180112316064,-12.9807132897243,-4.56018257406395e-05,0.0001151200039268,1.11919324208313,0.0030108662554614,9.12005739148e-06,77.9015960086694,5723.269606989136,5645.368010980467,0.0007104735060461045,207.46344971110503
1366,54.64,210.323173376642,9.0274507018069,-219.078312612877,-13.6345574227276,434.00859271044,0,0,0,0,-17.7180152984885,-12.9750086428476,-4.56020015126434e-05,0.0001151195710111,1.07956395114764,0.003011708616897,8.99899545779e-06,77.81703889583189,5723.185055496729,5645.368016600897,0.0007002814813921291,207.463449917652
1367,54.68,210.320087011347,9.02401606283595,-219.069284963003,-13.6345622398549,433.999918151368,0,0,0,0,-17.7180221311116,-12.9692386848215,-4.56021756904557e-05,0.000115119134647,1.03988038246768,0.0030125275802957,8.87939433409e-06,77.73304872567667,5723.10107121935,5645.368022493673,0.000690228521237536,207.46345013420753
1368,54.72,210.317021809299,9.0206214240347,-219.060220795154,-13.6345691793343,433.991190359752,0,0,0,0,-17.7180317248421,-12.9634039480779,-4.56023482631714e-05,0.0001151186947923,1.00014518189401,0.0030133229497177,8.76122605712e-06,77.6496341663366,5723.017662823254,5645.368028656917,0.0006803119585508018,207.46345036070258
1369,54.76,210.313977939663,9.01726703251748,-219.051120944236,-13.6345782375284,433.98241008891,0,0,0,0,-17.71804407492,-12.9575051284729,-4.56025192206447e-05,0.0001151182514057,0.960360997574192,0.0030140945349205,8.64446233723e-06,77.56679982279067,5722.934834911655,5645.368035088864,0.0006705290760509167,207.46345059707227
1370,54.8,210.310955469228,9.01395302855707,-219.04198624652,-13.6345894107028,433.973578097894,0,0,0,0,-17.7180591764588,-12.9515430371731,-4.56026885527314e-05,0.000115117804445,0.92053047977889,0.003014842151424,8.52907488503e-06,77.48454751439995,5722.852589301974,5645.368041787574,0.0006608771448536405,207.4634508432453
1371,54.84,210.30795441906,9.01067950221766,-219.032817539574,-13.6346026950265,433.964695151443,0,0,0,0,-17.7180770244465,-12.9455185415766,-4.56028562494743e-05,0.0001151173538682,0.880656280728023,0.0030155656205744,8.41503574589e-06,77.40287781639209,5722.7709265674475,5645.3680487510555,0.0006513534648223852,207.46345109914856
1372,54.88,210.304974828722,9.00744655755613,-219.023615662204,-13.6346180865725,433.955762019943,0,0,0,0,-17.7180976137463,-12.9394324986699,-4.56030223018136e-05,0.0001151168996329,0.840741054416948,0.0030162647696068,8.30231762883e-06,77.3217918070642,5722.689847784639,5645.368055977575,0.0006419554049301874,207.46345136471822
1373,54.92,210.302016824661,9.00425438099481,-219.014381454393,-13.6346355813184,433.946779479377,0,0,0,0,-17.7181209390974,-12.9332856847666,-4.56031867006078e-05,0.0001151164416968,0.800787456442629,0.0030169394317067,8.19089421634e-06,77.24129292900318,5722.609356394345,5645.368063465342,0.0006326804417333668,207.4634516398886
1374,54.96,210.299080687775,9.00110330887037,-219.005115757233,-13.6346551751467,433.937748311285,0,0,0,0,-17.7181469951152,-12.9270787259406,-4.56033494373157e-05,0.0001151159800175,0.760798143829876,0.0030175894460702,8.08074044262e-06,77.16138882745233,5722.529460040191,5645.368071212739,0.0006235261938600529,207.46345192460018
1375,55.0,210.296166914662,8.99799388866678,-218.995819412867,-13.6346768638455,433.928669302709,0,0,0,0,-17.7181757762927,-12.9208120335409,-4.56035105038839e-05,0.0001151155145522,0.720775774857707,0.0030182146579632,7.97183272918e-06,77.0820930167083,5722.450172235297,5645.368079218589,0.0006144904505593779,207.46345221880975
1376,55.04,210.293276268164,8.99492692955037,-218.986493264423,-13.634700643109,433.919543246145,0,0,0,0,-17.7182072770005,-12.9144857489993,-4.56036698924034e-05,0.0001151150452584,0.680723008885841,0.0030188149187785,7.86414916877e-06,77.00342625645156,5722.37151373765,5645.368087481199,0.0006055711928893088,207.46345252245507
1377,55.08,210.290409814574,8.9919035395631,-218.977138155945,-13.634726508538,433.910370939494,0,0,0,0,-17.718241491488,-12.9080997017096,-4.56038275954628e-05,0.0001151145720936,0.640642506181382,0.0030193900860925,7.75766965104e-06,76.92541756290872,5722.293513562561,5645.368095999653,0.0005967666067395502,207.4634528355025
1378,55.12,210.287568945793,8.98892514776686,-218.967754932332,-13.6347544556404,433.901153185999,0,0,0,0,-17.7182784138838,-12.9016533831842,-4.56039836062354e-05,0.0001151140950153,0.600536927745691,0.0030199400237197,7.65237592629e-06,76.84810481239622,5722.2162095855865,5645.368104773191,0.0005880750874190332,207.46345315792405
1379,55.16,210.284755384492,8.98599350939604,-218.958344439266,-13.6347844798319,433.891890794193,0,0,0,0,-17.7183180381965,-12.895145939946,-4.5604137918173e-05,0.0001151136139805,0.56040893514149,0.0030204646017666,7.54825160622e-06,76.77153488200747,5722.139648682991,5645.368113800983,0.000579495235660931,207.46345348968933
1380,55.2,210.281971169967,8.98311069170701,-218.948907523145,-13.6348165764362,433.882584577841,0,0,0,0,-17.7183603583153,-12.8885761867033,-4.56042905248429e-05,0.0001151131289471,0.520261190320181,0.0030209636966843,7.44528210395e-06,76.69576326431194,5722.063886346844,5645.368123082532,0.0005710258451290731,207.46345383077997
1381,55.24,210.279218623186,8.98027903901344,-218.939445031015,-13.6348507406859,433.873235355873,0,0,0,0,-17.7184053680109,-12.8819426402938,-4.56044414205606e-05,0.0001151126398725,0.480096355449382,0.0030214371913186,7.34345451802e-06,76.62085311660987,5721.988985733903,5645.368132617293,0.0005626658819050281,207.46345418117593
1382,55.28,210.276500291606,8.97750111749975,-218.929957810496,-13.6348869677226,433.863843952325,0,0,0,0,-17.7184530609359,-12.8752435737368,-4.56045906000435e-05,0.0001151121467141,0.43991709274066,0.0030218849749598,7.24275746784e-06,76.54687375889122,5721.915016164004,5645.368142405113,0.0005544144570464643,207.4634545408717
1383,55.32,210.273818876574,8.97477964261674,-218.920446709713,-13.6349252525979,433.854411196268,0,0,0,0,-17.7185034306255,-12.8684770886792,-4.56047380577084e-05,0.0001151116494293,0.399726064277452,0.0030223069433906,7.14318089019e-06,76.47389869886604,5721.842051144542,5645.368152445676,0.0005462707938951617,207.46345490985559
1384,55.36,210.271177147151,8.97211739290156,-218.910912577225,-13.6349655902736,433.844937921748,0,0,0,0,-17.7185564704986,-12.8616412035091,-4.56048837893569e-05,0.000115111147976,0.359525931843135,0.0030227029989318,7.04471580793e-06,76.4020032863789,5721.770166025505,5645.368162739126,0.0005382341920159941,207.4634552881329
1385,55.4,210.268577844004,8.96951711386681,-218.901356261949,-13.6350079756222,433.835424967708,0,0,0,0,-17.7186121738581,-12.8547339534776,-4.56050277903637e-05,0.0001151106423114,0.31931935674924,0.0030230730504876,6.94735408332e-06,76.33126209924875,5721.699435384241,5645.368173284993,0.0005303039896397728,207.46345567568636
1386,55.44,210.266023576715,8.9669814153077,-218.891778613091,-13.6350524034279,433.825873177926,0,0,0,0,-17.7186705338915,-12.8477534983518,-4.5605170056615e-05,0.0001151101323936,0.279108999663758,0.0030234170135888,6.8510881686e-06,76.26174614760838,5721.629930231093,5645.368184083484,0.0005224795263019573,207.46345607252363
1387,55.48,210.263516718501,8.96451266602294,-218.882180480073,-13.6350988683865,433.816283400937,0,0,0,0,-17.718731543672,-12.8406982324408,-4.56053105847529e-05,0.0001151096181801,0.23889752043952,0.0030237348104343,6.75591086675e-06,76.19352001021353,5721.561715144584,5645.368195134371,0.0005147601074863391,207.4634564786362
1388,55.52,210.261059303731,8.96211289133288,-218.872562712457,-13.6351473651061,433.806656489962,0,0,0,0,-17.7187951961588,-12.8335668915053,-4.56054493715968e-05,0.0001151090996286,0.198687577942607,0.0030240263699311,6.66181511414e-06,76.1266390455796,5721.494845482715,5645.368206437136,0.0005071449730885692,207.46345689400516
1389,55.56,210.258652934526,8.95978367967785,-218.86292615988,-13.6351978881079,433.796993302836,0,0,0,0,-17.718861484198,-12.826358651072,-4.56055864140421e-05,0.0001151085766971,0.158481829880789,0.0030242916277329,6.5687937957e-06,76.06114684964753,5721.42936484142,5645.368217991772,0.0004996332715077252,207.46345731863022
1390,55.6,210.256298702176,8.95752610404704,-218.853271671977,-13.6352504318265,433.787294701933,0,0,0,0,-17.7189304005232,-12.8190732109679,-4.56057217096209e-05,0.0001151080493437,0.118282932631961,0.0030245305262765,6.47683960101e-06,75.9970731188927,5721.365302916211,5645.368229797318,0.0004922240407934568,207.46345775247605
1391,55.64,210.253997127519,8.95534066235112,-218.843600098314,-13.6353049906105,433.777561554093,0,0,0,0,-17.7190019377561,-12.8117108613914,-4.56058552570094e-05,0.0001151075175266,0.0780935410725827,0.0030247430148165,6.3859449277e-06,75.93443202636034,5721.302673879811,5645.368241853451,0.00048491619768464925,207.46345819553073
1392,55.68,210.251748122826,8.95322723932259,-218.833912288317,-13.6353615587228,433.767794730543,0,0,0,0,-17.7190760884074,-12.8042725264778,-4.56059870546058e-05,0.0001151069812036,0.0379163084061081,0.0030249290494591,6.2961018356e-06,75.87322118600285,5721.241475344994,5645.3682541589915,0.00047770853488366067,207.46345864775103
1393,55.72,210.249550977201,8.95118509191567,-218.824209091202,-13.6354201303415,433.757995106828,0,0,0,0,-17.7191528448772,-12.7967597822566,-4.56061171010448e-05,0.0001151064403338,-0.0022461140085877,0.0030250885931929,6.20730205258e-06,75.81342125375544,5721.181687967294,5645.368266713539,0.00047059972651619663,207.46345910912214
1394,55.76,210.247404367343,8.94921286008285,-218.814491355909,-13.63548069956,433.74816356273,0,0,0,0,-17.7192321994559,-12.7891748471204,-4.5606245396346e-05,0.0001151058948748,-0.0423910768287642,0.0030252216159192,6.11953703003e-06,75.75499622249417,5721.123275737857,5645.368279515363,0.0004635883415393585,207.4634595795805
1395,55.8,210.245306394916,8.94730860414751,-218.804759931037,-13.6355432603878,433.738300982194,0,0,0,0,-17.7193141443246,-12.7815205443962,-4.56063719404007e-05,0.000115105344786,-0.0825159328993228,0.0030253280944793,6.03279804297e-06,75.69789443672785,5721.066187000329,5645.368292563601,0.00045667286443000423,207.46346005909442
1396,55.84,210.243254649966,8.94546986823602,-218.795015664772,-13.6356078067508,433.728408253253,0,0,0,0,-17.719398671556,-12.7738002380429,-4.56064967338726e-05,0.0001151047900261,-0.122618037424234,0.003025408012681,5.94707632759e-06,75.64205031967772,5721.01035617652,5645.368305856842,0.00044985172212905466,207.46346054761202
1397,55.88,210.241246297627,8.94369376699481,-218.785259404827,-13.635674332492,433.718486267951,0,0,0,0,-17.7194857731149,-12.7660177438161,-4.560661977761e-05,0.0001151042305544,-0.162694748137839,0.0030254613613219,5.86236324651e-06,75.58738673192889,5720.955706125799,5645.3683193938705,0.0004431233156268368,207.46346104508865
1398,55.92,210.239278183739,8.94197709121899,-218.775491998371,-13.6357428313717,433.708535922262,0,0,0,0,-17.7195754408589,-12.7581772193301,-4.56067410734509e-05,0.0001151036663298,-0.202743425475995,0.0030254881382115,5.77865047097e-06,75.53381784600658,5720.902151019101,5645.3683331730945,0.0004364860543703318,207.46346155146577
1399,55.96,210.237346954513,8.9403164275356,-218.765714291969,-13.6358132970683,433.698558116015,0,0,0,0,-17.7196676665389,-12.7502830375978,-4.56068606231702e-05,0.0001151030973119,-0.242761432746996,0.0030254883481921,5.69593016763e-06,75.4812524021834,5720.849599595177,5645.3683471929935,0.0004299383915471455,207.46346206668758
1400,56.0,210.235449185452,8.93870828733401,-218.755927131516,-13.6358857231785,433.688553752813,0,0,0,0,-17.7197624417999,-12.742339649601,-4.56069784293018e-05,0.0001151025234603,-0.282746136302242,0.0030254620031566,5.61419517765e-06,75.42959721599247,5720.797958668721,5645.368361452728,0.00042347885843507164,207.46346259072317
1401,56.04,210.233581514359,8.93714923979547,-218.746131362169,-13.6359601032181,433.678523739951,0,0,0,0,-17.7198597581815,-12.7343514423626,-4.56070944949052e-05,0.0001151019447352,-0.322694905706586,0.003025409122065,5.53343917549e-06,75.378760799215,5720.747136749687,5645.368375950472,0.0004171060960374783,207.46346312350542
1402,56.08,210.231740772351,8.93563604292194,-218.736327828284,-13.6360364306219,433.668468988335,0,0,0,0,-17.7199596071186,-12.7263225993747,-4.56072088233984e-05,0.0001151013610969,-0.362605113908312,0.0030253297309594,5.45365679613e-06,75.32865692263991,5720.697047608382,5645.368390685741,0.00041081888223468935,207.4634636650166
1403,56.12,210.22992410592,8.93416576561575,-218.726517373348,-13.6361146987449,433.658390412398,0,0,0,0,-17.7200619799418,-12.7182569702002,-4.5607321418766e-05,0.0001151007725054,-0.402474137408713,0.003025223862976,5.37484372056e-06,75.27920794018567,5720.647613596894,5645.368405656708,0.0004046161528346257,207.46346421518948
1404,56.16,210.228129083231,8.93273589399822,-218.716700839916,-13.636194900862,433.64828893001,0,0,0,0,-17.7201668678781,-12.7101579556255,-4.56074322854226e-05,0.0001151001789218,-0.442299356431228,0.0030250915583554,5.29699671202e-06,75.2303476784638,5720.598768541626,5645.368420863162,0.00039849701513432315,207.46346477401636
1405,56.2,210.22635377909,8.93134441640143,-218.706879069539,-13.636277030169,433.638165462396,0,0,0,0,-17.7202742620517,-12.7020284141577,-4.56075414281543e-05,0.0001150995803066,-0.48207815509012,0.003024932864451,5.22011359748e-06,75.18202375110211,5720.550460055377,5645.368436304275,0.0003924607531589065,207.4634653414668
1406,56.24,210.224596834666,8.92998988310479,-218.697052902698,-13.6363610797829,433.628020934043,0,0,0,0,-17.7203841534842,-12.6938705948732,-4.56076488524538e-05,0.0001150989766217,-0.521807921558656,0.003024747835735,5.14419319196e-06,75.13419918353988,5720.502651162475,5645.368451978935,0.00038650682418910607,207.46346591749992
1407,56.28,210.222857489248,8.92867143812293,-218.687223178738,-13.636447042742,433.617856272605,0,0,0,0,-17.7204965330952,-12.6856861005797,-4.56077545642571e-05,0.0001150983678282,-0.561486048236796,0.0030245365338035,5.06923516626e-06,75.08685327564095,5720.455321162919,5645.368467887278,0.00038063484667623425,207.46346650212075
1408,56.32,210.221135582125,8.92738882110718,-218.677390735791,-13.6365349120069,433.607672408816,0,0,0,0,-17.7206113917032,-12.6774758837369,-4.56078585699534e-05,0.0001150977538883,-0.601109931918387,0.0030242990273784,4.99523986143e-06,75.03998165477627,5720.4084656835375,5645.3684840287615,0.0003748445800015022,207.46346709530934
1409,56.36,210.219431523533,8.92614233831623,-218.667556410713,-13.6366246804604,433.59747027639,0,0,0,0,-17.7207287200258,-12.66924027579,-4.56079608765396e-05,0.0001150971347642,-0.640676973957855,0.0030240353923077,4.92220805686e-06,74.99359548454423,5720.362095887424,5645.36850040288,0.0003691358968706089,207.46346769704712
1410,56.4,210.217746235218,8.92493280321026,-218.657721039009,-13.6367163409081,433.587250811924,0,0,0,0,-17.7208485086804,-12.6609790488063,-4.56080614918744e-05,0.0001150965104187,-0.680184580436447,0.0030237457115641,4.85014070097e-06,74.94771984654335,5720.316236856564,5645.36851701002,0.0003635087495411983,207.46346830734825
1411,56.44,210.216081063357,8.92376144939573,-218.647885454762,-13.636809886079,433.577014954802,0,0,0,0,-17.7209707481846,-12.6526915066492,-4.56081604237624e-05,0.0001150958808146,-0.719630162328014,0.0030234300752401,4.77903861593e-06,74.9023913730201,5720.270925222298,5645.368533849278,0.00035796313151679375,207.46346892617956
1412,56.48,210.214437668567,8.92262982066477,-218.638050490562,-13.6369053086256,433.56676364709,0,0,0,0,-17.7210954289568,-12.6443766015773,-4.56082576808429e-05,0.0001150952459152,-0.759011135664387,0.0030230885805425,4.70890218948e-06,74.85765525148041,5720.226206172317,5645.368550920836,0.00035249903659652034,207.46346955354778
1413,56.52,210.212817898979,8.92153964410001,-218.628216977436,-13.6370026011243,433.55649783344,0,0,0,0,-17.7212225413169,-12.6360330707063,-4.5608353272829e-05,0.0001150946056845,-0.798324921700358,0.0030227213317834,4.63973106756e-06,74.8135617726947,5720.182129996827,5645.368568224132,0.00034711641735841645,207.46347018943217
1414,56.56,210.211223652799,8.92049269266503,-218.618385744776,-13.6371017560762,433.546218460987,0,0,0,0,-17.7213520754863,-12.6276595854606,-4.56084472090357e-05,0.0001150939600864,-0.83756894707831,0.0030223284403703,4.5715238621e-06,74.77016258971675,5720.138748348643,5645.368585758926,0.0003418151450680789,207.46347083382398
1415,56.6,210.209656736982,8.91949064391109,-218.608557620266,-13.6372027659068,433.535926479244,0,0,0,0,-17.7214840215889,-12.6192549061142,-4.56085395001464e-05,0.0001150933090851,-0.876740643992528,0.0030219100247939,4.50427788775e-06,74.72750687295148,5720.096110397518,5645.368603524566,0.00033659497293181526,207.4634714866992
1416,56.64,210.208118729072,8.91853494185418,-218.598733429817,-13.6373056229671,433.525622840003,0,0,0,0,-17.7216183696515,-12.610818033036,-4.56086301571174e-05,0.0001150926526457,-0.915837450353222,0.0030214662106134,4.4379889401e-06,74.68563755038953,5720.054259070608,5645.368621520219,0.0003314555044288088,207.46347214802725
1417,56.68,210.206610849817,8.9176266696162,-218.588913997496,-13.6374103195334,433.51530849723,0,0,0,0,-17.7217551096038,-12.6023483464546,-4.5608719191266e-05,0.0001150919907331,-0.954856809950279,0.0030209971304397,4.37265112618e-06,74.64458784090164,5720.013227586159,5645.3686397452575,0.0003263961683023334,207.46347281778506
1418,56.72,210.205133854235,8.91676644053444,-218.579100145455,-13.6375168478079,433.504984406963,0,0,0,0,-17.7218942312797,-12.5938457270932,-4.56088066148903e-05,0.0001150913233128,-0.993796172616761,0.0030205029239161,4.30825675555e-06,74.60437829120782,5719.973036489256,5645.368658198048,0.00032141620151022543,207.46347349591264
1419,56.76,210.203687948083,8.91595431466391,-218.569292693872,-13.6376251999192,433.494651527209,0,0,0,0,-17.722035724417,-12.5853106507546,-4.56088924406588e-05,0.0001150906503507,-1.03265299439217,0.0030199837376975,4.24479629732e-06,74.56501450155801,5719.933691378835,5645.368676877277,0.00031651464100600175,207.46347418236164
1420,56.8,210.202272735021,8.91518974597856,-218.559492460879,-13.6377353679222,433.484310817844,0,0,0,0,-17.7221795786582,-12.5767442508353,-4.56089766819045e-05,0.0001150899718131,-1.07142473768543,0.0030194397254261,4.18225840576e-06,74.52648568869773,5719.895181469933,5645.368695781235,0.0003116903247927893,207.4634748770693
1421,56.84,210.200887197849,8.91447156364453,-218.549700262503,-13.6378473437989,433.473963240506,0,0,0,0,-17.7223257835509,-12.5681483441463,-4.56090593522107e-05,0.0001150892876662,-1.11010887143767,0.0030188710477064,4.1206300138e-06,74.48876417482799,5719.857479083128,5645.3687149083,0.00030694190214368086,207.46347557997595
1422,56.88,210.199529715477,8.91379798903561,-218.539916912601,-13.6379611194585,433.463609758501,0,0,0,0,-17.7224743285481,-12.5595254173214,-4.56091404660447e-05,0.0001150885978772,-1.1487028712847,0.0030182778720773,4.05989649034e-06,74.45180585045208,5719.820540106315,5645.368734255863,0.0003022678524479188,207.4634762909858
1423,56.92,210.19819811597,8.91316668881332,-218.5301432228,-13.6380766867376,433.453251336694,0,0,0,0,-17.722625203009,-12.5508785733672,-4.56092200382636e-05,0.0001150879024135,-1.18720421971913,0.0030176603729827,4.00004185458e-06,74.41555161628047,5719.784305438133,5645.368753821853,0.0002976665117752861,207.46347701002267
1424,56.96,210.196889764629,8.91257486305431,-218.520380002437,-13.6381940374007,433.442888941412,0,0,0,0,-17.7227783961988,-12.5422114400219,-4.56092980841353e-05,0.0001150872012425,-1.22561040625227,0.0030170187317393,3.94104903764e-06,74.37992978106502,5719.748703384769,5645.3687736037045,0.0002931361059471653,207.4634777369923
1425,57.0,210.19560168435,8.9120193656468,-218.510628058498,-13.6383131631408,433.432523540342,0,0,0,0,-17.7229338972896,-12.5335280433862,-4.56093746197417e-05,0.0001150864943323,-1.26391892757553,0.0030163531365022,3.88290017978e-06,74.34485933645115,5719.713652935098,5645.368793598647,0.0002886747885786135,207.4634784717929
1426,57.04,210.194330703266,8.91149685197906,-218.500888195563,-13.6384340555787,433.422156102429,0,0,0,0,-17.7230916953605,-12.5248326518598,-4.56094496617279e-05,0.0001150857816515,-1.3021272877214,0.0030156637822283,3.82557694997e-06,74.31025397360946,5719.679067778223,5645.368813804614,0.00028428068228548243,207.4634792143485
1427,57.08,210.193073622603,8.91100394683962,-218.491161215746,-13.6385567062646,433.411787597774,0,0,0,0,-17.7232517793981,-12.5161295970257,-4.56095232269623e-05,0.0001150850631691,-1.34023299822401,0.0030149508706371,3.76906087385e-06,74.27602665307346,5719.644860871069,5645.368834217996,0.0002799519210789712,207.46347996452644
1428,57.12,210.191827396357,8.91053742413919,-218.481447918637,-13.6386811066771,433.401418997532,0,0,0,0,-17.7234141382967,-12.5074230796749,-4.56095953332296e-05,0.0001150843388545,-1.37823357827905,0.0030142146101705,3.71333365555e-06,74.24209449077443,5719.610949327646,5645.368854836872,0.00027568669184778715,207.46348072225618
1429,57.16,210.190589314137,8.91009438980136,-218.471749101246,-13.6388072482244,433.391051273806,0,0,0,0,-17.7235787608589,-12.498716970414,-4.56096659984757e-05,0.0001150836086772,-1.4161265549032,0.0030134552159492,3.65837747952e-06,74.20838373632607,5719.577259394457,5645.3688756581305,0.0002714832730408457,207.46348148742334
1430,57.2,210.189357178873,8.90967245951417,-218.462065557942,-13.6389351222442,433.380685399545,0,0,0,0,-17.7237456357956,-12.490014614699,-4.56097352416543e-05,0.0001150828726081,-1.45390946309282,0.0030126729097279,3.6041752794e-06,74.17483460682071,5719.543731286184,5645.368896679363,0.0002673400687839539,207.46348225993938
1431,57.24,210.188129471305,8.90926992327405,-218.452398080403,-13.6390647200036,433.370322348438,0,0,0,0,-17.7239147517265,-12.4813186519056,-4.56098030819653e-05,0.0001150821306175,-1.49157984598205,0.0030118679198485,3.55071096326e-06,74.14140576389069,5719.510323661656,5645.368917897766,0.0002632556370220313,207.4634830397013
1432,57.28,210.186905493094,8.90888588853788,-218.442747457548,-13.6391960327001,433.359963094805,0,0,0,0,-17.7240860971804,-12.4726308573401,-4.56098695391987e-05,0.0001150813826773,-1.52913525500009,0.0030110404811899,3.49796958621e-06,74.10807820654827,5719.477017518101,5645.368939311553,0.00025922871043312294,207.46348382664348
1433,57.32,210.185685480401,8.90852039385896,-218.433114475485,-13.639329051461,433.349608613488,0,0,0,0,-17.7242596605956,-12.4639520153718,-4.56099346334902e-05,0.000115080628759,-1.56657325002781,0.0030101908351164,3.44593746456e-06,74.07485836401895,5719.443819281787,5645.368960917768,0.00025525820922237485,207.46348462065725
1434,57.36,210.184470680877,8.9081744859228,-218.423499917445,-13.6394637673444,433.339259879744,0,0,0,0,-17.7244354303197,-12.4552818307931,-4.56099983857378e-05,0.0001150798688356,-1.60389139955356,0.0030093192294239,3.39460222819e-06,74.04178018829299,5719.410762903028,5645.368982714735,0.0002513432452166738,207.46348542168099
1435,57.4,210.18326338918,8.90785025511865,-218.413904563731,-13.6396001713387,433.328917869131,0,0,0,0,-17.7246133946106,-12.4466188840706,-4.56100608172629e-05,0.0001150791028797,-1.64108728082819,0.0030084259182834,3.34395281079e-06,74.00890612203905,5719.377910822645,5645.369004700607,0.00024748311722215115,207.4634862296469
1436,57.44,210.182066938821,8.90755082743902,-218.404329191646,-13.6397382543631,433.318583557391,0,0,0,0,-17.7247935416361,-12.437960633992,-4.56101219498635e-05,0.0001150783308653,-1.67815848001933,0.0030075111621835,3.29397938072e-06,73.97632687684431,5719.345353750097,5645.369026873253,0.00024367729806172326,207.4634870444766
1437,57.48,210.180885650195,8.90728031256114,-218.394774575442,-13.639878007268,433.308257920343,0,0,0,0,-17.7249758594745,-12.4293034688498,-4.56101818053846e-05,0.0001150775527666,-1.71510259236479,0.0030065752278695,3.24467321774e-06,73.94416001797082,5719.313209249317,5645.369049231346,0.00023992541409815623,207.4634878661214
1438,57.52,210.179724735818,8.9070437091398,-218.385241486249,-13.6400194208349,433.297941933761,0,0,0,0,-17.7251603361147,-12.4206428050586,-4.56102404066792e-05,0.0001150767685584,-1.75191722232534,0.0030056183882822,3.19602654386e-06,73.91254738746413,5719.281619160092,5645.369071772629,0.00023622721836310574,207.46348869449827
1439,57.56,210.178590164843,8.90684676937898,-218.375730692019,-13.6401624857765,433.287636573259,0,0,0,0,-17.7253469594565,-12.4119732301824,-4.56102977767084e-05,0.0001150759782162,-1.78859998373661,0.0030046409224928,3.14803231769e-06,73.88165141540976,5719.250745911347,5645.369094495937,0.0002325825585174278,207.46348952956447
1440,57.6,210.17748849078,8.90669582680826,-218.36624295746,-13.6403071927372,433.277342814169,0,0,0,0,-17.7255357173108,-12.4032886854957,-4.56103539392844e-05,0.0001150751817159,-1.82514849996035,0.0030036431156366,3.10068400394e-06,73.85165043362406,5719.220767833172,5645.3691173995485,0.00022899134119389532,207.46349037125665
1441,57.64,210.176426649056,8.90659759389509,-218.356779043977,-13.640453532293,433.267061631431,0,0,0,0,-17.7257265973999,-12.3945826812692,-4.56104089180618e-05,0.0001150743790342,-1.86156040403502,0.0030026252588447,3.05397533006e-06,73.8227331662023,5719.191873648149,5645.369140481947,0.000225453494416594,207.46349121951917
1442,57.68,210.175411733487,8.90655893858176,-218.347339709606,-13.6406014949518,433.256793999462,0,0,0,0,-17.7259195873574,-12.3858485359944,-4.56104627378436e-05,0.0001150735701483,-1.8978333388256,0.0030015876491729,3.00790004278e-06,73.79509264781176,5719.1642563888445,5645.369163741033,0.00022196892999266107,207.46349207427482
1443,57.72,210.174450761825,8.90658664988499,-218.337925708953,-13.6407510711535,433.246540892047,0,0,0,0,-17.7261146747289,-12.3770796293148,-4.56105154234824e-05,0.0001150727550363,-1.9339649571729,0.0030005305895295,2.96245167688e-06,73.76891984238524,5719.138107018014,5645.369187175629,0.0002185375076955066,207.46349293548036
1444,57.76,210.173550440121,8.90668720232009,-218.328537793139,-13.6409022512699,433.23630328221,0,0,0,0,-17.7263118469715,-12.3682696577266,-4.56105670002149e-05,0.0001150719336765,-1.96995292204223,0.0029994543886008,2.91762334799e-06,73.74439723351142,5719.1136080166025,5645.369210783091,0.0002151590029048725,207.46349380303857
1445,57.8,210.172716935031,8.90686652826384,-218.319176709728,-13.6410550256054,433.2260821421,0,0,0,0,-17.7265110914548,-12.3594128820836,-4.56106174941743e-05,0.000115071106048,-2.00579490667142,0.0029983593607748,2.87340757946e-06,73.72169262625306,5719.090927187865,5645.369234561613,0.00021183307904567084,207.46349467688316
1446,57.84,210.171955663294,8.90712980749944,-218.309843202681,-13.6412093843967,433.215878442872,0,0,0,0,-17.7267123954603,-12.3505043562215,-4.56106669315732e-05,0.0001150702721302,-2.04148859471836,0.0029972458260628,2.82979617178e-06,73.70095341998808,5719.070211928779,5645.369258508791,0.00020855926602463096,207.46349555692572
1447,57.88,210.17127110829,8.90748128382659,-218.300538012288,-13.6413653178129,433.205693154564,0,0,0,0,-17.7269157461821,-12.3415401263906,-4.56107153394129e-05,0.000115069431904,-2.07703168040797,0.002996114110019,2.78678012102e-06,73.6823016162232,5719.051584238327,5645.369282622104,0.00020533694564400885,207.46349644307364
1448,57.92,210.17066667332,8.90792411841259,-218.291261875116,-13.6415228159558,433.195527245979,0,0,0,0,-17.7271211307268,-12.3325173919601,-4.56107627451311e-05,0.0001150685853499,-2.11242186867863,0.0029949645436585,2.74434959029e-06,73.6658298264185,5719.035136725047,5645.369306898629,0.00020216534471488543,207.46349733521947
1449,57.96,210.170144579308,8.90846028754911,-218.282015523954,-13.6416818688601,433.185381684573,0,0,0,0,-17.7273285361137,-12.3234346193552,-4.56108091764266e-05,0.0001150677324498,-2.14765687532799,0.0029937974633726,2.70249393576e-06,73.65159848771722,5719.020929823358,5645.369331335641,0.00019904353618603566,207.4634982332631
1450,58.0,210.169705811339,8.90909052925767,-218.272799687754,-13.6418424664933,433.175257436329,0,0,0,0,-17.727537949275,-12.3142916034519,-4.56108546623083e-05,0.0001150668731859,-2.18273442715835,0.0029926132108436,2.66120178627e-06,73.63963440903245,5719.008990338789,5645.369355929756,0.00019597044814649358,207.4634991370802
1451,58.04,210.169350115682,8.90981434037418,-218.263615091586,-13.6420045987558,433.165155465649,0,0,0,0,-17.7277493570558,-12.3050894732791,-4.56108992314107e-05,0.0001150660075408,-2.21765226212138,0.0029914121329565,2.62046117292e-06,73.62993068966865,5718.999311366968,5645.369380677299,0.00019294488014163437,207.46350004653561
1452,58.08,210.169076047471,8.91063002429622,-218.254462456577,-13.642168255481,433.155076735233,0,0,0,0,-17.7279627462144,-12.2958306413202,-4.56109429135777e-05,0.0001150651354988,-2.25240812946226,0.0029901945817096,2.58025970269e-06,73.62244801564944,5718.991853591088,5645.369405575439,0.00018996552598856122,207.4635009615254
1453,58.12,210.168881068437,8.91153478877826,-218.245342499868,-13.6423334264357,433.145022205963,0,0,0,0,-17.7281781034221,-12.2865186979533,-4.56109857387991e-05,0.0001150642570439,-2.28699978986315,0.0029889609141237,2.54058476828e-06,73.61711732177899,5718.986547941332,5645.369430619553,0.00018703100212050862,207.4635018818796
1454,58.16,210.168761692366,8.91252489145565,-218.23625593456,-13.6425001013197,433.134992836791,0,0,0,0,-17.7283954152638,-12.2771582547269,-4.56110277377373e-05,0.0001150633721611,-2.32142501558611,0.0029877114921485,2.50142378486e-06,73.61384374651227,5718.983299552984,5645.369455806472,0.0001841398802543696,207.46350280748183
1455,58.2,210.168713672801,8.91359582761163,-218.227203469667,-13.6426682697661,433.124989584623,0,0,0,0,-17.7286146682375,-12.2677547425889,-4.56110689419617e-05,0.0001150624808363,-2.35568159061512,0.0029864466825677,2.46276444288e-06,73.61251174221782,5718.981992874066,5645.369481131848,0.00018129072294616682,207.46350373817225
1456,58.24,210.168732224092,8.91474255129614,-218.218185810067,-13.6428379213416,433.115013404204,0,0,0,0,-17.728835848755,-12.2583141735604,-4.56111093829589e-05,0.0001150615830562,-2.38976731079754,0.002985166856903,2.42459496562e-06,73.61299108831294,5718.982497680406,5645.369506592093,0.00017848212034380392,207.463504673819
1457,58.28,210.168812265072,8.91595971906702,-218.209203656453,-13.643009045546,433.105065248004,0,0,0,0,-17.7290589431413,-12.2488428762771,-4.56111490929742e-05,0.0001150606788078,-2.42367998398466,0.0029838723913155,2.38690435963e-06,73.61514352373086,5718.984675706409,5645.369532182678,0.0001757127264210541,207.46350561425567
1458,58.32,210.168948674815,8.91724194581584,-218.200257705288,-13.6431816318128,433.0951460661,0,0,0,0,-17.7292839376354,-12.239347216993,-4.56111881048823e-05,0.0001150597680795,-2.45741743017138,0.0029825636665058,2.34968264673e-06,73.61882970429366,5718.98838760458,5645.369557900286,0.00017298129307989247,207.46350655936033
1459,58.36,210.16913655077,8.9185840629692,-218.191348648756,-13.643355669509,433.085256806065,0,0,0,0,-17.7295108183897,-12.2298333180592,-4.56112264516816e-05,0.00011505885086,-2.49097748163513,0.0029812410676131,2.31292106683e-06,73.62391622920589,5718.993499969711,5645.369583740505,0.00017028670072875493,207.46350750897085
1460,58.4,210.169371459314,8.919981369114,-218.182477174715,-13.6435311479349,433.07539841285,0,0,0,0,-17.7297395714704,-12.2203067860636,-4.56112641673145e-05,0.000115057927139,-2.52435798307372,0.0029799049841122,2.27661224225e-06,73.63028245720875,5718.999892156777,5645.369609699568,0.00016762798406632753,207.46350846294885
1461,58.44,210.169649667396,8.921429861704,-218.173643966649,-13.6437080563248,433.065571828665,0,0,0,0,-17.7299701828577,-12.210772461713,-4.56113012862658e-05,0.0001150569969067,-2.55755679174235,0.0029785558097084,2.24075029574e-06,73.63782681007794,5719.007462584284,5645.3696357742065,0.00016500435193588347,207.46350942117414
1462,58.48,210.169968343087,8.92292643768575,-218.164849703619,-13.6438863838464,433.055777992867,0,0,0,0,-17.7302026384453,-12.2012342030767,-4.56113378430801e-05,0.0001150560601548,-2.59057177758953,0.0029771939422325,2.20533091628e-06,73.64647223121467,5719.016134191521,5645.369661960306,0.00016241520026571664,207.46351038349556
1463,58.52,210.170325714311,8.92446905229441,-218.156095060216,-13.6440661196011,433.046017841834,0,0,0,0,-17.730436924041,-12.1916947125836,-4.56113738732225e-05,0.000115055116875,-2.62340082339211,0.0029758197835321,2.17035136901e-06,73.65617050327089,5719.025858757842,5645.369688254571,0.00015986011744043268,207.463511349792
1464,58.56,210.170721178346,8.92605682862744,-218.147380706512,-13.644247252624,433.036292308854,0,0,0,0,-17.7306730253664,-12.1821554162454,-4.5611409412668e-05,0.0001150541670606,-2.65604182488916,0.0029744337393634,2.13581044798e-06,73.66690522834273,5719.0366198823485,5645.369714654006,0.00015733888190307474,207.46351231995334
1465,58.6,210.171155357992,8.92769011388437,-218.138707308009,-13.6444297718838,433.026602324,0,0,0,0,-17.7309109280572,-12.1726164012724,-4.56114444977624e-05,0.0001150532107055,-2.68849269091491,0.0029730362192808,2.10170837295e-06,73.67869335753241,5719.048434512289,5645.369741154756,0.00015485145219013504,207.46351329383796
1466,58.64,210.17163010188,8.92937047974185,-218.130075525591,-13.6446136662831,433.016948814012,0,0,0,0,-17.7311506176627,-12.1630764159163,-4.56114791653338e-05,0.0001150522478042,-2.72075134353065,0.0029716276365249,2.06804663361e-06,73.69158519749618,5719.061352951476,5645.369767753979,0.00015239794985913367,207.46351427134138
1467,58.68,210.172148426787,8.93110066474525,-218.121486015473,-13.6447989246582,433.007332702173,0,0,0,0,-17.7313920796465,-12.1535329330996,-4.56115134531386e-05,0.0001150512783526,-2.75281571815558,0.0029702084079096,2.03482778721e-06,73.70566284200336,5719.075457290594,5645.369794448591,0.00014997863600633605,207.46351525235028
1468,58.72,210.172714401159,8.93288445790215,-218.112939429154,-13.644985535779,432.99775490819,0,0,0,0,-17.731635299386,-12.1439822768355,-4.56115473986943e-05,0.0001150503023472,-2.7846837636967,0.0029687789537079,2.00205521695e-06,73.72103700238318,5719.090858237697,5645.369821235314,0.00014759388222068714,207.4635162367442
1469,58.76,210.173332972471,8.93472652611125,-218.10443641336,-13.6451734883494,432.988216348069,0,0,0,0,-17.7318802621728,-12.1344198075688,-4.56115810409228e-05,0.0001150493197853,-2.81635344267766,0.0029673396975361,1.96973286068e-06,73.73784230896827,5719.107690420436,5645.369848111467,0.0001452441371637646,207.4635172244246
1470,58.8,210.17400974557,8.93663219257931,-218.095977609998,-13.6453627710071,432.978717933996,0,0,0,0,-17.7321269532123,-12.1248401595577,-4.56116144183228e-05,0.0001150483306652,-2.84782273136671,0.002965891066237,1.93786492057e-06,73.75623128054352,5719.126106354467,5645.369875073923,0.00014292989025083342,207.46351821527662
1471,58.84,210.174750722386,8.93860717660903,-218.087563656111,-13.6455533723233,432.969260574211,0,0,0,0,-17.7323753576242,-12.1152375207797,-4.56116475706244e-05,0.000115047334986,-2.87908961990365,0.0029644334897615,1.90645556513e-06,73.77636724125989,5719.1462693606245,5645.369902119364,0.000140651634048265,207.46351920917826
1472,58.88,210.175562014189,8.94065730592076,-218.079195183818,-13.6457452808035,432.95984517289,0,0,0,0,-17.732625460442,-12.1056059438885,-4.56116805374522e-05,0.0001150463327477,-2.91015211242597,0.0029629674010494,1.87550863546e-06,73.79841649032336,5719.168345735035,5645.369929244711,0.0001384098269997009,207.46352020601637
1473,58.92,210.176449537094,8.94278821223469,-218.070872820272,-13.6459384848866,432.950472630018,0,0,0,0,-17.7328772466135,-12.0959396753859,-4.56117133594991e-05,0.0001150453239511,-2.94100822719401,0.0029614932359095,1.84502736726e-06,73.82254001725177,5719.192496463386,5645.369956446135,0.0001362048579541665,207.46352120565027
1474,58.96,210.177418702089,8.94500502137359,-218.062597187614,-13.6461329729456,432.941143841275,0,0,0,0,-17.7331307010006,-12.0862334890046,-4.56117460772596e-05,0.0001150443085978,-2.97165599671533,0.0029600114328974,1.81501413938e-06,73.84888506556102,5719.218868786163,5645.369983720601,0.0001340370138505171,207.46352220796842
1475,59.0,210.178474112979,8.94731205127695,-218.054368902919,-13.6463287332873,432.931859697908,0,0,0,0,-17.7333858083792,-12.0764830084364,-4.56117787324024e-05,0.0001150432866906,-3.00209346786823,0.0029585224331937,1.78547025886e-06,73.8775769149545,5719.247587979279,5645.370011064325,0.00013190645189334018,207.46352321283175
1476,59.04,210.179619287628,8.9497125333188,-218.046188578158,-13.6465257541525,432.92262108662,0,0,0,0,-17.7336425534394,-12.0666850042519,-4.56118113663251e-05,0.0001150422582326,-3.03231870202447,0.00295702668048,1.75639579049e-06,73.9087112958992,5719.27874976869,5645.370038472791,0.0001298131774039764,207.4635242200743
1477,59.08,210.180856417542,8.95220837196173,-218.03805682015,-13.6467240237157,432.913428889445,0,0,0,0,-17.7339009207855,-12.0568376505223,-4.56118440215112e-05,0.000115041223228,-3.06232977517117,0.0029555246208143,1.72778943741e-06,73.94234784639129,5719.312413788312,5645.370065941921,0.00012775702832353502,207.4635252295462
1478,59.12,210.182186177805,8.95479995477064,-218.029974230518,-13.6469235300856,432.904283983638,0,0,0,0,-17.7341608949361,-12.0469407283738,-4.56118767402397e-05,0.0001150401816817,-3.09212477803195,0.0029540167025059,1.69964847681e-06,73.97850494044052,5719.348598408116,5645.370093467675,0.00012573766694853487,207.46352624109903
1479,59.16,210.183607595748,8.95748602115244,-218.021941405651,-13.6471242613047,432.895187241552,0,0,0,0,-17.7344224603238,-12.0369957660661,-4.56119095657435e-05,0.0001150391335993,-3.12170181618724,0.002952503375989,1.67196875254e-06,74.01715611576032,5719.387277160431,5645.370121044671,0.00012375457909121545,207.46352725453494
1480,59.2,210.185117984507,8.96026359598724,-218.013958936662,-13.6473262053493,432.886139530531,0,0,0,0,-17.7346856012956,-12.0270061077715,-4.56119425411305e-05,0.0001150380789874,-3.15105901019384,0.002950985093695,1.64474472408e-06,74.05822826365988,5719.428376931963,5645.370148668303,0.00012180708055292003,207.4635282696847
1481,59.24,210.186712946819,8.96312799350179,-218.00602740935,-13.6475293501301,432.877141712797,0,0,0,0,-17.7349503021127,-12.0169769059495,-4.5611975710397e-05,0.0001150370178532,-3.18019449570358,0.0029494623099252,1.6179695688e-06,74.10160173406669,5719.47177806709,5645.370176333023,0.00011989433059043559,207.46352928634442
1482,59.28,210.188386452912,8.9660728952323,-217.998147404163,-13.6477336834914,432.868194645334,0,0,0,0,-17.7352165469507,-12.0069150353337,-4.56120091174579e-05,0.0001150359502046,-3.20910642358125,0.0029479354807218,1.59163533259e-06,74.14711245364087,5719.5173164873595,5645.370204033718,0.00011801535182814258,207.4635303043262
1483,59.32,210.190130992501,8.96909050209339,-217.990319496162,-13.6479391932118,432.859299179781,0,0,0,0,-17.7354843198994,-11.9968289300307,-4.56120428070262e-05,0.0001150348760505,-3.23779296002155,0.0029464050637382,1.56573312175e-06,74.1945560629688,5719.564787827508,5645.370231764538,0.00011616905577106587,207.46353132341505
1484,59.36,210.191937795551,8.97217175521439,-217.982544254986,-13.648145867004,432.850456162327,0,0,0,0,-17.735753604963,-11.9867283489676,-4.5612076823838e-05,0.0001150337954002,-3.26625228666525,0.0029448715181089,1.5402533273e-06,74.24369392317455,5719.6139534427275,5645.370259519553,0.00011435427273076146,207.46353234339304
1485,59.4,210.193797112122,8.9753066158622,-217.974822244822,-13.6483536925145,432.841666433596,0,0,0,0,-17.7360243860601,-11.9766240783041,-4.56121112131225e-05,0.0001150327082644,-3.29448260071431,0.0029433353043186,1.51518587191e-06,74.29426073044903,5719.6645480236375,5645.370287293188,0.0001125697847869218,207.4635333640553
1486,59.44,210.195698539918,8.97848439306084,-217.967154024366,-13.6485626573242,432.832930828547,0,0,0,0,-17.7362966470239,-11.9665275820844,-4.56121460206422e-05,0.000115031614654,-3.32248211504611,0.0029417968840707,1.49052046848e-06,74.34597343019345,5719.716288509345,5645.370315079152,0.00011081436031784582,207.46353438517065
1487,59.48,210.197631388106,8.98169410748735,-217.959540146796,-13.648772748948,432.824250176363,0,0,0,0,-17.7365703716018,-11.9564506145395,-4.5612181292069e-05,0.0001150305145808,-3.35024905832659,0.0029402567201549,1.46624687942e-06,74.39854111594256,5719.768883987468,5645.370342871525,0.00010908678869281487,207.46353540652157
1488,59.52,210.199585065278,8.9849248795049,-217.951981159741,-13.6489839548352,432.815625300349,0,0,0,0,-17.7368455434558,-11.9464048091053,-4.56122170737147e-05,0.0001150294080575,-3.37778167512239,0.0029387152763147,1.44235516568e-06,74.45167558680481,5719.822046251115,5645.370370664311,0.0001073859137647869,207.4635364278876
1489,59.56,210.201549476951,8.98816632673837,-217.944477605245,-13.6491962623689,432.807057017826,0,0,0,0,-17.7371221461624,-11.9364012605386,-4.56122534121072e-05,0.0001150282950976,-3.40507822601188,0.002937173017114,1.41883591519e-06,74.50510216450144,5719.8755006154115,5645.37039845091,0.00010571066480198269,207.4635374490263
1490,59.6,210.203515415323,8.99140895390302,-217.93703001974,-13.6494096588667,432.798546140026,0,0,0,0,-17.7374001632128,-11.9264501171464,-4.56122903539609e-05,0.0001150271757153,-3.43213698769503,0.0029356304078041,1.39568044139e-06,74.55857029734449,5719.928996523305,5645.37042622596,0.00010406008353662842,207.46353846974057
1491,59.64,210.205474923501,8.99464451710935,-217.929638934014,-13.6496241315806,432.790093471987,0,0,0,0,-17.7376795780128,-11.9165601999062,-4.56123279463938e-05,0.0001150260499256,-3.45895625310214,0.002934087914189,1.37288094403e-06,74.61186347359492,5719.982317456706,5645.3704539831115,0.00010243334619025549,207.46353948979709
1492,59.68,210.20742161887,8.99786634729942,-217.922304873182,-13.6498396676967,432.781699812449,0,0,0,0,-17.7379603738828,-11.9067386640518,-4.56123662364497e-05,0.0001150249177438,-3.48553433150136,0.0029325460024914,1.35043062614e-06,74.66480801915952,5720.035289735817,5645.370481716657,0.0001008297796075589,207.46354050898609
1493,59.72,210.209350963777,9.00106962101115,-217.91502835665,-13.6500562543356,432.773365953752,0,0,0,0,-17.7382425340581,-11.8969907169846,-4.5612405271618e-05,0.0001150237791869,-3.51186954860504,0.0029310051392176,1.32832376299e-06,74.71728046424766,5720.087789884808,5645.370509420561,9.924887098128245e-05,207.46354152708577
1494,59.76,210.211260474025,9.00425156894068,-217.90780989809,-13.6502738785523,432.765092681727,0,0,0,0,-17.7385260416886,-11.8873194042827,-4.56124450996304e-05,0.0001150226342714,-3.53796024667483,0.0029294657910224,1.30655572118e-06,74.76921321612595,5720.139750305238,5645.370537089112,9.769027093343901e-05,207.4635425438863
1495,59.8,210.213149856217,9.00741161336101,-217.900650005402,-13.6504925273362,432.756880775594,0,0,0,0,-17.7388108798393,-11.8777254732506,-4.56124857683504e-05,0.000115021483016,-3.56380478462553,0.0029279284245735,1.28512292784e-06,74.82059829660552,5720.191163013365,5645.37056471676,9.615378991511423e-05,207.46354355918362
1496,59.84,210.215021065796,9.01055142623602,-217.893549180688,-13.6507121876115,432.74873100786,0,0,0,0,-17.73909703149,-11.8682073206537,-4.56125273257136e-05,0.000115020325439,-3.58940153812772,0.0029263935064159,1.26402279238e-06,74.87148892140112,5720.242081219507,5645.370592298106,9.463938812242133e-05,207.46354457277943
1497,59.88,210.216878280589,9.01367490283372,-217.886507920218,-13.6509328462366,432.74064414421,0,0,0,0,-17.7393844795358,-11.8587610279593,-4.56125698200875e-05,0.0001150191615599,-3.6147488997092,0.0029248615028364,1.24325358485e-06,74.92199878095018,5720.292618608123,5645.370619827173,9.314715937408345e-05,207.46354558445398
1498,59.92,210.218727789641,9.01678805063722,-217.879526714396,-13.6511544900051,432.732620943406,0,0,0,0,-17.7396732067867,-11.8493804838982,-4.56126132997305e-05,0.000115017991399,-3.63984527885517,0.0029233328797273,1.22281427696e-06,74.97229901371185,5720.342946312849,5645.370647299137,9.167730971480416e-05,207.46354659403005
1499,59.96,210.22057780201,9.01989879820347,-217.872606047732,-13.6513771056449,432.724662157183,0,0,0,0,-17.739963195968,-11.8400575906447,-4.56126578133174e-05,0.0001150168149772,-3.66468910210721,0.0029218081024509,1.20270435336e-06,75.02261300528035,5720.393287713527,5645.370674708246,9.023013178206552e-05,207.46354760129623
1500,60.0,210.222438182972,9.02301673145077,-217.865746398807,-13.6516006798191,432.716768530147,0,0,0,0,-17.7402544297206,-11.8307825467691,-4.56127034095365e-05,0.000115015632316,-3.68927881316112,0.002920287635703,1.18292360156e-06,75.07320920896164,5720.44391125799,5645.370702049028,8.880597606881731e-05,207.46354860605146
1501,60.04,210.2243201263,9.02615276600232,-217.858948240245,-13.6518251991257,432.708940799669,0,0,0,0,-17.7405468906006,-11.8215441971017,-4.56127501371122e-05,0.0001150144434378,-3.71361287296354,0.0029187719433764,1.16347188999e-06,75.12439222836079,5720.495121544318,5645.370729315957,8.740522030379785e-05,207.46354960809262
1502,60.08,210.226235772667,9.02931876565839,-217.852212038679,-13.6520506500976,432.701179695785,0,0,0,0,-17.7408405610801,-11.8123304368961,-4.56127980450569e-05,0.0001150132483659,-3.73768975980753,0.0029172614884249,1.14434894363e-06,75.17649243327618,5720.54724893705,5645.370756503774,8.602823814815172e-05,207.46355060722647
1503,60.12,210.228197787272,9.03252712010007,-217.845538254723,-13.6522770192032,432.693485941098,0,0,0,0,-17.7411354235466,-11.8031286551654,-4.5612847182594e-05,0.0001150120471238,-3.76150796942692,0.0029157567327267,1.12555412696e-06,75.2298544672735,5720.6006380738045,5645.370783606531,8.467536847295032e-05,207.46355160323444
1504,60.16,210.2302189135,9.03579029861241,-217.838927342941,-13.6525042928459,432.685860250675,0,0,0,0,-17.7414314603038,-11.79392620012,-4.56128975987573e-05,0.000115010839736,-3.78506601508967,0.0029142581369483,1.10708624321e-06,75.28482510136836,5720.65563571975,5645.370810618381,8.334688646438722e-05,207.46355259590163
1505,60.2,210.232311521542,9.0391203987794,-217.832379751822,-13.6527324573647,432.678303331949,0,0,0,0,-17.7417286535715,-11.7847108484796,-4.56129493431293e-05,0.0001150096262278,-3.80836242769014,0.0029127661604089,1.08894335813e-06,75.34174095137661,5720.712578484927,5645.37083753355,8.204297773910828e-05,207.46355358501583
1506,60.24,210.234487170499,9.0425287086546,-217.825895923747,-13.6529614990343,432.670815884626,0,0,0,0,-17.7420269854858,-11.7754712600697,-4.56130024653059e-05,0.0001150084066247,-3.83139575584026,0.0029112812609445,1.07112265556e-06,75.4009165626146,5720.771780908496,5645.370864345881,8.076371648805221e-05,207.46355457035085
1507,60.28,210.236756200496,9.04602529894432,-217.819476294968,-13.6531914040651,432.663398600585,0,0,0,0,-17.7423264380994,-11.7661973994502,-4.56130570149976e-05,0.0001150071809535,-3.85416456595971,0.0029098038947722,1.05362033028e-06,75.46263331039181,5720.83352435959,5645.370891049199,7.95090484046434e-05,207.46355555167966
1508,60.32,210.239127369853,9.04961866025044,-217.813121295581,-13.6534221586032,432.656052163787,0,0,0,0,-17.7426269933815,-11.7568809073639,-4.56131130421546e-05,0.0001150059492412,-3.8766674423651,0.0029083345163543,1.03643152244e-06,75.52712952745979,5720.898047164235,5645.370917636776,7.82787789722623e-05,207.4635565287551
1509,60.36,210.24160755202,9.05331540006592,-217.8068313495,-13.653653748731,432.648777250185,0,0,0,0,-17.7429286332184,-11.7475154064951,-4.56131705968646e-05,0.0001150047115157,-3.89890298735805,0.0029068735782635,1.01955029585e-06,75.59459225679105,5720.965536358532,5645.370944101741,7.707256747943041e-05,207.46355750132466
1510,60.4,210.244201506353,9.05712001362732,-217.80060687444,-13.6538861604672,432.641574527633,0,0,0,0,-17.7432313394136,-11.7380967285796,-4.56132297295761e-05,0.0001150034678053,-3.92086982131228,0.0029054215310474,1.00296966071e-06,75.66515101336904,5721.036121451153,5645.370970437784,7.588992695474394e-05,207.4635584691564
1511,60.44,210.246911734207,9.06103474007004,-217.794448281891,-13.6541193797668,432.634444655795,0,0,0,0,-17.743535093688,-11.7286230530955,-4.56132904905937e-05,0.0001150022181395,-3.94256658275972,0.0029039788230939,9.8668163977e-07,75.73887387036856,5721.109870507436,5645.370996637068,7.473022999969434e-05,207.46355943196232
1512,60.48,210.249738426846,9.06505951040462,-217.788355977101,-13.6543533925215,432.627388286063,0,0,0,0,-17.7438398776801,-11.7190949514744,-4.56133529306067e-05,0.0001150009625475,-3.96399192847543,0.0029025459004969,9.70677374929e-07,75.81576603898229,5721.1867887319395,5645.371022692957,7.3592720191739e-05,207.4635603894986
1513,60.52,210.252679506274,9.06919198841721,-217.782330359056,-13.6545881845598,432.620406061473,0,0,0,0,-17.7441456729464,-11.7095153347274,-4.56134171003649e-05,0.0001149997010602,-3.98514453356165,0.0029011232069233,9.54947270066e-07,75.89577098216617,5721.266819579511,5645.371048597345,7.247652852023698e-05,207.4635613414673
1514,60.56,210.255730756194,9.07342770168795,-217.776371820464,-13.6548237416476,432.613498616618,0,0,0,0,-17.7444524609616,-11.6998893063088,-4.56134830508452e-05,0.0001149984337084,-4.00602309153058,0.0028997111834786,9.39481164297e-07,75.97877397604502,5721.349848318867,5645.371074342822,7.138069409769097e-05,207.46356228759615
1515,60.6,210.258886038123,9.07776025777746,-217.770480747739,-13.6550600494877,432.606666577572,0,0,0,0,-17.744760223119,-11.6902239259653,-4.56135508331468e-05,0.0001149971605235,-4.02662631438617,0.002898310268575,9.24268528999e-07,76.06460799162946,5721.435707913376,5645.3710999217465,7.030418831725767e-05,207.46356322760428
1516,60.64,210.262137585817,9.08218163871367,-217.764657520983,-13.6552970937206,432.599910561807,0,0,0,0,-17.7450689407307,-11.6805278938515,-4.56136204981322e-05,0.0001149958815383,-4.04695293270472,0.0028969208977977,9.0929868104e-07,76.1530617066376,5721.5241870327745,5645.371125326137,6.92459415322466e-05,207.46356416119843
1517,60.68,210.265476367935,9.08668256371559,-217.758902513974,-13.6555348599248,432.593231178118,0,0,0,0,-17.745378595028,-11.6708111674218,-4.56136920975349e-05,0.0001149945967851,-4.06700169571431,0.0028955435037739,8.94561004178e-07,76.24388937340379,5721.615039921758,5645.371150548354,6.820487125372655e-05,207.46356508809782
1518,60.72,210.268892504648,9.09125290587481,-217.753216094153,-13.6557733336164,432.586629026543,0,0,0,0,-17.7456891671615,-11.6610845261926,-4.56137656824809e-05,0.0001149933062979,-4.08677137137306,0.0028941785160406,8.80045170433e-07,76.33682215620195,5721.707997736484,5645.3711755802815,6.717991078612439e-05,207.4635660080042
1519,60.76,210.272375720532,9.09588214509814,-217.747598622606,-13.6560125002503,432.58010469829,0,0,0,0,-17.7460006382018,-11.6513591014498,-4.56138413047539e-05,0.0001149920101105,-4.10626074644614,0.0028928263609143,8.65741353336e-07,76.43158045471004,5721.802780868425,5645.371200413714,6.617003718660758e-05,207.46356692061602
1520,60.8,210.275915814897,9.10055983851188,-217.742050454058,-13.6562523452197,432.573658775663,0,0,0,0,-17.7463129891398,-11.6416458892823,-4.56139190158626e-05,0.0001149907082582,-4.12546862658149,0.0028914874613615,8.51640425387e-07,76.52788670149873,5721.899111742667,5645.371225041168,6.517429748949896e-05,207.46356782565826
1521,60.84,210.27950313173,9.10527609045341,-217.736571936855,-13.6564928538567,432.567291831988,0,0,0,0,-17.7466262008867,-11.6319552657369,-4.56139988677367e-05,0.0001149894007765,-4.14439383638432,0.0028901622368688,8.37734132771e-07,76.62547815108704,5721.996727605714,5645.371249454627,6.419183226275304e-05,207.46356872283636
1522,60.88,210.283129012604,9.11002200545226,-217.731163412955,-13.6567340114328,432.56100443154,0,0,0,0,-17.7469402542749,-11.6222965226732,-4.56140809120964e-05,0.0001149880877013,-4.16303521949025,0.0028888511033148,8.240152413e-07,76.72411920395915,5722.0953928497665,5645.371273645807,6.322189569518599e-05,207.46356961184583
1523,60.92,210.286786216373,9.11479010797291,-217.725825217912,-13.6569758031588,432.554797129471,0,0,0,0,-17.747255130058,-11.6126774418375,-4.56141652011339e-05,0.0001149867690699,-4.18139163863712,0.0028875544728417,8.10477648699e-07,76.82361282553423,5722.194910433205,5645.371297607671,6.226387155087753e-05,207.4635704924281
1524,60.96,210.290469289263,9.11957471257648,-217.72055768087,-13.6572182141855,432.548670471742,0,0,0,0,-17.7475708089115,-11.6031039232341,-4.56142517866321e-05,0.0001149854449194,-4.1994619757355,0.0028862727537286,7.97116459649e-07,76.92381061899411,5722.295131951281,5645.371321332287,6.131728446033943e-05,207.46357136429165
1525,61.0,210.294174869958,9.12437222905663,-217.715361124546,-13.6574612296037,432.542624995051,0,0,0,0,-17.7478872714332,-11.5935796818955,-4.56143407210136e-05,0.0001149841152887,-4.21724513193774,0.0028850063502644,7.83928021372e-07,77.02462112583817,5722.395965937927,5645.371344812089,6.03818061710961e-05,207.46357222715847
1526,61.04,210.297901916983,9.12918138988199,-217.710235865217,-13.6577048344448,432.536661226763,0,0,0,0,-17.7482044981434,-11.5841060248829,-4.56144320564136e-05,0.0001149827802164,-4.2347400277058,0.0028837556626231,7.70909918999e-07,77.12601601320713,5722.497384053165,5645.371368039958,5.945725659364595e-05,207.4635730807669
1527,61.08,210.301651849641,9.13400339119293,-217.705182212712,-13.657949013681,432.530779684841,0,0,0,0,-17.7485224694856,-11.574681717593,-4.56145258452609e-05,0.0001149814397421,-4.25194560287751,0.0028825210867387,7.58060931384e-07,77.22803391014848,5722.599424918195,5645.371391008047,5.8543599694498004e-05,207.46357392482864
1528,61.12,210.305428597251,9.13884194209099,-217.700200470398,-13.6581937522261,432.524980877784,0,0,0,0,-17.7488411658271,-11.5653029453697,-4.56146221397242e-05,0.000114980093906,-4.26886081673169,0.0028813030141822,7.45380949422e-07,77.33078174560931,5722.702195455236,5645.371413709627,5.764093448154221e-05,207.4635747590963
1529,61.16,210.309238553724,9.14370321927421,-217.695290935166,-13.658439034935,432.519265304551,0,0,0,0,-17.7491605674592,-11.5559633731838,-4.56147209926817e-05,0.0001149787427497,-4.2854846480517,0.0028801018320386,7.3287086024e-07,77.43443351414133,5722.805869651465,5645.371436137324,5.674948149174716e-05,207.463575583299
1530,61.2,210.313090436463,9.14859572598756,-217.690453897423,-13.6586848466052,432.513633454503,0,0,0,0,-17.749480654598,-11.5466543029237,-4.56148224562435e-05,0.0001149773863145,-4.30181609518776,0.0028789179227856,7.20532401721e-07,77.53922643557544,5722.9106847195035,5645.371458283928,5.5869565307045705e-05,207.4635763971717
1531,61.24,210.316995051412,9.15353005712855,-217.685689641073,-13.6589311719764,432.508085807333,0,0,0,0,-17.7498014073848,-11.537364924638,-4.56149265832383e-05,0.0001149760246428,-4.31785417611786,0.0028777516641723,7.0836799285e-07,77.64545456118321,5723.016934704062,5645.371480142879,5.500159376279981e-05,207.4635772004733
1532,61.28,210.32096497031,9.15851857655026,-217.680998443514,-13.6591779957312,432.502622833005,0,0,0,0,-17.7501228058867,-11.5280826548407,-4.56150334263259e-05,0.0001149746577779,-4.33359792850742,0.0028766034290999,6.96380546065e-07,77.7534599925859,5723.124961699584,5645.371501706998,5.4146034634325274e-05,207.4635779929401
1533,61.32,210.325014130621,9.16357501705004,-217.676380575621,-13.6594253024958,432.497244991688,0,0,0,0,-17.7504448300972,-11.518793551665,-4.5615143037976e-05,0.0001149732857635,-4.34904640976754,0.0028754735855032,6.84573268374e-07,77.86362199477595,5723.235144963783,5645.371522969007,5.3303390686477826e-05,207.4635787743045
1534,61.36,210.329157371885,9.16871401675978,-217.671836301734,-13.65967307684,432.491952733699,0,0,0,0,-17.7507674599367,-11.5094827935124,-4.56152554708792e-05,0.0001149719086439,-4.36419869711204,0.0028743624962326,6.72949458265e-07,77.9763443784951,5723.3478883011085,5645.3715439226135,5.247417401946034e-05,207.46357954433535
1535,61.4,210.333409923807,9.17395060729852,-217.667365879654,-13.6599213032782,432.48674649944,0,0,0,0,-17.7510906752534,-11.5001352051792,-4.56153707775146e-05,0.0001149705264638,-4.3790538876132,0.0028732705189388,6.61512305488e-07,78.09204157292828,5723.463606132943,5645.371564560015,5.165888063415776e-05,207.46358030274587
1536,61.44,210.337786862572,9.17929967012549,-217.662969560625,-13.6601699662693,432.481626719341,0,0,0,0,-17.7514144558238,-11.4907358133957,-4.56154890104385e-05,0.0001149691392691,-4.39361109825623,0.0028721980059571,6.5026470054e-07,78.21112382872035,5723.582708703176,5645.371584874455,5.085796608651978e-05,207.46358104928777
1537,61.48,210.342302553487,9.18477537923606,-217.658647589335,-13.6604190502177,432.476593813803,0,0,0,0,-17.7517387813531,-11.4812704122546,-4.56156102219674e-05,0.0001149677471061,-4.4078694659925,0.0028711453041941,6.39209060256e-07,78.33398205282116,5723.70558691172,5645.371604858899,5.0071823060457146e-05,207.46358178370258
1538,61.52,210.346970100428,9.19039065065441,-217.654400203896,-13.6606685394739,432.471648193143,0,0,0,0,-17.7520636314764,-11.4717261179543,-4.56157344647058e-05,0.0001149663500214,-4.42182814779162,0.0028701127550141,6.28347175218e-07,78.46097282727656,5723.832597333205,5645.371624505929,4.9300761618869784e-05,207.4635825057176
1539,61.56,210.351800824126,9.19615662076615,-217.650227635848,-13.6609184183346,432.466790257542,0,0,0,0,-17.7523889857591,-11.4620918918053,-4.56158617908515e-05,0.0001149649480621,-4.43548632069217,0.0028691006941282,6.1768008387e-07,78.59240421224858,5723.964048020411,5645.371643808162,4.854499281064188e-05,207.4635832150616
1540,61.6,210.356803790866,9.20208217506109,-217.646130110146,-13.6611686710434,432.462020396994,0,0,0,0,-17.7527148236975,-11.4523590107952,-4.5615992252519e-05,0.0001149635412765,-4.44884318185137,0.002868109451484,6.07207977219e-07,78.72852292130148,5724.100185679518,5645.371662758217,4.780461617982744e-05,207.46358391146327
1541,61.64,210.361985410606,9.20817354630099,-217.64210784516,-13.6614192817917,432.457338991257,0,0,0,0,-17.75304112472,-11.4425214666158,-4.56161259019276e-05,0.0001149621297126,-4.46189794859349,0.0028671393511564,5.96930136843e-07,78.86950338624257,5724.241184734368,5645.371681348126,4.7079611552328195e-05,207.46358459462982
1542,61.68,210.367349120176,9.21443399775567,-217.638161052667,-13.6616702347189,432.452746409806,0,0,0,0,-17.7533678681875,-11.4325762767207,-4.56162627910022e-05,0.0001149607134194,-4.47464985845704,0.0028661907112407,5.86844907723e-07,79.0154391354703,5724.38713870587,5645.3716995704,4.63698353000491e-05,207.46358526428605
1543,61.72,210.372895164213,9.22086360418601,-217.634289937849,-13.6619215139134,432.448243011789,0,0,0,0,-17.7536950333943,-11.4225236944387,-4.56164029714679e-05,0.0001149592924466,-4.48709816924078,0.0028652638437466,5.76949706126e-07,79.16633683413572,5724.538054250933,5645.371717416797,4.567502112371655e-05,207.46358592012905
1544,61.76,210.378620483942,9.22745914066357,-217.630494699295,-13.6621731034128,432.443829145986,0,0,0,0,-17.7540225995689,-11.4123673089016,-4.5616546495433e-05,0.0001149578668439,-4.49924215904859,0.0028643590544934,5.67241061552e-07,79.32211325659853,5724.693848136053,5645.371734879454,4.499478525111067e-05,207.46358656186987
1545,61.8,210.384518720567,9.2342140860029,-217.626775528998,-13.6624249872048,432.439505150767,0,0,0,0,-17.7543505458751,-11.4021140295809,-4.5616693414393e-05,0.000114956436662,-4.51108112633304,0.0028634766430067,5.5771469057e-07,79.48259537920852,5724.854347329575,5645.371751950366,4.4328635810347195e-05,207.4635871892143
1546,61.84,210.390580335203,9.24111874273175,-217.623132612355,-13.662677149228,432.435271354054,0,0,0,0,-17.7546788514123,-11.3917739546585,-4.56168437800323e-05,0.0001149550019515,-4.52261438993777,0.0028626169024168,5.48365599286e-07,79.64752364429808,5725.019292265219,5645.37176862092,4.3675985985259595e-05,207.46358780184588
1547,61.88,210.396792841418,9.24816046967416,-217.61956612817,-13.6629295733721,432.431128073286,0,0,0,0,-17.755007495217,-11.3813601272642,-4.56169976433421e-05,0.0001149535627641,-4.53384128913863,0.0028617801193583,5.39188210203e-07,79.81655828681316,5725.1883431698625,5645.371784883049,4.303617041182591e-05,207.4635883994681
1548,61.92,210.403141141154,9.25532401790481,-217.616076248656,-13.6631822434793,432.427075615385,0,0,0,0,-17.7553364562632,-11.3708881884104,-4.56171550556191e-05,0.0001149521191513,-4.54476118368356,0.0028609665738716,5.30176508458e-07,79.98928847623151,5725.361089204423,5645.371800728191,4.240846416233962e-05,207.46358898176635
1549,61.96,210.4096079511,9.26259195716368,-217.612663139441,-13.6634351433441,432.423114276722,0,0,0,0,-17.7556657134638,-11.3603759395481,-4.56173160680251e-05,0.0001149506711656,-4.55537345383118,0.0028601765393058,5.21324201789e-07,80.16524391784407,5725.537060066052,5645.3718161482075,4.1792103583925585e-05,207.4635895484415
1550,62.0,210.41617430435,9.26994517754395,-217.609326959569,-13.6636882567151,432.419244343089,0,0,0,0,-17.7559952456711,-11.3498428308204,-4.56174807310993e-05,0.0001149492188593,-4.56567750038809,0.0028594102822232,5.12624888223e-07,80.34390850495758,5725.715739638949,5645.371831133992,4.118630822987947e-05,207.46359009915892
1551,62.04,210.422820110122,9.27736344924819,-217.606067861503,-13.6639415672948,432.415466089671,0,0,0,0,-17.756325031678,-11.3393093933115,-4.56176490953061e-05,0.0001149477622855,-4.57567274474482,0.0028586680623057,5.04072225323e-07,80.52473554745237,5725.896581225092,5645.37184567764,4.059030310139481e-05,207.46359063362812
1552,62.08,210.429524751957,9.2848260208207,-217.60288599114,-13.6641950587408,432.411779781017,0,0,0,0,-17.756655050219,-11.3287966353151,-4.56178212111702e-05,0.0001149463014977,-4.58535862891048,0.0028579501322618,4.95660094882e-07,80.70716405151653,5726.079023822056,5645.371859770539,4.000334041949133e-05,207.46359115153263
1553,62.12,210.436267702687,9.29231223414556,-217.599781487804,-13.6644487146666,432.408185671012,0,0,0,0,-17.7569852799712,-11.3183254237864,-4.56179971288327e-05,0.0001149448365496,-4.59473461554598,0.0028572567377363,4.8738275722e-07,80.890635452995,5726.262508857149,5645.371873404154,3.94247201552874e-05,207.46359165255873
1554,62.16,210.443029133843,9.29980213388717,-217.596754484264,-13.6647025186425,432.404684002863,0,0,0,0,-17.7573156995551,-11.3079158725028,-4.56181768974816e-05,0.0001149433674955,-4.60380018799592,0.0028565881172215,4.79234989701e-07,81.07461019971764,5726.446496770248,5645.3718865705305,3.8853808604178836e-05,207.46359213641415
1555,62.2,210.449790498542,9.30727705040559,-217.593805106731,-13.6649564541958,432.401275009063,0,0,0,0,-17.7576462875362,-11.2975867576424,-4.56183605674407e-05,0.0001149418943898,-4.61255485031905,0.0028559445019698,4.71212204772e-07,81.25858361381631,5726.630482874959,5645.371899261143,3.829005438405725e-05,207.46359260278558
1556,62.24,210.456535069335,9.31472013763649,-217.590933474872,-13.6652105048125,432.397958911383,0,0,0,0,-17.7579770224254,-11.287354979751,-4.5618548187374e-05,0.0001149404172872,-4.62099812731732,0.0028553261159085,4.6331054363e-07,81.44210052599554,5726.814011994212,5645.371911468216,3.7733001351165476e-05,207.46359305138725
1557,62.28,210.46324841475,9.32211684965901,-217.588139701812,-13.6654646539375,432.394735920841,0,0,0,0,-17.7583078826807,-11.2772350888343,-4.5618739806384e-05,0.0001149389362433,-4.62912956456348,0.0028547331755563,4.55526942591e-07,81.62476824419733,5726.996691427651,5645.371923183454,3.718229805551671e-05,207.46359348191427
1558,62.32,210.469918799812,9.32945534124053,-217.585423894144,-13.6657188849757,432.391606237692,0,0,0,0,-17.758638846708,-11.2672388870783,-4.56189354732492e-05,0.0001149374513131,-4.6369487284273,0.0028541658899415,4.47859170239e-07,81.80626745121141,5727.178201850342,5645.371934399131,3.6637703469580725e-05,207.4635938940828
1559,62.36,210.476537497515,9.33672677933863,-217.582786151934,-13.6659731812929,432.388570051404,0,0,0,0,-17.7589698928623,-11.2573751213198,-4.56191352360962e-05,0.0001149359625526,-4.64445520610029,0.0028536244605216,4.40305834504e-07,81.98636068102009,5727.358305788355,5645.371945107335,3.6099088852241924e-05,207.46359428760206
1560,62.4,210.483099001066,9.3439255553665,-217.580226568729,-13.6662275262168,432.385627540646,0,0,0,0,-17.7593009994489,-11.2476492746361,-4.56193391428262e-05,0.0001149344700179,-4.65164860561898,0.0028531090811057,4.32866359872e-07,82.16489809332847,5727.536853394221,5645.371955300892,3.55664357424265e-05,207.46359466220838
1561,62.44,210.48960113065,9.35104939198069,-217.577745231564,-13.6664819030377,432.382778873272,0,0,0,0,-17.7596321447248,-11.2380634631359,-4.56195472411388e-05,0.0001149329737654,-4.65852855588682,0.002852619937778,4.25540936026e-07,82.34182038029049,5727.7137853521535,5645.371964971863,3.503983022959573e-05,207.46359501761003
1562,62.48,210.496045032462,9.35809934213625,-217.575342220969,-13.6667362950094,432.380024206304,0,0,0,0,-17.7599633068994,-11.2286164406163,-4.56197595782397e-05,0.0001149314738516,-4.66509470669461,0.0028521572088238,4.18330440159e-07,82.51715873849024,5727.889132851707,5645.371974113216,3.451945377628099e-05,207.46359535354856
1563,62.52,210.502435070771,9.36507968117205,-217.573017610977,-13.6669906853507,432.377363685927,0,0,0,0,-17.7602944641365,-11.2193037106317,-4.5619976201073e-05,0.0001149299703333,-4.67134672873944,0.0028517210646573,4.11236336131e-07,82.6910319331179,5728.063014650687,5645.371982717569,3.4005570987393344e-05,207.4635956697527
1564,62.56,210.508778616006,9.37199769491471,-217.570771469131,-13.6672450572455,432.374797447468,0,0,0,0,-17.7606255945548,-11.2101177427096,-4.5620197155925e-05,0.0001149284632676,-4.67728431364235,0.0028513116677515,4.04260554327e-07,82.8636405310754,5728.235631308685,5645.371990777609,3.3498514796773966e-05,207.46359596595371
1565,62.6,210.51508573439,9.37886336933022,-217.56860385649,-13.6674993938449,432.372325615395,0,0,0,0,-17.7609566762298,-11.2010482865847,-4.56204224892778e-05,0.0001149269527119,-4.68290717396449,0.0028509291725698,3.97405356714e-07,83.03525845512344,5728.40725674158,5645.371998286456,3.299866962004559e-05,207.46359624189873
1566,62.64,210.521368788215,9.38568899081845,-217.566514827641,-13.667753678267,432.369948303305,0,0,0,0,-17.7612876871949,-11.1920827750485,-4.56206522466704e-05,0.0001149254387236,-4.68821504322189,0.0028505737254997,3.90673191986e-07,83.2062221075086,5728.578227344471,5645.372005236963,3.250645308323625e-05,207.46359649732514
1567,62.68,210.527641959869,9.39248867025833,-217.564504430705,-13.668007893599,432.367665613915,0,0,0,0,-17.7616186054428,-11.1832068026783,-4.56208864737479e-05,0.0001149239213605,-4.6932076758989,0.0028502454647885,3.84066545967e-07,83.37691741763481,5728.748929039792,5645.372011622157,3.2022296984659805e-05,207.4635967319767
1568,62.72,210.533920715879,9.39927780705788,-217.562572707344,-13.6682620228978,432.365477639063,0,0,0,0,-17.7619494089266,-11.1744046648162,-4.56211252156192e-05,0.0001149224006804,-4.69788484746029,0.0028499445204813,3.77587792504e-07,83.54776525814026,5728.9197826931795,5645.372017435039,3.1546628164085254e-05,207.46359694559618
1569,62.76,210.540221228839,9.40607251110518,-217.560719692775,-13.6685160491908,432.363384459699,0,0,0,0,-17.7622800755618,-11.1656599392619,-4.56213685168393e-05,0.0001149208767412,-4.70224635436192,0.0028496710143607,3.71239049919e-07,83.7192057145578,5729.091228383332,5645.372022668775,3.1079849927499716e-05,207.46359713793242
1570,62.8,210.54655977596,9.41288900132437,-217.558945415776,-13.6687699554777,432.361386145889,0,0,0,0,-17.7626105832271,-11.156956091736,-4.56216164220629e-05,0.0001149193496012,-4.70629201406015,0.0028494250598892,3.65022047804e-07,83.8916817193165,5729.263709035721,5645.3720273164045,3.0622324632729944e-05,207.46359730872967
1571,62.84,210.552952134013,9.41974300063174,-217.557249898698,-13.669023724731,432.35948275681,0,0,0,0,-17.7629409097663,-11.1482770849924,-4.5621868975073e-05,0.000114917819319,-4.71002166501992,0.0028492067621538,3.58938008452e-07,84.06562258723598,5729.437653958152,5645.3720313709155,3.017435798146391e-05,207.4635974577302
1572,62.88,210.559412991992,9.42664914861171,-217.55563315748,-13.6692773398973,432.357674340757,0,0,0,0,-17.7632710329897,-11.1396079702981,-4.56221262198786e-05,0.0001149162859526,-4.71343516672152,0.0028490162178118,3.52987546669e-07,84.24142803293253,5729.61346285851,5645.372034825577,2.973618550574114e-05,207.46359758468668
1573,62.92,210.565955403655,9.43362045406369,-217.554095201655,-13.669530783899,432.355960935145,0,0,0,0,-17.7636009306754,-11.1309354396064,-4.56223881996779e-05,0.0001149147495606,-4.71653239966605,0.0028488535150404,3.47170590995e-07,84.419453274773,5729.791490947642,5645.372037672869,2.93079616597401e-05,207.4635976893227
1574,62.96,210.572590300977,9.44066780846139,-217.552636034367,-13.6697840396344,432.354342566516,0,0,0,0,-17.7639305805711,-11.1222483178598,-4.56226549574958e-05,0.0001149132102018,-4.71931326537962,0.0028487187334866,3.4148632858e-07,84.59999579355028,5729.972035699741,5645.372039906191,2.8889751826878207e-05,207.4635977713958
1575,63.0,210.579326086483,9.44779957829896,-217.551255652386,-13.67003708998,432.35281925055,0,0,0,0,-17.7642599603954,-11.1135379773982,-4.56229265363217e-05,0.0001149116679348,-4.72177768641622,0.002848611944221,3.35933175092e-07,84.78328424112718,5730.155325759159,5645.372041518031,2.8481527437739325e-05,207.46359783062985
1576,63.04,210.586168318661,9.45502129050003,-217.54995404612,-13.670289917791,432.351390992072,0,0,0,0,-17.7645890478397,-11.104798659788,-4.56232029781638e-05,0.0001149101228184,-4.72392560635935,0.002848533209693,3.30508770175e-07,84.96946987864776,5730.341512380056,5645.372042501408,2.8083164273745664e-05,207.46359786676825
1577,63.08,210.593119501209,9.46233542167681,-217.548731199633,-13.670542505903,432.350057785068,0,0,0,0,-17.7649178205697,-11.0960276938225,-4.56234843251755e-05,0.0001149085749112,-4.7257569898223,0.0028484825836889,3.25209998099e-07,85.15862084255251,5730.530663691526,5645.372042848973,2.7694443928830022e-05,207.46359787954106
1578,63.12,210.600178983852,9.46974129894824,-217.547587090663,-13.6707948371328,432.348819612699,0,0,0,0,-17.7652462562268,-11.0872256018568,-4.56237706189748e-05,0.0001149070242724,-4.72727182244725,0.0028484601112919,3.20033032456e-07,85.3507194452044,5730.722761998685,5645.372042553481,2.7315058308070993e-05,207.46359786868192
1579,63.16,210.607342978644,9.47723511624075,-217.546521690634,-13.6710468942801,432.347676447317,0,0,0,0,-17.7655743324301,-11.078396090692,-4.562406190108e-05,0.0001149054709606,-4.72847011090291,0.0028484658288449,3.14973403026e-07,85.54566261842713,5730.917704226272,5645.372041607845,2.6944616955877772e-05,207.46359783393044
1580,63.2,210.614604690632,9.4848100649534,-217.545534964681,-13.6712986601286,432.346628250488,0,0,0,0,-17.765902026778,-11.069545928077,-4.56243582122643e-05,0.0001149039150347,-4.72935188288102,0.0028484997639154,3.10026082229e-07,85.74326546975132,5731.115305474198,5645.372040004447,2.658265691242508e-05,207.46359777500663
1581,63.24,210.621954556232,9.49245657233763,-217.544626871665,-13.6715501174474,432.345674973007,0,0,0,0,-17.7662293168498,-11.0606847109868,-4.56246595934838e-05,0.0001149023565539,-4.72991718709141,0.0028485619352625,3.05185588039e-07,85.94326776769212,5731.3153055040875,5645.372037736395,2.622865471628377e-05,207.46359769165727
1582,63.28,210.629380578078,9.50016263633916,-217.543797364195,-13.6718012489922,432.344816554926,0,0,0,0,-17.7665561802076,-11.05182453629,-4.56249660848017e-05,0.0001149007955769,-4.7301660932558,0.002848652352807,3.00446099771e-07,86.14534305510084,5731.517377850984,5645.372034795883,2.588204011049785e-05,207.46359758359546
1583,63.32,210.636868742105,9.50791424268176,-217.543046388648,-13.6720520375068,432.344052925579,0,0,0,0,-17.7668825943978,-11.0429795875681,-4.56252777262649e-05,0.0001148992321628,-4.73009869210026,0.0028487710176029,2.95801582848e-07,86.34910999684207,5731.721141172754,5645.372031175912,2.5542210970008384e-05,207.46359745056395
1584,63.36,210.644403500793,9.51569584810273,-217.54237388519,-13.6723024657245,432.343384003605,0,0,0,0,-17.7672085369534,-11.034165654045,-4.56255945578144e-05,0.0001148976663707,-4.72971509534628,0.0028489179218124,2.91245918516e-07,86.55414553076902,5731.92617239983,5645.37202686906,2.520854895836336e-05,207.46359729229007
1585,63.4,210.651968304769,9.52349091195557,-217.541779787797,-13.6725525163692,432.34280969698,0,0,0,0,-17.7675339853952,-11.0253995993145,-4.56259166186162e-05,0.0001148960982598,-4.72901543570048,0.002849093048683,2.86773034408e-07,86.75999933246378,5732.132021200836,5645.372021868372,2.4880435408844652e-05,207.46359710851817
1586,63.44,210.65954616334,9.53128245672927,-217.541264024277,-13.6728021721574,432.342329903046,0,0,0,0,-17.7678589172341,-11.0166987990588,-4.56262439477102e-05,0.000114894527889,-4.727999866843,0.0028492963725266,2.82377031962e-07,86.96620906883648,5732.338225235464,5645.372016166628,2.4557266932252962e-05,207.46359689898293
1587,63.48,210.667120213604,9.53905363715626,-217.540826516296,-13.673051415799,432.341944508542,0,0,0,0,-17.7681833099728,-11.0080805676894,-4.56265765838291e-05,0.0001148929553176,-4.72666856341447,0.0028495278587023,2.78052306857e-07,87.17231588411016,5732.544325640781,5645.37200975667,2.4238470265206507e-05,207.46359666342133
1588,63.52,210.67467427842,9.54678829817486,-217.540467179395,-13.673300229999,432.341653389639,0,0,0,0,-17.7685071411077,-10.9995615934114,-4.56269145652287e-05,0.0001148913806048,-4.72502172100152,0.0028497874636004,2.73793659009e-07,87.37787958267202,5732.749882214359,5645.372002631687,2.3923515917494525e-05,207.46359640158303
1589,63.56,210.682193395329,9.55447150383247,-217.540185923018,-13.6735485974593,432.341456411974,0,0,0,0,-17.7688303881308,-10.9911573996708,-4.56272579300936e-05,0.0001148898038098,-4.72305955612103,0.0028500751346294,2.69596389036e-07,87.58249302197976,5732.954487806948,5645.371994784969,2.3611930227187537e-05,207.46359611322146
1590,63.6,210.689664300628,9.56209002135574,-217.539982650533,-13.6737965008795,432.341353430684,0,0,0,0,-17.7691530285316,-10.9828818489304,-4.56276067160906e-05,0.0001148882249918,-4.72078230620277,0.0028503908102061,2.65456378648e-07,87.78579528476705,5733.157781494809,5645.3719862100415,2.330330549904002e-05,207.46359579809868
1591,63.64,210.697075854738,9.56963274650284,-217.539857259254,-13.6740439229591,432.341344290448,0,0,0,0,-17.7694750397992,-10.9747467027304,-4.56279609604782e-05,0.0001148866442103,-4.71819022957085,0.0028507344197477,2.61370152956e-07,87.98748325475931,5733.359460154556,5645.371976899796,2.2997307967319832e-05,207.46359545595348
1592,63.68,210.704419396871,9.57709105821674,-217.539809640469,-13.6742908463987,432.341428825522,0,0,0,0,-17.7697963994242,-10.9667612500375,-4.56283207007209e-05,0.0001148850615244,-4.71528360542351,0.0028511058836671,2.57334923285e-07,88.18732126555327,5733.559288114145,5645.371966848591,2.2693683392458075e-05,207.4635950865785
1593,63.72,210.711689019476,9.58445909305654,-217.53983967946,-13.6745372539013,432.34160685978,0,0,0,0,-17.7701170849007,-10.958932013654,-4.56286859732134e-05,0.000114883476994,-4.71206273381169,0.0028515051133699,2.5334860971e-07,88.38514857122789,5733.757104620923,5645.371956049696,2.2392260182580367e-05,207.4635946897264
1594,63.76,210.718881755914,9.59173393285447,-217.539947255525,-13.6747831281746,432.341878206759,0,0,0,0,-17.7704370737284,-10.951262541838,-4.56290568145817e-05,0.0001148818906781,-4.70852793561605,0.0028519320112557,2.49409843161e-07,88.58088445147186,5733.952828948533,5645.371944497061,2.2092950008303457e-05,207.46359426517492
1595,63.8,210.725997677603,9.59891570184993,-217.54013224201,-13.6750284519317,432.342242669695,0,0,0,0,-17.7707563434147,-10.9437532896639,-4.56294332606445e-05,0.0001148803026364,-4.70467955252263,0.0028523864707197,2.45517947544e-07,88.77453085517152,5734.146463040359,5645.371932185188,2.1795745960990024e-05,207.4635938127219
1596,63.84,210.733039899043,9.60600757168488,-217.540394506323,-13.6752732078935,432.342700041574,0,0,0,0,-17.7710748714767,-10.9364015923087,-4.56298153474412e-05,0.0001148787129286,-4.70051794699706,0.0028528683761593,2.41672902944e-07,88.96617253810477,5734.33809164626,5645.371919108155,2.1500718377241578e-05,207.46359333214983
1597,63.88,210.740014490839,9.61301567442039,-217.540733909964,-13.6755173787896,432.343250105173,0,0,0,0,-17.7713926354431,-10.9292017305521,-4.56302031103436e-05,0.0001148771216143,-4.69604350225737,0.0028533776029818,2.37875291458e-07,89.15597469528458,5734.527879955814,5645.371905260529,2.12080085107241e-05,207.46359282325895
1598,63.92,210.746930303095,9.61994892589727,-217.541150308548,-13.6757609473607,432.343892633107,0,0,0,0,-17.771709612857,-10.9221450867027,-4.56305965845072e-05,0.000114875528753,-4.69125662224545,0.0028539140176154,2.34126227684e-07,89.34417815598076,5734.716068792615,5645.371890636635,2.0917820294597367e-05,207.46359228584075
1599,63.96,210.753798704217,9.62681876452657,-217.541643551829,-13.6760038963596,432.344627387879,0,0,0,0,-17.7720257812773,-10.9152203868828,-4.56309958044617e-05,0.0001148739344046,-4.68615773159703,0.0028544774775231,2.30427276306e-07,89.53109227557155,5734.902967506749,5645.371875231177,2.0630410491570406e-05,207.4635917197006
1600,64.0,210.760633242945,9.63363881329439,-217.542213483725,-13.6762462085532,432.345454121929,0,0,0,0,-17.7723411182815,-10.9084140231526,-4.56314008047411e-05,0.0001148723386291,-4.68074727561033,0.0028550678312186,2.267803595e-07,89.7170857391947,5735.088944778208,5645.3718590390135,2.0346077571317684e-05,207.46359112464955
1601,64.04,210.767449243231,9.64042447461578,-217.542859942343,-13.6764878667242,432.346372577682,0,0,0,0,-17.7726556014673,-10.9017104467995,-4.56318116194774e-05,0.0001148707414855,-4.67502572021338,0.0028556849182856,2.23187657137e-07,89.90257553761073,5735.2744175929665,5645.371842055356,2.0065149683115256e-05,207.46359050051166
1602,64.08,210.774263342682,9.64719246875239,-217.543582760001,-13.6767288536728,432.347382487603,0,0,0,0,-17.7729692084555,-10.8950926225112,-4.56322282821957e-05,0.0001148691430348,-4.66899355192987,0.0028563285693995,2.19651502848e-07,90.08801440861659,5735.45983868337,5645.371824274754,1.9787972099902723e-05,207.46358984708655
1603,64.12,210.781092986506,9.65396032773164,-217.544381763259,-13.6769691522181,432.348483574251,0,0,0,0,-17.7732819168918,-10.8885425316518,-4.56326508259951e-05,0.0001148675433361,-4.66265127784375,0.0028569986063521,2.16174279077e-07,90.27387706483167,5735.645682757708,5645.371805692876,1.951489451259396e-05,207.46358916421514
1604,64.16,210.787955890915,9.66074585872711,-217.545256772941,-13.6772087452006,432.34967555033,0,0,0,0,-17.7735937044491,-10.8820417111943,-4.56330792840809e-05,0.0001148659424494,-4.6559994255625,0.0028576948420783,2.12758314153e-07,90.4606455942575,5735.8324318986615,5645.371786304404,1.9246258548627754e-05,207.46358845170192
1605,64.2,210.794869492273,9.66756659316809,-217.546207604162,-13.6774476154832,432.35095811875,0,0,0,0,-17.7739045488302,-10.8755718129702,-4.5633513688846e-05,0.0001148643404346,-4.64903854317898,0.0028584170806869,2.09405784299e-07,90.64879446872077,5736.020560573865,5645.371766105144,1.8982385876502726e-05,207.4635877093928
1606,64.24,210.801850399561,9.67443923918429,-217.547234066356,-13.6776857459534,432.352330972686,0,0,0,0,-17.7742144277696,-10.8691151663945,-4.56339540722098e-05,0.0001148627373517,-4.64176919923202,0.0028591651174931,2.06118623275e-07,90.8387756464667,5736.2105207367085,5645.371745090242,1.8723567235512217e-05,207.46358693710943
1607,64.28,210.808913867502,9.68137915469458,-217.5483359633,-13.677923119525,432.353793795633,0,0,0,0,-17.7745233190361,-10.8626553271698,-4.56344004660403e-05,0.0001148611332605,-4.63419198266578,0.0028599387390538,2.02898442035e-07,91.03100423421758,5736.402727489351,5645.371723255133,1.8470052683549148e-05,207.46358613468394
1608,64.32,210.816073306362,9.68839985717718,-217.549513093146,-13.6781597191399,432.355346261471,0,0,0,0,-17.7748312004352,-10.8561775948727,-4.56348529012654e-05,0.0001148595282207,-4.62630750278766,0.0028607377232068,1.99746460458e-07,91.22584514870366,5736.5975457437125,5645.371700595009,1.822204331053182e-05,207.46358530193976
1609,64.36,210.823339843433,9.69551258512112,-217.550765248447,-13.67839552777,432.356988034528,0,0,0,0,-17.7751380498115,-10.8496694831914,-4.5635311409283e-05,0.0001148579222921,-4.61811638922505,0.0028615618391111,1.96663452763e-07,91.4236011831166,5736.795278288835,5645.371677105719,1.7979684608646057e-05,207.46358443872424
1610,64.4,210.830721950709,9.70272592566655,-217.552092216184,-13.6786305284189,432.358718769645,0,0,0,0,-17.775443845051,-10.8431211276902,-4.56357760199271e-05,0.0001148563155351,-4.60961929188073,0.0028624108472916,1.93649707812e-07,91.62450287658737,5736.996155659416,5645.371652782829,1.7743061646409602e-05,207.46358354487452
1611,64.44,210.838225152266,9.71004552195153,-217.553493777802,-13.6788647041241,432.360538112241,0,0,0,0,-17.7757485640837,-10.8365256173304,-4.56362467635497e-05,0.0001148547080089,-4.60081688088698,0.0028632844996853,1.90705005045e-07,91.82870055159337,5737.2003281732195,5645.371627621626,1.7512196141630862e-05,207.46358262021738
1612,64.48,210.84585182213,9.71747387093798,-217.554969709231,-13.6790980379584,432.362445698381,0,0,0,0,-17.7760521848856,-10.8298792381773,-4.56367236697119e-05,0.0001148530997732,-4.59170984655848,0.0028641825396915,1.87828606338e-07,92.03625881290559,5737.407860430782,5645.371601617877,1.7287045472393184e-05,207.4635816645972
1613,64.52,210.8536010789,9.72501021800732,-217.556519780925,-13.6793305130323,432.36444115485,0,0,0,0,-17.7763546854819,-10.8231816210637,-4.56372067675039e-05,0.0001148514908878,-4.58229889934386,0.0028651047022237,1.85019263598e-07,92.24715368086828,5737.618728447965,5645.371574767097,1.7067503600862734e-05,207.46358067784922
1614,64.56,210.861468778664,9.7326505498296,-217.55814375789,-13.6795621124954,432.366524099219,0,0,0,0,-17.7766560439489,-10.8164357890286,-4.56376960853509e-05,0.0001148498814126,-4.57258476977601,0.0028660507137648,1.82275241478e-07,92.46127239819532,5737.832819463175,5645.3715470649795,1.685340382570244e-05,207.46357965981517
1615,64.6,210.869447604023,9.74038768335301,-217.559841399713,-13.6797928195389,432.368694139922,0,0,0,0,-17.7769562384168,-10.8096481045537,-4.56381916520408e-05,0.0001148482714068,-4.56256820842111,0.0028670202924253,1.79594354151e-07,92.67841585232328,5738.049934359846,5645.3715185075225,1.66445232279982e-05,207.46357861034798
1616,64.64,210.877527244607,9.7482114462774,-217.561612460602,-13.680022617397,432.370950876328,0,0,0,0,-17.7772552470721,-10.8028281202058,-4.56386934948008e-05,0.0001148466609298,-4.55224998582636,0.0028680131480037,1.76974014743e-07,92.8983034881492,5738.269792578518,5645.371489090368,1.644058864066838e-05,207.46357752928748
1617,64.68,210.88569466195,9.7561089418898,-217.563456689409,-13.6802514893492,432.373293898819,0,0,0,0,-17.77755304816,-10.7959883394256,-4.56392016412985e-05,0.0001148450500412,-4.54163089246648,0.0028690289820504,1.74411295691e-07,93.12058051523083,5738.492039324461,5645.37145880923,1.6241283935822874e-05,207.46357641647617
1618,64.72,210.893934428262,9.76406488779039,-217.565373829675,-13.680479418722,432.375722788868,0,0,0,0,-17.7778496199875,-10.7891438971353,-4.56397161183723e-05,0.0001148434387999,-4.53071173868883,0.0028700674879337,1.71902998017e-07,93.34482712617974,5738.716254786127,5645.371427659948,1.604625839076881e-05,207.46357527176113
1619,64.76,210.902229125,9.7720620144264,-217.567363619652,-13.6807063888914,432.378237119117,0,0,0,0,-17.7781449409252,-10.7823121727207,-4.56402369522167e-05,0.0001148418272652,-4.51949335465738,0.0028711283509087,1.69445727339e-07,93.57056934202187,5738.941964980817,5645.371395638795,1.585513586626826e-05,207.46357409500547
1620,64.8,210.910559784821,9.78008150699642,-217.569425792348,-13.6809323832841,432.380836453456,0,0,0,0,-17.7784389894106,-10.7755123503496,-4.56407641688053e-05,0.0001148402154959,-4.50797659029523,0.0028722112481898,1.67035974268e-07,93.7972910390765,5739.168653780842,5645.371362741766,1.566752450945151e-05,207.46357288606194
1621,64.84,210.918906360175,9.78810347399913,-217.571560075554,-13.6811573853801,432.383520347111,0,0,0,0,-17.7787317439503,-10.7687649430344,-4.56412977936467e-05,0.0001148386035511,-4.49616231522594,0.0028733158490246,1.64670196769e-07,94.02444669938515,5739.395775664577,5645.371328965191,1.5483026688677158e-05,207.4635716447957
1622,64.88,210.927248202865,9.79610742674771,-217.573766191886,-13.6813813787146,432.386288346717,0,0,0,0,-17.7790231831228,-10.7620912970599,-4.56418378513286e-05,0.0001148369914889,-4.48405141871352,0.0028744418147714,1.62344902099e-07,94.25147446101057,5739.622768765966,5645.371294304955,1.530124887813891e-05,207.4635703710555
1623,64.92,210.935564539892,9.80407275516846,-217.576043858811,-13.6816043468798,432.389139990414,0,0,0,0,-17.7793132855808,-10.755513092705,-4.56423843666349e-05,0.0001148353793681,-4.47164480960114,0.0028755887989792,1.6005672597e-07,94.47780906493239,5739.849067822914,5645.371258757981,1.5121811216099458e-05,207.46356906472832
1624,64.96,210.943834931359,9.81197918565632,-217.578392788695,-13.6818262735272,432.392074807924,0,0,0,0,-17.7796020300545,-10.7490518560975,-4.56429373631696e-05,0.0001148337672471,-4.4589434162485,0.0028767564474708,1.57802506757e-07,94.70289431730869,5740.074116637493,5645.371222320184,1.4944356478671475e-05,207.46356772566395
1625,65.0,210.952039696952,9.81980720750636,-217.580812688826,-13.6820471423697,432.395092320641,0,0,0,0,-17.7798893953536,-10.742728495737,-4.56434968645184e-05,0.0001148321551836,-4.44594818646787,0.0028779443984281,1.5557935274e-07,94.92619469185874,5740.297379681084,5645.371184989225,1.4768558225913338e-05,207.4635663537765
1626,65.04,210.960160299579,9.82753845650362,-217.583303261461,-13.6822669371831,432.398192041719,0,0,0,0,-17.7801753603704,-10.7365628755996,-4.56440628933347e-05,0.000114830543236,-4.43266008745891,0.0028791522824802,1.53384700627e-07,95.14720577276937,5740.51835253372,5645.37114676095,1.4594127911467737e-05,207.4635649489133
1627,65.08,210.968179677983,9.83515604748869,-217.585864203855,-13.6824856418088,432.401373476159,0,0,0,0,-17.7804599040822,-10.7305734346329,-4.56446354722802e-05,0.0001148289314619,-4.41908010574208,0.0028803797227949,1.51216363881e-07,95.36546330165858,5740.736570934951,5645.371107633292,1.4420820780967836e-05,207.46356351099837
1628,65.12,210.976082523265,9.84264485082256,-217.588495208302,-13.6827032401557,432.4046361209,0,0,0,0,-17.7807430055544,-10.7247768600318,-4.56452146229119e-05,0.0001148273199186,-4.40520924709078,0.0028816263351718,1.49072569724e-07,95.58055070560104,5740.951618308418,5645.371067602817,1.424844043337066e-05,207.46356203990553
1629,65.16,210.983855496116,9.84999170957397,-217.591195962166,-13.6829197162021,432.40797946491,0,0,0,0,-17.7810246439426,-10.7191878192847,-4.5645800366693e-05,0.0001148257086639,-4.39104853646219,0.0028828917281388,1.46951984019e-07,95.7921050060773,5741.1631316730345,5645.371026666957,1.4076841952619296e-05,207.4635605355404
1630,65.2,210.991487382607,9.85718559525056,-217.593966147924,-13.6831350539979,432.411402989278,0,0,0,0,-17.7813047984959,-10.7138187539426,-4.56463927242535e-05,0.0001148240977545,-4.37659901792682,0.0028841755030509,1.44853723632e-07,95.99982105877824,5741.370805882249,5645.370984823471,1.3905933562695976e-05,207.46355899782066
1631,65.24,210.998969187662,9.86421770122154,-217.596805443198,-13.6833492376668,432.414906167305,0,0,0,0,-17.7815834485594,-10.7086797363618,-4.56469917160365e-05,0.0001148224872476,-4.36186175459666,0.0028854772541918,1.42777356189e-07,96.20345409759739,5741.574396167577,5645.37094206998,1.373567679344839e-05,207.4635574266588
1632,65.28,211.006294167662,9.87108147526688,-217.599713520794,-13.6835622514081,432.418488464597,0,0,0,0,-17.7818605735769,-10.703778389129,-4.56475973615541e-05,0.0001148208771997,-4.34683782855219,0.0028867965688779,1.40722887553e-07,96.40282062117909,5741.773719025799,5645.370898404621,1.3566085195124896e-05,207.46355582198643
1633,65.32,211.013457806079,9.87777259515094,-217.602690048735,-13.6837740794993,432.422149339163,0,0,0,0,-17.7821361530936,-10.6991198654379,-4.56482096799602e-05,0.0001148192676671,-4.33152834076796,0.0028881330275654,1.38690737653e-07,96.5977977311404,5741.968651555929,5645.370853824788,1.3397221681057709e-05,207.4635541837078
1634,65.36,211.020457737319,9.88428889241827,-217.605734690305,-13.6839847062976,432.425888241504,0,0,0,0,-17.7824101667592,-10.6947068874903,-4.56488286899387e-05,0.0001148176587062,-4.31593441103699,0.0028894862039591,1.36681705612e-07,96.7883210574788,5742.159129386874,5645.370808329395,1.3229194613646943e-05,207.46355251178292
1635,65.4,211.027293623818,9.89063022942538,-217.608847104079,-13.6841941162427,432.429704614715,0,0,0,0,-17.7826825943302,-10.6905398391027,-4.56494544094844e-05,0.0001148160503728,-4.30005717789379,0.0028908556651247,1.34696925425e-07,96.97438141674695,5742.34514333305,5645.370761916303,1.3062152781258888e-05,207.46355080613324
1636,65.44,211.033966990871,9.89679833411353,-217.612026943963,-13.6844022938583,432.433597894579,0,0,0,0,-17.782953415673,-10.686616908099,-4.56500868562678e-05,0.0001148144427223,-4.28389779853628,0.0028922409716029,1.32737813615e-07,97.15602031564923,5742.5267348998495,5645.3707145842,1.2896279428057735e-05,207.46354906671053
1637,65.48,211.040481024264,9.90279659758573,-217.61527385923,-13.6846092237547,432.437567509663,0,0,0,0,-17.7832226107664,-10.6829342735071,-4.56507260473352e-05,0.0001148128358104,-4.26745744874624,0.0028936416775261,1.30806010532e-07,97.33332444482453,5742.703990776924,5645.370666332099,1.2731785527838362e-05,207.4635472934785
1638,65.52,211.046840337444,9.90862984121323,-217.618587494561,-13.6848148906307,432.441612881422,0,0,0,0,-17.7834901597048,-10.6794863319442,-4.56513719992586e-05,0.000114811229692,-4.25073732280871,0.0028950573307381,1.28903317047e-07,97.50641934404285,5742.877036502559,5645.370617158516,1.2568902506996114e-05,207.46354548638266
1639,65.56,211.053050716302,9.91430406136153,-217.621967490076,-13.6850192792757,432.445733424292,0,0,0,0,-17.7837560427005,-10.6762659570145,-4.56520247280068e-05,0.000114809624422,-4.23373863343007,0.0028964874729152,1.27031628494e-07,97.67546245623453,5743.0460295188705,5645.370567062636,1.2407874635912549e-05,207.46354364539297
1640,65.6,211.059118849461,9.91982615961855,-217.625413481378,-13.6852223745721,432.449928545793,0,0,0,0,-17.7840202400869,-10.6732647851411,-4.56526842492055e-05,0.000114808020055,-4.21646261165484,0.002897931639691,1.25192867719e-07,97.84063578913137,5743.211151832559,5645.370516043427,1.224895130737292e-05,207.46354177047164
1641,65.64,211.065052050496,9.92520366494895,-217.628925099588,-13.6854241614971,432.454197646632,0,0,0,0,-17.784282732321,-10.670473521027,-4.56533505778486e-05,0.0001148064166452,-4.19891050678141,0.0028993893607826,1.2338891907e-07,98.00213835595123,5743.372602456138,5645.370464100187,1.2092379410355034e-05,207.46353986159275
1642,65.68,211.07085797742,9.93044445312647,-217.632501971383,-13.6856246251254,432.458540120802,0,0,0,0,-17.7845434999865,-10.6678822556849,-4.56540237287459e-05,0.0001148048142468,-4.18108358627644,0.0029008601601197,1.2162156507e-07,98.16017854233952,5743.530589774755,5645.370411232415,1.1938395993836368e-05,207.46353791873793
1643,65.72,211.076544355338,9.93555646931641,-217.636143719035,-13.6858237506304,432.462955355687,0,0,0,0,-17.7848025237963,-10.6654807895296,-4.56547037157227e-05,0.0001148032129134,-4.16298313568808,0.0029023435559758,1.19892427392e-07,98.31496655984232,5743.685323999223,5645.370357439381,1.178722140302139e-05,207.4635359418804
1644,65.76,211.082118709646,9.94054746121969,-217.639849960451,-13.6860215232876,432.467442732165,0,0,0,0,-17.7850597845954,-10.663258952592,-4.56553905526404e-05,0.0001148016126983,-4.14461045855812,0.0029038390611014,1.1820291359e-07,98.46670718537068,5743.837009905999,5645.370302720628,1.1639053056694185e-05,207.4635339310033
1645,65.8,211.087588117984,9.94542473095527,-217.64362030921,-13.6862179284755,432.472001624714,0,0,0,0,-17.7853152633638,-10.6612069137373,-4.56560842527669e-05,0.0001148000136551,-4.1259668763328,0.0029053461828599,1.16554170826e-07,98.6155930111495,5743.985840087476,5645.370247076326,1.1494060013609446e-05,207.4635318861129
1646,65.84,211.092958987951,9.95019491271859,-217.647454374604,-13.6864129516787,432.476631401515,0,0,0,0,-17.7855689412191,-10.6593154709868,-4.56567848287511e-05,0.0001147984158364,-4.10705372827257,0.0029068644233656,1.14947047631e-07,98.76179839780805,5744.131988903304,5645.370190505496,1.1352378449478448e-05,207.46352980717322
1647,65.88,211.098236865314,9.95486378091965,-217.651351761678,-13.6866065784896,432.481331424562,0,0,0,0,-17.7858207994196,-10.6575763155615,-4.56574922926587e-05,0.0001147968192949,-4.08787237136062,0.0029083932796234,1.13382064465e-07,98.90547425279041,5744.275607261489,5645.370133008699,1.121410812915001e-05,207.46352769420486
1648,65.92,211.103426275611,9.95943609172314,-217.655312071268,-13.6867987946105,432.486101049766,0,0,0,0,-17.7860708193669,-10.655982262885,-4.56582066565056e-05,0.0001147952240829,-4.06842418021031,0.0029099322436718,1.11859393578e-07,99.04674372252369,5744.416818308194,5645.37007458567,1.1079309928001967e-05,207.46352554719815
1649,65.96,211.10853060179,9.96391546062477,-217.659334900045,-13.6869895858562,432.490939627066,0,0,0,0,-17.7863189826086,-10.6545274444941,-4.56589279314964e-05,0.0001147936302523,-4.04871054697142,0.0029114808027266,1.10378848444e-07,99.18569886201762,5744.55571409812,5645.3700152361025,1.0948004430930987e-05,207.46352336614174
1650,66.0,211.113552000942,9.96830427910975,-217.663419840552,-13.6871789381554,432.49584650054,0,0,0,0,-17.7865652708412,-10.65320745583,-4.56596561286834e-05,0.000114792037855,-4.02873288123525,0.0029130384393277,1.08939882746e-07,99.32239836788453,5744.692353328705,5645.369954960821,1.0820171610997068e-05,207.46352115106598
1651,66.04,211.118491362634,9.97260367292963,-217.66756648125,-13.6873668375535,432.500821008508,0,0,0,0,-17.7868096659131,-10.6520194563729,-4.56603912584648e-05,0.0001147904469424,-4.00849260993859,0.0029146046314873,1.07541598648e-07,99.45686644661701,5744.8267602063,5645.369893759683,1.0695751564428046e-05,207.4635189019656
1652,66.08,211.123348309267,9.97681350238646,-217.671774406555,-13.6875532702146,432.50586248365,0,0,0,0,-17.787052149827,-10.6509622203933,-4.56611333308805e-05,0.0001147888575656,-3.98799117726658,0.0029161788528402,1.06182763879e-07,99.58909282302159,5744.958924455912,5645.36983163289,1.057464625099588e-05,207.46351661884808
1653,66.12,211.128121235983,9.98093240217325,-217.676043196882,-13.6877382224233,432.510970253115,0,0,0,0,-17.7872927047428,-10.6500361383974,-4.5661882355429e-05,0.0001147872697755,-3.96723004455439,0.0029177605727964,1.04861836891e-07,99.71903382595052,5745.088802407131,5645.36976858118,1.0456722156496026e-05,207.46351430174045
1654,66.16,211.132807385755,9.98495785639691,-217.680372428687,-13.6879216805872,432.516143638632,0,0,0,0,-17.7875313129806,-10.6492431709561,-4.56626383414445e-05,0.0001147856836228,-3.94621069018781,0.0029193492566952,1.03576999236e-07,99.84661443214542,5745.21631903743,5645.369704605285,1.034181377792955e-05,207.46351195066964
1655,66.2,211.137402954932,9.98888630405567,-217.684761674512,-13.6881036312387,432.521381956627,0,0,0,0,-17.7877679570231,-10.6485867580974,-4.56634012976779e-05,0.0001147840991576,-3.92493460950271,0.0029209443659613,1.02326194079e-07,99.9717311389391,5745.341370844196,5645.369639705256,1.0229727809705803e-05,207.46350956563757
1656,66.24,211.141903224883,9.99271327061087,-217.689210503023,-13.6882840610374,432.526684518332,0,0,0,0,-17.7880026195185,-10.6480716887786,-4.56641712322726e-05,0.00011478251643,-3.90340331468336,0.0029225453582628,1.01107169712e-07,100.09425554472506,5745.463829426936,5645.369573882211,1.0120247905786436e-05,207.46350714668523
1657,66.28,211.146302715135,9.99643352106173,-217.693718479057,-13.6884629567721,432.532050629903,0,0,0,0,-17.7882352832834,-10.6477039362915,-4.56649481534823e-05,0.00011478093549,-3.88161833465963,0.0029241516876705,9.99175268051e-08,100.21403851773645,5745.583545654386,5645.36950713665,1.001313988033143e-05,207.4635046938311
1658,66.32,211.150595352218,10.0000412287139,-217.698285163664,-13.6886403053628,432.537479592532,0,0,0,0,-17.7884659313053,-10.6474904663796,-4.56657320685842e-05,0.0001147793563867,-3.85958121500313,0.00292576280482,9.87547680922e-08,100.33091478877854,5745.70035425901,5645.369439470232,9.908157200921872e-06,207.46350220713606
1659,66.36,211.154774647102,10.0035301525512,-217.702910114151,-13.6888160938629,432.542970702565,0,0,0,0,-17.7886945467454,-10.6474390253643,-4.56665229847702e-05,0.0001147777791696,-3.8372935178221,0.0029273781570738,9.76163491864e-08,100.44470778178811,5745.814078665307,5645.369370883518,9.805046625885793e-06,207.46349968662082
1660,66.4,211.158833874033,10.0068938160008,-217.707592884125,-13.6889903094611,432.548523251618,0,0,0,0,-17.7889211129412,-10.6475579156401,-4.56673209089963e-05,0.0001147762038878,-3.81475682165537,0.0029289971886863,9.64997292275e-08,100.5552344781353,5745.9245358561875,5645.369301378052,9.703553835938145e-06,207.463497132342
1661,66.44,211.162766244846,10.0101256811753,-217.712333023536,-13.6891629394838,432.554136526691,0,0,0,0,-17.7891456134096,-10.6478557656824,-4.56681258473677e-05,0.0001147746305897,-3.79197272136504,0.0029306193409699,9.54024201272e-08,100.66231016119532,5746.031541116276,5645.369230955081,9.60342892116323e-06,207.46349454434554
1662,66.48,211.166565074561,10.0132193143965,-217.717130078726,-13.6893339713968,432.559809810287,0,0,0,0,-17.7893680318489,-10.6483413013543,-4.56689378059584e-05,0.000114773059324,-3.76894282802817,0.0029322440524624,9.43220332569e-08,100.7657529217325,5746.134912537998,5645.369159616266,9.504431594717534e-06,207.46349192269244
1663,66.52,211.170223935013,10.0161685397587,-217.721983592465,-13.6895033928076,432.565542380527,0,0,0,0,-17.789588352142,-10.6490231247169,-4.56697567902907e-05,0.0001147714901389,-3.74566876882733,0.0029338707590961,9.32563225317e-08,100.86538783892485,5746.234475202078,5645.369087363153,9.406336017792092e-06,207.46348926743948
1664,66.56,211.173736793277,10.0189675774763,-217.726893104003,-13.6896711914672,432.571333511271,0,0,0,0,-17.7898065583589,-10.6499095057053,-4.56705828054293e-05,0.0001147699230823,-3.72215218693998,0.0029354988943683,9.2203222976e-08,100.96105074641558,5746.330064944263,5645.369014197847,9.308935132176829e-06,207.46348657866403
1665,66.6,211.177098131589,10.0216111637385,-217.73185814911,-13.6898373552724,432.577182472233,0,0,0,0,-17.7900226347591,-10.6510081909493,-4.56714158564394e-05,0.000114768358202,-3.69839474142692,0.0029371278895133,9.11608840029e-08,101.05259149658718,5746.421531618547,5645.36894012196,9.212044411390934e-06,207.46348385642537
1666,66.64,211.180303046515,10.024094649807,-217.736878260122,-13.6900018722675,432.583088529098,0,0,0,0,-17.7902365657947,-10.6523262329618,-4.56722559474083e-05,0.0001147667955454,-3.67439810711948,0.0029387571736749,9.01276968001e-08,101.13987665775099,5746.508741795696,5645.368865137944,9.11550495936876e-06,207.46348110081362
1667,66.68,211.18334732706,10.0264140800462,-217.741952965984,-13.6901647306464,432.589050943644,0,0,0,0,-17.7904483361124,-10.6538698420216,-4.56731030825732e-05,0.0001147652351599,-3.65016397450575,0.0029403861740818,8.91023153834e-08,101.22279164071448,5746.591580888698,5645.368789247984,9.019185908389473e-06,207.46347831190897
1668,66.72,211.186227513021,10.0285662502137,-217.747081792296,-13.6903259187548,432.595068973857,0,0,0,0,-17.7906579305566,-10.6556442623892,-4.56739572654412e-05,0.0001147636770924,-3.62569404961565,0.0029420143162223,8.80836710455e-08,101.30124228601989,5746.669954740635,5645.368712454615,8.92298608799164e-06,207.4634754898047
1669,66.76,211.188940935132,10.0305487475285,-217.752264261356,-13.6904854250919,432.601141874052,0,0,0,0,-17.7908653341717,-10.6576536737916,-4.56748184996016e-05,0.0001147621213898,-3.60099005390498,0.0029436410240213,8.70709800963e-08,101.37515595648027,5746.743790717078,5645.368634760598,8.826834955107173e-06,207.46347263460223
1670,66.8,211.191485737529,10.0323599730599,-217.757499892206,-13.6906432383122,432.607268894987,0,0,0,0,-17.7910705322044,-10.6599011184901,-4.5675686787606e-05,0.0001147605680983,-3.57605372413841,0.002945265720018,8.60637449561e-08,101.4444821486193,5746.813038317397,5645.368556168777,8.730692790238528e-06,207.46346974640605
1671,66.84,211.193860882435,10.0339991463495,-217.762788200677,-13.6907993472281,432.613449283991,0,0,0,0,-17.7912735101069,-10.6623884536358,-4.56765621318938e-05,0.0001147590172646,-3.55088681227141,0.0029468878255445,8.50617488133e-08,101.50919262029308,5746.877669302239,5645.368476681946,8.634550179378195e-06,207.46346682531885
1672,66.88,211.196066137913,10.0354662930837,-217.768128699432,-13.6909537408109,432.619682285072,0,0,0,0,-17.7914742535385,-10.6651163281975,-4.56774445345798e-05,0.0001147574689343,-3.52549108533109,0.0029485067609058,8.40650442014e-08,101.5692810568077,5746.93767736028,5645.368396303472,8.538426819328186e-06,207.46346387146437
1673,66.92,211.198102051342,10.0367622185005,-217.773520898008,-13.6911064081933,432.625967139042,0,0,0,0,-17.7916727483689,-10.6680841835697,-4.56783339976396e-05,0.0001147559231538,-3.49986832529609,0.0029501219455601,8.30739359759e-08,101.6247623498192,5746.993077386459,5645.36831503664,8.442369702355814e-06,207.46346088496335
1674,66.96,211.199969912249,10.0378884701504,-217.778964302868,-13.6912573386714,432.632303083638,0,0,0,0,-17.79186898068,-10.6712902768403,-4.56792305220705e-05,0.0001147543799682,-3.47402032897537,0.0029517327983002,8.20889592786e-08,101.67567158561685,5747.043904470594,5645.368232884976,8.346450749567465e-06,207.46345786594537
1675,67.0,211.20167170688,10.0388472923905,-217.784458417439,-13.6914065217058,432.638689353634,0,0,0,0,-17.7920629367688,-10.6747317256162,-4.56801341089094e-05,0.0001147528394231,-3.447948907886,0.0029533387374358,8.11108531697e-08,101.72206280918456,5747.090212661191,5645.368149852006,8.250763969861274e-06,207.46345481454
1676,67.04,211.203210064441,10.0396415725588,-217.79000274216,-13.6915539469242,432.645125180966,0,0,0,0,-17.7922546031493,-10.6784045731741,-4.56810447583896e-05,0.0001147513015636,-3.42165588813002,0.0029549391809756,8.01405306748e-08,101.76400756104809,5747.132073502589,5645.368065941541,8.155422223116618e-06,207.46345173088724
1677,67.08,211.204588193765,10.0402747775643,-217.795596774525,-13.6916996041229,432.651609794848,0,0,0,0,-17.7924439665554,-10.6823038726104,-4.56819624710539e-05,0.0001147497664343,-3.39514311027018,0.002956533546811,7.91790460504e-08,101.80159315370925,5747.169574311582,5645.367981157873,8.060553670548581e-06,207.4634486151449
1678,67.12,211.205809810509,10.0407508810118,-217.801240009129,-13.6918434832686,432.658142421894,0,0,0,0,-17.7926310139428,-10.6864237884634,-4.56828872462943e-05,0.0001147482340799,-3.36841242920476,0.0029581212528998,7.82275600962e-08,101.83492069174945,5747.202816196348,5645.367895504599,7.966298001489646e-06,207.4634454674451
1679,67.16,211.206879057652,10.0410742836325,-217.806931937713,-13.6919855745002,432.664722286233,0,0,0,0,-17.7928157324915,-10.6907577140513,-4.56838190831836e-05,0.0001147467045448,-3.34146571404144,0.0029597017174508,7.72873043574e-08,101.86410290662337,5747.231911893085,5645.3678089864625,7.872802532905399e-06,207.46344228796218
1680,67.2,211.207800423182,10.0412497308908,-217.812672049208,-13.6921258681305,432.67134860963,0,0,0,0,-17.7929981096079,-10.695298402477,-4.5684757980995e-05,0.0001147451778731,-3.31430484797016,0.0029612743591088,7.63595450513e-08,101.88926191852651,5747.256983526168,5645.367721607642,7.78021827980536e-06,207.46343907684974
1681,67.24,211.208578656992,10.0412822298145,-217.818459829781,-13.6922643546479,432.678020611606,0,0,0,0,-17.7931781329276,-10.7000381090641,-4.56857039380535e-05,0.0001147436541083,-3.28693172813503,0.0029628385971396,7.54455475264e-08,101.91052697431664,5747.278160346771,5645.367633372454,7.688696086359162e-06,207.46343583426636
1682,67.28,211.209218686086,10.0411769641253,-217.824294762877,-13.6924010247183,432.684737509556,0,0,0,0,-17.7933557903167,-10.7049687427898,-4.56866569523856e-05,0.0001147421332938,-3.25934826550532,0.0029643938516163,7.45465420199e-08,101.92803213971965,5747.295576425499,5645.367544285779,7.598382897342498e-06,207.46343256039142
1683,67.32,211.209725526242,10.0409392058331,-217.830176329272,-13.6925358691866,432.691498518867,0,0,0,0,-17.793531069875,-10.7100820241441,-4.56876170213016e-05,0.000114740615473,-3.2315563847455,0.0029659395436043,7.36636914203e-08,101.94191389602364,5747.309368248625,5645.367454352601,7.509418241202946e-06,207.46342925540804
1684,67.36,211.210104190677,10.040574223826,-217.836104007109,-13.6926688790783,432.698302853038,0,0,0,0,-17.7937039599371,-10.7153696464847,-4.56885841424076e-05,0.0001147391006886,-3.20355802408436,0.0029674750953479,7.27980616725e-08,101.95230865541042,5747.319672232729,5645.367363577319,7.421930993452515e-06,207.46342591947794
1685,67.4,211.210359599591,10.0400871933435,-217.842077271949,-13.6928000456015,432.705149723798,0,0,0,0,-17.7938744490756,-10.7208234374591,-4.56895583124533e-05,0.0001147375889831,-3.17535513518318,0.0029689999304566,7.19505953853e-08,101.95935029778381,5747.326622263276,5645.367271965491,7.336036486856103e-06,207.46342255280533
1686,67.44,211.210496495368,10.0394831111056,-217.848095596816,-13.6929293601479,432.712038341226,0,0,0,0,-17.7940425261023,-10.7264355165979,-4.56905395278891e-05,0.0001147360803989,-3.1469496830031,0.0029705134740909,7.112208911e-08,101.96316786542343,5747.3303473871065,5645.367179521683,7.251834026628119e-06,207.463419155558
1687,67.48,211.210519365622,10.0387667182926,-217.854158452242,-13.6930568142948,432.718967913866,0,0,0,0,-17.7942081800708,-10.7321984451862,-4.56915277844954e-05,0.000114734574978,-3.11834364567143,0.0029720151531492,7.03131746637e-08,101.96388346689365,5747.330969718415,5645.367086251521,7.169404851700461e-06,207.46341572794273
1688,67.52,211.210432372963,10.037942430232,-217.860265306313,-13.6931823998068,432.72593764885,0,0,0,0,-17.7943714002781,-10.7381053648549,-4.569252307824e-05,0.0001147330727618,-3.08953901434725,0.0029735043964534,6.952430477e-08,101.96161036707808,5747.328602527592,5645.366992160514,7.0888105668453535e-06,207.463412270162
1689,67.56,211.21023928971,10.0370142710467,-217.866415624715,-13.6933061086366,432.732946752014,0,0,0,0,-17.7945321762671,-10.7441501218769,-4.56935254043833e-05,0.0001147315737916,-3.060537793086,0.0029749806349352,6.87557431815e-08,101.95645121082131,5747.323348464664,5645.3668972538435,7.010092057132454e-06,207.46340878240613
1690,67.6,211.209943438508,10.0359858141997,-217.872608870779,-13.6934279329275,432.739994428015,0,0,0,0,-17.794690497828,-10.750327374373,-4.56945347573307e-05,0.0001147300781083,-3.03134199870327,0.0029764433018213,6.80075593494e-08,101.94849640657321,5747.315297943408,5645.366801536835,6.933268891466816e-06,207.46340526487091
1691,67.64,211.209547642643,10.0348601327394,-217.878844505532,-13.6935478650138,432.74707988045,0,0,0,0,-17.7948463550005,-10.7566326797864,-4.56955511320984e-05,0.000114728585753,-3.00195366063771,0.0029778918328188,6.7279627605e-08,101.93782277343885,5747.304527789349,5645.36670501591,6.858339216487962e-06,207.46340171779232
1692,67.68,211.209054189603,10.0336397627887,-217.885121987737,-13.6936658974231,432.754202311974,0,0,0,0,-17.7949997380755,-10.7630625601877,-4.56965745224411e-05,0.0001147270967656,-2.97237482081307,0.0029793256663,6.6571630723e-08,101.92449255204434,5747.291100248204,5645.36660769616,6.785280131511023e-06,207.46339814135743
1693,67.72,211.208464808103,10.0323266805052,-217.891440773943,-13.6937820228772,432.761360924418,0,0,0,0,-17.7951506375973,-10.7696145438467,-4.56976049222033e-05,0.0001147256111864,-2.94260753349943,0.0029807442434871,6.58830676456e-08,101.90855277704138,5747.275062360707,5645.366509583666,6.714048518617128e-06,207.46339453578975
1694,67.76,211.207780655787,10.0309222897089,-217.897800318532,-13.6938962342936,432.768554918904,0,0,0,0,-17.7952990443647,-10.7762871827762,-4.56986423247248e-05,0.0001147241290547,-2.91265386517359,0.0029821470086359,6.52132650611e-08,101.89003494322235,5747.256445627953,5645.366410684731,6.644582289152006e-06,207.4633909013209
1695,67.8,211.207002314914,10.0294274175024,-217.904200073764,-13.694008524787,432.775783495962,0,0,0,0,-17.7954449494334,-10.7830800471248,-4.56996867227466e-05,0.0001147226504103,-2.8825158943786,0.0029835334092197,6.4561392455e-08,101.86895488878176,5747.235265894019,5645.366311005238,6.576802000162824e-06,207.46338723816703
1696,67.84,211.20612979595,10.0278423177948,-217.910639489825,-13.6941188876701,432.783045855651,0,0,0,0,-17.7955883441174,-10.7899936979091,-4.57007381089235e-05,0.0001147211752918,-2.85219571158249,0.0029849028961117,6.39264801899e-08,101.84531289245909,5747.211523443697,5645.366210551238,6.510612793254513e-06,207.4633835465506
1697,67.88,211.205162550678,10.0261666843402,-217.917118014873,-13.6942273164556,432.790341197667,0,0,0,0,-17.7957292199906,-10.7970296396836,-4.57017964754003e-05,0.0001147197037378,-2.82169541903622,0.0029862549237674,6.33074401221e-08,101.81909402973352,5747.185203359244,5645.36610932951,6.445906606647671e-06,207.4633798267207
1698,67.92,211.204099495154,10.0243996736319,-217.923635095088,-13.6943338048569,432.797668721467,0,0,0,0,-17.7958675688884,-10.8041902549538,-4.57028618139907e-05,0.000114718235787,-2.79101713063078,0.0029875889504058,6.27030882263e-08,101.79026879895552,5747.1562761450405,5645.366007346085,6.3825646052862115e-06,207.4633760788989
1699,67.96,211.20293904015,10.0225399352736,-217.930190174715,-13.6944383467893,432.805027626381,0,0,0,0,-17.7960033829097,-10.8114787227427,-4.57039341162602e-05,0.0001147167714768,-2.76016297175348,0.0029889044381901,6.2112168672e-08,101.75879394857041,5747.124698555991,5645.365904607421,6.320459766170361e-06,207.46337230332261
1700,68.0,211.201679125691,10.0205856464501,-217.936782696111,-13.6945409363716,432.812417111724,0,0,0,0,-17.7961366544176,-10.8188989246631,-4.57050133729996e-05,0.000114715310845,-2.72913507914352,0.0029902008534077,6.15333787826e-08,101.72461341645271,5747.090414537321,5645.365801120868,6.259459554033835e-06,207.4633685002619
1701,68.04,211.200317258109,10.0185345489194,-217.943412099799,-13.6946415679268,432.819836376915,0,0,0,0,-17.7962673760418,-10.8264553422877,-4.57060995754113e-05,0.0001147138539285,-2.69793560074674,0.002991477666649,6.09653943017e-08,101.68765934053435,5747.0533562328665,5645.365696892332,6.199428625263234e-06,207.46336466993384
1702,68.08,211.198850550381,10.0163839892789,-217.950077824504,-13.6947402359834,432.827284621589,0,0,0,0,-17.7963955406793,-10.8341529493544,-4.57071927132336e-05,0.0001147124007646,-2.66656669556956,0.0029927343529852,6.04068944132e-08,101.64785315324389,5747.01344508273,5645.365591929486,6.140231503668779e-06,207.46336081262035
1703,68.12,211.197275766522,10.0141309632986,-217.956779307212,-13.6948369352763,432.834761045712,0,0,0,0,-17.796521141496,-10.841997101503,-4.57082927771175e-05,0.0001147109513895,-2.63503053353225,0.002993970392145,5.98565859824e-08,101.6051067921385,5746.970593031277,5645.365486239138,6.081735174986477e-06,207.46335692857164
1704,68.16,211.19558936869,10.0117721629574,-217.963515983208,-13.6949316607481,432.842264849688,0,0,0,0,-17.7966441719284,-10.8499934255974,-4.57093997566016e-05,0.0001147095058395,-2.60332929532133,0.0029951852686897,5.93132265285e-08,101.55932398074148,5746.924703808921,5645.365379828179,6.023811546642741e-06,207.46335301804103
1705,68.2,211.193787564203,10.0093040234,-217.970287286127,-13.6950244075497,432.84979523448,0,0,0,0,-17.7967646256842,-10.8581477105201,-4.57105136411436e-05,0.0001147080641503,-2.57146517224133,0.0029963784721877,5.87756454788e-08,101.51040150747508,5746.875674211528,5645.3652727040535,5.966339722089468e-06,207.46334908130197
1706,68.24,211.191866351188,10.0067227685171,-217.977092648002,-13.6951151710418,432.857351401715,0,0,0,0,-17.7968824967441,-10.8664658014923,-4.57116344197003e-05,0.0001147066263578,-2.53944036606573,0.0029975494973868,5.82427633086e-08,101.45823046840248,5746.823395342588,5645.365164874185,5.9092080470491594e-06,207.46334511862736
1707,68.28,211.189821564541,10.0040244568481,-217.98393149931,-13.6952039467951,432.864932553798,0,0,0,0,-17.7969977793628,-10.8749534997872,-4.57127620811394e-05,0.0001147051924966,-2.50725708888725,0.0029986978443859,5.77136082281e-08,101.40269751786127,5746.767753863849,5645.365056345988,5.85231589557664e-06,207.46334113028965
1708,68.32,211.187648924919,10.0012050305087,-217.990803269017,-13.6952907305918,432.872537894019,0,0,0,0,-17.7971104680699,-10.8836164690037,-4.57138966138615e-05,0.0001147037626015,-2.47491756296732,0.002999823018805,5.71873301465e-08,101.34368620100359,5746.708633328456,5645.364947127452,5.795575172473559e-06,207.46333711658244
1709,68.36,211.185344091082,9.99826036747018,-217.997707384629,-13.695375518426,432.880166626667,0,0,0,0,-17.7972205576714,-10.8924601481514,-4.57150380061636e-05,0.0001147023367077,-2.44242402058495,0.0030009245319536,5.66632117104e-08,101.28107837912724,5746.6459156052515,5645.364837226124,5.738911511639261e-06,207.4633330777831
1710,68.4,211.182902712825,9.99518633442936,-218.004643272236,-13.6954583065046,432.887817957136,0,0,0,0,-17.7973280432503,-10.901489671265,-4.57161862456722e-05,0.0001147009148488,-2.40977870388481,0.0030020019009975,5.61406762886e-08,101.21475566915719,5746.579482319129,5645.364726649972,5.682265152658104e-06,207.4633290141844
1711,68.44,211.180320481787,9.99197883756262,-218.01161035656,-13.6955390912484,432.895491092033,0,0,0,0,-17.7974329201679,-10.9107097932207,-4.57173413201938e-05,0.0001146994970588,-2.3769838647247,0.0030030546491243,5.56192928393e-08,101.14460082652765,5746.509216233612,5645.364615407085,5.625591485376166e-06,207.4633249260837
1712,68.48,211.177593181051,9.98863387205813,-218.018608061002,-13.6956178692922,432.903185239287,0,0,0,0,-17.7975351840646,-10.9201248217265,-4.57185032165451e-05,0.0001146980833713,-2.34404176452226,0.0030040823057062,5.50987776655e-08,101.07049909513873,5746.435002600547,5645.364503505408,5.568861265021616e-06,207.46332081377287
1713,68.52,211.174716737643,9.98514757456375,-218.025635807688,-13.6956946374858,432.910899608253,0,0,0,0,-17.7976348308607,-10.9297385555981,-4.57196719220952e-05,0.0001146966738193,-2.31095467410108,0.0030050844064629,5.45789931276e-08,100.99233963513791,5746.3567305886645,5645.364390953527,5.512060511729149e-06,207.4633166775675
1714,68.56,211.171687280974,9.98151628156435,-218.032693017516,-13.6957693928947,432.91863340982,0,0,0,0,-17.7977318567572,-10.9395542292986,-4.57208474233394e-05,0.0001146952684358,-2.27772487353612,0.0030060604936207,5.40599434444e-08,100.91001711424235,5746.274294873874,5645.3642777596315,5.455190113076646e-06,207.46331251776851
1715,68.6,211.168501205362,9.97773659185226,-218.039779110203,-13.6958421328004,432.926385856514,0,0,0,0,-17.7978262582367,-10.9495744635403,-4.57220297065592e-05,0.0001146938672533,-2.2443546519985,0.0030070101160721,5.35417677715e-08,100.82343340845117,5746.18759734057,5645.3641639321195,5.398265146513246e-06,207.46330833468457
1716,68.64,211.165155231249,9.973805427679,-218.046893504332,-13.6959128547014,432.934156162603,0,0,0,0,-17.7979180320639,-10.9598012217462,-4.57232187579677e-05,0.0001146924703042,-2.21084630759962,0.0030079328295315,5.3024730797e-08,100.73249926711111,5746.096548747436,5645.364049480325,5.3413139393693e-06,207.46330412865868
1717,68.68,211.161646461349,9.9697200908578,-218.054035617396,-13.695981556313,432.941943544201,0,0,0,0,-17.7980071752865,-10.9702357723494,-4.57244145636384e-05,0.0001146910776203,-2.17720214723473,0.0030088281966896,5.25092111352e-08,100.63713584301392,5746.001070255302,5645.363934412288,5.284376891501083e-06,207.46329989998625
1718,68.72,211.157972433317,9.96547831536816,-218.061204865849,-13.6960482355684,432.949747219366,0,0,0,0,-17.7980936852355,-10.980878657191,-4.57256171090007e-05,0.0001146896892334,-2.14342448642577,0.0030096957873664,5.19956878363e-08,100.53727612317242,5745.901094860349,5645.363818737177,5.227505097020094e-06,207.46329564900432
1719,68.76,211.154131173548,9.96107832110447,-218.068400665145,-13.6961128906187,432.957566408208,0,0,0,0,-17.7981775595258,-10.9917296665181,-4.57268263792935e-05,0.0001146883051748,-2.10951564916378,0.0030105351786603,5.14847253569e-08,100.43286639388309,5745.796568858048,5645.363702464165,5.1707588093104e-06,207.46329137604988
1720,68.8,211.150121253994,9.95651887063808,-218.075622429795,-13.6961755198336,432.965400332984,0,0,0,0,-17.7982587960571,-11.0027878213204,-4.57280423597013e-05,0.0001146869254756,-2.07547796775053,0.0030113459550974,5.09769573557e-08,100.32386778715075,5745.687453389235,5645.363585602085,5.1142057906511194e-06,207.46328708144762
1721,68.84,211.145941847847,9.95179932484984,-218.082869573401,-13.6962361218012,432.9732482182,0,0,0,0,-17.7983373930134,-11.0140513638765,-4.57292650351595e-05,0.0001146855501667,-2.04131378263972,0.0030121277087763,5.04730696892e-08,100.21025779527604,5745.573725955319,5645.363468160042,5.057919580562392e-06,207.46328276553214
1722,68.88,211.141592776965,9.9469196902977,-218.090141508711,-13.696294695329,432.981109290708,0,0,0,0,-17.7984133488642,-11.0255177573774,-4.57304943900664e-05,0.0001146841792787,-2.00702544227756,0.0030128800395131,4.99737829844e-08,100.09203156094901,5745.455381708807,5645.363350147858,5.0019777136623294e-06,207.4632784286643
1723,68.92,211.137074547041,9.94188065434243,-218.097437647663,-13.6963512394433,432.988982779805,0,0,0,0,-17.7984866623644,-11.0371836952242,-4.57317304089386e-05,0.0001146828128418,-1.97261530294278,0.0030136025549813,4.94798351614e-08,99.96920283590809,5745.332434410308,5645.363231574401,4.946459922287315e-06,207.46327407117008
1724,68.96,211.132388372427,9.93668360991601,-218.10475740143,-13.69640575339,432.996867917331,0,0,0,0,-17.7985573325546,-11.049045120316,-4.57329730757692e-05,0.0001146814508861,-1.93808572858614,0.0030142948708518,4.8991964265e-08,99.84180465469571,5745.204917104023,5645.363112449327,4.891446365437529e-06,207.46326969340433
1725,69.0,211.127536194731,9.9313306740689,-218.112100180464,-13.6964582366345,433.004763937761,0,0,0,0,-17.7986253587613,-11.0610972546161,-4.57342223743499e-05,0.0001146800934413,-1.90343909066941,0.0030149566109277,4.85108919438e-08,99.70988984160819,5745.072882623796,5645.3629927821885,4.837015926482413e-06,207.46326529571806
1726,69.04,211.122520695644,9.92582470075019,-218.119465394547,-13.6965086888617,433.012670078303,0,0,0,0,-17.7986907405968,-11.0733346394667,-4.57354782883478e-05,0.0001146787405371,-1.86867776800375,0.0030155874072793,4.80373078857e-08,99.57353135927511,5744.936403942158,5645.362872582883,4.783244612946097e-06,207.463260878475
1727,69.08,211.117345298978,9.92016928279786,-218.126852452833,-13.6965571099763,433.020585578989,0,0,0,0,-17.7987534779596,-11.0857511871762,-4.57367408009919e-05,0.0001146773922025,-1.83380414658774,0.0030161869003743,4.75718554848e-08,99.43282236471637,5744.795574225775,5645.362751861059,4.730204081004662e-06,207.46325644202977
1728,69.12,211.112014155641,9.91436873686477,-218.134260763894,-13.6966035001025,433.028509682773,0,0,0,0,-17.7988135710342,-11.0983402439754,-4.57380098956055e-05,0.0001146760484666,-1.79882061944474,0.0030167547392073,4.71151189769e-08,99.28787580008415,5744.650506426611,5645.362630626527,4.677960301687292e-06,207.46325198674285
1729,69.16,211.106532109615,9.90842806935412,-218.141689735769,-13.6966478595839,433.036441635614,0,0,0,0,-17.7988710202907,-11.1110946636118,-4.57392855545852e-05,0.000114674709358,-1.76372958645993,0.0030172905814264,4.66676122406e-08,99.13882346720492,5744.501332356128,5645.362508888923,4.626572387467901e-06,207.4632475129684
1730,69.2,211.100904648405,9.90235292681838,-218.149138776006,-13.6966901889839,433.044380686577,0,0,0,0,-17.7989258264854,-11.1240068901552,-4.57405677610158e-05,0.0001146733749052,-1.72853345421678,0.0030177940934563,4.62297694173e-08,98.98581467816774,5744.348201336943,5645.362386658775,4.576091599706944e-06,207.46324302109326
1731,69.24,211.095137842469,9.89614953534814,-218.156607291709,-13.6967304890848,433.052326087915,0,0,0,0,-17.7989779906599,-11.1370690485145,-4.57418564969865e-05,0.0001146720451362,-1.69323463583307,0.0030182649506193,4.58019374603e-08,98.82901460876415,5744.191278554631,5645.362263945867,4.526560553698935e-06,207.46323851147704
1732,69.28,211.089238274581,9.889824629895,-218.164094689586,-13.6967687608884,433.06027709516,0,0,0,0,-17.799027514141,-11.1502730415472,-4.57431517445202e-05,0.0001146707200792,-1.6578355507965,0.0030187028372533,4.53843706706e-08,98.66860237518802,5744.030743135598,5645.36214076041,4.478012626977361e-06,207.46323398449493
1733,69.32,211.083212956515,9.88338537090723,-218.17160037599,-13.6968050056149,433.068232967213,0,0,0,0,-17.7990743985408,-11.163610652767,-4.57444534858565e-05,0.0001146693997615,-1.62233862479989,0.0030191074468269,4.49772272369e-08,98.50476876732736,5743.866785879932,5645.362017112604,4.430471568036699e-06,207.46322944052184
1734,69.36,211.077069231131,9.87683924637542,-218.179123756968,-13.6968392247034,433.076192966427,0,0,0,0,-17.7991186457557,-11.1770736531722,-4.57457617021602e-05,0.0001146680842107,-1.58674628957582,0.0030194784820516,4.45805677525e-08,98.33771358449786,5743.699606597029,5645.361893012531,4.383951298518685e-06,207.46322487992825
1735,69.4,211.070814662219,9.87019396164245,-218.186664238306,-13.6968714198109,433.084156358694,0,0,0,0,-17.7991602579664,-11.1906539097512,-4.5747076375342e-05,0.0001146667734538,-1.55106098273106,0.0030198156549917,4.41943556471e-08,98.16764263729232,5743.529411108101,5645.361768470809,4.338455903485177e-06,207.46322030310432
1736,69.44,211.064456917733,9.86345732259032,-218.194221225575,-13.6969015928123,433.09212241353,0,0,0,0,-17.7991992376369,-11.2043434927138,-4.57483974858549e-05,0.0001146654675177,-1.5152851475804,0.0030201186871711,4.38184594387e-08,97.99476457119535,5743.356408068803,5645.3616434976075,4.293979804723459e-06,207.46321571042384
1737,69.48,211.058003651242,9.85663711705619,-218.201794124172,-13.6969297458,433.100090404158,0,0,0,0,-17.7992355875146,-11.218134778804,-4.57497250150036e-05,0.000114664166429,-1.47942123298027,0.0030203873096771,4.34526566762e-08,97.81928763958484,5743.180805743355,5645.36151810377,4.250508106809204e-06,207.46321110228527
1738,69.52,211.051462383359,9.84974099622675,-218.209382339371,-13.6969558810828,433.108059607587,0,0,0,0,-17.799269310629,-11.2320205489059,-4.57510589433488e-05,0.0001146628702142,-1.44347169316181,0.0030206212632612,4.30966394182e-08,97.641416478638,5743.002808778062,5645.361392299424,4.208017099613549e-06,207.46320647906077
1739,69.56,211.044840383476,9.84277635633227,-218.216985276368,-13.6969800011863,433.116029304698,0,0,0,0,-17.7993004102912,-11.2459940786545,-4.57523992513375e-05,0.0001146615788991,-1.40743898756372,0.003020820298436,4.27500210682e-08,97.4613488879515,5742.8226149831535,5645.361266095202,4.166474896412007e-06,207.46320184114114
1740,69.6,211.038144553915,9.83575022276551,-218.224602340321,-13.6970021088515,433.123998780322,0,0,0,0,-17.7993288900935,-11.2600492205797,-4.57537459188472e-05,0.0001146602925098,-1.37132558066466,0.0030209841755699,4.24123443734e-08,97.27927267810182,5742.640412180379,5645.361139502277,4.125842188204176e-06,207.4631971889369
1741,69.64,211.031381321165,9.82866914128298,-218.232232936398,-13.6970222070345,433.131967323315,0,0,0,0,-17.7993547539079,-11.274180475753,-4.57550989259748e-05,0.0001146590110719,-1.33513394181536,0.0030211126649779,4.20830903861e-08,97.09536271276664,5742.456375243411,5645.361012530644,4.086073097067105e-06,207.4631925228154
1742,69.68,211.024556538812,9.82153908090308,-218.239876469825,-13.6970402989058,433.13993422664,0,0,0,0,-17.7993780058857,-11.2883830527923,-4.57564582522485e-05,0.0001146577346105,-1.29886654507036,0.00302120554701,4.17616881792e-08,96.90977826486565,5742.270663456437,5645.3608851915715,4.047116110427134e-06,207.46318784319075
1743,69.72,211.01767540406,9.8143653503931,-218.247532345924,-13.6970563878494,433.147898787441,0,0,0,0,-17.7993986504563,-11.3026529128343,-4.57578238771266e-05,0.0001146564631509,-1.26252586901943,0.0030212626121362,4.14475251068e-08,96.72266074685793,5742.083418242582,5645.360757495724,4.008915075861501e-06,207.46318315045488
1744,69.76,211.010742387421,9.80715252793123,-218.255199970166,-13.6970704774623,433.155860307118,0,0,0,0,-17.7994166923262,-11.3169868001665,-4.57591957797157e-05,0.0001146551967176,-1.22611439661875,0.0030212836610287,4.11399573988e-08,96.53413179669184,5741.8947612506745,5645.360629453982,3.971410233029694e-06,207.46317844500763
1745,69.8,211.003761175723,9.79990440408233,-218.262878748208,-13.6970825715533,433.163818091403,0,0,0,0,-17.799432136478,-11.3313822589425,-4.57605739389237e-05,0.0001146539353352,-1.18963461502167,0.0030212685046402,4.08383208845e-08,96.34429172702734,5741.704792804413,5645.360501077385,3.934539261618198e-06,207.46317372725466
1746,69.84,210.996734630783,9.79262394044282,-218.270568085944,-13.6970926741425,433.171771450427,0,0,0,0,-17.7994449881692,-11.3458376363571,-4.57619583334402e-05,0.0001146526790278,-1.15308901540927,0.0030212169642794,4.0541941651e-08,96.15321840113234,5741.513590777804,5645.360372376672,3.898238328016717e-06,207.46316899759063
1747,69.88,210.989664766625,9.78531324683051,-218.278267389543,-13.6971007894601,433.179719698797,0,0,0,0,-17.7994552529308,-11.3603520722946,-4.57633489417507e-05,0.0001146514278196,-1.11648009282064,0.0030211288716825,4.0250146455e-08,95.96096661191805,5741.321209975233,5645.360243363315,3.862443115556968e-06,207.46316425643718
1748,69.92,210.982552745539,9.77797357731909,-218.2859760655,-13.6971069219453,433.187662155664,0,0,0,0,-17.7994629365665,-11.3749254753959,-4.57647457418003e-05,0.0001146501817341,-1.07981034598285,0.0030210040690819,3.99622727261e-08,95.76756797608552,5741.127682024222,5645.360114048136,3.8270898227148576e-06,207.46315950419196
1749,69.96,210.97539889002,9.77060534214902,-218.293693520673,-13.6971110762458,433.19559814479,0,0,0,0,-17.7994680451507,-11.3895584860406,-4.57661487118143e-05,0.0001146489407946,-1.04308227714074,0.0030208424092714,3.96776780099e-08,95.5730312579403,5740.933015700306,5645.359984442366,3.7921161111450254e-06,207.46315474126772
1750,70.0,210.968202707149,9.76320813208581,-218.301419162336,-13.6971132572159,433.203526994615,0,0,0,0,-17.7994705850275,-11.4042524275235,-4.57675578295623e-05,0.0001146477050244,-1.00629839188637,0.0030206437556683,3.93957487222e-08,95.37734303334935,5740.737197590477,5645.359854557128,3.7574619879609325e-06,207.4631499680732
1751,70.04,210.960962924801,9.75578075460438,-218.309152398214,-13.6971134699164,433.211448038327,0,0,0,0,-17.7994705628095,-11.4190092471189,-4.57689730723282e-05,0.0001146464744463,-0.969461198988326,0.0030204079823722,3.91159080991e-08,95.18046867479237,5740.540193078449,5645.359724403656,3.723070611143732e-06,207.46314518502132
1752,70.08,210.953677541831,9.74832128405147,-218.31689263653,-13.6971117196125,433.219360613922,0,0,0,0,-17.7994679853754,-11.4338314485818,-4.57703944177038e-05,0.0001146452490828,-0.932573210220793,0.0030201349742207,3.88376232513e-08,94.98235371655629,5740.341947710295,5645.359593993739,3.688889012433009e-06,207.46314039254517
1753,70.12,210.946343893694,9.74082712724888,-218.324639286051,-13.6971080117731,433.227264064269,0,0,0,0,-17.7994628598695,-11.448722017163,-4.5771821842379e-05,0.0001146440289564,-0.895636940192389,0.0030198246268407,3.85604112518e-08,94.78292564197861,5740.142388980051,5645.359463338073,3.654868733336716e-06,207.46313559103797
1754,70.16,210.938958731188,9.73329510221126,-218.332391756129,-13.6971023520693,433.235157737175,0,0,0,0,-17.7994551936992,-11.4636843379647,-4.57732553232805e-05,0.0001146428140889,-0.858654906174838,0.003019476846697,3.82838442071e-08,94.58209602389432,5739.941428472427,5645.359332448533,3.620966367584255e-06,207.46313078093607
1755,70.2,210.931518306979,9.72572152465813,-218.340149456744,-13.6970947463735,433.243040985438,0,0,0,0,-17.7994449945336,-11.4787221087137,-4.57746948370563e-05,0.0001146416045023,-0.821629627931455,0.0030190915511365,3.80075532795e-08,94.37976288086944,5739.738964217272,5645.359201336402,3.5871440025397884e-06,207.4631259626541
1756,70.24,210.924018465618,9.71810229800725,-218.347911798548,-13.6970852007575,433.250913166915,0,0,0,0,-17.7994322703021,-11.4938392484506,-4.57761403600595e-05,0.0001146404002178,-0.784563627545462,0.0030186686684299,3.77312316467e-08,94.17581312568123,5739.534883139059,5645.359070013378,3.553369554634419e-06,207.46312113662194
1757,70.28,210.916454736701,9.71043300652428,-218.355678192907,-13.6970737214914,433.258773644574,0,0,0,0,-17.7994170291919,-11.5090398038825,-4.57775918682322e-05,0.0001146392012569,-0.747459429248147,0.0030182081378092,3.74546364005e-08,93.97012510114693,5739.3290635919,5645.358938490754,3.5196169999989315e-06,207.4631163032546
1758,70.32,210.908822433634,9.70270901406959,-218.363448051946,-13.6970603150421,433.266621786552,0,0,0,0,-17.7993992796465,-11.5243278549652,-4.57790493379486e-05,0.0001146380076405,-0.710319559246875,0.0030177099095028,3.71775894022e-08,93.76257126697597,5739.121378047074,5645.358806780098,3.485866505454262e-06,207.46311146297722
1759,70.36,210.901116759077,9.69492556952679,-218.371220788588,-13.6970449880718,433.27445696621,0,0,0,0,-17.7993790303639,-11.5397074208326,-4.57805127446033e-05,0.0001146368193893,-0.673146545552985,0.0030171739447658,3.68999771306e-08,93.55302106893845,5738.911695962313,5645.358674893375,3.4521044653249447e-06,207.4631066162295
1760,70.4,210.893332914124,9.68707791597353,-218.3789958166,-13.6970277474368,433.282278562187,0,0,0,0,-17.7993562902944,-11.5551823669508,-4.57819820639194e-05,0.0001146356365234,-0.635942917809554,0.0030166002159083,3.66217495677e-08,93.34134391089273,5738.699886752733,5645.35854284184,3.4183234462022584e-06,207.46310176342504
1761,70.44,210.885466205804,9.6791613981688,-218.386772550633,-13.6970086001854,433.290085958453,0,0,0,0,-17.7993310686385,-11.5707563143683,-4.57834572708826e-05,0.000114634459063,-0.598711207119055,0.0030159887063181,3.63429181832e-08,93.12741207864906,5738.4858227160885,5645.358410637439,3.384522040790902e-06,207.46309690500289
1762,70.48,210.877512149021,9.67117156448282,-218.394550406264,-13.6969875535564,433.297878544359,0,0,0,0,-17.7993033748452,-11.5864325523057,-4.57849383412614e-05,0.0001146332870282,-0.561453945870932,0.0030153394104814,3.6063553082e-08,92.9111035147148,5738.2693818067,5645.358278291986,3.3507046343484283e-06,207.46309204139715
1763,70.52,210.86946656292,9.66310426325293,-218.40232880004,-13.6969646149781,433.305655714685,0,0,0,0,-17.7992732186092,-11.6022139554818,-4.57864252496151e-05,0.0001146321204383,-0.524173667569083,0.0030146523339991,3.57837793937e-08,92.69230444092815,5738.05045025771,5645.358145816782,3.3168810922983927e-06,207.46308717302315
1764,70.56,210.861325663814,9.65495573570635,-218.410107149516,-13.6969397920655,433.313416869689,0,0,0,0,-17.7992406098693,-11.6181029075382,-4.57879179710014e-05,0.0001146309593127,-0.486872906659281,0.0030139274936005,3.55037729826e-08,92.47091188557991,5737.828925109749,5645.35801322417,3.283066379640881e-06,207.46308230033446
1765,70.6,210.853086155215,9.64672270597678,-218.4178848733,-13.6969130926197,433.321161415158,0,0,0,0,-17.799205558806,-11.6341012316537,-4.57894164798223e-05,0.0001146298036702,-0.449554198356544,0.0030131649171526,3.52237555688e-08,92.24683613515988,5737.604716660811,5645.357880525651,3.2492801224718677e-06,207.46307742375382
1766,70.64,210.844745311947,9.63840246522132,-218.425661391095,-13.6968845246254,433.328888762446,0,0,0,0,-17.799168075839,-11.6502101291689,-4.57909207507871e-05,0.0001146286535299,-0.412220078472452,0.0030123646436669,3.49439893524e-08,92.02000302201844,5737.37775075508,5645.357747733062,3.215546118173238e-06,207.46307254371612
1767,70.68,210.836301053626,9.62999294508644,-218.433436123732,-13.6968540962492,433.336598328521,0,0,0,0,-17.799128171625,-11.6664301269649,-4.57924307581932e-05,0.0001146275089102,-0.374873083242439,0.0030115267233019,3.46647712357e-08,91.7903559238598,5737.147970782424,5645.3576148585635,3.1818918000436322e-06,207.46306766066834
1768,70.72,210.827752004388,9.6214927774428,-218.441208493225,-13.6968218158382,433.344289536009,0,0,0,0,-17.7990858570553,-11.6827610344754,-4.57939464762808e-05,0.0001146263698293,-0.337515749153071,0.0030106512173621,3.4386426741e-08,91.55785738989508,5736.915339303676,5645.357481913781,3.1483476639609786e-06,207.46306277503766
1769,70.76,210.819097539081,9.61290134056348,-218.448977922799,-13.6967876919175,433.351961813233,0,0,0,0,-17.7990411432535,-11.6992019112561,-4.57954678789822e-05,0.0001146252363054,-0.300150612769311,0.0030097381982934,3.41093037203e-08,91.32249039719242,5736.679839307584,5645.357348910392,3.114946667700679e-06,207.46305788725323
1770,70.8,210.810337817683,9.60421879355333,-218.456743836935,-13.6967517331889,433.359614594254,0,0,0,0,-17.7989940415725,-11.7157510461121,-4.57969949402069e-05,0.0001146241083561,-0.262780210561802,0.0030087877496751,3.38337659509e-08,91.08425928647736,5736.4414751473705,5645.357215860893,3.08172361477608e-06,207.46305299777427
1771,70.84,210.801473808553,9.59544609958903,-218.464505661415,-13.6967139485284,433.367247318907,0,0,0,0,-17.7989445635928,-11.7324059485418,-4.57985276334858e-05,0.0001146229859993,-0.225407078734164,0.003007799966208,3.35601867121e-08,90.84319039697489,5736.200273173426,5645.357082776451,3.048714533560756e-06,207.4630481070112
1772,70.88,210.792507298632,9.58658503613045,-218.472262823353,-13.6966743469845,433.374859432839,0,0,0,0,-17.7988927211191,-11.7491633530116,-4.5800065932839e-05,0.0001146218692517,-0.188033753050327,0.0030067749536997,3.32889424323e-08,90.59933234124529,5735.956282010892,5645.356949669647,3.0159560591105174e-06,207.46304321542632
1773,70.92,210.783440887909,9.57763818938425,-218.480014751244,-13.6966329377764,433.382450387545,0,0,0,0,-17.7988385261782,-11.7660192362943,-4.5801609811432e-05,0.0001146207581309,-0.150662768661906,0.0030057128290463,3.30204064932e-08,90.35275585688247,5735.709572409075,5645.356816552193,2.983484824690998e-06,207.46303832345006
1774,70.96,210.774277966912,9.56860893180091,-218.487760874998,-13.6965897302915,433.390019640401,0,0,0,0,-17.798781991016,-11.7829688478871,-4.58031592426035e-05,0.0001146196526535,-0.11329665993564,0.0030046137202098,3.27549432719e-08,90.10355319317011,5735.460236628937,5645.356683435767,2.951336870109783e-06,207.4630334315116
1775,71.0,210.765022678333,9.55950138370385,-218.495500625982,-13.6965447340836,433.397566654695,0,0,0,0,-17.7987231280951,-11.8000067534929,-4.58047141997608e-05,0.0001146185528363,-0.0759379602808994,0.003003477766193,3.24929024962e-08,89.85183706616488,5735.208387398873,5645.356550332708,2.919547075759903e-06,207.46302854006436
1776,71.04,210.755679864906,9.55032036117455,-218.50323343706,-13.6964979588707,433.405090899663,0,0,0,0,-17.7986619500919,-11.8171268914785,-4.58062746560176e-05,0.0001146174586955,-0.0385892019772818,0.0030023051170099,3.22346139794e-08,89.59773924180008,5734.954156496386,5645.356417254586,2.888148630984721e-06,207.46302364953354
1777,71.08,210.746255004906,9.54107131155778,-218.51095874263,-13.696449414533,433.412591850511,0,0,0,0,-17.7985984698938,-11.834322642056,-4.58078405844892e-05,0.0001146163702473,-0.0012529160022959,0.0030010959336531,3.1980382796e-08,89.34140877939132,5734.69769299293,5645.356284213538,2.8571725436723214e-06,207.46301876036514
1778,71.12,210.736754135422,9.53176023674656,-218.518675978666,-13.6963991111106,433.420068988452,0,0,0,0,-17.7985327005964,-11.851586908526,-4.58094119578213e-05,0.0001146152875075,0.0360683681408382,0.002999850388058,3.17304849487e-08,89.08300994479562,5734.439161166064,5645.356151221268,2.826647195929116e-06,207.46301387298934
1779,71.16,210.727183763443,9.52239360427251,-218.526384582753,-13.6963470588013,433.427521800725,0,0,0,0,-17.7984646555006,-11.8689122094079,-4.58109887492033e-05,0.0001146142104923,0.0733721225952713,0.0029985686630632,3.1485163572e-08,88.82271979023118,5734.178738079981,5645.356018289749,2.7965979495566943e-06,207.46300898784608
1780,71.2,210.717550765824,9.51297824728808,-218.53408399413,-13.6962932679584,433.434949780625,0,0,0,0,-17.7983943481099,-11.8862907798793,-4.58125709310838e-05,0.0001146131392168,0.110655821322471,0.0029972509523679,3.12446257091e-08,88.56072543232283,5733.916610863433,5645.3558854311095,2.7670468051146415e-06,207.4630041053811
1781,71.24,210.707862280379,9.503521255669,-218.541773653726,-13.6962377490885,433.442352427525,0,0,0,0,-17.7983217921272,-11.9037146807766,-4.58141584762665e-05,0.0001146120736965,0.147916940274019,0.002995897460486,3.10090396893e-08,88.29722108905437,5733.652973746233,5645.3557526571785,2.7380121181085104e-06,207.46299922602907
1782,71.28,210.698125590607,9.49402986075505,-218.549453004198,-13.6961805128493,433.4497292469,0,0,0,0,-17.798247001452,-11.9211759134094,-4.58157513572055e-05,0.0001146110139464,0.185152957563255,0.002994508402696,3.07785331258e-08,88.03240494311252,5733.388024922485,5645.355619979372,2.7095083750801217e-06,207.46299435020958
1783,71.32,210.688348006239,9.48451131591044,-218.557121489972,-13.6961215700471,433.457079750348,0,0,0,0,-17.7981699901773,-11.9386665382934,-4.58173495465719e-05,0.0001146099599816,0.222361353636746,0.0029930840049883,3.05531915443e-08,87.76647589012627,5733.1219633001,5645.355487409974,2.6815460309690052e-06,207.462989478374
1784,71.36,210.678536741698,9.47497277500154,-218.564778557277,-13.6960609316344,433.464403455607,0,0,0,0,-17.7980907725868,-11.9561787955094,-4.58189530166052e-05,0.000114608911817,0.259539611445572,0.0029916245040085,3.03330576459e-08,87.49963023275579,5732.854985193527,5645.355354960771,2.6541314083530367e-06,207.46298461095554
1785,71.4,210.668698795088,9.46542117140194,-218.572423654185,-13.695998608708,433.471699886579,0,0,0,0,-17.7980093631515,-11.973705223931,-4.58205617395178e-05,0.0001146078694669,0.296685216616414,0.0029901301469981,3.0118131201e-08,87.2320583875705,5732.587281030875,5645.355222643304,2.627266658578503e-06,207.46297974837827
1786,71.44,210.658840830818,9.45586310063022,-218.580056230648,-13.6959346125063,433.478968573342,0,0,0,0,-17.7979257765268,-11.9912387763281,-4.58221756879057e-05,0.000114606832946,0.333795657622439,0.002988601191731,2.9908369563e-08,86.96394169043236,5732.3190321599495,5645.355090469518,2.600949784522801e-06,207.46297489108116
1787,71.48,210.648969068692,9.44630470946963,-218.587675738536,-13.6958689544069,433.486209052166,0,0,0,0,-17.7978400275496,-12.0087729275279,-4.58237948335403e-05,0.0001146058022682,0.370868425953956,0.0029870379064481,2.9703688784e-08,86.69544937929732,5732.050407830238,5645.354958450941,2.575174723843862e-06,207.4629700394879
1788,71.52,210.639089181494,9.43675159356113,-218.595281631673,-13.6958016459242,433.49342086553,0,0,0,0,-17.7977521312346,-12.0263017731445,-4.58254191488039e-05,0.0001146047774478,0.407901016288849,0.0029854405697872,2.95039653052e-08,86.4267358064086,5731.781562406058,5645.354826599649,2.549931489907056e-06,207.46296519404225
1789,71.56,210.629206202511,9.42720870495843,-218.602873365874,-13.695732698707,433.500603562134,0,0,0,0,-17.7976621027717,-12.0438201167131,-4.58270486055677e-05,0.0001146037584986,0.444890926662758,0.0029838094707103,2.9309038189e-08,86.15793792314818,5731.512632850121,5645.354694926973,2.5252063668864115e-06,207.46296035516062
1790,71.6,210.619324445001,9.41768027161286,-218.610450398984,-13.6956621245364,433.507756696909,0,0,0,0,-17.7975699575224,-12.0613235431223,-4.5828683175757e-05,0.0001146027454346,0.481835658639005,0.0029821449084279,2.9118711852e-08,85.88917308734302,5731.243736532158,5645.3545634448155,2.5009821551622738e-06,207.4629555232804
1791,71.64,210.609447436443,9.4081697316468,-218.618012190909,-13.6955899353224,433.514879831028,0,0,0,0,-17.7974757110168,-12.078808476332,-4.58303228314705e-05,0.000114601738269,0.518732717478252,0.0029804471923191,2.89327592525e-08,85.62053727520467,5730.974969439761,5645.354432164556,2.477238463726543e-06,207.4629506988198
1792,71.68,210.59957787045,9.39867968529574,-218.625558203658,-13.6955161431025,433.521972531915,0,0,0,0,-17.7973793789504,-12.0962722197268,-4.58319675443573e-05,0.0001146007370154,0.555579612307872,0.0029787166418503,2.87509254807e-08,85.35210377164472,5730.706404869873,5645.3543010982285,2.453952045712923e-06,207.46294588222108
1793,71.72,210.589717577803,9.38921186596778,-218.633087901378,-13.6954407600385,433.529034373252,0,0,0,0,-17.7972809771806,-12.1137129779981,-4.58336172861645e-05,0.000114599741687,0.592373856291041,0.0029769535864892,2.85729316911e-08,85.08392238386568,5730.438092640582,5645.354170256716,2.431097171748622e-06,207.46294107388414
1794,71.76,210.57986751608,9.37976712989529,-218.640600750386,-13.6953637984142,433.536064934985,0,0,0,0,-17.7971805217236,-12.1311298601663,-4.58352720286173e-05,0.000114598752297,0.629112966795504,0.0029751583656169,2.83984793155e-08,84.81601915672921,5730.170058808914,5645.354039652185,2.408646034047311e-06,207.4629362742561
1795,71.8,210.570027776421,9.37034546293116,-218.648096219208,-13.6952852706327,433.543063803331,0,0,0,0,-17.7970780287509,-12.1485228638752,-4.58369317435256e-05,0.000114597768858,0.665794465562045,0.0029733313284361,2.82272544859e-08,84.54839655942594,5729.902305854914,5645.353909295488,2.3865691734240036e-06,207.46293148373582
1796,71.84,210.560197606743,9.3609460037973,-218.655573778615,-13.6952051892142,433.550030570775,0,0,0,0,-17.7969735145864,-12.1658928415702,-4.58385964018066e-05,0.000114596791383,0.702415878872612,0.0029714728338769,2.8058932597e-08,84.28103411487434,5729.634813313361,5645.353779198486,2.3648359217894885e-06,207.46292670275915
1797,71.88,210.550375452035,9.35156708440164,-218.663032901654,-13.695123566793,433.556964836081,0,0,0,0,-17.7968669957024,-12.1832414496096,-4.58402659757905e-05,0.0001145958198846,0.738974737718107,0.0029695832504994,2.78931829342e-08,84.01388949797183,5729.3675388702495,5645.353649372278,2.3434148541458923e-06,207.46292193173392
1798,71.92,210.540559012347,9.34220628786652,-218.670473063688,-13.6950404161154,433.563866204284,0,0,0,0,-17.796758488717,-12.2005710818114,-4.5841940436273e-05,0.0001145948543753,0.775468577965827,0.0029676629563931,2.77296732929e-08,83.74690011249415,5729.1004199407525,5645.353519828258,2.322274243808499e-06,207.46291717107897
1799,71.96,210.530745317239,9.33286052300727,-218.677893742427,-13.6949557500365,433.570734286695,0,0,0,0,-17.7966480103899,-12.2178847893328,-4.58436197547227e-05,0.0001145938948674,0.811894940526531,0.0029657123390739,2.75680745154e-08,83.47998511698249,5728.833375695083,5645.3533905781005,2.3013825136941406e-06,207.46291242122325
1800,72.0,210.520930812942,9.32352611152501,-218.685294417963,-13.6948695815182,433.577568700898,0,0,0,0,-17.7965355776199,-12.2351861890442,-4.5845303902569e-05,0.000114592941373,0.848251371521141,0.0029637317953779,2.74080648748e-08,83.21304779784819,5728.566309430259,5645.353261632411,2.280708674983068e-06,207.4629076825565
1801,72.04,210.5111114576,9.31419888328766,-218.692674572806,-13.6947819236262,433.584369070744,0,0,0,0,-17.7964212074405,-12.2524793627502,-4.58469928509668e-05,0.0001145919939042,0.884535422447048,0.0029617217313525,2.72493342383e-08,82.94597815907989,5728.299111161777,5645.353133002697,2.2602227441690643e-06,207.46290295550168
1802,72.08,210.501282821478,9.30487427657047,-218.700033691916,-13.6946927895276,433.591135026351,0,0,0,0,-17.7963049170176,-12.2697687497722,-4.58486865709912e-05,0.000114591052473,0.920744650344022,0.0029596825621443,2.70915879467e-08,82.67865564991232,5728.031660350407,5645.353004700495,2.2398961315368677e-06,207.46289824048267
1803,72.12,210.49144019139,9.29554744252373,-218.707371262739,-13.694602192488,433.597866204093,0,0,0,0,-17.7961867236449,-12.2870590355327,-4.58503850337455e-05,0.0001145901170909,0.9568766179597,0.0029576147118848,2.6934550356e-08,82.41095200759962,5727.763828743828,5645.352876736228,2.2197019965212668e-06,207.46289353788254
1804,72.16,210.481578679489,9.28621335399592,-218.714686775236,-13.6945101458692,433.604562246598,0,0,0,0,-17.7960666447415,-12.3043550387055,-4.58520882099926e-05,0.0001145891877697,0.992928893914671,0.0029555186135726,2.67779679911e-08,82.14273421583687,5727.495483336946,5645.352749121109,2.1996155664343496e-06,207.46288884811338
1805,72.2,210.471693334876,9.27686691718894,-218.721979721922,-13.6944166631263,433.611222802735,0,0,0,0,-17.7959446978477,-12.3216615992574,-4.58537960710441e-05,0.0001145882645208,1.0288990528671,0.0029533947089542,2.66216122727e-08,81.87386754263883,5727.2264894089385,5645.3526218663,2.179614415011378e-06,207.4628841715854
1806,72.24,210.461779253936,9.26750308202775,-218.729249597893,-13.694321757805,433.617847527606,0,0,0,0,-17.795820900622,-12.3389834693677,-4.58555085875646e-05,0.0001145873473554,1.06478467567694,0.0029512434484009,2.64652817861e-08,81.60421854284421,5726.956713525645,5645.352494982801,2.1596786958273637e-06,207.46287950870274
1807,72.28,210.451831684397,9.25811694626361,-218.736495900864,-13.6942254435391,433.624436082537,0,0,0,0,-17.7956952708372,-12.3563252090245,-4.58572257301512e-05,0.0001145864362851,1.10058334956964,0.0029490652907841,2.63088040713e-08,81.33365788973218,5726.686026371157,5645.3523684814245,2.139791326118458e-06,207.46287485986286
1808,72.32,210.441846120142,9.24870385032496,-218.743718131199,-13.694127734048,433.630988135064,0,0,0,0,-17.7955678263773,-12.3736910880465,-4.58589474699543e-05,0.0001145855313204,1.13629266829942,0.0029468607033475,2.61520369203e-08,81.0620629549338,5726.414305327787,5645.352242372853,2.1199381186738116e-06,207.4628702254583
1809,72.36,210.431818386974,9.2392594631328,-218.750915791943,-13.6940286431335,433.637503358918,0,0,0,0,-17.7954385852341,-12.3910849961812,-4.58606737771403e-05,0.0001145846324725,1.17191023231204,0.0029446301615765,2.59948691781e-08,80.78932014208041,5726.141436809847,5645.3521166677665,2.100107862673049e-06,207.46286560588155
1810,72.4,210.421744721098,9.22977986061384,-218.758088388853,-13.6939281846777,433.643981434014,0,0,0,0,-17.7953075655032,-12.4085103626398,-4.58624046224731e-05,0.0001145837397517,1.20743364890713,0.0029423741490663,2.58372210525e-08,80.51532702208102,5725.8673183992605,5645.35199137718,2.080292356132807e-06,207.46286100153736
1811,72.44,210.411621840552,9.22026159719129,-218.765235430432,-13.6938263726397,433.650422046432,0,0,0,0,-17.7951747853808,-12.4259700859931,-4.58641399764819e-05,0.0001145828531692,1.24286053239991,0.0029400931573859,2.56790439442e-08,80.23999427764801,5725.591860789291,5645.351866511643,2.0604863920494004e-06,207.46285641281347
1812,72.48,210.401447007151,9.21070176776132,-218.77235642796,-13.6937232210536,433.656824888403,0,0,0,0,-17.7950402631605,-12.4434664749723,-4.58658798095888e-05,0.000114581972735,1.27818850428251,0.0029377876859417,2.55203198189e-08,79.96324738849827,5725.314989470131,5645.351742081632,2.040687699191299e-06,207.46285184009488
1813,72.52,210.391218075278,9.20109805654092,-218.779450895522,-13.6936187440252,433.663189658285,0,0,0,0,-17.7949040172291,-12.4610012006302,-4.5867624091778e-05,0.0001145810984594,1.31341519338467,0.0029354582418372,2.53610601475e-08,79.68502795899693,5725.036646056567,5645.35161809757,2.0208968381754266e-06,207.4628472837646
1814,72.56,210.38093352579,9.19144877101356,-218.786518350045,-13.6935129557298,433.669516060551,0,0,0,0,-17.7947660660639,-12.478575260363,-4.58693727935704e-05,0.0001145802303526,1.34853823603396,0.0029331053397315,2.52013044463e-08,79.40529464062334,5724.756789210613,5645.351494569989,2.0011170553172625e-06,207.46284274420967
1815,72.6,210.37059248638,9.18175286234654,-218.793558311321,-13.6934058704093,433.675803805764,0,0,0,0,-17.7946264282284,-12.4961889542705,-4.58711258852055e-05,0.0001145793684244,1.38355527621544,0.0029307295016946,2.50411184546e-08,79.12402368626732,5724.475395195586,5645.351371509319,1.9813540993477187e-06,207.4628382218134
1816,72.64,210.360194741328,9.17200993518668,-218.800570302044,-13.6932975023692,433.682052610555,0,0,0,0,-17.7944851223696,-12.5138418741338,-4.58728833368899e-05,0.0001145785126849,1.41846396573072,0.0029283312570611,2.4880591992e-08,78.8412092158124,5724.192458141447,5645.3512489256345,1.961616007460706e-06,207.46283371694608
1817,72.68,210.349740732218,9.16222024842819,-218.807553847837,-13.6931878659767,433.688262197603,0,0,0,0,-17.7943421672137,-12.5315329049011,-4.58746451182361e-05,0.0001145776631436,1.4532619643565,0.0029259111422815,2.47198365391e-08,78.55686323491203,5723.907990064307,5645.351126829395,1.9419128661952283e-06,207.462829229992
1818,72.72,210.339231548692,9.15238470602114,-218.814508477279,-13.693076975657,433.694432295607,0,0,0,0,-17.7941975815633,-12.5492602382598,-4.58764111995618e-05,0.0001145768198101,1.48794694000246,0.0029234697007716,2.4558982591e-08,78.27101538410075,5723.622020614836,5645.351005230736,1.9222565514066887e-06,207.46282476132365
1819,72.76,210.328668907303,9.14250483587145,-218.821433721943,-13.6929648458915,433.700562639266,0,0,0,0,-17.7940513842933,-12.5670213976841,-4.58781815506104e-05,0.0001145759826935,1.52251656886864,0.0029210074827597,2.43981768346e-08,77.98371236327372,5723.334596502821,5645.350884139548,1.9026604508791805e-06,207.4628203113045
1820,72.8,210.318055118015,9.13258275639862,-218.828329116417,-13.6928514912147,433.706652969249,0,0,0,0,-17.793903594348,-12.5848132742634,-4.5879956141288e-05,0.0001145751518032,1.55696853560213,0.0029185250451321,2.42375792008e-08,77.6950170195613,5723.045780585582,5645.350763566021,1.883139174161856e-06,207.4628158803091
1821,72.84,210.307393040416,9.12262113279678,-218.835194198335,-13.6927369262116,433.712703032166,0,0,0,0,-17.793754230737,-12.6026321726213,-4.5881734941313e-05,0.0001145743271482,1.59130053345319,0.0029160229512764,2.40773598427e-08,77.40500715655917,5722.755650676474,5645.350643519915,1.8637082558084182e-06,207.46281146869603
1822,72.88,210.296686032745,9.11262312612373,-218.84202850841,-13.6926211655147,433.718712580546,0,0,0,0,-17.7936033125323,-12.6204738660367,-4.58835179202716e-05,0.0001145735087375,1.62551026443075,0.002913501770923,2.39176960926e-08,77.11377414681999,5722.464298157833,5645.350524011013,1.844383858710448e-06,207.46280707682484
1823,72.92,210.285937895847,9.10259233730404,-218.848831590457,-13.692504223802,433.724681372802,0,0,0,0,-17.7934508588641,-12.6383336596124,-4.58853050477685e-05,0.0001145726965796,1.6595954394572,0.0029109620799847,2.37587694467e-08,76.82142140665552,5722.171826455921,5645.350405049266,1.8251824831326022e-06,207.46280270506125
1824,72.96,210.275152812402,9.09253274641545,-218.855602991424,-13.6923861157938,433.730609173205,0,0,0,0,-17.7932968889183,-12.6562064599376,-4.58870962937633e-05,0.0001145718906834,1.6935537785226,0.0029084044603945,2.36007626273e-08,76.52806274304518,5721.878349387257,5645.350286644212,1.806120685751556e-06,207.46279835375574
1825,73.0,210.264335281268,9.08244864709094,-218.86234226142,-13.6922668562503,433.736495751847,0,0,0,0,-17.7931414219319,-12.6740868494016,-4.58888916271304e-05,0.000114571091057,1.72738301083822,0.0029058294999422,2.34438567658e-08,76.23382056639261,5721.583989372002,5645.350168805609,1.7872148119674148e-06,207.46279402326692
1826,73.04,210.253490047773,9.0723445768697,-218.869048953742,-13.6921464599686,433.742340884614,0,0,0,0,-17.7929844771907,-12.6919691632483,-4.5890691017759e-05,0.000114570297709,1.76108087498935,0.0029032377921086,2.32882287499e-08,75.93882399443633,5721.28887553711,5645.350051542673,1.7684807453656123e-06,207.46278971393346
1827,73.08,210.24262203211,9.0622252456428,-218.875722624903,-13.6920249417806,433.748144353151,0,0,0,0,-17.7928260740247,-12.7098475676634,-4.58924944348777e-05,0.0001145695106472,1.79464511908753,0.0029006299358988,2.31340487702e-08,75.64320690309859,5720.99314176785,5645.349934864751,1.749933678113663e-06,207.46278542609886
1828,73.12,210.23173625833,9.0520954647136,-218.882362834659,-13.6919023165498,433.753905944825,0,0,0,0,-17.7926662318057,-12.7277161374129,-4.58943018477611e-05,0.0001145687298796,1.82807350092194,0.0028980065356734,2.29814780969e-08,75.34710599420492,5720.696924775613,5645.349818781408,1.7315879058650726e-06,207.46278116011467
1829,73.16,210.220837785895,9.0419600784052,-218.888969146036,-13.691778599169,433.759625452695,0,0,0,0,-17.7925049699432,-12.7455689315331,-4.58961132257297e-05,0.0001145679554141,1.86136378811023,0.0028953682009779,2.28306671105e-08,75.05065893368136,5720.400362235374,5645.349703301693,1.7134566496579108e-06,207.46277691631337
1830,73.2,210.209931645014,9.03182389945696,-218.895541125354,-13.6916538045576,433.765302675469,0,0,0,0,-17.792342307881,-12.7634000653607,-4.58979285380153e-05,0.0001145671872584,1.89451375824855,0.0028927155463714,2.26817536058e-08,74.75400259125004,5720.103591026091,5645.34958843484,1.6955519062801586e-06,207.46277269503435
1831,73.24,210.199022776741,9.02169164918659,-218.90207834226,-13.6915279476591,433.770937417473,0,0,0,0,-17.7921782650943,-12.7812037770571,-4.58997477537278e-05,0.0001145664254199,1.92752119906088,0.0028900491912533,2.25348613824e-08,74.4572714110114,5719.806745600691,5645.349474189679,1.6778843279697672e-06,207.46276849660208
1832,73.28,210.1881159787,9.01156790327275,-218.908580369746,-13.6914010434381,433.776529488611,0,0,0,0,-17.7920128610857,-12.7989744870988,-4.59015708422343e-05,0.000114565669906,1.96038390854758,0.0028873697596887,2.23900991253e-08,74.16059593386623,5719.509956509174,5645.349360575308,1.6604631313285192e-06,207.46276432135093
1833,73.32,210.177215856919,9.00145704365592,-218.915046784182,-13.6912731068781,433.782078704324,0,0,0,0,-17.7918461153822,-12.8167068499123,-4.59033977723676e-05,0.0001145649207237,1.99309969513331,0.0028846778802329,2.22475595786e-08,73.86410148728729,5719.213349087943,5645.349247600656,1.643296035117507e-06,207.462760169609
1834,73.36,210.16632678395,8.99136321671361,-218.921477165337,-13.6911441529789,433.787584885552,0,0,0,0,-17.7916780475317,-12.8343957974735,-4.5905228513373e-05,0.0001145641778803,2.02566637781403,0.0028819741857545,2.21073190009e-08,73.56790704625081,5718.917042320202,5645.349135273951,1.6263892252551308e-06,207.4627560416787
1835,73.4,210.155452863612,8.981290298075,-218.927871096405,-13.6910141967537,433.793047858695,0,0,0,0,-17.7915086770996,-12.8520365749055,-4.5907063034218e-05,0.0001145634413826,2.05808178630338,0.0028792593132569,2.19694368941e-08,73.2721242721304,5718.621147876552,5645.349023604422,1.6097473456584643e-06,207.46275193789913
1836,73.44,210.144597903364,8.97124186505299,-218.934228164031,-13.6908832532268,433.798467455568,0,0,0,0,-17.7913380236655,-12.8696247678579,-4.59089013040975e-05,0.0001145627112372,2.09034376117816,0.0028765339036991,2.18339559876e-08,72.97685676302324,5718.325769363229,5645.348912600205,1.5933735134668858e-06,207.46274785856937
1837,73.48,210.13376539531,8.96122117771505,-218.940547958336,-13.6907513374311,433.803843513363,0,0,0,0,-17.7911661068201,-12.8871563213829,-4.59107432918999e-05,0.0001145619874512,2.12245015402317,0.0028737986018144,2.17009024601e-08,72.68219953537323,5718.031001805223,5645.34880226985,1.5772693569308286e-06,207.4627438040036
1838,73.52,210.122958505679,8.95123116842572,-218.946830072941,-13.6906184644053,433.809175874599,0,0,0,0,-17.7909929461614,-12.9046275503736,-4.59125889666767e-05,0.0001145612700307,2.15439882757505,0.0028710540559293,2.15702863775e-08,72.38823873825136,5717.736931360015,5645.348692621764,1.5614350736275225e-06,207.4627397745107
1839,73.56,210.112180070916,8.94127443800956,-218.953074104991,-13.6904846491917,433.814464387089,0,0,0,0,-17.7908185612919,-12.922035142439,-4.59144382975112e-05,0.0001145605589822,2.18618765586552,0.0028683009177808,2.14421023215e-08,72.09505154723117,5717.4436352112025,5645.348583663971,1.5458695052962397e-06,207.46273577038565
1840,73.6,210.101432598008,8.93135325613631,-218.959279655179,-13.6903499068332,433.819708903884,0,0,0,0,-17.7906429718148,-12.9393761546129,-4.5916291253112e-05,0.0001145598543122,2.2178145243637,0.0028655398423331,2.13163301835e-08,71.80270617282427,5717.151181577378,5645.348475404554,1.530570225474896e-06,207.4627317919254
1841,73.64,210.090718267924,8.92146956482996,-218.965446327769,-13.6902142523713,433.824909283235,0,0,0,0,-17.7904661973314,-12.9566480053064,-4.59181478026562e-05,0.0001145591560263,2.24927733011755,0.0028627714875935,2.11929360958e-08,71.51126195381524,5716.859629805731,5645.348367851916,1.5155336368358277e-06,207.46272783943883
1842,73.68,210.080038942944,8.91162498586388,-218.971573730622,-13.6900777008436,433.830065388546,0,0,0,0,-17.7902882574373,-12.9738484624534,-4.59200079150985e-05,0.0001145584641309,2.28057398189461,0.0028599965144274,2.10718734758e-08,71.2207695580816,5716.569030571481,5645.348261013399,1.5007550766007249e-06,207.4627239131957
1843,73.72,210.069396178908,8.90182083308118,-218.977661475216,-13.6899402672808,433.835177088324,0,0,0,0,-17.7901091717195,-12.9909756284853,-4.5921871559466e-05,0.0001145577786319,2.31170240032179,0.0028572155863719,2.09530841566e-08,70.93127131402835,5716.279426211191,5645.348154897163,1.4862289283185432e-06,207.46272001349593
1844,73.76,210.058791241488,8.89205812872677,-218.983709176669,-13.6898019667048,433.840244256134,0,0,0,0,-17.7899289597531,-13.0080279230058,-4.59237387046573e-05,0.0001145570995348,2.34266051802435,0.0028544293694493,2.08364995803e-08,70.64280165467764,5715.990851165549,5645.3480495108715,1.4719487376991661e-06,207.4627161406211
1845,73.8,210.04822512316,8.88233762049788,-218.989716453765,-13.6896628141261,433.845266770553,0,0,0,0,-17.7897476410981,-13.0250040645375,-4.59256093197036e-05,0.0001145564268454,2.37344627976398,0.0028516385319797,2.07220420305e-08,70.35538757917388,5715.703332441204,5645.34794486203,1.4579073286985758e-06,207.46271229484708
1846,73.84,210.037698557347,8.87265979574345,-218.995682928972,-13.6895228245412,433.850244515117,0,0,0,0,-17.7895652352962,-13.0419030529725,-4.59274833737153e-05,0.0001145557605692,2.40405764257607,0.0028488437443926,2.06096258795e-08,70.06904903782458,5715.416889995612,5645.347840957787,1.4440969161642015e-06,207.46270847643657
1847,73.88,210.027212028482,8.86302489160734,-219.001608228468,-13.6893820129304,433.855177378273,0,0,0,0,-17.7893817618679,-13.0587241541201,-4.59293608357402e-05,0.0001145551007118,2.43449257590603,0.002846045679039,2.04991588317e-08,69.78379920475848,5715.131537010867,5645.347737806108,1.43050921310204e-06,207.46270468568224
1848,73.92,210.016765779615,8.8534329026989,-219.007491982158,-13.6892403942553,433.86006525333,0,0,0,0,-17.789197240309,-13.075466887045,-4.59312416747997e-05,0.0001145544472784,2.46474906174472,0.0028432450100024,2.03905431429e-08,69.49964468690875,5714.847280100696,5645.3476354137865,1.417135532300797e-06,207.4627009228338
1849,73.96,210.006359819551,8.84388358829845,-219.0133338237,-13.6890979834567,433.864908038409,0,0,0,0,-17.789011690088,-13.0921310144438,-4.59331258602458e-05,0.0001145538002743,2.49482509476305,0.0028404424129097,2.02836768015e-08,69.21658571666964,5714.564119504693,5645.347533788024,1.403966882457859e-06,207.46269718815586
1850,74.0,209.995993929163,8.83437647874624,-219.019133390522,-13.6889547954517,433.86970563639,0,0,0,0,-17.7888251306426,-13.1087165362628,-4.59350133610633e-05,0.0001145531597045,2.5247186824456,0.0028376385647408,2.01784546575e-08,68.93461632414439,5714.282049260111,5645.347432935967,1.3909940578970175e-06,207.4626934819111
1851,74.04,209.985667663915,8.82491087803197,-219.024890323848,-13.6888108451319,433.874457954862,0,0,0,0,-17.7886375813769,-13.1252236870479,-4.59369041464262e-05,0.0001145525255744,2.55442784522334,0.0028348341436389,2.00747694884e-08,68.65372440626203,5714.00105727051,5645.347332864248,1.3782077196430538e-06,207.4626898043432
1852,74.08,209.975380349614,8.81548585961838,-219.030604268712,-13.6886661473609,433.879164906068,0,0,0,0,-17.7884490616584,-13.1416529376493,-4.59387981858808e-05,0.0001145518978887,2.58395061660543,0.0028320298287196,1.99725129925e-08,68.37389161004063,5713.721125190162,5645.347233580121,1.3655984658037563e-06,207.4626861557188
1853,74.12,209.965131071406,8.80610025550743,-219.036274873986,-13.6885207169719,433.883826406857,0,0,0,0,-17.7882595908147,-13.1580050014613,-4.59406954484697e-05,0.0001145512766525,2.61328504331004,0.00282922629988,1.98715767039e-08,68.09509303489445,5713.4422281246225,5645.347135089728,1.3531568912914725e-06,207.4626825362636
1854,74.16,209.954918659271,8.79675264180343,-219.041901792391,-13.6883745687654,433.888442378624,0,0,0,0,-17.7880691881309,-13.1742808446127,-4.59425959037632e-05,0.0001145506618707,2.64242918539433,0.0028264242376081,1.97718528268e-08,67.81729683616415,5713.164334236026,5645.347037399862,1.340873638667603e-06,207.4626789462272
1855,74.2,209.944741673794,8.78744132456275,-219.047484680525,-13.6882277175074,433.893012747264,0,0,0,0,-17.7878778728467,-13.1904816988024,-4.59444995210497e-05,0.0001145500535477,2.67138111638335,0.0028236243227916,1.96732349897e-08,67.54046383898714,5712.887404355894,5645.346940516907,1.3287394425583326e-06,207.46267538584425
1856,74.24,209.934598393587,8.77816432727952,-219.053023198878,-13.6880801779264,433.897537443112,0,0,0,0,-17.787685664153,-13.2066090753179,-4.59464062699433e-05,0.0001145494516884,2.70013892339803,0.0028208272365275,1.95756189239e-08,67.26454719543409,5712.611391642876,5645.346844447442,1.316745168762606e-06,207.4626718553565
1857,74.28,209.924486802972,8.76891937864457,-219.058517011852,-13.687931964712,433.902016400891,0,0,0,0,-17.7874925811896,-13.2226647791025,-4.59483161198049e-05,0.0001145488562976,2.72870070728222,0.0028180336599304,1.94789030704e-08,66.98949205035304,5712.336241247577,5645.346749197224,1.3048818478018252e-06,207.46266835497553
1858,74.32,209.914404578504,8.75970389913941,-219.063965787778,-13.687783092512,433.906449559655,0,0,0,0,-17.787298643042,-13.2386509219569,-4.59502290402474e-05,0.0001145482673798,2.75706458272873,0.0028152442739417,1.93829891227e-08,66.71523517292724,5712.0618899458395,5645.346654772912,1.2931407027401533e-06,207.46266488494604
1859,74.36,209.904349075644,8.75051498777718,-219.06936919894,-13.6876335759307,433.910836862738,0,0,0,0,-17.7871038687385,-13.2545699337422,-4.59521450015035e-05,0.0001145476849394,2.78522867840436,0.0028124597591384,1.92877825139e-08,66.44170459612424,5711.788265776093,5645.346561179968,1.2815131728203818e-06,207.46266144546874
1860,74.4,209.894317319774,8.7413494131974,-219.074726921588,-13.6874834295266,433.915178257691,0,0,0,0,-17.7869082772478,-13.2704245698052,-4.59540639727682e-05,0.000114547108981,2.81319113707395,0.0028096807955417,1.91931928564e-08,66.1688193704328,5711.515287794856,5645.346468424423,1.2699909356321936e-06,207.46265803676528
1861,74.44,209.884306006003,8.73220361353606,-219.080038635956,-13.6873326678102,433.919473696233,0,0,0,0,-17.7867118874757,-13.2862179123902,-4.59559859240049e-05,0.0001145465395092,2.84095011572344,0.002806908062427,1.90991343475e-08,65.89648955950916,5711.242866071466,5645.346376511957,1.2585659311632163e-06,207.46265465904443
1862,74.48,209.874311509522,8.72307370685715,-219.085304026283,-13.687181305242,433.92372313419,0,0,0,0,-17.7865147182629,-13.3019533640515,-4.59579108253424e-05,0.0001145459765278,2.86850378568189,0.0028041422381326,1.9005526148e-08,65.62461652154259,5710.970901969846,5645.346285448303,1.2472303889569204e-06,207.46265131251687
1863,74.52,209.864329905391,8.71395551100995,-219.090522780829,-13.6870293562304,433.92792653144,0,0,0,0,-17.7863167883819,-13.3176346319122,-4.59598386464173e-05,0.0001145454200419,2.89585033274249,0.0028013839998707,1.89122927437e-08,65.3530934480409,5710.699288686938,5645.346195238898,1.235976858370888e-06,207.46264799738233
1864,74.56,209.854356996064,8.70484457122919,-219.09569459189,-13.6868768351296,433.932083851855,0,0,0,0,-17.7861181165345,-13.3332657023679,-4.59617693579434e-05,0.0001145448700551,2.92298795728254,0.0027986340235367,1.88193642942e-08,65.08180611268772,5710.427912001698,5645.346105889011,1.2247982412090869e-06,207.46264471383452
1865,74.6,209.844388346954,8.69573619576666,-219.10081915582,-13.6867237562377,433.936195063245,0,0,0,0,-17.785918721349,-13.3488508059586,-4.59637029296281e-05,0.0001145443265721,2.94991487438239,0.0027958929835203,1.87266769739e-08,64.81063383897936,5710.156651242867,5645.346017403888,1.2136878271046186e-06,207.46264146206622
1866,74.64,209.8344193324,8.68662550193691,-219.10589617304,-13.6865701337943,433.940260137298,0,0,0,0,-17.7857186213777,-13.3643943718199,-4.59656393320549e-05,0.0001145437895968,2.97662931394331,0.0027931615525161,1.86341733056e-08,64.53945075086003,5709.8853805397985,5645.3459297889385,1.2026393327499516e-06,207.46263824227617
1867,74.68,209.824445194225,8.67750747474138,-219.110925348061,-13.6864159819791,433.944279049524,0,0,0,0,-17.7855178350944,-13.379900971128,-4.59675785355828e-05,0.0001145432591335,3.00312952080438,0.0027904404013352,1.85418024881e-08,64.26812736703701,5709.613970415902,5645.345843048865,1.1916469460149368e-06,207.46263505463725
1868,74.72,209.814461112426,8.66837703763684,-219.115906389498,-13.6862613149095,433.948251779196,0,0,0,0,-17.7853163808916,-13.3953752496704,-4.59695205106766e-05,0.0001145427351864,3.0294137548582,0.0027877301987171,1.84495207134e-08,63.99653252346491,5709.342289712213,5645.3457571887475,1.1807053741608907e-06,207.4626318993361
1869,74.76,209.804462284855,8.65922913228122,-219.120839010082,-13.6861061466387,433.952178309294,0,0,0,0,-17.7851142770782,-13.4108218508505,-4.59714652280961e-05,0.0001145422177598,3.05548029116566,0.0027850316111421,1.83572914683e-08,63.724535542637334,5709.070207755632,5645.345672212994,1.1698098941127775e-06,207.4626287765347
1870,74.8,209.794444012071,8.6500588034635,-219.12572292668,-13.6859504911541,433.956058626442,0,0,0,0,-17.7849115418768,-13.4262453312689,-4.59734126584053e-05,0.0001145417068575,3.08132742006955,0.0027823453026451,1.82650858093e-08,63.452008541112384,5708.797596667853,5645.345588126741,1.1589564019442924e-06,207.4626256864219
1871,74.84,209.784401785152,8.64086128698338,-219.13055786031,-13.6857943623751,433.959892720853,0,0,0,0,-17.7847081934216,-13.4416500710091,-4.59753627725429e-05,0.0001145412024835,3.10695344730708,0.0027796719346294,1.81728826029e-08,63.178828820577124,5708.52433375486,5645.345504934283,1.1481414600101033e-06,207.46262262915542
1872,74.88,209.774331375993,8.63163210002616,-219.135343536151,-13.6856377741512,433.96368058627,0,0,0,0,-17.7845042497554,-13.457040180382,-4.59773155413781e-05,0.000114540704642,3.13235669412137,0.0027770121656812,1.80806687193e-08,62.90488132394723,5708.250303964057,5645.34542264011,1.137362340609443e-06,207.4626196049003
1873,74.92,209.764228929736,8.62236713365663,-219.140079683563,-13.6854807402605,433.967422219903,0,0,0,0,-17.7842997288278,-13.4724194047585,-4.5979270936014e-05,0.000114540213337,3.15753549737181,0.0027743666513851,1.79884391706e-08,62.63006115105949,5707.975402399413,5645.345341248353,1.1266170655328745e-06,207.4626166138084
1874,74.96,209.754091057271,8.61306274539932,-219.144766036098,-13.6853232744077,433.971117622377,0,0,0,0,-17.7840946484925,-13.4877910296491,-4.5981228927685e-05,0.0001145397285726,3.18248820964328,0.00277173604414,1.78961971824e-08,62.35427607545303,5707.69953683855,5645.345260763097,1.11590443978256e-06,207.46261365602976
1875,75.0,209.743914924087,8.60371584815661,-219.149402331516,-13.6851653902221,433.974766797668,0,0,0,0,-17.7838890265051,-13.503157788852,-4.59831894875944e-05,0.0001145392503524,3.20721319935431,0.0027691209929763,1.78039541894e-08,62.07744896210075,5707.422630150492,5645.3451811883915,1.1052240771934172e-06,207.46261073171323
1876,75.04,209.733698331529,8.59432399153621,-219.153988311794,-13.6850071012562,433.978369753043,0,0,0,0,-17.7836828805208,-13.5185217786758,-4.59851525869234e-05,0.0001145387786806,3.23170885086411,0.0027665221433735,1.77117297465e-08,61.7995199786067,5707.144622506792,5645.345102528186,1.0945764157113512e-06,207.46260784100397
1877,75.08,209.723439787911,8.58488543303595,-219.158523723148,-13.6848484209837,433.981926499006,0,0,0,0,-17.7834762280919,-13.5338843807449,-4.59871181973616e-05,0.0001145383135611,3.2559735645784,0.00276394013708,1.76195513482e-08,61.52044853020765,5706.865473316604,5645.345024786397,1.0839627209412258e-06,207.4626049840459
1878,75.12,209.71313856853,8.57539919813008,-219.163008316035,-13.6846893627983,433.985437049234,0,0,0,0,-17.783269086666,-13.549246195172,-4.5989086290594e-05,0.0001145378549975,3.28000575705427,0.0027613756119329,1.7527454154e-08,61.24021489327258,5706.5851628597575,5645.344947966485,1.073385077736651e-06,207.46260216096618
1879,75.16,209.702794764186,8.56586512885677,-219.167441845177,-13.684529940011,433.988901420518,0,0,0,0,-17.7830614735837,-13.5646069855518,-4.59910568384986e-05,0.000114537402994,3.3038038611037,0.0027588292016794,1.74354806189e-08,60.95882153478287,5706.303693607044,5645.344872072261,1.062846369951928e-06,207.46259937190484
1880,75.2,209.692409317245,8.55628391995154,-219.171824069564,-13.6843701658498,433.992319632708,0,0,0,0,-17.7828534060763,-13.579965637258,-4.59930298126246e-05,0.0001145369575542,3.32736632589608,0.002756301535799,1.73436800284e-08,60.67629409493544,5706.02109120155,5645.344797106614,1.0523502483432826e-06,207.46259661696814
1881,75.24,209.681984043545,8.54665714082394,-219.176154752472,-13.6842100534568,433.99569170865,0,0,0,0,-17.7826449012636,-13.5953201307002,-4.59950051852785e-05,0.0001145365186818,3.35069161705952,0.0027537932393265,1.72521079429e-08,60.39268198143947,5705.737405054743,5645.344723073304,1.0419010864800155e-06,207.46259389629412
1882,75.28,209.671521638388,8.53698724162008,-219.180433661472,-13.6840496158875,433.999017674127,0,0,0,0,-17.7824359761522,-13.6106675309012,-4.59969829284931e-05,0.0001145360863807,3.373778216781,0.002751304932677,1.71608255538e-08,60.10805853414537,5705.452708509528,5645.344649975383,1.0315039245835268e-06,207.46259120999505
1883,75.32,209.661025665621,8.5272775423686,-219.184660568443,-13.683888866109,434.002297557804,0,0,0,0,-17.7822266476333,-13.6260039941941,-4.59989630146446e-05,0.0001145356606546,3.39662462390534,0.0027488372314712,1.70698989599e-08,59.822520727352234,5705.16709854312,5645.3445778157675,1.0211644017735992e-06,207.46258855817808
1884,75.36,209.65050052982,8.51753220523834,-219.188835249583,-13.683727816998,434.005531391163,0,0,0,0,-17.7820169324804,-13.6413247922128,-4.60009454161853e-05,0.0001145352415073,3.41922935403306,0.0027463907463627,1.69793983703e-08,59.53618841278719,5704.880695010136,5645.344506597349,1.0108886776742342e-06,207.46258594094945
1885,75.4,209.639951432343,8.50775619065378,-219.19295748542,-13.6835664813401,434.00871920845,0,0,0,0,-17.7818068473478,-13.6566243529693,-4.60029301055571e-05,0.0001145348289424,3.44159093961696,0.0027439660828666,1.68893972449e-08,59.2492031239372,5704.593639446738,5645.344436322801,1.0006833449048838e-06,207.46258335840741
1886,75.44,209.629384312137,8.49795519817614,-219.197027060823,-13.6834048718277,434.011861046611,0,0,0,0,-17.7815964087685,-13.6718963187307,-4.60049170556458e-05,0.0001145344229636,3.46370793005764,0.0027415638411899,1.67999713819e-08,58.96172646486296,5704.306093459904,5645.344366995041,9.905553338784148e-07,207.46258081065923
1887,75.48,209.618805771974,8.48813559280271,-219.20104376501,-13.6832430010587,434.01495694524,0,0,0,0,-17.781385633152,-13.6871336203182,-4.60069062393028e-05,0.0001145340235744,3.48557889179769,0.0027391846160621,1.6711197962e-08,58.673938103631436,5704.018236720212,5645.344298616581,9.805118112454468e-07,207.46257829779714
1888,75.52,209.608222990442,8.47830431702626,-219.205007391562,-13.6830808815354,434.018006946513,0,0,0,0,-17.7811745367832,-13.7023285672827,-4.60088976293625e-05,0.0001145336307783,3.50720240841478,0.0027368289965683,1.66231545617e-08,58.386033377441834,5703.7302645669915,5645.34423118955,9.705600732115609e-07,207.46257581989943
1889,75.56,209.597643620087,8.46846878904227,-219.208917738431,-13.6829185256625,434.021011095138,0,0,0,0,-17.7809631358196,-13.7174729529728,-4.60108911990918e-05,0.0001145332445791,3.52857708071353,0.0027344975659828,1.65359181457e-08,58.09822052005763,5703.442385236625,5645.344164716567,9.607074348166806e-07,207.46257337706234
1890,75.6,209.587075672719,8.4586367881219,-219.212774607947,-13.6827559457463,434.02396943829,0,0,0,0,-17.7807514462904,-13.7325581729687,-4.60128869218933e-05,0.0001145328649802,3.54970152681612,0.0027321909016052,1.64495640518e-08,57.81071754202129,5703.154816741567,5645.344099199546,9.509611167308928e-07,207.4625709693562
1891,75.64,209.576527393918,8.44881632918762,-219.216577806834,-13.6825931539931,434.026882025558,0,0,0,0,-17.7805394840944,-13.7475753548868,-4.60148847710015e-05,0.0001145324919851,3.57057438225178,0.0027299095745971,1.63641649818e-08,57.52374881480904,5702.867783455477,5645.344034640669,9.413281313812063e-07,207.4625685968612
1892,75.68,209.566007129609,8.43901552944294,-219.220327146212,-13.682430162508,434.029748908886,0,0,0,0,-17.780327264998,-13.7625154971818,-4.60168847199454e-05,0.000114532125597,3.59119430004492,0.0027276541498216,1.62797900101e-08,57.237541440832175,5702.581512482543,5645.343971041711,9.318151705208996e-07,207.46256625964259
1893,75.72,209.555523187618,8.42924247000518,-219.224022441608,-13.6822669832934,434.032570142514,0,0,0,0,-17.7801148046342,-13.7773696145171,-4.60188867427662e-05,0.0001145317658193,3.61155995080221,0.0027254251856846,1.6196503627e-08,56.95232148574857,5702.296229890224,5645.343908404476,9.224284964501131e-07,207.46256395776663
1894,75.76,209.545083696687,8.41950505497595,-219.227663512966,-13.6821036282481,434.035345782925,0,0,0,0,-17.7799021185004,-13.7921288870836,-4.60208908129345e-05,0.0001145314126557,3.63167002279823,0.0027232232339767,1.61143648287e-08,56.66831014220165,5702.012156872856,5645.343846730655,9.131738385725741e-07,207.46256169129552
1895,75.8,209.534696464965,8.40981086999911,-219.231250184655,-13.6819401091659,434.038075888787,0,0,0,0,-17.7796892219573,-13.8067848110114,-4.60228969050227e-05,0.0001145310661092,3.65152322206008,0.0027210488397181,1.6033426271e-08,56.38571987913724,5701.729505900998,5645.343786021861,9.040562969145259e-07,207.46255946028845
1896,75.84,209.524368840464,8.40016704277662,-219.234782285473,-13.6817764377344,434.040760520894,0,0,0,0,-17.7794761302269,-13.8213293464423,-4.60249049929901e-05,0.000114530726183,3.67111827245057,0.002718902541004,1.59537335001e-08,56.10475064499892,5701.448476924239,5645.34372627924,8.950802541597482e-07,207.46255726478762
1897,75.88,209.514107577027,8.39058010910585,-219.238259648659,-13.6816126255339,434.043399742115,0,0,0,0,-17.7792628583912,-13.8357550594179,-4.60269150510225e-05,0.0001145303928805,3.69045391575031,0.0027167848688529,1.58753242777e-08,55.82558621976979,5701.169253724007,5645.343667504237,8.862492983010408e-07,207.46255510484605
1898,75.92,209.50391871025,8.38105588885397,-219.241682111901,-13.6814486840363,434.045993617333,0,0,0,0,-17.779049421391,-13.8500552536541,-4.60289270538607e-05,0.0001145300662047,3.7095289117384,0.0027146963470557,1.57982280153e-08,55.54839083939997,5700.892000537235,5645.343609697835,8.775661582278327e-07,207.46255298049996
1899,75.96,209.493807447536,8.3715993760806,-219.245049517337,-13.6812846246039,434.048542213397,0,0,0,0,-17.7788358340241,-13.8642240886776,-4.60309409764454e-05,0.0001145297461586,3.72834203827205,0.0027126374920279,1.57224653289e-08,55.273306203098564,5700.616859064577,5645.343552861478,8.690326540552263e-07,207.46255089180235
1900,76.0,209.483778075381,8.36221464637847,-219.248361711568,-13.6811204584885,434.051045599059,0,0,0,0,-17.778622110944,-13.8782566812904,-4.60329567932675e-05,0.0001145294327456,3.74689209136471,0.002710608812663,1.5648047729e-08,55.000448951926515,5700.343945947529,5645.343496995602,8.60649663783661e-07,207.46254883876927
1901,76.04,209.473833885818,8.35290478338043,-219.25161854566,-13.6809561968302,434.053503844927,0,0,0,0,-17.7784082666587,-13.8921491875428,-4.60349744796404e-05,0.0001145291259685,3.76517788526314,0.0027086108101884,1.55749774524e-08,54.72990866549455,5700.073350766874,5645.343442101379,8.524171067133662e-07,207.46254682144374
1902,76.08,209.463977123689,8.34367182609191,-219.254819875152,-13.6807918506566,434.055917023406,0,0,0,0,-17.7781943155293,-13.905898862494,-4.60369940108843e-05,0.0001145288258302,3.78319825252305,0.002706643978023,1.55032474428e-08,54.46174642873928,5699.805134607872,5645.3433881791325,8.443339441416923e-07,207.4625448398377
1903,76.12,209.454208956794,8.33451673909375,-219.257965560065,-13.6806274308817,434.058285208646,0,0,0,0,-17.7779802717687,-13.919504095288,-4.60390153622444e-05,0.0001145285323336,3.80095204408359,0.0027047088016363,1.54328414857e-08,54.19599401830297,5699.5393292479785,5645.343335229675,8.363981977524158e-07,207.46254289398104
1904,76.16,209.444529471056,8.32543940776831,-219.261055464901,-13.6804629483049,434.060608476493,0,0,0,0,-17.7777661494405,-13.9329644179499,-4.60410385093444e-05,0.0001145282454815,3.81843812934044,0.0027028057584101,1.53637344956e-08,53.932653772190754,5699.275937025281,5645.34328325309,8.286069859295562e-07,207.46254098387672
1905,76.2,209.434937691951,8.3164386597836,-219.264089458653,-13.6802984136102,434.06288690443,0,0,0,0,-17.7775519624577,-13.9462804874854,-4.60430634281841e-05,0.000114527965277,3.83565539621771,0.0027009353175026,1.52958929514e-08,53.671699171822254,5699.014931421628,5645.343232249806,8.209565776092012e-07,207.4625391095406
1906,76.24,209.425431631688,8.3075123123344,-219.26706741481,-13.6801338373654,434.06512057153,0,0,0,0,-17.7773377245818,-13.9594540419947,-4.60450900945004e-05,0.0001145276917225,3.85260275123848,0.0026990979397138,1.52292754728e-08,53.41307612640891,5698.756258346472,5645.343182220064,8.134424625668577e-07,207.46253727098147
1907,76.28,209.41600836006,8.29865724304016,-219.269989211361,-13.6799692300211,434.067309558401,0,0,0,0,-17.7771234494212,-13.9724878321449,-4.60471184846151e-05,0.0001145274248205,3.86927911959408,0.0026972940773542,1.51638335229e-08,53.15670490088054,5698.49983806482,5645.3431331639395,8.060594359658261e-07,207.46253546820213
1908,76.32,209.406664096133,8.28986948169989,-219.272854730797,-13.6798046019099,434.06945394714,0,0,0,0,-17.7769091504307,-13.9853855298035,-4.60491485748326e-05,0.0001145271645739,3.88568344521208,0.0026955241741154,1.50995122244e-08,52.90248261089727,5698.245567692216,5645.343085081319,7.988016949458678e-07,207.46253370119842
1909,76.36,209.397394318115,8.28114432020477,-219.275663860119,-13.6796399632457,434.071553821275,0,0,0,0,-17.7766948409101,-13.9981516161946,-4.60511803415819e-05,0.0001145269109849,3.90181469082292,0.0026937886649431,1.50362512692e-08,52.65028621256443,5697.993324184435,5645.34303797187,7.916629447910582e-07,207.4625319699581
1910,76.4,209.388193888803,8.27247643804272,-219.278416490841,-13.679475324123,434.073609265725,0,0,0,0,-17.7764805340036,-14.0107912528258,-4.60532137616495e-05,0.0001145266640565,3.91767183802534,0.0026920879759116,1.49739859021e-08,52.39997591555651,5697.742967751059,5645.342991835502,7.846365123790587e-07,207.4625302744778
1911,76.44,209.379057193586,8.2638600403547,-219.281112518994,-13.679310694516,434.075620366741,0,0,0,0,-17.7762662426983,-14.0233101392381,-4.60552488117822e-05,0.0001145264237906,3.93325388735035,0.0026904225241019,1.49126479554e-08,52.151398939376854,5697.494345610746,5645.342946671369,7.777154643623449e-07,207.46252861472652
1912,76.48,209.369978286966,8.25528900450317,-219.283751845124,-13.6791460842781,434.077587211866,0,0,0,0,-17.776051979824,-14.0357143620474,-4.60572854694009e-05,0.0001145261901894,3.948559858324,0.0026887927174808,1.4852166912e-08,51.90439349873706,5697.247295978251,5645.342902479514,7.708927271587979e-07,207.4625269907058
1913,76.52,209.360951042698,8.2467570302673,-219.286334374307,-13.678981503141,434.079509889879,0,0,0,0,-17.7758377580517,-14.0480102396557,-4.60593237117456e-05,0.0001145259632555,3.96358878952883,0.0026871989547841,1.47924709732e-08,51.65879289125131,5697.001652149957,5645.342859258706,7.64161205658218e-07,207.46252540237037
1914,76.56,209.351969302613,8.23825778871292,-219.288860016139,-13.6788169607146,434.081388490754,0,0,0,0,-17.7756235898932,-14.0602041667586,-4.60613635160327e-05,0.0001145257429909,3.97833973866389,0.0026856416254009,1.47334881095e-08,51.41442954512993,5696.757246553554,5645.342817008424,7.575138975207192e-07,207.46252384970117
1915,76.6,209.343027019907,8.22978506552823,-219.291328684747,-13.6786524664856,434.083223105611,0,0,0,0,-17.7754094877002,-14.0723024626693,-4.60634048602e-05,0.0001145255293979,3.99281178260357,0.0026841211092614,1.46751470741e-08,51.17113891911505,5696.513914647119,5645.342775728004,7.509440006074296e-07,207.46252233267367
1916,76.64,209.33411839367,8.22133289560736,-219.293740298789,-13.6784880298177,434.085013826669,0,0,0,0,-17.7751954636636,-14.0843112274123,-4.60654477219729e-05,0.000114525322478,4.00700401745501,0.0026826377767257,1.46173783601e-08,50.92876316404473,5696.271498579855,5645.34273541581,7.444450114625999e-07,207.46252085122788
1917,76.68,209.32523799206,8.21289568626427,-219.296094781454,-13.6783236599507,434.086760747201,0,0,0,0,-17.7749815298129,-14.0962362093132,-4.6067492079678e-05,0.0001145251222336,4.0209155586142,0.0026811919884761,1.4560115085e-08,50.68715447257437,5696.02985054381,5645.342696071236,7.380108131973776e-07,207.46251940534142
1918,76.72,209.31638086151,8.20446832648822,-219.298392060468,-13.6781593660001,434.08846396149,0,0,0,0,-17.7747676980152,-14.1080826872635,-4.60695379114699e-05,0.0001145249286663,4.03454554082075,0.0026797840954116,1.45032937881e-08,50.44617805283696,5695.788835745561,5645.342657692724,7.316357513982251e-07,207.4625179949571
1919,76.76,209.307542619251,8.19604627951367,-219.300632068092,-13.6779951569565,434.090123564786,0,0,0,0,-17.774553979975,-14.1198553701105,-4.6071585195908e-05,0.000114524741778,4.04789311821134,0.0026784144385447,1.44468551305e-08,50.20571464467986,5695.54833492389,5645.342620279211,7.253146966734286e-07,207.46251662003584
1920,76.8,209.298719526712,8.18762565626476,-219.302814741126,-13.6778310416853,434.091739653258,0,0,0,0,-17.7743403872335,-14.1315583150023,-4.60736339117489e-05,0.0001145245615704,4.06095746437178,0.0026770833489013,1.43907444887e-08,49.96566251806896,5695.308246347098,5645.3425838290295,7.190430928537105e-07,207.46251528051639
1921,76.84,209.289908542303,8.17920326817659,-219.304940020906,-13.6776670289262,434.093312323959,0,0,0,0,-17.774126931168,-14.1431948660178,-4.60756840377896e-05,0.0001145243880448,4.07373777238776,0.0026757911474236,1.43349124379e-08,49.72593890876135,5695.068487249305,5645.3425483405435,7.128169903676278e-07,207.46251397633856
1922,76.88,209.281107353295,8.17077665912351,-219.307007853311,-13.6775031272932,434.094841674776,0,0,0,0,-17.7739136229914,-14.15476761398,-4.60777355532575e-05,0.0001145242212029,4.08623325489423,0.0026745381448753,1.42793151189e-08,49.48648088580428,5694.8289946979485,5645.342513812144,7.066330647840571e-07,207.46251270744327
1923,76.92,209.272314387413,8.16234411704962,-219.309018188757,-13.6773393452735,434.096327804394,0,0,0,0,-17.7737004737519,-14.1662783777975,-4.60797884375425e-05,0.0001145240610463,4.09844314412348,0.0026733246417488,1.4223914491e-08,49.24724566718727,5694.589725909249,5645.342480242061,7.004886212510322e-07,207.46251147376546
1924,76.96,209.263528804887,8.15390466606278,-219.310970982202,-13.6771756912281,434.097770812255,0,0,0,0,-17.7734874943326,-14.1777282070875,-4.60818426699069e-05,0.0001145239075758,4.11036669195178,0.0026721509281761,1.41686784699e-08,49.00821040351158,5694.350658031899,5645.342447628387,6.943815854310331e-07,207.46251027523505
1925,77.0,209.254750471491,8.14545803951069,-219.312866193145,-13.6770121733906,434.099170798516,0,0,0,0,-17.7732746954509,-14.1891174053289,-4.60838982303962e-05,0.0001145237607931,4.12200316994474,0.002671017283842,1.41135809537e-08,48.769371444643355,5694.111787413424,5645.342415968781,6.883104816595648e-07,207.46250911176597
1926,77.04,209.245979913068,8.13700463454597,-219.314703785624,-13.6768487998679,434.100527864014,0,0,0,0,-17.7730620876586,-14.2004455724399,-4.60859550987982e-05,0.000114523620699,4.13335186940129,0.0026699239778994,1.40586017434e-08,48.530743101051414,5693.87312836274,5645.342385261689,6.822743991607629e-07,207.46250798330112
1927,77.08,209.237218252659,8.12854544928935,-219.316483728216,-13.6766855786393,434.101842110224,0,0,0,0,-17.772849681341,-14.2117116653709,-4.60880132552671e-05,0.0001145234872947,4.14441210139624,0.0026688712688893,1.40037263619e-08,48.292355934660094,5693.63471143935,5645.34235550469,6.762729473507987e-07,207.46250688975158
1928,77.12,209.2284671323,8.12008200466854,-219.318205994038,-13.6765225175564,434.103113639225,0,0,0,0,-17.7726374867174,-14.2229140749617,-4.60900726801231e-05,0.0001145233605807,4.1551831968216,0.0026678594046622,1.39489457803e-08,48.05425463010261,5693.396581325329,5645.342326695226,6.703062016980964e-07,207.4625058310233
1929,77.16,209.219728622294,8.111616253721,-219.319870560744,-13.6763596243432,434.104342553661,0,0,0,0,-17.7724255138404,-14.2340507168619,-4.60921333540823e-05,0.000114523240558,4.1656645064264,0.0026668886223032,1.38942560603e-08,47.816495525287834,5693.158794356491,5645.342298831203,6.643746419655297e-07,207.46250480703935
1930,77.2,209.21100512079,8.1031504812067,-219.321477410527,-13.6761969065961,434.105528956707,0,0,0,0,-17.7722137725959,-14.2451191339758,-4.60941952574592e-05,0.0001145231272272,4.17585540085524,0.0026659591480593,1.38396579222e-08,47.57914387992144,5692.921415789793,5645.342271909872,6.584790846423737e-07,207.46250381769863
1931,77.24,209.202299246139,8.09468719599995,-219.323026530112,-13.6760343717833,434.106672952034,0,0,0,0,-17.7720022727029,-14.2561166076331,-4.60962583717229e-05,0.0001145230205889,4.18575527068541,0.0026650711972697,1.37851562517e-08,47.342270945656,5692.6845168741975,5645.342245928541,6.526206112926622e-07,207.46250286290234
1932,77.28,209.193613724293,8.08622901852274,-219.324517910759,-13.675872027245,434.107774643774,0,0,0,0,-17.7717910237137,-14.2670402745765,-4.60983226778398e-05,0.0001145229206433,4.19536352646269,0.0026642249742981,1.37307595562e-08,47.10595090208905,5692.448171786635,5645.342220884546,6.468004943838093e-07,207.46250194255248
1933,77.32,209.184951273884,8.07777856584574,-219.325951548258,-13.6757098801937,434.10883413649,0,0,0,0,-17.7715800350135,-14.2778872466319,-4.61003881570838e-05,0.0001145228273905,4.20467959873571,0.0,1.36764793856e-08,46.87025772963065,5692.212454504849,5645.342196775218,6.410201224039512e-07,207.46250105655105
1934,77.36,209.176314492318,8.06933833782156,-219.327327442929,-13.6755479377136,434.109851535139,0,0,0,0,-17.7713693158208,-14.2886547297242,-4.61024547910488e-05,0.0001145227408312,4.213702938089,4.05158043267745e-08,1.36223297325e-08,46.635262110398756,5691.9774357078595,5645.342173597461,6.352809262834219e-07,207.46250020478413
1935,77.4,209.167705746795,8.06091060813082,-219.32864559962,-13.675386206761,434.110826945046,0,0,0,0,-17.7711588751868,-14.2993401386427,-4.61045225613867e-05,0.0001145226609648,4.22243301517461,1.62104673492352e-07,1.35683264257e-08,46.401028461906016,5691.743179810457,5645.342151348551,6.295843092017427e-07,207.46249938715178
1936,77.44,209.159127073987,8.05249732398336,-219.3299060277,-13.6752246941645,434.111760471868,0,0,0,0,-17.7709487219965,-14.3099412039462,-4.61065914501546e-05,0.0001145225877914,4.23086932074239,3.64818600665056e-07,1.35144865348e-08,46.16761220830216,5691.509742233311,5645.342130025009,6.239315819650826e-07,207.4624986035261
1937,77.48,209.150580091442,8.04410001755743,-219.33110874106,-13.6750634066248,434.11265222157,0,0,0,0,-17.7707388649676,-14.3204560676345,-4.61086614393912e-05,0.0001145225213104,4.23901136566889,6.48695959341777e-07,1.34608278e-08,45.935057368356674,5691.277166992144,5645.342109623787,6.183239055417219e-07,207.46249785379499
1938,77.52,209.142065923193,8.03571973162475,-219.332253758109,-13.6749023507148,434.113502300391,0,0,0,0,-17.770529312652,-14.3308833645056,-4.6110732511445e-05,0.0001145224615215,4.24685868098482,1.01376146648009e-06,1.34073681013e-08,45.70339453174817,5691.045484673451,5645.342090141703,6.127622421816182e-07,207.46249713784158
1939,77.56,209.133585141792,8.02735696161754,-219.333341101768,-13.67474153288,434.114310814822,0,0,0,0,-17.7703200734347,-14.341222286455,-4.61128046489909e-05,0.0001145224084238,4.25441081790122,1.46002614867657e-06,1.33541249829e-08,45.47263928189246,5690.814710857167,5645.3420715752745,6.072473163819766e-07,207.46249645553792
1940,77.6,209.125137729188,8.01901161652374,-219.33437079947,-13.6745809594387,434.115077871573,0,0,0,0,-17.770111155535,-14.3514726272174,-4.61148778343004e-05,0.0001145223620166,4.26166734783413,1.98748731145064e-06,1.33011152416e-08,45.24279113088895,5690.584845052098,5645.342053921209,6.01779586687932e-07,207.462495806763
1941,77.64,209.116723058721,8.01068300090441,-219.335342883154,-13.674420636582,434.115803577552,0,0,0,0,-17.7699025670065,-14.3616348054611,-4.61169520505121e-05,0.0001145223222987,4.26862786242802,2.59612851171622e-06,1.32483545918e-08,45.01383303025989,5690.355870205958,5645.342037175698,5.963592294217406e-07,207.4624951913768
1942,77.68,209.108339899789,8.00236981958514,-219.336257389258,-13.674260570374,434.116488039836,0,0,0,0,-17.7696943157372,-14.3717098648357,-4.61190272807459e-05,0.000114522289269,4.2752919735777,3.28591953348346e-06,1.31958574128e-08,44.785731497211266,5690.12775283236,5645.342021335148,5.909861347637145e-07,207.46249460924733
1943,77.72,209.099986445483,7.99407020530563,-219.337114358722,-13.6741007667526,434.117131365652,0,0,0,0,-17.76948640945,-14.3816994505411,-4.61211035078974e-05,0.0001145222629261,4.2816593134489,4.05681636675298e-06,1.31436365819e-08,44.558437366755456,5689.900443762806,5645.342006396051,5.85659915103688e-07,207.46249406024563
1944,77.76,209.09166036224,7.98578176839623,-219.337913836975,-13.6739412315292,434.117733662348,0,0,0,0,-17.7692788557035,-14.3916057629274,-4.61231807154901e-05,0.0001145222432682,4.28772953449748,4.90876118950212e-06,1.30917033951e-08,44.331887143300804,5689.673879497813,5645.341992354512,5.803799250233029e-07,207.46249354422855
1945,77.8,209.083358859916,7.9775016668646,-219.338655873934,-13.6737819703892,434.118295037374,0,0,0,0,-17.7690716618916,-14.4014314894144,-4.61252588873152e-05,0.0001145222302935,4.29350230948723,5.8416823526683e-06,1.30400675719e-08,44.10600490680911,5689.4479841136945,5645.341979206885,5.751452918112772e-07,207.4624930610622
1946,77.84,209.075078780412,7.96922669504285,-219.339340523998,-13.6736229888927,434.11881559826,0,0,0,0,-17.7688648352449,-14.4111797165298,-4.6127338006347e-05,0.0001145222239996,4.29897733150627,6.85549436812087e-06,1.29887373382e-08,43.880704725357155,5689.222671674201,5645.341966948844,5.699549552957709e-07,207.46249261058747
1947,77.88,209.06681670272,7.96095338864056,-219.339967846044,-13.6734642924745,434.119295452598,0,0,0,0,-17.7686583828307,-14.4208538245227,-4.61294180571624e-05,0.0001145222243846,4.30415431398208,7.95009789973007e-06,1.29377195798e-08,43.655893512059976,5688.997849088961,5645.341955576901,5.648077155719659e-07,207.46249219267628
1948,77.92,209.058569061432,7.95267814327881,-219.340537903419,-13.6733058864447,434.119734708016,0,0,0,0,-17.7684523115535,-14.4304573677787,-4.61314990236042e-05,0.0001145222314456,4.30903299069514,9.12537975770981e-06,1.28870200547e-08,43.43147425179704,5688.773419338284,5645.341945086487,5.597022869009897e-07,207.46249180716066
1949,77.96,209.050332274772,7.9443973425261,-219.341050763932,-13.6731477759894,434.120133472167,0,0,0,0,-17.7682466281559,-14.4399939451041,-4.61335808895742e-05,0.0001145222451798,4.31361311579116,1.03812128963771e-05,1.28366436514e-08,43.207349483453235,5688.549284957079,5645.341935473626,5.546373555602732e-07,207.46249145389456
1950,78.0,209.042102877397,7.93610749071497,-219.341506499856,-13.6729899661705,434.120491852708,0,0,0,0,-17.768041339219,-14.449467064456,-4.61356636393301e-05,0.0001145222655841,4.31789446379198,1.17174564153583e-05,1.27865946776e-08,42.98342491413506,5688.325351648561,5645.341926734426,5.496116392597599e-07,207.46249113273487
1951,78.04,209.033877653237,7.92780534579231,-219.34190518791,-13.6728324619269,434.120809957282,0,0,0,0,-17.7678364511632,-14.458880006702,-4.61377472575515e-05,0.0001145222926548,4.32187682960496,1.31339555641579e-05,1.27368771662e-08,42.75961303474747,5688.101531899007,5645.341918864259,5.446239458346313e-07,207.46249084351157
1952,78.08,209.025653764121,7.91948804795209,-219.34224690926,-13.6726752680748,434.121087893504,0,0,0,0,-17.767631970249,-14.4682356927604,-4.61398317287155e-05,0.000114522326389,4.32556002853115,1.4630541749968e-05,1.26874951813e-08,42.53583661910595,5687.877748477849,5645.3419118587435,5.396732289845723e-07,207.4624905860636
1953,78.12,209.01742887038,7.91115324025204,-219.342531749512,-13.6725183893082,434.121325768948,0,0,0,0,-17.7674279025774,-14.4775365582663,-4.61419170373896e-05,0.0001145223667818,4.32894389627189,1.62070325486466e-05,1.26384531132e-08,42.312032005629554,5687.653937719454,5645.341905713824,5.347586393858888e-07,207.46249036024201
1954,78.16,209.009201239733,7.90279917750045,-219.342759798698,-13.6723618301995,434.12152369113,0,0,0,0,-17.767224254091,-14.4867844398738,-4.61440031685883e-05,0.0001145224138294,4.33202828893418,1.78632317188859e-05,1.25897559469e-08,42.088152061205086,5687.430052486053,5645.341900424848,5.298795693776427e-07,207.4624901658757
1955,78.2,209.000969840674,7.89442481965349,-219.342931151275,-13.6722055952004,434.121681767496,0,0,0,0,-17.7670210305747,-14.4959804771693,-4.61460901069701e-05,0.0001145224675269,4.33481308303455,1.95989292196485e-05,1.25414094951e-08,41.86416872164205,5687.206064708939,5645.341895987297,5.250356896947576e-07,207.46249000279872
1956,78.24,208.992734416947,7.88602990629343,-219.343045906116,-13.6720496886422,434.121800105411,0,0,0,0,-17.7668182376567,-14.5051250336007,-4.61481778377243e-05,0.0001145225278696,4.33729817550159,2.14139012309349e-05,1.24934205857e-08,41.64007501810451,5686.98196741503,5645.341892396926,5.202269769206936e-07,207.462489870855
1957,78.28,208.984495540574,7.87761500965722,-219.343104166497,-13.6718941147366,434.12187881215,0,0,0,0,-17.766615880809,-14.5142176388888,-4.6150266345848e-05,0.0001145225948518,4.33948348367712,2.33079101778737e-05,1.24457971974e-08,41.41588652121935,5686.757776169838,5645.341889648618,5.154537308088608e-07,207.46248976985657
1958,78.32,208.976254642039,7.86918156482834,-219.343106040095,-13.6717388775765,434.121917994881,0,0,0,0,-17.7664139653488,-14.5232569544021,-4.61523556168268e-05,0.0001145226684685,4.34136894531588,2.52807047580553e-05,1.23985485404e-08,41.19164216068319,5686.533529898816,5645.341887738133,5.107165811201619e-07,207.4624896996475
1959,78.36,208.968014017152,7.860731876597,-219.343051638974,-13.6715839811367,434.121917760666,0,0,0,0,-17.7662124964392,-14.5322407622899,-4.61544456358839e-05,0.0001145227487129,4.34295451858393,2.73320199720224e-05,1.23516850813e-08,40.967404413293124,5686.309291074134,5645.341886660841,5.060164841614127e-07,207.46248966005777
1960,78.4,208.959776810562,7.85226910297405,-219.342941079579,-13.6714294292747,434.121878216442,0,0,0,0,-17.7660114790903,-14.5411659786984,-4.61565363883953e-05,0.0001145228355792,4.34424018205565,2.94615771568898e-05,1.23052185115e-08,40.74325885450302,5686.085145266052,5645.341886411548,5.01354709244546e-07,207.46248965089643
1961,78.44,208.951546976252,7.84379721568722,-219.342774482727,-13.6712752257312,434.121799469024,0,0,0,0,-17.76581091816,-14.5500286908852,-4.61586278596869e-05,0.0001145229290601,4.34522593470928,3.16690840231452e-05,1.22591616625e-08,40.51931308194116,5685.861200067926,5645.341886985985,4.967328156144957e-07,207.4624896720066
1962,78.48,208.943329215906,7.83532093854128,-219.342551973594,-13.6711213741316,434.121681625091,0,0,0,0,-17.7656108183556,-14.5588242172767,-4.61607200356791e-05,0.0001145230291487,4.34591179592118,3.3954234694738e-05,1.2213528373e-08,40.295695039733125,5685.637583419096,5645.341888379363,4.921526206884559e-07,207.4624897232123
1963,78.52,208.935128896803,7.8268456653123,-219.342273681708,-13.6709678779859,434.121524791184,0,0,0,0,-17.7654111842342,-14.5675471886892,-4.6162812901905e-05,0.0001145231358372,4.34629780545861,3.63167097525519e-05,1.21683333108e-08,40.07255078417486,5685.414441370661,5645.3418905864855,4.876161604892755e-07,207.46248980432256
1964,78.56,208.926951951648,7.81837735957248,-219.341939740937,-13.6708147406905,434.121329073704,0,0,0,0,-17.7652120202045,-14.5761916483155,-4.61649064440372e-05,0.0001145232491176,4.34638402347125,3.87561762812996e-05,1.21235917577e-08,39.85004175715193,5685.191935359747,5645.341893602595,4.831256436482261e-07,207.4624899151625
1965,78.6,208.918804763109,7.80992243921804,-219.341550289483,-13.6706619655284,434.121094578902,0,0,0,0,-17.7650133305273,-14.5847511678517,-4.61670006478567e-05,0.0001145233689814,4.34617053048119,4.12722879198088e-05,1.20793193634e-08,39.62834164485716,5684.9702390675975,5645.341897422741,4.786834003523233e-07,207.4624900555503
1966,78.64,208.910694035863,7.80148764851356,-219.341105469862,-13.6705095556705,434.120821412882,0,0,0,0,-17.7648151193174,-14.5932189770522,-4.61690954991599e-05,0.0001145234954194,4.34565742737169,4.38646849146318e-05,1.20355318739e-08,39.407632895549554,5684.749534937766,5645.341902042216,4.7429182749769126e-07,207.46249022531288
1967,78.68,208.902626658952,7.79307992043348,-219.340605428904,-13.6703575141765,434.120509681599,0,0,0,0,-17.7646173905444,-14.6015881039294,-4.61711909839513e-05,0.0001145236284224,4.34484483537445,4.65329941769146e-05,1.19922448412e-08,39.188102974723485,5684.530010430633,5645.34190745591,4.6995333137083754e-07,207.46249042426246
1968,78.72,208.894609561338,7.78470623221185,-219.340050317732,-13.6702058439958,434.120159490853,0,0,0,0,-17.7644201480338,-14.6098515224967,-4.61732870880225e-05,0.0001145237679804,4.34373289605555,4.92768293424971e-05,1.194947332e-08,38.96994043387979,5684.311854092859,5645.341913658979,4.6567026906115026e-07,207.46249065222105
1969,78.76,208.886649563867,7.77637345729507,-219.339440291757,-13.6700545479683,434.119770946298,0,0,0,0,-17.764223395469,-14.6180023046884,-4.61753837969903e-05,0.000114523914083,4.34232177130005,5.20957908352492e-05,1.19072315577e-08,38.75333088296856,5684.0952515291165,5645.341920646148,4.6144488995020445e-07,207.46249090899477
1970,78.8,208.878753231064,7.76808821711998,-219.338775510663,-13.6699036288259,434.119344153433,0,0,0,0,-17.764027136392,-14.6260337729598,-4.61774810974234e-05,0.0001145240667192,4.34061164329515,5.49894659336591e-05,1.18655326829e-08,38.538452956301306,5683.88038136923,5645.341928412929,4.572792785272595e-07,207.4624911944187
1971,78.84,208.870926726146,7.75985673612109,-219.338056138394,-13.6697530891931,434.118879217612,0,0,0,0,-17.7638313742047,-14.6339396501303,-4.61795789748374e-05,0.0001145242258775,4.33860271451204,5.79574288406747e-05,1.18243883986e-08,38.325474369348946,5683.6674113228755,5645.341936953527,4.5317529986229207e-07,207.4624915082799
1972,78.88,208.863175672428,7.75168470311611,-219.337282343144,-13.6696029315884,434.118376244044,0,0,0,0,-17.7636361121709,-14.6417142032556,-4.61816774156422e-05,0.0001145243915459,4.33629520768633,6.09992407567799e-05,1.17838086857e-08,38.114548144794846,5683.456494408249,5645.341946263454,4.4913454877267985e-07,207.46249185041341
1973,78.92,208.855505023972,7.74357714194355,-219.336454297341,-13.6694531584252,434.117835337794,0,0,0,0,-17.7634413534173,-14.6493523784777,-4.61837764054344e-05,0.0001145245637122,4.33368936579717,6.41144499562724e-05,1.17438015214e-08,37.905809094646806,5683.247765432242,5645.341956337596,4.451583037434618e-07,207.4624922206313
1974,78.96,208.847918948297,7.73553829415255,-219.335572177637,-13.6693037720128,434.117256603794,0,0,0,0,-17.7632471009348,-14.6568499238072,-4.61858759305118e-05,0.0001145247423628,4.33078545204493,6.73025918666955e-05,1.170437262e-08,37.69937062806945,5683.041337798824,5645.341967170755,4.412474865349333e-07,207.46249261874257
1975,79.0,208.84042072407,7.72757151667811,-219.33463616489,-13.6691547745579,434.11664014684,0,0,0,0,-17.7630533575804,-14.6642034967511,-4.61879759765997e-05,0.0001145249274845,4.32758374982762,7.05631891513747e-05,1.16655252009e-08,37.49532196738736,5682.837300725068,5645.341978757681,4.37402628428948e-07,207.46249304455426
1976,79.04,208.833012656794,7.71967919751082,-219.333646444157,-13.6690061681653,434.115986071606,0,0,0,0,-17.7628601260785,-14.6714107536718,-4.61900765299635e-05,0.0001145251190629,4.32408456271587,7.38957517950285e-05,1.1627259792e-08,37.29372585334889,5682.635716946907,5645.341991093558,4.336238441503715e-07,207.46249349788937
1977,79.08,208.825696015218,7.7118626920826,-219.332603204672,-13.6688579548396,434.115294482647,0,0,0,0,-17.7626674090224,-14.6784704180601,-4.61921775764297e-05,0.0001145253170833,4.32028821442656,7.72997771924659e-05,1.15895740731e-08,37.09461681529838,5682.436620988759,5645.342004173461,4.299108142766446e-07,207.46249397856693
1978,79.12,208.818470990506,7.70412228242027,-219.331506639837,-13.668710136486,434.114565484408,0,0,0,0,-17.7624752088759,-14.6853823255142,-4.6194279101854e-05,0.0001145255215302,4.31619504879514,8.07747502404307e-05,1.15524627678e-08,36.89800006067955,5682.240018052461,5645.342017991781,4.262627768316675e-07,207.46249448638085
1979,79.16,208.811336679523,7.69645716040448,-219.330356947204,-13.6685627149116,434.113799181234,0,0,0,0,-17.762283527975,-14.6921474438652,-4.6196381092353e-05,0.0001145257323877,4.31180542974656,8.43201434326701e-05,1.15159175873e-08,36.70385101842839,5682.0458835624595,5645.342032544031,4.226785283322896e-07,207.46249502116618
1980,79.2,208.80429109317,7.68886543608161,-219.329154328462,-13.6684156918268,434.112995677377,0,0,0,0,-17.7620923685294,-14.6987678673574,-4.61984835338075e-05,0.0001145259496393,4.30711974126483,8.79354169582606e-05,1.14799272337e-08,36.51211556809301,5681.854163392612,5645.342047824519,4.191564346820381e-07,207.46249558271376
1981,79.24,208.797331190606,7.68134417186573,-219.327898989421,-13.6682690688465,434.112155077008,0,0,0,0,-17.761901732624,-14.7052467840186,-4.62005864119844e-05,0.0001145261732674,4.30213838736133,9.16200188031467e-05,1.14444774629e-08,36.3227109688304,5681.664774797419,5645.342063828589,4.1569445183161593e-07,207.46249617085246
1982,79.28,208.790452939899,7.67388944315625,-219.326591139995,-13.6681228474911,434.111277484229,0,0,0,0,-17.7617116222211,-14.7115884157152,-4.62026897124989e-05,0.0001145264032544,4.29686179204166,9.53733848547673e-05,1.1409551214e-08,36.13552751140959,5681.477608062427,5645.342080551018,4.122901564903794e-07,207.4624967853904
1983,79.32,208.78365140468,7.66649642497049,-219.325230994186,-13.6679770291884,434.110363003084,0,0,0,0,-17.7615220391615,-14.7177979312848,-4.62047934213613e-05,0.0001145266395818,4.29129039927118,9.91949390096263e-05,1.13751288021e-08,35.950430875534,5681.29252886219,5645.342097986656,4.089407863519461e-07,207.4624974261383
1984,79.36,208.776920855056,7.65915950282737,-219.32381877007,-13.6678316152743,434.109411737572,0,0,0,0,-17.7613329851665,-14.7238813344008,-4.62068975239383e-05,0.0001145268822303,4.28542467293929,0.0001030840932837,1.13411881745e-08,35.76726514758409,5681.109381278379,5645.342116130795,4.0564328912646355e-07,207.4624980929231
1985,79.4,208.770254899883,7.65187240499005,-219.322354689776,-13.6676866069945,434.108423791663,0,0,0,0,-17.7611444618397,-14.7298453290012,-4.62090020059419e-05,0.0001145271311803,4.27926509682226,0.0001070402479258,1.13077052258e-08,35.585856421227895,5680.927991399109,5645.342134977881,4.0239437916904416e-07,207.46249878554076
1986,79.44,208.763646637064,7.64462835273585,-219.320838979472,-13.6675420055058,434.107399269307,0,0,0,0,-17.7609564706687,-14.7356971656767,-4.62111068530124e-05,0.0001145273864109,4.27281217454481,0.0001110627915338,1.12746541641e-08,35.4060168853875,5680.748171408751,5645.342154523363,3.991906002117651e-07,207.46249950382398
1987,79.48,208.757088818506,7.63742022527824,-219.319271869348,-13.6673978118776,434.106338274454,0,0,0,0,-17.7607690130268,-14.7414444726044,-4.62132120504339e-05,0.0001145276479013,4.2660664295403,0.000115151101174,1.12420079199e-08,35.227549314934,5680.56972407665,5645.342174761717,3.9602839284931017e-07,207.46250024756978
1988,79.52,208.750574025963,7.63024073558228,-219.317653593595,-13.6672540270928,434.105240911069,0,0,0,0,-17.7605820901751,-14.747095075012,-4.62153175834017e-05,0.0001145279156293,4.25902840500966,0.0001193045425033,1.12097385885e-08,35.05025185363271,5680.392447542054,5645.342195688421,3.9290416514466317e-07,207.46250101661198
1989,79.56,208.744094853004,7.62308261229489,-219.315984390389,-13.6671106520499,434.104107283148,0,0,0,0,-17.760395703264,-14.7526568080551,-4.62174234375786e-05,0.0001145281895728,4.25169866387896,0.0001235224698951,1.11778178909e-08,34.87392296743174,5680.216140265705,5645.342217298273,3.898143644285009e-07,207.4625018107594
1990,79.6,208.73764408723,7.6159387819309,-219.314264501872,-13.666967687564,434.102937494735,0,0,0,0,-17.7602098533352,-14.7581373289817,-4.62195295977139e-05,0.0001145284697085,4.24407778875563,0.0001278042265671,1.11462176416e-08,34.69836640183221,5680.040605988233,5645.342239586401,3.867555480336644e-07,207.46250262983298
1991,79.64,208.731214886629,7.60880254519034,-219.312494174133,-13.6668251343682,434.101731649941,0,0,0,0,-17.7600245413239,-14.7635439347493,-4.62216360491945e-05,0.0001145287560122,4.23616638188343,0.0001321491447127,1.11149102066e-08,34.523395981160284,5679.865658529008,5645.342262547848,3.8372445062255465e-07,207.46250347365063
1992,79.68,208.724800944677,7.60166774202061,-219.31067365719,-13.6666829931155,434.100489852962,0,0,0,0,-17.75983976806,-14.7688833907079,-4.62237427767403e-05,0.0001145290484593,4.22796506509606,0.0001365565456342,1.10838689382e-08,34.34884010116701,5679.691126278771,5645.3422861776035,3.8071804608035255e-07,207.46250434202813
1993,79.72,208.718396639791,7.59452890103852,-219.308803204967,-13.6665412643797,434.0992122081,0,0,0,0,-17.7596555342708,-14.7741617750568,-4.62258497651446e-05,0.0001145293470248,4.21947447976948,0.0001410257398794,1.10530685733e-08,34.17454579576989,5679.516856266456,5645.342310470686,3.777336023171411e-07,207.46250523478247
1994,79.76,208.711997165194,7.58738136935018,-219.30688307528,-13.6663999486573,434.097898819781,0,0,0,0,-17.7594718405825,-14.7793843433297,-4.62279569992823e-05,0.0001145296516825,4.21069528677295,0.0001455560273805,1.10224855829e-08,34.000382270451205,5679.342717693,5645.342335422549,3.7476872752002005e-07,207.4625061517465
1995,79.8,208.705598635077,7.580221418677,-219.304913529809,-13.666259046369,434.096549792578,0,0,0,0,-17.7592886875221,-14.7845554171082,-4.62300644635638e-05,0.0001145299624057,4.20162816641867,0.0001501466975964,1.09920984632e-08,33.82624379183521,5679.168604820154,5645.342361028318,3.718214064871579e-07,207.46250709274116
1996,79.84,208.699198163166,7.57304632388106,-219.302894834086,-13.666118557861,434.095165231232,0,0,0,0,-17.7591060755198,-14.7896783008439,-4.62321721426956e-05,0.0001145302791668,4.19227381841028,0.0001547970296572,1.09618879606e-08,33.652051825414496,5678.994439108401,5645.342387282986,3.6889002579822956e-07,207.46250805758245
1997,79.88,208.692793910971,7.56585441117035,-219.300827257466,-13.6659784834066,434.093745240674,0,0,0,0,-17.7589240049104,-14.7947552294871,-4.62342800208248e-05,0.0001145306019381,4.18263296178993,0.000159506292512,1.09318372235e-08,33.47775634822728,5678.820170529882,5645.342414181654,3.659733870075759e-07,207.46250904609025
1998,79.92,208.686385104859,7.5586450751326,-219.298711073111,-13.6658388232078,434.092289926045,0,0,0,0,-17.7587424759361,-14.7997873479301,-4.62363880821057e-05,0.0001145309306903,4.17270633488413,0.0001642737450792,1.09019318818e-08,33.303336312811474,5678.645778032969,5645.342441720158,3.6307070787711924e-07,207.4625100581116
1999,79.96,208.679972022653,7.55141876529013,-219.296546557967,-13.665699577397,434.090799392727,0,0,0,0,-17.7585614887476,-14.8047747217964,-4.62384963108309e-05,0.0001145312653941,4.16249469524827,0.0001690986363985,1.08721600536e-08,33.12879928447701,5678.471269177612,5645.342469893135,3.601816121203753e-07,207.46251109344945
2000,80.0,208.673555951082,7.54417694350417,-219.294333992741,-13.6655607460382,434.089273746357,0,0,0,0,-17.7583810434071,-14.8097163784438,-4.62406046907207e-05,0.0001145316060193,4.15199881960995,0.0001739802057866,1.0842512285e-08,32.954180281012285,5678.296678977489,5645.3424986964765,3.573061084130763e-07,207.46251215195272
2001,80.04,208.667139115574,7.5369220137213,-219.292073661881,-13.665422329129,434.087713092862,0,0,0,0,-17.7582011398895,-14.8146103766633,-4.62427132056206e-05,0.0001145319525347,4.1412195038109,0.0001789176829936,1.08129814269e-08,32.779539864621846,5678.122067989583,5645.342528124961,3.5444455957108656e-07,207.4625132334296
2002,80.08,208.660724584453,7.52965722612745,-219.289765853547,-13.6652843266019,434.086117538475,0,0,0,0,-17.7580217780851,-14.819453902822,-4.6244821838994e-05,0.0001145323049088,4.13015756274773,0.0001839102883638,1.07835624597e-08,32.604961532898734,5677.94751970724,5645.342558174341,3.5159764297760453e-07,207.46251433772397
2003,80.12,208.654316150867,7.52238655902462,-219.2874108596,-13.665146738326,434.084487189768,0,0,0,0,-17.7578429578014,-14.82424338998,-4.62469305744679e-05,0.0001145326631091,4.11881383031139,0.000188957232998,1.07542522738e-08,32.43054850706462,5677.773137347276,5645.342588840212,3.4876630377340175e-07,207.4625154646739
2004,80.16,208.647918197029,7.51511458302848,-219.285008975564,-13.6650095641087,434.082822153674,0,0,0,0,-17.7576646787654,-14.8289746553341,-4.62490393952504e-05,0.0001145330271025,4.10718915932536,0.0001940577189188,1.07250494181e-08,32.25642003829636,5677.599040155781,5645.342620117484,3.459517026720687e-07,207.4625166140925
2005,80.2,208.641535545892,7.5078463126904,-219.282560500616,-13.664872803697,434.081122537515,0,0,0,0,-17.7574869406254,-14.8336430510103,-4.6251148284512e-05,0.0001145333968554,4.09528442148252,0.0001992109392383,1.06959538287e-08,32.08270736982846,5677.425359371988,5645.342652002159,3.4315516039775013e-07,207.46251778583272
2006,80.24,208.635173304991,7.50058705028994,-219.28006573755,-13.6647364567798,434.079388449031,0,0,0,0,-17.7573097429533,-14.8382436235024,-4.62532572254303e-05,0.0001145337723333,4.08310050728092,0.0002044160783275,1.06669665474e-08,31.909549489255753,5677.252233979007,5645.342684489751,3.4037810057529766e-07,207.4625189797297
2007,80.28,208.628836706648,7.49334222599225,-219.277524992763,-13.6646005229888,434.077619996407,0,0,0,0,-17.7571330852471,-14.8427712774676,-4.62553662002418e-05,0.0001145341535009,4.07063832595811,0.0002096723119886,1.06380894425e-08,31.73708878015401,5677.079806355568,5645.342717575413,3.3762199267949454e-07,207.46252019560535
2008,80.32,208.622530948635,7.48611723845453,-219.274938576221,-13.6644650019006,434.075817288301,0,0,0,0,-17.7569569669325,-14.8472209394891,-4.62574751919851e-05,0.0001145345403225,4.05789880542439,0.0002149788076291,1.06093249383e-08,31.565466684857185,5676.908217940253,5645.342751255396,3.348882964416719e-07,207.4625214333219
2009,80.36,208.616261039631,7.47891730023551,-219.272306801441,-13.6643298930381,434.073980433874,0,0,0,0,-17.7567813873651,-14.8515877171857,-4.62595841829525e-05,0.0001145349327615,4.04488289219471,0.0002203347244378,1.05806757638e-08,31.394819501386756,5676.737605026161,5645.342785524775,3.321784093218705e-07,207.46252269269837
2010,80.4,208.610031653914,7.47174729242956,-219.269629985462,-13.6641951958726,434.072109542819,0,0,0,0,-17.756606345833,-14.8558670491074,-4.62616931555734e-05,0.0001145353307811,4.03159155131938,0.0002257392135639,1.05521447258e-08,31.22527442746051,5676.568094806873,5645.342820379413,3.2949361833824934e-07,207.4625239735827
2011,80.44,208.603846999155,7.46461163241021,-219.266908448821,-13.6640609098247,434.070204725391,0,0,0,0,-17.7564318415588,-14.8600548415845,-4.62638020918936e-05,0.0001145357343427,4.01802576631358,0.0002311914182974,1.05237345121e-08,31.056945963691522,5676.399801778948,5645.342855815256,3.2683505751805064e-07,207.46252527582595
2012,80.48,208.597710700258,7.45751415761379,-219.264142515526,-13.663927034267,434.068266092436,0,0,0,0,-17.7562578737014,-14.8641475896549,-4.62659109738863e-05,0.0001145361434088,4.00418653908555,0.0002366904742522,1.04954475272e-08,30.889932752985807,5676.232824581051,5645.342891828065,3.242036717303618e-07,207.46252659927225
2013,80.52,208.591625701311,7.45045802743544,-219.261332513027,-13.6637935685248,434.066293755427,0,0,0,0,-17.7560844413588,-14.86814247988,-4.6268019783189e-05,0.0001145365579395,3.99007488986367,0.0002422355095507,1.04672857625e-08,30.72431491273797,5676.067243325894,5645.342928413156,3.216001874149497e-07,207.46252794374956
2014,80.56,208.585594187258,7.44344564484232,-219.258478772196,-13.6636605118783,434.064287826489,0,0,0,0,-17.7559115435699,-14.8720374731783,-4.62701285014704e-05,0.0001145369778955,3.97569185712224,0.0002478256450104,1.04392507014e-08,30.56015190173074,5675.903117468834,5645.342965567103,3.190250905054161e-07,207.46252930913195
2015,80.6,208.579617526684,7.43647859910568,-219.255581627292,-13.6635278635644,434.062248418435,0,0,0,0,-17.7557391793166,-14.875831365944,-4.62722371101856e-05,0.0001145374032363,3.96103849750613,0.0002534599943319,1.04113432585e-08,30.39748096554847,5675.740484250963,5645.343003285415,3.164786118210126e-07,207.46253069525434
2016,80.64,208.573696236871,7.42955763079409,-219.252641415941,-13.663395622778,434.060175644795,0,0,0,0,-17.7555673475266,-14.8795238282143,-4.62743455903929e-05,0.0001145378339212,3.94611588575412,0.0002591376642891,1.03835637521e-08,30.236316184178644,5675.579357748245,5645.343041564066,3.1396071998710313e-07,207.46253210196886
2017,80.68,208.567829971754,7.42268261967567,-219.249658479101,-13.6632637886738,434.058069619853,0,0,0,0,-17.755396047075,-14.8831154183041,-4.62764539232823e-05,0.0001145382699082,3.93092511462118,0.0002648577549214,1.03559119092e-08,30.076648144658922,5675.419728543768,5645.343080399109,3.114711219356589e-07,207.46253352913035
2018,80.72,208.562017532777,7.41585259551005,-219.24663316104,-13.6631323603685,434.055930458675,0,0,0,0,-17.7552252767866,-14.8866075740984,-4.62785620896882e-05,0.0001145387111556,3.91546729479941,0.0002706193597275,1.03283868989e-08,29.918444236320628,5675.2615640231625,5645.343119786842,3.090092706774515e-07,207.46253497660288
2019,80.76,208.556256901962,7.4090657710634,-219.243565809305,-13.6630013369416,434.053758277146,0,0,0,0,-17.7550550354386,-14.8900025816402,-4.62806700703508e-05,0.0001145391576206,3.89974355483792,0.0002764215658616,1.03009873944e-08,29.76164955175777,5675.104809274452,5645.3431597226945,3.06574380027226e-07,207.4625364442184
2020,80.8,208.5505452961,7.40231959622973,-219.240456774693,-13.6628707174379,434.051553192001,0,0,0,0,-17.7548853217621,-14.8933035218961,-4.62827778456827e-05,0.00011453960926,3.88375504106144,0.0002822634543305,1.02737116598e-08,29.606188359507197,5674.949388562662,5645.343200203154,3.0416544567621223e-07,207.46253793184786
2021,80.84,208.544879240717,7.39561083194657,-219.237306411222,-13.6627405008688,434.049315320862,0,0,0,0,-17.754716134445,-14.8965141967267,-4.62848853962687e-05,0.0001145400660298,3.8675029174878,0.0002881441001927,1.024655766e-08,29.451966117963284,5674.795207342538,5645.343241224575,3.0178127212029636e-07,207.46253943935727
2022,80.88,208.53925466249,7.38893564254053,-219.234115076104,-13.6626106862142,434.047044782268,0,0,0,0,-17.7545474721339,-14.8996390353724,-4.62869927019047e-05,0.0001145405278859,3.85098836574423,0.0002940625727586,1.02195231921e-08,29.298871990254142,5674.642154773315,5645.343282783061,2.994205048667061e-07,207.4625409666035
2023,80.92,208.533666998552,7.38228970497275,-219.230883129712,-13.662481272424,434.044741695716,0,0,0,0,-17.7543793334361,-14.9026829832183,-4.62890997428685e-05,0.0001145409947836,3.83421258498248,0.0003000179357924,1.01926060355e-08,29.146781818718246,5674.490106693061,5645.343324874342,2.9708166730890563e-07,207.46254251342955
2024,80.96,208.528111320687,7.37566833297099,-219.227610935552,-13.6623522584199,434.042406181688,0,0,0,0,-17.7542117169222,-14.9056513751961,-4.62912064987329e-05,0.0001145414666773,3.81717679179284,0.000306009247716,1.01658041174e-08,28.99556150265368,5674.338928998184,5645.34336749553,2.9476320150650664e-07,207.46254407972935
2025,81.0,208.522582471667,7.36906661330409,-219.224298860233,-13.6622236430972,434.040038361693,0,0,0,0,-17.7540446211283,-14.9085497966952,-4.62933129491808e-05,0.0001145419435213,3.7998822201169,0.0003120355618136,1.0139115692e-08,28.84507071103965,5674.188481353365,5645.343410642326,2.924635120484731e-07,207.46254566534483
2026,81.04,208.51707521036,7.36247955082216,-219.220947273435,-13.6620954253263,434.037638358298,0,0,0,0,-17.7538780445579,-14.9113839352002,-4.62954190738631e-05,0.0001145424252696,3.78233012115929,0.0003180959264387,1.01125395265e-08,28.695166828459485,5674.038621140137,5645.343454311678,2.9018101170677513e-07,207.46254727016398
2027,81.08,208.511584361991,7.35590221865728,-219.217556547879,-13.6619676039546,434.035206295168,0,0,0,0,-17.7537119856844,-14.9141594259874,-4.62975248519047e-05,0.0001145429118752,3.76452176329819,0.0003241893852217,1.0086075092e-08,28.54570904633249,5673.889207545701,5645.343498499368,2.8791416789961714e-07,207.46254889403164
2028,81.12,208.506104970076,7.34932991008607,-219.214127059298,-13.6618401778081,434.032742297095,0,0,0,0,-17.7535464429532,-14.916881695419,-4.62996302624057e-05,0.0001145434032909,3.74645843199474,0.000330314977278,1.00597227514e-08,28.396562494962875,5673.740105697257,5645.343543202293,2.85661548665806e-07,207.46255053683385
2029,81.16,208.500632446539,7.34275828858894,-219.2106591864,-13.6617131456932,434.030246490044,0,0,0,0,-17.7533814147841,-14.9195558056964,-4.63017352844123e-05,0.0001145438994697,3.72814142970135,0.0003364717374185,1.00334839399e-08,28.247602330145643,5673.591190746897,5645.343588416751,2.8342186716390683e-07,207.46255219843454
2030,81.2,208.495162716229,7.33618353229136,-219.207153310843,-13.6615865063979,434.027719001178,0,0,0,0,-17.7532168995728,-14.922186305421,-4.6303839896899e-05,0.0001145444003633,3.70957207576883,0.0003426586963589,1.00073613286e-08,28.098717664667593,5673.442351804116,5645.343634139448,2.811940233546544e-07,207.46255387871267
2031,81.24,208.489692351412,7.32960246839826,-219.203609817197,-13.6614602586942,434.025159958905,0,0,0,0,-17.7530528956943,-14.9247770906173,-4.63059440781556e-05,0.0001145449059234,3.69075170635245,0.0003488748809325,9.98135896578e-09,27.949815228782967,5673.29349559552,5645.343680366736,2.789771416102782e-07,207.4625555775342
2032,81.28,208.484218691594,7.32301269294306,-219.200029092917,-13.6613344013393,434.022569492908,0,0,0,0,-17.7528894015037,-14.9273312806976,-4.63080478070134e-05,0.0001145454161017,3.67168167431689,0.0003551193143028,9.95548238651e-09,27.800822629865273,5673.14454972538,5645.343727095515,2.767706027774972e-07,207.46255729478514
2033,81.32,208.478739944321,7.31641267152084,-219.196411528306,-13.6612089330775,434.019947734183,0,0,0,0,-17.7527264153395,-14.9298511133973,-4.63101510616173e-05,0.0001145459308489,3.65236334914008,0.0003613910161775,9.92973868309e-09,27.651691095859277,5672.995465418538,5645.343774322679,2.7457406945385793e-07,207.46255903035143
2034,81.36,208.473255263461,7.30980181750753,-219.192757516485,-13.6610838526415,434.017294815079,0,0,0,0,-17.7525639355251,-14.9323378621716,-4.6312253820216e-05,0.000114546450116,3.63279811681597,0.0003676890030238,9.90413653055e-09,27.502397606204582,5672.846219650569,5645.343822044364,2.7238750350708465e-07,207.46256078409104
2035,81.4,208.46776480232,7.30318054510017,-219.189067453358,-13.6609591587545,434.014610869332,0,0,0,0,-17.7524019603713,-14.9347917792216,-4.63143560608715e-05,0.0001145469738533,3.61298737975616,0.0003740122882834,9.87868616099e-09,27.35294633567174,5672.696816593144,5645.343870257472,2.7021117509783396e-07,207.4625625558901
2036,81.44,208.462269739423,7.29655029503256,-219.185341737581,-13.6608348501316,434.011896032103,0,0,0,0,-17.7522404881783,-14.9372120669105,-4.63164577616842e-05,0.000114547502011,3.59293255669051,0.0003803598825895,9.85339928262e-09,27.203369356334434,5672.547288315559,5645.3439189592245,2.6804566274171357e-07,207.4625643456465
2037,81.48,208.456772275178,7.28991353117028,-219.181580770525,-13.6607109254815,434.009150440015,0,0,0,0,-17.7520795172378,-14.9395968795985,-4.63185589004212e-05,0.0001145480345391,3.57263508256664,0.0003867307939828,9.82828894144e-09,27.053726547853497,5672.3976946939665,5645.343968146113,2.6589184406827215e-07,207.46256615323134
2038,81.52,208.451275598217,7.28327370677916,-219.177784956246,-13.6605873835082,434.006374231192,0,0,0,0,-17.7519190458351,-14.9419433567458,-4.63206594547141e-05,0.0001145485713876,3.55209640844842,0.0003931240281298,9.80336932532e-09,26.9041046803444,5672.248122495464,5645.3440178151195,2.6375087713413383e-07,207.46256797853366
2039,81.56,208.445783821278,7.27663520034318,-219.173954701447,-13.6604642229124,434.003567545294,0,0,0,0,-17.7517590722515,-14.9442476868829,-4.63227594021022e-05,0.0001145491125057,3.53131800141328,0.0003995385885415,9.77865551349e-09,26.75461567018185,5672.098683633351,5645.344067963169,2.616241725928623e-07,207.46256982144052
2040,81.6,208.440301887948,7.27000322223043,-219.170090415446,-13.6603414423932,434.000730523557,0,0,0,0,-17.7515995947661,-14.9465052010212,-4.63248587202436e-05,0.0001145496578428,3.51030134444864,0.0004059734767923,9.75416317622e-09,26.605394042265978,5671.949512629482,5645.344118587216,2.595133573872294e-07,207.46257168183993
2041,81.64,208.434835452898,7.26338369485969,-219.166192510141,-13.6602190406499,433.997863308829,0,0,0,0,-17.7514406116579,-14.9487104932707,-4.63269573861205e-05,0.0001145502073483,3.48904793634716,0.0004124276927406,9.72990823233e-09,26.456593670969102,5671.8007633552925,5645.344169684324,2.5742023106324724e-07,207.46257355962405
2042,81.68,208.429390739223,7.25678310997177,-219.162261399973,-13.6600970163833,433.994966045607,0,0,0,0,-17.751282121208,-14.9508575656398,-4.63290553773513e-05,0.0001145507609712,3.467559291601,0.0004189002347478,9.70590647383e-09,26.308383898268282,5671.652605149823,5645.344221251555,2.553467160725784e-07,207.46257545468484
2043,81.72,208.423974377024,7.25020836713957,-219.158297501895,-13.6599753682976,433.992038880077,0,0,0,0,-17.7511241217016,-14.9529399929211,-4.633115267108e-05,0.0001145513186606,3.44583694029506,0.0004253900998992,9.68217316902e-09,26.160945141392315,5671.50521842731,5645.344273285918,2.5329480357663697e-07,207.46257736691243
2044,81.76,208.418593227741,7.24366659802742,-219.154301235332,-13.6598540951017,433.989081960147,0,0,0,0,-17.7509666114302,-14.9549511025746,-4.63332492442603e-05,0.000114551880365,3.4238824279992,0.0004318962842235,9.65872265704e-09,26.01446411243432,5671.358789897047,5645.344325784613,2.5126649636043676e-07,207.4625792962039
2045,81.8,208.413254199266,7.23716498143419,-219.150273022148,-13.6597331955106,433.98609543549,0,0,0,0,-17.7508095886931,-14.9568841638708,-4.63353450737905e-05,0.0001145524460338,3.40169731565944,0.0004384177829137,9.63556794753e-09,25.869128787538,5671.213507532348,5645.34437874481,2.492637505775246e-07,207.46258124245526
2046,81.84,208.407964057579,7.23071055485953,-219.14621328661,-13.6596126682475,433.983079457577,0,0,0,0,-17.7506530518002,-14.9587325803244,-4.63374401368032e-05,0.0001145530156155,3.37928317948812,0.0004449535905474,9.61272033937e-09,25.725123281252127,5671.0695554449085,5645.344432163656,2.472884181756074e-07,207.46258320556166
2047,81.88,208.402729241217,7.22431002889511,-219.142122455351,-13.6594925120447,433.980034179718,0,0,0,0,-17.7504969990732,-14.9604900795552,-4.63395344100683e-05,0.0001145535890589,3.35664161085313,0.0004515027013083,9.59018907176e-09,25.5826227977301,5670.927108836243,5645.3444860385125,2.4534219193462744e-07,207.46258518542615
2048,81.92,208.397555684842,7.21796961072681,-219.138000957334,-13.6593727256456,433.976959757094,0,0,0,0,-17.7503414288482,-14.9621508947738,-4.63416278703961e-05,0.0001145541663131,3.3337742161661,0.0004580641092071,9.56798102005e-09,25.44178883015168,5670.78632919673,5645.344540366578,2.43426554972112e-07,207.46258718194576
2049,81.96,208.392448657494,7.2116948423135,-219.133849223815,-13.6592533078058,433.973856346801,0,0,0,0,-17.7501863394771,-14.9637099322337,-4.63437204945103e-05,0.0001145547473266,3.31068261676959,0.0004646368083022,9.54610044732e-09,25.30276475903642,5670.647359904251,5645.344595145215,2.415427362904615e-07,207.46258919502353
2050,82.0,208.387412620038,7.2054904577578,-219.129667688307,-13.659134257295,433.970724107882,0,0,0,0,-17.7500317293299,-14.9651629193879,-4.63458122592054e-05,0.0001145553320487,3.2873684488234,0.0004712197929203,9.52454882044e-09,25.165671973342306,5670.510322345125,5645.344650371783,2.3969167359223244e-07,207.46259122456252
2051,82.04,208.38245110549,7.19936026356592,-219.125456786543,-13.6590155728981,433.967563201364,0,0,0,0,-17.7498775967968,-14.9665065293468,-4.63479031410864e-05,0.0001145559204283,3.2638333631898,0.0004778120578773,9.50332469736e-09,25.030606613915914,5670.375312657615,5645.344706043699,2.3787398428452337e-07,207.4625932704677
2052,82.08,208.377566625528,7.19330704508248,-219.121216956437,-13.6588972534166,433.964373790299,0,0,0,0,-17.7497239402893,-14.9677384782322,-4.63499931168347e-05,0.0001145565124144,3.24007902531783,0.0004844125986979,9.48242368922e-09,24.897637029581617,5670.2423991879605,5645.344762158379,2.360899454136107e-07,207.46259533264418
2053,82.12,208.372760606033,7.18733250195832,-219.11694863805,-13.6587792976705,433.961156039795,0,0,0,0,-17.7495707582429,-14.9688575931177,-4.6352082163145e-05,0.0001145571079566,3.21610711512672,0.0004910204118366,9.46183849826e-09,24.76680202306843,5670.111620736358,5645.34481871329,2.3433948307793486e-07,207.46259741099882
2054,82.16,208.368033353504,7.18143721449416,-219.112652273548,-13.6586617044992,433.957910117058,0,0,0,0,-17.7494180491185,-14.9698638492136,-4.63541702568098e-05,0.0001145577070041,3.19191932688829,0.0004976344948977,9.44155902996e-09,24.6381099370884,5669.9829856430715,5645.344875705983,2.3262217155398016e-07,207.4625995054417
2055,82.2,208.363384052563,7.17562064107384,-219.108328307169,-13.6585444727632,433.954636191422,0,0,0,0,-17.7492658114043,-14.9707583758723,-4.63562573742072e-05,0.0001145583095068,3.16751736910843,0.0005042538468557,9.42157257513e-09,24.511538586525834,5669.856471720536,5645.344933134011,2.3093724189684452e-07,207.4626016158828
2056,82.24,208.358810793185,7.16988114532131,-219.103977185182,-13.6584276013454,433.951334434391,0,0,0,0,-17.7491140436176,-14.9715434320488,-4.6358343492034e-05,0.0001145589154144,3.14290296440768,0.0005108774682744,9.40186405563e-09,24.387035999430502,5669.732026994324,5645.344990994893,2.2928359934209372e-07,207.46260374223104
2057,82.28,208.354310625461,7.16421605078783,-219.099599355846,-13.6583110891525,433.948005019672,0,0,0,0,-17.7489627443068,-14.9722223527946,-4.6360428587267e-05,0.0001145595246773,3.11807784940087,0.0005175043615256,9.38241632553e-09,24.26452190703153,5669.609571193321,5645.345049286289,2.2765984860771238e-07,207.46260588440035
2058,82.32,208.349879639599,7.15862172088589,-219.095195269381,-13.6581949351161,433.94464812321,0,0,0,0,-17.7488119120527,-14.9727994692697,-4.63625126363439e-05,0.0001145601372456,3.09304377457586,0.0005241335310073,9.36321051783e-09,24.14388992081146,5669.48899792667,5645.3451080058585,2.260643261645595e-07,207.46260804230474
2059,82.36,208.345513068818,7.15309366170436,-219.090765377917,-13.6580791381944,433.941263923225,0,0,0,0,-17.7486615454705,-14.9732800053297,-4.63645956161921e-05,0.0001145607530705,3.06780250417137,0.0005307639833614,9.34422642649e-09,24.025010332367387,5669.370177483652,5645.345167151285,2.2449513854213602e-07,207.4626102158591
2060,82.4,208.341205412049,7.14762664464379,-219.086310135465,-13.6579636973733,433.937852600244,0,0,0,0,-17.7485116432117,-14.973669954272,-4.63666775036942e-05,0.0001145613721026,3.04235581605392,0.0005373947276904,9.32544291255e-09,23.90773345227518,5669.252960172555,5645.345226720279,2.2295020555676357e-07,207.46261240497927
2061,82.44,208.33695057232,7.14221484472354,-219.081829997876,-13.6578486116675,433.93441433714,0,0,0,0,-17.7483622039653,-14.9739759395926,-4.63687582755459e-05,0.0001145619942934,3.01670550159393,0.0005440247757739,9.30683832363e-09,23.791893375709865,5669.137180086321,5645.345286710611,2.2142730712156346e-07,207.4626146095833
2062,82.48,208.332742006033,7.136851989789,-219.077325422796,-13.6577338801223,433.930949319163,0,0,0,0,-17.7482132264598,-14.9742050637815,-4.63708379089239e-05,0.0001145626195948,2.99085336554082,0.0005506531422847,9.28839091648e-09,23.67731204450687,5669.022659164578,5645.345347120071,2.199241321636014e-07,207.46261682959005
2063,82.52,208.328572878755,7.13153151623031,-219.072796869636,-13.6576195018142,433.927457733975,0,0,0,0,-17.7480647094647,-14.9743647491375,-4.63729163810246e-05,0.0001145632479591,2.96480122589744,0.0005572788450028,9.27007927284e-09,23.563803486423794,5668.909211432934,5645.34540794651,2.1843832831371275e-07,207.46261906492046
2064,82.56,208.324436224114,7.12624672780654,-219.068244799525,-13.6575054758524,433.923939771686,0,0,0,0,-17.747916651792,-14.9744625744484,-4.63749936684572e-05,0.0001145638793387,2.93855091379343,0.0005639009050291,9.25188270032e-09,23.45117813900238,5668.796647326749,5645.345469187747,2.16967551333717e-07,207.46262131549443
2065,82.6,208.32032510303,7.12099095480431,-219.063669675275,-13.6573918013804,433.920395624881,0,0,0,0,-17.747769052298,-14.9745061111965,-4.63770697490076e-05,0.0001145645136866,2.91210427335789,0.0005705183469977,9.23378161076e-09,23.339247182355823,5668.68477802404,5645.345530841684,2.155095134313871e-07,207.46262358123485
2066,82.64,208.316232760311,7.11575771056227,-219.059071961337,-13.6572784775762,433.916825488662,0,0,0,0,-17.7476219098846,-14.9745027627621,-4.63791445997352e-05,0.0001145651509566,2.88546316159115,0.0005771301992871,9.21575787005e-09,23.227826800390154,5668.573419706669,5645.345592906278,2.140620296125977e-07,207.46262586206663
2067,82.68,208.312152775085,7.11054084183401,-219.054452123767,-13.6571655036545,433.913229560673,0,0,0,0,-17.7474752235008,-14.9744596098348,-4.63812181982231e-05,0.0001145657911027,2.85862944823569,0.0005837354942312,9.19779511411e-09,23.116742274376232,5668.46239765381,5645.345655379433,2.1262306110106116e-07,207.46262815791275
2068,82.72,208.308079201511,7.10533466942284,-219.04981063018,-13.6570528788671,433.909608041135,0,0,0,0,-17.7473289921445,-14.9743832648449,-4.63832905223136e-05,0.0001145664340795,2.83160501564629,0.0005903332683286,9.17987902708e-09,23.0058318117278,5668.351550070887,5645.345718259159,2.111907548877155e-07,207.4626304687001
2069,82.76,208.304006696993,7.10013411633013,-219.045147949713,-13.6569406025043,433.90596113288,0,0,0,0,-17.7471832148634,-14.9742797379645,-4.63853615496203e-05,0.000114567079842,2.8043917586593,0.0005969225624518,9.16199757856e-09,22.8949500349365,5668.240731578462,5645.345781543526,2.0976347870319287e-07,207.4626327943577
2070,82.8,208.29993063624,7.09493482174322,-219.040464552985,-13.6568286738962,433.902289041378,0,0,0,0,-17.747037890757,-14.974154316936,-4.63874312580249e-05,0.0001145677283461,2.77699158446118,0.0006035024220538,9.14414121731e-09,22.78397108543859,5668.129816315953,5645.345845230514,2.083398510014473e-07,207.46263513481136
2071,82.84,208.295847209999,7.08973323969379,-219.035760912054,-13.6567170924131,433.898591974771,0,0,0,0,-17.7468930189775,-14.9740114628588,-4.6389499625716e-05,0.000114568379548,2.7494064124562,0.0006100718973743,9.12630301923e-09,22.67279131000459,5668.018700628307,5645.345909318302,2.0691876567526996e-07,207.46263748999414
2072,82.88,208.291753506942,7.08452672088428,-219.031037500379,-13.6566058574671,433.894870143903,0,0,0,0,-17.7467485987314,-14.9738547239035,-4.63915666310818e-05,0.0001145690334046,2.72163817413336,0.0006166300436434,9.1084787879e-09,22.561331489324548,5667.907305294253,5645.345973804929,2.0549941116908e-07,207.46263985983398
2073,82.92,208.28764757664,7.07931357558399,-219.026294792778,-13.6564949685132,433.891123762348,0,0,0,0,-17.7466046292808,-14.9736866686441,-4.63936322524949e-05,0.0001145696898738,2.69368881293255,0.0006231759212852,9.09066710616e-09,22.449538551372953,5667.795577239916,5645.346038688544,2.0408128351267197e-07,207.46264224426287
2074,82.96,208.283528471449,7.07409311544537,-219.021533265389,-13.6563844250496,433.887353046441,0,0,0,0,-17.7464611099446,-14.9735088404495,-4.63956964685856e-05,0.0001145703489136,2.66556028410992,0.0006297085961195,9.07286933736e-09,22.33738671115765,5667.683490678589,5645.346103967431,2.0266419280716073e-07,207.46264464321777
2075,83.0,208.2793962659,7.06886567283436,-219.016753395624,-13.6562742266194,433.883558215309,0,0,0,0,-17.7463180400999,-14.9733217341486,-4.63977592585331e-05,0.0001145710104833,2.63725455460251,0.000636227139562,9.0550895753e-09,22.224877998702322,5667.571047638364,5645.346169639662,2.0124826290068476e-07,207.46264705662776
2076,83.04,208.275252053242,7.06363259729359,-219.011955662134,-13.6561643728111,433.879739490893,0,0,0,0,-17.746175419183,-14.9731247959583,-4.63998206011588e-05,0.0001145716745424,2.60877360289215,0.0006427306288237,9.03733454208e-09,22.112042164486965,5667.4582778680615,5645.346235703574,1.9983392425501349e-07,207.46264948443178
2077,83.08,208.271097919288,7.05839622932762,-219.007140544765,-13.6560548632599,433.875897097984,0,0,0,0,-17.746033246691,-14.9729164473562,-4.64018804759986e-05,0.0001145723410515,2.58011941886856,0.0006492181471077,9.01961343362e-09,21.998935968115063,5667.345238125543,5645.346302157428,1.9842190017304564e-07,207.46265192656588
2078,83.12,208.266936893669,7.05315985158687,-219.002308524515,-13.655945697648,433.872031264244,0,0,0,0,-17.7458915221824,-14.9726941331459,-4.64039388626294e-05,0.0001145730099717,2.5512940036918,0.0006556887838045,9.00193771337e-09,21.885641851785714,5667.232010851269,5645.346368999483,1.9701318654039908e-07,207.46265438296612
2079,83.16,208.262772878265,7.0479276172314,-218.997460083496,-13.6558368757059,433.868142220236,0,0,0,0,-17.7457502452787,-14.9724543934442,-4.64059957410125e-05,0.0001145736812652,2.52229936965395,0.0006621416346855,8.98432085557e-09,21.77226599272038,5667.1187022208,5645.346436228079,1.9560902518882943e-07,207.46265685357147
2080,83.2,208.258610552864,7.0427044555216,-218.992595704891,-13.6557283972134,433.864230199447,0,0,0,0,-17.7456094156652,-14.972192958782,-4.64080510913072e-05,0.0001145743548947,2.49313754004008,0.0006685758020943,8.96677804051e-09,21.658935736013547,5667.005439577656,5645.3465038416425,1.9421087107994932e-07,207.46265933832413
2081,83.24,208.254455259173,7.03749595576706,-218.987715872912,-13.6556202619997,433.860295438318,0,0,0,0,-17.7454690330923,-14.9719048669703,-4.64101048939089e-05,0.0001145750308242,2.46381054898856,0.0006749903951372,8.94932580586e-09,21.545796438601744,5666.8923682770865,5645.346571838485,1.9282035380139726e-07,207.46266183716202
2082,83.28,208.250312865717,7.03230823215507,-218.982821072758,-13.655512469945,433.856338176265,0,0,0,0,-17.7453290973763,-14.9715845996652,-4.64121571293403e-05,0.0001145757090178,2.43432044135062,0.0006813845298715,8.93198165905e-09,21.433007792760513,5666.779648009792,5645.346640217032,1.9143923421314435e-07,207.46266435002727
2083,83.32,208.246189617029,7.02714777287726,-218.977911790573,-13.6554050209807,433.852358655705,0,0,0,0,-17.7451896084004,-14.9712262358753,-4.64142077789529e-05,0.000114576389441,2.40466927254929,0.0006877573294917,8.91476365784e-09,21.32073972235527,5666.667448698168,5645.346708975813,1.9006935732954185e-07,207.4626668768659
2084,83.36,208.242091970662,7.02202127708052,-218.972988513409,-13.6552979150904,433.848357122081,0,0,0,0,-17.745050566116,-14.9708236189919,-4.64162568238163e-05,0.0001145770720608,2.37485910843763,0.0006941079245139,8.89768996726e-09,21.20916794801133,5666.555946061184,5645.346778113172,1.88712602544059e-07,207.462669417617
2085,83.4,208.2380264254,7.01693548300407,-218.968051729173,-13.6551911523105,433.844333823879,0,0,0,0,-17.7449119705431,-14.9703705333609,-4.64183042458867e-05,0.0001145777568438,2.34489202515631,0.0007004354529576,8.8807784029e-09,21.098469312034563,5666.445316939759,5645.346847627725,1.8737083226456382e-07,207.46267197222974
2086,83.44,208.233999344347,7.0118969910169,-218.963101926599,-13.6550847327308,433.84028901266,0,0,0,0,-17.7447738217715,-14.969860885935,-4.64203500268923e-05,0.0001145784437583,2.31477010899056,0.0007067390605259,8.86404597124e-09,20.988816964853335,5666.335734482774,5645.346917517921,1.8604584010752083e-07,207.46267454064707
2087,83.48,208.230016777701,7.00691208631936,-218.958139595194,-13.6549786564953,433.836222943071,0,0,0,0,-17.7446361199618,-14.9692888879614,-4.64223941490393e-05,0.0001145791327738,2.28449545622643,0.0007130179007828,8.84750841931e-09,20.880375542154113,5666.227363324499,5645.3469877823445,1.8473930004204563e-07,207.46267712281707
2088,83.52,208.226084290993,7.00198656712367,-218.953165225204,-13.6548729238029,433.832135872876,0,0,0,0,-17.7444988653456,-14.9686492313031,-4.64244365953957e-05,0.0001145798238601,2.25407017300644,0.0007192711353299,8.83117980597e-09,20.773296491162714,5666.120354910747,5645.347058419584,1.8345271809628753e-07,207.46267971868775
2089,83.56,208.222206804793,6.99712558429936,-218.948179307565,-13.6547675349078,433.828028062966,0,0,0,0,-17.7443620582271,-14.9679372538363,-4.64264773490498e-05,0.0001145805169885,2.22349637518467,0.0007254979339798,8.81507210757e-09,20.66771370884966,5666.014843137049,5645.347129428199,1.821873882481177e-07,207.46268232820626
2090,83.6,208.218388451041,6.99233349763865,-218.943182333866,-13.6546624901199,433.823899777389,0,0,0,0,-17.7442256989831,-14.9671490887481,-4.64285163931027e-05,0.0001145812121312,2.19277618818114,0.0007316974749287,8.79919487016e-09,20.563739632334332,5665.910940439218,5645.347200806884,1.8094435387630674e-07,207.46268495132455
2091,83.64,208.214632450091,6.98761375284326,-218.938174796306,-13.6545577898059,433.81975128336,0,0,0,0,-17.7440897880645,-14.9662817929613,-4.64305537114396e-05,0.0001145819092614,2.16191174683562,0.0007378689449251,8.78355491918e-09,20.46146189327228,5665.808734447552,5645.34727255428,1.7972437584488475e-07,207.46268758799275
2092,83.68,208.210941012117,6.98296878287114,-218.933157187647,-13.6544534343895,433.815582851283,0,0,0,0,-17.743954325996,-14.9653334503747,-4.64325892884256e-05,0.0001145826083534,2.13090519526092,0.0007440115394371,8.76815613639e-09,20.36094063492146,5665.7082853039465,5645.347344669025,1.7852790813611968e-07,207.46269023816077
2093,83.72,208.207315266569,6.97839993733146,-218.928130001179,-13.6543494243517,433.811394754768,0,0,0,0,-17.7438193133777,-14.9643032461024,-4.64346231086867e-05,0.0001145833093825,2.09975868669547,0.0007501244628162,8.75299931171e-09,20.262206592433383,5665.609623742302,5645.347417149868,1.7735508190968413e-07,207.46269290178267
2094,83.76,208.203755223041,6.97390744329357,-218.923093730669,-13.6542457602316,433.807187270648,0,0,0,0,-17.7436847508851,-14.963191508759,-4.6436655157088e-05,0.0001145840123252,2.06847438335548,0.0007562069284597,8.73808207572e-09,20.16526002815323,5665.512750023685,5645.347489995532,1.762056987439386e-07,207.46269557881143
2095,83.8,208.200259765558,6.9694903995183,-218.918048870326,-13.6541424426267,433.802960678993,0,0,0,0,-17.7435506392699,-14.9619997191953,-4.6438685419068e-05,0.0001145847171591,2.03705445628637,0.0007622581589704,8.72339891515e-09,20.070070576106744,5665.4176337808685,5645.347563204762,1.750792334178795e-07,207.46269826920107
2096,83.84,208.19682668027,6.9651468040946,-218.912995914756,-13.6540394721931,433.798715263125,0,0,0,0,-17.7434169793605,-14.960730485581,-4.64407138809173e-05,0.0001145854238626,2.00550108521381,0.0007682773863143,8.70894127132e-09,19.97657799559239,5665.324214771926,5645.347636776333,1.7397484608069425e-07,207.46270097290645
2097,83.88,208.193452714873,6.96087361380186,-218.907935358915,-13.6539368496465,433.794451309633,0,0,0,0,-17.7432837720625,-14.9593874859426,-4.64427405284765e-05,0.0001145861324156,1.97381645839412,0.0007742638519755,8.69469771809e-09,19.884693788136282,5665.232404497157,5645.347710709021,1.7289140320786545e-07,207.46270368988266
2098,83.92,208.190133667343,6.95666683279118,-218.902867698074,-13.6538345757618,433.790169108387,0,0,0,0,-17.7431510183592,-14.9579753800939,-4.64447653488259e-05,0.0001145868427994,1.94200277246416,0.0007802168071084,8.68065421354e-09,19.79430361195843,5665.142088613666,5645.347785001707,1.7182750654481212e-07,207.46270642008852
2099,83.96,208.186864501328,6.95252162792331,-218.897793427771,-13.6537326513739,433.785868952549,0,0,0,0,-17.7430187193119,-14.9564996937348,-4.64467883291794e-05,0.0001145875549956,1.91006223229074,0.0007861355126871,8.66679441717e-09,19.705270422139467,5665.053130075334,5645.347859653194,1.7078152916355186e-07,207.4627091634801
2100,84.0,208.183639484863,6.94843246742511,-218.892713043769,-13.653631077378,433.781551138584,0,0,0,0,-17.7428868760606,-14.9549666786354,-4.64488094572058e-05,0.0001145882689877,1.87799705081943,0.0007920192396517,8.65310006212e-09,19.617438245111927,5664.965372907448,5645.347934662336,1.6975165756629136e-07,207.46271192001524
2101,84.04,208.180452347727,6.94439327819899,-218.887627042016,-13.6535298547295,433.777215966273,0,0,0,0,-17.7427554898239,-14.9533831539987,-4.6450828720998e-05,0.0001145889847602,1.84580944892301,0.0007978672690517,8.63955136996e-09,19.530636460562285,5664.878646488606,5645.348010028044,1.6873593844684445e-07,207.46271468965395
2102,84.08,208.177296451522,6.94039761584621,-218.882535918599,-13.6534289844447,433.772863738719,0,0,0,0,-17.7426245618999,-14.9517563348405,-4.64528461094952e-05,0.000114589702299,1.81350165524928,0.0008036788921879,8.62612749448e-09,19.44468442959785,5664.792770178796,5645.348085749198,1.6773232842652162e-07,207.46271747235505
2103,84.12,208.174164966146,6.93643884108867,-218.877440169704,-13.6533284676009,433.768494762362,0,0,0,0,-17.7424940936659,-14.9500936532079,-4.64548616117621e-05,0.0001145904215907,1.78107590606852,0.0008094534107508,8.61280698038e-09,19.359396296740005,5664.707558121476,5645.348161824736,1.6673874499659368e-07,207.46272026807955
2104,84.16,208.17105104692,6.93251029684709,-218.872340291572,-13.6532283053362,433.764109346981,0,0,0,0,-17.7423640865791,-14.9484025777136,-4.6456875217448e-05,0.0001145911426236,1.74853444512038,0.0008151901369569,8.59956822325e-09,19.27458580982255,5664.622824063445,5645.348238253622,1.6575311707186057e-07,207.46272307678933
2105,84.2,208.167948007428,6.92860548102949,-218.867236780457,-13.6531284988502,433.759707805705,0,0,0,0,-17.7422345421765,-14.9466904366386,-4.64588869166429e-05,0.0001145918653871,1.71587952346041,0.0008208883936817,8.58638991776e-09,19.19007102323478,5664.538386058055,5645.34831503482,1.647734337698104e-07,207.46272589844634
2106,84.24,208.164849483481,6.92471821044877,-218.862130132581,-13.6530290494041,433.755290455017,0,0,0,0,-17.7421054620755,-14.9449642498339,-4.64608967004432e-05,0.0001145925898719,1.68311339930603,0.0008265475145903,8.57325148184e-09,19.105678759609184,5664.454070926902,5645.348392167293,1.6379779014165808e-07,207.46272873301245
2107,84.28,208.161749583664,6.92084277131805,-218.857020844095,-13.6529299583204,433.750857614762,0,0,0,0,-17.7419768479738,-14.9432305743677,-4.64629045594025e-05,0.0001145933160696,1.6502383378822,0.0008321668442635,8.56013344642e-09,19.02124870635948,5664.369718356421,5645.348469650062,1.6282442863777975e-07,207.4627315804517
2108,84.32,208.158643022207,6.91697405207752,-218.851909411035,-13.6528312269834,433.746409608148,0,0,0,0,-17.7418487016491,-14.9414953680195,-4.64649104858494e-05,0.0001145940439736,1.61725661126655,0.0008377457383228,8.5470178018e-09,18.93663703133907,5664.285184513482,5645.348547482143,1.6185177519643013e-07,207.46273444072796
2109,84.36,208.155525230893,6.91310765525564,-218.846796329276,-13.6527328568389,433.741946761753,0,0,0,0,-17.7417210249602,-14.939763873443,-4.64669144720354e-05,0.0001145947735782,1.58417049823413,0.0008432835635508,8.53388829453e-09,18.851719427958386,5664.200345090569,5645.34862566261,1.6087846913093674e-07,207.46273731380717
2110,84.4,208.152392448031,6.9092399863974,-218.841682094496,-13.6526348493946,433.737469405525,0,0,0,0,-17.7415938198461,-14.9380405248107,-4.64689165104335e-05,0.000114595504879,1.55098228410179,0.0008487796980107,8.52073067057e-09,18.76639353637235,5664.115097726857,5645.348704190485,1.5990338634384818e-07,207.46274019965335
2111,84.44,208.149241783693,6.90536831925625,-218.836567202129,-13.6525372062201,433.732977872786,0,0,0,0,-17.7414670883264,-14.9363288780778,-4.64709165947197e-05,0.0001145962378733,1.51769426057215,0.0008542335311618,8.50753286286e-09,18.680580718533488,5664.029363783398,5645.348783064865,1.5892565571229774e-07,207.46274309823337
2112,84.48,208.146071261134,6.90149083717084,-218.831452147321,-13.6524399289464,433.72847250023,0,0,0,0,-17.7413408325015,-14.9346315655691,-4.64729147187695e-05,0.0001145969725592,1.48430872557715,0.0008596444639724,8.4942851229e-09,18.594227185396374,5663.943089470225,5645.348862284828,1.579446686943622e-07,207.46274600951335
2113,84.52,208.142879834755,6.89760665098804,-218.826337424893,-13.6523430192664,433.723953627926,0,0,0,0,-17.7412150545521,-14.9329502748103,-4.64749108771672e-05,0.0001145977089363,1.45082798312126,0.0008650119090285,8.48098009794e-09,18.507304485688547,5663.8562463351345,5645.348941849446,1.569600823408156e-07,207.46274893345918
2114,84.56,208.139667385419,6.89371579433237,-218.821223529291,-13.6522464789348,433.719421599313,0,0,0,0,-17.7410897567395,-14.9312857505679,-4.64769050647831e-05,0.0001145984470056,1.41725434312435,0.0008703352906406,8.46761285679e-09,18.419809378316334,5663.768831136247,5645.349021757931,1.5597181603216135e-07,207.46275187004187
2115,84.6,208.136434694445,6.88981919756559,-218.816110954553,-13.6521503097676,433.714876761199,0,0,0,0,-17.7409649414053,-14.9296378183092,-4.64788972772551e-05,0.0001145991867692,1.38359012126416,0.0008756140449454,8.45418086871e-09,18.331763124950424,5663.680865134335,5645.349102009385,1.5498004241090862e-07,207.46275481922842
2116,84.64,208.13318339821,6.88591864234802,-218.811000194258,-13.6520545136423,433.710319463762,0,0,0,0,-17.7408406109712,-14.9280054269871,-4.64808875107898e-05,0.0001145999282306,1.34983763881849,0.0008808476200063,8.44068394034e-09,18.243210254574574,5663.592392857485,5645.34918260291,1.539851731157738e-07,207.46275778098587
2117,84.68,208.129915925736,6.88201669918299,-218.805891741489,-13.6519590924978,433.70575006054,0,0,0,0,-17.7407167679391,-14.9263867090841,-4.64828757625505e-05,0.0001146006713946,1.31599922250696,0.0008860354759097,8.4271241158e-09,18.154216865032527,5663.503480402749,5645.349263537717,1.529878400360262e-07,207.4627607552852
2118,84.72,208.126635421905,6.87811665060039,-218.800786088788,-13.6518640483339,433.701168908426,0,0,0,0,-17.7405934148903,-14.9247790557465,-4.64848620291569e-05,0.0001146014162678,1.2820772043326,0.000891177084859,8.41350554543e-09,18.064868533765033,5663.41421334673,5645.349344812966,1.5198887286505525e-07,207.46276374209552
2119,84.76,208.123345658986,6.87422240264261,-218.795683728114,-13.6517693832116,433.696576367669,0,0,0,0,-17.7404705544861,-14.9231792045542,-4.64868463090557e-05,0.0001146021628573,1.248073921423,0.0008962719312652,8.3998343281e-09,17.975267910228077,5663.324694338093,5645.349426427864,1.5098927371741304e-07,207.46276674138775
2120,84.8,208.120050938876,6.87033838707517,-218.790585150804,-13.6516750992524,433.691972801857,0,0,0,0,-17.7403481894667,-14.9215833372531,-4.64888286007036e-05,0.0001146029111721,1.21399171587123,0.0009013195118342,8.38611833237e-09,17.885532055816654,5663.235040437417,5645.349508381601,1.4999018951531082e-07,207.46276975313202
2121,84.84,208.116755988194,6.86646945644167,-218.785490847527,-13.6515811986384,433.687358577917,0,0,0,0,-17.7402263226515,-14.9199871849267,-4.64908089032968e-05,0.0001146036612221,1.17983293457642,0.0009063193356497,8.37236700054e-09,17.795789589145496,5663.145380262558,5645.349590673412,1.4899288275213814e-07,207.46277277730036
2122,84.88,208.113465848214,6.86262077396858,-218.780401308243,-13.651487683612,433.6827340661,0,0,0,0,-17.7401049569384,-14.9183861384248,-4.64927872166004e-05,0.000114604413019,1.14559992908419,0.0009112709242543,8.35859113951e-09,17.706177691082345,5663.055850993568,5645.349673302486,1.4799870120033115e-07,207.46277581386283
2123,84.92,208.110185761788,6.85879770045171,-218.775317022163,-13.6513945564752,433.678099639974,0,0,0,0,-17.7399840953034,-14.9167753621389,-4.64947635405166e-05,0.0001146051665758,1.11129505542663,0.0009161738117263,8.34480270144e-09,17.61683902765724,5662.9665952957175,5645.34975626806,1.4700904713558925e-07,207.46277886279148
2124,84.96,208.106921059488,6.85500568037117,-218.770238477706,-13.65130181959,433.673455676412,0,0,0,0,-17.7398637408006,-14.9151499092498,-4.64967378765761e-05,0.0001146059219063,1.07692067396219,0.0009210275447536,8.33101455678e-09,17.527918651855746,5662.877758221257,5645.349839569401,1.4602534665520518e-07,207.46278192405933
2125,85.0,208.103677047043,6.85125012929534,-218.765166162455,-13.6512094753773,433.668802555579,0,0,0,0,-17.7397438965613,-14.9135048365134,-4.64987102259764e-05,0.0001146066790262,1.04247914921524,0.000925831682705,8.31724026224e-09,17.439560940705405,5662.789484146428,5645.349923205722,1.4504901961823064e-07,207.46278499763744
2126,85.04,208.100458895669,6.84753632418489,-218.76010056312,-13.6511175263171,433.66414066092,0,0,0,0,-17.7396245657936,-14.9118353167555,-4.65006805909195e-05,0.0001146074379521,1.00797284971541,0.0009305857976975,8.30349382577e-09,17.351906610866994,5662.701913787183,5645.350007176316,1.4408145060505117e-07,207.46278808349987
2127,85.08,208.097271536578,6.84386929787304,-218.755042165492,-13.651025974948,433.659470379144,0,0,0,0,-17.7395057517824,-14.910136747405,-4.65026489743419e-05,0.0001146081987023,0.973404147836735,0.0009352894746606,8.28978947073e-09,17.2650898482415,5662.615181328638,5645.350091480396,1.4312396122162733e-07,207.46279118161772
2128,85.12,208.094119561014,6.84025373907503,-218.749991454405,-13.6509348238666,433.65479210021,0,0,0,0,-17.739387457888,-14.9084048535156,-4.6504615379419e-05,0.000114608961296,0.938775419636568,0.0009399423113964,8.27614140154e-09,17.1792355876479,5662.5294117049025,5645.350176117255,1.4217778407042558e-07,207.46279429196494
2129,85.16,208.091007127521,6.83669389962966,-218.744948913691,-13.650844075727,433.65010621731,0,0,0,0,-17.7392696875464,-14.9066357836714,-4.65065798102472e-05,0.0001146097257542,0.904089044694302,0.0009445439186367,8.26256357335e-09,17.094456989511333,5662.444718075725,5645.350261086214,1.4124403879477247e-07,207.46279741451664
2130,85.2,208.087937878338,6.83319351087436,-218.739915026145,-13.6507537332408,433.64541312685,0,0,0,0,-17.7391524442682,-14.9048261970996,-4.65085422713087e-05,0.0001146104920987,0.869347405949898,0.0009490939200964,8.24906946881e-09,17.010853165018485,5662.361199551477,5645.350346386458,1.4032371063950396e-07,207.46280054924281
2131,85.24,208.084914866675,6.82975571089141,-218.734890273474,-13.6506637991763,433.640713228435,0,0,0,0,-17.7390357316379,-14.9029733403013,-4.65105027679111e-05,0.0001146112603533,0.834552889542238,0.0009535919525235,8.23567188538e-09,16.92850719689745,5662.278939214232,5645.350432017335,1.3941763193113919e-07,207.46280369611952
2132,85.28,208.081940496281,6.82638298406009,-218.729875136267,-13.6505742763578,433.636006924846,0,0,0,0,-17.7389195533138,-14.9010751115289,-4.65124613060395e-05,0.0001146120305423,0.799707884647315,0.0009580376657467,8.22238273709e-09,16.84748449522416,5662.198002473334,5645.35051797811,1.3852646681594017e-07,207.46280685511974
2133,85.32,208.079016474668,6.82307711425772,-218.724870093945,-13.6504851676655,433.631294622021,0,0,0,0,-17.7388039130266,-14.8991301113813,-4.65144178920431e-05,0.0001146128026918,0.764814783316266,0.0009624307227186,8.20921287484e-09,16.76783152450097,5662.11843579255,5645.350604268049,1.3765069956408528e-07,207.46281002621657
2134,85.36,208.076143781462,6.81983915318961,-218.719875624727,-13.6503964760346,433.626576729034,0,0,0,0,-17.7386888145794,-14.8971376778353,-4.6516372533073e-05,0.0001146135768288,0.729875980313251,0.0009667707995559,8.19617192987e-09,16.68957494241629,5662.040265828862,5645.350690886446,1.3679062678565362e-07,207.46281320938394
2135,85.4,208.073322653393,6.81666940536338,-218.714892205585,-13.6503082044551,433.62185365807,0,0,0,0,-17.7385742618462,-14.8950979042481,-4.65183252365746e-05,0.0001146143529822,0.694893872953214,0.0009710575855759,8.18326818459e-09,16.612721191456146,5661.963499024021,5645.350777832565,1.3594635389799262e-07,207.46281640459492
2136,85.44,208.070552587115,6.8135674308891,-218.709920312204,-13.6502203559707,433.617125824402,0,0,0,0,-17.7384602587718,-14.8930116393377,-4.65202760112056e-05,0.0001146151311818,0.659870860939509,0.000975290783329,8.17050847486e-09,16.537256575558597,5661.888121681285,5645.350865105726,1.351177961055169e-07,207.46281961182447
2137,85.48,208.06783236043,6.81053206668674,-218.704960418945,-13.6501329336787,433.612393646367,0,0,0,0,-17.7383468093706,-14.8908804685804,-4.65222248656147e-05,0.0001146159114583,0.624809346201415,0.0009794701086286,8.15789812686e-09,16.46314783772987,5661.8141005429525,5645.350952705223,1.3430468400327971e-07,207.46282283104662
2138,85.52,208.065160071932,6.80756146611984,-218.700012998801,-13.6500459407291,433.607657545342,0,0,0,0,-17.738233917726,-14.8887066767654,-4.65241718097014e-05,0.0001146166938442,0.589711732731558,0.0009835952905768,8.14544093123e-09,16.390343238812513,5661.74138386913,5645.351040630318,1.3350657378180222e-07,207.46282606223429
2139,85.56,208.062533198685,6.80465315665658,-218.695078523358,-13.6499593803237,433.60291794571,0,0,0,0,-17.7381215879892,-14.8864931917715,-4.65261168534961e-05,0.0001146174783732,0.554580426423233,0.0009876660715871,8.13313915584e-09,16.318774127010894,5661.669903007232,5645.351128880221,1.3272286190715451e-07,207.46282930535847
2140,85.6,208.059948671076,6.80180411470646,-218.690157462755,-13.6498732557159,433.598175274841,0,0,0,0,-17.7380098243788,-14.8842435102724,-4.6528060007699e-05,0.0001146182650801,0.519417834907649,0.0009916822074043,8.12099359736e-09,16.24835697452741,5661.599574428837,5645.351217454309,1.3195280402934468e-07,207.46283256039618
2141,85.64,208.057402963321,6.79901085612243,-218.685250285647,-13.6497875702097,433.593429963055,0,0,0,0,-17.7378986311793,-14.8819616070908,-4.65300012838553e-05,0.0001146190540007,0.484226367391114,0.0009956434671197,8.10900367018e-09,16.178995840655475,5661.530302192472,5645.351306351817,1.3119553771556729e-07,207.46283582731937
2142,85.68,208.054892197361,6.79626954008226,-218.680357459161,-13.649702327159,433.588682443599,0,0,0,0,-17.7377880127408,-14.8796518307758,-4.65319406938852e-05,0.0001146198451725,0.449008434492147,0.0009995496331834,8.09716752942e-09,16.110585198824786,5661.461980770779,5645.351395571954,1.304501084081549e-07,207.46283910609895
2143,85.72,208.052412257186,6.79357608340417,-218.675479448859,-13.649617529967,433.583933152608,0,0,0,0,-17.7376779734775,-14.8773187884817,-4.65338782507332e-05,0.0001146206386338,0.413766448078561,0.001003400501413,8.08548222344e-09,16.04301304740697,5661.3944981614195,5645.351485114013,1.2971549785403738e-07,207.46284239670894
2144,85.76,208.049958910196,6.79092628189794,-218.670616718698,-13.6495331820852,433.579182529081,0,0,0,0,-17.7375685178667,-14.87496722336,-4.65358139673248e-05,0.0001146214344244,0.378502821104493,0.0010071958809982,8.07394387021e-09,15.976164212225404,5661.3277391894835,5645.351574977258,1.2899065415222898e-07,207.46284569912234
2145,85.8,208.04752793184,6.78831593500344,-218.665769730993,-13.6494492870128,433.574431014842,0,0,0,0,-17.7374596504484,-14.8726018879205,-4.65377478576472e-05,0.0001146222325849,0.343219967447422,0.0010109355945026,8.06254785058e-09,15.909923738182334,5661.26158889908,5645.351665160898,1.2827452247239318e-07,207.46284901331
2146,85.84,208.045115229509,6.78574096967123,-218.660938946372,-13.6493658482957,433.569679054506,0,0,0,0,-17.7373513758234,-14.8702274173993,-4.65396799362044e-05,0.0001146230331574,0.307920301745171,0.0010146194778613,8.05128901077e-09,15.84418026047746,5661.195935924648,5645.351755664171,1.2756607544291247e-07,207.46285233924397
2147,85.88,208.042716961495,6.78319755932108,-218.656124823747,-13.6492828695258,433.564927095447,0,0,0,0,-17.7372436986528,-14.8678482076518,-4.65416102183265e-05,0.0001146238361851,0.272606239232896,0.0010182473803762,8.04016186566e-09,15.778829241701594,5661.130675727987,5645.3518464862855,1.268643421738999e-07,207.46285567689515
2148,85.92,208.040329647047,6.78068223389424,-218.651327820266,-13.6492003543402,433.560175587759,0,0,0,0,-17.7371366236566,-14.8654683020412,-4.65435387193288e-05,0.0001146246417122,0.2372801955801,0.001021819164707,8.02916079436e-09,15.713775966558517,5661.06571359304,5645.351937626481,1.261684349350747e-07,207.4628590262356
2149,85.96,208.0379502639,6.77819197738174,-218.646548391279,-13.6491183064202,433.555424984218,0,0,0,0,-17.7370301556126,-14.8630912911352,-4.65454654558003e-05,0.0001146254497843,0.201944586727649,0.0010253347068589,8.01828022009e-09,15.648938195900259,5661.000967279785,5645.352029083885,1.2547757260771227e-07,207.46286238723323
2150,86.0,208.035576329996,6.77572430954103,-218.641786990301,-13.6490367294903,433.550675740246,0,0,0,0,-17.7369242993556,-14.8607202282744,-4.65473904443476e-05,0.0001146262604476,0.16660182872483,0.0010287938961668,8.00751476731e-09,15.584248390223873,5660.936369247985,5645.35212085776,1.2479110012141133e-07,207.46286575986096
2151,86.04,208.033205966401,6.77327734882009,-218.637044068972,-13.6489556273176,433.545928313871,0,0,0,0,-17.7368190597755,-14.8583575636633,-4.65493137028007e-05,0.0001146270737499,0.131254337566442,0.0010321966352753,7.99685939026e-09,15.51965542205672,5660.8718683692405,5645.352212947184,1.2410850318795205e-07,207.4628691440849
2152,86.08,208.03083793905,6.7708498540952,-218.632320077016,-13.6488750037107,433.541183165682,0,0,0,0,-17.7367144418166,-14.8560050993673,-4.65512352491312e-05,0.00011462788974,0.0959045290299433,0.0010355428401166,7.98630946786e-09,15.455125711542012,5660.8074310629345,5645.352305351393,1.2342941778280002e-07,207.46287253987697
2153,86.12,208.028471677952,6.76844124388836,-218.627615462213,-13.6487948625185,433.536440758795,0,0,0,0,-17.7366104504764,-14.8536639669759,-4.65531551018222e-05,0.0001146287084675,0.0605548185126567,0.0010388324398833,7.97586086193e-09,15.390643749360034,5660.7430418188205,5645.352398069461,1.227536340994942e-07,207.46287594720314
2154,86.16,208.026107273791,6.76605159296661,-218.62293067035,-13.6487152076298,433.531701558804,0,0,0,0,-17.7365070908039,-14.8513346285433,-4.65550732802747e-05,0.000114629529983,0.0252076208690516,0.0010420653769998,7.96550993735e-09,15.326212004018938,5660.678703104535,5645.352491100516,1.220810949923839e-07,207.46287936603142
2155,86.2,208.02374545267,6.76368160709233,-218.618266145192,-13.6486360429717,433.526966033741,0,0,0,0,-17.7364043678987,-14.8490169002037,-4.65569898043921e-05,0.0001146303543387,-0.0101346497518908,0.0010452416070888,7.95525354479e-09,15.261850234658402,5660.6144346783485,5645.35258444369,1.2141188914518271e-07,207.4628827963298
2156,86.24,208.021387530115,6.76133257703595,-218.613622328442,-13.6485573725088,433.52223465403,0,0,0,0,-17.7363022869095,-14.8467099969783,-4.65589046944619e-05,0.0001146311815874,-0.0454695800692217,0.0010483610989351,7.94508896868e-09,15.197594239516388,5660.550272337546,5645.352678098029,1.2074623930219598e-07,207.46288623806333
2157,86.28,208.019035345764,6.75900631326903,-218.608999659704,-13.6484792002425,433.517507892441,0,0,0,0,-17.7362008530328,-14.8444125969279,-4.65608179716426e-05,0.0001146320117827,-0.0807947578324557,0.0010514238344453,7.93501384434e-09,15.13349407861745,5660.486266141228,5645.352772062611,1.2008448597993895e-07,207.46288969119803
2158,86.32,208.016691180977,6.75670506358807,-218.604398576447,-13.6484015302093,433.512786224045,0,0,0,0,-17.7361000715116,-14.8421229223417,-4.65627296572932e-05,0.0001146328449795,-0.116107771983894,0.001054429808604,7.92502604945e-09,15.069611831935546,5660.4224781683615,5645.352866336426,1.1942706726965175e-07,207.46289315569686
2159,86.36,208.014357662875,6.75443141715957,-218.599819513968,-13.6483243664804,433.508070126164,0,0,0,0,-17.7359999476337,-14.8398388348731,-4.65646397736535e-05,0.0001146336812335,-0.151406212820815,0.0010573790294267,7.91512357647e-09,15.006018987998942,5660.358979906549,5645.352960918551,1.1877449562098173e-07,207.4628966315259
2160,86.4,208.012037659149,6.75218819934061,-218.595262905359,-13.6482477131601,433.503360078327,0,0,0,0,-17.7359004867308,-14.8375579407311,-4.6566548343409e-05,0.0001146345206016,-0.18668767215753,0.0010602715179098,7.90530439344e-09,14.94279358168785,5660.29584938964,5645.353055807953,1.1812733268541652e-07,207.46290011864713
2161,86.44,208.009734167907,6.74997836154202,-218.590729181466,-13.648171574385,433.498656562215,0,0,0,0,-17.7358016941764,-14.8352777016571,-4.65684553897828e-05,0.0001146353631412,-0.221949743487289,0.0010631073079768,7.89556630119e-09,14.880017196709767,5660.233168200306,5645.353151003596,1.1748616326708911e-07,207.46290361702253
2162,86.48,208.007450206142,6.74780486970743,-218.586218770856,-13.6480959543226,433.493960061613,0,0,0,0,-17.7357035753851,-14.8329955476216,-4.65703609363369e-05,0.0001146362089109,-0.257190022144026,0.0010658864464216,7.88590679464e-09,14.817771930686439,5660.17101843511,5645.353246504424,1.1685156927110666e-07,207.46290712661323
2163,86.52,208.005188699997,6.74567059459115,-218.581732099783,-13.6480208571705,433.48927106236,0,0,0,0,-17.7356061358104,-14.830708987577,-4.65722650077319e-05,0.0001146370579702,-0.292406105463944,0.0010686089928482,7.87632293555e-09,14.756137409112434,5660.109479718457,5645.353342309344,1.1622410443093819e-07,207.46291064737915
2164,86.56,208.002952380332,6.74357820734576,-218.577269592151,-13.6479462871548,433.484590052292,0,0,0,0,-17.7355093809436,-14.8284157147064,-4.65741676285004e-05,0.0001146379103792,-0.327595592946905,0.0010712750196069,7.86681124326e-09,14.695187943561278,5660.048626360834,5645.353438417273,1.1560427064566363e-07,207.4629141792804
2165,86.6,208.000743687567,6.74153008437968,-218.57283166948,-13.6478722485296,433.479917521196,0,0,0,0,-17.7354133163121,-14.8261137026316,-4.65760688243248e-05,0.000114638766199,-0.362756086417639,0.0010738846117273,7.85736760919e-09,14.634989942413245,5659.988524769449,5645.353534827036,1.1499249683787758e-07,207.46291772227391
2166,86.64,207.9985646894,6.73952822509424,-218.568418750869,-13.6477987455749,433.475253960749,0,0,0,0,-17.735317947478,-14.8238012893305,-4.65779686210251e-05,0.0001146396254915,-0.397885190186752,0.0010764378668477,7.84798723956e-09,14.57559967179372,5659.929231209234,5645.35363153744,1.143891211308964e-07,207.46292127631574
2167,86.68,207.996417013718,6.73757418481302,-218.564031252964,-13.6477257825961,433.470599864465,0,0,0,0,-17.7352232800364,-14.8214772463182,-4.65798670448825e-05,0.0001146404883197,-0.432980511211516,0.0010789348951414,7.8386646294e-09,14.517061429906864,5659.870789977248,5645.353728547341,1.1379437684543388e-07,207.46292484136387
2168,86.72,207.994301797603,6.73566902381062,-218.559669589925,-13.6476533639225,433.46595572764,0,0,0,0,-17.7351293196136,-14.8191408316694,-4.65817641230342e-05,0.0001146413547468,-0.468039659256439,0.0010813758192409,7.82939356897e-09,14.459406159608704,5659.813232015069,5645.35382585546,1.1320838248351858e-07,207.4629284173713
2169,86.76,207.992219652715,6.73381327271504,-218.555334173388,-13.6475814939062,433.461322047294,0,0,0,0,-17.7350360718659,-14.8167918261824,-4.65836598832013e-05,0.0001146422248371,-0.503060247053605,0.0010837607741572,7.8201671824e-09,14.402650506240123,5659.756573966813,5645.353923460573,1.1263113570927008e-07,207.4629320042931
2170,86.8,207.990170647402,6.73200691464443,-218.551025412434,-13.6475101769204,433.456699322113,0,0,0,0,-17.7349435424777,-14.8144305524264,-4.65855543527186e-05,0.0001146430986555,-0.538039890462764,0.0010860899071972,7.8109779967e-09,14.346796331032836,5659.700817692326,5645.354021361293,1.1206251134015157e-07,207.46293560207823
2171,86.84,207.988154305853,6.73024938437937,-218.546743713558,-13.6474394173588,433.45208805239,0,0,0,0,-17.7348517371598,-14.8120578767964,-4.65874475605821e-05,0.000114643976268,-0.572976208631176,0.0010883633778772,7.80181803849e-09,14.291830687734814,5659.645950244128,5645.354119556393,1.1150226333253479e-07,207.4629392106816
2172,86.88,207.986169623747,6.72853958404174,-218.542489480629,-13.6473692196338,433.447488739967,0,0,0,0,-17.7347606616479,-14.8096751953541,-4.65893395355766e-05,0.0001146448577404,-0.607866824153176,0.0010905813578329,7.79267895429e-09,14.237726248849437,5659.5919442932545,5645.354218044405,1.1095003056094928e-07,207.46294283004931
2173,86.92,207.98421509864,6.72687591350576,-218.538263114863,-13.6472995881753,433.442901888173,0,0,0,0,-17.7346703217007,-14.8072844050079,-4.65912303072707e-05,0.0001146457431402,-0.642709363229485,0.0010927440307266,7.7835521495e-09,14.184442132181323,5659.5387589561215,5645.35431682394,1.1040534590674405e-07,207.46294646013033
2174,86.96,207.982288772556,6.7252563130146,-218.53406501479,-13.6472305274294,433.43832800176,0,0,0,0,-17.7345807230982,-14.8048878620534,-4.65931199053389e-05,0.0001146466325351,-0.677501455826212,0.0010948515921511,7.77442894076e-09,14.131925059905312,5659.486340953487,5645.354415893582,1.0986764802853758e-07,207.46295010087255
2175,87.0,207.980388284415,6.72367831564249,-218.529895576219,-13.6471620418571,433.433767586848,0,0,0,0,-17.7344918716402,-14.8024883302403,-4.65950083604236e-05,0.0001146475259931,-0.712240735833577,0.0010969042495312,7.76530071586e-09,14.08011078531384,5659.434626037095,5645.354515251781,1.0933629520961489e-07,207.46295375221905
2176,87.04,207.978510930544,6.72213910782904,-218.525755192206,-13.647094135933,433.429221150854,0,0,0,0,-17.7344037731441,-14.8000889203825,-4.65968957032737e-05,0.0001146484235834,-0.746924841224323,0.0010989022220214,7.75615909604e-09,14.028925739187402,5659.383540636252,5645.3546148970645,1.0881058082362022e-07,207.4629574141157
2177,87.08,207.976653731677,6.72063559641542,-218.521644253027,-13.6470268141438,433.424689202433,0,0,0,0,-17.7343164334435,-14.7976930235355,-4.65987819653618e-05,0.0001146493253753,-0.781551414211804,0.0011008457404014,7.74699609575e-09,13.978288853175107,5659.333003681004,5645.3547148278285,1.0828975000973354e-07,207.46296108650358
2178,87.12,207.974813504516,6.71916448023346,-218.517563146141,-13.6469600809868,433.42017225141,0,0,0,0,-17.7342298583862,-14.7953042398002,-4.6600667178365e-05,0.000114650231439,-0.816118101407753,0.0011027350469675,7.73780427541e-09,13.92811350693258,5659.282928549397,5645.354815042465,1.077730170762652e-07,207.46296476932358
2179,87.16,207.972986935492,6.71772232390081,-218.513512256159,-13.6468939409689,433.415670808719,0,0,0,0,-17.7341440538325,-14.7929263047564,-4.66025513745238e-05,0.0001146511418448,-0.850622553979714,0.0011045703954217,7.72857688347e-09,13.878309535288205,5659.23322507463,5645.354915539342,1.0725958308503363e-07,207.46296846251573
2180,87.2,207.971170654589,6.71630563168125,-218.50949196482,-13.6468283986047,433.411185386332,0,0,0,0,-17.7340590256531,-14.7905630152776,-4.66044345864885e-05,0.000114652056664,-0.885062427808119,0.0011063520507575,7.7193079851e-09,13.828785237178108,5659.183801553894,5645.3550163167165,1.067486531296077e-07,207.46297216601596
2181,87.24,207.969361307872,6.71491092004472,-218.505502650951,-13.6467634584156,433.406716497194,0,0,0,0,-17.7339747797276,-14.788218156071,-4.66063168474387e-05,0.0001146529759681,-0.919435383643011,0.0011080802891432,7.70999257554e-09,13.779449349151895,5659.13456672197,5645.355117372818,1.0623945299609598e-07,207.46297587975923
2182,87.28,207.967555628063,6.71353478827743,-218.501544690442,-13.646699124928,433.402264655156,0,0,0,0,-17.7338913219424,-14.7858954280222,-4.66081981906364e-05,0.0001146538998291,-0.953739087260401,0.0011097553978019,7.70062667701e-09,13.730212965761792,5659.085431671695,5645.355218705933,1.057312450593707e-07,207.46297960368256
2183,87.32,207.965750502638,6.71217398662435,-218.497618456218,-13.6466354026717,433.397830374904,0,0,0,0,-17.7338086581889,-14.7835983792792,-4.66100786504191e-05,0.0001146548283194,-0.987971209618239,0.0011113776748896,7.69120741902e-09,13.680991392821289,5659.036311706976,5645.3553203141555,1.0522334330931041e-07,207.46298333771588
2184,87.36,207.963943038613,6.71082548110379,-218.493724318204,-13.6465722961789,433.393414171892,0,0,0,0,-17.7337267943614,-14.7813303398669,-4.66119582608442e-05,0.000114655761512,-1.02212942701201,0.0011129474293696,7.68173310197e-09,13.631705910104273,5658.987128105711,5645.355422195607,1.0471512733036174e-07,207.46298708179023
2185,87.4,207.962130622875,6.7094865138832,-218.489862643296,-13.6465098099824,433.38901656227,0,0,0,0,-17.7336457363556,-14.7790943605182,-4.66138370567773e-05,0.0001146566994798,-1.0562114212299,0.0011144649808841,7.67220324473e-09,13.582285413116791,5658.937809761473,5645.355524348356,1.0420605501685363e-07,207.46299083583452
2186,87.44,207.960310977197,6.70815465833324,-218.486033795338,-13.6464479486144,433.384638062817,0,0,0,0,-17.733565490066,-14.7768931562637,-4.66157150731607e-05,0.0001146576422969,-1.09021487970761,0.0011159306596239,7.66261861689e-09,13.532667910158645,5658.888294680545,5645.355626770386,1.0369567385915193e-07,207.46299459977473
2187,87.48,207.958482207574,6.7068278684044,-218.482238135087,-13.6463867166046,433.380279190862,0,0,0,0,-17.7334860613848,-14.7747290552785,-4.66175923459487e-05,0.0001146585900367,-1.12413749568268,0.001117344806194,7.65298125644e-09,13.482801864769902,5658.838531324429,5645.355729459659,1.0318363074504073e-07,207.46299837353595
2188,87.52,207.956642847823,6.70550452226895,-218.478476020188,-13.6463261184788,433.375940464221,0,0,0,0,-17.7334074561992,-14.7726039535734,-4.66194689105948e-05,0.000114659542774,-1.15797696834846,0.0011187077714775,7.64329447358e-09,13.432647382147314,5658.788479796251,5645.355832414103,1.0266968028625002e-07,207.463002157042
2189,87.56,207.954791897149,6.70418345993025,-218.47474780514,-13.6462661587579,433.371622401117,0,0,0,0,-17.7333296803897,-14.77051927619,-4.66213448036294e-05,0.0001146605005828,-1.19173100300757,0.0011200199164971,7.63356284078e-09,13.382177231448864,5658.738112862994,5645.355935631545,1.0215369162251684e-07,207.4630059502131
2190,87.6,207.952928850813,6.70286401393664,-218.471053841279,-13.6462068419555,433.367325520111,0,0,0,0,-17.7332527398281,-14.7684759456064,-4.66232200615614e-05,0.0001146614635383,-1.22539731122493,0.0011212816122733,7.62379216938e-09,13.331377680203726,5658.68741679001,5645.356039109806,1.0163565354023357e-07,207.46300975296907
2191,87.64,207.951053722686,6.70154603197796,-218.46739447674,-13.646148172577,433.363050340026,0,0,0,0,-17.7331766403755,-14.7664743580691,-4.66250947215219e-05,0.0001146624317155,-1.25897361098041,0.0011224932396807,7.6139894722e-09,13.280249108146673,5658.636391954746,5645.356142846599,1.011156776675159e-07,207.46301356522594
2192,87.68,207.949167058625,6.70022989030791,-218.463770056435,-13.6460901551179,433.35879737987,0,0,0,0,-17.7331013878803,-14.7645143686626,-4.66269688207672e-05,0.0001146634051895,-1.29245762682087,0.0011236551893009,7.60416291172e-09,13.228806371143177,5658.58505321073,5645.356246839587,1.0059399953870536e-07,207.46301738689777
2193,87.72,207.947269940116,6.69891649743446,-218.460180922023,-13.6460327940621,433.354567158767,0,0,0,0,-17.7330269881762,-14.762595285906,-4.66288423969586e-05,0.0001146643840359,-1.32584709001186,0.001124767861274,7.59432173274e-09,13.177078900238852,5658.533429986694,5645.356351086455,1.0007097742608482e-07,207.46302121789955
2194,87.76,207.945363977959,6.6976072878548,-218.456627411889,-13.6459760938804,433.350360195874,0,0,0,0,-17.7329534470799,-14.7607158766734,-4.66307154882212e-05,0.0001146653683303,-1.35913973868872,0.0011258316651464,7.58447617877e-09,13.125110530037233,5658.481566114739,5645.3564555847015,9.954708891380319e-08,207.46302505813932
2195,87.8,207.943451295664,6.69630420549391,-218.453109861109,-13.6459200590291,433.346177010309,0,0,0,0,-17.7328807703892,-14.7588743820676,-4.66325881325294e-05,0.0001146663581485,-1.39233331800726,0.001126847019717,7.5746373909e-09,13.072959046609826,5658.429519378514,5645.356560331904,9.902292515421794e-08,207.46302890752804
2196,87.84,207.941534501855,6.69500967616448,-218.449628601434,-13.6458646939482,433.342018121073,0,0,0,0,-17.7328089638812,-14.7570685447141,-4.66344603689029e-05,0.0001146673535665,-1.4254255802939,0.0011278143528811,7.56481728862e-09,13.02069543681561,5658.377360762294,5645.356665325478,9.849918269540658e-08,207.46303276597078
2197,87.88,207.939616650984,6.69372656832902,-218.446183961256,-13.6458100030596,433.337884046971,0,0,0,0,-17.7327380333097,-14.7552956477102,-4.66363322362563e-05,0.0001146683546601,-1.45841428519528,0.0011287341014722,7.5550284319e-09,12.968402819138479,5658.3251733819525,5645.356770562814,9.797665275513972e-08,207.46303663337156
2198,87.92,207.937701192166,6.69245814198499,-218.442776265589,-13.6457559907661,433.333775306536,0,0,0,0,-17.7326679844035,-14.7535525652101,-4.66382037736203e-05,0.0001146693615056,-1.49129719982738,0.0011296067111004,7.54528386474e-09,12.916175051443897,5658.2730510926895,5645.356876041245,9.745620794515174e-08,207.46304050963244
2199,87.96,207.935791906796,6.69120798633581,-218.439405836037,-13.6457026614492,433.329692417947,0,0,0,0,-17.7325988228641,-14.7518358242744,-4.66400750206943e-05,0.0001146703741789,-1.52407209892407,0.0011304326359903,7.5355969408e-09,12.864115033505454,5658.2210967915025,5645.356981757997,9.693878662307461e-08,207.46304439465146
2200,88.0,207.933892836208,6.68997994749904,-218.436072990778,-13.6456500194678,433.325635898954,0,0,0,0,-17.7325305543637,-14.7501416772485,-4.66419460171082e-05,0.0001146713927562,-1.55673676498513,0.0011312123388152,7.52598113252e-09,12.812332738342727,5658.169420448691,5645.357087710348,9.642537517803123e-08,207.46304828832857
2201,88.04,207.932008200698,6.68877804759117,-218.432778044533,-13.6455980691566,433.321606266797,0,0,0,0,-17.7324631845432,-14.7484661835131,-4.66438168031818e-05,0.0001146724173136,-1.58928898842371,0.0011319462905295,7.51644982602e-09,12.760943009024237,5658.118136904359,5645.357193895335,9.591698858098659e-08,207.4630521905549
2202,88.08,207.930142311178,6.6876063964243,-218.429521308544,-13.6455468148243,433.317604038122,0,0,0,0,-17.7323967190097,-14.7468052990994,-4.66456874190898e-05,0.0001146734479276,-1.62172656771322,0.0011326349702001,7.50701610492e-09,12.710063154296593,5658.067363464397,5645.357300310101,9.541464951013414e-08,207.46305610122545
2203,88.12,207.928299474867,6.68646909726467,-218.426303090551,-13.645496260752,433.313629728906,0,0,0,0,-17.7323311633346,-14.7451549722607,-4.66475579053543e-05,0.0001146744846738,-1.65404730953364,0.0011332788648341,7.49769252685e-09,12.659810382605269,5658.017217334203,5645.357406951598,9.491936640867378e-08,207.46306002022823
2204,88.16,207.926483897184,6.6853701487713,-218.42312369477,-13.6454464111915,433.309683854374,0,0,0,0,-17.7322665230516,-14.743511242741,-4.66494283029651e-05,0.0001146755276285,-1.68624902891729,0.0011338784692065,7.48849089752e-09,12.610299132249446,5657.9678129490585,5645.357513816809,9.443211097400834e-08,207.46306394745233
2205,88.2,207.924699582644,6.6843133459571,-218.419983421866,-13.6453972703639,433.305766928917,0,0,0,0,-17.7322028036542,-14.7418703421561,-4.66512986528261e-05,0.0001146765768677,-1.71832954939394,0.0011344342856842,7.47942204753e-09,12.561638374815361,5657.919259277365,5645.35762090255,9.395379571641303e-08,207.46306788278073
2206,88.24,207.922950237918,6.68330218330098,-218.416882568934,-13.6453488424578,433.301879466009,0,0,0,0,-17.7321400105941,-14.7402287927357,-4.66531689963022e-05,0.0001146776324668,-1.75028670313537,0.0011349468240493,7.47049561771e-09,12.513928977086842,5657.871657182779,5645.357728205692,9.348525228204262e-08,207.46307182609854
2207,88.28,207.921239179943,6.68233976291758,-218.413821429475,-13.6453011316275,433.298021978128,0,0,0,0,-17.7320781492782,-14.7385835015594,-4.66550393749752e-05,0.0001146786945018,-1.78211833109928,0.0011354166013193,7.46171985911e-09,12.467261200835992,5657.825096923752,5645.357835722916,9.302721118513251e-08,207.46307577728368
2208,88.32,207.919569251649,6.68142871034535,-218.410800293376,-13.6452541419915,433.294194976672,0,0,0,0,-17.7320172250672,-14.7369318473733,-4.66569098303639e-05,0.000114679763048,-1.81382228317261,0.0011358441415667,7.45310145345e-09,12.421712409447595,5657.779655860352,5645.357943450905,9.258028350320202e-08,207.46307973621427
2209,88.36,207.917942747772,6.68057110041476,-218.407819446886,-13.6452078776311,433.290398971874,0,0,0,0,-17.7319572432733,-14.7352717571279,-4.66587804047031e-05,0.000114680838181,-1.84539641831422,0.0011362299757364,7.4446453601e-09,12.377345049269659,5657.735396435525,5645.358051386255,9.21449450773885e-08,207.46308370276526
2210,88.4,207.91636135329,6.67976839574973,-218.404879172595,-13.645162342588,433.286634472723,0,0,0,0,-17.7318982091576,-14.7336017695735,-4.66606511398257e-05,0.0001146819199756,-1.87683860469692,0.0011365746414612,7.43635469464e-09,12.334204974398883,5657.692364499857,5645.358159525458,9.172152374809695e-08,207.4630876768077
2211,88.44,207.914826096961,6.67902140036285,-218.401979749416,-13.6451175408633,433.282901986877,0,0,0,0,-17.7318401279283,-14.7319210836976,-4.66625220779952e-05,0.0001146830085069,-1.90814671984885,0.0011368786828761,7.42823064366e-09,12.292320182303618,5657.65058804728,5645.358267864976,9.131019013814118e-08,207.4630916582116
2212,88.48,207.913337321879,6.67833023027336,-218.39912145256,-13.6450734764157,433.279202020582,0,0,0,0,-17.7317830047384,-14.7302295902637,-4.66643932619051e-05,0.0001146841038495,-1.93931865079425,0.0011371426504305,7.42027241907e-09,12.251700012666237,5657.6100764138555,5645.358376401189,9.091095236529088e-08,207.4630956468439
2213,88.52,207.91189467415,6.67769430224717,-218.396304553521,-13.6450301531595,433.275535078583,0,0,0,0,-17.7317268446837,-14.7285278853033,-4.66662647339316e-05,0.0001146852060777,-1.97035229419346,0.0011373671006997,7.4124772543e-09,12.212334839214195,5657.57081996964,5645.358485130426,9.052365488857521e-08,207.4630996425697
2214,88.56,207.910497110003,6.67711234096995,-218.393529320052,-13.6449875749634,433.271901664048,0,0,0,0,-17.7316716528003,-14.7268172648637,-4.66681365371175e-05,0.0001146863152655,-2.00124555648239,0.0011375525961932,7.40484044308e-09,12.17419626332904,5657.532790312176,5645.358594048847,9.014798152022371e-08,207.46310364524788
2215,88.6,207.909142921076,6.67658240439521,-218.390796016145,-13.6449457456485,433.268302278474,0,0,0,0,-17.7316174340626,-14.725099701029,-4.66700087139604e-05,0.0001146874314869,-2.03199635401116,0.0011376997051636,7.39735542058e-09,12.137237801895813,5657.495940954567,5645.358703152671,8.978346250888265e-08,207.4631076547395
2216,88.64,207.907829777153,6.67610192654547,-218.388104902017,-13.6449046689865,433.264737421611,0,0,0,0,-17.7315641933812,-14.7233777999676,-4.66718813078402e-05,0.0001146885548151,-2.06260261318214,0.0011378090014124,7.39001388461e-09,12.101396050426525,5657.4602084884045,5645.358812437978,8.942948549670177e-08,207.46311167090045
2217,88.68,207.906554785071,6.67566777648722,-218.385456234087,-13.6448643486986,433.26120759137,0,0,0,0,-17.7315119356004,-14.7216547435332,-4.66737543618823e-05,0.000114689685323,-2.09306227058728,0.0011378810640964,7.38280595363e-09,12.066592285974052,5657.425514186714,5645.35892190074,8.908531002661462e-08,207.4631156935828
2218,88.72,207.905314561849,6.67527633151894,-218.382850264958,-13.6448247884532,433.257713283741,0,0,0,0,-17.7314606654964,-14.7199342165259,-4.66756279195337e-05,0.0001146908230837,-2.12337327314466,0.0011379164775311,7.37572035678e-09,12.032734456991914,5657.391765993894,5645.359031536902,8.875008513675921e-08,207.4631197226375
2219,88.76,207.904105319411,6.67492356196383,-218.380287243399,-13.6447859918646,433.254254992711,0,0,0,0,-17.7314103877749,-14.7182203220808,-4.66775020238927e-05,0.0001146919681691,-2.15353357823444,0.0011379158309943,7.36874465042e-09,11.99971948879174,5657.358860831147,5645.359141342355,8.84228694411403e-08,207.46312375791348
2220,88.8,207.902922957876,6.67460512452619,-218.377767414329,-13.6447479624912,433.25083321017,0,0,0,0,-17.7313611070691,-14.7165174879618,-4.66793767185803e-05,0.0001146931206513,-2.18354115383395,0.0011378797185278,7.3618654546e-09,11.967435822202287,5657.326687135026,5645.359251312824,8.810265300821344e-08,207.46312779925373
2221,88.84,207.901763164209,6.67431646100668,-218.375291018799,-13.6447107038338,433.247448425835,0,0,0,0,-17.7313128279371,-14.7148303668867,-4.66812520473459e-05,0.0001146942806015,-2.21339397865215,0.0011378087387377,7.35506870252e-09,11.935766097863787,5657.295127541873,5645.359361444009,8.778838031268677e-08,207.46313184650015
2222,88.88,207.900621513058,6.67405289920581,-218.372858293971,-13.6446742193342,433.244101127158,0,0,0,0,-17.7312655548603,-14.7131637342738,-4.66831280536366e-05,0.0001146954480905,-2.24309004226329,0.0011377034945941,7.34833989588e-09,11.904589900169684,5657.264061631726,5645.359471731556,8.747897355033223e-08,207.4631358994928
2223,88.92,207.899493566726,6.67380975296575,-218.370469473109,-13.6446385123729,433.240791799242,0,0,0,0,-17.7312192922409,-14.7115223867539,-4.66850047815308e-05,0.000114696623189,-2.27262734523982,0.0011375645932301,7.3416643588e-09,11.873786477670494,5657.233368648698,5645.359582171028,8.717335562711238e-08,207.46313995806858
2224,88.96,207.898374971374,6.67358241844054,-218.368124785557,-13.6446035862683,433.237520924759,0,0,0,0,-17.7311740443996,-14.7099110444571,-4.6686882274469e-05,0.000114697805967,-2.30200389928457,0.001137392645739,7.3350274838e-09,11.843237360945173,5657.202930118798,5645.359692757853,8.687047217689711e-08,207.46314402205945
2225,89.0,207.897261546722,6.67336646386319,-218.365824456722,-13.6445694442743,433.234288983856,0,0,0,0,-17.7311298155737,-14.7083342596443,-4.66887605765471e-05,0.0001146989964937,-2.33121772736212,0.0011371882669721,7.32841496396e-09,11.812828803380789,5657.17263229081,5645.359803487429,8.656931200380931e-08,207.46314809129638
2226,89.04,207.896149366825,6.67315771039204,-218.363568708065,-13.6445360895792,433.231096454077,0,0,0,0,-17.7310866099152,-14.7067963339162,-4.66906397316246e-05,0.0001147001948382,-2.36026686382942,0.0011369520753345,7.32181300614e-09,11.782453979226625,5657.142368334331,5645.359914355105,8.626892542099244e-08,207.46315216560834
2227,89.08,207.895034830047,6.67295230215503,-218.36135775708,-13.6445035253036,433.227943810275,0,0,0,0,-17.7310444314877,-14.7053012459156,-4.66925197836274e-05,0.0001147014010686,-2.38914935456561,0.00113668469258,7.3152085212e-09,11.752014887765334,5657.112040243854,5645.360025356088,8.59684400771273e-08,207.4631562448193
2228,89.12,207.893914717058,6.67274676431296,-218.359191817278,-13.644471754499,433.224831524523,0,0,0,0,-17.7310032842655,-14.7038525910046,-4.66944007765845e-05,0.0001147026152527,-2.41786325710102,0.0011363867436064,7.30858928831e-09,11.721423931437243,5657.081560416947,5645.360136485509,8.566707401514818e-08,207.46316032875023
2229,89.16,207.892786236325,6.67253804861987,-218.35707109818,-13.6444407801463,433.221760066031,0,0,0,0,-17.7309631721304,-14.7024535337166,-4.66962827546161e-05,0.0001147038374578,-2.44640664074547,0.0011360588562481,7.30194409155e-09,11.690605153631878,5657.050852892127,5645.360247738496,8.53641458515305e-08,207.4631644172221
2230,89.2,207.891647056983,6.67232356636973,-218.354995805296,-13.6444106051537,433.218729901063,0,0,0,0,-17.7309240988703,-14.7011067731085,-4.66981657614016e-05,0.0001147050677502,-2.47477758671559,0.0011357016610707,7.29526282827e-09,11.659495133343903,5657.019854243329,5645.360359109985,8.50590820632071e-08,207.4631685100489
2231,89.24,207.8904953292,6.67210120882305,-218.352966140112,-13.6443812323556,433.215741492845,0,0,0,0,-17.7308860681766,-14.6998145207122,-4.67000498412349e-05,0.0001147063061961,-2.5029741882615,0.001135315791163,7.28853658964e-09,11.628043539115293,5656.988514134058,5645.360470594943,8.475142141848263e-08,207.46317260704555
2232,89.28,207.889329692355,6.67186935546126,-218.35098230008,-13.6443526645108,433.212795301485,0,0,0,0,-17.7308490836424,-14.6985784905593,-4.67019350378755e-05,0.0001147075528603,-2.53099455079252,0.0011349018819304,7.28175771475e-09,11.596213351706119,5656.956795539933,5645.360582188227,8.444081665055056e-08,207.46317670802316
2233,89.32,207.888149271884,6.67162687090388,-218.349044478602,-13.6443249043006,433.209891783883,0,0,0,0,-17.7308131487604,-14.6973999005026,-4.67038213954755e-05,0.0001147088078077,-2.55883679200213,0.0011344605708866,7.27491982006e-09,11.563980778351464,5656.924674662855,5645.360693884503,8.412703357523934e-08,207.46318081278562
2234,89.36,207.886953666192,6.67137309188641,-218.347152865018,-13.6442979543276,433.207031393651,0,0,0,0,-17.7307782669204,-14.6962794837108,-4.67057089579694e-05,0.000114710071102,-2.58649904199205,0.0011339924974458,7.26801780681e-09,11.531334896346682,5656.892140574866,5645.36080567852,8.380994797206944e-08,207.46318492113997
2235,89.4,207.885742925288,6.67110780597165,-218.345307644594,-13.6442718171141,433.204214581024,0,0,0,0,-17.730744441408,-14.6952175088545,-4.6707597769096e-05,0.0001147113428064,-2.61397944339548,0.001133498302714,7.26104784936e-09,11.498277071948282,5656.8591946367815,5645.3609175648335,8.348954061083702e-08,207.46318903288622
2236,89.44,207.884517522662,6.67083122349404,-218.343508998508,-13.6442464951002,433.201441792776,0,0,0,0,-17.7307116754016,-14.6942138074376,-4.67094878729219e-05,0.0001147126229834,-2.64127615149952,0.00113297862928,7.25400736744e-09,11.46482019491761,5656.82584973292,5645.361029538002,8.316589076359323e-08,207.46319314782428
2237,89.48,207.883278321543,6.67054394389099,-218.341757103841,-13.6442219906424,433.198713472135,0,0,0,0,-17.7306799719713,-14.6932678068805,-4.67113793132892e-05,0.0001147139116946,-2.6683873343666,0.0011324341210068,7.24689498532e-09,11.430987760490362,5656.792129352939,5645.361141592449,8.283916847907865e-08,207.4631972657493
2238,89.52,207.882026536602,6.67024691747924,-218.340052133566,-13.6441983060122,433.196030058701,0,0,0,0,-17.730649334076,-14.6923785681338,-4.67132721337993e-05,0.000114715209001,-2.69531117295523,0.001131865422823,7.23971048062e-09,11.396812827180483,5656.758066549721,5645.36125372254,8.250962586794879e-08,207.4632013864542
2239,89.56,207.880763692399,6.66994140397118,-218.338394256534,-13.6441754433943,433.193391988357,0,0,0,0,-17.730619764562,-14.6915448265779,-4.6715166378242e-05,0.000114716514963,-2.72204586123968,0.0011312731805134,7.23245472515e-09,11.362336886119891,5656.723702808655,5645.361365922535,8.217758769510963e-08,207.46320550972797
2240,89.6,207.879491580067,6.66962892922886,-218.336783637466,-13.6441534048852,433.190799693189,0,0,0,0,-17.7305912661608,-14.6907650349443,-4.67170620900281e-05,0.0001147178296397,-2.74858960632888,0.0011306580405109,7.22512962007e-09,11.327608682288453,5656.689086868953,5645.3614781866645,8.184344160629389e-08,207.46320963535868
2241,89.64,207.87821221351,6.66931124153995,-218.335220436939,-13.6441321924917,433.188253601401,0,0,0,0,-17.7305638414868,-14.6900374070975,-4.67189593127807e-05,0.0001147191530898,-2.77494062858443,0.0011300206496874,7.21773802696e-09,11.292683022736922,5656.654273531735,5645.361590508998,8.15076282679146e-08,207.46321376312835
2242,89.68,207.876927785858,6.66899026813918,-218.333704811383,-13.6441118081292,433.185754137231,0,0,0,0,-17.7305374930361,-14.6893599618787,-4.67208580897886e-05,0.0001147204853712,-2.80109716173762,0.001129361655145,7.21028369601e-09,11.257619591449453,5656.619322475107,5645.361702883657,8.117063158137402e-08,207.46321789282092
2243,89.72,207.875640626433,6.66866807224983,-218.332236913065,-13.6440922536204,433.183301720869,0,0,0,0,-17.7305122231836,-14.6887305665238,-4.67227584646765e-05,0.0001147218265405,-2.82705745300562,0.0011286817040077,7.20277119205e-09,11.222481778628149,5656.584297083151,5645.361815304523,8.083296904063025e-08,207.46322202421157
2244,89.76,207.874353158494,6.6683468108966,-218.330816890082,-13.6440735306938,433.180896768373,0,0,0,0,-17.7304880341818,-14.6881469792674,-4.67246604802207e-05,0.0001147231766542,-2.85281976320674,0.0011279814432128,7.19520581863e-09,11.18733553054942,5656.5492632960995,5645.36192776555,8.049518228355474e-08,207.46322615707814
2245,89.8,207.873067858216,6.66802869396399,-218.329444886352,-13.6440556409821,433.178539691587,0,0,0,0,-17.7304649281584,-14.6876068907334,-4.67265641798551e-05,0.0001147245357672,-2.87838236687473,0.0011272615193029,7.18759354024e-09,11.152248233625064,5656.514288494109,5645.362040260484,8.015782793929834e-08,207.46323029119074
2246,89.84,207.871787215438,6.66771594500825,-218.328121041608,-13.6440385860209,433.176230898059,0,0,0,0,-17.7304429071148,-14.6871079637494,-4.67284696060983e-05,0.0001147259039343,-2.9037435523722,0.001126522578219,7.17994090249e-09,11.117287646083236,5656.479440429149,5645.3621527830655,7.982146886797323e-08,207.4632344263194
2247,89.88,207.870513696347,6.66741076401885,-218.326845491385,-13.6440223672471,433.173970790961,0,0,0,0,-17.7304219729239,-14.6866478714988,-4.67303768019733e-05,0.0001147272812084,-2.92890162200302,0.0011257652650938,7.17225494993e-09,11.082520882602825,5656.444786209585,5645.362265326982,7.948666582804934e-08,207.46323856223208
2248,89.92,207.869249707948,6.66711529195847,-218.325618367017,-13.6440069859975,433.171759769004,0,0,0,0,-17.7304021273284,-14.6862243340776,-4.6732285810068e-05,0.0001147286676425,-2.95385489212387,0.0011249902240447,7.16454314092e-09,11.04801344757454,5656.41039133336,5645.3623778857855,7.915396953371414e-08,207.46324269869183
2249,89.96,207.86799756408,6.66683157685098,-218.324439795624,-13.6439924435076,433.16959822636,0,0,0,0,-17.7303833719388,-14.6858351535289,-4.67341966729011e-05,0.0001147300632881,-2.97860169325479,0.0011241980979689,7.1568132593e-09,11.013828310240328,5656.376318763241,5645.362490453001,7.882391305050972e-08,207.46324683546072
2250,90.0,207.866759453003,6.66656154144215,-218.323309900112,-13.64397874091,433.167486552582,0,0,0,0,-17.7303657082319,-14.6854782472446,-4.67361094325508e-05,0.0001147314681959,-3.00314037018874,0.0011233895283377,7.14907332284e-09,10.980025022826785,5656.342628044814,5645.3626030219875,7.849700453598747e-08,207.46325097229473
2251,90.04,207.86553740684,6.66630695271128,-218.32222879916,-13.6439658792329,433.165425132522,0,0,0,0,-17.7303491375486,-14.6851516795107,-4.67380241314628e-05,0.0001147328824158,-3.02746928210026,0.0011225651549924,7.14133148854e-09,10.946658888856367,5656.309374474962,5645.362715586106,7.817372037556071e-08,207.46325510894982
2252,90.08,207.864333273175,6.66606939353979,-218.321196607218,-13.6439538593993,433.163414346253,0,0,0,0,-17.7303336610927,-14.6848536910166,-4.67399408112776e-05,0.0001147343059967,-3.0515868026531,0.0011217256159404,7.13359595543e-09,10.91378019037124,5656.276608329008,5645.362828138636,7.785449877986686e-08,207.46325924517907
2253,90.12,207.863148689021,6.66585023675331,-218.320213434498,-13.6439426822248,433.16145456899,0,0,0,0,-17.7303192799283,-14.6845827261326,-4.6741859513947e-05,0.0001147357389862,-3.07549132010693,0.0011208715471524,7.12587486576e-09,10.881433479566484,5656.244374152344,5645.362940672778,7.753973388802064e-08,207.4632633807325
2254,90.16,207.861985057424,6.66565062179701,-218.319279386967,-13.6439323484171,433.159546171011,0,0,0,0,-17.730305994979,-14.6843374576014,-4.67437802809656e-05,0.0001147371814316,-3.09918123742296,0.0011200035823612,7.11817620581e-09,10.849656942152519,5656.212710123797,5645.363053181644,7.722977043656646e-08,207.46326751535713
2255,90.2,207.860843527179,6.66547143452113,-218.318394566349,-13.6439228585743,433.157689517581,0,0,0,0,-17.7302938070255,-14.6841168080291,-4.67457031537117e-05,0.0001147386333783,-3.1226549723687,0.0011191223528603,7.11050770811e-09,10.818481845399345,5656.181647503669,5645.36316565827,7.692489909873524e-08,207.46327164879693
2256,90.24,207.859724976332,6.66531329075442,-218.31755907011,-13.6439142131835,433.155884968871,0,0,0,0,-17.7302827167043,-14.6839199674563,-4.67476281733067e-05,0.0001147400948716,-3.14591095762162,0.0011182284873045,7.1028767572e-09,10.787932089175905,5656.151210184811,5645.363278095635,7.662535263872001e-08,207.46327578079394
2257,90.28,207.858630000179,6.66517652437297,-218.316772991461,-13.6439064126201,433.154132879887,0,0,0,0,-17.7302727245062,-14.6837464063752,-4.67495553804699e-05,0.0001147415659554,-3.16894764087186,0.0011173226115105,7.09529030112e-09,10.758023879413436,5656.121414366051,5645.363390486637,7.633130303241227e-08,207.4632799110871
2258,90.32,207.857558904389,6.66506118049644,-218.316036419351,-13.6438994571459,433.152433600389,0,0,0,0,-17.730263830774,-14.6835958836207,-4.67514848163394e-05,0.0001147430466725,-3.19176348492388,0.0011164053482595,7.08775477094e-09,10.728765540972782,5656.092268365067,5645.363502824094,7.604285968829964e-08,207.46328403941254
2259,90.36,207.856511703855,6.66496701440542,-218.315349438459,-13.6438933469081,433.150787474817,0,0,0,0,-17.7302560357018,-14.6834684485271,-4.67534165207913e-05,0.0001147445370648,-3.21435696779714,0.0011154773171003,7.08027601068e-09,10.700157486324084,5656.063772587117,5645.363615100792,7.576006889732061e-08,207.46328816550513
2260,90.4,207.855488127836,6.66489349675714,-218.3147121292,-13.6438880819383,433.149194842217,0,0,0,0,-17.7302493393327,-14.6833644366609,-4.67553505343738e-05,0.0001147460371729,-3.23672658282572,0.0011145391341544,7.07285921977e-09,10.672192355631,5656.035919664962,5645.363727309332,7.548291463156365e-08,207.46329228909295
2261,90.44,207.854487631844,6.66483982553753,-218.314124567711,-13.6438836621514,433.147656036168,0,0,0,0,-17.7302437415577,-14.6832844585707,-4.67572868969878e-05,0.000114747547037,-3.25887083875693,0.0011135914119218,7.06550890999e-09,10.6448553398859,5656.008694782333,5645.363839442447,7.521132078092472e-08,207.46329640990896
2262,90.48,207.853509416388,6.66480494487961,-218.313586825854,-13.6438800873438,433.146171384706,0,0,0,0,-17.730239242114,-14.683229381461,-4.67592256482099e-05,0.0001147490666954,-3.28078825984887,0.0011126347590892,7.05822887818e-09,10.618124691368276,5655.982076183968,5645.3639514926,7.494515485771173e-08,207.46330052767615
2263,90.52,207.852552452395,6.66478757054909,-218.313098971213,-13.6438773571932,433.144741210252,0,0,0,0,-17.7302358405839,-14.6832003040739,-4.67611668275646e-05,0.0001147505961861,-3.30247738596699,0.0011116697803385,7.05102219541e-09,10.591972415058812,5655.956035867367,5645.364063452308,7.468423311835034e-08,207.4633046421196
2264,90.56,207.851615512879,6.66478622168644,-218.312661067091,-13.6438754712566,433.14336582954,0,0,0,0,-17.7302335363927,-14.6831985252659,-4.67631104743732e-05,0.0001147521355455,-3.3239367726795,0.0011106970761577,7.04389121256e-09,10.566365130614475,5655.930540444539,5645.3641753139245,7.442832701650074e-08,207.4633087529582
2265,90.6,207.850697210297,6.66479925822412,-218.312273172505,-13.6438744289701,433.142045553548,0,0,0,0,-17.7302323288078,-14.6832255068081,-4.67650566271216e-05,0.0001147536848092,-3.34516499135184,0.0011097172426523,7.03683758198e-09,10.541265088632128,5655.905552158515,5645.364287069883,7.417717085927301e-08,207.46331285991397
2266,90.64,207.849796038674,6.66482492308722,-218.311935342192,-13.643874229647,433.140780687425,0,0,0,0,-17.7302322169374,-14.6832828312045,-4.6767005324687e-05,0.0001147552440115,-3.36616062924002,0.0011087308713593,7.02986229377e-09,10.516631317227494,5655.881030029629,5645.364398712401,7.393047047417931e-08,207.46331696270087
2267,90.68,207.84891041919,6.66486138784234,-218.311647626597,-13.6438748724774,433.139571530422,0,0,0,0,-17.7302331997286,-14.6833721557976,-4.67689566050896e-05,0.0001147568131858,-3.38692228958294,0.0011077385490621,7.02296572494e-09,10.492420862302897,5655.856931096001,5645.364510233698,7.368791260510632e-08,207.46332106103296
2268,90.72,207.848038747544,6.66490680013189,-218.311410071882,-13.6438763565269,433.138418375822,0,0,0,0,-17.7302352759669,-14.6834951649148,-4.67709105065379e-05,0.0001147583923643,-3.40744859169358,0.0011067408576081,7.01614769862e-09,10.468590076441767,5655.8332117023765,5645.364621625935,7.344917468795332e-08,207.46332515462223
2269,90.76,207.847179441435,6.66495933121726,-218.31122271992,-13.6438786807358,433.137321510873,0,0,0,0,-17.7302384442741,-14.6836535218663,-4.67728670667801e-05,0.000114759981578,-3.42773817104916,0.0011057383737274,7.00940755052e-09,10.445095910932448,5655.809828792152,5645.364732881219,7.321393465718178e-08,207.46332924317855
2270,90.8,207.846330986633,6.66501722212061,-218.311085608293,-13.643881843918,433.136281216723,0,0,0,0,-17.7302427031077,-14.6838488223884,-4.67748263230536e-05,0.000114761580857,-3.44778967938021,0.0011047316688537,7.00274419931e-09,10.421897169451169,5655.786741161031,5645.3648439915805,7.298188046025293e-08,207.46333332640904
2271,90.84,207.845491980188,6.66507882689825,-218.310998770298,-13.6438858447601,433.135297768348,0,0,0,0,-17.7302480507595,-14.6840825509467,-4.67767883124544e-05,0.0001147631902302,-3.46760178475854,0.0011037213089468,6.99615621776e-09,10.398955683838798,5655.763910632801,5645.364954948962,7.275271897468888e-08,207.46333740401764
2272,90.88,207.844661169159,6.66514265143123,-218.310962234942,-13.6438906818207,433.13437143449,0,0,0,0,-17.7302544853541,-14.684356041414,-4.67787530715385e-05,0.0001147648097253,-3.48717317168411,0.0011027078543166,6.98964190169e-09,10.376237367916204,5655.741303113197,5645.365065745281,7.252618399560071e-08,207.4633414757073
2273,90.92,207.843837483199,6.66520738607834,-218.310976026944,-13.6438963535292,433.133502477594,0,0,0,0,-17.7302620048484,-14.6846704437516,-4.67807206371075e-05,0.0001147664393685,-3.50650254117086,0.0011016918594498,6.98319933325e-09,10.35371310419445,5655.718889476597,5645.365176372402,7.230204295077205e-08,207.46334554117905
2274,90.96,207.84302005971,6.66527193089538,-218.31104016674,-13.6439028581854,433.13269115374,0,0,0,0,-17.7302706070302,-14.6850266981166,-4.67826910448649e-05,0.0001147680791859,-3.52558861083131,0.0011006738728381,6.97682643633e-09,10.331359428404426,5655.6966462505125,5645.365286822108,7.208010208620956e-08,207.4633496001309
2275,91.0,207.842208260905,6.665335412757,-218.311154670475,-13.6439101939582,433.131937712581,0,0,0,0,-17.7302802895169,-14.6854255171845,-4.6784664330732e-05,0.0001147697292013,-3.5444301149602,0.0010996544368094,6.97052102169e-09,10.309158993750303,5655.674556079875,5645.365397086125,7.186020998278413e-08,207.46335365225883
2276,91.04,207.841401682577,6.66539719419102,-218.311319550013,-13.6439183588854,433.131242397285,0,0,0,0,-17.730291049755,-14.685867376961,-4.67866405300733e-05,0.000114771389438,-3.56302580461693,0.0010986340873603,6.96428082081e-09,10.287100809444539,5655.652607965652,5645.365507156208,7.164225936789044e-08,207.4633576972598
2277,91.08,207.840600154488,6.66545687383061,-218.311534812938,-13.6439273508723,433.130605444467,0,0,0,0,-17.7303028850188,-14.6863525160916,-4.67886196779416e-05,0.000114773059918,-3.58137444770687,0.0010976133539918,6.95810350756e-09,10.265180251483583,5655.630797275432,5645.365617023948,7.142618721057437e-08,207.46336173482484
2278,91.12,207.839803732282,6.66551427838692,-218.311800462549,-13.6439371676918,433.130027084136,0,0,0,0,-17.7303157924095,-14.6868809436452,-4.67906018089116e-05,0.0001147747406622,-3.5994748290616,0.0010965927595462,6.95198670777e-09,10.24339884245335,5655.609125523367,5645.365726680913,7.1211973090187e-08,207.463365764644
2279,91.16,207.839012681143,6.6655694463686,-218.312116497873,-13.6439478069828,433.12950753963,0,0,0,0,-17.7303297688544,-14.6874524551471,-4.67925869572785e-05,0.0001147764316903,-3.61732575051797,0.0010955728200469,6.94592799698e-09,10.221763806840746,5655.587599925478,5645.365836118637,7.099963589761036e-08,207.46336978640622
2280,91.2,207.838227452089,6.66562260443499,-218.312482913658,-13.6439592662504,433.129047027562,0,0,0,0,-17.7303448111061,-14.6880666560419,-4.67945751570807e-05,0.0001147781330206,-3.6349260309961,0.0010945540445397,6.93992488776e-09,10.20028742596056,5655.566232754591,5645.36594532863,7.0789229061001e-08,207.46337379979946
2281,91.24,207.837448652321,6.66567413780838,-218.312899700384,-13.6439715428645,433.128645757761,0,0,0,0,-17.7303609157415,-14.6887229913031,-4.67965664418875e-05,0.0001147798446704,-3.65227450657612,0.0010935369349376,6.93397480831e-09,10.178986231165089,5655.545040533487,5645.366054302322,7.058083459043882e-08,207.4633778045088
2282,91.28,207.836677011103,6.66572455620818,-218.31336684426,-13.6439846340601,433.128303933215,0,0,0,0,-17.7303780791613,-14.6894207797235,-4.67985608448587e-05,0.000114781566656,-3.6693700305739,0.0010925219858673,6.92807507462e-09,10.157880075364437,5655.52404310645,5645.366163031086,7.037455624867169e-08,207.46338180021723
2283,91.32,207.835913342331,6.66577445648085,-218.313884327233,-13.6439985369358,433.128021750018,0,0,0,0,-17.730396297589,-14.6901592516205,-4.68005583988193e-05,0.0001147832989923,-3.68621147361553,0.0010915096845195,6.92222285865e-09,10.136991114422715,5655.503262620719,5645.3662715062965,7.017051209592479e-08,207.46338578660772
2284,91.36,207.835158504872,6.66582448299855,-218.314452126987,-13.6440132484542,433.127799397315,0,0,0,0,-17.7304155670705,-14.6909375887729,-4.68025591362247e-05,0.000114785041693,-3.70279772371073,0.0010905005105002,6.91641515494e-09,10.116342728008904,5655.482722447255,5645.366379719246,6.996882664050129e-08,207.46338976336028
2285,91.4,207.834413362056,6.66587528720302,-218.315070216952,-13.6440287654405,433.127637057246,0,0,0,0,-17.7304358834732,-14.6917549651721,-4.68045630891549e-05,0.000114786794771,-3.719127686325,0.0010894949356859,6.91064874825e-09,10.095958417263608,5655.462446078464,5645.366487661201,6.976962288080015e-08,207.46339373015402
2286,91.44,207.833678742039,6.66592748802756,-218.315738566306,-13.644045084583,433.1275349049,0,0,0,0,-17.7304572424857,-14.6926105869313,-4.68065702891795e-05,0.0001147885582372,-3.73520028445074,0.00108849342408,6.90492018497e-09,10.075860726248576,5655.442456049618,5645.366595323369,6.957301459001639e-08,207.46339768666576
2287,91.48,207.832955400711,6.66598163486223,-218.316457139979,-13.6440622024318,433.127493108259,0,0,0,0,-17.7304796396171,-14.6935037297611,-4.68085807675271e-05,0.0001147903321023,-3.7510144586771,0.0010874964316726,6.89922575076e-09,10.056070232594767,5655.422772929532,5645.366702696937,6.937909917883099e-08,207.46340163257162
2288,91.52,207.832243988318,6.66603817422555,-218.317225898661,-13.6440801153992,433.127511828152,0,0,0,0,-17.7305030701964,-14.6944337728192,-4.68105945549632e-05,0.0001147921163752,-3.76656916725868,0.0010865044063032,6.89356145646e-09,10.03660463921349,5655.403414412301,5645.366809773087,6.918795137156113e-08,207.4634055675476
2289,91.56,207.831545020482,6.66609742084295,-218.318044798806,-13.6440988197586,433.127591218204,0,0,0,0,-17.7305275293722,-14.6954002281408,-4.68126116822648e-05,0.0001147939110636,-3.78186338618313,0.0010855177875254,6.88792303374e-09,10.01747798581931,5655.3843945287135,5645.366916542895,6.899961783377227e-08,207.4634094912657
2290,91.6,207.830858854273,6.6661595337699,-218.318913792638,-13.644118311645,433.127731424787,0,0,0,0,-17.7305530121124,-14.696402764923,-4.68146321790414e-05,0.0001147957161743,-3.79689610923743,0.0010845370064759,6.88230594191e-09,9.998699997707144,5655.3657229951405,5645.367022997433,6.881411287919516e-08,207.46341340339785
2291,91.64,207.830185670132,6.66622449836396,-218.319832828156,-13.6441385870538,433.127932586977,0,0,0,0,-17.7305795132036,-14.6974412278352,-4.68166560752813e-05,0.0001147975317128,-3.81166634807318,0.0010835624857455,6.87670538635e-09,9.98027559382484,5655.347404721631,5645.367129127807,6.863141540527075e-08,207.4634173036172
2292,91.68,207.829525460359,6.66629211483282,-218.320801849141,-13.6441596418416,433.128194836508,0,0,0,0,-17.7306070272508,-14.6985156487034,-4.68186833997736e-05,0.0001147993576832,-3.82617313227049,0.0010825946392527,6.87111634918e-09,9.962204573706174,5655.329439498657,5645.367234924951,6.845146719060626e-08,207.46342119159056
2293,91.72,207.828878024436,6.66636199359779,-218.321820795164,-13.644181471725,433.128518297727,0,0,0,0,-17.7306355486774,-14.6996262513484,-4.68207141816053e-05,0.0001148011940886,-3.84041550940087,0.0010816338721211,6.86553363163e-09,9.9444814899583,5655.3118218698455,5645.3673403798875,6.827417258716934e-08,207.46342506698804
2294,91.76,207.828242970823,6.66643355714439,-218.322889601592,-13.6442040722813,433.128903087551,0,0,0,0,-17.7306650717249,-14.700773449893,-4.68227484491228e-05,0.000114803040931,-3.8543925450888,0.0010806805805584,6.85995190726e-09,9.927095697269452,5655.294541180851,5645.367445483582,6.809939952919472e-08,207.4634289294776
2295,91.8,207.827619724677,6.66650604779259,-218.324008199594,-13.6442274389477,433.129349315426,0,0,0,0,-17.7306955904523,-14.70195784101,-4.68247862300048e-05,0.0001148048982111,-3.86810332307216,0.0010797351517393,6.85436578456e-09,9.910031562426436,5655.2775817894,5645.367550226973,6.792698173100182e-08,207.4634327787263
2296,91.84,207.827007541015,6.66657854090071,-218.32517651615,-13.6442515670216,433.129857083285,0,0,0,0,-17.7307270987368,-14.7031801905718,-4.68268275519164e-05,0.0001148067659282,-3.88154694526147,0.0010787979636918,6.84876987718e-09,9.893268822525277,5655.260923423471,5645.367654600946,6.775672196260537e-08,207.46343661439903
2297,91.88,207.82640552284,6.66664996304595,-218.326394474058,-13.6442764516605,433.130426485513,0,0,0,0,-17.730759590273,-14.7044414151888,-4.68288724417522e-05,0.0001148086440809,-3.89472253179786,0.0010778693851858,6.84315887978e-09,9.876783078123202,5655.244541674531,5645.367758596408,6.758839628723777e-08,207.46344043616182
2298,91.92,207.825812643531,6.66671911445399,-218.327661991944,-13.6443020878816,433.131057608902,0,0,0,0,-17.7307930585731,-14.7057425594157,-4.68309209263841e-05,0.000114810532666,-3.90762922110991,0.0010769497756258,6.83752764723e-09,9.86054640255596,5655.228408606803,5645.367862204247,6.742175910526884e-08,207.46344424367973
2299,91.96,207.825227772351,6.66678469455916,-218.328978984267,-13.6443284705627,433.131750532621,0,0,0,0,-17.7308274969672,-14.7070847697805,-4.68329730317756e-05,0.0001148124316797,-3.92026616996923,0.0010760394849461,6.83187127442e-09,9.84452803610029,5655.212493451364,5645.367965415264,6.725654875954399e-08,207.46344803661466
2300,92.0,207.824649701829,6.66684532942333,-218.330345361329,-13.6443555944412,433.132505328176,0,0,0,0,-17.7308628986031,-14.7084692668727,-4.6835028783801e-05,0.0001148143411166,-3.93263255354485,0.0010751388535092,6.82618517429e-09,9.828695130940021,5655.196763351254,5645.368068220314,6.709249344342488e-08,207.4634518146306
2301,92.04,207.824077175897,6.66689959991986,-218.331761029287,-13.6443834541149,433.133322059379,0,0,0,0,-17.7308992564464,-14.7098973165475,-4.68370882075849e-05,0.0001148162609704,-3.94472756545636,0.0010742482120072,6.82046515143e-09,9.813013516894483,5655.181184127124,5645.368170610229,6.692931717897944e-08,207.46345557739062
2302,92.08,207.823508917956,6.66694606984422,-218.333225890156,-13.6444120440422,433.13420078231,0,0,0,0,-17.7309365632808,-14.7113702011067,-4.68391513281344e-05,0.0001148181912334,-3.95655041782589,0.0010733678813665,6.81470746921e-09,9.797448465160448,5655.165721040943,5645.368272575783,6.67667456897248e-08,207.46345932455563
2303,92.12,207.822943658115,6.66698331318922,-218.334739841823,-13.6444413585415,433.13514154529,0,0,0,0,-17.7309748117086,-14.7128891912783,-4.68412181696544e-05,0.0001148201318969,-3.96810034132878,0.0010724981726564,6.80890890861e-09,9.781965429387032,5655.15033953722,5645.368374107833,6.660451200937246e-08,207.4634630557897
2304,92.16,207.822380158767,6.66700993976658,-218.336302778058,-13.6444713917925,433.136144388851,0,0,0,0,-17.7310139941503,-14.7144555198757,-4.68432887565594e-05,0.0001148220829507,-3.97937658524311,0.0010716393870003,6.80306681708e-09,9.766530741878995,5655.135005938951,5645.368475197071,6.644236166008053e-08,207.4634667707507
2305,92.2,207.821817237763,6.66702461841558,-218.337914588518,-13.6445021378356,433.137209345701,0,0,0,0,-17.7310541028455,-14.7160703578946,-4.6845363111692e-05,0.0001148240443837,-3.99037841749794,0.0010707918154909,6.7971791465e-09,9.751112243921265,5655.119688078224,5645.368575834303,6.628005725007986e-08,207.46347046910077
2306,92.24,207.821253788686,6.66702609731921,-218.339575158762,-13.6445335905726,433.138336440701,0,0,0,0,-17.7310951298533,-14.7177347935028,-4.68474412585994e-05,0.0001148260161842,-4.00110512472034,0.0010699557391088,6.79124447948e-09,9.735679837544238,5655.104355847897,5645.368676010353,6.611738239972635e-08,207.46347415050275
2307,92.28,207.820688798106,6.66701322129423,-218.341284370261,-13.6445657437668,433.139525690839,0,0,0,0,-17.7311370670524,-14.7194498140204,-4.68495232195648e-05,0.0001148279983381,-4.01155601228117,0.0010691314286435,6.78526204419e-09,9.720205955219484,5655.088981671139,5645.36877571592,6.595414497717653e-08,207.46347781461478
2308,92.32,207.820121359877,6.666984946127,-218.343042100407,-13.6445985910439,433.1407771052,0,0,0,0,-17.7311799061417,-14.7212162908755,-4.68516090171008e-05,0.0001148299908309,-4.02173040433967,0.0010683191446188,6.77923171802e-09,9.704665948656038,5655.073540890458,5645.3688749418025,6.579017965792454e-08,207.46348146109875
2309,92.36,207.819550686615,6.66694035008404,-218.344848222525,-13.6446321258915,433.142090684948,0,0,0,0,-17.7312236386412,-14.7230349674587,-4.68536986723039e-05,0.0001148319936471,-4.03162764388672,0.0010675191372211,6.77315402095e-09,9.689038401295955,5655.058012080046,5645.36897367875,6.562534985136726e-08,207.4634850896147
2310,92.4,207.818976118533,6.66687864278343,-218.346702605886,-13.6446663416607,433.143466423297,0,0,0,0,-17.7312682558919,-14.7249064497327,-4.68557922068577e-05,0.0001148340067695,-4.04124709278694,0.0010667316462308,6.76703009965e-09,9.673305368645266,5655.042377286183,5645.369071917538,6.54595490356952e-08,207.4634886998236
2311,92.44,207.818397129966,6.666799171751,-218.348605115715,-13.6447012315655,433.144904305496,0,0,0,0,-17.7313137490571,-14.7268311992451,-4.68578896413555e-05,0.0001148360301801,-4.05058813181948,0.0010659569009586,6.76086170373e-09,9.657452555855485,5655.026622204798,5645.369169648942,6.529270158190768e-08,207.46349229138647
2312,92.48,207.817813334028,6.66670142711198,-218.350555613205,-13.6447367886841,433.146404308805,0,0,0,0,-17.7313601091229,-14.7288095280263,-4.68599909961412e-05,0.0001148380638601,-4.05965016071765,0.0010651951201845,6.75465115563e-09,9.641469444474245,5655.0107363081825,5645.369266863709,6.512476316498435e-08,207.4634958639633
2313,92.52,207.817224485857,6.66658504486759,-218.352553955529,-13.6447730059591,433.147966402478,0,0,0,0,-17.7314073268988,-14.7308415949365,-4.68620962910945e-05,0.0001148401077885,-4.06843259820715,0.0010644465121006,6.74840131576e-09,9.625349380664604,5654.994712933307,5645.369363552642,6.495572086347398e-08,207.4634994172161
2314,92.56,207.816630484789,6.66644980909461,-218.354599995853,-13.6448098761984,433.149590547746,0,0,0,0,-17.7314553930186,-14.7329274031417,-4.68642055454031e-05,0.0001148421619444,-4.07693488204321,0.0010637112742572,6.74211554409e-09,9.609089634444247,5654.978549340961,5645.369459706517,6.478559302573261e-08,207.46350295080583
2315,92.6,207.816031375681,6.66629565330148,-218.356693583346,-13.6448473920756,433.151276697801,0,0,0,0,-17.7315042979415,-14.7350667985489,-4.68663187781415e-05,0.0001148442263049,-4.08515646904637,0.0010629895935125,6.73579765968e-09,9.592691435604504,5654.962246751767,5645.369555316163,6.461442895720692e-08,207.46350646439558
2316,92.64,207.815427349577,6.66612266112349,-218.358834563196,-13.6448855461308,433.15302479778,0,0,0,0,-17.7315540319525,-14.7372594690301,-4.686843600772e-05,0.0001148463008465,-4.09309683513704,0.0010622816459858,6.72945189875e-09,9.576159991941982,5654.945810364296,5645.369650372354,6.444230847416916e-08,207.46350995764618
2317,92.68,207.814818743833,6.66593106646811,-218.361022776619,-13.6449243307714,433.154834784756,0,0,0,0,-17.731604585164,-14.7395049442808,-4.68705572521984e-05,0.0001148483855444,-4.10075547536877,0.0010615875970142,6.72308287244e-09,9.559504492496716,5654.929249358475,5645.369744865979,6.426934135460601e-08,207.46351343022286
2318,92.72,207.814206041634,6.66572125306491,-218.363258060878,-13.6449637382728,433.15670658772,0,0,0,0,-17.7316559475161,-14.7418025963185,-4.68726825287873e-05,0.0001148504803729,-4.10813190396028,0.0010609076011134,6.71669552433e-09,9.542738094599565,5654.912576882435,5645.369838787836,6.409566668036137e-08,207.46351688178748
2319,92.76,207.813589870697,6.6654937531909,-218.365540249292,-13.6450037607791,433.158640127578,0,0,0,0,-17.7317081087785,-14.7441516408467,-4.68748118548206e-05,0.0001148525853047,-4.11522565432627,0.0010602418019423,6.71029508815e-09,9.525877888415762,5654.895810017227,5645.369932128811,6.392145203388478e-08,207.4635203120051
2320,92.8,207.812971000832,6.66524924525194,-218.367869171252,-13.6450443903045,433.160635317137,0,0,0,0,-17.7317610585508,-14.7465511398553,-4.68769452468927e-05,0.000114854700312,-4.12203627910684,0.0010595903322709,6.70388704518e-09,9.508944830685191,5654.878969710446,5645.37002487976,6.374689249111375e-08,207.46352372053963
2321,92.84,207.812350340058,6.66498854992275,-218.370244652232,-13.6450856187335,433.162692061101,0,0,0,0,-17.7318147862645,-14.7490000057893,-4.68790827210296e-05,0.0001148568253655,-4.12856335019578,0.0010589533139517,6.69747708133e-09,9.491963638897314,5654.862080670549,5645.370117031652,6.35722093541059e-08,207.4635271070592
2322,92.88,207.811728929013,6.66471262458365,-218.372666513809,-13.6451274378224,433.164810256061,0,0,0,0,-17.7318692811835,-14.751497007559,-4.68812242929515e-05,0.0001148589604351,-4.13480645876749,0.0010583308578953,6.69107104312e-09,9.47496263937001,5654.845171214739,5645.370208575368,6.339764857513069e-08,207.46353047122878
2323,92.92,207.811107933383,6.66442255575946,-218.375134573673,-13.6451698391999,433.166989790496,0,0,0,0,-17.7319245324058,-14.7540407786298,-4.68833699778857e-05,0.0001148611054897,-4.14076521530269,0.0010577230640484,6.68467489241e-09,9.457973561014462,5654.828273062947,5645.370299501933,6.322347881901938e-08,207.46353381271842
2324,92.96,207.810488633976,6.6641195492216,-218.377648645641,-13.6452128143683,433.169230544764,0,0,0,0,-17.7319805288648,-14.7566298275332,-4.68855197901818e-05,0.0001148632604969,-4.14643924961284,0.0010571300213767,6.67829465905e-09,9.441031265452656,5654.811421067734,5645.370389802281,6.304998909706295e-08,207.46353713119504
2325,93.0,207.809872414196,6.66380491747487,-218.380208539678,-13.6452563547048,433.171532391103,0,0,0,0,-17.7320372593305,-14.7592625510585,-4.68876737446588e-05,0.0001148654254234,-4.15182821086323,0.0010565518078517,6.67193639129e-09,9.424173405977072,5654.794652873439,5645.370479467462,6.287748592468043e-08,207.4635404263297
2326,93.04,207.809260744799,6.66348006453354,-218.382814061905,-13.6453004514622,433.173895193633,0,0,0,0,-17.7320947124114,-14.7619372502689,-4.68898318549464e-05,0.0001148676002346,-4.1569317675949,0.0010559884904401,6.66560610334e-09,9.407440012876366,5654.778008501373,5645.370568488496,6.270628998460907e-08,207.4635436977924
2327,93.08,207.808655166044,6.66314646808291,-218.385465014622,-13.6453450957701,433.176318808352,0,0,0,0,-17.7321528765553,-14.7646521492475,-4.68919941342238e-05,0.0001148697848954,-4.16174960774518,0.0010554401250987,6.65930972033e-09,9.390873007576102,5654.761529864118,5645.370656856541,6.253673231818763e-08,207.46354694525817
2328,93.12,207.808057267409,6.66280565921589,-218.388161196314,-13.6453902786365,433.178803083144,0,0,0,0,-17.7322117400515,-14.7674054163691,-4.68941605956542e-05,0.0001148719793694,-4.16628143866703,0.0010549067567714,6.65305302061e-09,9.374515650927886,5654.745260213572,5645.370744562644,6.236915008310675e-08,207.46355016839803
2329,93.16,207.807468665109,6.66245919995926,-218.390902401679,-13.6454359909487,433.181347857777,0,0,0,0,-17.7322712910322,-14.7701951878497,-4.68963312513708e-05,0.0001148741836191,-4.17052698714703,0.0010543884193908,6.64684157578e-09,9.358411931170881,5654.7292435291865,5645.370831598016,6.220388192084156e-08,207.463553366889
2330,93.2,207.806890977679,6.66210865887063,-218.393688421633,-13.6454822234744,433.183952963916,0,0,0,0,-17.732331517474,-14.7730195932596,-4.68985061137252e-05,0.0001148763976064,-4.17448599942214,0.0010538851358827,6.64068068914e-09,9.342605899674666,5654.71352385354,5645.3709179538655,6.20412629962112e-08,207.46355654040795
2331,93.24,207.806325800058,6.66175558513483,-218.396519043336,-13.6455289668635,433.186618225123,0,0,0,0,-17.7323924071998,-14.7758767825789,-4.69006851936971e-05,0.0001148786212917,-4.17815824119517,0.0010533969181749,6.6345753332e-09,9.327140965701757,5654.698144587137,5645.371003621435,6.188161979088237e-08,207.4635596886331
2332,93.28,207.805774676751,6.66140148173313,-218.399394050201,-13.645576211649,433.189343456868,0,0,0,0,-17.7324539478803,-14.7787649541962,-4.69028685027944e-05,0.0001148808546346,-4.18154349764893,0.0010529237672096,6.62853008724e-09,9.312059166081221,5654.683147758097,5645.371088592016,6.172526476567617e-08,207.46356281124437
2333,93.32,207.805239074681,6.66104777830632,-218.402313221917,-13.6456239482489,433.192128466541,0,0,0,0,-17.7325161270363,-14.7816823832469,-4.69050560514225e-05,0.0001148830975939,-4.18464157345915,0.0010524656729599,6.62254907623e-09,9.29740042647397,5654.668573283428,5645.371172856953,6.157249101345244e-08,207.46356590792374
2334,93.36,207.804720356328,6.66069580429826,-218.405276334461,-13.6456721669669,433.194973053458,0,0,0,0,-17.73257893204,-14.7846274496337,-4.69072478498589e-05,0.0001148853501275,-4.18745229280607,0.0010520226144497,6.61663591219e-09,9.283201830474944,5654.654458238099,5645.371256407624,6.142356701804584e-08,207.4635689783543
2335,93.4,207.804219753706,6.66034676294195,-218.408283160121,-13.6457208579945,433.197877008879,0,0,0,0,-17.7326423501175,-14.7875986651723,-4.69094439077196e-05,0.0001148876121923,-4.18997549938474,0.0010515945597773,6.61079363939e-09,9.269496911464,5654.640836146919,5645.371339235456,6.127873162775251e-08,207.46357202222097
2336,93.44,207.803738343785,6.66000170668444,-218.411333467507,-13.6457700114124,433.200840116019,0,0,0,0,-17.7327063683501,-14.7905946992115,-4.69116442341363e-05,0.0001148898837439,-4.19221105641409,0.0010511814661427,6.60502468468e-09,9.256314983777264,5654.627736315734,5645.371421331957,6.113818936084143e-08,207.46357503921178
2337,93.48,207.803277025985,6.65966151468699,-218.414427021576,-13.6458196171917,433.203862150066,0,0,0,0,-17.7327709736769,-14.7936144021045,-4.69138488380572e-05,0.0001148921647377,-4.19415884664465,0.0010507832798785,6.59933081435e-09,9.243680530342111,5654.615183219011,5645.371502688668,6.100210616446692e-08,207.4635780290158
2338,93.52,207.802836502367,6.65932687301483,-218.417563583646,-13.6458696651959,433.206942878194,0,0,0,0,-17.7328361528967,-14.7966568258825,-4.69160577275713e-05,0.0001148944551276,-4.19581877236503,0.0010503999364844,6.59371309879e-09,9.231612663592388,5654.603195960799,5645.371583297207,6.087060574424809e-08,207.46358099132496
2339,93.56,207.802417261039,6.65899825804953,-218.420742911415,-13.6459201451823,433.210082059586,0,0,0,0,-17.7329018926699,-14.7997212415944,-4.69182709110849e-05,0.0001148967548668,-4.19719075540705,0.0010500313606655,6.58817188617e-09,9.220124673949902,5654.591787823196,5645.371663149246,6.074376656408947e-08,207.46358392583332
2340,93.6,207.802019563246,6.65867592357806,-218.423964758979,-13.6459710468038,433.213279445451,0,0,0,0,-17.7329681795209,-14.8028071528239,-4.69204883954936e-05,0.0001148990639077,-4.19827473714963,0.0010496774663745,6.58270678611e-09,9.209223678579841,5654.580965915039,5645.371742236459,6.062161960284676e-08,207.46358683223482
2341,93.64,207.801643434545,6.65835989196447,-218.427228876854,-13.6460223596104,433.216534779045,0,0,0,0,-17.7330349998402,-14.8059143049733,-4.69227101882793e-05,0.0001149013822018,-4.1990706785214,0.0010493381568578,6.57731666436e-09,9.198910381141449,5654.57073093177,5645.371820550629,6.050414694179079e-08,207.46358971022752
2342,93.68,207.801288660412,6.65804994975663,-218.43053501199,-13.6460740730509,433.219847795697,0,0,0,0,-17.7331023398867,-14.809042689957,-4.69249362956441e-05,0.0001149037096998,-4.19957856000197,0.0010490133247045,6.57199964895e-09,9.189178952221209,5654.561077035894,5645.371898083673,6.039128124502799e-08,207.46359255951435
2343,93.72,207.800954786541,6.6577456479833,-218.433882907797,-13.6461261764753,433.22321822283,0,0,0,0,-17.7331701857902,-14.8121925460442,-4.69271667238651e-05,0.0001149060463516,-4.19979838162196,0.0010487028518997,6.5667531484e-09,9.180017037659512,5654.551991865115,5645.371974827456,6.028290618027921e-08,207.46359537979637
2344,93.76,207.800641123965,6.65744630726823,-218.437272304157,-13.6461786591356,433.226645779989,0,0,0,0,-17.7332385235533,-14.8153643527171,-4.69294014785905e-05,0.0001149083921058,-4.19973016296169,0.0010484066098806,6.56157388197e-09,9.171405897736905,5654.543456671686,5645.372050773949,6.017885779440411e-08,207.46359817077854
2345,93.8,207.800346758993,6.65715102776547,-218.440702937449,-13.6462315101886,433.230130178865,0,0,0,0,-17.7333073390544,-14.8185588205438,-4.69316405650756e-05,0.0001149107469109,-4.19937394314861,0.001048124459597,6.55645792186e-09,9.16332067757362,5654.535446592808,5645.372125915234,6.007892684092605e-08,207.46360093216987
2346,93.84,207.800070567866,6.65685870380468,-218.44417454057,-13.646284718697,433.233671123328,0,0,0,0,-17.7333766180495,-14.8217768761817,-4.69338839883934e-05,0.0001149131107142,-4.19872978085347,0.0010478562515747,6.55140074665e-09,9.155730806048508,5654.527931049441,5645.372200243392,5.998286203184437e-08,207.46360366367932
2347,93.88,207.799811235867,6.65656804299384,-218.447686842948,-13.646338273632,433.237268309453,0,0,0,0,-17.7334463461752,-14.8250196427655,-4.69361317526079e-05,0.0001149154834622,-4.19779775428511,0.001047601825983,6.5463973054e-09,9.148600515618117,5654.520874266314,5645.372273750696,5.989037415568967e-08,207.46360636502294
2348,93.92,207.799567280462,6.65627758935539,-218.451239570572,-13.6463921638746,433.240921425554,0,0,0,0,-17.7335165089512,-14.8282884161405,-4.69383838617739e-05,0.0001149178651011,-4.19657796118407,0.0010473610127054,6.54144209097e-09,9.1418894722603,5654.514235901623,5645.372346429363,5.980114097602473e-08,207.4636090359147
2349,93.96,207.799337077905,6.65598574991697,-218.454832446007,-13.6464463782182,433.244630152213,0,0,0,0,-17.7335870917826,-14.8315846375056,-4.69406403195318e-05,0.0001149202555756,-4.19507051881479,0.0010471336314142,6.53652922114e-09,9.135553499215417,5654.507971770985,5645.37241827177,5.971481278923697e-08,207.46361167607446
2350,94.0,207.799118892615,6.65569082407903,-218.458465188413,-13.6465009053702,433.248394162319,0,0,0,0,-17.7336580799627,-14.834909863171,-4.694290112892e-05,0.0001149226548299,-4.19327556395663,0.0010469194916478,6.53165252584e-09,9.129545376538506,5654.50203464684,5645.372489270301,5.963101850792771e-08,207.4636142852224
2351,94.04,207.798910908591,6.6553910350157,-218.462137513574,-13.646555733954,433.252213121104,0,0,0,0,-17.7337294586757,-14.8382657321862,-4.69451662928333e-05,0.000114925062808,-4.19119325289355,0.001046718392892,6.52680563847e-09,9.123815695754473,5654.496375113281,5645.372559417527,5.954937211607856e-08,207.4636168630854
2352,94.08,207.798711262032,6.65508456228258,-218.465849133911,-13.6466108525117,433.256086686172,0,0,0,0,-17.7338012129995,-14.8416539326898,-4.69474358131007e-05,0.0001149274794526,-4.18882376140249,0.0010465301246641,6.5219820893e-09,9.11831374765677,5654.4909424537,5645.3726287060435,5.946947933469429e-08,207.46361940939147
2353,94.12,207.798518074245,6.6547695747114,-218.469599758509,-13.6466662495053,433.260014507548,0,0,0,0,-17.7338733279082,-14.8450761679383,-4.69497096920139e-05,0.0001149299047061,-4.18616728474047,0.0010463544666012,6.51717539868e-09,9.11298841775247,5654.485685546258,5645.372697128505,5.939094431169338e-08,207.46362192387056
2354,94.16,207.798329483894,6.65444426263984,-218.473389093137,-13.6467219133196,433.26399622771,0,0,0,0,-17.7339457882751,-14.8485341229724,-4.69519879308864e-05,0.0001149323385094,-4.18322403763042,0.0010461911885511,6.51237916803e-09,9.10778906372061,5654.48055374142,5645.3727646777,5.931337615165675e-08,207.4636244062577
2355,94.2,207.798143677703,6.65410686860022,-218.477216840269,-13.646777832264,433.268031481636,0,0,0,0,-17.7340185788755,-14.8520294328259,-4.69542705307149e-05,0.0001149347808039,-4.1799942542457,0.0010460400506677,6.50758716651e-09,9.102666350937788,5654.475497697436,5645.372831346499,5.923639511187117e-08,207.46362685629092
2356,94.24,207.797958918885,6.65375571572903,-218.48108269911,-13.6468339945749,433.27211989684,0,0,0,0,-17.7340916843896,-14.8555636530123,-4.69565574923949e-05,0.0001149372315296,-4.17647818819336,0.0010459008035086,6.50279341163e-09,9.097573026097876,5654.470470153923,5645.372897127825,5.915963832063498e-08,207.4636292737101
2357,94.28,207.797773572666,6.65338923327393,-218.484986365614,-13.6468903884177,433.276261093424,0,0,0,0,-17.7341650894053,-14.8591382329469,-4.6958848815523e-05,0.0001149396906262,-4.17267611249606,0.001045773188136,6.49799224217e-09,9.09246461167378,5654.465426626413,5645.37296201474,5.908276489278083e-08,207.46363165826023
2358,94.32,207.797586128373,6.65300597865622,-218.488927532511,-13.6469470018894,433.280454684116,0,0,0,0,-17.7342387784213,-14.8627544928612,-4.69611445007248e-05,0.0001149421580323,-4.1685883195728,0.0010456569362215,6.49317838231e-09,9.08730000701696,5654.460326007404,5645.373026000387,5.900546034226102e-08,207.46363400968943
2359,94.36,207.797395217644,6.65260465566635,-218.492905889324,-13.6470038230206,433.284700274322,0,0,0,0,-17.7343127358501,-14.8664136046722,-4.6963444546927e-05,0.0001149446336864,-4.16421512121822,0.0010455517701529,6.48834699592e-09,9.082041983903977,5654.455131061865,5645.373089077962,5.892744020542437e-08,207.46363632774757
2360,94.4,207.797199628572,6.65218412858054,-218.496921122402,-13.6470608397779,433.288997462171,0,0,0,0,-17.7343869460208,-14.8701165770166,-4.69657489532206e-05,0.0001149471175262,-4.1595568485808,0.0010454574031455,6.4834937306e-09,9.076657571278279,5654.44980881213,5645.373151240851,5.8848452839729323e-08,207.46363861219163
2361,94.44,207.796998315796,6.65174343222759,-218.500972914931,-13.6471180400664,433.293345838566,0,0,0,0,-17.7344613931826,-14.8738642444084,-4.69680577186448e-05,0.0001149496094886,-4.15461385213961,0.0010453735393553,6.4786147514e-09,9.071118329976342,5654.4443308124755,5645.373212482499,5.876828140501671e-08,207.46364086278072
2362,94.48,207.796790406734,6.65128177820245,-218.50506094697,-13.6471754117318,433.297744987234,0,0,0,0,-17.7345360615075,-14.8776572603412,-4.69703708408246e-05,0.0001149521095106,-4.14938650167987,0.0010452998739966,6.47370676438e-09,9.065400522336251,5654.438673318737,5645.373272796401,5.868674506318296e-08,207.46364307927573
2363,94.52,207.796575204244,6.65079855749551,-218.509184895466,-13.6472329425633,433.302194484778,0,0,0,0,-17.7346109350936,-14.8814960940428,-4.69726883182555e-05,0.0001149546175276,-4.14387518626722,0.0010452360934617,6.46876703071e-09,9.059485184525558,5654.432817360713,5645.373332176187,5.860369945595831e-08,207.46364526144265
2364,94.56,207.796352186022,6.65029333986697,-218.513344434282,-13.6472906202954,433.306693900732,0,0,0,0,-17.7346859979681,-14.8853810306025,-4.69750101480215e-05,0.0001149571334755,-4.13808031422068,0.0010451818754437,6.46379337198e-09,9.053358110132812,5654.4267487257885,5645.373390615656,5.851903652469281e-08,207.46364740905352
2365,94.6,207.796121001194,6.64976587040878,-218.517539234219,-13.6473484326108,433.311242797615,0,0,0,0,-17.734761234091,-14.889312174006,-4.69773363274888e-05,0.0001149596572892,-4.1320023130844,0.0010451368890619,6.45878416762e-09,9.047009757540009,5654.420457866197,5645.373448108657,5.843268376370716e-08,207.46364952188236
2366,94.64,207.795881464643,6.64921606384536,-218.521768963046,-13.6474063671426,433.315840730985,0,0,0,0,-17.7348366273577,-14.8932894525434,-4.69796668532776e-05,0.0001149621889027,-4.12564162959802,0.0010451007949908,6.45373834576e-09,9.04043509549797,5654.413939744646,5645.373504649148,5.834460301471052e-08,207.46365159970713
2367,94.68,207.795633549632,6.64864399712551,-218.526033285517,-13.6474644114773,433.3204872495,0,0,0,0,-17.7349121616028,-14.8973126259922,-4.69820017219236e-05,0.0001149647282504,-4.11899872966586,0.0010450732455907,6.44865536845e-09,9.033633402415168,5654.407193633587,5645.373560231172,5.825478891275887e-08,207.46365364230883
2368,94.72,207.795377379159,6.6480499007441,-218.530331863402,-13.6475225531565,433.325181894973,0,0,0,0,-17.7349878206027,-14.9013812941348,-4.69843409289933e-05,0.0001149672752655,-4.11207409832484,0.0010450538850429,6.44353521242e-09,9.026608031033657,5654.400222879964,5645.37361484893,5.81632670714556e-08,207.46365564947445
2369,94.76,207.795113216367,6.64743414912224,-218.53466435551,-13.6475807796802,433.329924202435,0,0,0,0,-17.73506358808,-14.9054949062828,-4.6986684470693e-05,0.0001149698298811,-4.10486823971099,0.0010450423494861,6.43837834634e-09,9.019366147526311,5654.393034644265,5645.373668496739,5.807009207582265e-08,207.46365762099506
2370,94.8,207.79484145433,6.64679725035833,-218.539030417713,-13.6476390785092,433.334713700194,0,0,0,0,-17.7351394477057,-14.9096527714915,-4.69890323420686e-05,0.0001149723920297,-4.0973816770249,0.0010450382671569,6.43318570543e-09,9.011918453532509,5654.385639622576,5645.373721169043,5.797534534673233e-08,207.46365955666658
2371,94.84,207.794562605537,6.64613983568177,-218.543429702977,-13.6476974370672,433.3395499099,0,0,0,0,-17.7352153831033,-14.913854069164,-4.6991384538037e-05,0.0001149749616432,-4.08961495249573,0.0010450412585317,6.42795866403e-09,9.004278900084847,5654.378051760434,5645.373772860349,5.787913294118759e-08,207.46366145628704
2372,94.88,207.794277291348,6.6454626488678,-218.547861861379,-13.6477558427442,433.344432346604,0,0,0,0,-17.7352913778522,-14.9180978597514,-4.69937410529676e-05,0.0001149775386536,-4.08156862734402,0.0010450509364719,6.42269900692e-09,8.996464400583429,5654.370287965905,5645.373823565322,5.778158334253205e-08,207.46366331966044
2373,94.92,207.793986231478,6.64476653569061,-218.552326540144,-13.6478142828984,433.349360518829,0,0,0,0,-17.7353674154905,-14.9223830954607,-4.699610188169e-05,0.0001149801229919,-4.07324328174327,0.0010450669063707,6.41740889962e-09,8.98849454469537,5654.3623678234335,5645.373873278738,5.76828452554883e-08,207.4636651465948
2374,94.96,207.793690233457,6.64405243334436,-218.55682338366,-13.6478727448594,433.354333928632,0,0,0,0,-17.7354434795191,-14.9267086310219,-4.69984670175949e-05,0.0001149827145891,-4.06463951478017,0.0010450887663033,6.41209085776e-09,8.980391311546784,5654.354313307029,5645.373921995482,5.758308539710444e-08,207.46366693690214
2375,95.0,207.793390181999,6.64332135977065,-218.561352033513,-13.6479312159304,433.359352071672,0,0,0,0,-17.7355195534051,-14.9310732345855,-4.700083645419e-05,0.0001149853133756,-4.05575794441368,0.0010451161071795,6.40674771593e-09,8.972178780356895,5654.346148490985,5645.373969710628,5.748248627624294e-08,207.46366869040145
2376,95.04,207.793087028313,6.64257440293594,-218.565912128512,-13.6479896833913,433.36441443728,0,0,0,0,-17.7355956205848,-14.9354755987199,-4.7003210184715e-05,0.0001149879192816,-4.04659920743277,0.0010451485128986,6.40138259563e-09,8.963882839711617,5654.337899259019,5645.374016419307,5.738124396671567e-08,207.46367040691374
2377,95.08,207.792781779443,6.6418127101295,-218.570503304712,-13.6480481345011,433.369520508527,0,0,0,0,-17.735671664468,-14.9399143514435,-4.70055882023124e-05,0.0001149905322368,-4.03716395941293,0.0010451855605065,6.39599887262e-09,8.95553089743574,5654.32959301419,5645.374062116754,5.727956589007261e-08,207.46367208626398
2378,95.12,207.79247548759,6.6410374772421,-218.575125195446,-13.6481065565008,433.374669762295,0,0,0,0,-17.7357476684406,-14.9443880673269,-4.70079704992545e-05,0.0001149931521709,-4.02745287467142,0.0010452268203552,6.39060014351e-09,8.94715158989369,5654.32125838835,5645.374106798456,5.717766859977996e-08,207.4636737282862
2379,95.16,207.792169239263,6.64024993787675,-218.579777431349,-13.6481649366158,433.379861669351,0,0,0,0,-17.735823615869,-14.9488952787902,-4.70103570678668e-05,0.0001149957790128,-4.01746664622131,0.0010452718562647,6.38519019142e-09,8.938774487018131,5654.312924946912,5645.374150459894,5.707577554226319e-08,207.4636753328145
2380,95.2,207.791864144165,6.63945135219408,-218.584459640388,-13.6482232620591,433.385095694418,0,0,0,0,-17.7358994901032,-14.953434487677,-4.70127479000961e-05,0.0001149984126912,-4.00720598572422,0.0010453202256857,6.37977295062e-09,8.93042978966491,5654.304622886434,5645.374193096769,5.697411477299716e-08,207.46367689969077
2381,95.24,207.791561323897,6.63864299556957,-218.58917144789,-13.6482815200338,433.390371296251,0,0,0,0,-17.7359752744805,-14.9580041770413,-4.70151429873833e-05,0.000115001053135,-3.99667162344185,0.0010453714798663,6.37435247031e-09,8.92214802236931,5654.296382727233,5645.374234704864,5.687291664938931e-08,207.46367842876006
2382,95.28,207.79126190065,6.63782614723931,-218.593912476564,-13.6483396977359,433.395687927711,0,0,0,0,-17.7360509523291,-14.9626028229927,-4.70175423209457e-05,0.0001150037002721,-3.98586430818623,0.0010454251640192,6.36893287734e-09,8.913959725530857,5654.288235005681,5645.37427528015,5.6772411524797794e-08,207.46367991987435
2383,95.32,207.790966985975,6.63700207902998,-218.598682346541,-13.6483977823569,433.401045035843,0,0,0,0,-17.7361265069718,-14.9672289065045,-4.70199458918881e-05,0.0001150063540305,-3.97478480726878,0.0010454808174923,6.36351833829e-09,8.905895149938287,5654.280209968622,5645.374314818684,5.6672827466158834e-08,207.4636813728887
2384,95.36,207.790677669607,6.63617204413246,-218.60348067539,-13.6484557610869,433.406442061951,0,0,0,0,-17.7362019217294,-14.971880925196,-4.7022353690899e-05,0.0001150090143383,-3.96343390644811,0.0010455379739401,6.35811302068e-09,8.897983952573487,5654.272337269256,5645.374353316683,5.6574387986365534e-08,207.46368278766406
2385,95.4,207.790395008293,6.63533726588356,-218.608307078154,-13.6485136211171,433.411878441681,0,0,0,0,-17.7362771799245,-14.9765574051176,-4.70247657079891e-05,0.0001150116811228,-3.95181240987656,0.0010455961614981,6.35272105379e-09,8.890254892605874,5654.264645663134,5645.3743907705275,5.647730978860149e-08,207.46368416406747
2386,95.44,207.790120014748,6.63449892667354,-218.613161167378,-13.6485713496428,433.417353605095,0,0,0,0,-17.7363522648854,-14.9812569124033,-4.702718193348e-05,0.000115014354311,-3.93992114004556,0.0010456549029577,6.34734648902e-09,8.882735530951493,5654.257162707634,5645.374427176683,5.6381800543152986e-08,207.46368550196902
2387,95.48,207.78985364696,6.63365815720351,-218.618042553136,-13.6486289338663,433.422866976759,0,0,0,0,-17.736427159949,-14.985978064609,-4.70296023569137e-05,0.0001150170338306,-3.92776093772972,0.0010457137159432,6.34199326039e-09,8.8754519391384,5654.249914470937,5645.374462531799,5.628805673790957e-08,207.46368680124556
2388,95.52,207.78959679799,6.63281602623341,-218.622950843061,-13.6486863609993,433.428417975817,0,0,0,0,-17.7365018484655,-14.9907195415733,-4.70320269680285e-05,0.0001150197196076,-3.91533266192973,0.0010457721130908,6.33666514532e-09,8.868428421804948,5654.24292525447,5645.374496832665,5.619626163031356e-08,207.46368806177915
2389,95.56,207.78935028623,6.63197353079221,-218.627885642376,-13.6487436182659,433.43400601608,0,0,0,0,-17.7365763138011,-14.9954800958627,-4.70344557555758e-05,0.0001150224115693,-3.90263718981398,0.0010458296022289,6.33136572622e-09,8.861687251606467,5654.236217327815,5645.374530076208,5.6106583296533195e-08,207.46368928345686
2390,95.6,207.789114846068,6.63113158678865,-218.632846553922,-13.6488006929058,433.439630506107,0,0,0,0,-17.7366505393424,-15.0002585627916,-4.70368887088251e-05,0.000115025109642,-3.88967541665905,0.00104588568656,6.32609835306e-09,8.855248415196979,5654.2298106746875,5645.374562259491,5.601917276969757e-08,207.46369046617068
2391,95.64,207.78889111904,6.63029102011489,-218.637833178188,-13.6488575721766,433.44529084929,0,0,0,0,-17.7367245084996,-15.0050538699265,-4.70393258161684e-05,0.0001150278137522,-3.87644825578892,0.0010459398648452,6.3208661075e-09,8.84912937246285,5654.223722752169,5645.374593379706,5.5934162284835516e-08,207.46369160981752
2392,95.68,207.788679645729,6.62945255848869,-218.642845113342,-13.6489142433569,433.450986443939,0,0,0,0,-17.7367982047105,-15.0098650458373,-4.70417670660857e-05,0.0001150305238261,-3.86295663851296,0.0010459916315882,6.31567176917e-09,8.843344836001728,5654.217968270275,5645.374623434273,5.585166367851219e-08,207.4636927143025
2393,95.72,207.788480858609,6.62861682424602,-218.647881955261,-13.6489706937491,433.456716683372,0,0,0,0,-17.7368716114441,-15.0146912279025,-4.70442124463704e-05,0.0001150332397895,-3.84920151406276,0.0010460404772224,6.31051778453e-09,8.837906576506711,5654.212558997221,5645.3746524207145,5.577176698100898e-08,207.46369377953457
2394,95.76,207.788295075896,6.6277843281386,-218.65294329756,-13.6490269106821,433.462480955999,0,0,0,0,-17.7369447122041,-15.0195316691332,-4.70466619450219e-05,0.0001150359615685,-3.83518384952774,0.001046085888298,6.30540623899e-09,8.83282325547074,5654.207503592105,5645.374680336635,5.5694539214117864e-08,207.46369480542575
2395,95.8,207.788122496412,6.62695546414044,-218.658028731624,-13.6490828815144,433.46827864541,0,0,0,0,-17.7370174905331,-15.0243857439486,-4.70491155494005e-05,0.0001150386890891,-3.82090462978954,0.0010461273476705,6.30033883279e-09,8.828100285238447,5654.202807465151,5645.374707179913,5.5620023397277254e-08,207.463695791898
2396,95.84,207.787963195613,6.62613050542244,-218.663137846641,-13.6491385936366,433.474109130468,0,0,0,0,-17.7370899300156,-15.0292529527191,-4.70515732469025e-05,0.000115041422277,-3.80636485745521,0.0010461643346905,6.29531686125e-09,8.823739721140221,5654.198472669619,5645.374732948479,5.554823779546916e-08,207.46369673887534
2397,95.88,207.787817123139,6.6253096018437,-218.668270229629,-13.6491940344745,433.479971785398,0,0,0,0,-17.7371620142822,-15.0341329246935,-4.70540350246243e-05,0.0001150441610577,-3.79156555278927,0.0010461963253953,6.29034120008e-09,8.819740194661044,5654.194497835145,5645.374757640484,5.547917546946091e-08,207.46369764628983
2398,95.92,207.787684102224,6.62449277930611,-218.673425465468,-13.6492491914918,433.485865979877,0,0,0,0,-17.7372337270131,-15.0390254190077,-4.70565008688391e-05,0.0001150469053568,-3.77650775364446,0.0010462227927007,6.28541229627e-09,8.816096897440195,5654.190878151681,5645.3747812542415,5.541280419257072e-08,207.46369851407943
2399,95.96,207.787563831126,6.62367994112848,-218.678603136934,-13.6493040521931,433.491791079125,0,0,0,0,-17.7373050519418,-15.0439303236376,-4.70589707664973e-05,0.0001150496551,-3.76119251539146,0.0010462432065944,6.28053016517e-09,8.812801620319597,5654.187605408409,5645.374803788089,5.534906676369777e-08,207.46369934218302
2400,96.0,207.787455886586,6.62287087144162,-218.683802824729,-13.6493586041263,433.497746444,0,0,0,0,-17.737375972859,-15.0488476522821,-4.70614447037428e-05,0.0001150524102126,-3.74562091084727,0.0010462570343299,6.27569439383e-09,8.809842847168657,5654.184668087864,5645.374825240696,5.528788171346952e-08,207.4637001305518
2401,96.04,207.787359729334,6.62206524064064,-218.689024107513,-13.6494128348858,433.503731431092,0,0,0,0,-17.7374464736157,-15.0537775390871,-4.7063922666502e-05,0.0001150551706201,-3.72979403020254,0.0010462637406212,6.270904151e-09,8.807205904927867,5654.182051515763,5645.374845610835,5.522914441426054e-08,207.46370087914062
2402,96.08,207.787274711809,6.62126261304416,-218.694266561934,-13.6494667321153,433.509745392815,0,0,0,0,-17.7375165381275,-15.058720231002,-4.70664046406477e-05,0.0001150579362479,-3.71371298094765,0.0010462627878382,6.26615820379e-09,8.8048731737079,5654.179738071074,5645.374864897366,5.51727286164813e-08,207.46370158790756
2403,96.12,207.787200088201,6.62046245687379,-218.699529762665,-13.6495202835104,433.515787677503,0,0,0,0,-17.7375861503777,-15.0636760776661,-4.70688906116877e-05,0.0001150607070215,-3.69737888779767,0.0010462536362028,6.26145494091e-09,8.802824359883084,5654.177707459271,5645.374883099388,5.511848842727477e-08,207.46370225681954
2404,96.16,207.787135026687,6.61966415643446,-218.704813282432,-13.6495734768214,433.521857629506,0,0,0,0,-17.7376552944216,-15.0686455190031,-4.70713805650135e-05,0.0001150634828661,-3.68079289261608,0.0010462357439861,6.25679240201e-09,8.8010368292404,5654.1759370453,5645.374900216059,5.5066260707539685e-08,207.46370288584563
2405,96.2,207.787078623522,6.61886702613744,-218.710116692048,-13.6496262998564,433.527954589289,0,0,0,0,-17.7377239543895,-15.0736290709279,-4.70738744855254e-05,0.0001150662637072,-3.66395615433747,0.0010462085677058,6.25216831267e-09,8.799485990143003,5654.174402237006,5645.374916246863,5.5015867819324145e-08,207.4637034749668
2406,96.24,207.787029918543,6.61807032594863,-218.715439560444,-13.6496787404837,433.534077893523,0,0,0,0,-17.7377921144904,-15.0786273095606,-4.70763723580966e-05,0.0001150690494701,-3.6468698488889,0.0010461715623245,6.24758012395e-09,8.798145715714869,5654.173076907023,5645.374931191308,5.496712064452755e-08,207.46370402416503
2407,96.28,207.786987911765,6.6172732779176,-218.720781454706,-13.6497307866348,433.540226875189,0,0,0,0,-17.7378597590161,-15.0836408542415,-4.70788741675355e-05,0.0001150718400805,-3.6295351691103,0.0010461241814483,6.24302505585e-09,8.79698879527769,5654.171933844372,5645.374945049094,5.491982180781614e-08,207.46370453342928
2408,96.32,207.786951580712,6.61647508345119,-218.726141940106,-13.6497824263069,433.546400863674,0,0,0,0,-17.7379268723444,-15.0886703496564,-4.70813798980769e-05,0.0001150746354635,-3.61195332467354,0.0010460658775253,6.2385001435e-09,8.795987405951402,5654.170945226065,5645.374957820113,5.487376903658204e-08,207.46370500275557
2409,96.36,207.786919898033,6.61567494086017,-218.731520580132,-13.649833647566,433.552599184871,0,0,0,0,-17.7379934389425,-15.093716447589,-4.70838895341529e-05,0.0001150774355449,-3.59412554200053,0.001045996102045,6.23400228494e-09,8.795113592037174,5654.170083096457,5645.37496950442,5.48287585708692e-08,207.46370543214593
2410,96.4,207.78689184877,6.61487206256832,-218.736916936526,-13.6498844385493,433.558821161277,0,0,0,0,-17.738059443371,-15.0987797890028,-4.70864030595741e-05,0.0001150802402499,-3.57605306418003,0.0010459143057376,6.22952828931e-09,8.79433973495802,5654.169319837135,5645.374980102177,5.478458850600615e-08,207.4637058216063
2411,96.44,207.786866446709,6.61406569139626,-218.742330569316,-13.6499347874683,433.565066112098,0,0,0,0,-17.7381248702872,-15.1038609870743,-4.70889204582118e-05,0.0001150830495045,-3.55773715088348,0.0010458199387739,6.22507492406e-09,8.79363899808335,5654.168628611847,5645.374989613764,5.474106195897198e-08,207.4637061711507
2412,96.48,207.786842749375,6.6132551154935,-218.74776103685,-13.649984682611,433.571333353342,0,0,0,0,-17.7381897044486,-15.1089606115926,-4.70914417136932e-05,0.0001150858632344,-3.53917907827954,0.0010457124509648,6.22063896031e-09,8.792985734818101,5654.167983774545,5645.374998039727,5.469798997971598e-08,207.46370648079912
2413,96.52,207.786819871378,6.61243968161935,-218.753207895827,-13.650034112345,433.57762219793,0,0,0,0,-17.7382539307166,-15.1140791749723,-4.70939668092392e-05,0.000115088681365,-3.52038013894765,0.0010455912919612,6.21621721525e-09,8.79235585179312,5654.167361232537,5645.3750053807435,5.465519414826903e-08,207.4637067505765
2414,96.56,207.786796995818,6.61161880648147,-218.758670701335,-13.65008306512,433.583931955792,0,0,0,0,-17.7383175340596,-15.1192171201606,-4.70964957283499e-05,0.0001150915038225,-3.50134164179042,0.0010454559114539,6.21180659094e-09,8.791727119129373,5654.166738756844,5645.375011637715,5.4612508803596114e-08,207.46370698051598
2415,96.6,207.786773383451,6.61079198583747,-218.764149006886,-13.6501315294703,433.590261933969,0,0,0,0,-17.7383804995569,-15.124374810804,-4.7099028453832e-05,0.0001150943305327,-3.48206491194483,0.0010453057593733,6.20740410876e-09,8.791079419993565,5654.166096231611,5645.375016811618,5.4569782850840236e-08,207.4637071706534
