───────────────────────────────────────
 inq-run
   target : run
   source : /local/data/public/skcb2/tddft/ResearchProject/systems/coronene/04_leed_simulation/runs/run_002_200eV_d1p4A_54Ha/run.cpp
   gpu    : ON
───────────────────────────────────────
==> cmake already configured (use --reconfig to force)
==> Building run...
CMake version 3.28.3
CMake build type: Release
-- MPI Executable for running programs:/usr/bin/mpiexec
-- MPI number of processors detected on the host system: 32
-- 
 Properties for TARGET MPI::MPI_CXX:
   MPI::MPI_CXX.INTERFACE_LINK_LIBRARIES = "/usr/lib/x86_64-linux-gnu/openmpi/lib/libmpi_cxx.so;/usr/lib/x86_64-linux-gnu/openmpi/lib/libmpi.so"
   MPI::MPI_CXX.INTERFACE_INCLUDE_DIRECTORIES = "/usr/lib/x86_64-linux-gnu/openmpi/include;/usr/lib/x86_64-linux-gnu/openmpi/include/openmpi"

current binary directory: /local/data/public/skcb2/tddft/ResearchProject/systems/coronene/04_leed_simulation/runs/run_002_200eV_d1p4A_54Ha/build/inq/external_libs/multi
-- Boost.Multi: standalone mode ON
Some BLAS found: linker flags: , libs: /usr/lib/x86_64-linux-gnu/libopenblas.so, libs95: 
-- Downloading Catch2 v3p3p2 for gpurun
-- Populating catch2
-- Configuring done (0.0s)
-- Generating done (0.0s)
-- Build files have been written to: /local/data/public/skcb2/tddft/ResearchProject/systems/coronene/04_leed_simulation/runs/run_002_200eV_d1p4A_54Ha/build/_deps/catch2-subbuild
gmake[1]: Entering directory '/local/data/public/skcb2/tddft/ResearchProject/systems/coronene/04_leed_simulation/runs/run_002_200eV_d1p4A_54Ha/build/_deps/catch2-subbuild'
gmake[2]: Entering directory '/local/data/public/skcb2/tddft/ResearchProject/systems/coronene/04_leed_simulation/runs/run_002_200eV_d1p4A_54Ha/build/_deps/catch2-subbuild'
gmake[3]: Entering directory '/local/data/public/skcb2/tddft/ResearchProject/systems/coronene/04_leed_simulation/runs/run_002_200eV_d1p4A_54Ha/build/_deps/catch2-subbuild'
gmake[3]: Leaving directory '/local/data/public/skcb2/tddft/ResearchProject/systems/coronene/04_leed_simulation/runs/run_002_200eV_d1p4A_54Ha/build/_deps/catch2-subbuild'
[100%] Built target catch2-populate
gmake[2]: Leaving directory '/local/data/public/skcb2/tddft/ResearchProject/systems/coronene/04_leed_simulation/runs/run_002_200eV_d1p4A_54Ha/build/_deps/catch2-subbuild'
gmake[1]: Leaving directory '/local/data/public/skcb2/tddft/ResearchProject/systems/coronene/04_leed_simulation/runs/run_002_200eV_d1p4A_54Ha/build/_deps/catch2-subbuild'

CONFIGURING SHARMONIC

-- Looking for std::sph_legendre - found
-- Found Boost: /usr/lib/x86_64-linux-gnu/cmake/Boost-1.83.0/BoostConfig.cmake (found version "1.83.0")  
-- Boost actual version found 1.83.0
-- Downloading Catch2 v3p3p2

DONE CONFIGURING SHARMONIC


CONFIGURING LIBXC

CMake Deprecation Warning at /local/data/public/skcb2/tddft/inq/external_libs/libxc/CMakeLists.txt:10 (cmake_minimum_required):
  Compatibility with CMake < 3.5 will be removed from a future version of
  CMake.

  Update the VERSION argument <min> value or use a ...<max> suffix to tell
  CMake that the project does not need compatibility with older versions.


CMake Deprecation Warning at /local/data/public/skcb2/tddft/inq/external_libs/libxc/CMakeLists.txt:20 (cmake_policy):
  The OLD behavior for policy CMP0104 will be removed from a future version
  of CMake.

  The cmake-policies(7) manual explains that the OLD behaviors of all
  policies are deprecated and that a policy should be set to OLD only under
  specific short-term circumstances.  Projects should be ported to the NEW
  behavior and not rely on setting a policy to OLD.


-- Setting option CMAKE_BUILD_TYPE: Release
-- Setting option BUILD_SHARED_LIBS: OFF
-- Setting option BUILD_TESTING: OFF
-- Setting option BUILD_FPIC: ON
-- Setting option NAMESPACE_INSTALL_INCLUDEDIR: /
-- Setting option ENABLE_GENERIC: OFF
-- Setting option ENABLE_FORTRAN: OFF
-- Setting option ENABLE_PYTHON: OFF
-- Setting option ENABLE_XHOST: OFF
-- Setting option DISABLE_VXC: OFF
-- Setting option DISABLE_FXC: ON
-- Setting option DISABLE_KXC: ON
-- Setting option DISABLE_LXC: ON
-- Setting option DISABLE_FHC: OFF
Test program linked with -m
-- Version: Full 7.0.0
-- SO Version: Full 15:0:0 Major 15

DONE CONFIGURING LIBXC


CONFIGURING LIBPAW INTERFACE

-- Downloading Catch2 v3p3p2 for gpurun

DONE CONFIGURING LIBPAW INTERFACE

-- Downloading Catch2 v3p3p2

Configuring libPAW interface for pseudopod


DONE CONFIGURING LIBPAW INTERFACE

-- Found Boost: /usr/lib/x86_64-linux-gnu/cmake/Boost-1.83.0/BoostConfig.cmake (found version "1.83.0") found components: serialization 
-- Downloading spdlog
-- Populating spdlog
-- Configuring done (0.0s)
-- Generating done (0.0s)
-- Build files have been written to: /local/data/public/skcb2/tddft/ResearchProject/systems/coronene/04_leed_simulation/runs/run_002_200eV_d1p4A_54Ha/build/_deps/spdlog-subbuild
gmake[1]: Entering directory '/local/data/public/skcb2/tddft/ResearchProject/systems/coronene/04_leed_simulation/runs/run_002_200eV_d1p4A_54Ha/build/_deps/spdlog-subbuild'
gmake[2]: Entering directory '/local/data/public/skcb2/tddft/ResearchProject/systems/coronene/04_leed_simulation/runs/run_002_200eV_d1p4A_54Ha/build/_deps/spdlog-subbuild'
gmake[3]: Entering directory '/local/data/public/skcb2/tddft/ResearchProject/systems/coronene/04_leed_simulation/runs/run_002_200eV_d1p4A_54Ha/build/_deps/spdlog-subbuild'
gmake[3]: Leaving directory '/local/data/public/skcb2/tddft/ResearchProject/systems/coronene/04_leed_simulation/runs/run_002_200eV_d1p4A_54Ha/build/_deps/spdlog-subbuild'
[100%] Built target spdlog-populate
gmake[2]: Leaving directory '/local/data/public/skcb2/tddft/ResearchProject/systems/coronene/04_leed_simulation/runs/run_002_200eV_d1p4A_54Ha/build/_deps/spdlog-subbuild'
gmake[1]: Leaving directory '/local/data/public/skcb2/tddft/ResearchProject/systems/coronene/04_leed_simulation/runs/run_002_200eV_d1p4A_54Ha/build/_deps/spdlog-subbuild'
-- Build spdlog: 1.11.0
-- Build type: Release
-- Downloading spglib
-- Populating spglib
-- Configuring done (0.0s)
-- Generating done (0.0s)
-- Build files have been written to: /local/data/public/skcb2/tddft/ResearchProject/systems/coronene/04_leed_simulation/runs/run_002_200eV_d1p4A_54Ha/build/_deps/spglib-subbuild
gmake[1]: Entering directory '/local/data/public/skcb2/tddft/ResearchProject/systems/coronene/04_leed_simulation/runs/run_002_200eV_d1p4A_54Ha/build/_deps/spglib-subbuild'
gmake[2]: Entering directory '/local/data/public/skcb2/tddft/ResearchProject/systems/coronene/04_leed_simulation/runs/run_002_200eV_d1p4A_54Ha/build/_deps/spglib-subbuild'
gmake[3]: Entering directory '/local/data/public/skcb2/tddft/ResearchProject/systems/coronene/04_leed_simulation/runs/run_002_200eV_d1p4A_54Ha/build/_deps/spglib-subbuild'
gmake[3]: Leaving directory '/local/data/public/skcb2/tddft/ResearchProject/systems/coronene/04_leed_simulation/runs/run_002_200eV_d1p4A_54Ha/build/_deps/spglib-subbuild'
[100%] Built target spglib-populate
gmake[2]: Leaving directory '/local/data/public/skcb2/tddft/ResearchProject/systems/coronene/04_leed_simulation/runs/run_002_200eV_d1p4A_54Ha/build/_deps/spglib-subbuild'
gmake[1]: Leaving directory '/local/data/public/skcb2/tddft/ResearchProject/systems/coronene/04_leed_simulation/runs/run_002_200eV_d1p4A_54Ha/build/_deps/spglib-subbuild'
CMake Deprecation Warning at _deps/spglib-src/CMakeLists.txt:2 (cmake_minimum_required):
  Compatibility with CMake < 3.5 will be removed from a future version of
  CMake.

  Update the VERSION argument <min> value or use a ...<max> suffix to tell
  CMake that the project does not need compatibility with older versions.


CMake Warning (dev) at _deps/spglib-src/CMakeLists.txt:4 (project):
  Policy CMP0048 is not set: project() command manages VERSION variables.
  Run "cmake --help-policy CMP0048" for policy details.  Use the cmake_policy
  command to set the policy and suppress this warning.

  The following variable(s) would be set to empty:

    PROJECT_VERSION
    PROJECT_VERSION_MAJOR
    PROJECT_VERSION_MINOR
This warning is for project developers.  Use -Wno-dev to suppress it.

-- Build type: Release
-- Found Boost: /usr/lib/x86_64-linux-gnu/cmake/Boost-1.83.0/BoostConfig.cmake (found version "1.83.0") found components: serialization system 
-- Boost actual version found 1.83.0
-- Populating pybind11
-- Configuring done (0.0s)
-- Generating done (0.0s)
-- Build files have been written to: /local/data/public/skcb2/tddft/ResearchProject/systems/coronene/04_leed_simulation/runs/run_002_200eV_d1p4A_54Ha/build/_deps/pybind11-subbuild
gmake[1]: Entering directory '/local/data/public/skcb2/tddft/ResearchProject/systems/coronene/04_leed_simulation/runs/run_002_200eV_d1p4A_54Ha/build/_deps/pybind11-subbuild'
gmake[2]: Entering directory '/local/data/public/skcb2/tddft/ResearchProject/systems/coronene/04_leed_simulation/runs/run_002_200eV_d1p4A_54Ha/build/_deps/pybind11-subbuild'
gmake[3]: Entering directory '/local/data/public/skcb2/tddft/ResearchProject/systems/coronene/04_leed_simulation/runs/run_002_200eV_d1p4A_54Ha/build/_deps/pybind11-subbuild'
gmake[3]: Leaving directory '/local/data/public/skcb2/tddft/ResearchProject/systems/coronene/04_leed_simulation/runs/run_002_200eV_d1p4A_54Ha/build/_deps/pybind11-subbuild'
[100%] Built target pybind11-populate
gmake[2]: Leaving directory '/local/data/public/skcb2/tddft/ResearchProject/systems/coronene/04_leed_simulation/runs/run_002_200eV_d1p4A_54Ha/build/_deps/pybind11-subbuild'
gmake[1]: Leaving directory '/local/data/public/skcb2/tddft/ResearchProject/systems/coronene/04_leed_simulation/runs/run_002_200eV_d1p4A_54Ha/build/_deps/pybind11-subbuild'
-- pybind11 v2.12.0 
-- Configuring done (4.8s)
-- Generating done (0.2s)
-- Build files have been written to: /local/data/public/skcb2/tddft/ResearchProject/systems/coronene/04_leed_simulation/runs/run_002_200eV_d1p4A_54Ha/build
[  0%] Built target paw_defs
[  0%] Built target paw_libxc_c
[  3%] Built target symspg_static
[  5%] Built target spdlog
[  5%] Built target paw_mpi
[  7%] Built target paw_tools
[ 25%] Built target Catch2
[ 25%] Built target paw_libxc
[ 27%] Built target paw_level1
[ 28%] Built target fft_level1
[ 29%] Built target xc_basic
[ 29%] Built target Catch2WithMain
[ 29%] Built target fft_level2
[ 30%] Built target xc_driver
[ 30%] Built target paw_level2
[ 31%] Built target fft_level3
[ 31%] Built target paw_xc
[ 32%] Built target paw_level3
[ 34%] Built target paw_level4
[ 34%] Built target libpaw_mod
[ 35%] Built target paw_add
[ 95%] Built target xc
[100%] Built target libpaw_interface_files
[100%] Building CUDA object CMakeFiles/run.dir/local/data/public/skcb2/tddft/ResearchProject/systems/coronene/04_leed_simulation/runs/run_002_200eV_d1p4A_54Ha/run.cpp.o
[100%] Linking CUDA device code CMakeFiles/run.dir/cmake_device_link.o
[100%] Linking CXX executable /local/data/public/skcb2/tddft/ResearchProject/systems/coronene/04_leed_simulation/runs/run_002_200eV_d1p4A_54Ha/run
[100%] Built target run
==> Running run...
───────────────────────────────────────
[2026-04-14 14:11:08.114] [electrons:7bX8Yg] [info] System information:

Cell:
  Lattice vectors [b] = 34.771	0	0
                        0	34.771	0
                        0	0	59.9043
  Volume [b^3]        = 72425.5
  Periodicity         = 0d (finite)

Species (2 total):
  H                   - | defaults | *
  C                   - | defaults | *

  * Uses default pseudopotential set: 'pseudodojo_pbe'

Ions (36 total):
  0	-	C	20.0708	17.3855	29.9522
  1	-	C	22.7561	17.3855	29.9522
  2	-	C	18.7281	19.711	29.9522
  3	-	C	20.0708	22.0366	29.9522
  4	-	C	16.0428	19.711	29.9522
  5	-	C	14.7002	22.0366	29.9522
  6	-	C	14.7002	17.3855	29.9522
  7	-	C	12.0149	17.3855	29.9522
  8	-	C	16.0428	15.0599	29.9522
  9	-	C	14.7002	12.7344	29.9522
  10	-	C	18.7281	15.0599	29.9522
  11	-	C	20.0708	12.7344	29.9522
  12	-	C	24.0987	19.711	29.9522
  13	-	C	22.7561	22.0366	29.9522
  14	-	C	18.7281	24.3621	29.9522
  15	-	C	16.0428	24.3621	29.9522
  16	-	C	12.0149	22.0366	29.9522
  17	-	C	10.6722	19.711	29.9522
  18	-	C	10.6722	15.0599	29.9522
  19	-	C	12.0149	12.7344	29.9522
  20	-	C	16.0428	10.4089	29.9522
  21	-	C	18.7281	10.4089	29.9522
  22	-	C	22.7561	12.7344	29.9522
  23	-	C	24.0987	15.0599	29.9522
  24	-	H	26.0379	20.3828	29.9522
  25	-	H	24.3074	23.3801	29.9522
  26	-	H	19.116	26.3774	29.9522
  27	-	H	15.655	26.3774	29.9522
  28	-	H	10.4635	23.3801	29.9522
  29	-	H	8.73304	20.3828	29.9522
  30	-	H	8.73304	14.3882	29.9522
  31	-	H	10.4635	11.3909	29.9522
  32	-	H	15.655	8.3936	29.9522
  33	-	H	19.116	8.3936	29.9522
  34	-	H	24.3074	11.3909	29.9522
  35	-	H	26.0379	14.3882	29.9522

Kpoints (1 total):
  k-point       0 =   0.000   0.000   0.000   weight = 1.000

Basis set:
  Spacing                 = 0.34771 0.34771 0.34231 bohr
  Grid size               = 100 x 100 x 175
  Number of grid points   = 1750000

Kohn-Sham representation:
  Number of electrons      = 108
  Spin                     = unpolarized
  States per spin/kpoint   = 57


[2026-04-14 14:11:08.115] [electrons:7bX8Yg] [info] system symmetries: Pmmm (number 47)
[2026-04-14 14:11:08.117] [electrons:7bX8Yg] [info] parallelization:
[2026-04-14 14:11:08.117] [electrons:7bX8Yg] [info]   electrons divided among 1 processes (1 kpoints x 1 states x 1 domains)
[2026-04-14 14:11:08.117] [electrons:7bX8Yg] [info]   process 0 has gpu id OBV6ryIUSmbtX/uegaCMkw
[2026-04-14 14:11:08.117] [electrons:7bX8Yg] [info] k-point parallelization:
[2026-04-14 14:11:08.117] [electrons:7bX8Yg] [info]   1 k-points/spin indices divided among 1 partitions
[2026-04-14 14:11:08.117] [electrons:7bX8Yg] [info]   partition 0 has 1 k-points/spin indices and the last partition has 1

[2026-04-14 14:11:08.117] [electrons:7bX8Yg] [info] state parallelization:
[2026-04-14 14:11:08.117] [electrons:7bX8Yg] [info]   57 states divided among 1 partitions
[2026-04-14 14:11:08.117] [electrons:7bX8Yg] [info]   partition 0 has 57 states and the last partition has 57 states

[2026-04-14 14:11:08.117] [electrons:7bX8Yg] [info] real-space parallelization:
[2026-04-14 14:11:08.117] [electrons:7bX8Yg] [info]   100 slices (1750000 points) divided among 1 partitions
[2026-04-14 14:11:08.117] [electrons:7bX8Yg] [info]   partition 0 has 100 slices and the last partition has 100 slices (1750000 and 1750000 points)
[2026-04-14 14:11:08.117] [electrons:7bX8Yg] [info] fourier-space parallelization:
[2026-04-14 14:11:08.117] [electrons:7bX8Yg] [info]   100 slices (1750000 points) divided among 1 partitions
[2026-04-14 14:11:08.117] [electrons:7bX8Yg] [info]   partition 0 has 100 slices and the last partition has 100 slices (1750000 and 1750000 points)


=== STEP 2: Ground state SCF ===
  E_cut  : 40 Ha  (h=0.186 Ang)
  Atoms  : 36  (expect 36)
  States : 57  (54 occ + 3 extra)
[2026-04-14 14:11:08.576] [electrons:7bX8Yg] [trace] ground-state calculation started
[2026-04-14 14:11:08.576] [electrons:7bX8Yg] [info] 
SCF solver:
  eigensolver          = steepest_descent
  mixer                = broyden
  mixing               = 0.1
  mixing ndim          = 8

[2026-04-14 14:11:12.937] [electrons:7bX8Yg] [info] 
SCF iter 0 : wtime =   3.8s e = 826.5122844349 de = -2e+306 dn = 2e+00 dst = 3e+01
  st =    8  occ = 2.000  evalue =     5.231997923723  res = 3e+01
  st =    1  occ = 2.000  evalue =     5.234415253476  res = 3e+01
  st =   11  occ = 2.000  evalue =     5.235030767844  res = 3e+01
  st =    6  occ = 2.000  evalue =     5.237051677041  res = 3e+01
  st =   14  occ = 2.000  evalue =     5.237693670877  res = 3e+01
  st =   25  occ = 2.000  evalue =     5.239852900856  res = 3e+01
  st =    3  occ = 2.000  evalue =     5.240415930902  res = 3e+01
  st =    2  occ = 2.000  evalue =     5.244454533068  res = 3e+01
    [output of 20 eigenvalues suppressed,  minres = 3e+01  maxres = 3e+01]
  st =   19  occ = 2.000  evalue =     5.266080600412  res = 3e+01
  st =   13  occ = 2.000  evalue =     5.267360628949  res = 3e+01
  st =   23  occ = 2.000  evalue =     5.269837547865  res = 3e+01
  st =   18  occ = 2.000  evalue =     5.269883725958  res = 3e+01
  st =   41  occ = 2.000  evalue =     5.270141522401  res = 3e+01
  st =   50  occ = 2.000  evalue =     5.270298936373  res = 3e+01
  st =   32  occ = 2.000  evalue =     5.271095841609  res = 3e+01
  st =   56  occ = 0.000  evalue =     5.271239817941  res = 3e+01
  st =   51  occ = 2.000  evalue =     5.272129869271  res = 3e+01
  st =   38  occ = 2.000  evalue =     5.273712504253  res = 3e+01
  st =   53  occ = 2.000  evalue =     5.274395319669  res = 3e+01
  st =   27  occ = 2.000  evalue =     5.275203616440  res = 3e+01
  st =   42  occ = 2.000  evalue =     5.275604356383  res = 3e+01
  st =   15  occ = 2.000  evalue =     5.277738672368  res = 3e+01
  st =   44  occ = 2.000  evalue =     5.278290513951  res = 3e+01
    [output of 6 eigenvalues suppressed,  minres = 3e+01  maxres = 3e+01]
  st =   48  occ = 2.000  evalue =     5.286926885633  res = 3e+01
  st =   49  occ = 2.000  evalue =     5.289439221277  res = 3e+01
  st =   55  occ = 0.000  evalue =     5.289650692925  res = 3e+01
  st =   22  occ = 2.000  evalue =     5.296046026775  res = 3e+01
  st =   45  occ = 2.000  evalue =     5.296629402752  res = 3e+01
  st =   47  occ = 2.000  evalue =     5.296730486035  res = 3e+01
  st =   57  occ = 0.000  evalue =     5.296868017629  res = 3e+01
  st =   24  occ = 2.000  evalue =     5.297935031350  res = 3e+01

[2026-04-14 14:11:16.604] [electrons:7bX8Yg] [info] 
SCF iter 1 : wtime =   3.7s e = 863.9825328346 de =  9e-01 dn = 2e+00 dst = 7e+00
  st =    1  occ = 2.000  evalue =     6.090481438561  res = 7e+00
  st =    4  occ = 2.000  evalue =     6.091883532363  res = 7e+00
  st =    2  occ = 2.000  evalue =     6.092304405090  res = 7e+00
  st =   40  occ = 2.000  evalue =     6.093304370248  res = 7e+00
  st =    7  occ = 2.000  evalue =     6.094501486512  res = 7e+00
  st =    3  occ = 2.000  evalue =     6.099613228916  res = 7e+00
  st =   35  occ = 2.000  evalue =     6.100602511914  res = 7e+00
  st =   43  occ = 2.000  evalue =     6.100991868108  res = 7e+00
  st =   39  occ = 2.000  evalue =     6.103227167124  res = 7e+00
  st =   14  occ = 2.000  evalue =     6.103437770522  res = 7e+00
  st =   11  occ = 2.000  evalue =     6.105358104158  res = 7e+00
  st =   13  occ = 2.000  evalue =     6.105511860608  res = 7e+00
  st =   56  occ = 0.000  evalue =     6.105584662463  res = 6e+00
  st =   16  occ = 2.000  evalue =     6.105816174358  res = 7e+00
  st =   23  occ = 2.000  evalue =     6.105969610299  res = 7e+00
  st =   22  occ = 2.000  evalue =     6.106130559493  res = 7e+00
  st =   34  occ = 2.000  evalue =     6.106167530249  res = 7e+00
  st =   41  occ = 2.000  evalue =     6.107167433724  res = 6e+00
  st =   10  occ = 2.000  evalue =     6.107185974534  res = 7e+00
  st =   18  occ = 2.000  evalue =     6.108705110142  res = 7e+00
    [output of 29 eigenvalues suppressed,  minres = 6e+00  maxres = 7e+00]
  st =   17  occ = 2.000  evalue =     6.127751469639  res = 7e+00
  st =   12  occ = 2.000  evalue =     6.130933564008  res = 7e+00
  st =   48  occ = 2.000  evalue =     6.133784276402  res = 7e+00
  st =   27  occ = 2.000  evalue =     6.135811312423  res = 7e+00
  st =   24  occ = 2.000  evalue =     6.135850243632  res = 7e+00
  st =   53  occ = 2.000  evalue =     6.137620131080  res = 6e+00
  st =    8  occ = 2.000  evalue =     6.143527116438  res = 7e+00
  st =   26  occ = 2.000  evalue =     6.144040431072  res = 7e+00

[2026-04-14 14:11:20.242] [electrons:7bX8Yg] [info] 
SCF iter 2 : wtime =   3.6s e = 694.5270430076 de = -6e+00 dn = 2e+00 dst = 4e+00
  st =    1  occ = 2.000  evalue =     0.063066796782  res = 4e+00
  st =   21  occ = 2.000  evalue =     0.073819070068  res = 4e+00
  st =   19  occ = 2.000  evalue =     0.074552625399  res = 4e+00
  st =    3  occ = 2.000  evalue =     0.112379201213  res = 4e+00
  st =   10  occ = 2.000  evalue =     0.117259384706  res = 4e+00
  st =   32  occ = 2.000  evalue =     0.130234841571  res = 4e+00
  st =    2  occ = 2.000  evalue =     0.135480081115  res = 4e+00
  st =   14  occ = 2.000  evalue =     0.152545678869  res = 4e+00
    [output of 31 eigenvalues suppressed,  minres = 4e+00  maxres = 4e+00]
  st =   53  occ = 2.000  evalue =     0.288386016447  res = 4e+00
  st =    9  occ = 2.000  evalue =     0.293098613253  res = 3e+00
  st =   40  occ = 2.000  evalue =     0.297735251827  res = 4e+00
  st =   33  occ = 2.000  evalue =     0.301022399206  res = 3e+00
  st =   39  occ = 2.000  evalue =     0.306338155845  res = 4e+00
  st =   51  occ = 2.000  evalue =     0.308350538899  res = 4e+00
  st =   27  occ = 2.000  evalue =     0.313975931589  res = 4e+00
  st =   56  occ = 0.000  evalue =     0.317231875749  res = 4e+00
  st =   42  occ = 2.000  evalue =     0.317281363975  res = 4e+00
  st =   37  occ = 2.000  evalue =     0.324685370217  res = 3e+00
  st =   43  occ = 2.000  evalue =     0.330483545611  res = 4e+00
  st =   55  occ = 0.000  evalue =     0.333640537479  res = 4e+00
  st =   49  occ = 2.000  evalue =     0.338766296739  res = 4e+00
  st =   52  occ = 2.000  evalue =     0.345010231027  res = 4e+00
  st =   57  occ = 0.000  evalue =     0.375748602904  res = 3e+00
  st =   48  occ = 2.000  evalue =     0.380393862114  res = 4e+00
  st =   50  occ = 2.000  evalue =     0.398807122013  res = 3e+00
  st =   54  occ = 2.000  evalue =     0.410107651752  res = 4e+00

[2026-04-14 14:11:23.872] [electrons:7bX8Yg] [info] 
SCF iter 3 : wtime =   3.6s e = 707.5491116368 de = -2e+00 dn = 2e+00 dst = 2e+01
  st =    1  occ = 2.000  evalue =    -3.268608502166  res = 3e+00
  st =    3  occ = 2.000  evalue =    -3.165456287528  res = 4e+00
  st =    2  occ = 2.000  evalue =    -3.139284697217  res = 4e+00
  st =    5  occ = 2.000  evalue =    -2.848650138807  res = 7e+00
  st =    4  occ = 2.000  evalue =    -2.674153463907  res = 5e+00
  st =    6  occ = 2.000  evalue =    -2.536269637237  res = 7e+00
  st =    7  occ = 2.000  evalue =    -2.288092281200  res = 5e+00
  st =   10  occ = 2.000  evalue =    -2.279747662529  res = 6e+00
    [output of 37 eigenvalues suppressed,  minres = 5e+00  maxres = 3e+01]
  st =   42  occ = 2.000  evalue =    -0.692638390569  res = 3e+01
  st =   47  occ = 2.000  evalue =    -0.687003374181  res = 3e+01
  st =   46  occ = 2.000  evalue =    -0.675370655960  res = 3e+01
  st =   52  occ = 2.000  evalue =    -0.654448061828  res = 4e+01
  st =   49  occ = 2.000  evalue =    -0.646159457689  res = 3e+01
  st =   48  occ = 2.000  evalue =    -0.635939910121  res = 3e+01
  st =   51  occ = 2.000  evalue =    -0.608485183076  res = 3e+01
  st =   56  occ = 0.000  evalue =    -0.602262530210  res = 3e+01
  st =   50  occ = 2.000  evalue =    -0.601451882600  res = 3e+01
  st =   57  occ = 0.000  evalue =    -0.586897396013  res = 3e+01
  st =   54  occ = 2.000  evalue =    -0.579634507878  res = 3e+01
  st =   55  occ = 0.000  evalue =    -0.562837453660  res = 3e+01

[2026-04-14 14:11:27.503] [electrons:7bX8Yg] [info] 
SCF iter 4 : wtime =   3.6s e = 721.1412434498 de = -1e+00 dn = 2e+00 dst = 7e-01
  st =    1  occ = 2.000  evalue =    -3.975507829709  res = 2e-01
  st =    2  occ = 2.000  evalue =    -3.960619544926  res = 2e-01
  st =    3  occ = 2.000  evalue =    -3.711080841884  res = 2e-01
  st =    4  occ = 2.000  evalue =    -3.695191238701  res = 3e-01
  st =    6  occ = 2.000  evalue =    -3.578429531936  res = 2e-01
  st =    7  occ = 2.000  evalue =    -3.556604566355  res = 2e-01
  st =    5  occ = 2.000  evalue =    -3.539212275598  res = 1e-01
  st =    9  occ = 2.000  evalue =    -3.398871124753  res = 5e-01
    [output of 38 eigenvalues suppressed,  minres = 2e-01  maxres = 5e-01]
  st =   46  occ = 2.000  evalue =    -1.996419854836  res = 5e-01
  st =   48  occ = 2.000  evalue =    -1.968518087534  res = 6e-01
  st =   51  occ = 2.000  evalue =    -1.940702675377  res = 7e-01
  st =   50  occ = 2.000  evalue =    -1.907435732650  res = 6e-01
  st =   49  occ = 2.000  evalue =    -1.809453017599  res = 5e-01
  st =   53  occ = 2.000  evalue =    -1.680055378504  res = 6e-01
  st =   52  occ = 2.000  evalue =    -1.653096680020  res = 6e-01
  st =   55  occ = 0.000  evalue =    -1.543995640994  res = 9e-01
  st =   54  occ = 2.000  evalue =    -1.322952562980  res = 1e+00
  st =   56  occ = 0.000  evalue =    -1.294592820586  res = 1e+00
  st =   57  occ = 0.000  evalue =    -1.213260798667  res = 2e+00

[2026-04-14 14:11:31.137] [electrons:7bX8Yg] [info] 
SCF iter 5 : wtime =   3.6s e = 728.1357029172 de = -1e-01 dn = 2e+00 dst = 1e+00
  st =    1  occ = 2.000  evalue =    -4.075604155043  res = 2e-01
  st =    2  occ = 2.000  evalue =    -4.067082676183  res = 2e-01
  st =    4  occ = 2.000  evalue =    -3.838662824169  res = 2e-01
  st =    3  occ = 2.000  evalue =    -3.832711317171  res = 3e-02
  st =    5  occ = 2.000  evalue =    -3.664743252817  res = 3e-01
  st =    6  occ = 2.000  evalue =    -3.605279591437  res = 4e-01
  st =    7  occ = 2.000  evalue =    -3.567591290559  res = 3e-01
  st =    8  occ = 2.000  evalue =    -3.556202962613  res = 5e-01
    [output of 29 eigenvalues suppressed,  minres = 1e-01  maxres = 4e+00]
  st =   39  occ = 2.000  evalue =    -2.261757857921  res = 4e+00
  st =   38  occ = 2.000  evalue =    -2.223413947907  res = 2e+00
  st =   40  occ = 2.000  evalue =    -2.153784510660  res = 4e-01
  st =   54  occ = 2.000  evalue =    -2.136844854429  res = 2e+00
  st =   42  occ = 2.000  evalue =    -2.124453462566  res = 1e+00
  st =   41  occ = 2.000  evalue =    -2.124156307917  res = 8e-01
  st =   53  occ = 2.000  evalue =    -2.108301183021  res = 2e+00
  st =   56  occ = 0.000  evalue =    -2.067366080799  res = 2e+00
  st =   43  occ = 2.000  evalue =    -2.057096100642  res = 8e-01
  st =   44  occ = 2.000  evalue =    -2.045228515785  res = 7e-01
  st =   46  occ = 2.000  evalue =    -2.025672722881  res = 3e+00
  st =   45  occ = 2.000  evalue =    -2.015433264232  res = 5e-01
  st =   55  occ = 0.000  evalue =    -1.976079841392  res = 2e+00
  st =   48  occ = 2.000  evalue =    -1.953489554434  res = 7e-01
  st =   47  occ = 2.000  evalue =    -1.924354134738  res = 4e-01
  st =   49  occ = 2.000  evalue =    -1.875036410765  res = 1e+00
  st =   52  occ = 2.000  evalue =    -1.859048878342  res = 2e+00
  st =   51  occ = 2.000  evalue =    -1.849918700665  res = 5e-01
  st =   57  occ = 0.000  evalue =    -1.812427144100  res = 4e-01
  st =   50  occ = 2.000  evalue =    -1.811915589084  res = 6e-01

[2026-04-14 14:11:34.771] [electrons:7bX8Yg] [info] 
SCF iter 6 : wtime =   3.6s e = 729.4818428127 de = -8e-02 dn = 2e+00 dst = 7e-02
  st =    1  occ = 2.000  evalue =    -4.082129441296  res = 2e-04
  st =    2  occ = 2.000  evalue =    -4.074456326233  res = 2e-04
  st =    3  occ = 2.000  evalue =    -3.852856028195  res = 4e-04
  st =    4  occ = 2.000  evalue =    -3.838650848874  res = 2e-02
  st =    5  occ = 2.000  evalue =    -3.677565143488  res = 1e-03
  st =    6  occ = 2.000  evalue =    -3.632543262064  res = 1e-03
  st =    7  occ = 2.000  evalue =    -3.586841931981  res = 8e-04
  st =    8  occ = 2.000  evalue =    -3.576065904302  res = 4e-03
    [output of 39 eigenvalues suppressed,  minres = 1e-03  maxres = 9e-02]
  st =   47  occ = 2.000  evalue =    -2.076348009733  res = 2e-01
  st =   48  occ = 2.000  evalue =    -2.063465066982  res = 2e-01
  st =   49  occ = 2.000  evalue =    -2.047771547777  res = 2e-01
  st =   51  occ = 2.000  evalue =    -1.990565809173  res = 1e-01
  st =   52  occ = 2.000  evalue =    -1.952092791107  res = 2e-01
  st =   53  occ = 2.000  evalue =    -1.933518235350  res = 1e-01
  st =   54  occ = 2.000  evalue =    -1.931496862332  res = 1e-01
  st =   55  occ = 0.000  evalue =    -1.888486583712  res = 1e-01
  st =   56  occ = 0.000  evalue =    -1.843879973166  res = 2e-01
  st =   57  occ = 0.000  evalue =    -1.805921687730  res = 2e-01

[2026-04-14 14:11:38.443] [electrons:7bX8Yg] [info] 
SCF iter 7 : wtime =   3.7s e = 732.6817073719 de = -4e-02 dn = 2e+00 dst = 1e-01
  st =    1  occ = 2.000  evalue =    -4.081956858726  res = 6e-06
  st =    2  occ = 2.000  evalue =    -4.074264493069  res = 8e-06
  st =    3  occ = 2.000  evalue =    -3.853133214870  res = 4e-04
  st =    4  occ = 2.000  evalue =    -3.841617714173  res = 7e-04
  st =    5  occ = 2.000  evalue =    -3.678578241915  res = 3e-05
  st =    6  occ = 2.000  evalue =    -3.633976249081  res = 3e-04
  st =    7  occ = 2.000  evalue =    -3.587205600831  res = 2e-04
  st =    8  occ = 2.000  evalue =    -3.576805005210  res = 1e-03
    [output of 37 eigenvalues suppressed,  minres = 7e-05  maxres = 2e-01]
  st =   46  occ = 2.000  evalue =    -2.234376804341  res = 7e-01
  st =   47  occ = 2.000  evalue =    -2.195656355561  res = 1e+00
  st =   49  occ = 2.000  evalue =    -2.176619051413  res = 1e-01
  st =   48  occ = 2.000  evalue =    -2.152808029747  res = 9e-02
  st =   50  occ = 2.000  evalue =    -2.142342266463  res = 2e-01
  st =   52  occ = 2.000  evalue =    -2.129510779675  res = 1e-01
  st =   51  occ = 2.000  evalue =    -2.124148223265  res = 1e-01
  st =   56  occ = 0.000  evalue =    -2.052441654419  res = 9e-01
  st =   54  occ = 2.000  evalue =    -2.045878178560  res = 9e-02
  st =   53  occ = 2.000  evalue =    -2.024805438627  res = 1e-01
  st =   55  occ = 0.000  evalue =    -1.994972157105  res = 4e-01
  st =   57  occ = 0.000  evalue =    -1.985415863850  res = 1e+00

[2026-04-14 14:11:42.071] [electrons:7bX8Yg] [info] 
SCF iter 8 : wtime =   3.6s e = 733.4745534886 de = -1e-02 dn = 2e+00 dst = 1e-02
  st =    1  occ = 2.000  evalue =    -4.082025113511  res = 2e-07
  st =    2  occ = 2.000  evalue =    -4.074316878131  res = 1e-08
  st =    3  occ = 2.000  evalue =    -3.853262483622  res = 2e-06
  st =    4  occ = 2.000  evalue =    -3.842081750240  res = 2e-05
  st =    5  occ = 2.000  evalue =    -3.678647490556  res = 9e-08
  st =    6  occ = 2.000  evalue =    -3.634086567153  res = 5e-07
  st =    7  occ = 2.000  evalue =    -3.587312476029  res = 3e-07
  st =    8  occ = 2.000  evalue =    -3.576998406775  res = 8e-06
    [output of 39 eigenvalues suppressed,  minres = 3e-07  maxres = 4e-02]
  st =   48  occ = 2.000  evalue =    -2.225493865943  res = 3e-02
  st =   49  occ = 2.000  evalue =    -2.183133165044  res = 2e-02
  st =   50  occ = 2.000  evalue =    -2.173143772141  res = 3e-02
  st =   51  occ = 2.000  evalue =    -2.172996076790  res = 3e-02
  st =   52  occ = 2.000  evalue =    -2.111611991076  res = 2e-02
  st =   53  occ = 2.000  evalue =    -2.084184857655  res = 5e-02
  st =   54  occ = 2.000  evalue =    -2.072984425058  res = 3e-02
  st =   55  occ = 0.000  evalue =    -2.035043818349  res = 4e-02
  st =   56  occ = 0.000  evalue =    -2.034136249717  res = 3e-02
  st =   57  occ = 0.000  evalue =    -2.014441715248  res = 2e-02

[2026-04-14 14:11:45.699] [electrons:7bX8Yg] [info] 
SCF iter 9 : wtime =   3.6s e = 635.8822278629 de =  1e+00 dn = 2e+00 dst = 7e-02
  st =    1  occ = 2.000  evalue =    -2.693109361210  res = 5e-02
  st =    2  occ = 2.000  evalue =    -2.691978997593  res = 5e-02
  st =    3  occ = 2.000  evalue =    -2.496162917533  res = 6e-02
  st =    4  occ = 2.000  evalue =    -2.481884571786  res = 6e-02
  st =    5  occ = 2.000  evalue =    -2.399080641979  res = 6e-02
  st =    7  occ = 2.000  evalue =    -2.365441068490  res = 5e-02
  st =    8  occ = 2.000  evalue =    -2.362390818533  res = 5e-02
  st =    6  occ = 2.000  evalue =    -2.340015053168  res = 5e-02
    [output of 39 eigenvalues suppressed,  minres = 5e-02  maxres = 1e-01]
  st =   47  occ = 2.000  evalue =    -1.125591718477  res = 2e-01
  st =   49  occ = 2.000  evalue =    -1.099034608585  res = 8e-02
  st =   51  occ = 2.000  evalue =    -1.090687423996  res = 1e-01
  st =   50  occ = 2.000  evalue =    -1.072436666964  res = 8e-02
  st =   52  occ = 2.000  evalue =    -1.067276024298  res = 8e-02
  st =   53  occ = 2.000  evalue =    -1.020677747531  res = 1e-01
  st =   54  occ = 2.000  evalue =    -0.998008499398  res = 1e-01
  st =   55  occ = 0.000  evalue =    -0.988129523107  res = 1e-01
  st =   57  occ = 0.000  evalue =    -0.971744770496  res = 1e-01
  st =   56  occ = 0.000  evalue =    -0.963629514157  res = 3e-01

[2026-04-14 14:11:49.324] [electrons:7bX8Yg] [info] 
SCF iter 10 : wtime =   3.6s e = 620.0092073467 de =  6e-02 dn = 2e+00 dst = 2e-02
  st =    1  occ = 2.000  evalue =    -2.649940140551  res = 7e-04
  st =    2  occ = 2.000  evalue =    -2.637007520798  res = 7e-04
  st =    3  occ = 2.000  evalue =    -2.451850308240  res = 7e-04
  st =    4  occ = 2.000  evalue =    -2.428109580637  res = 7e-04
  st =    5  occ = 2.000  evalue =    -2.348847693702  res = 7e-04
  st =    6  occ = 2.000  evalue =    -2.323529547265  res = 7e-04
  st =    7  occ = 2.000  evalue =    -2.314628946053  res = 6e-04
  st =    8  occ = 2.000  evalue =    -2.291875068133  res = 7e-04
    [output of 39 eigenvalues suppressed,  minres = 7e-04  maxres = 2e-01]
  st =   48  occ = 2.000  evalue =    -1.055183141673  res = 9e-03
  st =   49  occ = 2.000  evalue =    -1.041588527805  res = 1e-02
  st =   50  occ = 2.000  evalue =    -1.029755767202  res = 3e-02
  st =   51  occ = 2.000  evalue =    -1.009383230541  res = 5e-02
  st =   52  occ = 2.000  evalue =    -0.989314281904  res = 5e-02
  st =   53  occ = 2.000  evalue =    -0.963494098938  res = 7e-02
  st =   54  occ = 2.000  evalue =    -0.940866350743  res = 3e-02
  st =   55  occ = 0.000  evalue =    -0.937711660586  res = 1e-02
  st =   56  occ = 0.000  evalue =    -0.906572214845  res = 2e-02
  st =   57  occ = 0.000  evalue =    -0.903670360812  res = 1e-02

[2026-04-14 14:11:52.947] [electrons:7bX8Yg] [info] 
SCF iter 11 : wtime =   3.6s e = 518.3997266930 de =  2e+00 dn = 2e+00 dst = 2e-01
  st =    1  occ = 2.000  evalue =    -0.651921941252  res = 2e-01
  st =    2  occ = 2.000  evalue =    -0.618874602380  res = 2e-01
  st =    6  occ = 2.000  evalue =    -0.552167111327  res = 2e-01
  st =    7  occ = 2.000  evalue =    -0.512805433476  res = 2e-01
  st =    3  occ = 2.000  evalue =    -0.500931086250  res = 2e-01
  st =    5  occ = 2.000  evalue =    -0.478617989025  res = 2e-01
  st =    4  occ = 2.000  evalue =    -0.449098868558  res = 2e-01
  st =    8  occ = 2.000  evalue =    -0.414080831134  res = 2e-01
    [output of 37 eigenvalues suppressed,  minres = 1e-01  maxres = 2e-01]
  st =   51  occ = 2.000  evalue =     0.580802552119  res = 2e-01
  st =   44  occ = 2.000  evalue =     0.595781769501  res = 2e-01
  st =   48  occ = 2.000  evalue =     0.598957281027  res = 2e-01
  st =   54  occ = 2.000  evalue =     0.601078348646  res = 2e-01
  st =   47  occ = 2.000  evalue =     0.602920522901  res = 2e-01
  st =   46  occ = 2.000  evalue =     0.604650483703  res = 2e-01
  st =   53  occ = 2.000  evalue =     0.609809446435  res = 2e-01
  st =   56  occ = 0.000  evalue =     0.614159877404  res = 2e-01
  st =   50  occ = 2.000  evalue =     0.628069606894  res = 2e-01
  st =   52  occ = 2.000  evalue =     0.637889461119  res = 2e-01
  st =   55  occ = 0.000  evalue =     0.650638044979  res = 2e-01
  st =   57  occ = 0.000  evalue =     0.675648646697  res = 2e-01

[2026-04-14 14:11:56.570] [electrons:7bX8Yg] [info] 
SCF iter 12 : wtime =   3.6s e = 442.8572790761 de =  2e+00 dn = 1e+00 dst = 5e-01
  st =    3  occ = 2.000  evalue =     1.582768958621  res = 5e-01
  st =    9  occ = 2.000  evalue =     1.629987672804  res = 5e-01
  st =    1  occ = 2.000  evalue =     1.643807539603  res = 5e-01
  st =   10  occ = 2.000  evalue =     1.702548310333  res = 5e-01
  st =    5  occ = 2.000  evalue =     1.714758623365  res = 5e-01
  st =    4  occ = 2.000  evalue =     1.787113919218  res = 5e-01
  st =   12  occ = 2.000  evalue =     1.793239703010  res = 5e-01
  st =    2  occ = 2.000  evalue =     1.821509242834  res = 5e-01
    [output of 39 eigenvalues suppressed,  minres = 5e-01  maxres = 5e-01]
  st =   49  occ = 2.000  evalue =     2.537949861191  res = 6e-01
  st =   52  occ = 2.000  evalue =     2.540182625357  res = 6e-01
  st =   50  occ = 2.000  evalue =     2.593964505055  res = 6e-01
  st =   48  occ = 2.000  evalue =     2.607041506922  res = 5e-01
  st =   51  occ = 2.000  evalue =     2.633397272821  res = 5e-01
  st =   53  occ = 2.000  evalue =     2.668970269050  res = 5e-01
  st =   54  occ = 2.000  evalue =     2.679386120762  res = 6e-01
  st =   55  occ = 0.000  evalue =     2.693376472619  res = 6e-01
  st =   56  occ = 0.000  evalue =     2.740413402284  res = 6e-01
  st =   57  occ = 0.000  evalue =     2.741104515665  res = 6e-01

[2026-04-14 14:12:00.196] [electrons:7bX8Yg] [info] 
SCF iter 13 : wtime =   3.6s e = 405.4287579089 de = -2e-01 dn = 9e-01 dst = 6e-01
  st =    1  occ = 2.000  evalue =     1.323338553863  res = 3e-01
  st =    2  occ = 2.000  evalue =     1.469063282268  res = 3e-01
  st =    4  occ = 2.000  evalue =     1.510681545729  res = 4e-01
  st =    3  occ = 2.000  evalue =     1.529003637842  res = 3e-01
  st =    6  occ = 2.000  evalue =     1.567401245839  res = 4e-01
  st =    5  occ = 2.000  evalue =     1.607943490327  res = 4e-01
  st =    7  occ = 2.000  evalue =     1.610117892414  res = 3e-01
  st =    8  occ = 2.000  evalue =     1.637428631416  res = 4e-01
    [output of 39 eigenvalues suppressed,  minres = 4e-01  maxres = 8e-01]
  st =   47  occ = 2.000  evalue =     2.405492117700  res = 9e-01
  st =   51  occ = 2.000  evalue =     2.414438068439  res = 7e-01
  st =   53  occ = 2.000  evalue =     2.416750823720  res = 8e-01
  st =   46  occ = 2.000  evalue =     2.417086199703  res = 7e-01
  st =   52  occ = 2.000  evalue =     2.430737066923  res = 7e-01
  st =   54  occ = 2.000  evalue =     2.459349030346  res = 7e-01
  st =   45  occ = 2.000  evalue =     2.499585452744  res = 8e-01
  st =   55  occ = 0.000  evalue =     2.532928130149  res = 7e-01
  st =   56  occ = 0.000  evalue =     2.583837054307  res = 7e-01
  st =   57  occ = 0.000  evalue =     2.619446828965  res = 7e-01

[2026-04-14 14:12:03.819] [electrons:7bX8Yg] [info] 
SCF iter 14 : wtime =   3.6s e = 394.7885301523 de = -4e-01 dn = 2e+00 dst = 6e-01
  st =    1  occ = 2.000  evalue =     0.996043188816  res = 2e-01
  st =    2  occ = 2.000  evalue =     1.122141515691  res = 2e-01
  st =    3  occ = 2.000  evalue =     1.138115897977  res = 2e-01
  st =    4  occ = 2.000  evalue =     1.182205934450  res = 2e-01
  st =    5  occ = 2.000  evalue =     1.204651425075  res = 2e-01
  st =    6  occ = 2.000  evalue =     1.236831950186  res = 2e-01
  st =    8  occ = 2.000  evalue =     1.264305840187  res = 3e-01
  st =    7  occ = 2.000  evalue =     1.265587698551  res = 3e-01
    [output of 33 eigenvalues suppressed,  minres = 2e-01  maxres = 9e-01]
  st =   45  occ = 2.000  evalue =     1.787496965493  res = 1e+00
  st =   46  occ = 2.000  evalue =     1.798827515047  res = 1e+00
  st =   42  occ = 2.000  evalue =     1.810739972612  res = 9e-01
  st =   43  occ = 2.000  evalue =     1.811148928666  res = 1e+00
  st =   44  occ = 2.000  evalue =     1.828195026801  res = 1e+00
  st =   48  occ = 2.000  evalue =     1.834467790204  res = 8e-01
  st =   49  occ = 2.000  evalue =     1.835990734441  res = 1e+00
  st =   56  occ = 0.000  evalue =     1.850643381990  res = 1e+00
  st =   50  occ = 2.000  evalue =     1.870848181129  res = 2e+00
  st =   55  occ = 0.000  evalue =     1.881818469471  res = 7e-01
  st =   47  occ = 2.000  evalue =     1.914444161311  res = 1e+00
  st =   52  occ = 2.000  evalue =     1.937444093664  res = 1e+00
  st =   51  occ = 2.000  evalue =     1.988489406844  res = 9e-01
  st =   53  occ = 2.000  evalue =     2.050699646370  res = 1e+00
  st =   54  occ = 2.000  evalue =     2.075947214077  res = 6e-01
  st =   57  occ = 0.000  evalue =     2.275009729882  res = 8e+00

[2026-04-14 14:12:07.444] [electrons:7bX8Yg] [info] 
SCF iter 15 : wtime =   3.6s e = 380.8945956854 de = -1e-02 dn = 2e+00 dst = 7e-02
  st =    1  occ = 2.000  evalue =     1.050533768459  res = 4e-02
  st =    2  occ = 2.000  evalue =     1.185717759114  res = 6e-02
  st =    3  occ = 2.000  evalue =     1.211887356410  res = 4e-02
  st =    4  occ = 2.000  evalue =     1.239744053498  res = 5e-02
  st =    5  occ = 2.000  evalue =     1.272083856427  res = 5e-02
  st =    6  occ = 2.000  evalue =     1.285061198282  res = 5e-02
  st =    7  occ = 2.000  evalue =     1.314129343769  res = 4e-02
  st =    8  occ = 2.000  evalue =     1.334988045201  res = 5e-02
    [output of 12 eigenvalues suppressed,  minres = 4e-02  maxres = 5e-02]
  st =   23  occ = 2.000  evalue =     1.534118632486  res = 5e-02
  st =   19  occ = 2.000  evalue =     1.543672329727  res = 5e-02
  st =   22  occ = 2.000  evalue =     1.548035118641  res = 5e-02
  st =   21  occ = 2.000  evalue =     1.549738846287  res = 6e-02
  st =   25  occ = 2.000  evalue =     1.557831579814  res = 6e-02
  st =   36  occ = 2.000  evalue =     1.564748093306  res = 1e-01
  st =   30  occ = 2.000  evalue =     1.574095708598  res = 8e-02
  st =   57  occ = 0.000  evalue =     1.609947531107  res = 1e-01
  st =   26  occ = 2.000  evalue =     1.615784999033  res = 5e-02
  st =   31  occ = 2.000  evalue =     1.622050588160  res = 7e-02
  st =   28  occ = 2.000  evalue =     1.628891628064  res = 5e-02
  st =   27  occ = 2.000  evalue =     1.644666197531  res = 5e-02
  st =   29  occ = 2.000  evalue =     1.648446267746  res = 5e-02
  st =   33  occ = 2.000  evalue =     1.664001544480  res = 7e-02
  st =   37  occ = 2.000  evalue =     1.696631112830  res = 7e-02
    [output of 14 eigenvalues suppressed,  minres = 5e-02  maxres = 1e-01]
  st =   46  occ = 2.000  evalue =     1.787960524734  res = 1e-01
  st =   51  occ = 2.000  evalue =     1.810012222938  res = 1e-01
  st =   53  occ = 2.000  evalue =     1.825883477427  res = 2e-01
  st =   50  occ = 2.000  evalue =     1.836094829700  res = 9e-02
  st =   52  occ = 2.000  evalue =     1.856073511598  res = 1e-01
  st =   54  occ = 2.000  evalue =     1.882228638952  res = 2e-01
  st =   55  occ = 0.000  evalue =     1.885112419764  res = 2e-01
  st =   56  occ = 0.000  evalue =     1.962170391958  res = 1e-01

[2026-04-14 14:12:11.068] [electrons:7bX8Yg] [info] 
SCF iter 16 : wtime =   3.6s e = 374.5286236235 de = -3e-03 dn = 1e+00 dst = 9e-02
  st =    1  occ = 2.000  evalue =     1.048026991520  res = 1e-02
  st =    2  occ = 2.000  evalue =     1.155710611041  res = 2e-02
  st =    4  occ = 2.000  evalue =     1.213960103416  res = 2e-02
  st =    3  occ = 2.000  evalue =     1.226048518682  res = 2e-02
  st =    5  occ = 2.000  evalue =     1.283188703808  res = 3e-02
  st =    6  occ = 2.000  evalue =     1.287460555642  res = 4e-02
  st =    7  occ = 2.000  evalue =     1.300687623977  res = 3e-02
  st =    9  occ = 2.000  evalue =     1.321228963718  res = 2e-02
    [output of 35 eigenvalues suppressed,  minres = 2e-02  maxres = 2e-01]
  st =   40  occ = 2.000  evalue =     1.745310981430  res = 8e-02
  st =   45  occ = 2.000  evalue =     1.750481239830  res = 2e-01
  st =   46  occ = 2.000  evalue =     1.771021496984  res = 2e-01
  st =   49  occ = 2.000  evalue =     1.783499792688  res = 1e-01
  st =   52  occ = 2.000  evalue =     1.788409269966  res = 3e-01
  st =   47  occ = 2.000  evalue =     1.794244413861  res = 2e-01
  st =   48  occ = 2.000  evalue =     1.803812885090  res = 2e-01
  st =   55  occ = 0.000  evalue =     1.806817154803  res = 3e-01
  st =   50  occ = 2.000  evalue =     1.817542906693  res = 2e-01
  st =   51  occ = 2.000  evalue =     1.830187795227  res = 2e-01
  st =   54  occ = 2.000  evalue =     1.833379404666  res = 5e-01
  st =   57  occ = 0.000  evalue =     1.840985210656  res = 4e-01
  st =   53  occ = 2.000  evalue =     1.848863679939  res = 2e-01
  st =   56  occ = 0.000  evalue =     1.964362611116  res = 8e-02

[2026-04-14 14:12:14.692] [electrons:7bX8Yg] [info] 
SCF iter 17 : wtime =   3.6s e = 377.4991602491 de =  2e-02 dn = 1e+00 dst = 2e-01
  st =    1  occ = 2.000  evalue =     0.873816506831  res = 2e-01
  st =    2  occ = 2.000  evalue =     0.942853453060  res = 2e-01
  st =    3  occ = 2.000  evalue =     0.984644828204  res = 2e-01
  st =    4  occ = 2.000  evalue =     1.043215080788  res = 2e-01
  st =    5  occ = 2.000  evalue =     1.056421308881  res = 2e-01
  st =    6  occ = 2.000  evalue =     1.069410110313  res = 2e-01
  st =    8  occ = 2.000  evalue =     1.121962412714  res = 2e-01
  st =   10  occ = 2.000  evalue =     1.163300919223  res = 2e-01
    [output of 27 eigenvalues suppressed,  minres = 1e-01  maxres = 2e-01]
  st =   40  occ = 2.000  evalue =     1.785945077926  res = 2e-01
  st =   30  occ = 2.000  evalue =     1.788737421973  res = 2e-01
  st =   37  occ = 2.000  evalue =     1.794247871809  res = 2e-01
  st =   31  occ = 2.000  evalue =     1.803569833688  res = 2e-01
  st =   33  occ = 2.000  evalue =     1.816462929213  res = 2e-01
  st =   43  occ = 2.000  evalue =     1.817482600101  res = 2e-01
  st =   45  occ = 2.000  evalue =     1.833800308333  res = 2e-01
  st =   57  occ = 0.000  evalue =     1.835740533163  res = 3e-01
  st =   42  occ = 2.000  evalue =     1.840736425820  res = 2e-01
  st =   41  occ = 2.000  evalue =     1.859531369202  res = 2e-01
  st =   47  occ = 2.000  evalue =     1.869581312876  res = 2e-01
  st =   44  occ = 2.000  evalue =     1.870024771488  res = 2e-01
  st =   51  occ = 2.000  evalue =     1.878726188309  res = 3e-01
  st =   48  occ = 2.000  evalue =     1.879653925094  res = 2e-01
  st =   46  occ = 2.000  evalue =     1.904721708256  res = 2e-01
  st =   49  occ = 2.000  evalue =     1.914573480393  res = 2e-01
  st =   52  occ = 2.000  evalue =     1.927659509418  res = 2e-01
  st =   50  occ = 2.000  evalue =     1.957787219124  res = 2e-01
  st =   53  occ = 2.000  evalue =     1.965478349866  res = 2e-01
  st =   56  occ = 0.000  evalue =     1.999230702632  res = 2e-01
  st =   54  occ = 2.000  evalue =     2.004587860423  res = 2e-01
  st =   55  occ = 0.000  evalue =     2.005738222302  res = 2e-01

[2026-04-14 14:12:18.317] [electrons:7bX8Yg] [info] 
SCF iter 18 : wtime =   3.6s e = 392.6933745141 de = -3e-01 dn = 7e-01 dst = 1e-01
  st =    1  occ = 2.000  evalue =     0.699320250163  res = 5e-03
  st =    2  occ = 2.000  evalue =     0.758917568964  res = 7e-03
  st =    3  occ = 2.000  evalue =     0.780578448483  res = 1e-02
  st =    4  occ = 2.000  evalue =     0.832271623238  res = 5e-03
  st =    5  occ = 2.000  evalue =     0.845015767280  res = 1e-02
  st =    6  occ = 2.000  evalue =     0.860746351333  res = 5e-03
  st =    7  occ = 2.000  evalue =     0.891282752622  res = 7e-03
  st =    8  occ = 2.000  evalue =     0.891930377576  res = 1e-02
    [output of 33 eigenvalues suppressed,  minres = 1e-02  maxres = 4e-01]
  st =   44  occ = 2.000  evalue =     1.563899515641  res = 1e-01
  st =   41  occ = 2.000  evalue =     1.585857462361  res = 1e-01
  st =   40  occ = 2.000  evalue =     1.597374971263  res = 2e-01
  st =   42  occ = 2.000  evalue =     1.598632464471  res = 1e-01
  st =   48  occ = 2.000  evalue =     1.608875996911  res = 4e-01
  st =   52  occ = 2.000  evalue =     1.614273300641  res = 3e-01
  st =   33  occ = 2.000  evalue =     1.623087536843  res = 1e-01
  st =   55  occ = 0.000  evalue =     1.624476500959  res = 1e-01
  st =   53  occ = 2.000  evalue =     1.626010674955  res = 2e-01
  st =   47  occ = 2.000  evalue =     1.628885452120  res = 2e-01
  st =   57  occ = 0.000  evalue =     1.629255675502  res = 1e-01
  st =   34  occ = 2.000  evalue =     1.640084188411  res = 3e-01
  st =   50  occ = 2.000  evalue =     1.642201204896  res = 6e-01
  st =   49  occ = 2.000  evalue =     1.645826770526  res = 2e-01
  st =   56  occ = 0.000  evalue =     1.665698530085  res = 2e-01
  st =   54  occ = 2.000  evalue =     1.713987026951  res = 3e-01

[2026-04-14 14:12:22.579] [electrons:7bX8Yg] [info] 
SCF iter 19 : wtime =   4.3s e = 396.2330432429 de = -2e-01 dn = 8e-01 dst = 3e-02
  st =    1  occ = 2.000  evalue =     0.579320151651  res = 3e-03
  st =    2  occ = 2.000  evalue =     0.619461922137  res = 4e-03
  st =    3  occ = 2.000  evalue =     0.682822442298  res = 3e-03
  st =    4  occ = 2.000  evalue =     0.696824641964  res = 4e-03
  st =    5  occ = 2.000  evalue =     0.714192927130  res = 3e-03
  st =    7  occ = 2.000  evalue =     0.729963248272  res = 4e-03
  st =    6  occ = 2.000  evalue =     0.750347243339  res = 4e-03
  st =    8  occ = 2.000  evalue =     0.791935600996  res = 4e-03
    [output of 27 eigenvalues suppressed,  minres = 3e-03  maxres = 2e-01]
  st =   35  occ = 2.000  evalue =     1.336911569185  res = 6e-02
  st =   37  occ = 2.000  evalue =     1.342965608471  res = 9e-03
  st =   40  occ = 2.000  evalue =     1.343457408967  res = 2e-02
  st =   43  occ = 2.000  evalue =     1.357255383558  res = 4e-02
  st =   52  occ = 2.000  evalue =     1.365342075172  res = 9e-02
  st =   41  occ = 2.000  evalue =     1.367857480864  res = 4e-02
  st =   44  occ = 2.000  evalue =     1.376048600042  res = 3e-02
  st =   55  occ = 0.000  evalue =     1.384853301363  res = 4e-02
  st =   51  occ = 2.000  evalue =     1.385155503640  res = 3e-02
  st =   39  occ = 2.000  evalue =     1.390108099005  res = 2e-02
  st =   38  occ = 2.000  evalue =     1.392196401564  res = 2e-02
  st =   42  occ = 2.000  evalue =     1.394790113946  res = 8e-03
  st =   45  occ = 2.000  evalue =     1.397699457306  res = 2e-02
  st =   46  occ = 2.000  evalue =     1.402931666082  res = 3e-02
  st =   54  occ = 2.000  evalue =     1.403509071212  res = 6e-02
  st =   56  occ = 0.000  evalue =     1.408184534792  res = 1e-01
  st =   47  occ = 2.000  evalue =     1.433978287607  res = 7e-02
  st =   53  occ = 2.000  evalue =     1.438352449920  res = 5e-02
  st =   49  occ = 2.000  evalue =     1.446541254935  res = 5e-02
  st =   48  occ = 2.000  evalue =     1.451352626973  res = 5e-02
  st =   50  occ = 2.000  evalue =     1.451563420100  res = 1e-01
  st =   57  occ = 0.000  evalue =     1.453330991082  res = 6e-02

[2026-04-14 14:12:26.204] [electrons:7bX8Yg] [info] 
SCF iter 20 : wtime =   3.6s e = 398.2706072631 de = -9e-03 dn = 8e-01 dst = 6e-03
  st =    1  occ = 2.000  evalue =     0.574221075480  res = 3e-04
  st =    2  occ = 2.000  evalue =     0.616717571674  res = 3e-04
  st =    3  occ = 2.000  evalue =     0.683082606428  res = 3e-04
  st =    4  occ = 2.000  evalue =     0.685890282902  res = 4e-04
  st =    6  occ = 2.000  evalue =     0.713709812875  res = 3e-04
  st =    5  occ = 2.000  evalue =     0.719884772020  res = 3e-04
  st =    7  occ = 2.000  evalue =     0.740355460802  res = 4e-04
  st =    9  occ = 2.000  evalue =     0.780564181965  res = 5e-04
    [output of 39 eigenvalues suppressed,  minres = 4e-04  maxres = 1e-02]
  st =   49  occ = 2.000  evalue =     1.411530330115  res = 8e-03
  st =   48  occ = 2.000  evalue =     1.413244320308  res = 5e-02
  st =   46  occ = 2.000  evalue =     1.413831134345  res = 7e-03
  st =   52  occ = 2.000  evalue =     1.423305014231  res = 8e-03
  st =   53  occ = 2.000  evalue =     1.437243318380  res = 2e-02
  st =   51  occ = 2.000  evalue =     1.440997634458  res = 7e-03
  st =   54  occ = 2.000  evalue =     1.462366377277  res = 8e-03
  st =   55  occ = 0.000  evalue =     1.478464851477  res = 5e-03
  st =   56  occ = 0.000  evalue =     1.500882953472  res = 1e-02
  st =   57  occ = 0.000  evalue =     1.511886355479  res = 1e-02

[2026-04-14 14:12:29.828] [electrons:7bX8Yg] [info] 
SCF iter 21 : wtime =   3.6s e = 397.6506295778 de =  2e-01 dn = 8e-01 dst = 2e-02
  st =    1  occ = 2.000  evalue =     0.766831261677  res = 3e-03
  st =    2  occ = 2.000  evalue =     0.812924977927  res = 4e-03
  st =    3  occ = 2.000  evalue =     0.863905159427  res = 4e-03
  st =    4  occ = 2.000  evalue =     0.866318256285  res = 3e-03
  st =    5  occ = 2.000  evalue =     0.894738870310  res = 3e-03
  st =    7  occ = 2.000  evalue =     0.910562294229  res = 3e-03
  st =    6  occ = 2.000  evalue =     0.917924175908  res = 4e-03
  st =    9  occ = 2.000  evalue =     0.953231223575  res = 3e-03
    [output of 36 eigenvalues suppressed,  minres = 3e-03  maxres = 7e-02]
  st =   45  occ = 2.000  evalue =     1.560777658755  res = 3e-02
  st =   48  occ = 2.000  evalue =     1.563661129509  res = 3e-02
  st =   44  occ = 2.000  evalue =     1.567951490287  res = 1e-02
  st =   47  occ = 2.000  evalue =     1.568246708528  res = 1e-01
  st =   49  occ = 2.000  evalue =     1.572308106624  res = 7e-03
  st =   50  occ = 2.000  evalue =     1.580045870237  res = 8e-03
  st =   51  occ = 2.000  evalue =     1.582323083636  res = 1e-01
  st =   55  occ = 0.000  evalue =     1.604279037767  res = 2e-02
  st =   53  occ = 2.000  evalue =     1.605962612022  res = 8e-02
  st =   52  occ = 2.000  evalue =     1.607138874249  res = 4e-02
  st =   54  occ = 2.000  evalue =     1.617946218476  res = 5e-02
  st =   56  occ = 0.000  evalue =     1.622268646893  res = 1e-01
  st =   57  occ = 0.000  evalue =     1.643106601853  res = 9e-02

[2026-04-14 14:12:33.453] [electrons:7bX8Yg] [info] 
SCF iter 22 : wtime =   3.6s e = 398.4699302866 de =  2e-01 dn = 7e-01 dst = 2e-02
  st =    1  occ = 2.000  evalue =     0.936498340397  res = 4e-03
  st =    2  occ = 2.000  evalue =     0.982546150970  res = 5e-03
  st =    3  occ = 2.000  evalue =     1.021478081089  res = 4e-03
  st =    4  occ = 2.000  evalue =     1.030309772040  res = 5e-03
  st =    5  occ = 2.000  evalue =     1.048524485649  res = 4e-03
  st =    6  occ = 2.000  evalue =     1.061601769764  res = 4e-03
  st =    7  occ = 2.000  evalue =     1.100996140046  res = 6e-03
  st =    8  occ = 2.000  evalue =     1.107144380320  res = 5e-03
    [output of 14 eigenvalues suppressed,  minres = 4e-03  maxres = 5e-03]
  st =   24  occ = 2.000  evalue =     1.520779367077  res = 7e-03
  st =   25  occ = 2.000  evalue =     1.535420086512  res = 4e-02
  st =   26  occ = 2.000  evalue =     1.558191107153  res = 1e-02
  st =   27  occ = 2.000  evalue =     1.568585096421  res = 1e-02
  st =   23  occ = 2.000  evalue =     1.580709520559  res = 3e-02
  st =   28  occ = 2.000  evalue =     1.609129846497  res = 3e-02
  st =   30  occ = 2.000  evalue =     1.611905803362  res = 1e-02
  st =   57  occ = 0.000  evalue =     1.618708662854  res = 1e-01
  st =   29  occ = 2.000  evalue =     1.625184738409  res = 1e-02
  st =   31  occ = 2.000  evalue =     1.627658448440  res = 2e-02
  st =   34  occ = 2.000  evalue =     1.646320477169  res = 1e-02
  st =   44  occ = 2.000  evalue =     1.650507107144  res = 6e-02
  st =   37  occ = 2.000  evalue =     1.650748601904  res = 3e-02
  st =   33  occ = 2.000  evalue =     1.655901100825  res = 7e-02
  st =   41  occ = 2.000  evalue =     1.656581447482  res = 5e-02
    [output of 12 eigenvalues suppressed,  minres = 1e-02  maxres = 3e-02]
  st =   53  occ = 2.000  evalue =     1.754125964576  res = 4e-02
  st =   47  occ = 2.000  evalue =     1.754389006953  res = 2e-02
  st =   48  occ = 2.000  evalue =     1.756688280723  res = 2e-02
  st =   49  occ = 2.000  evalue =     1.758101532139  res = 2e-02
  st =   51  occ = 2.000  evalue =     1.770245589890  res = 6e-02
  st =   55  occ = 0.000  evalue =     1.800140936825  res = 2e-02
  st =   54  occ = 2.000  evalue =     1.811145813162  res = 2e-02
  st =   56  occ = 0.000  evalue =     1.836942593163  res = 2e-02

[2026-04-14 14:12:37.081] [electrons:7bX8Yg] [info] 
SCF iter 23 : wtime =   3.6s e = 403.7903751030 de =  2e-02 dn = 6e-01 dst = 1e+00
  st =    1  occ = 2.000  evalue =     0.908693199303  res = 7e-04
  st =    2  occ = 2.000  evalue =     0.949356547952  res = 6e-04
  st =    3  occ = 2.000  evalue =     1.002650008405  res = 1e-03
  st =    4  occ = 2.000  evalue =     1.011309272463  res = 7e-04
  st =    5  occ = 2.000  evalue =     1.029916592118  res = 7e-04
  st =    6  occ = 2.000  evalue =     1.050756785029  res = 1e-03
  st =    7  occ = 2.000  evalue =     1.067755363802  res = 7e-04
  st =    8  occ = 2.000  evalue =     1.082653411100  res = 9e-04
    [output of 25 eigenvalues suppressed,  minres = 7e-04  maxres = 8e-02]
  st =   36  occ = 2.000  evalue =     1.645116349796  res = 1e+00
  st =   35  occ = 2.000  evalue =     1.652677179569  res = 1e+00
  st =   31  occ = 2.000  evalue =     1.659171035769  res = 3e+00
  st =   30  occ = 2.000  evalue =     1.667538174349  res = 2e+00
  st =   28  occ = 2.000  evalue =     1.670530854237  res = 2e+00
  st =   29  occ = 2.000  evalue =     1.704415369679  res = 4e+00
  st =   44  occ = 2.000  evalue =     1.705243724376  res = 5e-01
  st =   56  occ = 0.000  evalue =     1.756368941885  res = 4e-01
  st =   54  occ = 2.000  evalue =     1.759892864237  res = 3e-01
  st =   37  occ = 2.000  evalue =     1.760053295434  res = 2e+00
  st =   55  occ = 0.000  evalue =     1.775000250872  res = 6e-01
  st =   39  occ = 2.000  evalue =     1.776042446135  res = 2e+00
  st =   53  occ = 2.000  evalue =     1.802931306882  res = 1e+00
  st =   47  occ = 2.000  evalue =     1.803692078522  res = 3e+00
  st =   43  occ = 2.000  evalue =     1.815468286510  res = 6e+00
    [output of 1 eigenvalues suppressed,  minres = 2e+00  maxres = 2e+00]
  st =   48  occ = 2.000  evalue =     1.914155734018  res = 3e+00
  st =   46  occ = 2.000  evalue =     1.935758195680  res = 5e+00
  st =   50  occ = 2.000  evalue =     1.946629029560  res = 3e+00
  st =   57  occ = 0.000  evalue =     1.947497970751  res = 5e+00
  st =   38  occ = 2.000  evalue =     2.008530123064  res = 5e+00
  st =   45  occ = 2.000  evalue =     2.076746499615  res = 7e+00
  st =   49  occ = 2.000  evalue =     2.218449688847  res = 5e+00
  st =   52  occ = 2.000  evalue =     2.322875383048  res = 6e+00

[2026-04-14 14:12:40.704] [electrons:7bX8Yg] [info] 
SCF iter 24 : wtime =   3.6s e = 389.5224370206 de = -1e-01 dn = 6e-01 dst = 4e-02
  st =    1  occ = 2.000  evalue =     0.886442048925  res = 3e-04
  st =    2  occ = 2.000  evalue =     0.930920992908  res = 3e-04
  st =    3  occ = 2.000  evalue =     0.973367084754  res = 9e-03
  st =    4  occ = 2.000  evalue =     0.986232770635  res = 4e-04
  st =    5  occ = 2.000  evalue =     0.996684839665  res = 4e-04
  st =    6  occ = 2.000  evalue =     1.017968004590  res = 4e-04
  st =    7  occ = 2.000  evalue =     1.029202019196  res = 8e-03
  st =    8  occ = 2.000  evalue =     1.037764560843  res = 5e-04
    [output of 15 eigenvalues suppressed,  minres = 3e-04  maxres = 3e-02]
  st =   22  occ = 2.000  evalue =     1.320156373239  res = 6e-04
  st =   23  occ = 2.000  evalue =     1.366145456437  res = 9e-04
  st =   24  occ = 2.000  evalue =     1.368619527929  res = 1e-03
  st =   26  occ = 2.000  evalue =     1.401621150337  res = 1e-03
  st =   28  occ = 2.000  evalue =     1.418056165452  res = 2e-02
  st =   34  occ = 2.000  evalue =     1.428605806459  res = 6e-02
  st =   30  occ = 2.000  evalue =     1.431009406610  res = 3e-02
  st =   56  occ = 0.000  evalue =     1.437767394375  res = 3e-01
  st =   57  occ = 0.000  evalue =     1.442457814745  res = 7e-01
  st =   33  occ = 2.000  evalue =     1.450002118108  res = 9e-02
  st =   29  occ = 2.000  evalue =     1.476502100794  res = 1e-03
  st =   32  occ = 2.000  evalue =     1.482316142456  res = 2e-02
  st =   31  occ = 2.000  evalue =     1.491481022316  res = 5e-03
  st =   35  occ = 2.000  evalue =     1.501853868021  res = 4e-02
  st =   55  occ = 0.000  evalue =     1.536499319074  res = 8e-02
    [output of 11 eigenvalues suppressed,  minres = 1e-02  maxres = 2e-01]
  st =   40  occ = 2.000  evalue =     1.600734602197  res = 1e-02
  st =   44  occ = 2.000  evalue =     1.602821937089  res = 8e-02
  st =   50  occ = 2.000  evalue =     1.618518057226  res = 4e-01
  st =   45  occ = 2.000  evalue =     1.620623179080  res = 6e-02
  st =   46  occ = 2.000  evalue =     1.636511093884  res = 1e-01
  st =   49  occ = 2.000  evalue =     1.637860619520  res = 1e-01
  st =   48  occ = 2.000  evalue =     1.638877006990  res = 2e-01
  st =   47  occ = 2.000  evalue =     1.683558542709  res = 3e-02

[2026-04-14 14:12:44.328] [electrons:7bX8Yg] [info] 
SCF iter 25 : wtime =   3.6s e = 385.8019999761 de = -3e-02 dn = 7e-01 dst = 1e-02
  st =    1  occ = 2.000  evalue =     0.915005613405  res = 2e-04
  st =    3  occ = 2.000  evalue =     0.932495118209  res = 2e-02
  st =    2  occ = 2.000  evalue =     0.963479721827  res = 2e-04
  st =    6  occ = 2.000  evalue =     0.972255897402  res = 2e-03
  st =    4  occ = 2.000  evalue =     1.016041048853  res = 2e-04
  st =    5  occ = 2.000  evalue =     1.020483923023  res = 2e-04
  st =   11  occ = 2.000  evalue =     1.029794305028  res = 4e-03
  st =    7  occ = 2.000  evalue =     1.053364196642  res = 2e-04
    [output of 36 eigenvalues suppressed,  minres = 2e-04  maxres = 6e-02]
  st =   43  occ = 2.000  evalue =     1.529683892252  res = 2e-02
  st =   49  occ = 2.000  evalue =     1.562778569101  res = 3e-02
  st =   47  occ = 2.000  evalue =     1.568950163366  res = 3e-02
  st =   48  occ = 2.000  evalue =     1.572902663042  res = 4e-02
  st =   46  occ = 2.000  evalue =     1.583128082179  res = 2e-02
  st =   51  occ = 2.000  evalue =     1.600785291275  res = 3e-02
  st =   50  occ = 2.000  evalue =     1.628486693744  res = 1e-02
  st =   55  occ = 0.000  evalue =     1.629391419490  res = 3e-02
  st =   54  occ = 2.000  evalue =     1.631108692057  res = 3e-02
  st =   52  occ = 2.000  evalue =     1.633340693262  res = 3e-02
  st =   53  occ = 2.000  evalue =     1.639546585137  res = 2e-02
  st =   56  occ = 0.000  evalue =     1.663326053811  res = 3e-02
  st =   57  occ = 0.000  evalue =     1.692737432401  res = 2e-02

[2026-04-14 14:12:47.959] [electrons:7bX8Yg] [info] 
SCF iter 26 : wtime =   3.6s e = 381.9518101410 de = -6e-02 dn = 8e-01 dst = 1e-01
  st =    1  occ = 2.000  evalue =     0.850235237359  res = 1e-03
  st =    4  occ = 2.000  evalue =     0.906077759784  res = 1e-03
  st =    5  occ = 2.000  evalue =     0.947078183216  res = 1e-03
  st =    6  occ = 2.000  evalue =     0.954711233058  res = 2e-03
  st =    2  occ = 2.000  evalue =     0.966123944300  res = 4e-04
  st =    8  occ = 2.000  evalue =     0.992979263485  res = 1e-03
  st =    9  occ = 2.000  evalue =     0.994775908049  res = 2e-03
  st =    3  occ = 2.000  evalue =     1.000454995243  res = 3e-04
    [output of 32 eigenvalues suppressed,  minres = 1e-03  maxres = 4e-03]
  st =   39  occ = 2.000  evalue =     1.450502048856  res = 5e-03
  st =   36  occ = 2.000  evalue =     1.454243569112  res = 1e-01
  st =   40  occ = 2.000  evalue =     1.459158569764  res = 2e-02
  st =   44  occ = 2.000  evalue =     1.459517138672  res = 7e-02
  st =   37  occ = 2.000  evalue =     1.467010865120  res = 8e-03
  st =   45  occ = 2.000  evalue =     1.493791464097  res = 1e-02
  st =   43  occ = 2.000  evalue =     1.497905492274  res = 2e-02
  st =   55  occ = 0.000  evalue =     1.498426134962  res = 1e+00
  st =   52  occ = 2.000  evalue =     1.519572436495  res = 5e-01
  st =   54  occ = 2.000  evalue =     1.522653970436  res = 1e+00
  st =   48  occ = 2.000  evalue =     1.532255956451  res = 2e-02
  st =   47  occ = 2.000  evalue =     1.543649674551  res = 9e-01
  st =   51  occ = 2.000  evalue =     1.578827423497  res = 3e-01
  st =   53  occ = 2.000  evalue =     1.582924590543  res = 2e-02
  st =   57  occ = 0.000  evalue =     1.586349720845  res = 1e-01
  st =   50  occ = 2.000  evalue =     1.591799632151  res = 2e+00
  st =   56  occ = 0.000  evalue =     1.591897346954  res = 2e-02

[2026-04-14 14:12:51.588] [electrons:7bX8Yg] [info] 
SCF iter 27 : wtime =   3.6s e = 377.6211278618 de = -5e-02 dn = 8e-01 dst = 8e-03
  st =    1  occ = 2.000  evalue =     0.753547164009  res = 1e-03
  st =    2  occ = 2.000  evalue =     0.832443866470  res = 8e-04
  st =    3  occ = 2.000  evalue =     0.845286691035  res = 9e-04
  st =    4  occ = 2.000  evalue =     0.865974178570  res = 8e-04
  st =    6  occ = 2.000  evalue =     0.901335664912  res = 8e-04
  st =    7  occ = 2.000  evalue =     0.917012056195  res = 8e-04
  st =    9  occ = 2.000  evalue =     0.942174785994  res = 8e-04
  st =   10  occ = 2.000  evalue =     0.946692241917  res = 9e-04
    [output of 33 eigenvalues suppressed,  minres = 5e-04  maxres = 3e-03]
  st =   42  occ = 2.000  evalue =     1.373394546437  res = 2e-02
  st =   40  occ = 2.000  evalue =     1.374604748664  res = 2e-02
  st =   44  occ = 2.000  evalue =     1.386681648765  res = 6e-03
  st =   45  occ = 2.000  evalue =     1.396830937613  res = 2e-02
  st =   46  occ = 2.000  evalue =     1.415338270425  res = 2e-02
  st =   48  occ = 2.000  evalue =     1.420842412917  res = 1e-02
  st =   47  occ = 2.000  evalue =     1.421665183929  res = 2e-02
  st =   56  occ = 0.000  evalue =     1.424401783763  res = 2e-02
  st =   49  occ = 2.000  evalue =     1.440496229614  res = 8e-02
  st =   57  occ = 0.000  evalue =     1.446343786551  res = 3e-01
  st =   50  occ = 2.000  evalue =     1.462404711246  res = 9e-03
  st =   51  occ = 2.000  evalue =     1.463245509986  res = 1e-02
  st =   52  occ = 2.000  evalue =     1.467757138231  res = 2e-02
  st =   53  occ = 2.000  evalue =     1.489040938417  res = 1e-02
  st =   54  occ = 2.000  evalue =     1.493366022092  res = 4e-02
  st =   55  occ = 0.000  evalue =     1.498472692456  res = 2e-02

[2026-04-14 14:12:55.211] [electrons:7bX8Yg] [info] 
SCF iter 28 : wtime =   3.6s e = 373.1187980174 de = -1e-02 dn = 7e-01 dst = 1e-02
  st =    1  occ = 2.000  evalue =     0.673814763696  res = 6e-04
  st =    2  occ = 2.000  evalue =     0.753421993052  res = 9e-04
  st =    3  occ = 2.000  evalue =     0.764514777170  res = 1e-03
  st =    4  occ = 2.000  evalue =     0.795876056225  res = 1e-03
  st =    5  occ = 2.000  evalue =     0.823156670367  res = 2e-03
  st =    6  occ = 2.000  evalue =     0.851211523867  res = 2e-03
  st =    7  occ = 2.000  evalue =     0.869129498431  res = 1e-03
  st =    8  occ = 2.000  evalue =     0.871116879764  res = 1e-03
    [output of 38 eigenvalues suppressed,  minres = 5e-04  maxres = 1e-02]
  st =   35  occ = 2.000  evalue =     1.394255856545  res = 6e-03
  st =   32  occ = 2.000  evalue =     1.396849480137  res = 4e-03
  st =   31  occ = 2.000  evalue =     1.397819927319  res = 5e-03
  st =   54  occ = 2.000  evalue =     1.400576647004  res = 5e-03
  st =   37  occ = 2.000  evalue =     1.404666448195  res = 6e-03
  st =   33  occ = 2.000  evalue =     1.405249694230  res = 5e-03
  st =   53  occ = 2.000  evalue =     1.405328116528  res = 3e-01
  st =   56  occ = 0.000  evalue =     1.412618203580  res = 7e-03
  st =   36  occ = 2.000  evalue =     1.414801623258  res = 7e-03
  st =   57  occ = 0.000  evalue =     1.422308548895  res = 1e-02
  st =   55  occ = 0.000  evalue =     1.427433181978  res = 6e-02

[2026-04-14 14:12:58.833] [electrons:7bX8Yg] [info] 
SCF iter 29 : wtime =   3.6s e = 371.6078271982 de = -2e-02 dn = 5e-01 dst = 4e-03
  st =    1  occ = 2.000  evalue =     0.652273875903  res = 1e-04
  st =    2  occ = 2.000  evalue =     0.715009724685  res = 2e-04
  st =    3  occ = 2.000  evalue =     0.735124145993  res = 1e-04
  st =    4  occ = 2.000  evalue =     0.768649804615  res = 2e-04
  st =    5  occ = 2.000  evalue =     0.792988087186  res = 1e-04
  st =    6  occ = 2.000  evalue =     0.806375192822  res = 2e-04
  st =    7  occ = 2.000  evalue =     0.838424724315  res = 2e-04
  st =    8  occ = 2.000  evalue =     0.842332908745  res = 2e-04
    [output of 37 eigenvalues suppressed,  minres = 2e-04  maxres = 6e-03]
  st =   52  occ = 2.000  evalue =     1.399833540259  res = 4e-02
  st =   46  occ = 2.000  evalue =     1.400297237128  res = 4e-03
  st =   49  occ = 2.000  evalue =     1.401585212739  res = 7e-03
  st =   45  occ = 2.000  evalue =     1.402848242188  res = 3e-03
  st =   48  occ = 2.000  evalue =     1.405161110723  res = 5e-03
  st =   51  occ = 2.000  evalue =     1.409439956390  res = 5e-03
  st =   53  occ = 2.000  evalue =     1.414008099276  res = 1e-02
  st =   55  occ = 0.000  evalue =     1.416314865796  res = 6e-03
  st =   50  occ = 2.000  evalue =     1.418236935675  res = 4e-03
  st =   56  occ = 0.000  evalue =     1.429476086074  res = 5e-03
  st =   57  occ = 0.000  evalue =     1.434284228977  res = 5e-03
  st =   54  occ = 2.000  evalue =     1.437136233515  res = 8e-03

[2026-04-14 14:13:02.469] [electrons:7bX8Yg] [info] 
SCF iter 30 : wtime =   3.6s e = 372.2003028839 de = -2e-02 dn = 4e-01 dst = 8e-03
  st =    1  occ = 2.000  evalue =     0.631661049947  res = 3e-04
  st =    2  occ = 2.000  evalue =     0.682218109788  res = 4e-04
  st =    3  occ = 2.000  evalue =     0.709144251605  res = 4e-04
  st =    4  occ = 2.000  evalue =     0.743950660056  res = 4e-04
  st =    6  occ = 2.000  evalue =     0.764205722100  res = 6e-04
  st =    5  occ = 2.000  evalue =     0.764573004774  res = 4e-04
  st =    7  occ = 2.000  evalue =     0.809073340230  res = 4e-04
  st =    8  occ = 2.000  evalue =     0.815379993199  res = 4e-04
    [output of 39 eigenvalues suppressed,  minres = 2e-04  maxres = 3e-03]
  st =   51  occ = 2.000  evalue =     1.389272431097  res = 6e-02
  st =   48  occ = 2.000  evalue =     1.393412500541  res = 7e-03
  st =   47  occ = 2.000  evalue =     1.394170930706  res = 3e-02
  st =   50  occ = 2.000  evalue =     1.396112503341  res = 8e-02
  st =   49  occ = 2.000  evalue =     1.396538210392  res = 3e-03
  st =   53  occ = 2.000  evalue =     1.405799970282  res = 9e-03
  st =   52  occ = 2.000  evalue =     1.411613083633  res = 5e-03
  st =   55  occ = 0.000  evalue =     1.414006871172  res = 6e-03
  st =   56  occ = 0.000  evalue =     1.428964851825  res = 1e-02
  st =   57  occ = 0.000  evalue =     1.433600455563  res = 3e-02

[2026-04-14 14:13:06.095] [electrons:7bX8Yg] [info] 
SCF iter 31 : wtime =   3.6s e = 372.9021501953 de = -2e-02 dn = 3e-01 dst = 3e-03
  st =    1  occ = 2.000  evalue =     0.612273845684  res = 2e-04
  st =    2  occ = 2.000  evalue =     0.638680633308  res = 4e-04
  st =    3  occ = 2.000  evalue =     0.687055505264  res = 2e-04
  st =    5  occ = 2.000  evalue =     0.709825136899  res = 8e-04
  st =    4  occ = 2.000  evalue =     0.717211201399  res = 3e-04
  st =    6  occ = 2.000  evalue =     0.734566890532  res = 6e-04
  st =    7  occ = 2.000  evalue =     0.766152383533  res = 5e-04
  st =    9  occ = 2.000  evalue =     0.774621309683  res = 9e-04
    [output of 38 eigenvalues suppressed,  minres = 2e-04  maxres = 3e-03]
  st =   42  occ = 2.000  evalue =     1.381914660407  res = 5e-03
  st =   41  occ = 2.000  evalue =     1.388931020774  res = 3e-03
  st =   50  occ = 2.000  evalue =     1.396152356947  res = 4e-03
  st =   49  occ = 2.000  evalue =     1.396193691521  res = 3e-03
  st =   51  occ = 2.000  evalue =     1.399621036417  res = 4e-03
  st =   54  occ = 2.000  evalue =     1.410770146778  res = 4e-03
  st =   52  occ = 2.000  evalue =     1.413573330029  res = 3e-03
  st =   57  occ = 0.000  evalue =     1.419904503113  res = 6e-03
  st =   53  occ = 2.000  evalue =     1.421014978592  res = 3e-03
  st =   56  occ = 0.000  evalue =     1.422213250443  res = 8e-03
  st =   55  occ = 0.000  evalue =     1.425901111797  res = 3e-03

[2026-04-14 14:13:09.742] [electrons:7bX8Yg] [info] 
SCF iter 32 : wtime =   3.6s e = 373.5450786748 de = -1e-02 dn = 3e-01 dst = 7e-03
  st =    1  occ = 2.000  evalue =     0.604395005787  res = 1e-04
  st =    2  occ = 2.000  evalue =     0.625908762316  res = 1e-04
  st =    3  occ = 2.000  evalue =     0.675531792680  res = 1e-04
  st =    4  occ = 2.000  evalue =     0.688535405133  res = 2e-04
  st =    5  occ = 2.000  evalue =     0.707122285726  res = 9e-05
  st =    6  occ = 2.000  evalue =     0.726579294171  res = 1e-04
  st =    7  occ = 2.000  evalue =     0.749205297465  res = 2e-04
  st =    8  occ = 2.000  evalue =     0.762316710416  res = 3e-04
    [output of 38 eigenvalues suppressed,  minres = 1e-04  maxres = 1e-01]
  st =   46  occ = 2.000  evalue =     1.385199299390  res = 1e-02
  st =   47  occ = 2.000  evalue =     1.393124626664  res = 4e-02
  st =   48  occ = 2.000  evalue =     1.396949693781  res = 1e-02
  st =   49  occ = 2.000  evalue =     1.399990154530  res = 3e-03
  st =   51  occ = 2.000  evalue =     1.404338865331  res = 1e-02
  st =   50  occ = 2.000  evalue =     1.409721390081  res = 7e-03
  st =   53  occ = 2.000  evalue =     1.421055150208  res = 6e-03
  st =   55  occ = 0.000  evalue =     1.421606629565  res = 9e-02
  st =   52  occ = 2.000  evalue =     1.428199410546  res = 2e-03
  st =   56  occ = 0.000  evalue =     1.434804231213  res = 5e-03
  st =   57  occ = 0.000  evalue =     1.435524017392  res = 6e-03

[2026-04-14 14:13:13.368] [electrons:7bX8Yg] [info] 
SCF iter 33 : wtime =   3.6s e = 373.3323532269 de = -2e-02 dn = 2e-01 dst = 2e-03
  st =    1  occ = 2.000  evalue =     0.570747107732  res = 6e-05
  st =    2  occ = 2.000  evalue =     0.592171998859  res = 5e-05
  st =    3  occ = 2.000  evalue =     0.638878650014  res = 7e-05
  st =    4  occ = 2.000  evalue =     0.653710564410  res = 6e-05
  st =    5  occ = 2.000  evalue =     0.672710426102  res = 6e-05
  st =    6  occ = 2.000  evalue =     0.690185062685  res = 1e-04
  st =    7  occ = 2.000  evalue =     0.715421596489  res = 6e-05
  st =    8  occ = 2.000  evalue =     0.731196157252  res = 8e-05
    [output of 39 eigenvalues suppressed,  minres = 7e-05  maxres = 3e-03]
  st =   48  occ = 2.000  evalue =     1.404158171907  res = 4e-03
  st =   49  occ = 2.000  evalue =     1.409847843737  res = 3e-03
  st =   50  occ = 2.000  evalue =     1.420349639280  res = 4e-03
  st =   51  occ = 2.000  evalue =     1.425138658541  res = 3e-03
  st =   53  occ = 2.000  evalue =     1.434324354325  res = 9e-03
  st =   52  occ = 2.000  evalue =     1.435024320911  res = 3e-03
  st =   54  occ = 2.000  evalue =     1.447179722819  res = 4e-03
  st =   55  occ = 0.000  evalue =     1.455696717949  res = 3e-03
  st =   56  occ = 0.000  evalue =     1.459802446280  res = 4e-03
  st =   57  occ = 0.000  evalue =     1.462899161927  res = 4e-03

[2026-04-14 14:13:16.995] [electrons:7bX8Yg] [info] 
SCF iter 34 : wtime =   3.6s e = 374.0724865734 de = -6e-03 dn = 2e-01 dst = 1e-02
  st =    1  occ = 2.000  evalue =     0.570791645246  res = 1e-04
  st =    2  occ = 2.000  evalue =     0.603349137373  res = 1e-04
  st =    3  occ = 2.000  evalue =     0.639378245939  res = 1e-04
  st =    4  occ = 2.000  evalue =     0.664131313516  res = 2e-04
  st =    5  occ = 2.000  evalue =     0.673496671040  res = 7e-05
  st =    6  occ = 2.000  evalue =     0.690482940187  res = 1e-04
  st =    7  occ = 2.000  evalue =     0.726683507016  res = 1e-04
  st =    9  occ = 2.000  evalue =     0.738799064298  res = 7e-05
    [output of 39 eigenvalues suppressed,  minres = 8e-05  maxres = 1e-02]
  st =   47  occ = 2.000  evalue =     1.384365591341  res = 1e-02
  st =   50  occ = 2.000  evalue =     1.384805630992  res = 1e-01
  st =   52  occ = 2.000  evalue =     1.385845356251  res = 9e-02
  st =   49  occ = 2.000  evalue =     1.397507607367  res = 6e-03
  st =   51  occ = 2.000  evalue =     1.398281442721  res = 9e-02
  st =   53  occ = 2.000  evalue =     1.407125544657  res = 6e-03
  st =   54  occ = 2.000  evalue =     1.417814941714  res = 4e-02
  st =   57  occ = 0.000  evalue =     1.431319347026  res = 5e-02
  st =   56  occ = 0.000  evalue =     1.432494316946  res = 2e-02
  st =   55  occ = 0.000  evalue =     1.435922919634  res = 3e-03

[2026-04-14 14:13:20.656] [electrons:7bX8Yg] [info] 
SCF iter 35 : wtime =   3.7s e = 373.9393633242 de =  1e-02 dn = 2e-01 dst = 2e-03
  st =    1  occ = 2.000  evalue =     0.591806377345  res = 1e-04
  st =    2  occ = 2.000  evalue =     0.632876639079  res = 2e-04
  st =    3  occ = 2.000  evalue =     0.661131250389  res = 1e-04
  st =    5  occ = 2.000  evalue =     0.696170498321  res = 1e-04
  st =    4  occ = 2.000  evalue =     0.699286717395  res = 2e-04
  st =    6  occ = 2.000  evalue =     0.714018598209  res = 1e-04
  st =    7  occ = 2.000  evalue =     0.756079983194  res = 2e-04
  st =    8  occ = 2.000  evalue =     0.762653313667  res = 1e-04
    [output of 39 eigenvalues suppressed,  minres = 1e-04  maxres = 7e-03]
  st =   48  occ = 2.000  evalue =     1.364704955625  res = 3e-03
  st =   47  occ = 2.000  evalue =     1.364844623545  res = 9e-04
  st =   51  occ = 2.000  evalue =     1.374792511931  res = 2e-03
  st =   50  occ = 2.000  evalue =     1.378309864550  res = 5e-03
  st =   52  occ = 2.000  evalue =     1.382252419605  res = 2e-02
  st =   53  occ = 2.000  evalue =     1.391098531382  res = 1e-02
  st =   54  occ = 2.000  evalue =     1.394330042835  res = 1e-02
  st =   55  occ = 0.000  evalue =     1.397736916370  res = 3e-03
  st =   57  occ = 0.000  evalue =     1.403689888398  res = 2e-02
  st =   56  occ = 0.000  evalue =     1.406536639890  res = 1e-03

[2026-04-14 14:13:24.282] [electrons:7bX8Yg] [info] 
SCF iter 36 : wtime =   3.6s e = 373.9432009441 de = -8e-04 dn = 2e-01 dst = 1e-03
  st =    1  occ = 2.000  evalue =     0.595277740925  res = 4e-06
  st =    2  occ = 2.000  evalue =     0.634833782149  res = 6e-06
  st =    3  occ = 2.000  evalue =     0.665005796751  res = 5e-06
  st =    4  occ = 2.000  evalue =     0.699197810309  res = 6e-06
  st =    5  occ = 2.000  evalue =     0.702196731796  res = 7e-06
  st =    6  occ = 2.000  evalue =     0.717755738838  res = 6e-06
  st =    7  occ = 2.000  evalue =     0.757816950313  res = 9e-06
  st =    8  occ = 2.000  evalue =     0.766356155217  res = 7e-06
    [output of 39 eigenvalues suppressed,  minres = 6e-06  maxres = 5e-04]
  st =   51  occ = 2.000  evalue =     1.362471065210  res = 6e-03
  st =   48  occ = 2.000  evalue =     1.364193664112  res = 7e-04
  st =   49  occ = 2.000  evalue =     1.364537026391  res = 6e-04
  st =   50  occ = 2.000  evalue =     1.368719922337  res = 9e-04
  st =   54  occ = 2.000  evalue =     1.373777675484  res = 3e-03
  st =   52  occ = 2.000  evalue =     1.375091492826  res = 6e-04
  st =   53  occ = 2.000  evalue =     1.379188488282  res = 1e-03
  st =   55  occ = 0.000  evalue =     1.387021489392  res = 3e-03
  st =   56  occ = 0.000  evalue =     1.391840118742  res = 3e-03
  st =   57  occ = 0.000  evalue =     1.395591949457  res = 2e-03

[2026-04-14 14:13:27.905] [electrons:7bX8Yg] [info] 
SCF iter 37 : wtime =   3.6s e = 374.1003642384 de = -1e-03 dn = 2e-01 dst = 1e-03
  st =    1  occ = 2.000  evalue =     0.593683854011  res = 2e-06
  st =    2  occ = 2.000  evalue =     0.636358343768  res = 4e-06
  st =    3  occ = 2.000  evalue =     0.663220216323  res = 2e-06
  st =    4  occ = 2.000  evalue =     0.698073862709  res = 3e-06
  st =    5  occ = 2.000  evalue =     0.704535431454  res = 5e-06
  st =    6  occ = 2.000  evalue =     0.716327931353  res = 3e-06
  st =    7  occ = 2.000  evalue =     0.759146232288  res = 5e-06
  st =    8  occ = 2.000  evalue =     0.764911368111  res = 3e-06
    [output of 36 eigenvalues suppressed,  minres = 3e-06  maxres = 5e-04]
  st =   45  occ = 2.000  evalue =     1.339928137544  res = 2e-03
  st =   46  occ = 2.000  evalue =     1.355455012541  res = 8e-04
  st =   47  occ = 2.000  evalue =     1.356688991625  res = 1e-02
  st =   48  occ = 2.000  evalue =     1.359533135571  res = 2e-03
  st =   49  occ = 2.000  evalue =     1.361005115948  res = 2e-03
  st =   51  occ = 2.000  evalue =     1.364281089814  res = 9e-03
  st =   50  occ = 2.000  evalue =     1.365344034829  res = 8e-04
  st =   55  occ = 0.000  evalue =     1.369178683840  res = 1e-03
  st =   52  occ = 2.000  evalue =     1.372714749200  res = 7e-04
  st =   53  occ = 2.000  evalue =     1.375584105360  res = 4e-04
  st =   54  occ = 2.000  evalue =     1.378084067267  res = 3e-04
  st =   56  occ = 0.000  evalue =     1.388821555899  res = 8e-04
  st =   57  occ = 0.000  evalue =     1.396521802991  res = 1e-03

[2026-04-14 14:13:31.529] [electrons:7bX8Yg] [info] 
SCF iter 38 : wtime =   3.6s e = 374.2818015907 de = -3e-03 dn = 2e-01 dst = 4e-04
  st =    1  occ = 2.000  evalue =     0.591937631256  res = 9e-07
  st =    2  occ = 2.000  evalue =     0.633197567103  res = 1e-06
  st =    3  occ = 2.000  evalue =     0.660827481663  res = 7e-07
  st =    4  occ = 2.000  evalue =     0.696182624854  res = 1e-06
  st =    5  occ = 2.000  evalue =     0.700507088105  res = 1e-06
  st =    6  occ = 2.000  evalue =     0.713877682337  res = 7e-07
  st =    7  occ = 2.000  evalue =     0.756274754773  res = 1e-06
  st =    8  occ = 2.000  evalue =     0.762537613165  res = 7e-07
    [output of 39 eigenvalues suppressed,  minres = 1e-06  maxres = 1e-03]
  st =   47  occ = 2.000  evalue =     1.355529875291  res = 2e-03
  st =   49  occ = 2.000  evalue =     1.358003838465  res = 3e-04
  st =   50  occ = 2.000  evalue =     1.362465252263  res = 5e-04
  st =   51  occ = 2.000  evalue =     1.365669169115  res = 2e-04
  st =   52  occ = 2.000  evalue =     1.366696261801  res = 5e-03
  st =   53  occ = 2.000  evalue =     1.369615240018  res = 5e-03
  st =   54  occ = 2.000  evalue =     1.372093555148  res = 1e-03
  st =   57  occ = 0.000  evalue =     1.374462494763  res = 6e-03
  st =   55  occ = 0.000  evalue =     1.376481288386  res = 2e-03
  st =   56  occ = 0.000  evalue =     1.381360516358  res = 3e-03

[2026-04-14 14:13:35.163] [electrons:7bX8Yg] [info] 
SCF iter 39 : wtime =   3.6s e = 374.4977379884 de = -8e-05 dn = 2e-01 dst = 8e-04
  st =    1  occ = 2.000  evalue =     0.592344817025  res = 2e-06
  st =    2  occ = 2.000  evalue =     0.635068699053  res = 4e-06
  st =    3  occ = 2.000  evalue =     0.661690817677  res = 2e-06
  st =    4  occ = 2.000  evalue =     0.696796894686  res = 2e-06
  st =    5  occ = 2.000  evalue =     0.703386103646  res = 5e-06
  st =    6  occ = 2.000  evalue =     0.714885858579  res = 3e-06
  st =    7  occ = 2.000  evalue =     0.758036661186  res = 4e-06
  st =    8  occ = 2.000  evalue =     0.763461730231  res = 3e-06
    [output of 39 eigenvalues suppressed,  minres = 2e-06  maxres = 6e-04]
  st =   48  occ = 2.000  evalue =     1.353260403265  res = 5e-04
  st =   49  occ = 2.000  evalue =     1.357340958361  res = 3e-04
  st =   50  occ = 2.000  evalue =     1.360516557651  res = 2e-03
  st =   51  occ = 2.000  evalue =     1.364080133211  res = 4e-04
  st =   52  occ = 2.000  evalue =     1.364796721910  res = 4e-04
  st =   53  occ = 2.000  evalue =     1.368338227308  res = 5e-04
  st =   54  occ = 2.000  evalue =     1.371327595571  res = 5e-04
  st =   55  occ = 0.000  evalue =     1.372692478023  res = 5e-04
  st =   56  occ = 0.000  evalue =     1.378496251228  res = 5e-04
  st =   57  occ = 0.000  evalue =     1.382700140715  res = 6e-04

[2026-04-14 14:13:38.796] [electrons:7bX8Yg] [info] 
SCF iter 40 : wtime =   3.6s e = 374.7951179214 de =  3e-03 dn = 3e-01 dst = 6e-04
  st =    1  occ = 2.000  evalue =     0.600409418260  res = 2e-05
  st =    2  occ = 2.000  evalue =     0.636449972731  res = 2e-05
  st =    3  occ = 2.000  evalue =     0.670557914127  res = 2e-05
  st =    5  occ = 2.000  evalue =     0.702943633652  res = 2e-05
  st =    4  occ = 2.000  evalue =     0.703300579648  res = 2e-05
  st =    6  occ = 2.000  evalue =     0.722938978188  res = 2e-05
  st =    7  occ = 2.000  evalue =     0.759276523337  res = 2e-05
  st =    8  occ = 2.000  evalue =     0.771383951130  res = 2e-05
    [output of 39 eigenvalues suppressed,  minres = 2e-05  maxres = 3e-04]
  st =   48  occ = 2.000  evalue =     1.355220796315  res = 3e-04
  st =   49  occ = 2.000  evalue =     1.356884807852  res = 5e-04
  st =   50  occ = 2.000  evalue =     1.358225616916  res = 4e-04
  st =   51  occ = 2.000  evalue =     1.360993965616  res = 4e-04
  st =   52  occ = 2.000  evalue =     1.361576746854  res = 3e-04
  st =   53  occ = 2.000  evalue =     1.363173136037  res = 4e-04
  st =   54  occ = 2.000  evalue =     1.370751493260  res = 2e-02
  st =   55  occ = 0.000  evalue =     1.373315577208  res = 8e-04
  st =   56  occ = 0.000  evalue =     1.377327096381  res = 1e-03
  st =   57  occ = 0.000  evalue =     1.381553071411  res = 5e-03

[2026-04-14 14:13:42.449] [electrons:7bX8Yg] [info] 
SCF iter 41 : wtime =   3.7s e = 374.9033628858 de = -5e-03 dn = 3e-01 dst = 2e-04
  st =    1  occ = 2.000  evalue =     0.593057885432  res = 9e-06
  st =    2  occ = 2.000  evalue =     0.629462790817  res = 6e-06
  st =    3  occ = 2.000  evalue =     0.662914071341  res = 7e-06
  st =    4  occ = 2.000  evalue =     0.695914888480  res = 6e-06
  st =    5  occ = 2.000  evalue =     0.696847788782  res = 6e-06
  st =    6  occ = 2.000  evalue =     0.715661446068  res = 5e-06
  st =    7  occ = 2.000  evalue =     0.752897830559  res = 5e-06
  st =    8  occ = 2.000  evalue =     0.764047536338  res = 6e-06
    [output of 39 eigenvalues suppressed,  minres = 5e-06  maxres = 4e-03]
  st =   47  occ = 2.000  evalue =     1.353097800207  res = 9e-04
  st =   49  occ = 2.000  evalue =     1.354420529455  res = 4e-03
  st =   48  occ = 2.000  evalue =     1.357385317936  res = 2e-04
  st =   51  occ = 2.000  evalue =     1.360825931167  res = 1e-04
  st =   53  occ = 2.000  evalue =     1.363988696648  res = 4e-04
  st =   52  occ = 2.000  evalue =     1.365028007074  res = 3e-04
  st =   54  occ = 2.000  evalue =     1.367518059206  res = 5e-04
  st =   55  occ = 0.000  evalue =     1.370550763778  res = 4e-04
  st =   57  occ = 0.000  evalue =     1.376297013333  res = 2e-03
  st =   56  occ = 0.000  evalue =     1.379444315982  res = 2e-04

[2026-04-14 14:13:46.077] [electrons:7bX8Yg] [info] 
SCF iter 42 : wtime =   3.6s e = 374.9787392888 de = -1e-03 dn = 3e-01 dst = 3e-04
  st =    1  occ = 2.000  evalue =     0.593695941646  res = 1e-05
  st =    2  occ = 2.000  evalue =     0.629715968756  res = 2e-05
  st =    3  occ = 2.000  evalue =     0.662553955877  res = 1e-05
  st =    4  occ = 2.000  evalue =     0.695340913062  res = 2e-05
  st =    5  occ = 2.000  evalue =     0.696470578596  res = 1e-05
  st =    6  occ = 2.000  evalue =     0.715110458482  res = 1e-05
  st =    7  occ = 2.000  evalue =     0.752045358831  res = 2e-05
  st =    8  occ = 2.000  evalue =     0.763419651259  res = 1e-05
    [output of 39 eigenvalues suppressed,  minres = 9e-06  maxres = 9e-04]
  st =   49  occ = 2.000  evalue =     1.354495766550  res = 4e-04
  st =   48  occ = 2.000  evalue =     1.355797515963  res = 3e-04
  st =   50  occ = 2.000  evalue =     1.359376532838  res = 4e-04
  st =   51  occ = 2.000  evalue =     1.359617434187  res = 4e-04
  st =   54  occ = 2.000  evalue =     1.363742070178  res = 6e-03
  st =   52  occ = 2.000  evalue =     1.363763863422  res = 2e-04
  st =   53  occ = 2.000  evalue =     1.365919503485  res = 6e-03
  st =   55  occ = 0.000  evalue =     1.367422360779  res = 1e-02
  st =   56  occ = 0.000  evalue =     1.376646230192  res = 3e-04
  st =   57  occ = 0.000  evalue =     1.382281276811  res = 2e-04

[2026-04-14 14:13:49.709] [electrons:7bX8Yg] [info] 
SCF iter 43 : wtime =   3.6s e = 374.7043861001 de = -1e-02 dn = 3e-01 dst = 4e-04
  st =    1  occ = 2.000  evalue =     0.577245452015  res = 4e-05
  st =    2  occ = 2.000  evalue =     0.622764137900  res = 8e-05
  st =    3  occ = 2.000  evalue =     0.643445116722  res = 5e-05
  st =    5  occ = 2.000  evalue =     0.682753272298  res = 7e-05
  st =    4  occ = 2.000  evalue =     0.686784725948  res = 9e-05
  st =    6  occ = 2.000  evalue =     0.697224472167  res = 6e-05
  st =    7  occ = 2.000  evalue =     0.743503746318  res = 7e-05
  st =    8  occ = 2.000  evalue =     0.745493170542  res = 5e-05
    [output of 39 eigenvalues suppressed,  minres = 4e-05  maxres = 1e-04]
  st =   48  occ = 2.000  evalue =     1.352778489679  res = 6e-04
  st =   49  occ = 2.000  evalue =     1.356401737881  res = 6e-04
  st =   54  occ = 2.000  evalue =     1.356874961199  res = 1e-03
  st =   51  occ = 2.000  evalue =     1.359345435716  res = 6e-04
  st =   53  occ = 2.000  evalue =     1.360053454301  res = 7e-04
  st =   52  occ = 2.000  evalue =     1.362614719640  res = 4e-04
  st =   50  occ = 2.000  evalue =     1.363025953337  res = 6e-03
  st =   55  occ = 0.000  evalue =     1.367735607511  res = 5e-04
  st =   56  occ = 0.000  evalue =     1.372818284720  res = 3e-02
  st =   57  occ = 0.000  evalue =     1.391643981759  res = 6e-04

[2026-04-14 14:13:53.346] [electrons:7bX8Yg] [info] 
SCF iter 44 : wtime =   3.6s e = 374.9370229252 de =  1e-02 dn = 3e-01 dst = 2e-04
  st =    1  occ = 2.000  evalue =     0.592740394146  res = 4e-05
  st =    2  occ = 2.000  evalue =     0.637544865195  res = 4e-05
  st =    3  occ = 2.000  evalue =     0.660580775751  res = 4e-05
  st =    4  occ = 2.000  evalue =     0.694655044438  res = 4e-05
  st =    5  occ = 2.000  evalue =     0.706346332634  res = 4e-05
  st =    6  occ = 2.000  evalue =     0.714283804814  res = 4e-05
  st =    7  occ = 2.000  evalue =     0.758139265128  res = 3e-05
  st =    8  occ = 2.000  evalue =     0.762394017348  res = 4e-05
    [output of 39 eigenvalues suppressed,  minres = 4e-05  maxres = 8e-04]
  st =   48  occ = 2.000  evalue =     1.342109540507  res = 1e-03
  st =   49  occ = 2.000  evalue =     1.348552692843  res = 1e-03
  st =   51  occ = 2.000  evalue =     1.352679600897  res = 2e-03
  st =   53  occ = 2.000  evalue =     1.353220822014  res = 2e-04
  st =   50  occ = 2.000  evalue =     1.355317959394  res = 2e-03
  st =   52  occ = 2.000  evalue =     1.358304278617  res = 5e-04
  st =   54  occ = 2.000  evalue =     1.365212893753  res = 6e-04
  st =   55  occ = 0.000  evalue =     1.365608592647  res = 7e-04
  st =   56  occ = 0.000  evalue =     1.368968686740  res = 5e-04
  st =   57  occ = 0.000  evalue =     1.384497406143  res = 5e-04

[2026-04-14 14:13:56.977] [electrons:7bX8Yg] [info] 
SCF iter 45 : wtime =   3.6s e = 375.0665828243 de =  1e-02 dn = 3e-01 dst = 3e-04
  st =    1  occ = 2.000  evalue =     0.610629626265  res = 3e-05
  st =    2  occ = 2.000  evalue =     0.648473136415  res = 2e-05
  st =    3  occ = 2.000  evalue =     0.681034591576  res = 3e-05
  st =    4  occ = 2.000  evalue =     0.711254265633  res = 3e-05
  st =    5  occ = 2.000  evalue =     0.717239331506  res = 2e-05
  st =    6  occ = 2.000  evalue =     0.733480363515  res = 3e-05
  st =    7  occ = 2.000  evalue =     0.769472253557  res = 2e-05
  st =    8  occ = 2.000  evalue =     0.781500489712  res = 3e-05
    [output of 38 eigenvalues suppressed,  minres = 2e-05  maxres = 1e-04]
  st =   48  occ = 2.000  evalue =     1.344168817770  res = 6e-04
  st =   50  occ = 2.000  evalue =     1.346293036362  res = 1e-04
  st =   47  occ = 2.000  evalue =     1.347191211226  res = 1e-02
  st =   49  occ = 2.000  evalue =     1.347814569220  res = 3e-04
  st =   51  occ = 2.000  evalue =     1.356505163368  res = 1e-04
  st =   52  occ = 2.000  evalue =     1.358442910519  res = 5e-04
  st =   53  occ = 2.000  evalue =     1.361399896164  res = 5e-04
  st =   55  occ = 0.000  evalue =     1.363247577927  res = 8e-04
  st =   54  occ = 2.000  evalue =     1.363351670985  res = 1e-04
  st =   56  occ = 0.000  evalue =     1.366809811145  res = 3e-02
  st =   57  occ = 0.000  evalue =     1.379869763600  res = 2e-04

[2026-04-14 14:14:00.633] [electrons:7bX8Yg] [info] 
SCF iter 46 : wtime =   3.7s e = 374.7455167033 de =  1e-02 dn = 3e-01 dst = 1e-04
  st =    1  occ = 2.000  evalue =     0.624451726677  res = 1e-05
  st =    2  occ = 2.000  evalue =     0.665372462045  res = 2e-05
  st =    3  occ = 2.000  evalue =     0.695760688301  res = 2e-05
  st =    4  occ = 2.000  evalue =     0.727071563376  res = 3e-05
  st =    5  occ = 2.000  evalue =     0.736472323268  res = 4e-05
  st =    6  occ = 2.000  evalue =     0.748105206733  res = 2e-05
  st =    7  occ = 2.000  evalue =     0.787322297560  res = 4e-05
  st =    8  occ = 2.000  evalue =     0.796693421177  res = 2e-05
    [output of 37 eigenvalues suppressed,  minres = 2e-05  maxres = 7e-05]
  st =   47  occ = 2.000  evalue =     1.338920193249  res = 4e-04
  st =   48  occ = 2.000  evalue =     1.342404400438  res = 4e-04
  st =   51  occ = 2.000  evalue =     1.342953187388  res = 3e-04
  st =   46  occ = 2.000  evalue =     1.344649637162  res = 2e-04
  st =   53  occ = 2.000  evalue =     1.356456191834  res = 3e-04
  st =   49  occ = 2.000  evalue =     1.356592478492  res = 5e-04
  st =   54  occ = 2.000  evalue =     1.359042611971  res = 3e-04
  st =   57  occ = 0.000  evalue =     1.359348886383  res = 1e-02
  st =   52  occ = 2.000  evalue =     1.359941095058  res = 4e-04
  st =   55  occ = 0.000  evalue =     1.362456054590  res = 3e-04
  st =   50  occ = 2.000  evalue =     1.362947060244  res = 3e-04
  st =   56  occ = 0.000  evalue =     1.364947427433  res = 4e-04

[2026-04-14 14:14:04.262] [electrons:7bX8Yg] [info] 
SCF iter 47 : wtime =   3.6s e = 373.5573411162 de = -2e-03 dn = 2e-01 dst = 1e-04
  st =    1  occ = 2.000  evalue =     0.624948561095  res = 1e-05
  st =    2  occ = 2.000  evalue =     0.664120152619  res = 2e-05
  st =    3  occ = 2.000  evalue =     0.694379374592  res = 2e-05
  st =    4  occ = 2.000  evalue =     0.728115420699  res = 1e-05
  st =    5  occ = 2.000  evalue =     0.733124065695  res = 3e-05
  st =    6  occ = 2.000  evalue =     0.747104301686  res = 2e-05
  st =    7  occ = 2.000  evalue =     0.787092470182  res = 2e-05
  st =    8  occ = 2.000  evalue =     0.795857472919  res = 2e-05
    [output of 39 eigenvalues suppressed,  minres = 6e-06  maxres = 4e-04]
  st =   48  occ = 2.000  evalue =     1.334690597464  res = 2e-04
  st =   49  occ = 2.000  evalue =     1.339405486463  res = 5e-04
  st =   50  occ = 2.000  evalue =     1.346097503819  res = 3e-04
  st =   52  occ = 2.000  evalue =     1.350158946974  res = 4e-04
  st =   51  occ = 2.000  evalue =     1.352658061760  res = 2e-04
  st =   54  occ = 2.000  evalue =     1.354906060577  res = 4e-04
  st =   53  occ = 2.000  evalue =     1.355088202719  res = 4e-04
  st =   56  occ = 0.000  evalue =     1.363787073595  res = 1e-03
  st =   55  occ = 0.000  evalue =     1.363993867696  res = 6e-04
  st =   57  occ = 0.000  evalue =     1.367378589735  res = 7e-04

[2026-04-14 14:14:07.896] [electrons:7bX8Yg] [info] 
SCF iter 48 : wtime =   3.6s e = 372.8929776229 de = -3e-03 dn = 2e-01 dst = 3e-04
  st =    1  occ = 2.000  evalue =     0.625540912588  res = 8e-06
  st =    2  occ = 2.000  evalue =     0.662539805615  res = 2e-05
  st =    3  occ = 2.000  evalue =     0.692680318008  res = 1e-05
  st =    4  occ = 2.000  evalue =     0.729019849977  res = 1e-05
  st =    5  occ = 2.000  evalue =     0.729639431709  res = 2e-05
  st =    6  occ = 2.000  evalue =     0.745859004694  res = 1e-05
  st =    7  occ = 2.000  evalue =     0.786005622365  res = 2e-05
  st =    8  occ = 2.000  evalue =     0.794706910826  res = 1e-05
    [output of 39 eigenvalues suppressed,  minres = 9e-06  maxres = 2e-04]
  st =   49  occ = 2.000  evalue =     1.331848672806  res = 5e-03
  st =   48  occ = 2.000  evalue =     1.333497295961  res = 8e-05
  st =   51  occ = 2.000  evalue =     1.339336015835  res = 3e-04
  st =   52  occ = 2.000  evalue =     1.340876412233  res = 4e-04
  st =   50  occ = 2.000  evalue =     1.343023599328  res = 8e-04
  st =   53  occ = 2.000  evalue =     1.344624791629  res = 2e-03
  st =   54  occ = 2.000  evalue =     1.353913235166  res = 1e-03
  st =   55  occ = 0.000  evalue =     1.359687908452  res = 7e-04
  st =   56  occ = 0.000  evalue =     1.361692125109  res = 3e-04
  st =   57  occ = 0.000  evalue =     1.362203660075  res = 4e-04

[2026-04-14 14:14:11.532] [electrons:7bX8Yg] [info] 
SCF iter 49 : wtime =   3.6s e = 372.6156110670 de =  8e-03 dn = 2e-01 dst = 3e-04
  st =    1  occ = 2.000  evalue =     0.643884552585  res = 7e-05
  st =    2  occ = 2.000  evalue =     0.670320375636  res = 5e-05
  st =    3  occ = 2.000  evalue =     0.712251490514  res = 6e-05
  st =    5  occ = 2.000  evalue =     0.736863700115  res = 6e-05
  st =    4  occ = 2.000  evalue =     0.744107972088  res = 8e-05
  st =    6  occ = 2.000  evalue =     0.764081194705  res = 5e-05
  st =    7  occ = 2.000  evalue =     0.793580293312  res = 6e-05
  st =    8  occ = 2.000  evalue =     0.812947746607  res = 6e-05
    [output of 39 eigenvalues suppressed,  minres = 3e-05  maxres = 1e-04]
  st =   45  occ = 2.000  evalue =     1.342225009470  res = 2e-04
  st =   52  occ = 2.000  evalue =     1.343341376576  res = 2e-03
  st =   47  occ = 2.000  evalue =     1.344700432627  res = 3e-04
  st =   49  occ = 2.000  evalue =     1.345025405278  res = 1e-04
  st =   51  occ = 2.000  evalue =     1.345920805243  res = 2e-03
  st =   53  occ = 2.000  evalue =     1.355526621667  res = 8e-04
  st =   54  occ = 2.000  evalue =     1.356979631000  res = 2e-03
  st =   55  occ = 0.000  evalue =     1.367106021135  res = 2e-03
  st =   56  occ = 0.000  evalue =     1.367462947338  res = 8e-03
  st =   57  occ = 0.000  evalue =     1.378585420101  res = 3e-04

[2026-04-14 14:14:15.167] [electrons:7bX8Yg] [info] 
SCF iter 50 : wtime =   3.6s e = 372.4872947238 de =  8e-03 dn = 2e-01 dst = 6e-04
  st =    1  occ = 2.000  evalue =     0.653603416793  res = 4e-05
  st =    2  occ = 2.000  evalue =     0.682009392825  res = 5e-05
  st =    3  occ = 2.000  evalue =     0.726409950821  res = 5e-05
  st =    4  occ = 2.000  evalue =     0.750758403235  res = 6e-05
  st =    5  occ = 2.000  evalue =     0.755630217057  res = 4e-05
  st =    6  occ = 2.000  evalue =     0.777749652610  res = 5e-05
  st =    7  occ = 2.000  evalue =     0.805397082451  res = 5e-05
  st =    8  occ = 2.000  evalue =     0.825296007234  res = 4e-05
    [output of 38 eigenvalues suppressed,  minres = 4e-05  maxres = 1e-03]
  st =   50  occ = 2.000  evalue =     1.349797421016  res = 3e-03
  st =   47  occ = 2.000  evalue =     1.351359554397  res = 4e-04
  st =   48  occ = 2.000  evalue =     1.351588539407  res = 1e-03
  st =   51  occ = 2.000  evalue =     1.353146187828  res = 8e-03
  st =   49  occ = 2.000  evalue =     1.353525119882  res = 2e-03
  st =   52  occ = 2.000  evalue =     1.354509230670  res = 2e-03
  st =   53  occ = 2.000  evalue =     1.354772428305  res = 6e-03
  st =   55  occ = 0.000  evalue =     1.359934595607  res = 2e-03
  st =   54  occ = 2.000  evalue =     1.370546152674  res = 3e-04
  st =   56  occ = 0.000  evalue =     1.379140657953  res = 6e-04
  st =   57  occ = 0.000  evalue =     1.389731073152  res = 8e-03

[2026-04-14 14:14:18.802] [electrons:7bX8Yg] [info] 
SCF iter 51 : wtime =   3.6s e = 372.0459663775 de = -3e-03 dn = 1e-01 dst = 5e-04
  st =    1  occ = 2.000  evalue =     0.644303480795  res = 2e-05
  st =    2  occ = 2.000  evalue =     0.679340878873  res = 5e-05
  st =    3  occ = 2.000  evalue =     0.718036362985  res = 3e-05
  st =    5  occ = 2.000  evalue =     0.747925876780  res = 3e-05
  st =    4  occ = 2.000  evalue =     0.750806976776  res = 7e-05
  st =    6  occ = 2.000  evalue =     0.769738062356  res = 2e-05
  st =    7  occ = 2.000  evalue =     0.802700566114  res = 6e-05
  st =    9  occ = 2.000  evalue =     0.819116390013  res = 3e-05
    [output of 39 eigenvalues suppressed,  minres = 2e-05  maxres = 2e-03]
  st =   50  occ = 2.000  evalue =     1.347470224594  res = 2e-04
  st =   49  occ = 2.000  evalue =     1.348377675956  res = 3e-04
  st =   51  occ = 2.000  evalue =     1.350848741117  res = 1e-03
  st =   48  occ = 2.000  evalue =     1.350994155400  res = 3e-04
  st =   52  occ = 2.000  evalue =     1.352071162119  res = 1e-03
  st =   53  occ = 2.000  evalue =     1.354357273923  res = 1e-03
  st =   54  occ = 2.000  evalue =     1.357060833204  res = 1e-03
  st =   55  occ = 0.000  evalue =     1.367198660616  res = 1e-03
  st =   56  occ = 0.000  evalue =     1.376353038544  res = 3e-03
  st =   57  occ = 0.000  evalue =     1.376805996433  res = 2e-03

[2026-04-14 14:14:22.431] [electrons:7bX8Yg] [info] 
SCF iter 52 : wtime =   3.6s e = 372.0370855122 de = -7e-03 dn = 1e-01 dst = 1e-04
  st =    1  occ = 2.000  evalue =     0.626537736412  res = 2e-05
  st =    2  occ = 2.000  evalue =     0.667020065890  res = 3e-05
  st =    3  occ = 2.000  evalue =     0.700328045532  res = 2e-05
  st =    4  occ = 2.000  evalue =     0.732114295195  res = 3e-05
  st =    5  occ = 2.000  evalue =     0.739925373069  res = 3e-05
  st =    6  occ = 2.000  evalue =     0.753584000564  res = 1e-05
  st =    7  occ = 2.000  evalue =     0.790473066934  res = 4e-05
  st =    8  occ = 2.000  evalue =     0.801692143408  res = 2e-05
    [output of 35 eigenvalues suppressed,  minres = 2e-05  maxres = 2e-04]
  st =   49  occ = 2.000  evalue =     1.338340146370  res = 1e-04
  st =   50  occ = 2.000  evalue =     1.341396510144  res = 2e-04
  st =   48  occ = 2.000  evalue =     1.344126950438  res = 2e-04
  st =   52  occ = 2.000  evalue =     1.346528434797  res = 3e-04
  st =   42  occ = 2.000  evalue =     1.346551400870  res = 1e-04
  st =   51  occ = 2.000  evalue =     1.349330472858  res = 3e-04
  st =   44  occ = 2.000  evalue =     1.352723650695  res = 3e-04
  st =   55  occ = 0.000  evalue =     1.354383039312  res = 1e-04
  st =   46  occ = 2.000  evalue =     1.354536603062  res = 4e-04
  st =   40  occ = 2.000  evalue =     1.355915544102  res = 4e-04
  st =   54  occ = 2.000  evalue =     1.358456399741  res = 2e-04
  st =   53  occ = 2.000  evalue =     1.361954762612  res = 6e-04
  st =   56  occ = 0.000  evalue =     1.366346226470  res = 3e-03
  st =   57  occ = 0.000  evalue =     1.369142276196  res = 2e-04

[2026-04-14 14:14:26.060] [electrons:7bX8Yg] [info] 
SCF iter 53 : wtime =   3.6s e = 372.4384800455 de =  5e-03 dn = 9e-02 dst = 2e-04
  st =    1  occ = 2.000  evalue =     0.638114393204  res = 6e-06
  st =    2  occ = 2.000  evalue =     0.677193776935  res = 9e-06
  st =    3  occ = 2.000  evalue =     0.713474351739  res = 6e-06
  st =    4  occ = 2.000  evalue =     0.744464813276  res = 8e-06
  st =    5  occ = 2.000  evalue =     0.750106639561  res = 8e-06
  st =    6  occ = 2.000  evalue =     0.767069783306  res = 7e-06
  st =    7  occ = 2.000  evalue =     0.801355741026  res = 1e-05
  st =    8  occ = 2.000  evalue =     0.815108543084  res = 7e-06
    [output of 39 eigenvalues suppressed,  minres = 8e-06  maxres = 4e-03]
  st =   46  occ = 2.000  evalue =     1.345106576581  res = 8e-05
  st =   47  occ = 2.000  evalue =     1.345129315154  res = 9e-05
  st =   45  occ = 2.000  evalue =     1.345536705860  res = 7e-05
  st =   54  occ = 2.000  evalue =     1.347941276096  res = 2e-03
  st =   53  occ = 2.000  evalue =     1.349589885617  res = 1e-03
  st =   51  occ = 2.000  evalue =     1.350602765191  res = 3e-04
  st =   50  occ = 2.000  evalue =     1.353223613342  res = 3e-04
  st =   55  occ = 0.000  evalue =     1.353311278187  res = 1e-03
  st =   56  occ = 0.000  evalue =     1.360191582843  res = 9e-04
  st =   57  occ = 0.000  evalue =     1.373133278622  res = 3e-03

[2026-04-14 14:14:29.690] [electrons:7bX8Yg] [info] 
SCF iter 54 : wtime =   3.6s e = 371.7383649869 de =  9e-04 dn = 6e-02 dst = 7e-05
  st =    1  occ = 2.000  evalue =     0.644719015495  res = 9e-06
  st =    2  occ = 2.000  evalue =     0.679114221898  res = 1e-05
  st =    3  occ = 2.000  evalue =     0.719864713184  res = 8e-06
  st =    4  occ = 2.000  evalue =     0.749784183947  res = 9e-06
  st =    5  occ = 2.000  evalue =     0.750411374247  res = 2e-05
  st =    6  occ = 2.000  evalue =     0.773057184676  res = 7e-06
  st =    7  occ = 2.000  evalue =     0.803373331384  res = 2e-05
  st =    9  occ = 2.000  evalue =     0.820602969116  res = 1e-05
    [output of 39 eigenvalues suppressed,  minres = 1e-05  maxres = 2e-04]
  st =   47  occ = 2.000  evalue =     1.339047476236  res = 2e-04
  st =   50  occ = 2.000  evalue =     1.341693991130  res = 2e-04
  st =   51  occ = 2.000  evalue =     1.344037693275  res = 2e-04
  st =   49  occ = 2.000  evalue =     1.344886672642  res = 1e-04
  st =   52  occ = 2.000  evalue =     1.347782246205  res = 2e-04
  st =   53  occ = 2.000  evalue =     1.349142109577  res = 3e-04
  st =   54  occ = 2.000  evalue =     1.350402302635  res = 6e-04
  st =   55  occ = 0.000  evalue =     1.352897168286  res = 2e-03
  st =   56  occ = 0.000  evalue =     1.363505930248  res = 4e-04
  st =   57  occ = 0.000  evalue =     1.377899373211  res = 2e-04

[2026-04-14 14:14:33.323] [electrons:7bX8Yg] [info] 
SCF iter 55 : wtime =   3.6s e = 371.5506692177 de = -2e-03 dn = 6e-02 dst = 1e-04
  st =    1  occ = 2.000  evalue =     0.641493592077  res = 7e-07
  st =    2  occ = 2.000  evalue =     0.676431199951  res = 5e-07
  st =    3  occ = 2.000  evalue =     0.716392771416  res = 6e-07
  st =    4  occ = 2.000  evalue =     0.746618825287  res = 7e-07
  st =    5  occ = 2.000  evalue =     0.747799549979  res = 6e-07
  st =    6  occ = 2.000  evalue =     0.769516227869  res = 7e-07
  st =    7  occ = 2.000  evalue =     0.800555280651  res = 6e-07
  st =    9  occ = 2.000  evalue =     0.817744398175  res = 9e-07
    [output of 39 eigenvalues suppressed,  minres = 5e-07  maxres = 2e-04]
  st =   49  occ = 2.000  evalue =     1.338371938563  res = 4e-04
  st =   48  occ = 2.000  evalue =     1.339168027955  res = 6e-04
  st =   50  occ = 2.000  evalue =     1.341688305087  res = 2e-03
  st =   51  occ = 2.000  evalue =     1.344711430344  res = 5e-05
  st =   52  occ = 2.000  evalue =     1.346674311778  res = 3e-05
  st =   54  occ = 2.000  evalue =     1.347771946044  res = 5e-04
  st =   53  occ = 2.000  evalue =     1.347831325344  res = 5e-04
  st =   55  occ = 0.000  evalue =     1.351038163152  res = 6e-04
  st =   56  occ = 0.000  evalue =     1.362384188908  res = 2e-04
  st =   57  occ = 0.000  evalue =     1.368502155465  res = 4e-02

[2026-04-14 14:14:36.952] [electrons:7bX8Yg] [info] 
SCF iter 56 : wtime =   3.6s e = 371.4755484616 de = -3e-03 dn = 5e-02 dst = 2e-05
  st =    1  occ = 2.000  evalue =     0.636725011663  res = 2e-06
  st =    2  occ = 2.000  evalue =     0.671235197169  res = 2e-06
  st =    3  occ = 2.000  evalue =     0.711363721501  res = 1e-06
  st =    4  occ = 2.000  evalue =     0.741288427448  res = 2e-06
  st =    5  occ = 2.000  evalue =     0.742537846108  res = 2e-06
  st =    6  occ = 2.000  evalue =     0.764200900033  res = 1e-06
  st =    7  occ = 2.000  evalue =     0.795002626957  res = 3e-06
  st =    8  occ = 2.000  evalue =     0.812486961522  res = 1e-06
    [output of 39 eigenvalues suppressed,  minres = 1e-06  maxres = 4e-05]
  st =   44  occ = 2.000  evalue =     1.340527562798  res = 4e-05
  st =   45  occ = 2.000  evalue =     1.340792074712  res = 3e-05
  st =   46  occ = 2.000  evalue =     1.341043436418  res = 2e-05
  st =   49  occ = 2.000  evalue =     1.341400570468  res = 6e-05
  st =   52  occ = 2.000  evalue =     1.344270298292  res = 1e-04
  st =   53  occ = 2.000  evalue =     1.344879818164  res = 1e-04
  st =   54  occ = 2.000  evalue =     1.344938302492  res = 5e-05
  st =   55  occ = 0.000  evalue =     1.348650629293  res = 1e-03
  st =   56  occ = 0.000  evalue =     1.357433244321  res = 8e-05
  st =   57  occ = 0.000  evalue =     1.362545131251  res = 6e-04

[2026-04-14 14:14:40.620] [electrons:7bX8Yg] [info] 
SCF iter 57 : wtime =   3.7s e = 371.5044178471 de = -9e-04 dn = 4e-02 dst = 3e-05
  st =    1  occ = 2.000  evalue =     0.635013369692  res = 1e-06
  st =    2  occ = 2.000  evalue =     0.668501102135  res = 2e-06
  st =    3  occ = 2.000  evalue =     0.709725858847  res = 1e-06
  st =    4  occ = 2.000  evalue =     0.738529923187  res = 2e-06
  st =    5  occ = 2.000  evalue =     0.740035385243  res = 2e-06
  st =    6  occ = 2.000  evalue =     0.762390601990  res = 1e-06
  st =    7  occ = 2.000  evalue =     0.791695602068  res = 3e-06
  st =    8  occ = 2.000  evalue =     0.810662099778  res = 1e-06
    [output of 39 eigenvalues suppressed,  minres = 1e-06  maxres = 2e-05]
  st =   48  occ = 2.000  evalue =     1.345072126157  res = 2e-05
  st =   49  occ = 2.000  evalue =     1.345207030652  res = 6e-05
  st =   51  occ = 2.000  evalue =     1.345968827783  res = 1e-03
  st =   50  occ = 2.000  evalue =     1.346223605590  res = 2e-05
  st =   52  occ = 2.000  evalue =     1.348901781673  res = 7e-05
  st =   53  occ = 2.000  evalue =     1.349361506849  res = 3e-05
  st =   54  occ = 2.000  evalue =     1.350075608647  res = 5e-05
  st =   55  occ = 0.000  evalue =     1.351102885712  res = 8e-05
  st =   56  occ = 0.000  evalue =     1.355846037277  res = 2e-04
  st =   57  occ = 0.000  evalue =     1.362041369765  res = 9e-05

[2026-04-14 14:14:44.265] [electrons:7bX8Yg] [info] 
SCF iter 58 : wtime =   3.6s e = 371.5555097282 de = -1e-04 dn = 3e-02 dst = 2e-05
  st =    1  occ = 2.000  evalue =     0.634875226679  res = 4e-07
  st =    2  occ = 2.000  evalue =     0.668674565850  res = 3e-07
  st =    3  occ = 2.000  evalue =     0.709411523411  res = 4e-07
  st =    4  occ = 2.000  evalue =     0.738178122783  res = 4e-07
  st =    5  occ = 2.000  evalue =     0.740344070390  res = 3e-07
  st =    6  occ = 2.000  evalue =     0.762189622111  res = 3e-07
  st =    7  occ = 2.000  evalue =     0.791771225602  res = 4e-07
  st =    8  occ = 2.000  evalue =     0.810587459868  res = 4e-07
    [output of 39 eigenvalues suppressed,  minres = 3e-07  maxres = 1e-05]
  st =   48  occ = 2.000  evalue =     1.344038747237  res = 4e-05
  st =   49  occ = 2.000  evalue =     1.344218176988  res = 1e-05
  st =   50  occ = 2.000  evalue =     1.344729555265  res = 1e-05
  st =   51  occ = 2.000  evalue =     1.346297021794  res = 2e-05
  st =   52  occ = 2.000  evalue =     1.348153647405  res = 1e-04
  st =   53  occ = 2.000  evalue =     1.349986545250  res = 2e-04
  st =   54  occ = 2.000  evalue =     1.349987630775  res = 2e-04
  st =   55  occ = 0.000  evalue =     1.350644982792  res = 9e-05
  st =   56  occ = 0.000  evalue =     1.355032967184  res = 5e-05
  st =   57  occ = 0.000  evalue =     1.360929157865  res = 3e-04

[2026-04-14 14:14:47.892] [electrons:7bX8Yg] [info] 
SCF iter 59 : wtime =   3.6s e = 371.4911903362 de =  7e-04 dn = 3e-02 dst = 1e-05
  st =    1  occ = 2.000  evalue =     0.635975602787  res = 1e-06
  st =    2  occ = 2.000  evalue =     0.670465050657  res = 6e-07
  st =    3  occ = 2.000  evalue =     0.710561940610  res = 1e-06
  st =    4  occ = 2.000  evalue =     0.739381329364  res = 1e-06
  st =    5  occ = 2.000  evalue =     0.742276087811  res = 6e-07
  st =    6  occ = 2.000  evalue =     0.763649272284  res = 6e-07
  st =    7  occ = 2.000  evalue =     0.793492427511  res = 7e-07
  st =    8  occ = 2.000  evalue =     0.811804147039  res = 1e-06
    [output of 39 eigenvalues suppressed,  minres = 6e-07  maxres = 5e-06]
  st =   48  occ = 2.000  evalue =     1.341685480116  res = 3e-05
  st =   49  occ = 2.000  evalue =     1.342507303525  res = 1e-05
  st =   50  occ = 2.000  evalue =     1.343012521939  res = 2e-04
  st =   51  occ = 2.000  evalue =     1.344243988306  res = 1e-05
  st =   52  occ = 2.000  evalue =     1.346973995756  res = 2e-05
  st =   53  occ = 2.000  evalue =     1.348247644694  res = 2e-05
  st =   54  occ = 2.000  evalue =     1.348884620157  res = 5e-05
  st =   55  occ = 0.000  evalue =     1.349585155404  res = 1e-04
  st =   56  occ = 0.000  evalue =     1.356032504552  res = 8e-04
  st =   57  occ = 0.000  evalue =     1.359891575969  res = 1e-04

[2026-04-14 14:14:51.537] [electrons:7bX8Yg] [info] 
SCF iter 60 : wtime =   3.6s e = 371.5187228688 de =  1e-04 dn = 2e-02 dst = 3e-06
  st =    1  occ = 2.000  evalue =     0.635556671498  res = 2e-06
  st =    2  occ = 2.000  evalue =     0.670856019676  res = 2e-06
  st =    3  occ = 2.000  evalue =     0.710121582441  res = 2e-06
  st =    4  occ = 2.000  evalue =     0.738783505987  res = 2e-06
  st =    5  occ = 2.000  evalue =     0.743036513782  res = 2e-06
  st =    6  occ = 2.000  evalue =     0.763304382617  res = 2e-06
  st =    7  occ = 2.000  evalue =     0.793621993990  res = 2e-06
  st =    8  occ = 2.000  evalue =     0.811396082213  res = 2e-06
    [output of 38 eigenvalues suppressed,  minres = 1e-06  maxres = 3e-06]
  st =   47  occ = 2.000  evalue =     1.338184077769  res = 3e-06
  st =   48  occ = 2.000  evalue =     1.340897154529  res = 6e-06
  st =   50  occ = 2.000  evalue =     1.342142959750  res = 1e-05
  st =   49  occ = 2.000  evalue =     1.342479914281  res = 6e-06
  st =   51  occ = 2.000  evalue =     1.344085851533  res = 8e-06
  st =   52  occ = 2.000  evalue =     1.347574123902  res = 1e-05
  st =   53  occ = 2.000  evalue =     1.349745670550  res = 6e-06
  st =   55  occ = 0.000  evalue =     1.349788190793  res = 1e-04
  st =   54  occ = 2.000  evalue =     1.349915739357  res = 3e-05
  st =   56  occ = 0.000  evalue =     1.356160047053  res = 4e-05
  st =   57  occ = 0.000  evalue =     1.359951494061  res = 3e-04

[2026-04-14 14:14:55.165] [electrons:7bX8Yg] [info] 
SCF iter 61 : wtime =   3.6s e = 371.5396146582 de = -4e-04 dn = 3e-02 dst = 9e-06
  st =    1  occ = 2.000  evalue =     0.634712763137  res = 1e-07
  st =    2  occ = 2.000  evalue =     0.670144860906  res = 2e-07
  st =    3  occ = 2.000  evalue =     0.709318997781  res = 2e-07
  st =    4  occ = 2.000  evalue =     0.738107664863  res = 2e-07
  st =    5  occ = 2.000  evalue =     0.742304228210  res = 2e-07
  st =    6  occ = 2.000  evalue =     0.762563287762  res = 2e-07
  st =    7  occ = 2.000  evalue =     0.793015350681  res = 3e-07
  st =    8  occ = 2.000  evalue =     0.810640587917  res = 2e-07
    [output of 38 eigenvalues suppressed,  minres = 2e-07  maxres = 1e-05]
  st =   45  occ = 2.000  evalue =     1.337787956687  res = 7e-06
  st =   48  occ = 2.000  evalue =     1.341538591659  res = 9e-06
  st =   50  occ = 2.000  evalue =     1.342786074619  res = 2e-05
  st =   49  occ = 2.000  evalue =     1.343263361260  res = 2e-05
  st =   51  occ = 2.000  evalue =     1.344686288687  res = 1e-05
  st =   52  occ = 2.000  evalue =     1.347376692315  res = 2e-05
  st =   53  occ = 2.000  evalue =     1.349172551646  res = 3e-05
  st =   55  occ = 0.000  evalue =     1.349369426682  res = 5e-04
  st =   54  occ = 2.000  evalue =     1.349428125240  res = 2e-04
  st =   56  occ = 0.000  evalue =     1.355617697735  res = 2e-05
  st =   57  occ = 0.000  evalue =     1.359358580955  res = 6e-05

[2026-04-14 14:14:58.793] [electrons:7bX8Yg] [info] 
SCF iter 62 : wtime =   3.6s e = 371.5262222164 de = -2e-04 dn = 3e-02 dst = 1e-06
  st =    1  occ = 2.000  evalue =     0.634515605025  res = 2e-07
  st =    2  occ = 2.000  evalue =     0.669702409057  res = 3e-07
  st =    3  occ = 2.000  evalue =     0.709191586390  res = 2e-07
  st =    4  occ = 2.000  evalue =     0.737960895095  res = 2e-07
  st =    5  occ = 2.000  evalue =     0.741799227493  res = 3e-07
  st =    6  occ = 2.000  evalue =     0.762424246860  res = 2e-07
  st =    7  occ = 2.000  evalue =     0.792680584468  res = 2e-07
  st =    8  occ = 2.000  evalue =     0.810509287987  res = 2e-07
    [output of 39 eigenvalues suppressed,  minres = 8e-08  maxres = 1e-06]
  st =   48  occ = 2.000  evalue =     1.341731760891  res = 2e-06
  st =   49  occ = 2.000  evalue =     1.342613571078  res = 2e-06
  st =   50  occ = 2.000  evalue =     1.343186398920  res = 3e-06
  st =   51  occ = 2.000  evalue =     1.344403548322  res = 3e-06
  st =   52  occ = 2.000  evalue =     1.347111832988  res = 3e-06
  st =   53  occ = 2.000  evalue =     1.348588225642  res = 4e-06
  st =   54  occ = 2.000  evalue =     1.348959787380  res = 1e-05
  st =   55  occ = 0.000  evalue =     1.349075662719  res = 2e-05
  st =   56  occ = 0.000  evalue =     1.355328663021  res = 1e-05
  st =   57  occ = 0.000  evalue =     1.359125153718  res = 1e-04

[2026-04-14 14:15:02.419] [electrons:7bX8Yg] [info] 
SCF iter 63 : wtime =   3.6s e = 371.5234905363 de = -4e-04 dn = 1e-02 dst = 2e-06
  st =    1  occ = 2.000  evalue =     0.633892880483  res = 2e-07
  st =    2  occ = 2.000  evalue =     0.668585289448  res = 4e-07
  st =    3  occ = 2.000  evalue =     0.708544518173  res = 2e-07
  st =    4  occ = 2.000  evalue =     0.737325907744  res = 2e-07
  st =    5  occ = 2.000  evalue =     0.740489758291  res = 5e-07
  st =    6  occ = 2.000  evalue =     0.761711300043  res = 1e-07
  st =    7  occ = 2.000  evalue =     0.791659461251  res = 4e-07
  st =    8  occ = 2.000  evalue =     0.809799023593  res = 2e-07
    [output of 39 eigenvalues suppressed,  minres = 2e-07  maxres = 6e-07]
  st =   48  occ = 2.000  evalue =     1.341667693264  res = 2e-05
  st =   49  occ = 2.000  evalue =     1.342511026125  res = 2e-06
  st =   50  occ = 2.000  evalue =     1.343863520698  res = 4e-06
  st =   51  occ = 2.000  evalue =     1.344937781848  res = 2e-05
  st =   52  occ = 2.000  evalue =     1.347239006774  res = 3e-06
  st =   53  occ = 2.000  evalue =     1.348688296801  res = 2e-05
  st =   54  occ = 2.000  evalue =     1.349196860150  res = 7e-06
  st =   55  occ = 0.000  evalue =     1.349202908507  res = 1e-03
  st =   56  occ = 0.000  evalue =     1.354742643741  res = 1e-04
  st =   57  occ = 0.000  evalue =     1.358466490820  res = 4e-05

[2026-04-14 14:15:06.046] [electrons:7bX8Yg] [info] 
SCF iter 64 : wtime =   3.6s e = 371.5374257816 de = -1e-04 dn = 3e-02 dst = 1e-06
  st =    1  occ = 2.000  evalue =     0.633761949354  res = 2e-08
  st =    2  occ = 2.000  evalue =     0.668304300346  res = 3e-08
  st =    3  occ = 2.000  evalue =     0.708399846420  res = 2e-08
  st =    4  occ = 2.000  evalue =     0.737232291736  res = 3e-08
  st =    5  occ = 2.000  evalue =     0.740170519933  res = 3e-08
  st =    6  occ = 2.000  evalue =     0.761567286147  res = 2e-08
  st =    7  occ = 2.000  evalue =     0.791438899302  res = 4e-08
  st =    8  occ = 2.000  evalue =     0.809647084542  res = 3e-08
    [output of 39 eigenvalues suppressed,  minres = 3e-08  maxres = 3e-07]
  st =   48  occ = 2.000  evalue =     1.341507616748  res = 1e-06
  st =   49  occ = 2.000  evalue =     1.342214046018  res = 3e-05
  st =   50  occ = 2.000  evalue =     1.343941951794  res = 1e-06
  st =   51  occ = 2.000  evalue =     1.344868997173  res = 1e-06
  st =   52  occ = 2.000  evalue =     1.347360203468  res = 2e-06
  st =   53  occ = 2.000  evalue =     1.348656929801  res = 1e-05
  st =   54  occ = 2.000  evalue =     1.349185589292  res = 1e-05
  st =   55  occ = 0.000  evalue =     1.349310668989  res = 8e-06
  st =   56  occ = 0.000  evalue =     1.354575633560  res = 2e-05
  st =   57  occ = 0.000  evalue =     1.358262772656  res = 4e-04

[2026-04-14 14:15:09.675] [electrons:7bX8Yg] [info] 
SCF iter 65 : wtime =   3.6s e = 371.5400447757 de =  1e-04 dn = 3e-02 dst = 8e-06
  st =    1  occ = 2.000  evalue =     0.634073030597  res = 9e-08
  st =    2  occ = 2.000  evalue =     0.668566079010  res = 7e-08
  st =    3  occ = 2.000  evalue =     0.708684261807  res = 9e-08
  st =    4  occ = 2.000  evalue =     0.737647170312  res = 7e-08
  st =    5  occ = 2.000  evalue =     0.740405095002  res = 6e-08
  st =    6  occ = 2.000  evalue =     0.761885566118  res = 6e-08
  st =    7  occ = 2.000  evalue =     0.791802129811  res = 6e-08
  st =    8  occ = 2.000  evalue =     0.809949320434  res = 6e-08
    [output of 38 eigenvalues suppressed,  minres = 4e-08  maxres = 9e-07]
  st =   46  occ = 2.000  evalue =     1.337153463931  res = 3e-07
  st =   48  occ = 2.000  evalue =     1.340365790482  res = 9e-07
  st =   49  occ = 2.000  evalue =     1.341041887410  res = 9e-07
  st =   50  occ = 2.000  evalue =     1.343025269373  res = 1e-05
  st =   51  occ = 2.000  evalue =     1.343678381465  res = 2e-06
  st =   52  occ = 2.000  evalue =     1.347045772600  res = 5e-06
  st =   53  occ = 2.000  evalue =     1.347800191365  res = 2e-06
  st =   55  occ = 0.000  evalue =     1.348489388458  res = 2e-04
  st =   54  occ = 2.000  evalue =     1.349012816057  res = 4e-04
  st =   56  occ = 0.000  evalue =     1.354757991037  res = 6e-06
  st =   57  occ = 0.000  evalue =     1.356868266691  res = 8e-05

[2026-04-14 14:15:13.307] [electrons:7bX8Yg] [info] 
SCF iter 66 : wtime =   3.6s e = 371.5394243930 de = -8e-05 dn = 2e-02 dst = 7e-07
  st =    1  occ = 2.000  evalue =     0.633845801909  res = 9e-08
  st =    2  occ = 2.000  evalue =     0.668175000441  res = 9e-08
  st =    3  occ = 2.000  evalue =     0.708546493675  res = 8e-08
  st =    4  occ = 2.000  evalue =     0.737293164639  res = 1e-07
  st =    5  occ = 2.000  evalue =     0.740061018556  res = 7e-08
  st =    6  occ = 2.000  evalue =     0.761653835204  res = 8e-08
  st =    7  occ = 2.000  evalue =     0.791349066236  res = 1e-07
  st =    8  occ = 2.000  evalue =     0.809757055530  res = 8e-08
    [output of 39 eigenvalues suppressed,  minres = 7e-08  maxres = 6e-07]
  st =   48  occ = 2.000  evalue =     1.340547813691  res = 1e-06
  st =   49  occ = 2.000  evalue =     1.341317970064  res = 5e-07
  st =   50  occ = 2.000  evalue =     1.343493399982  res = 6e-07
  st =   51  occ = 2.000  evalue =     1.344277429376  res = 1e-05
  st =   52  occ = 2.000  evalue =     1.347464361200  res = 2e-06
  st =   53  occ = 2.000  evalue =     1.348390220808  res = 1e-06
  st =   54  occ = 2.000  evalue =     1.349143667454  res = 1e-06
  st =   55  occ = 0.000  evalue =     1.349200220531  res = 3e-06
  st =   56  occ = 0.000  evalue =     1.354410150846  res = 4e-04
  st =   57  occ = 0.000  evalue =     1.356523084673  res = 1e-04

[2026-04-14 14:15:16.935] [electrons:7bX8Yg] [info] 
SCF iter 67 : wtime =   3.6s e = 371.5527516745 de =  5e-05 dn = 1e-02 dst = 3e-07
  st =    1  occ = 2.000  evalue =     0.634027860699  res = 1e-08
  st =    2  occ = 2.000  evalue =     0.668286388721  res = 4e-08
  st =    3  occ = 2.000  evalue =     0.708690613756  res = 2e-08
  st =    4  occ = 2.000  evalue =     0.737437161955  res = 2e-08
  st =    5  occ = 2.000  evalue =     0.740089220612  res = 7e-08
  st =    6  occ = 2.000  evalue =     0.761776144827  res = 2e-08
  st =    7  occ = 2.000  evalue =     0.791427935951  res = 4e-08
  st =    8  occ = 2.000  evalue =     0.809880097469  res = 2e-08
    [output of 38 eigenvalues suppressed,  minres = 2e-08  maxres = 2e-07]
  st =   47  occ = 2.000  evalue =     1.337038667727  res = 1e-07
  st =   48  occ = 2.000  evalue =     1.340346481910  res = 3e-07
  st =   49  occ = 2.000  evalue =     1.341173478272  res = 2e-06
  st =   50  occ = 2.000  evalue =     1.343366387834  res = 4e-07
  st =   51  occ = 2.000  evalue =     1.344153950428  res = 4e-07
  st =   52  occ = 2.000  evalue =     1.347283438777  res = 8e-07
  st =   53  occ = 2.000  evalue =     1.348390625850  res = 2e-06
  st =   55  occ = 0.000  evalue =     1.349105762512  res = 5e-05
  st =   54  occ = 2.000  evalue =     1.349106632475  res = 1e-06
  st =   56  occ = 0.000  evalue =     1.354365483704  res = 3e-05
  st =   57  occ = 0.000  evalue =     1.356445398566  res = 3e-05

[2026-04-14 14:15:20.572] [electrons:7bX8Yg] [info] 
SCF iter 68 : wtime =   3.6s e = 371.5574811312 de =  5e-05 dn = 9e-03 dst = 1e-07
  st =    1  occ = 2.000  evalue =     0.634106426534  res = 3e-08
  st =    2  occ = 2.000  evalue =     0.668467575908  res = 3e-08
  st =    3  occ = 2.000  evalue =     0.708718687438  res = 3e-08
  st =    4  occ = 2.000  evalue =     0.737486020454  res = 3e-08
  st =    5  occ = 2.000  evalue =     0.740313089933  res = 3e-08
  st =    6  occ = 2.000  evalue =     0.761828932885  res = 3e-08
  st =    7  occ = 2.000  evalue =     0.791573576605  res = 3e-08
  st =    8  occ = 2.000  evalue =     0.809918715835  res = 3e-08
    [output of 38 eigenvalues suppressed,  minres = 2e-08  maxres = 1e-07]
  st =   47  occ = 2.000  evalue =     1.337120800598  res = 2e-07
  st =   48  occ = 2.000  evalue =     1.340375717567  res = 3e-07
  st =   49  occ = 2.000  evalue =     1.341215597150  res = 7e-08
  st =   50  occ = 2.000  evalue =     1.343277993481  res = 6e-07
  st =   51  occ = 2.000  evalue =     1.344112824561  res = 2e-07
  st =   52  occ = 2.000  evalue =     1.347212078010  res = 8e-07
  st =   53  occ = 2.000  evalue =     1.348383338347  res = 3e-07
  st =   55  occ = 0.000  evalue =     1.348978656271  res = 9e-07
  st =   54  occ = 2.000  evalue =     1.349034945937  res = 1e-06
  st =   56  occ = 0.000  evalue =     1.354281994649  res = 1e-05
  st =   57  occ = 0.000  evalue =     1.356364264630  res = 1e-05

[2026-04-14 14:15:21.117] [electrons:7bX8Yg] [info] 
SCF ended after 68 iterations with resulting eigenvalues and energies:

    st =    1  occ = 2.000  evalue =     0.634889460967 Ha (   17.276220285025 eV)  res = 1e-05
    st =    2  occ = 2.000  evalue =     0.668929640020 Ha (   18.202500634630 eV)  res = 5e-06
    st =    3  occ = 2.000  evalue =     0.708529767506 Ha (   19.280074870510 eV)  res = 8e-06
    st =    4  occ = 2.000  evalue =     0.738120223501 Ha (   20.085272101735 eV)  res = 7e-06
    st =    5  occ = 2.000  evalue =     0.740963036717 Ha (   20.162628980958 eV)  res = 4e-06
    st =    6  occ = 2.000  evalue =     0.762059513271 Ha (   20.736693284407 eV)  res = 6e-06
    st =    7  occ = 2.000  evalue =     0.792138129330 Ha (   21.555174026101 eV)  res = 5e-06
    st =    8  occ = 2.000  evalue =     0.809836509030 Ha (   22.036771414596 eV)  res = 7e-06
    st =    9  occ = 2.000  evalue =     0.811515745855 Ha (   22.082465771002 eV)  res = 4e-06
    st =   10  occ = 2.000  evalue =     0.849266689470 Ha (   23.109721156317 eV)  res = 1e-05
    st =   11  occ = 2.000  evalue =     0.864410448179 Ha (   23.521803774589 eV)  res = 3e-06
    st =   12  occ = 2.000  evalue =     0.875616002376 Ha (   23.826722401576 eV)  res = 6e-06
    st =   13  occ = 2.000  evalue =     0.972096771457 Ha (   26.452097561168 eV)  res = 4e-06
    st =   14  occ = 2.000  evalue =     0.978752562803 Ha (   26.633210848658 eV)  res = 5e-06
    st =   15  occ = 2.000  evalue =     1.006240783511 Ha (   27.381203350335 eV)  res = 5e-06
    st =   16  occ = 2.000  evalue =     1.011581073638 Ha (   27.526520030324 eV)  res = 7e-06
    st =   17  occ = 2.000  evalue =     1.029340710050 Ha (   28.009784298662 eV)  res = 8e-06
    st =   18  occ = 2.000  evalue =     1.046791055920 Ha (   28.484632343622 eV)  res = 3e-06
    st =   19  occ = 2.000  evalue =     1.091164594682 Ha (   29.692097701941 eV)  res = 7e-06
    st =   20  occ = 2.000  evalue =     1.098389284714 Ha (   29.888691509461 eV)  res = 4e-06
    st =   21  occ = 2.000  evalue =     1.127035798840 Ha (   30.668202776952 eV)  res = 6e-06
    st =   22  occ = 2.000  evalue =     1.207210513244 Ha (   32.849867637505 eV)  res = 5e-06
    st =   23  occ = 2.000  evalue =     1.208579740699 Ha (   32.887126210210 eV)  res = 5e-06
    st =   24  occ = 2.000  evalue =     1.223169908591 Ha (   33.284144856757 eV)  res = 3e-06
    st =   25  occ = 2.000  evalue =     1.226726473727 Ha (   33.380923912816 eV)  res = 2e-05
    st =   26  occ = 2.000  evalue =     1.233005755531 Ha (   33.551791854960 eV)  res = 3e-06
    st =   27  occ = 2.000  evalue =     1.237775641690 Ha (   33.681587054098 eV)  res = 1e-05
    st =   28  occ = 2.000  evalue =     1.246824114517 Ha (   33.927808513767 eV)  res = 3e-05
    st =   29  occ = 2.000  evalue =     1.252422849997 Ha (   34.080157849222 eV)  res = 2e-05
    st =   30  occ = 2.000  evalue =     1.258623539975 Ha (   34.248887199089 eV)  res = 3e-06
    st =   31  occ = 2.000  evalue =     1.267095284139 Ha (   34.479415074206 eV)  res = 2e-05
    st =   32  occ = 2.000  evalue =     1.269714924268 Ha (   34.550699105067 eV)  res = 2e-06
    st =   33  occ = 2.000  evalue =     1.273950317747 Ha (   34.665950019180 eV)  res = 3e-06
    st =   34  occ = 2.000  evalue =     1.277028004915 Ha (   34.749698143458 eV)  res = 2e-05
    st =   35  occ = 2.000  evalue =     1.279889339891 Ha (   34.827559025404 eV)  res = 8e-06
    st =   36  occ = 2.000  evalue =     1.288450857983 Ha (   35.060529773247 eV)  res = 6e-06
    st =   37  occ = 2.000  evalue =     1.289728620467 Ha (   35.095299457579 eV)  res = 3e-06
    st =   38  occ = 2.000  evalue =     1.297053268643 Ha (   35.294613264439 eV)  res = 6e-06
    st =   39  occ = 2.000  evalue =     1.305896564863 Ha (   35.535251584876 eV)  res = 1e-05
    st =   40  occ = 2.000  evalue =     1.314490487573 Ha (   35.769104107207 eV)  res = 2e-05
    st =   41  occ = 2.000  evalue =     1.321144881675 Ha (   35.950179373760 eV)  res = 4e-06
    st =   42  occ = 2.000  evalue =     1.326161041420 Ha (   36.086676017746 eV)  res = 6e-06
    st =   43  occ = 2.000  evalue =     1.335225596473 Ha (   36.333335097043 eV)  res = 8e-06
    st =   44  occ = 2.000  evalue =     1.336424184332 Ha (   36.365950330309 eV)  res = 5e-06
    st =   45  occ = 2.000  evalue =     1.337157709665 Ha (   36.385910569101 eV)  res = 7e-06
    st =   46  occ = 2.000  evalue =     1.338232258113 Ha (   36.415150518480 eV)  res = 2e-06
    st =   47  occ = 2.000  evalue =     1.337064709126 Ha (   36.383379895806 eV)  res = 8e-06
    st =   48  occ = 2.000  evalue =     1.341599908116 Ha (   36.506788932499 eV)  res = 3e-06
    st =   49  occ = 2.000  evalue =     1.342457260526 Ha (   36.530118677308 eV)  res = 3e-06
    st =   50  occ = 2.000  evalue =     1.343172903816 Ha (   36.549592320960 eV)  res = 7e-06
    st =   51  occ = 2.000  evalue =     1.343908347921 Ha (   36.569604772174 eV)  res = 7e-06
    st =   52  occ = 2.000  evalue =     1.347660311807 Ha (   36.671700898472 eV)  res = 8e-06
    st =   53  occ = 2.000  evalue =     1.350265976360 Ha (   36.742604634603 eV)  res = 9e-06
    st =   54  occ = 2.000  evalue =     1.348536333954 Ha (   36.695538672642 eV)  res = 2e-05
    st =   55  occ = 0.000  evalue =     1.347245747717 Ha (   36.660420036261 eV)  res = 2e-05
    st =   56  occ = 0.000  evalue =     1.354757941671 Ha (   36.864837223114 eV)  res = 2e-05
    st =   57  occ = 0.000  evalue =     1.356075278022 Ha (   36.900683767094 eV)  res = 3e-05
Energy:
  total          =     371.550965244883 Ha
  kinetic        =      44.285112740151 Ha
  eigenvalues    =     122.648630867204 Ha
  hartree        =     224.772585047408 Ha
  external       =    -335.906446846364 Ha
  non-local      =       3.977330026114 Ha
  xc             =     -33.904086949346 Ha
  mgga           =       0.000000000000 Ha
  nvxc           =     -39.252535147512 Ha
  exact-exchange =       0.000000000000 Ha
  ion            =     468.326471226920 Ha
  zeeman-energy  =       0.000000000000 Ha


[2026-04-14 14:15:21.117] [electrons:7bX8Yg] [trace] ground-state calculation ended normally
  GS energy : 371.551 Ha
  Kinetic   : 44.2851 Ha
  Hartree   : 224.773 Ha
  XC        : -33.9041 Ha
  External  : -335.906 Ha
  Non-local : 3.97733 Ha
  Ion-ion   : 468.326 Ha
  SCF steps : 68

=== STEP 3-5: WP injection ===
  d   = 2.64562 bohr  (1.4 Ang)
  D   = 11.9998 bohr
  bz  = 41.9519 bohr  (Lz/2 + D)
  k0  = 3.83402 bohr^-1
  Ekin= 200 eV
  <psi|psi> = 1.42846e-11  (expect 1.0)
  WARNING: WP norm deviates > 5%

=== STEP 7: TDDFT propagation ===
  dt = 0.0200092 a.u.
  t1 = 3.18329 a.u.  t2 = 10.3353 a.u.
  N  = 516 steps

[2026-04-14 14:15:21.718] [electrons:7bX8Yg] [trace] initializing real-time propagation:
  time step        = 0.020009224914147403 atomictime (0.48 as)
  number of steps  = 516
  propagation time = 10.32476005570006 atomictime (0.25 fs)
[2026-04-14 14:15:21.718] [electrons:7bX8Yg] [trace] 

  t=0.000 a.u.  snapshot 1
[2026-04-14 14:15:22.806] [electrons:7bX8Yg] [trace] starting real-time propagation
[2026-04-14 14:15:22.806] [electrons:7bX8Yg] [info] step         0 :  t =      0.000  e = 384.258727011949
[2026-04-14 14:15:25.995] [electrons:7bX8Yg] [info] step         1 :  t =      0.020  e = 384.261270771426  wtime =     3.189
[2026-04-14 14:15:29.057] [electrons:7bX8Yg] [info] step         2 :  t =      0.040  e = 384.285656533969  wtime =     3.063
[2026-04-14 14:15:32.125] [electrons:7bX8Yg] [info] step         3 :  t =      0.060  e = 384.316260425317  wtime =     3.067
[2026-04-14 14:15:35.187] [electrons:7bX8Yg] [info] step         4 :  t =      0.080  e = 384.338684000005  wtime =     3.062
[2026-04-14 14:15:38.274] [electrons:7bX8Yg] [info] step         5 :  t =      0.100  e = 384.344435860256  wtime =     3.087
[2026-04-14 14:15:41.337] [electrons:7bX8Yg] [info] step         6 :  t =      0.120  e = 384.333239948586  wtime =     3.062
[2026-04-14 14:15:44.394] [electrons:7bX8Yg] [info] step         7 :  t =      0.140  e = 384.311549365333  wtime =     3.058
[2026-04-14 14:15:47.454] [electrons:7bX8Yg] [info] step         8 :  t =      0.160  e = 384.288192612497  wtime =     3.059
[2026-04-14 14:15:50.514] [electrons:7bX8Yg] [info] step         9 :  t =      0.180  e = 384.269856242231  wtime =     3.060
[2026-04-14 14:15:53.587] [electrons:7bX8Yg] [info] step        10 :  t =      0.200  e = 384.258741396779  wtime =     3.073
[2026-04-14 14:15:56.650] [electrons:7bX8Yg] [info] step        11 :  t =      0.220  e = 384.252961749384  wtime =     3.063
[2026-04-14 14:15:59.710] [electrons:7bX8Yg] [info] step        12 :  t =      0.240  e = 384.248739494199  wtime =     3.060
[2026-04-14 14:16:02.770] [electrons:7bX8Yg] [info] step        13 :  t =      0.260  e = 384.242928174805  wtime =     3.060
[2026-04-14 14:16:05.832] [electrons:7bX8Yg] [info] step        14 :  t =      0.280  e = 384.234600733998  wtime =     3.062
[2026-04-14 14:16:08.905] [electrons:7bX8Yg] [info] step        15 :  t =      0.300  e = 384.225081266653  wtime =     3.073
[2026-04-14 14:16:11.965] [electrons:7bX8Yg] [info] step        16 :  t =      0.320  e = 384.216673974614  wtime =     3.059
[2026-04-14 14:16:15.022] [electrons:7bX8Yg] [info] step        17 :  t =      0.340  e = 384.211038828893  wtime =     3.057
[2026-04-14 14:16:18.081] [electrons:7bX8Yg] [info] step        18 :  t =      0.360  e = 384.208231763649  wtime =     3.059
[2026-04-14 14:16:21.140] [electrons:7bX8Yg] [info] step        19 :  t =      0.380  e = 384.206871998685  wtime =     3.059
[2026-04-14 14:16:24.210] [electrons:7bX8Yg] [info] step        20 :  t =      0.400  e = 384.205165320077  wtime =     3.069
[2026-04-14 14:16:27.273] [electrons:7bX8Yg] [info] step        21 :  t =      0.420  e = 384.202050441146  wtime =     3.063
[2026-04-14 14:16:30.344] [electrons:7bX8Yg] [info] step        22 :  t =      0.440  e = 384.197745693497  wtime =     3.071
[2026-04-14 14:16:33.401] [electrons:7bX8Yg] [info] step        23 :  t =      0.460  e = 384.193412143399  wtime =     3.057
[2026-04-14 14:16:36.460] [electrons:7bX8Yg] [info] step        24 :  t =      0.480  e = 384.190247693656  wtime =     3.059
  t=0.500 a.u.  snapshot 2
[2026-04-14 14:16:39.822] [electrons:7bX8Yg] [info] step        25 :  t =      0.500  e = 384.188676617202  wtime =     3.362
[2026-04-14 14:16:42.997] [electrons:7bX8Yg] [info] step        26 :  t =      0.520  e = 384.188154825089  wtime =     3.175
[2026-04-14 14:16:46.052] [electrons:7bX8Yg] [info] step        27 :  t =      0.540  e = 384.187628979526  wtime =     3.055
[2026-04-14 14:16:49.108] [electrons:7bX8Yg] [info] step        28 :  t =      0.560  e = 384.186261287481  wtime =     3.056
[2026-04-14 14:16:52.162] [electrons:7bX8Yg] [info] step        29 :  t =      0.580  e = 384.183926575313  wtime =     3.054
[2026-04-14 14:16:55.226] [electrons:7bX8Yg] [info] step        30 :  t =      0.600  e = 384.181197686889  wtime =     3.064
[2026-04-14 14:16:58.279] [electrons:7bX8Yg] [info] step        31 :  t =      0.620  e = 384.178886708277  wtime =     3.054
[2026-04-14 14:17:01.335] [electrons:7bX8Yg] [info] step        32 :  t =      0.640  e = 384.177484388127  wtime =     3.055
[2026-04-14 14:17:04.397] [electrons:7bX8Yg] [info] step        33 :  t =      0.660  e = 384.176870749403  wtime =     3.062
[2026-04-14 14:17:07.450] [electrons:7bX8Yg] [info] step        34 :  t =      0.680  e = 384.176452426451  wtime =     3.054
[2026-04-14 14:17:10.515] [electrons:7bX8Yg] [info] step        35 :  t =      0.700  e = 384.175589495869  wtime =     3.065
[2026-04-14 14:17:13.569] [electrons:7bX8Yg] [info] step        36 :  t =      0.720  e = 384.174008751494  wtime =     3.054
[2026-04-14 14:17:16.624] [electrons:7bX8Yg] [info] step        37 :  t =      0.740  e = 384.171943474146  wtime =     3.055
[2026-04-14 14:17:19.679] [electrons:7bX8Yg] [info] step        38 :  t =      0.760  e = 384.169935635722  wtime =     3.054
[2026-04-14 14:17:22.736] [electrons:7bX8Yg] [info] step        39 :  t =      0.780  e = 384.168454962786  wtime =     3.057
[2026-04-14 14:17:25.799] [electrons:7bX8Yg] [info] step        40 :  t =      0.800  e = 384.167596075408  wtime =     3.064
[2026-04-14 14:17:28.855] [electrons:7bX8Yg] [info] step        41 :  t =      0.820  e = 384.167045205784  wtime =     3.056
[2026-04-14 14:17:31.908] [electrons:7bX8Yg] [info] step        42 :  t =      0.840  e = 384.166316518833  wtime =     3.053
[2026-04-14 14:17:34.963] [electrons:7bX8Yg] [info] step        43 :  t =      0.860  e = 384.165082108626  wtime =     3.054
[2026-04-14 14:17:38.017] [electrons:7bX8Yg] [info] step        44 :  t =      0.880  e = 384.163373640428  wtime =     3.054
[2026-04-14 14:17:41.082] [electrons:7bX8Yg] [info] step        45 :  t =      0.900  e = 384.161533582209  wtime =     3.065
[2026-04-14 14:17:44.148] [electrons:7bX8Yg] [info] step        46 :  t =      0.920  e = 384.159964580266  wtime =     3.066
[2026-04-14 14:17:47.203] [electrons:7bX8Yg] [info] step        47 :  t =      0.940  e = 384.158855213165  wtime =     3.055
[2026-04-14 14:17:50.258] [electrons:7bX8Yg] [info] step        48 :  t =      0.960  e = 384.158066466570  wtime =     3.055
[2026-04-14 14:17:53.312] [electrons:7bX8Yg] [info] step        49 :  t =      0.980  e = 384.157244791069  wtime =     3.054
  t=1.000 a.u.  snapshot 3
[2026-04-14 14:17:56.672] [electrons:7bX8Yg] [info] step        50 :  t =      1.000  e = 384.156070672432  wtime =     3.360
[2026-04-14 14:17:59.836] [electrons:7bX8Yg] [info] step        51 :  t =      1.020  e = 384.154467353216  wtime =     3.165
[2026-04-14 14:18:02.891] [electrons:7bX8Yg] [info] step        52 :  t =      1.040  e = 384.152634581466  wtime =     3.055
[2026-04-14 14:18:05.945] [electrons:7bX8Yg] [info] step        53 :  t =      1.060  e = 384.150898248295  wtime =     3.054
[2026-04-14 14:18:08.998] [electrons:7bX8Yg] [info] step        54 :  t =      1.080  e = 384.149488099570  wtime =     3.054
[2026-04-14 14:18:12.063] [electrons:7bX8Yg] [info] step        55 :  t =      1.101  e = 384.148394823403  wtime =     3.064
[2026-04-14 14:18:15.122] [electrons:7bX8Yg] [info] step        56 :  t =      1.121  e = 384.147395275471  wtime =     3.060
[2026-04-14 14:18:18.177] [electrons:7bX8Yg] [info] step        57 :  t =      1.141  e = 384.146217402966  wtime =     3.055
[2026-04-14 14:18:21.233] [electrons:7bX8Yg] [info] step        58 :  t =      1.161  e = 384.144725731491  wtime =     3.056
[2026-04-14 14:18:24.286] [electrons:7bX8Yg] [info] step        59 :  t =      1.181  e = 384.143002939688  wtime =     3.053
[2026-04-14 14:18:27.350] [electrons:7bX8Yg] [info] step        60 :  t =      1.201  e = 384.141280260883  wtime =     3.064
[2026-04-14 14:18:30.406] [electrons:7bX8Yg] [info] step        61 :  t =      1.221  e = 384.139772414479  wtime =     3.056
[2026-04-14 14:18:33.461] [electrons:7bX8Yg] [info] step        62 :  t =      1.241  e = 384.138532947604  wtime =     3.055
[2026-04-14 14:18:36.517] [electrons:7bX8Yg] [info] step        63 :  t =      1.261  e = 384.137426313861  wtime =     3.055
[2026-04-14 14:18:39.570] [electrons:7bX8Yg] [info] step        64 :  t =      1.281  e = 384.136229693930  wtime =     3.054
[2026-04-14 14:18:42.635] [electrons:7bX8Yg] [info] step        65 :  t =      1.301  e = 384.134788848726  wtime =     3.065
[2026-04-14 14:18:45.689] [electrons:7bX8Yg] [info] step        66 :  t =      1.321  e = 384.133119370876  wtime =     3.054
[2026-04-14 14:18:48.745] [electrons:7bX8Yg] [info] step        67 :  t =      1.341  e = 384.131387747388  wtime =     3.055
[2026-04-14 14:18:51.798] [electrons:7bX8Yg] [info] step        68 :  t =      1.361  e = 384.129791732832  wtime =     3.053
[2026-04-14 14:18:54.852] [electrons:7bX8Yg] [info] step        69 :  t =      1.381  e = 384.128426223008  wtime =     3.055
[2026-04-14 14:18:57.916] [electrons:7bX8Yg] [info] step        70 :  t =      1.401  e = 384.127225678124  wtime =     3.064
[2026-04-14 14:19:00.971] [electrons:7bX8Yg] [info] step        71 :  t =      1.421  e = 384.126017784078  wtime =     3.055
[2026-04-14 14:19:04.027] [electrons:7bX8Yg] [info] step        72 :  t =      1.441  e = 384.124646388286  wtime =     3.056
[2026-04-14 14:19:07.080] [electrons:7bX8Yg] [info] step        73 :  t =      1.461  e = 384.123077150056  wtime =     3.053
[2026-04-14 14:19:10.135] [electrons:7bX8Yg] [info] step        74 :  t =      1.481  e = 384.121415283928  wtime =     3.054
  t=1.501 a.u.  snapshot 4
[2026-04-14 14:19:13.493] [electrons:7bX8Yg] [info] step        75 :  t =      1.501  e = 384.119827578178  wtime =     3.358
[2026-04-14 14:19:16.665] [electrons:7bX8Yg] [info] step        76 :  t =      1.521  e = 384.118425995720  wtime =     3.172
[2026-04-14 14:19:19.719] [electrons:7bX8Yg] [info] step        77 :  t =      1.541  e = 384.117193730678  wtime =     3.053
[2026-04-14 14:19:22.774] [electrons:7bX8Yg] [info] step        78 :  t =      1.561  e = 384.116002442475  wtime =     3.055
[2026-04-14 14:19:25.827] [electrons:7bX8Yg] [info] step        79 :  t =      1.581  e = 384.114705274803  wtime =     3.054
[2026-04-14 14:19:28.892] [electrons:7bX8Yg] [info] step        80 :  t =      1.601  e = 384.113238966090  wtime =     3.065
[2026-04-14 14:19:31.947] [electrons:7bX8Yg] [info] step        81 :  t =      1.621  e = 384.111664656673  wtime =     3.055
[2026-04-14 14:19:35.001] [electrons:7bX8Yg] [info] step        82 :  t =      1.641  e = 384.110121722872  wtime =     3.054
[2026-04-14 14:19:38.056] [electrons:7bX8Yg] [info] step        83 :  t =      1.661  e = 384.108729522888  wtime =     3.055
[2026-04-14 14:19:41.111] [electrons:7bX8Yg] [info] step        84 :  t =      1.681  e = 384.107506312749  wtime =     3.055
[2026-04-14 14:19:44.175] [electrons:7bX8Yg] [info] step        85 :  t =      1.701  e = 384.106360402692  wtime =     3.064
[2026-04-14 14:19:47.230] [electrons:7bX8Yg] [info] step        86 :  t =      1.721  e = 384.105157258453  wtime =     3.055
[2026-04-14 14:19:50.286] [electrons:7bX8Yg] [info] step        87 :  t =      1.741  e = 384.103813976594  wtime =     3.055
[2026-04-14 14:19:53.341] [electrons:7bX8Yg] [info] step        88 :  t =      1.761  e = 384.102355257583  wtime =     3.055
[2026-04-14 14:19:56.395] [electrons:7bX8Yg] [info] step        89 :  t =      1.781  e = 384.100893512273  wtime =     3.054
[2026-04-14 14:19:59.459] [electrons:7bX8Yg] [info] step        90 :  t =      1.801  e = 384.099549035194  wtime =     3.064
[2026-04-14 14:20:02.515] [electrons:7bX8Yg] [info] step        91 :  t =      1.821  e = 384.098366890211  wtime =     3.055
[2026-04-14 14:20:05.571] [electrons:7bX8Yg] [info] step        92 :  t =      1.841  e = 384.097287765505  wtime =     3.057
[2026-04-14 14:20:08.627] [electrons:7bX8Yg] [info] step        93 :  t =      1.861  e = 384.096191331234  wtime =     3.055
[2026-04-14 14:20:11.680] [electrons:7bX8Yg] [info] step        94 :  t =      1.881  e = 384.094980287675  wtime =     3.053
[2026-04-14 14:20:14.746] [electrons:7bX8Yg] [info] step        95 :  t =      1.901  e = 384.093646280558  wtime =     3.066
[2026-04-14 14:20:17.800] [electrons:7bX8Yg] [info] step        96 :  t =      1.921  e = 384.092273034027  wtime =     3.054
[2026-04-14 14:20:20.855] [electrons:7bX8Yg] [info] step        97 :  t =      1.941  e = 384.090976361928  wtime =     3.055
[2026-04-14 14:20:23.909] [electrons:7bX8Yg] [info] step        98 :  t =      1.961  e = 384.089823913658  wtime =     3.054
[2026-04-14 14:20:26.963] [electrons:7bX8Yg] [info] step        99 :  t =      1.981  e = 384.088790169344  wtime =     3.054
  t=2.001 a.u.  snapshot 5
[2026-04-14 14:20:30.321] [electrons:7bX8Yg] [info] step       100 :  t =      2.001  e = 384.087776516266  wtime =     3.358
[2026-04-14 14:20:33.491] [electrons:7bX8Yg] [info] step       101 :  t =      2.021  e = 384.086680781620  wtime =     3.170
[2026-04-14 14:20:36.546] [electrons:7bX8Yg] [info] step       102 :  t =      2.041  e = 384.085467134786  wtime =     3.054
[2026-04-14 14:20:39.602] [electrons:7bX8Yg] [info] step       103 :  t =      2.061  e = 384.084188494660  wtime =     3.056
[2026-04-14 14:20:42.656] [electrons:7bX8Yg] [info] step       104 :  t =      2.081  e = 384.082947524197  wtime =     3.055
[2026-04-14 14:20:45.724] [electrons:7bX8Yg] [info] step       105 :  t =      2.101  e = 384.081824666874  wtime =     3.067
[2026-04-14 14:20:48.778] [electrons:7bX8Yg] [info] step       106 :  t =      2.121  e = 384.080823401321  wtime =     3.055
[2026-04-14 14:20:51.834] [electrons:7bX8Yg] [info] step       107 :  t =      2.141  e = 384.079869789728  wtime =     3.056
[2026-04-14 14:20:54.889] [electrons:7bX8Yg] [info] step       108 :  t =      2.161  e = 384.078865224085  wtime =     3.055
[2026-04-14 14:20:57.944] [electrons:7bX8Yg] [info] step       109 :  t =      2.181  e = 384.077754766379  wtime =     3.055
[2026-04-14 14:21:01.010] [electrons:7bX8Yg] [info] step       110 :  t =      2.201  e = 384.076563776427  wtime =     3.066
[2026-04-14 14:21:04.065] [electrons:7bX8Yg] [info] step       111 :  t =      2.221  e = 384.075378572108  wtime =     3.055
[2026-04-14 14:21:07.119] [electrons:7bX8Yg] [info] step       112 :  t =      2.241  e = 384.074285801110  wtime =     3.054
[2026-04-14 14:21:10.174] [electrons:7bX8Yg] [info] step       113 :  t =      2.261  e = 384.073312983372  wtime =     3.055
[2026-04-14 14:21:13.229] [electrons:7bX8Yg] [info] step       114 :  t =      2.281  e = 384.072410848623  wtime =     3.055
[2026-04-14 14:21:16.294] [electrons:7bX8Yg] [info] step       115 :  t =      2.301  e = 384.071488618838  wtime =     3.064
[2026-04-14 14:21:19.349] [electrons:7bX8Yg] [info] step       116 :  t =      2.321  e = 384.070476882991  wtime =     3.056
[2026-04-14 14:21:22.404] [electrons:7bX8Yg] [info] step       117 :  t =      2.341  e = 384.069374377482  wtime =     3.054
[2026-04-14 14:21:25.460] [electrons:7bX8Yg] [info] step       118 :  t =      2.361  e = 384.068247100554  wtime =     3.057
[2026-04-14 14:21:28.517] [electrons:7bX8Yg] [info] step       119 :  t =      2.381  e = 384.067181596751  wtime =     3.057
[2026-04-14 14:21:31.584] [electrons:7bX8Yg] [info] step       120 :  t =      2.401  e = 384.066225417104  wtime =     3.067
[2026-04-14 14:21:34.642] [electrons:7bX8Yg] [info] step       121 :  t =      2.421  e = 384.065355623150  wtime =     3.058
[2026-04-14 14:21:37.698] [electrons:7bX8Yg] [info] step       122 :  t =      2.441  e = 384.064496125077  wtime =     3.057
[2026-04-14 14:21:40.753] [electrons:7bX8Yg] [info] step       123 :  t =      2.461  e = 384.063570844739  wtime =     3.055
[2026-04-14 14:21:43.807] [electrons:7bX8Yg] [info] step       124 :  t =      2.481  e = 384.062555471927  wtime =     3.054
  t=2.501 a.u.  snapshot 6
[2026-04-14 14:21:47.167] [electrons:7bX8Yg] [info] step       125 :  t =      2.501  e = 384.061492436249  wtime =     3.360
[2026-04-14 14:21:50.343] [electrons:7bX8Yg] [info] step       126 :  t =      2.521  e = 384.060459815179  wtime =     3.176
[2026-04-14 14:21:53.401] [electrons:7bX8Yg] [info] step       127 :  t =      2.541  e = 384.059516631271  wtime =     3.058
[2026-04-14 14:21:56.458] [electrons:7bX8Yg] [info] step       128 :  t =      2.561  e = 384.058662521265  wtime =     3.057
[2026-04-14 14:21:59.518] [electrons:7bX8Yg] [info] step       129 :  t =      2.581  e = 384.057839032760  wtime =     3.060
[2026-04-14 14:22:02.622] [electrons:7bX8Yg] [info] step       130 :  t =      2.601  e = 384.056970719697  wtime =     3.104
[2026-04-14 14:22:05.699] [electrons:7bX8Yg] [info] step       131 :  t =      2.621  e = 384.056016927419  wtime =     3.077
[2026-04-14 14:22:08.765] [electrons:7bX8Yg] [info] step       132 :  t =      2.641  e = 384.054998434443  wtime =     3.066
[2026-04-14 14:22:11.835] [electrons:7bX8Yg] [info] step       133 :  t =      2.661  e = 384.053981244335  wtime =     3.070
[2026-04-14 14:22:14.900] [electrons:7bX8Yg] [info] step       134 :  t =      2.681  e = 384.053029662940  wtime =     3.065
[2026-04-14 14:22:17.972] [electrons:7bX8Yg] [info] step       135 :  t =      2.701  e = 384.052161533554  wtime =     3.072
[2026-04-14 14:22:21.032] [electrons:7bX8Yg] [info] step       136 :  t =      2.721  e = 384.051336315631  wtime =     3.060
[2026-04-14 14:22:24.092] [electrons:7bX8Yg] [info] step       137 :  t =      2.741  e = 384.050483604695  wtime =     3.061
[2026-04-14 14:22:27.152] [electrons:7bX8Yg] [info] step       138 :  t =      2.761  e = 384.049551712096  wtime =     3.060
[2026-04-14 14:22:30.210] [electrons:7bX8Yg] [info] step       139 :  t =      2.781  e = 384.048542387427  wtime =     3.058
[2026-04-14 14:22:33.276] [electrons:7bX8Yg] [info] step       140 :  t =      2.801  e = 384.047508017052  wtime =     3.065
[2026-04-14 14:22:36.332] [electrons:7bX8Yg] [info] step       141 :  t =      2.821  e = 384.046514095005  wtime =     3.056
[2026-04-14 14:22:39.391] [electrons:7bX8Yg] [info] step       142 :  t =      2.841  e = 384.045593571978  wtime =     3.059
[2026-04-14 14:22:42.446] [electrons:7bX8Yg] [info] step       143 :  t =      2.861  e = 384.044724633470  wtime =     3.056
[2026-04-14 14:22:45.503] [electrons:7bX8Yg] [info] step       144 :  t =      2.881  e = 384.043846835136  wtime =     3.056
[2026-04-14 14:22:48.577] [electrons:7bX8Yg] [info] step       145 :  t =      2.901  e = 384.042903951200  wtime =     3.074
[2026-04-14 14:22:51.636] [electrons:7bX8Yg] [info] step       146 :  t =      2.921  e = 384.041883486156  wtime =     3.059
[2026-04-14 14:22:54.696] [electrons:7bX8Yg] [info] step       147 :  t =      2.941  e = 384.040825416805  wtime =     3.059
[2026-04-14 14:22:57.754] [electrons:7bX8Yg] [info] step       148 :  t =      2.961  e = 384.039794607840  wtime =     3.058
[2026-04-14 14:23:00.813] [electrons:7bX8Yg] [info] step       149 :  t =      2.981  e = 384.038836709123  wtime =     3.059
  t=3.001 a.u.  snapshot 7
[2026-04-14 14:23:04.191] [electrons:7bX8Yg] [info] step       150 :  t =      3.001  e = 384.037948255817  wtime =     3.378
[2026-04-14 14:23:07.365] [electrons:7bX8Yg] [info] step       151 :  t =      3.021  e = 384.037081259063  wtime =     3.174
[2026-04-14 14:23:10.421] [electrons:7bX8Yg] [info] step       152 :  t =      3.041  e = 384.036178649620  wtime =     3.057
[2026-04-14 14:23:13.476] [electrons:7bX8Yg] [info] step       153 :  t =      3.061  e = 384.035215747104  wtime =     3.054
[2026-04-14 14:23:16.531] [electrons:7bX8Yg] [info] step       154 :  t =      3.081  e = 384.034218790914  wtime =     3.055
[2026-04-14 14:23:19.598] [electrons:7bX8Yg] [info] step       155 :  t =      3.101  e = 384.033247687142  wtime =     3.068
[2026-04-14 14:23:22.654] [electrons:7bX8Yg] [info] step       156 :  t =      3.121  e = 384.032355344354  wtime =     3.055
[2026-04-14 14:23:25.707] [electrons:7bX8Yg] [info] step       157 :  t =      3.141  e = 384.031552117423  wtime =     3.053
[2026-04-14 14:23:28.764] [electrons:7bX8Yg] [info] step       158 :  t =      3.161  e = 384.030799691411  wtime =     3.057
[2026-04-14 14:23:31.823] [electrons:7bX8Yg] [info] step       159 :  t =      3.181  e = 384.030038006010  wtime =     3.058
[2026-04-14 14:23:35.268] [electrons:7bX8Yg] [info] step       160 :  t =      3.201  e = 384.029226236619  wtime =     3.445
[2026-04-14 14:23:38.781] [electrons:7bX8Yg] [info] step       161 :  t =      3.221  e = 384.028369419296  wtime =     3.513
[2026-04-14 14:23:42.245] [electrons:7bX8Yg] [info] step       162 :  t =      3.241  e = 384.027512346201  wtime =     3.464
[2026-04-14 14:23:45.713] [electrons:7bX8Yg] [info] step       163 :  t =      3.262  e = 384.026705329615  wtime =     3.468
[2026-04-14 14:23:49.186] [electrons:7bX8Yg] [info] step       164 :  t =      3.282  e = 384.025966238351  wtime =     3.473
[2026-04-14 14:23:52.667] [electrons:7bX8Yg] [info] step       165 :  t =      3.302  e = 384.025265508975  wtime =     3.481
[2026-04-14 14:23:56.139] [electrons:7bX8Yg] [info] step       166 :  t =      3.322  e = 384.024544316797  wtime =     3.472
[2026-04-14 14:23:59.603] [electrons:7bX8Yg] [info] step       167 :  t =      3.342  e = 384.023753018529  wtime =     3.465
[2026-04-14 14:24:03.072] [electrons:7bX8Yg] [info] step       168 :  t =      3.362  e = 384.022883272758  wtime =     3.468
[2026-04-14 14:24:06.539] [electrons:7bX8Yg] [info] step       169 :  t =      3.382  e = 384.021971823178  wtime =     3.467
[2026-04-14 14:24:10.014] [electrons:7bX8Yg] [info] step       170 :  t =      3.402  e = 384.021073693694  wtime =     3.476
[2026-04-14 14:24:13.479] [electrons:7bX8Yg] [info] step       171 :  t =      3.422  e = 384.020224005650  wtime =     3.465
[2026-04-14 14:24:16.947] [electrons:7bX8Yg] [info] step       172 :  t =      3.442  e = 384.019415433431  wtime =     3.468
[2026-04-14 14:24:20.411] [electrons:7bX8Yg] [info] step       173 :  t =      3.462  e = 384.018606801720  wtime =     3.464
[2026-04-14 14:24:23.915] [electrons:7bX8Yg] [info] step       174 :  t =      3.482  e = 384.017756152686  wtime =     3.504
  t=3.502 a.u.  snapshot 8
[2026-04-14 14:24:27.601] [electrons:7bX8Yg] [info] step       175 :  t =      3.502  e = 384.016854593108  wtime =     3.686
[2026-04-14 14:24:31.137] [electrons:7bX8Yg] [info] step       176 :  t =      3.522  e = 384.015936757350  wtime =     3.536
[2026-04-14 14:24:34.598] [electrons:7bX8Yg] [info] step       177 :  t =      3.542  e = 384.015060001255  wtime =     3.461
[2026-04-14 14:24:38.057] [electrons:7bX8Yg] [info] step       178 :  t =      3.562  e = 384.014266598087  wtime =     3.459
[2026-04-14 14:24:41.515] [electrons:7bX8Yg] [info] step       179 :  t =      3.582  e = 384.013555549802  wtime =     3.458
[2026-04-14 14:24:45.029] [electrons:7bX8Yg] [info] step       180 :  t =      3.602  e = 384.012883774849  wtime =     3.514
[2026-04-14 14:24:48.531] [electrons:7bX8Yg] [info] step       181 :  t =      3.622  e = 384.012195445207  wtime =     3.502
[2026-04-14 14:24:51.994] [electrons:7bX8Yg] [info] step       182 :  t =      3.642  e = 384.011458650250  wtime =     3.464
[2026-04-14 14:24:55.505] [electrons:7bX8Yg] [info] step       183 :  t =      3.662  e = 384.010683813310  wtime =     3.511
[2026-04-14 14:24:58.995] [electrons:7bX8Yg] [info] step       184 :  t =      3.682  e = 384.009911038890  wtime =     3.490
[2026-04-14 14:25:02.466] [electrons:7bX8Yg] [info] step       185 :  t =      3.702  e = 384.009175472290  wtime =     3.471
[2026-04-14 14:25:05.930] [electrons:7bX8Yg] [info] step       186 :  t =      3.722  e = 384.008476095616  wtime =     3.464
[2026-04-14 14:25:09.389] [electrons:7bX8Yg] [info] step       187 :  t =      3.742  e = 384.007771657516  wtime =     3.460
[2026-04-14 14:25:12.853] [electrons:7bX8Yg] [info] step       188 :  t =      3.762  e = 384.007007772905  wtime =     3.464
[2026-04-14 14:25:16.319] [electrons:7bX8Yg] [info] step       189 :  t =      3.782  e = 384.006156308668  wtime =     3.466
[2026-04-14 14:25:19.794] [electrons:7bX8Yg] [info] step       190 :  t =      3.802  e = 384.005239124835  wtime =     3.475
[2026-04-14 14:25:23.260] [electrons:7bX8Yg] [info] step       191 :  t =      3.822  e = 384.004318754142  wtime =     3.466
[2026-04-14 14:25:26.728] [electrons:7bX8Yg] [info] step       192 :  t =      3.842  e = 384.003460911397  wtime =     3.468
[2026-04-14 14:25:30.196] [electrons:7bX8Yg] [info] step       193 :  t =      3.862  e = 384.002693546126  wtime =     3.468
[2026-04-14 14:25:33.666] [electrons:7bX8Yg] [info] step       194 :  t =      3.882  e = 384.001991065802  wtime =     3.470
[2026-04-14 14:25:37.141] [electrons:7bX8Yg] [info] step       195 :  t =      3.902  e = 384.001295721178  wtime =     3.475
[2026-04-14 14:25:40.610] [electrons:7bX8Yg] [info] step       196 :  t =      3.922  e = 384.000561482212  wtime =     3.468
[2026-04-14 14:25:44.077] [electrons:7bX8Yg] [info] step       197 :  t =      3.942  e = 383.999789093028  wtime =     3.468
[2026-04-14 14:25:47.544] [electrons:7bX8Yg] [info] step       198 :  t =      3.962  e = 383.999026940404  wtime =     3.467
[2026-04-14 14:25:51.014] [electrons:7bX8Yg] [info] step       199 :  t =      3.982  e = 383.998335864406  wtime =     3.470
  t=4.002 a.u.  snapshot 9
[2026-04-14 14:25:54.623] [electrons:7bX8Yg] [info] step       200 :  t =      4.002  e = 383.997740904941  wtime =     3.609
[2026-04-14 14:25:58.155] [electrons:7bX8Yg] [info] step       201 :  t =      4.022  e = 383.997203564849  wtime =     3.532
[2026-04-14 14:26:01.617] [electrons:7bX8Yg] [info] step       202 :  t =      4.042  e = 383.996636533820  wtime =     3.461
[2026-04-14 14:26:05.082] [electrons:7bX8Yg] [info] step       203 :  t =      4.062  e = 383.995954273664  wtime =     3.465
[2026-04-14 14:26:08.542] [electrons:7bX8Yg] [info] step       204 :  t =      4.082  e = 383.995126811099  wtime =     3.460
[2026-04-14 14:26:12.012] [electrons:7bX8Yg] [info] step       205 :  t =      4.102  e = 383.994200676562  wtime =     3.471
[2026-04-14 14:26:15.478] [electrons:7bX8Yg] [info] step       206 :  t =      4.122  e = 383.993272640847  wtime =     3.465
[2026-04-14 14:26:18.942] [electrons:7bX8Yg] [info] step       207 :  t =      4.142  e = 383.992432277080  wtime =     3.465
[2026-04-14 14:26:22.413] [electrons:7bX8Yg] [info] step       208 :  t =      4.162  e = 383.991708997943  wtime =     3.471
[2026-04-14 14:26:25.879] [electrons:7bX8Yg] [info] step       209 :  t =      4.182  e = 383.991057501363  wtime =     3.466
[2026-04-14 14:26:29.356] [electrons:7bX8Yg] [info] step       210 :  t =      4.202  e = 383.990392145928  wtime =     3.477
[2026-04-14 14:26:32.823] [electrons:7bX8Yg] [info] step       211 :  t =      4.222  e = 383.989647696402  wtime =     3.467
[2026-04-14 14:26:36.349] [electrons:7bX8Yg] [info] step       212 :  t =      4.242  e = 383.988824384031  wtime =     3.527
[2026-04-14 14:26:39.931] [electrons:7bX8Yg] [info] step       213 :  t =      4.262  e = 383.987986476248  wtime =     3.582
[2026-04-14 14:26:43.422] [electrons:7bX8Yg] [info] step       214 :  t =      4.282  e = 383.987217181360  wtime =     3.491
[2026-04-14 14:26:46.902] [electrons:7bX8Yg] [info] step       215 :  t =      4.302  e = 383.986561656655  wtime =     3.480
[2026-04-14 14:26:50.369] [electrons:7bX8Yg] [info] step       216 :  t =      4.322  e = 383.985995099308  wtime =     3.467
[2026-04-14 14:26:53.840] [electrons:7bX8Yg] [info] step       217 :  t =      4.342  e = 383.985435707336  wtime =     3.471
[2026-04-14 14:26:57.323] [electrons:7bX8Yg] [info] step       218 :  t =      4.362  e = 383.984794654332  wtime =     3.482
[2026-04-14 14:27:00.789] [electrons:7bX8Yg] [info] step       219 :  t =      4.382  e = 383.984031098968  wtime =     3.467
[2026-04-14 14:27:04.271] [electrons:7bX8Yg] [info] step       220 :  t =      4.402  e = 383.983175014805  wtime =     3.482
[2026-04-14 14:27:07.735] [electrons:7bX8Yg] [info] step       221 :  t =      4.422  e = 383.982302043608  wtime =     3.463
[2026-04-14 14:27:11.202] [electrons:7bX8Yg] [info] step       222 :  t =      4.442  e = 383.981479324306  wtime =     3.467
[2026-04-14 14:27:14.667] [electrons:7bX8Yg] [info] step       223 :  t =      4.462  e = 383.980721642115  wtime =     3.466
[2026-04-14 14:27:18.132] [electrons:7bX8Yg] [info] step       224 :  t =      4.482  e = 383.979987543219  wtime =     3.465
  t=4.502 a.u.  snapshot 10
[2026-04-14 14:27:21.742] [electrons:7bX8Yg] [info] step       225 :  t =      4.502  e = 383.979215368293  wtime =     3.610
[2026-04-14 14:27:25.275] [electrons:7bX8Yg] [info] step       226 :  t =      4.522  e = 383.978372259777  wtime =     3.533
[2026-04-14 14:27:28.737] [electrons:7bX8Yg] [info] step       227 :  t =      4.542  e = 383.977481462066  wtime =     3.462
[2026-04-14 14:27:32.202] [electrons:7bX8Yg] [info] step       228 :  t =      4.562  e = 383.976608051481  wtime =     3.465
[2026-04-14 14:27:35.663] [electrons:7bX8Yg] [info] step       229 :  t =      4.582  e = 383.975811982916  wtime =     3.461
[2026-04-14 14:27:39.137] [electrons:7bX8Yg] [info] step       230 :  t =      4.602  e = 383.975101688491  wtime =     3.474
[2026-04-14 14:27:42.600] [electrons:7bX8Yg] [info] step       231 :  t =      4.622  e = 383.974422939927  wtime =     3.463
[2026-04-14 14:27:46.063] [electrons:7bX8Yg] [info] step       232 :  t =      4.642  e = 383.973693248083  wtime =     3.463
[2026-04-14 14:27:49.539] [electrons:7bX8Yg] [info] step       233 :  t =      4.662  e = 383.972859168918  wtime =     3.476
[2026-04-14 14:27:53.016] [electrons:7bX8Yg] [info] step       234 :  t =      4.682  e = 383.971936775114  wtime =     3.478
[2026-04-14 14:27:56.490] [electrons:7bX8Yg] [info] step       235 :  t =      4.702  e = 383.971006230222  wtime =     3.473
[2026-04-14 14:27:59.951] [electrons:7bX8Yg] [info] step       236 :  t =      4.722  e = 383.970162140801  wtime =     3.461
[2026-04-14 14:28:03.416] [electrons:7bX8Yg] [info] step       237 :  t =      4.742  e = 383.969451594025  wtime =     3.465
[2026-04-14 14:28:06.883] [electrons:7bX8Yg] [info] step       238 :  t =      4.762  e = 383.968841416783  wtime =     3.466
[2026-04-14 14:28:10.352] [electrons:7bX8Yg] [info] step       239 :  t =      4.782  e = 383.968237872107  wtime =     3.470
[2026-04-14 14:28:13.831] [electrons:7bX8Yg] [info] step       240 :  t =      4.802  e = 383.967546855485  wtime =     3.479
[2026-04-14 14:28:17.301] [electrons:7bX8Yg] [info] step       241 :  t =      4.822  e = 383.966734406303  wtime =     3.469
[2026-04-14 14:28:20.844] [electrons:7bX8Yg] [info] step       242 :  t =      4.842  e = 383.965846345836  wtime =     3.543
[2026-04-14 14:28:24.354] [electrons:7bX8Yg] [info] step       243 :  t =      4.862  e = 383.964973697022  wtime =     3.510
[2026-04-14 14:28:27.829] [electrons:7bX8Yg] [info] step       244 :  t =      4.882  e = 383.964187994731  wtime =     3.475
[2026-04-14 14:28:31.310] [electrons:7bX8Yg] [info] step       245 :  t =      4.902  e = 383.963491353372  wtime =     3.481
[2026-04-14 14:28:34.766] [electrons:7bX8Yg] [info] step       246 :  t =      4.922  e = 383.962815916396  wtime =     3.457
[2026-04-14 14:28:38.236] [electrons:7bX8Yg] [info] step       247 :  t =      4.942  e = 383.962073361839  wtime =     3.470
[2026-04-14 14:28:41.703] [electrons:7bX8Yg] [info] step       248 :  t =      4.962  e = 383.961220491776  wtime =     3.467
[2026-04-14 14:28:45.170] [electrons:7bX8Yg] [info] step       249 :  t =      4.982  e = 383.960294892461  wtime =     3.467
  t=5.002 a.u.  snapshot 11
[2026-04-14 14:28:48.786] [electrons:7bX8Yg] [info] step       250 :  t =      5.002  e = 383.959394047289  wtime =     3.616
[2026-04-14 14:28:52.322] [electrons:7bX8Yg] [info] step       251 :  t =      5.022  e = 383.958610165872  wtime =     3.536
[2026-04-14 14:28:55.787] [electrons:7bX8Yg] [info] step       252 :  t =      5.042  e = 383.957964975486  wtime =     3.464
[2026-04-14 14:28:59.251] [electrons:7bX8Yg] [info] step       253 :  t =      5.062  e = 383.957390506129  wtime =     3.464
[2026-04-14 14:29:02.713] [electrons:7bX8Yg] [info] step       254 :  t =      5.082  e = 383.956771009147  wtime =     3.462
[2026-04-14 14:29:06.188] [electrons:7bX8Yg] [info] step       255 :  t =      5.102  e = 383.956018924616  wtime =     3.475
[2026-04-14 14:29:09.657] [electrons:7bX8Yg] [info] step       256 :  t =      5.122  e = 383.955133804395  wtime =     3.468
[2026-04-14 14:29:13.124] [electrons:7bX8Yg] [info] step       257 :  t =      5.142  e = 383.954203761040  wtime =     3.468
[2026-04-14 14:29:16.611] [electrons:7bX8Yg] [info] step       258 :  t =      5.162  e = 383.953347206123  wtime =     3.486
[2026-04-14 14:29:20.086] [electrons:7bX8Yg] [info] step       259 :  t =      5.182  e = 383.952633206847  wtime =     3.475
[2026-04-14 14:29:23.561] [electrons:7bX8Yg] [info] step       260 :  t =      5.202  e = 383.952034546092  wtime =     3.475
[2026-04-14 14:29:27.030] [electrons:7bX8Yg] [info] step       261 :  t =      5.222  e = 383.951446675336  wtime =     3.469
[2026-04-14 14:29:30.493] [electrons:7bX8Yg] [info] step       262 :  t =      5.242  e = 383.950760872017  wtime =     3.464
[2026-04-14 14:29:33.956] [electrons:7bX8Yg] [info] step       263 :  t =      5.262  e = 383.949941567423  wtime =     3.463
[2026-04-14 14:29:37.421] [electrons:7bX8Yg] [info] step       264 :  t =      5.282  e = 383.949053558451  wtime =     3.465
[2026-04-14 14:29:40.958] [electrons:7bX8Yg] [info] step       265 :  t =      5.302  e = 383.948218695504  wtime =     3.537
[2026-04-14 14:29:44.522] [electrons:7bX8Yg] [info] step       266 :  t =      5.322  e = 383.947530458503  wtime =     3.564
[2026-04-14 14:29:47.992] [electrons:7bX8Yg] [info] step       267 :  t =      5.342  e = 383.946984767144  wtime =     3.471
[2026-04-14 14:29:51.459] [electrons:7bX8Yg] [info] step       268 :  t =      5.362  e = 383.946475777765  wtime =     3.467
[2026-04-14 14:29:54.923] [electrons:7bX8Yg] [info] step       269 :  t =      5.382  e = 383.945862399276  wtime =     3.464
[2026-04-14 14:29:58.402] [electrons:7bX8Yg] [info] step       270 :  t =      5.402  e = 383.945062999626  wtime =     3.479
[2026-04-14 14:30:01.867] [electrons:7bX8Yg] [info] step       271 :  t =      5.422  e = 383.944114401937  wtime =     3.465
[2026-04-14 14:30:05.331] [electrons:7bX8Yg] [info] step       272 :  t =      5.443  e = 383.943152541008  wtime =     3.464
[2026-04-14 14:30:08.797] [electrons:7bX8Yg] [info] step       273 :  t =      5.463  e = 383.942324224969  wtime =     3.465
[2026-04-14 14:30:12.262] [electrons:7bX8Yg] [info] step       274 :  t =      5.483  e = 383.941688225154  wtime =     3.466
  t=5.503 a.u.  snapshot 12
[2026-04-14 14:30:15.876] [electrons:7bX8Yg] [info] step       275 :  t =      5.503  e = 383.941174462881  wtime =     3.614
[2026-04-14 14:30:19.411] [electrons:7bX8Yg] [info] step       276 :  t =      5.523  e = 383.940632034290  wtime =     3.535
[2026-04-14 14:30:22.882] [electrons:7bX8Yg] [info] step       277 :  t =      5.543  e = 383.939934870910  wtime =     3.470
[2026-04-14 14:30:26.353] [electrons:7bX8Yg] [info] step       278 :  t =      5.563  e = 383.939071946751  wtime =     3.472
[2026-04-14 14:30:29.822] [electrons:7bX8Yg] [info] step       279 :  t =      5.583  e = 383.938158182641  wtime =     3.469
[2026-04-14 14:30:33.300] [electrons:7bX8Yg] [info] step       280 :  t =      5.603  e = 383.937356875606  wtime =     3.477
[2026-04-14 14:30:36.764] [electrons:7bX8Yg] [info] step       281 :  t =      5.623  e = 383.936766003525  wtime =     3.464
[2026-04-14 14:30:40.230] [electrons:7bX8Yg] [info] step       282 :  t =      5.643  e = 383.936346125409  wtime =     3.466
[2026-04-14 14:30:43.692] [electrons:7bX8Yg] [info] step       283 :  t =      5.663  e = 383.935940025068  wtime =     3.462
[2026-04-14 14:30:47.158] [electrons:7bX8Yg] [info] step       284 :  t =      5.683  e = 383.935373243651  wtime =     3.467
[2026-04-14 14:30:50.631] [electrons:7bX8Yg] [info] step       285 :  t =      5.703  e = 383.934570647706  wtime =     3.473
[2026-04-14 14:30:54.095] [electrons:7bX8Yg] [info] step       286 :  t =      5.723  e = 383.933611573728  wtime =     3.464
[2026-04-14 14:30:57.557] [electrons:7bX8Yg] [info] step       287 :  t =      5.743  e = 383.932683240043  wtime =     3.462
[2026-04-14 14:31:01.037] [electrons:7bX8Yg] [info] step       288 :  t =      5.763  e = 383.931957601255  wtime =     3.480
[2026-04-14 14:31:04.513] [electrons:7bX8Yg] [info] step       289 :  t =      5.783  e = 383.931470733668  wtime =     3.476
[2026-04-14 14:31:08.000] [electrons:7bX8Yg] [info] step       290 :  t =      5.803  e = 383.931089211126  wtime =     3.486
[2026-04-14 14:31:11.477] [electrons:7bX8Yg] [info] step       291 :  t =      5.823  e = 383.930594778602  wtime =     3.477
[2026-04-14 14:31:14.951] [electrons:7bX8Yg] [info] step       292 :  t =      5.843  e = 383.929836824167  wtime =     3.474
[2026-04-14 14:31:18.426] [electrons:7bX8Yg] [info] step       293 :  t =      5.863  e = 383.928848050643  wtime =     3.475
[2026-04-14 14:31:21.899] [electrons:7bX8Yg] [info] step       294 :  t =      5.883  e = 383.927836508718  wtime =     3.473
[2026-04-14 14:31:25.383] [electrons:7bX8Yg] [info] step       295 :  t =      5.903  e = 383.927051015373  wtime =     3.484
[2026-04-14 14:31:28.858] [electrons:7bX8Yg] [info] step       296 :  t =      5.923  e = 383.926608988650  wtime =     3.475
[2026-04-14 14:31:32.335] [electrons:7bX8Yg] [info] step       297 :  t =      5.943  e = 383.926407264892  wtime =     3.477
[2026-04-14 14:31:35.812] [electrons:7bX8Yg] [info] step       298 :  t =      5.963  e = 383.926181933624  wtime =     3.477
[2026-04-14 14:31:39.291] [electrons:7bX8Yg] [info] step       299 :  t =      5.983  e = 383.925680663225  wtime =     3.479
  t=6.003 a.u.  snapshot 13
[2026-04-14 14:31:42.918] [electrons:7bX8Yg] [info] step       300 :  t =      6.003  e = 383.924832860642  wtime =     3.627
[2026-04-14 14:31:46.448] [electrons:7bX8Yg] [info] step       301 :  t =      6.023  e = 383.923802781939  wtime =     3.530
[2026-04-14 14:31:49.910] [electrons:7bX8Yg] [info] step       302 :  t =      6.043  e = 383.922887142684  wtime =     3.461
[2026-04-14 14:31:53.373] [electrons:7bX8Yg] [info] step       303 :  t =      6.063  e = 383.922320546757  wtime =     3.463
[2026-04-14 14:31:56.846] [electrons:7bX8Yg] [info] step       304 :  t =      6.083  e = 383.922113779744  wtime =     3.473
[2026-04-14 14:32:00.324] [electrons:7bX8Yg] [info] step       305 :  t =      6.103  e = 383.922032882721  wtime =     3.478
[2026-04-14 14:32:03.794] [electrons:7bX8Yg] [info] step       306 :  t =      6.123  e = 383.921740359558  wtime =     3.470
[2026-04-14 14:32:07.258] [electrons:7bX8Yg] [info] step       307 :  t =      6.143  e = 383.921015422472  wtime =     3.464
[2026-04-14 14:32:10.722] [electrons:7bX8Yg] [info] step       308 :  t =      6.163  e = 383.919912710016  wtime =     3.464
[2026-04-14 14:32:14.187] [electrons:7bX8Yg] [info] step       309 :  t =      6.183  e = 383.918748835411  wtime =     3.465
[2026-04-14 14:32:17.660] [electrons:7bX8Yg] [info] step       310 :  t =      6.203  e = 383.917911655102  wtime =     3.473
[2026-04-14 14:32:21.122] [electrons:7bX8Yg] [info] step       311 :  t =      6.223  e = 383.917605505687  wtime =     3.463
[2026-04-14 14:32:24.589] [electrons:7bX8Yg] [info] step       312 :  t =      6.243  e = 383.917698798433  wtime =     3.467
[2026-04-14 14:32:28.052] [electrons:7bX8Yg] [info] step       313 :  t =      6.263  e = 383.917786214602  wtime =     3.463
[2026-04-14 14:32:31.518] [electrons:7bX8Yg] [info] step       314 :  t =      6.283  e = 383.917442484601  wtime =     3.466
[2026-04-14 14:32:34.990] [electrons:7bX8Yg] [info] step       315 :  t =      6.303  e = 383.916511968727  wtime =     3.472
[2026-04-14 14:32:38.450] [electrons:7bX8Yg] [info] step       316 :  t =      6.323  e = 383.915238871339  wtime =     3.460
[2026-04-14 14:32:41.914] [electrons:7bX8Yg] [info] step       317 :  t =      6.343  e = 383.914134185320  wtime =     3.463
[2026-04-14 14:32:45.380] [electrons:7bX8Yg] [info] step       318 :  t =      6.363  e = 383.913648045423  wtime =     3.466
[2026-04-14 14:32:48.846] [electrons:7bX8Yg] [info] step       319 :  t =      6.383  e = 383.913857213732  wtime =     3.466
[2026-04-14 14:32:52.320] [electrons:7bX8Yg] [info] step       320 :  t =      6.403  e = 383.914384055503  wtime =     3.474
[2026-04-14 14:32:55.785] [electrons:7bX8Yg] [info] step       321 :  t =      6.423  e = 383.914619277283  wtime =     3.465
[2026-04-14 14:32:59.248] [electrons:7bX8Yg] [info] step       322 :  t =      6.443  e = 383.914116358440  wtime =     3.463
[2026-04-14 14:33:02.716] [electrons:7bX8Yg] [info] step       323 :  t =      6.463  e = 383.912900482078  wtime =     3.468
[2026-04-14 14:33:06.183] [electrons:7bX8Yg] [info] step       324 :  t =      6.483  e = 383.911479853885  wtime =     3.467
  t=6.503 a.u.  snapshot 14
[2026-04-14 14:33:09.796] [electrons:7bX8Yg] [info] step       325 :  t =      6.503  e = 383.910538223951  wtime =     3.613
[2026-04-14 14:33:13.327] [electrons:7bX8Yg] [info] step       326 :  t =      6.523  e = 383.910498173738  wtime =     3.531
[2026-04-14 14:33:16.791] [electrons:7bX8Yg] [info] step       327 :  t =      6.543  e = 383.911234315527  wtime =     3.464
[2026-04-14 14:33:20.254] [electrons:7bX8Yg] [info] step       328 :  t =      6.563  e = 383.912125133788  wtime =     3.463
[2026-04-14 14:33:23.718] [electrons:7bX8Yg] [info] step       329 :  t =      6.583  e = 383.912421653259  wtime =     3.464
[2026-04-14 14:33:27.193] [electrons:7bX8Yg] [info] step       330 :  t =      6.603  e = 383.911713594961  wtime =     3.475
[2026-04-14 14:33:30.658] [electrons:7bX8Yg] [info] step       331 :  t =      6.623  e = 383.910208625242  wtime =     3.465
[2026-04-14 14:33:34.121] [electrons:7bX8Yg] [info] step       332 :  t =      6.643  e = 383.908645048771  wtime =     3.463
[2026-04-14 14:33:37.586] [electrons:7bX8Yg] [info] step       333 :  t =      6.663  e = 383.907872306665  wtime =     3.465
[2026-04-14 14:33:41.052] [electrons:7bX8Yg] [info] step       334 :  t =      6.683  e = 383.908334907362  wtime =     3.465
[2026-04-14 14:33:44.528] [electrons:7bX8Yg] [info] step       335 :  t =      6.703  e = 383.909767092784  wtime =     3.476
[2026-04-14 14:33:47.997] [electrons:7bX8Yg] [info] step       336 :  t =      6.723  e = 383.911299657071  wtime =     3.469
[2026-04-14 14:33:51.463] [electrons:7bX8Yg] [info] step       337 :  t =      6.743  e = 383.911946597151  wtime =     3.466
[2026-04-14 14:33:54.933] [electrons:7bX8Yg] [info] step       338 :  t =      6.763  e = 383.911204449429  wtime =     3.471
[2026-04-14 14:33:58.395] [electrons:7bX8Yg] [info] step       339 :  t =      6.783  e = 383.909402569784  wtime =     3.461
[2026-04-14 14:34:01.866] [electrons:7bX8Yg] [info] step       340 :  t =      6.803  e = 383.907563575701  wtime =     3.471
[2026-04-14 14:34:05.327] [electrons:7bX8Yg] [info] step       341 :  t =      6.823  e = 383.906819789261  wtime =     3.461
[2026-04-14 14:34:08.800] [electrons:7bX8Yg] [info] step       342 :  t =      6.843  e = 383.907717547215  wtime =     3.473
[2026-04-14 14:34:12.265] [electrons:7bX8Yg] [info] step       343 :  t =      6.863  e = 383.909838469893  wtime =     3.465
[2026-04-14 14:34:15.729] [electrons:7bX8Yg] [info] step       344 :  t =      6.883  e = 383.911994259402  wtime =     3.464
[2026-04-14 14:34:19.224] [electrons:7bX8Yg] [info] step       345 :  t =      6.903  e = 383.912903694711  wtime =     3.495
[2026-04-14 14:34:22.682] [electrons:7bX8Yg] [info] step       346 :  t =      6.923  e = 383.911954454308  wtime =     3.458
[2026-04-14 14:34:26.145] [electrons:7bX8Yg] [info] step       347 :  t =      6.943  e = 383.909587344389  wtime =     3.463
[2026-04-14 14:34:29.612] [electrons:7bX8Yg] [info] step       348 :  t =      6.963  e = 383.907063749919  wtime =     3.467
[2026-04-14 14:34:33.076] [electrons:7bX8Yg] [info] step       349 :  t =      6.983  e = 383.905749029940  wtime =     3.464
  t=7.003 a.u.  snapshot 15
[2026-04-14 14:34:36.693] [electrons:7bX8Yg] [info] step       350 :  t =      7.003  e = 383.906330661253  wtime =     3.617
[2026-04-14 14:34:40.228] [electrons:7bX8Yg] [info] step       351 :  t =      7.023  e = 383.908418973075  wtime =     3.535
[2026-04-14 14:34:43.695] [electrons:7bX8Yg] [info] step       352 :  t =      7.043  e = 383.910749121440  wtime =     3.467
[2026-04-14 14:34:47.166] [electrons:7bX8Yg] [info] step       353 :  t =      7.063  e = 383.911864857879  wtime =     3.471
[2026-04-14 14:34:50.633] [electrons:7bX8Yg] [info] step       354 :  t =      7.083  e = 383.910907910359  wtime =     3.466
[2026-04-14 14:34:54.107] [electrons:7bX8Yg] [info] step       355 :  t =      7.103  e = 383.908087878149  wtime =     3.474
[2026-04-14 14:34:57.574] [electrons:7bX8Yg] [info] step       356 :  t =      7.123  e = 383.904581506697  wtime =     3.467
[2026-04-14 14:35:01.039] [electrons:7bX8Yg] [info] step       357 :  t =      7.143  e = 383.901914148063  wtime =     3.465
[2026-04-14 14:35:04.513] [electrons:7bX8Yg] [info] step       358 :  t =      7.163  e = 383.901152307907  wtime =     3.474
[2026-04-14 14:35:07.979] [electrons:7bX8Yg] [info] step       359 :  t =      7.183  e = 383.902338096761  wtime =     3.465
[2026-04-14 14:35:11.451] [electrons:7bX8Yg] [info] step       360 :  t =      7.203  e = 383.904467696213  wtime =     3.473
[2026-04-14 14:35:14.920] [electrons:7bX8Yg] [info] step       361 :  t =      7.223  e = 383.906023495927  wtime =     3.469
[2026-04-14 14:35:18.387] [electrons:7bX8Yg] [info] step       362 :  t =      7.243  e = 383.905770836840  wtime =     3.467
[2026-04-14 14:35:21.852] [electrons:7bX8Yg] [info] step       363 :  t =      7.263  e = 383.903390574247  wtime =     3.465
[2026-04-14 14:35:25.319] [electrons:7bX8Yg] [info] step       364 :  t =      7.283  e = 383.899617292234  wtime =     3.467
[2026-04-14 14:35:28.795] [electrons:7bX8Yg] [info] step       365 :  t =      7.303  e = 383.895831517299  wtime =     3.475
[2026-04-14 14:35:32.263] [electrons:7bX8Yg] [info] step       366 :  t =      7.323  e = 383.893348348041  wtime =     3.468
[2026-04-14 14:35:35.731] [electrons:7bX8Yg] [info] step       367 :  t =      7.343  e = 383.892787513892  wtime =     3.469
[2026-04-14 14:35:39.200] [electrons:7bX8Yg] [info] step       368 :  t =      7.363  e = 383.893834043734  wtime =     3.469
[2026-04-14 14:35:42.664] [electrons:7bX8Yg] [info] step       369 :  t =      7.383  e = 383.895468210874  wtime =     3.465
[2026-04-14 14:35:46.143] [electrons:7bX8Yg] [info] step       370 :  t =      7.403  e = 383.896499998566  wtime =     3.478
[2026-04-14 14:35:49.605] [electrons:7bX8Yg] [info] step       371 :  t =      7.423  e = 383.896116921401  wtime =     3.463
[2026-04-14 14:35:53.074] [electrons:7bX8Yg] [info] step       372 :  t =      7.443  e = 383.894192909827  wtime =     3.469
[2026-04-14 14:35:56.538] [electrons:7bX8Yg] [info] step       373 :  t =      7.463  e = 383.891261591174  wtime =     3.464
[2026-04-14 14:36:00.003] [electrons:7bX8Yg] [info] step       374 :  t =      7.483  e = 383.888226456867  wtime =     3.464
  t=7.503 a.u.  snapshot 16
[2026-04-14 14:36:03.613] [electrons:7bX8Yg] [info] step       375 :  t =      7.503  e = 383.885974919803  wtime =     3.611
[2026-04-14 14:36:07.146] [electrons:7bX8Yg] [info] step       376 :  t =      7.523  e = 383.885058923696  wtime =     3.532
[2026-04-14 14:36:10.604] [electrons:7bX8Yg] [info] step       377 :  t =      7.543  e = 383.885537364801  wtime =     3.459
[2026-04-14 14:36:14.065] [electrons:7bX8Yg] [info] step       378 :  t =      7.563  e = 383.886998162827  wtime =     3.460
[2026-04-14 14:36:17.537] [electrons:7bX8Yg] [info] step       379 :  t =      7.583  e = 383.888722966468  wtime =     3.472
[2026-04-14 14:36:21.019] [electrons:7bX8Yg] [info] step       380 :  t =      7.604  e = 383.889930841657  wtime =     3.482
[2026-04-14 14:36:24.491] [electrons:7bX8Yg] [info] step       381 :  t =      7.624  e = 383.890030841699  wtime =     3.472
[2026-04-14 14:36:27.964] [electrons:7bX8Yg] [info] step       382 :  t =      7.644  e = 383.888817338567  wtime =     3.473
[2026-04-14 14:36:31.437] [electrons:7bX8Yg] [info] step       383 :  t =      7.664  e = 383.886551479719  wtime =     3.473
[2026-04-14 14:36:34.910] [electrons:7bX8Yg] [info] step       384 :  t =      7.684  e = 383.883891551467  wtime =     3.474
[2026-04-14 14:36:38.391] [electrons:7bX8Yg] [info] step       385 :  t =      7.704  e = 383.881674246704  wtime =     3.481
[2026-04-14 14:36:41.862] [electrons:7bX8Yg] [info] step       386 :  t =      7.724  e = 383.880606737163  wtime =     3.471
[2026-04-14 14:36:45.335] [electrons:7bX8Yg] [info] step       387 :  t =      7.744  e = 383.880981391915  wtime =     3.473
[2026-04-14 14:36:48.809] [electrons:7bX8Yg] [info] step       388 :  t =      7.764  e = 383.882535021451  wtime =     3.474
[2026-04-14 14:36:52.293] [electrons:7bX8Yg] [info] step       389 :  t =      7.784  e = 383.884525366256  wtime =     3.484
[2026-04-14 14:36:55.779] [electrons:7bX8Yg] [info] step       390 :  t =      7.804  e = 383.886007291717  wtime =     3.485
[2026-04-14 14:36:59.253] [electrons:7bX8Yg] [info] step       391 :  t =      7.824  e = 383.886201768078  wtime =     3.475
[2026-04-14 14:37:02.726] [electrons:7bX8Yg] [info] step       392 :  t =      7.844  e = 383.884804377758  wtime =     3.473
[2026-04-14 14:37:06.197] [electrons:7bX8Yg] [info] step       393 :  t =      7.864  e = 383.882101514599  wtime =     3.471
[2026-04-14 14:37:09.669] [electrons:7bX8Yg] [info] step       394 :  t =      7.884  e = 383.878846988670  wtime =     3.472
[2026-04-14 14:37:13.150] [electrons:7bX8Yg] [info] step       395 :  t =      7.904  e = 383.875960361614  wtime =     3.482
[2026-04-14 14:37:16.621] [electrons:7bX8Yg] [info] step       396 :  t =      7.924  e = 383.874183677940  wtime =     3.471
[2026-04-14 14:37:20.092] [electrons:7bX8Yg] [info] step       397 :  t =      7.944  e = 383.873836958169  wtime =     3.471
[2026-04-14 14:37:23.565] [electrons:7bX8Yg] [info] step       398 :  t =      7.964  e = 383.874751991723  wtime =     3.472
[2026-04-14 14:37:27.036] [electrons:7bX8Yg] [info] step       399 :  t =      7.984  e = 383.876380278312  wtime =     3.471
  t=8.004 a.u.  snapshot 17
[2026-04-14 14:37:30.658] [electrons:7bX8Yg] [info] step       400 :  t =      8.004  e = 383.878007223788  wtime =     3.623
[2026-04-14 14:37:34.195] [electrons:7bX8Yg] [info] step       401 :  t =      8.024  e = 383.878982511109  wtime =     3.536
[2026-04-14 14:37:37.665] [electrons:7bX8Yg] [info] step       402 :  t =      8.044  e = 383.878894349491  wtime =     3.471
[2026-04-14 14:37:41.139] [electrons:7bX8Yg] [info] step       403 :  t =      8.064  e = 383.877654616932  wtime =     3.474
[2026-04-14 14:37:44.613] [electrons:7bX8Yg] [info] step       404 :  t =      8.084  e = 383.875497515843  wtime =     3.474
[2026-04-14 14:37:48.095] [electrons:7bX8Yg] [info] step       405 :  t =      8.104  e = 383.872909643446  wtime =     3.481
[2026-04-14 14:37:51.565] [electrons:7bX8Yg] [info] step       406 :  t =      8.124  e = 383.870507552349  wtime =     3.471
[2026-04-14 14:37:55.042] [electrons:7bX8Yg] [info] step       407 :  t =      8.144  e = 383.868877286034  wtime =     3.477
[2026-04-14 14:37:58.513] [electrons:7bX8Yg] [info] step       408 :  t =      8.164  e = 383.868402265296  wtime =     3.471
[2026-04-14 14:38:02.005] [electrons:7bX8Yg] [info] step       409 :  t =      8.184  e = 383.869126867741  wtime =     3.492
[2026-04-14 14:38:05.564] [electrons:7bX8Yg] [info] step       410 :  t =      8.204  e = 383.870713007978  wtime =     3.559
[2026-04-14 14:38:09.035] [electrons:7bX8Yg] [info] step       411 :  t =      8.224  e = 383.872526263678  wtime =     3.471
[2026-04-14 14:38:12.508] [electrons:7bX8Yg] [info] step       412 :  t =      8.244  e = 383.873836703926  wtime =     3.473
[2026-04-14 14:38:15.980] [electrons:7bX8Yg] [info] step       413 :  t =      8.264  e = 383.874063800271  wtime =     3.472
[2026-04-14 14:38:19.452] [electrons:7bX8Yg] [info] step       414 :  t =      8.284  e = 383.872969794364  wtime =     3.472
[2026-04-14 14:38:22.997] [electrons:7bX8Yg] [info] step       415 :  t =      8.304  e = 383.870727823894  wtime =     3.544
[2026-04-14 14:38:26.529] [electrons:7bX8Yg] [info] step       416 :  t =      8.324  e = 383.867845940614  wtime =     3.533
[2026-04-14 14:38:30.003] [electrons:7bX8Yg] [info] step       417 :  t =      8.344  e = 383.864986161917  wtime =     3.474
[2026-04-14 14:38:33.541] [electrons:7bX8Yg] [info] step       418 :  t =      8.364  e = 383.862753892728  wtime =     3.538
[2026-04-14 14:38:37.139] [electrons:7bX8Yg] [info] step       419 :  t =      8.384  e = 383.861535102064  wtime =     3.598
[2026-04-14 14:38:40.677] [electrons:7bX8Yg] [info] step       420 :  t =      8.404  e = 383.861427461247  wtime =     3.539
[2026-04-14 14:38:44.221] [electrons:7bX8Yg] [info] step       421 :  t =      8.424  e = 383.862263888547  wtime =     3.544
[2026-04-14 14:38:47.751] [electrons:7bX8Yg] [info] step       422 :  t =      8.444  e = 383.863690647939  wtime =     3.530
[2026-04-14 14:38:51.221] [electrons:7bX8Yg] [info] step       423 :  t =      8.464  e = 383.865257594276  wtime =     3.470
[2026-04-14 14:38:54.689] [electrons:7bX8Yg] [info] step       424 :  t =      8.484  e = 383.866500160809  wtime =     3.468
  t=8.504 a.u.  snapshot 18
[2026-04-14 14:38:58.303] [electrons:7bX8Yg] [info] step       425 :  t =      8.504  e = 383.867016338521  wtime =     3.613
[2026-04-14 14:39:01.840] [electrons:7bX8Yg] [info] step       426 :  t =      8.524  e = 383.866546237796  wtime =     3.538
[2026-04-14 14:39:05.313] [electrons:7bX8Yg] [info] step       427 :  t =      8.544  e = 383.865046020863  wtime =     3.472
[2026-04-14 14:39:08.783] [electrons:7bX8Yg] [info] step       428 :  t =      8.564  e = 383.862728177281  wtime =     3.470
[2026-04-14 14:39:12.254] [electrons:7bX8Yg] [info] step       429 :  t =      8.584  e = 383.860035577534  wtime =     3.471
[2026-04-14 14:39:15.736] [electrons:7bX8Yg] [info] step       430 :  t =      8.604  e = 383.857536605781  wtime =     3.481
[2026-04-14 14:39:19.207] [electrons:7bX8Yg] [info] step       431 :  t =      8.624  e = 383.855764861321  wtime =     3.471
[2026-04-14 14:39:22.674] [electrons:7bX8Yg] [info] step       432 :  t =      8.644  e = 383.855058192147  wtime =     3.467
[2026-04-14 14:39:26.143] [electrons:7bX8Yg] [info] step       433 :  t =      8.664  e = 383.855458279619  wtime =     3.469
[2026-04-14 14:39:29.615] [electrons:7bX8Yg] [info] step       434 :  t =      8.684  e = 383.856708672873  wtime =     3.471
[2026-04-14 14:39:33.096] [electrons:7bX8Yg] [info] step       435 :  t =      8.704  e = 383.858347951323  wtime =     3.481
[2026-04-14 14:39:36.566] [electrons:7bX8Yg] [info] step       436 :  t =      8.724  e = 383.859856123522  wtime =     3.470
[2026-04-14 14:39:40.037] [electrons:7bX8Yg] [info] step       437 :  t =      8.744  e = 383.860795377841  wtime =     3.471
[2026-04-14 14:39:43.513] [electrons:7bX8Yg] [info] step       438 :  t =      8.764  e = 383.860898917047  wtime =     3.476
[2026-04-14 14:39:46.986] [electrons:7bX8Yg] [info] step       439 :  t =      8.784  e = 383.860094874608  wtime =     3.473
[2026-04-14 14:39:50.467] [electrons:7bX8Yg] [info] step       440 :  t =      8.804  e = 383.858484133100  wtime =     3.481
[2026-04-14 14:39:53.934] [electrons:7bX8Yg] [info] step       441 :  t =      8.824  e = 383.856301582647  wtime =     3.467
[2026-04-14 14:39:57.408] [electrons:7bX8Yg] [info] step       442 :  t =      8.844  e = 383.853877804790  wtime =     3.474
[2026-04-14 14:40:00.881] [electrons:7bX8Yg] [info] step       443 :  t =      8.864  e = 383.851597648589  wtime =     3.473
[2026-04-14 14:40:04.360] [electrons:7bX8Yg] [info] step       444 :  t =      8.884  e = 383.849842279168  wtime =     3.479
[2026-04-14 14:40:07.836] [electrons:7bX8Yg] [info] step       445 :  t =      8.904  e = 383.848909912642  wtime =     3.475
[2026-04-14 14:40:11.303] [electrons:7bX8Yg] [info] step       446 :  t =      8.924  e = 383.848931151816  wtime =     3.467
[2026-04-14 14:40:14.768] [electrons:7bX8Yg] [info] step       447 :  t =      8.944  e = 383.849812405687  wtime =     3.466
[2026-04-14 14:40:18.233] [electrons:7bX8Yg] [info] step       448 :  t =      8.964  e = 383.851240797851  wtime =     3.465
[2026-04-14 14:40:21.697] [electrons:7bX8Yg] [info] step       449 :  t =      8.984  e = 383.852761755191  wtime =     3.464
  t=9.004 a.u.  snapshot 19
[2026-04-14 14:40:25.306] [electrons:7bX8Yg] [info] step       450 :  t =      9.004  e = 383.853906442790  wtime =     3.608
[2026-04-14 14:40:28.839] [electrons:7bX8Yg] [info] step       451 :  t =      9.024  e = 383.854320667968  wtime =     3.533
[2026-04-14 14:40:32.307] [electrons:7bX8Yg] [info] step       452 :  t =      9.044  e = 383.853846493511  wtime =     3.468
[2026-04-14 14:40:35.778] [electrons:7bX8Yg] [info] step       453 :  t =      9.064  e = 383.852533114644  wtime =     3.472
[2026-04-14 14:40:39.246] [electrons:7bX8Yg] [info] step       454 :  t =      9.084  e = 383.850588313534  wtime =     3.468
[2026-04-14 14:40:42.721] [electrons:7bX8Yg] [info] step       455 :  t =      9.104  e = 383.848304900129  wtime =     3.475
[2026-04-14 14:40:46.188] [electrons:7bX8Yg] [info] step       456 :  t =      9.124  e = 383.845996390330  wtime =     3.467
[2026-04-14 14:40:49.655] [electrons:7bX8Yg] [info] step       457 :  t =      9.144  e = 383.843956975806  wtime =     3.466
[2026-04-14 14:40:53.121] [electrons:7bX8Yg] [info] step       458 :  t =      9.164  e = 383.842438155838  wtime =     3.466
[2026-04-14 14:40:56.584] [electrons:7bX8Yg] [info] step       459 :  t =      9.184  e = 383.841624247878  wtime =     3.463
[2026-04-14 14:41:00.057] [electrons:7bX8Yg] [info] step       460 :  t =      9.204  e = 383.841597351312  wtime =     3.473
[2026-04-14 14:41:03.518] [electrons:7bX8Yg] [info] step       461 :  t =      9.224  e = 383.842301361809  wtime =     3.461
[2026-04-14 14:41:07.045] [electrons:7bX8Yg] [info] step       462 :  t =      9.244  e = 383.843528573779  wtime =     3.527
[2026-04-14 14:41:10.583] [electrons:7bX8Yg] [info] step       463 :  t =      9.264  e = 383.844949354483  wtime =     3.538
[2026-04-14 14:41:14.043] [electrons:7bX8Yg] [info] step       464 :  t =      9.284  e = 383.846185805738  wtime =     3.460
[2026-04-14 14:41:17.513] [electrons:7bX8Yg] [info] step       465 :  t =      9.304  e = 383.846906381989  wtime =     3.470
[2026-04-14 14:41:20.972] [electrons:7bX8Yg] [info] step       466 :  t =      9.324  e = 383.846905442203  wtime =     3.459
[2026-04-14 14:41:24.432] [electrons:7bX8Yg] [info] step       467 :  t =      9.344  e = 383.846138329762  wtime =     3.460
[2026-04-14 14:41:27.891] [electrons:7bX8Yg] [info] step       468 :  t =      9.364  e = 383.844705221360  wtime =     3.459
[2026-04-14 14:41:31.356] [electrons:7bX8Yg] [info] step       469 :  t =      9.384  e = 383.842801759018  wtime =     3.465
[2026-04-14 14:41:34.851] [electrons:7bX8Yg] [info] step       470 :  t =      9.404  e = 383.840666043886  wtime =     3.495
[2026-04-14 14:41:38.311] [electrons:7bX8Yg] [info] step       471 :  t =      9.424  e = 383.838543696239  wtime =     3.460
[2026-04-14 14:41:41.769] [electrons:7bX8Yg] [info] step       472 :  t =      9.444  e = 383.836672581234  wtime =     3.458
[2026-04-14 14:41:45.226] [electrons:7bX8Yg] [info] step       473 :  t =      9.464  e = 383.835271644092  wtime =     3.457
[2026-04-14 14:41:48.706] [electrons:7bX8Yg] [info] step       474 :  t =      9.484  e = 383.834516279879  wtime =     3.480
  t=9.504 a.u.  snapshot 20
[2026-04-14 14:41:52.304] [electrons:7bX8Yg] [info] step       475 :  t =      9.504  e = 383.834496761726  wtime =     3.598
[2026-04-14 14:41:55.811] [electrons:7bX8Yg] [info] step       476 :  t =      9.524  e = 383.835175978885  wtime =     3.507
[2026-04-14 14:41:59.354] [electrons:7bX8Yg] [info] step       477 :  t =      9.544  e = 383.836373259629  wtime =     3.543
[2026-04-14 14:42:02.825] [electrons:7bX8Yg] [info] step       478 :  t =      9.564  e = 383.837793227172  wtime =     3.471
[2026-04-14 14:42:06.289] [electrons:7bX8Yg] [info] step       479 :  t =      9.584  e = 383.839095870600  wtime =     3.464
[2026-04-14 14:42:09.764] [electrons:7bX8Yg] [info] step       480 :  t =      9.604  e = 383.839980818623  wtime =     3.475
[2026-04-14 14:42:13.225] [electrons:7bX8Yg] [info] step       481 :  t =      9.624  e = 383.840250920435  wtime =     3.462
[2026-04-14 14:42:16.685] [electrons:7bX8Yg] [info] step       482 :  t =      9.644  e = 383.839833148498  wtime =     3.460
[2026-04-14 14:42:20.149] [electrons:7bX8Yg] [info] step       483 :  t =      9.664  e = 383.838759663902  wtime =     3.464
[2026-04-14 14:42:23.614] [electrons:7bX8Yg] [info] step       484 :  t =      9.684  e = 383.837132022492  wtime =     3.465
[2026-04-14 14:42:27.091] [electrons:7bX8Yg] [info] step       485 :  t =      9.704  e = 383.835094477949  wtime =     3.476
[2026-04-14 14:42:30.552] [electrons:7bX8Yg] [info] step       486 :  t =      9.724  e = 383.832827784276  wtime =     3.461
[2026-04-14 14:42:34.021] [electrons:7bX8Yg] [info] step       487 :  t =      9.744  e = 383.830553906564  wtime =     3.469
[2026-04-14 14:42:37.493] [electrons:7bX8Yg] [info] step       488 :  t =      9.765  e = 383.828529545112  wtime =     3.472
[2026-04-14 14:42:40.960] [electrons:7bX8Yg] [info] step       489 :  t =      9.785  e = 383.827011457602  wtime =     3.468
[2026-04-14 14:42:44.436] [electrons:7bX8Yg] [info] step       490 :  t =      9.805  e = 383.826196329483  wtime =     3.476
[2026-04-14 14:42:47.905] [electrons:7bX8Yg] [info] step       491 :  t =      9.825  e = 383.826158997138  wtime =     3.468
[2026-04-14 14:42:51.370] [electrons:7bX8Yg] [info] step       492 :  t =      9.845  e = 383.826820209963  wtime =     3.465
[2026-04-14 14:42:54.842] [electrons:7bX8Yg] [info] step       493 :  t =      9.865  e = 383.827962863922  wtime =     3.472
[2026-04-14 14:42:58.307] [electrons:7bX8Yg] [info] step       494 :  t =      9.885  e = 383.829291170626  wtime =     3.464
[2026-04-14 14:43:01.782] [electrons:7bX8Yg] [info] step       495 :  t =      9.905  e = 383.830506081783  wtime =     3.475
[2026-04-14 14:43:05.242] [electrons:7bX8Yg] [info] step       496 :  t =      9.925  e = 383.831365323807  wtime =     3.460
[2026-04-14 14:43:08.704] [electrons:7bX8Yg] [info] step       497 :  t =      9.945  e = 383.831709504886  wtime =     3.462
[2026-04-14 14:43:12.166] [electrons:7bX8Yg] [info] step       498 :  t =      9.965  e = 383.831457392369  wtime =     3.461
[2026-04-14 14:43:15.627] [electrons:7bX8Yg] [info] step       499 :  t =      9.985  e = 383.830589464563  wtime =     3.462
  t=10.005 a.u.  snapshot 21
[2026-04-14 14:43:19.234] [electrons:7bX8Yg] [info] step       500 :  t =     10.005  e = 383.829139691885  wtime =     3.607
[2026-04-14 14:43:22.771] [electrons:7bX8Yg] [info] step       501 :  t =     10.025  e = 383.827202111117  wtime =     3.537
[2026-04-14 14:43:26.231] [electrons:7bX8Yg] [info] step       502 :  t =     10.045  e = 383.824941505456  wtime =     3.460
[2026-04-14 14:43:29.693] [electrons:7bX8Yg] [info] step       503 :  t =     10.065  e = 383.822589165918  wtime =     3.462
[2026-04-14 14:43:33.155] [electrons:7bX8Yg] [info] step       504 :  t =     10.085  e = 383.820411600024  wtime =     3.461
[2026-04-14 14:43:36.632] [electrons:7bX8Yg] [info] step       505 :  t =     10.105  e = 383.818657395074  wtime =     3.477
[2026-04-14 14:43:40.146] [electrons:7bX8Yg] [info] step       506 :  t =     10.125  e = 383.817502767985  wtime =     3.514
[2026-04-14 14:43:43.759] [electrons:7bX8Yg] [info] step       507 :  t =     10.145  e = 383.817018762397  wtime =     3.613
[2026-04-14 14:43:47.276] [electrons:7bX8Yg] [info] step       508 :  t =     10.165  e = 383.817171175827  wtime =     3.517
[2026-04-14 14:43:50.750] [electrons:7bX8Yg] [info] step       509 :  t =     10.185  e = 383.817846608961  wtime =     3.474
[2026-04-14 14:43:54.233] [electrons:7bX8Yg] [info] step       510 :  t =     10.205  e = 383.818886288882  wtime =     3.482
[2026-04-14 14:43:57.711] [electrons:7bX8Yg] [info] step       511 :  t =     10.225  e = 383.820110435150  wtime =     3.478
[2026-04-14 14:44:01.186] [electrons:7bX8Yg] [info] step       512 :  t =     10.245  e = 383.821327984227  wtime =     3.475
[2026-04-14 14:44:04.659] [electrons:7bX8Yg] [info] step       513 :  t =     10.265  e = 383.822340581368  wtime =     3.473
[2026-04-14 14:44:08.131] [electrons:7bX8Yg] [info] step       514 :  t =     10.285  e = 383.822955831660  wtime =     3.472
[2026-04-14 14:44:11.613] [electrons:7bX8Yg] [info] step       515 :  t =     10.305  e = 383.823018028813  wtime =     3.482
[2026-04-14 14:44:15.089] [electrons:7bX8Yg] [info] step       516 :  t =     10.325  e = 383.822448968688  wtime =     3.476
[2026-04-14 14:44:15.089] [electrons:7bX8Yg] [trace] real-time propagation ended normally

Wrote all results. Simulation complete.
