───────────────────────────────────────
 inq-run
   target : run
   source : /local/data/public/skcb2/tddft/ResearchProject/systems/coronene/04_leed_simulation/runs/run_005_200eV_d0p53A_31p7A/run.cpp
   gpu    : ON
───────────────────────────────────────
==> cmake already configured (use --reconfig to force)
==> Building run...
CMake version 3.28.3
CMake build type: Release
-- MPI Executable for running programs:/usr/bin/mpiexec
-- MPI number of processors detected on the host system: 32
-- 
 Properties for TARGET MPI::MPI_CXX:
   MPI::MPI_CXX.INTERFACE_LINK_LIBRARIES = "/usr/lib/x86_64-linux-gnu/openmpi/lib/libmpi_cxx.so;/usr/lib/x86_64-linux-gnu/openmpi/lib/libmpi.so"
   MPI::MPI_CXX.INTERFACE_INCLUDE_DIRECTORIES = "/usr/lib/x86_64-linux-gnu/openmpi/include;/usr/lib/x86_64-linux-gnu/openmpi/include/openmpi"

current binary directory: /local/data/public/skcb2/tddft/ResearchProject/systems/coronene/04_leed_simulation/runs/run_005_200eV_d0p53A_31p7A/build/inq/external_libs/multi
-- Boost.Multi: standalone mode ON
Some BLAS found: linker flags: , libs: /usr/lib/x86_64-linux-gnu/libopenblas.so, libs95: 
-- Downloading Catch2 v3p3p2 for gpurun
-- Populating catch2
-- Configuring done (0.0s)
-- Generating done (0.0s)
-- Build files have been written to: /local/data/public/skcb2/tddft/ResearchProject/systems/coronene/04_leed_simulation/runs/run_005_200eV_d0p53A_31p7A/build/_deps/catch2-subbuild
gmake[1]: Entering directory '/local/data/public/skcb2/tddft/ResearchProject/systems/coronene/04_leed_simulation/runs/run_005_200eV_d0p53A_31p7A/build/_deps/catch2-subbuild'
gmake[2]: Entering directory '/local/data/public/skcb2/tddft/ResearchProject/systems/coronene/04_leed_simulation/runs/run_005_200eV_d0p53A_31p7A/build/_deps/catch2-subbuild'
gmake[3]: Entering directory '/local/data/public/skcb2/tddft/ResearchProject/systems/coronene/04_leed_simulation/runs/run_005_200eV_d0p53A_31p7A/build/_deps/catch2-subbuild'
gmake[3]: Leaving directory '/local/data/public/skcb2/tddft/ResearchProject/systems/coronene/04_leed_simulation/runs/run_005_200eV_d0p53A_31p7A/build/_deps/catch2-subbuild'
[100%] Built target catch2-populate
gmake[2]: Leaving directory '/local/data/public/skcb2/tddft/ResearchProject/systems/coronene/04_leed_simulation/runs/run_005_200eV_d0p53A_31p7A/build/_deps/catch2-subbuild'
gmake[1]: Leaving directory '/local/data/public/skcb2/tddft/ResearchProject/systems/coronene/04_leed_simulation/runs/run_005_200eV_d0p53A_31p7A/build/_deps/catch2-subbuild'

CONFIGURING SHARMONIC

-- Looking for std::sph_legendre - found
-- Found Boost: /usr/lib/x86_64-linux-gnu/cmake/Boost-1.83.0/BoostConfig.cmake (found version "1.83.0")  
-- Boost actual version found 1.83.0
-- Downloading Catch2 v3p3p2

DONE CONFIGURING SHARMONIC


CONFIGURING LIBXC

CMake Deprecation Warning at /local/data/public/skcb2/tddft/inq/external_libs/libxc/CMakeLists.txt:10 (cmake_minimum_required):
  Compatibility with CMake < 3.5 will be removed from a future version of
  CMake.

  Update the VERSION argument <min> value or use a ...<max> suffix to tell
  CMake that the project does not need compatibility with older versions.


CMake Deprecation Warning at /local/data/public/skcb2/tddft/inq/external_libs/libxc/CMakeLists.txt:20 (cmake_policy):
  The OLD behavior for policy CMP0104 will be removed from a future version
  of CMake.

  The cmake-policies(7) manual explains that the OLD behaviors of all
  policies are deprecated and that a policy should be set to OLD only under
  specific short-term circumstances.  Projects should be ported to the NEW
  behavior and not rely on setting a policy to OLD.


-- Setting option CMAKE_BUILD_TYPE: Release
-- Setting option BUILD_SHARED_LIBS: OFF
-- Setting option BUILD_TESTING: OFF
-- Setting option BUILD_FPIC: ON
-- Setting option NAMESPACE_INSTALL_INCLUDEDIR: /
-- Setting option ENABLE_GENERIC: OFF
-- Setting option ENABLE_FORTRAN: OFF
-- Setting option ENABLE_PYTHON: OFF
-- Setting option ENABLE_XHOST: OFF
-- Setting option DISABLE_VXC: OFF
-- Setting option DISABLE_FXC: ON
-- Setting option DISABLE_KXC: ON
-- Setting option DISABLE_LXC: ON
-- Setting option DISABLE_FHC: OFF
Test program linked with -m
-- Version: Full 7.0.0
-- SO Version: Full 15:0:0 Major 15

DONE CONFIGURING LIBXC


CONFIGURING LIBPAW INTERFACE

-- Downloading Catch2 v3p3p2 for gpurun

DONE CONFIGURING LIBPAW INTERFACE

-- Downloading Catch2 v3p3p2

Configuring libPAW interface for pseudopod


DONE CONFIGURING LIBPAW INTERFACE

-- Found Boost: /usr/lib/x86_64-linux-gnu/cmake/Boost-1.83.0/BoostConfig.cmake (found version "1.83.0") found components: serialization 
-- Downloading spdlog
-- Populating spdlog
-- Configuring done (0.0s)
-- Generating done (0.0s)
-- Build files have been written to: /local/data/public/skcb2/tddft/ResearchProject/systems/coronene/04_leed_simulation/runs/run_005_200eV_d0p53A_31p7A/build/_deps/spdlog-subbuild
gmake[1]: Entering directory '/local/data/public/skcb2/tddft/ResearchProject/systems/coronene/04_leed_simulation/runs/run_005_200eV_d0p53A_31p7A/build/_deps/spdlog-subbuild'
gmake[2]: Entering directory '/local/data/public/skcb2/tddft/ResearchProject/systems/coronene/04_leed_simulation/runs/run_005_200eV_d0p53A_31p7A/build/_deps/spdlog-subbuild'
gmake[3]: Entering directory '/local/data/public/skcb2/tddft/ResearchProject/systems/coronene/04_leed_simulation/runs/run_005_200eV_d0p53A_31p7A/build/_deps/spdlog-subbuild'
gmake[3]: Leaving directory '/local/data/public/skcb2/tddft/ResearchProject/systems/coronene/04_leed_simulation/runs/run_005_200eV_d0p53A_31p7A/build/_deps/spdlog-subbuild'
[100%] Built target spdlog-populate
gmake[2]: Leaving directory '/local/data/public/skcb2/tddft/ResearchProject/systems/coronene/04_leed_simulation/runs/run_005_200eV_d0p53A_31p7A/build/_deps/spdlog-subbuild'
gmake[1]: Leaving directory '/local/data/public/skcb2/tddft/ResearchProject/systems/coronene/04_leed_simulation/runs/run_005_200eV_d0p53A_31p7A/build/_deps/spdlog-subbuild'
-- Build spdlog: 1.11.0
-- Build type: Release
-- Downloading spglib
-- Populating spglib
-- Configuring done (0.0s)
-- Generating done (0.0s)
-- Build files have been written to: /local/data/public/skcb2/tddft/ResearchProject/systems/coronene/04_leed_simulation/runs/run_005_200eV_d0p53A_31p7A/build/_deps/spglib-subbuild
gmake[1]: Entering directory '/local/data/public/skcb2/tddft/ResearchProject/systems/coronene/04_leed_simulation/runs/run_005_200eV_d0p53A_31p7A/build/_deps/spglib-subbuild'
gmake[2]: Entering directory '/local/data/public/skcb2/tddft/ResearchProject/systems/coronene/04_leed_simulation/runs/run_005_200eV_d0p53A_31p7A/build/_deps/spglib-subbuild'
gmake[3]: Entering directory '/local/data/public/skcb2/tddft/ResearchProject/systems/coronene/04_leed_simulation/runs/run_005_200eV_d0p53A_31p7A/build/_deps/spglib-subbuild'
gmake[3]: Leaving directory '/local/data/public/skcb2/tddft/ResearchProject/systems/coronene/04_leed_simulation/runs/run_005_200eV_d0p53A_31p7A/build/_deps/spglib-subbuild'
[100%] Built target spglib-populate
gmake[2]: Leaving directory '/local/data/public/skcb2/tddft/ResearchProject/systems/coronene/04_leed_simulation/runs/run_005_200eV_d0p53A_31p7A/build/_deps/spglib-subbuild'
gmake[1]: Leaving directory '/local/data/public/skcb2/tddft/ResearchProject/systems/coronene/04_leed_simulation/runs/run_005_200eV_d0p53A_31p7A/build/_deps/spglib-subbuild'
CMake Deprecation Warning at _deps/spglib-src/CMakeLists.txt:2 (cmake_minimum_required):
  Compatibility with CMake < 3.5 will be removed from a future version of
  CMake.

  Update the VERSION argument <min> value or use a ...<max> suffix to tell
  CMake that the project does not need compatibility with older versions.


CMake Warning (dev) at _deps/spglib-src/CMakeLists.txt:4 (project):
  Policy CMP0048 is not set: project() command manages VERSION variables.
  Run "cmake --help-policy CMP0048" for policy details.  Use the cmake_policy
  command to set the policy and suppress this warning.

  The following variable(s) would be set to empty:

    PROJECT_VERSION
    PROJECT_VERSION_MAJOR
    PROJECT_VERSION_MINOR
This warning is for project developers.  Use -Wno-dev to suppress it.

-- Build type: Release
-- Found Boost: /usr/lib/x86_64-linux-gnu/cmake/Boost-1.83.0/BoostConfig.cmake (found version "1.83.0") found components: serialization system 
-- Boost actual version found 1.83.0
-- Populating pybind11
-- Configuring done (0.1s)
-- Generating done (0.0s)
-- Build files have been written to: /local/data/public/skcb2/tddft/ResearchProject/systems/coronene/04_leed_simulation/runs/run_005_200eV_d0p53A_31p7A/build/_deps/pybind11-subbuild
gmake[1]: Entering directory '/local/data/public/skcb2/tddft/ResearchProject/systems/coronene/04_leed_simulation/runs/run_005_200eV_d0p53A_31p7A/build/_deps/pybind11-subbuild'
gmake[2]: Entering directory '/local/data/public/skcb2/tddft/ResearchProject/systems/coronene/04_leed_simulation/runs/run_005_200eV_d0p53A_31p7A/build/_deps/pybind11-subbuild'
gmake[3]: Entering directory '/local/data/public/skcb2/tddft/ResearchProject/systems/coronene/04_leed_simulation/runs/run_005_200eV_d0p53A_31p7A/build/_deps/pybind11-subbuild'
gmake[3]: Leaving directory '/local/data/public/skcb2/tddft/ResearchProject/systems/coronene/04_leed_simulation/runs/run_005_200eV_d0p53A_31p7A/build/_deps/pybind11-subbuild'
[100%] Built target pybind11-populate
gmake[2]: Leaving directory '/local/data/public/skcb2/tddft/ResearchProject/systems/coronene/04_leed_simulation/runs/run_005_200eV_d0p53A_31p7A/build/_deps/pybind11-subbuild'
gmake[1]: Leaving directory '/local/data/public/skcb2/tddft/ResearchProject/systems/coronene/04_leed_simulation/runs/run_005_200eV_d0p53A_31p7A/build/_deps/pybind11-subbuild'
-- pybind11 v2.12.0 
-- Configuring done (8.1s)
-- Generating done (0.4s)
-- Build files have been written to: /local/data/public/skcb2/tddft/ResearchProject/systems/coronene/04_leed_simulation/runs/run_005_200eV_d0p53A_31p7A/build
[  0%] Built target paw_libxc_c
[  0%] Built target paw_defs
[  3%] Built target symspg_static
[  5%] Built target spdlog
[  5%] Built target paw_mpi
[  7%] Built target paw_tools
[  7%] Built target paw_libxc
[  8%] Built target fft_level1
[ 27%] Built target Catch2
[ 28%] Built target paw_level1
[ 29%] Built target xc_basic
[ 29%] Built target fft_level2
[ 29%] Built target Catch2WithMain
[ 30%] Built target xc_driver
[ 30%] Built target paw_level2
[ 31%] Built target fft_level3
[ 31%] Built target paw_xc
[ 32%] Built target paw_level3
[ 34%] Built target paw_level4
[ 34%] Built target libpaw_mod
[ 35%] Built target paw_add
[ 40%] Built target libpaw_interface_files
[ 40%] Building CUDA object inq/external_libs/libxc/CMakeFiles/xc.dir/src/bessel.c.o
[ 40%] Building CUDA object inq/external_libs/libxc/CMakeFiles/xc.dir/src/faddeeva.c.o
[ 41%] Building CUDA object inq/external_libs/libxc/CMakeFiles/xc.dir/src/expint_e1.c.o
[ 41%] Building CUDA object inq/external_libs/libxc/CMakeFiles/xc.dir/src/func_reference.c.o
[ 41%] Building CUDA object inq/external_libs/libxc/CMakeFiles/xc.dir/src/gga.c.o
[ 41%] Building CUDA object inq/external_libs/libxc/CMakeFiles/xc.dir/src/functionals.c.o
[ 41%] Building CUDA object inq/external_libs/libxc/CMakeFiles/xc.dir/src/func_info.c.o
[ 41%] Building CUDA object inq/external_libs/libxc/CMakeFiles/xc.dir/src/hybrids.c.o
[ 42%] Building CUDA object inq/external_libs/libxc/CMakeFiles/xc.dir/src/gga_c_acgga.c.o
[ 42%] Building CUDA object inq/external_libs/libxc/CMakeFiles/xc.dir/src/gga_c_acggap.c.o
[ 43%] Building CUDA object inq/external_libs/libxc/CMakeFiles/xc.dir/src/gga_c_ft97.c.o
[ 43%] Building CUDA object inq/external_libs/libxc/CMakeFiles/xc.dir/src/gga_c_gapc.c.o
[ 43%] Building CUDA object inq/external_libs/libxc/CMakeFiles/xc.dir/src/gga_c_chachiyo.c.o
[ 43%] Building CUDA object inq/external_libs/libxc/CMakeFiles/xc.dir/src/gga_c_am05.c.o
[ 43%] Building CUDA object inq/external_libs/libxc/CMakeFiles/xc.dir/src/gga_c_gaploc.c.o
[ 43%] Building CUDA object inq/external_libs/libxc/CMakeFiles/xc.dir/src/gga_c_cs1.c.o
[ 43%] Building CUDA object inq/external_libs/libxc/CMakeFiles/xc.dir/src/gga_c_bmk.c.o
[ 43%] Building CUDA object inq/external_libs/libxc/CMakeFiles/xc.dir/src/gga_c_lyp.c.o
[ 42%] Building CUDA object inq/external_libs/libxc/CMakeFiles/xc.dir/src/gga_c_hcth_a.c.o
[ 43%] Building CUDA object inq/external_libs/libxc/CMakeFiles/xc.dir/src/gga_c_op_g96.c.o
[ 43%] Building CUDA object inq/external_libs/libxc/CMakeFiles/xc.dir/src/gga_c_lm.c.o
[ 43%] Building CUDA object inq/external_libs/libxc/CMakeFiles/xc.dir/src/gga_c_op_xalpha.c.o
[ 44%] Building CUDA object inq/external_libs/libxc/CMakeFiles/xc.dir/src/gga_c_p86.c.o
[ 44%] Building CUDA object inq/external_libs/libxc/CMakeFiles/xc.dir/src/gga_c_op_b88.c.o
[ 45%] Building CUDA object inq/external_libs/libxc/CMakeFiles/xc.dir/src/gga_c_lypr.c.o
[ 45%] Building CUDA object inq/external_libs/libxc/CMakeFiles/xc.dir/src/gga_c_p86vwn.c.o
[ 45%] Building CUDA object inq/external_libs/libxc/CMakeFiles/xc.dir/src/gga_c_op_pw91.c.o
[ 45%] Building CUDA object inq/external_libs/libxc/CMakeFiles/xc.dir/src/gga_c_q2d.c.o
[ 45%] Building CUDA object inq/external_libs/libxc/CMakeFiles/xc.dir/src/gga_c_pbeloc.c.o
[ 45%] Building CUDA object inq/external_libs/libxc/CMakeFiles/xc.dir/src/gga_c_op_pbe.c.o
[ 45%] Building CUDA object inq/external_libs/libxc/CMakeFiles/xc.dir/src/gga_c_optc.c.o
[ 47%] Building CUDA object inq/external_libs/libxc/CMakeFiles/xc.dir/src/gga_c_pw91.c.o
[ 45%] Building CUDA object inq/external_libs/libxc/CMakeFiles/xc.dir/src/gga_c_pbe.c.o
[ 47%] Building CUDA object inq/external_libs/libxc/CMakeFiles/xc.dir/src/gga_c_pbe_vwn.c.o
[ 47%] Building CUDA object inq/external_libs/libxc/CMakeFiles/xc.dir/src/gga_c_pbe_erf_gws.c.o
[ 47%] Building CUDA object inq/external_libs/libxc/CMakeFiles/xc.dir/src/gga_c_sogga11.c.o
[ 47%] Building CUDA object inq/external_libs/libxc/CMakeFiles/xc.dir/src/gga_c_regtpss.c.o
[ 47%] Building CUDA object inq/external_libs/libxc/CMakeFiles/xc.dir/src/gga_c_scan_e0.c.o
[ 47%] Building CUDA object inq/external_libs/libxc/CMakeFiles/xc.dir/src/gga_c_sg4.c.o
[ 47%] Building CUDA object inq/external_libs/libxc/CMakeFiles/xc.dir/src/gga_c_zpbeint.c.o
[ 47%] Building CUDA object inq/external_libs/libxc/CMakeFiles/xc.dir/src/gga_c_revtca.c.o
[ 47%] Building CUDA object inq/external_libs/libxc/CMakeFiles/xc.dir/src/gga_c_wl.c.o
[ 47%] Building CUDA object inq/external_libs/libxc/CMakeFiles/xc.dir/src/gga_c_w94.c.o
[ 48%] Building CUDA object inq/external_libs/libxc/CMakeFiles/xc.dir/src/gga_c_tca.c.o
[ 47%] Building CUDA object inq/external_libs/libxc/CMakeFiles/xc.dir/src/gga_c_wi.c.o
[ 48%] Building CUDA object inq/external_libs/libxc/CMakeFiles/xc.dir/src/gga_c_zvpbeint.c.o
[ 48%] Building CUDA object inq/external_libs/libxc/CMakeFiles/xc.dir/src/gga_k_dk.c.o
[ 48%] Building CUDA object inq/external_libs/libxc/CMakeFiles/xc.dir/src/gga_k_ol1.c.o
[ 49%] Building CUDA object inq/external_libs/libxc/CMakeFiles/xc.dir/src/gga_c_zvpbeloc.c.o
[ 49%] Building CUDA object inq/external_libs/libxc/CMakeFiles/xc.dir/src/gga_k_meyer.c.o
[ 49%] Building CUDA object inq/external_libs/libxc/CMakeFiles/xc.dir/src/gga_k_rational_p.c.o
[ 49%] Building CUDA object inq/external_libs/libxc/CMakeFiles/xc.dir/src/gga_k_pg.c.o
[ 50%] Building CUDA object inq/external_libs/libxc/CMakeFiles/xc.dir/src/gga_k_ol2.c.o
[ 50%] Building CUDA object inq/external_libs/libxc/CMakeFiles/xc.dir/src/gga_x_ol2.c.o
[ 50%] Building CUDA object inq/external_libs/libxc/CMakeFiles/xc.dir/src/gga_k_exp4.c.o
[ 50%] Building CUDA object inq/external_libs/libxc/CMakeFiles/xc.dir/src/gga_k_tflw.c.o
[ 51%] Building CUDA object inq/external_libs/libxc/CMakeFiles/xc.dir/src/gga_x_2d_b86.c.o
[ 51%] Building CUDA object inq/external_libs/libxc/CMakeFiles/xc.dir/src/gga_k_pearson.c.o
[ 51%] Building CUDA object inq/external_libs/libxc/CMakeFiles/xc.dir/src/gga_k_thakkar.c.o
[ 51%] Building CUDA object inq/external_libs/libxc/CMakeFiles/xc.dir/src/gga_k_gds08.c.o
[ 51%] Building CUDA object inq/external_libs/libxc/CMakeFiles/xc.dir/src/gga_x_2d_pbe.c.o
[ 51%] Building CUDA object inq/external_libs/libxc/CMakeFiles/xc.dir/src/gga_x_2d_b88.c.o
[ 51%] Building CUDA object inq/external_libs/libxc/CMakeFiles/xc.dir/src/gga_x_airy.c.o
[ 51%] Building CUDA object inq/external_libs/libxc/CMakeFiles/xc.dir/src/gga_x_2d_b86_mgc.c.o
[ 51%] Building CUDA object inq/external_libs/libxc/CMakeFiles/xc.dir/src/gga_x_ak13.c.o
/local/data/public/skcb2/tddft/inq/external_libs/libxc/src/maple2c/gga_exc/gga_c_pbe_vwn.c(26): warning #550-D: variable "t60" was set but never used
    double t47, t49, t53, t54, t56, t59, t60, t65;
                                         ^

Remark: The warnings can be suppressed with "-diag-suppress <warning-number>"

/local/data/public/skcb2/tddft/inq/external_libs/libxc/src/maple2c/gga_exc/gga_c_pbe_vwn.c(141): warning #550-D: variable "t60" was set but never used
    double t47, t49, t53, t54, t56, t59, t60, t65;
                                         ^

/local/data/public/skcb2/tddft/inq/external_libs/libxc/src/maple2c/gga_exc/gga_c_p86vwn.c(26): warning #550-D: variable "t60" was set but never used
    double t47, t49, t53, t54, t56, t59, t60, t65;
                                         ^

Remark: The warnings can be suppressed with "-diag-suppress <warning-number>"

/local/data/public/skcb2/tddft/inq/external_libs/libxc/src/maple2c/gga_exc/gga_c_p86vwn.c(131): warning #550-D: variable "t60" was set but never used
    double t47, t49, t53, t54, t56, t59, t60, t65;
                                         ^

[ 52%] Building CUDA object inq/external_libs/libxc/CMakeFiles/xc.dir/src/gga_x_am05.c.o
[ 52%] Building CUDA object inq/external_libs/libxc/CMakeFiles/xc.dir/src/gga_x_b86.c.o
[ 52%] Building CUDA object inq/external_libs/libxc/CMakeFiles/xc.dir/src/gga_x_b88.c.o
[ 52%] Building CUDA object inq/external_libs/libxc/CMakeFiles/xc.dir/src/gga_k_llp.c.o
[ 52%] Building CUDA object inq/external_libs/libxc/CMakeFiles/xc.dir/src/gga_k_pw86.c.o
[ 52%] Building CUDA object inq/external_libs/libxc/CMakeFiles/xc.dir/src/gga_k_mpbe.c.o
[ 54%] Building CUDA object inq/external_libs/libxc/CMakeFiles/xc.dir/src/gga_k_apbe.c.o
[ 54%] Building CUDA object inq/external_libs/libxc/CMakeFiles/xc.dir/src/gga_k_apbeint.c.o
[ 54%] Building CUDA object inq/external_libs/libxc/CMakeFiles/xc.dir/src/gga_k_lc94.c.o
[ 54%] Building CUDA object inq/external_libs/libxc/CMakeFiles/xc.dir/src/gga_k_lkt.c.o
[ 54%] Building CUDA object inq/external_libs/libxc/CMakeFiles/xc.dir/src/gga_k_vt84f.c.o
[ 54%] Building CUDA object inq/external_libs/libxc/CMakeFiles/xc.dir/src/gga_x_bayesian.c.o
[ 54%] Building CUDA object inq/external_libs/libxc/CMakeFiles/xc.dir/src/gga_x_beefvdw.c.o
[ 55%] Building CUDA object inq/external_libs/libxc/CMakeFiles/xc.dir/src/gga_x_bpccac.c.o
[ 55%] Building CUDA object inq/external_libs/libxc/CMakeFiles/xc.dir/src/gga_x_c09x.c.o
[ 55%] Building CUDA object inq/external_libs/libxc/CMakeFiles/xc.dir/src/gga_x_cap.c.o
[ 55%] Building CUDA object inq/external_libs/libxc/CMakeFiles/xc.dir/src/gga_x_chachiyo.c.o
[ 55%] Building CUDA object inq/external_libs/libxc/CMakeFiles/xc.dir/src/gga_x_dk87.c.o
[ 55%] Building CUDA object inq/external_libs/libxc/CMakeFiles/xc.dir/src/gga_x_ev93.c.o
[ 55%] Building CUDA object inq/external_libs/libxc/CMakeFiles/xc.dir/src/gga_x_g96.c.o
[ 56%] Building CUDA object inq/external_libs/libxc/CMakeFiles/xc.dir/src/gga_x_ft97.c.o
[ 56%] Building CUDA object inq/external_libs/libxc/CMakeFiles/xc.dir/src/gga_x_gg99.c.o
[ 56%] Building CUDA object inq/external_libs/libxc/CMakeFiles/xc.dir/src/gga_x_hjs.c.o
[ 56%] Building CUDA object inq/external_libs/libxc/CMakeFiles/xc.dir/src/gga_x_hjs_b88_v2.c.o
[ 56%] Building CUDA object inq/external_libs/libxc/CMakeFiles/xc.dir/src/gga_x_hcth_a.c.o
[ 57%] Building CUDA object inq/external_libs/libxc/CMakeFiles/xc.dir/src/gga_x_htbs.c.o
[ 57%] Building CUDA object inq/external_libs/libxc/CMakeFiles/xc.dir/src/gga_x_ityh.c.o
[ 57%] Building CUDA object inq/external_libs/libxc/CMakeFiles/xc.dir/src/gga_x_ityh_optx.c.o
[ 57%] Building CUDA object inq/external_libs/libxc/CMakeFiles/xc.dir/src/gga_x_ityh_pbe.c.o
[ 57%] Building CUDA object inq/external_libs/libxc/CMakeFiles/xc.dir/src/gga_x_kt.c.o
[ 57%] Building CUDA object inq/external_libs/libxc/CMakeFiles/xc.dir/src/gga_x_lb.c.o
[ 57%] Building CUDA object inq/external_libs/libxc/CMakeFiles/xc.dir/src/gga_x_lag.c.o
[ 58%] Building CUDA object inq/external_libs/libxc/CMakeFiles/xc.dir/src/gga_x_lg93.c.o
[ 58%] Building CUDA object inq/external_libs/libxc/CMakeFiles/xc.dir/src/gga_x_lspbe.c.o
[ 58%] Building CUDA object inq/external_libs/libxc/CMakeFiles/xc.dir/src/gga_x_lsrpbe.c.o
[ 58%] Building CUDA object inq/external_libs/libxc/CMakeFiles/xc.dir/src/gga_x_lv_rpw86.c.o
[ 58%] Building CUDA object inq/external_libs/libxc/CMakeFiles/xc.dir/src/gga_x_mpbe.c.o
[ 58%] Building CUDA object inq/external_libs/libxc/CMakeFiles/xc.dir/src/gga_x_n12.c.o
[ 60%] Building CUDA object inq/external_libs/libxc/CMakeFiles/xc.dir/src/gga_x_ncap.c.o
[ 60%] Building CUDA object inq/external_libs/libxc/CMakeFiles/xc.dir/src/gga_x_pbe.c.o
[ 60%] Building CUDA object inq/external_libs/libxc/CMakeFiles/xc.dir/src/gga_x_optx.c.o
[ 60%] Building CUDA object inq/external_libs/libxc/CMakeFiles/xc.dir/src/gga_x_pbea.c.o
[ 60%] Building CUDA object inq/external_libs/libxc/CMakeFiles/xc.dir/src/gga_x_pbeint.c.o
[ 60%] Building CUDA object inq/external_libs/libxc/CMakeFiles/xc.dir/src/gga_x_pbepow.c.o
[ 61%] Building CUDA object inq/external_libs/libxc/CMakeFiles/xc.dir/src/gga_x_pbetrans.c.o
[ 61%] Building CUDA object inq/external_libs/libxc/CMakeFiles/xc.dir/src/gga_x_pbe_erf_gws.c.o
[ 61%] Building CUDA object inq/external_libs/libxc/CMakeFiles/xc.dir/src/gga_x_pw86.c.o
[ 61%] Building CUDA object inq/external_libs/libxc/CMakeFiles/xc.dir/src/gga_x_pw91.c.o
[ 61%] Building CUDA object inq/external_libs/libxc/CMakeFiles/xc.dir/src/gga_x_q1d.c.o
[ 61%] Building CUDA object inq/external_libs/libxc/CMakeFiles/xc.dir/src/gga_x_q2d.c.o
[ 61%] Building CUDA object inq/external_libs/libxc/CMakeFiles/xc.dir/src/gga_x_rge2.c.o
[ 62%] Building CUDA object inq/external_libs/libxc/CMakeFiles/xc.dir/src/gga_x_rpbe.c.o
[ 62%] Building CUDA object inq/external_libs/libxc/CMakeFiles/xc.dir/src/gga_x_s12.c.o
[ 62%] Building CUDA object inq/external_libs/libxc/CMakeFiles/xc.dir/src/gga_x_sfat.c.o
[ 62%] Building CUDA object inq/external_libs/libxc/CMakeFiles/xc.dir/src/gga_x_sfat_pbe.c.o
[ 62%] Building CUDA object inq/external_libs/libxc/CMakeFiles/xc.dir/src/gga_x_sg4.c.o
[ 62%] Building CUDA object inq/external_libs/libxc/CMakeFiles/xc.dir/src/gga_x_sogga11.c.o
[ 63%] Building CUDA object inq/external_libs/libxc/CMakeFiles/xc.dir/src/gga_x_ssb_sw.c.o
[ 63%] Building CUDA object inq/external_libs/libxc/CMakeFiles/xc.dir/src/gga_x_vmt.c.o
[ 63%] Building CUDA object inq/external_libs/libxc/CMakeFiles/xc.dir/src/gga_x_vmt84.c.o
[ 63%] Building CUDA object inq/external_libs/libxc/CMakeFiles/xc.dir/src/gga_x_wc.c.o
[ 63%] Building CUDA object inq/external_libs/libxc/CMakeFiles/xc.dir/src/gga_x_wpbeh.c.o
[ 63%] Building CUDA object inq/external_libs/libxc/CMakeFiles/xc.dir/src/gga_x_fd_lb94.c.o
[ 64%] Building CUDA object inq/external_libs/libxc/CMakeFiles/xc.dir/src/gga_x_lcgau.c.o
[ 64%] Building CUDA object inq/external_libs/libxc/CMakeFiles/xc.dir/src/gga_xc_1w.c.o
[ 64%] Building CUDA object inq/external_libs/libxc/CMakeFiles/xc.dir/src/gga_xc_b97.c.o
[ 64%] Building CUDA object inq/external_libs/libxc/CMakeFiles/xc.dir/src/gga_xc_edf1.c.o
[ 64%] Building CUDA object inq/external_libs/libxc/CMakeFiles/xc.dir/src/gga_xc_oblyp_d.c.o
[ 64%] Building CUDA object inq/external_libs/libxc/CMakeFiles/xc.dir/src/gga_xc_th1.c.o
[ 64%] Building CUDA object inq/external_libs/libxc/CMakeFiles/xc.dir/src/gga_xc_th2.c.o
[ 65%] Building CUDA object inq/external_libs/libxc/CMakeFiles/xc.dir/src/gga_xc_vv10.c.o
[ 65%] Building CUDA object inq/external_libs/libxc/CMakeFiles/xc.dir/src/gga_xc_th3.c.o
[ 65%] Building CUDA object inq/external_libs/libxc/CMakeFiles/xc.dir/src/gga_k_lgap.c.o
[ 65%] Building CUDA object inq/external_libs/libxc/CMakeFiles/xc.dir/src/gga_k_lgap_ge.c.o
[ 65%] Building CUDA object inq/external_libs/libxc/CMakeFiles/xc.dir/src/gga_c_ccdf.c.o
[ 65%] Building CUDA object inq/external_libs/libxc/CMakeFiles/xc.dir/src/hyb_gga_xc_b1wc.c.o
[ 67%] Building CUDA object inq/external_libs/libxc/CMakeFiles/xc.dir/src/hyb_gga_xc_b3lyp.c.o
[ 67%] Building CUDA object inq/external_libs/libxc/CMakeFiles/xc.dir/src/hyb_gga_xc_cam_b3lyp.c.o
[ 67%] Building CUDA object inq/external_libs/libxc/CMakeFiles/xc.dir/src/hyb_gga_xc_camy_b3lyp.c.o
[ 67%] Building CUDA object inq/external_libs/libxc/CMakeFiles/xc.dir/src/hyb_gga_xc_camy_blyp.c.o
[ 67%] Building CUDA object inq/external_libs/libxc/CMakeFiles/xc.dir/src/hyb_gga_xc_edf2.c.o
[ 67%] Building CUDA object inq/external_libs/libxc/CMakeFiles/xc.dir/src/hyb_gga_xc_hse.c.o
[ 68%] Building CUDA object inq/external_libs/libxc/CMakeFiles/xc.dir/src/hyb_gga_xc_lc_blyp.c.o
[ 68%] Building CUDA object inq/external_libs/libxc/CMakeFiles/xc.dir/src/hyb_gga_xc_lcy_pbe.c.o
[ 68%] Building CUDA object inq/external_libs/libxc/CMakeFiles/xc.dir/src/hyb_gga_xc_lcy_blyp.c.o
[ 68%] Building CUDA object inq/external_libs/libxc/CMakeFiles/xc.dir/src/hyb_gga_xc_o3lyp.c.o
[ 68%] Building CUDA object inq/external_libs/libxc/CMakeFiles/xc.dir/src/hyb_gga_xc_pbeh.c.o
[ 68%] Building CUDA object inq/external_libs/libxc/CMakeFiles/xc.dir/src/hyb_gga_xc_wb97.c.o
[ 68%] Building CUDA object inq/external_libs/libxc/CMakeFiles/xc.dir/src/hyb_lda_xc_cam_lda0.c.o
[ 69%] Building CUDA object inq/external_libs/libxc/CMakeFiles/xc.dir/src/hyb_lda_xc_bn05.c.o
[ 69%] Building CUDA object inq/external_libs/libxc/CMakeFiles/xc.dir/src/hyb_mgga_x_dldf.c.o
[ 69%] Building CUDA object inq/external_libs/libxc/CMakeFiles/xc.dir/src/hyb_mgga_x_m05.c.o
[ 69%] Building CUDA object inq/external_libs/libxc/CMakeFiles/xc.dir/src/hyb_mgga_x_mvsh.c.o
[ 69%] Building CUDA object inq/external_libs/libxc/CMakeFiles/xc.dir/src/hyb_mgga_xc_b88b95.c.o
/local/data/public/skcb2/tddft/inq/external_libs/libxc/src/maple2c/gga_exc/gga_x_fd_lb94.c(28): warning #550-D: variable "params" was set but never used
    gga_x_fd_lb94_params *params;
                          ^

Remark: The warnings can be suppressed with "-diag-suppress <warning-number>"

/local/data/public/skcb2/tddft/inq/external_libs/libxc/src/maple2c/gga_exc/gga_x_fd_lb94.c(88): warning #550-D: variable "params" was set but never used
    gga_x_fd_lb94_params *params;
                          ^

[ 70%] Building CUDA object inq/external_libs/libxc/CMakeFiles/xc.dir/src/hyb_mgga_xc_tpssh.c.o
[ 70%] Building CUDA object inq/external_libs/libxc/CMakeFiles/xc.dir/src/hyb_mgga_xc_wb97mv.c.o
/local/data/public/skcb2/tddft/inq/external_libs/libxc/src/maple2c/gga_exc/gga_x_fd_lb94.c(810): warning #550-D: variable "params" was set but never used
    gga_x_fd_lb94_params *params;
                          ^

[ 70%] Building CUDA object inq/external_libs/libxc/CMakeFiles/xc.dir/src/hyb_mgga_xc_kcis.c.o
/local/data/public/skcb2/tddft/inq/external_libs/libxc/src/maple2c/gga_exc/gga_x_fd_lb94.c(901): warning #550-D: variable "params" was set but never used
    gga_x_fd_lb94_params *params;
                          ^

/local/data/public/skcb2/tddft/inq/external_libs/libxc/src/gga_xc_vv10.c(73): warning #550-D: variable "alpha" was set but never used
    double alpha, beta, omega, b, C;
           ^

Remark: The warnings can be suppressed with "-diag-suppress <warning-number>"

[ 70%] Building CUDA object inq/external_libs/libxc/CMakeFiles/xc.dir/src/hyb_mgga_x_js18.c.o
[ 70%] Building CUDA object inq/external_libs/libxc/CMakeFiles/xc.dir/src/hyb_gga_xc_b2plyp.c.o
[ 70%] Building CUDA object inq/external_libs/libxc/CMakeFiles/xc.dir/src/hyb_mgga_x_pjs18.c.o
[ 70%] Building CUDA object inq/external_libs/libxc/CMakeFiles/xc.dir/src/hyb_gga_xc_src1_blyp.c.o
[ 71%] Building CUDA object inq/external_libs/libxc/CMakeFiles/xc.dir/src/hyb_gga_xc_cam_o3lyp.c.o
[ 71%] Building CUDA object inq/external_libs/libxc/CMakeFiles/xc.dir/src/hyb_gga_xc_pbe_dh.c.o
[ 71%] Building CUDA object inq/external_libs/libxc/CMakeFiles/xc.dir/src/hyb_gga_x_cam_s12.c.o
[ 71%] Building CUDA object inq/external_libs/libxc/CMakeFiles/xc.dir/src/hyb_gga_xc_case21.c.o
/local/data/public/skcb2/tddft/inq/external_libs/libxc/src/hyb_gga_xc_camy_b3lyp.c(32): warning #177-D: variable "cam_values_PBEH" was declared but never referenced
  static const double cam_values_PBEH[3] = {0.2, 0.8, 0.7};
                      ^

Remark: The warnings can be suppressed with "-diag-suppress <warning-number>"

[ 71%] Building CUDA object inq/external_libs/libxc/CMakeFiles/xc.dir/src/hyb_mgga_xc_gas22.c.o
[ 71%] Building CUDA object inq/external_libs/libxc/CMakeFiles/xc.dir/src/integrate.c.o
[ 71%] Building CUDA object inq/external_libs/libxc/CMakeFiles/xc.dir/src/lda.c.o
[ 72%] Building CUDA object inq/external_libs/libxc/CMakeFiles/xc.dir/src/lda_c_1d_csc.c.o
[ 72%] Building CUDA object inq/external_libs/libxc/CMakeFiles/xc.dir/src/lda_c_1d_loos.c.o
[ 72%] Building CUDA object inq/external_libs/libxc/CMakeFiles/xc.dir/src/lda_c_2d_amgb.c.o
[ 72%] Building CUDA object inq/external_libs/libxc/CMakeFiles/xc.dir/src/lda_c_2d_prm.c.o
[ 72%] Building CUDA object inq/external_libs/libxc/CMakeFiles/xc.dir/src/lda_c_chachiyo.c.o
[ 72%] Building CUDA object inq/external_libs/libxc/CMakeFiles/xc.dir/src/lda_c_chachiyo_mod.c.o
[ 74%] Building CUDA object inq/external_libs/libxc/CMakeFiles/xc.dir/src/lda_c_gombas.c.o
/local/data/public/skcb2/tddft/inq/external_libs/libxc/src/hyb_gga_xc_hse.c(214): warning #177-D: variable "alpha" was declared but never referenced
    double alpha, beta, omega;
           ^

Remark: The warnings can be suppressed with "-diag-suppress <warning-number>"

[ 74%] Building CUDA object inq/external_libs/libxc/CMakeFiles/xc.dir/src/lda_c_hl.c.o
[ 74%] Building CUDA object inq/external_libs/libxc/CMakeFiles/xc.dir/src/lda_c_ml1.c.o
[ 74%] Building CUDA object inq/external_libs/libxc/CMakeFiles/xc.dir/src/lda_c_lp96.c.o
[ 74%] Building CUDA object inq/external_libs/libxc/CMakeFiles/xc.dir/src/lda_c_pk09.c.o
[ 75%] Building CUDA object inq/external_libs/libxc/CMakeFiles/xc.dir/src/lda_c_pz.c.o
[ 75%] Building CUDA object inq/external_libs/libxc/CMakeFiles/xc.dir/src/lda_c_pw.c.o
[ 75%] Building CUDA object inq/external_libs/libxc/CMakeFiles/xc.dir/src/lda_c_rc04.c.o
[ 75%] Building CUDA object inq/external_libs/libxc/CMakeFiles/xc.dir/src/lda_c_rpa.c.o
[ 75%] Building CUDA object inq/external_libs/libxc/CMakeFiles/xc.dir/src/lda_c_vwn.c.o
[ 75%] Building CUDA object inq/external_libs/libxc/CMakeFiles/xc.dir/src/lda_c_vwn_1.c.o
[ 75%] Building CUDA object inq/external_libs/libxc/CMakeFiles/xc.dir/src/lda_c_vwn_2.c.o
[ 76%] Building CUDA object inq/external_libs/libxc/CMakeFiles/xc.dir/src/lda_c_vwn_4.c.o
[ 76%] Building CUDA object inq/external_libs/libxc/CMakeFiles/xc.dir/src/lda_c_vwn_3.c.o
[ 76%] Building CUDA object inq/external_libs/libxc/CMakeFiles/xc.dir/src/lda_c_vwn_rpa.c.o
/local/data/public/skcb2/tddft/inq/external_libs/libxc/src/hyb_lda_xc_bn05.c(34): warning #550-D: variable "omega" was set but never used
    double omega;
           ^

Remark: The warnings can be suppressed with "-diag-suppress <warning-number>"

[ 76%] Building CUDA object inq/external_libs/libxc/CMakeFiles/xc.dir/src/lda_c_wigner.c.o
[ 76%] Building CUDA object inq/external_libs/libxc/CMakeFiles/xc.dir/src/lda_c_gk72.c.o
[ 76%] Building CUDA object inq/external_libs/libxc/CMakeFiles/xc.dir/src/lda_c_w20.c.o
[ 76%] Building CUDA object inq/external_libs/libxc/CMakeFiles/xc.dir/src/lda_c_pw_erf.c.o
[ 77%] Building CUDA object inq/external_libs/libxc/CMakeFiles/xc.dir/src/lda_k_tf.c.o
[ 77%] Building CUDA object inq/external_libs/libxc/CMakeFiles/xc.dir/src/lda_k_zlp.c.o
[ 77%] Building CUDA object inq/external_libs/libxc/CMakeFiles/xc.dir/src/lda_x.c.o
[ 77%] Building CUDA object inq/external_libs/libxc/CMakeFiles/xc.dir/src/lda_k_gds08_worker.c.o
[ 77%] Building CUDA object inq/external_libs/libxc/CMakeFiles/xc.dir/src/lda_x_1d_soft.c.o
[ 77%] Building CUDA object inq/external_libs/libxc/CMakeFiles/xc.dir/src/lda_x_1d_exponential.c.o
[ 78%] Building CUDA object inq/external_libs/libxc/CMakeFiles/xc.dir/src/lda_x_2d.c.o
[ 78%] Building CUDA object inq/external_libs/libxc/CMakeFiles/xc.dir/src/lda_x_erf.c.o
[ 78%] Building CUDA object inq/external_libs/libxc/CMakeFiles/xc.dir/src/lda_x_rel.c.o
[ 78%] Building CUDA object inq/external_libs/libxc/CMakeFiles/xc.dir/src/lda_xc_1d_ehwlrg.c.o
[ 78%] Building CUDA object inq/external_libs/libxc/CMakeFiles/xc.dir/src/lda_xc_ksdt.c.o
[ 78%] Building CUDA object inq/external_libs/libxc/CMakeFiles/xc.dir/src/lda_xc_teter93.c.o
[ 78%] Building CUDA object inq/external_libs/libxc/CMakeFiles/xc.dir/src/lda_xc_zlp.c.o
[ 80%] Building CUDA object inq/external_libs/libxc/CMakeFiles/xc.dir/src/lda_c_pmgb06.c.o
/local/data/public/skcb2/tddft/inq/external_libs/libxc/src/hyb_gga_x_cam_s12.c(49): warning #177-D: variable "sr_exx" was declared but never referenced
    double sr_exx;
           ^

Remark: The warnings can be suppressed with "-diag-suppress <warning-number>"

/local/data/public/skcb2/tddft/inq/external_libs/libxc/src/hyb_gga_x_cam_s12.c(51): warning #550-D: variable "params" was set but never used
    hyb_gga_x_cam_s12_params *params;
                              ^

[ 80%] Building CUDA object inq/external_libs/libxc/CMakeFiles/xc.dir/src/lda_xc_tih.c.o
[ 80%] Building CUDA object inq/external_libs/libxc/CMakeFiles/xc.dir/src/lda_x_sloc.c.o
[ 80%] Building CUDA object inq/external_libs/libxc/CMakeFiles/xc.dir/src/lda_x_yukawa.c.o
[ 80%] Building CUDA object inq/external_libs/libxc/CMakeFiles/xc.dir/src/lda_c_epc17.c.o
[ 80%] Building CUDA object inq/external_libs/libxc/CMakeFiles/xc.dir/src/lda_c_epc18.c.o
[ 81%] Building CUDA object inq/external_libs/libxc/CMakeFiles/xc.dir/src/mgga.c.o
[ 81%] Building CUDA object inq/external_libs/libxc/CMakeFiles/xc.dir/src/mgga_c_b88.c.o
[ 81%] Building CUDA object inq/external_libs/libxc/CMakeFiles/xc.dir/src/mgga_c_b94.c.o
[ 81%] Building CUDA object inq/external_libs/libxc/CMakeFiles/xc.dir/src/mgga_c_bc95.c.o
[ 81%] Building CUDA object inq/external_libs/libxc/CMakeFiles/xc.dir/src/mgga_c_cs.c.o
/local/data/public/skcb2/tddft/inq/external_libs/libxc/src/maple2c/lda_exc/lda_c_vwn.c(26): warning #550-D: variable "t60" was set but never used
    double t47, t49, t54, t56, t59, t60, t65, t67;
                                    ^

Remark: The warnings can be suppressed with "-diag-suppress <warning-number>"

/local/data/public/skcb2/tddft/inq/external_libs/libxc/src/maple2c/lda_exc/lda_c_vwn.c(88): warning #550-D: variable "t60" was set but never used
    double t47, t49, t54, t56, t59, t60, t65, t67;
                                    ^

/local/data/public/skcb2/tddft/inq/external_libs/libxc/src/maple2c/lda_exc/lda_c_vwn_4.c(26): warning #550-D: variable "t60" was set but never used
    double t47, t49, t54, t56, t59, t60, t65, t67;
                                    ^

Remark: The warnings can be suppressed with "-diag-suppress <warning-number>"

/local/data/public/skcb2/tddft/inq/external_libs/libxc/src/maple2c/lda_exc/lda_c_vwn_4.c(88): warning #550-D: variable "t60" was set but never used
    double t47, t49, t54, t56, t59, t60, t65, t67;
                                    ^

[ 81%] Building CUDA object inq/external_libs/libxc/CMakeFiles/xc.dir/src/mgga_c_kcis.c.o
[ 82%] Building CUDA object inq/external_libs/libxc/CMakeFiles/xc.dir/src/mgga_c_kcisk.c.o
[ 82%] Building CUDA object inq/external_libs/libxc/CMakeFiles/xc.dir/src/mgga_xc_lp90.c.o
[ 82%] Building CUDA object inq/external_libs/libxc/CMakeFiles/xc.dir/src/mgga_c_m05.c.o
[ 82%] Building CUDA object inq/external_libs/libxc/CMakeFiles/xc.dir/src/mgga_c_m06l.c.o
[ 82%] Building CUDA object inq/external_libs/libxc/CMakeFiles/xc.dir/src/mgga_c_m08.c.o
[ 82%] Building CUDA object inq/external_libs/libxc/CMakeFiles/xc.dir/src/mgga_c_pkzb.c.o
[ 82%] Building CUDA object inq/external_libs/libxc/CMakeFiles/xc.dir/src/mgga_c_revscan.c.o
[ 83%] Building CUDA object inq/external_libs/libxc/CMakeFiles/xc.dir/src/mgga_c_revtpss.c.o
[ 83%] Building CUDA object inq/external_libs/libxc/CMakeFiles/xc.dir/src/mgga_c_rscan.c.o
[ 83%] Building CUDA object inq/external_libs/libxc/CMakeFiles/xc.dir/src/mgga_c_scan.c.o
[ 83%] Building CUDA object inq/external_libs/libxc/CMakeFiles/xc.dir/src/mgga_c_scanl.c.o
[ 83%] Building CUDA object inq/external_libs/libxc/CMakeFiles/xc.dir/src/mgga_c_tpss.c.o
[ 83%] Building CUDA object inq/external_libs/libxc/CMakeFiles/xc.dir/src/mgga_c_tpssloc.c.o
[ 84%] Building CUDA object inq/external_libs/libxc/CMakeFiles/xc.dir/src/mgga_c_vsxc.c.o
[ 84%] Building CUDA object inq/external_libs/libxc/CMakeFiles/xc.dir/src/mgga_c_cc.c.o
[ 84%] Building CUDA object inq/external_libs/libxc/CMakeFiles/xc.dir/src/mgga_c_ccalda.c.o
[ 84%] Building CUDA object inq/external_libs/libxc/CMakeFiles/xc.dir/src/mgga_k_pc07.c.o
[ 84%] Building CUDA object inq/external_libs/libxc/CMakeFiles/xc.dir/src/mgga_k_csk.c.o
[ 85%] Building CUDA object inq/external_libs/libxc/CMakeFiles/xc.dir/src/mgga_k_pgslb.c.o
[ 85%] Building CUDA object inq/external_libs/libxc/CMakeFiles/xc.dir/src/mgga_k_csk_loc.c.o
[ 85%] Building CUDA object inq/external_libs/libxc/CMakeFiles/xc.dir/src/mgga_x_2d_prhg07.c.o
[ 85%] Building CUDA object inq/external_libs/libxc/CMakeFiles/xc.dir/src/mgga_x_2d_prp10.c.o
[ 85%] Building CUDA object inq/external_libs/libxc/CMakeFiles/xc.dir/src/mgga_x_br89_explicit.c.o
[ 85%] Building CUDA object inq/external_libs/libxc/CMakeFiles/xc.dir/src/mgga_x_br89.c.o
[ 85%] Building CUDA object inq/external_libs/libxc/CMakeFiles/xc.dir/src/mgga_x_tb09.c.o
[ 85%] Building CUDA object inq/external_libs/libxc/CMakeFiles/xc.dir/src/mgga_x_gvt4.c.o
[ 87%] Building CUDA object inq/external_libs/libxc/CMakeFiles/xc.dir/src/mgga_x_gx.c.o
[ 87%] Building CUDA object inq/external_libs/libxc/CMakeFiles/xc.dir/src/mgga_x_jk.c.o
[ 87%] Building CUDA object inq/external_libs/libxc/CMakeFiles/xc.dir/src/mgga_x_lta.c.o
[ 87%] Building CUDA object inq/external_libs/libxc/CMakeFiles/xc.dir/src/mgga_x_m06l.c.o
[ 87%] Building CUDA object inq/external_libs/libxc/CMakeFiles/xc.dir/src/mgga_x_m08.c.o
[ 88%] Building CUDA object inq/external_libs/libxc/CMakeFiles/xc.dir/src/mgga_x_m11_l.c.o
[ 88%] Building CUDA object inq/external_libs/libxc/CMakeFiles/xc.dir/src/mgga_x_m11.c.o
[ 88%] Building CUDA object inq/external_libs/libxc/CMakeFiles/xc.dir/src/mgga_x_mbeef.c.o
[ 88%] Building CUDA object inq/external_libs/libxc/CMakeFiles/xc.dir/src/mgga_x_mbeefvdw.c.o
[ 88%] Building CUDA object inq/external_libs/libxc/CMakeFiles/xc.dir/src/mgga_x_mn12.c.o
[ 88%] Building CUDA object inq/external_libs/libxc/CMakeFiles/xc.dir/src/mgga_x_ms.c.o
[ 88%] Building CUDA object inq/external_libs/libxc/CMakeFiles/xc.dir/src/mgga_x_msb.c.o
[ 89%] Building CUDA object inq/external_libs/libxc/CMakeFiles/xc.dir/src/mgga_x_mvs.c.o
[ 89%] Building CUDA object inq/external_libs/libxc/CMakeFiles/xc.dir/src/mgga_x_mvsb.c.o
[ 89%] Building CUDA object inq/external_libs/libxc/CMakeFiles/xc.dir/src/mgga_x_pbe_gx.c.o
[ 89%] Building CUDA object inq/external_libs/libxc/CMakeFiles/xc.dir/src/mgga_x_pkzb.c.o
[ 89%] Building CUDA object inq/external_libs/libxc/CMakeFiles/xc.dir/src/mgga_x_rscan.c.o
[ 89%] Building CUDA object inq/external_libs/libxc/CMakeFiles/xc.dir/src/mgga_x_sa_tpss.c.o
[ 89%] Building CUDA object inq/external_libs/libxc/CMakeFiles/xc.dir/src/mgga_x_scan.c.o
[ 90%] Building CUDA object inq/external_libs/libxc/CMakeFiles/xc.dir/src/mgga_x_scanl.c.o
[ 90%] Building CUDA object inq/external_libs/libxc/CMakeFiles/xc.dir/src/mgga_x_tau_hcth.c.o
[ 90%] Building CUDA object inq/external_libs/libxc/CMakeFiles/xc.dir/src/mgga_x_tm.c.o
[ 90%] Building CUDA object inq/external_libs/libxc/CMakeFiles/xc.dir/src/mgga_x_regtm.c.o
[ 90%] Building CUDA object inq/external_libs/libxc/CMakeFiles/xc.dir/src/mgga_x_revtm.c.o
[ 90%] Building CUDA object inq/external_libs/libxc/CMakeFiles/xc.dir/src/mgga_x_tpss.c.o
[ 91%] Building CUDA object inq/external_libs/libxc/CMakeFiles/xc.dir/src/mgga_x_regtpss.c.o
[ 91%] Building CUDA object inq/external_libs/libxc/CMakeFiles/xc.dir/src/mgga_x_vt84.c.o
[ 91%] Building CUDA object inq/external_libs/libxc/CMakeFiles/xc.dir/src/mgga_x_rtpss.c.o
[ 91%] Building CUDA object inq/external_libs/libxc/CMakeFiles/xc.dir/src/mgga_xc_b97mv.c.o
[ 91%] Building CUDA object inq/external_libs/libxc/CMakeFiles/xc.dir/src/mgga_xc_cc06.c.o
[ 91%] Building CUDA object inq/external_libs/libxc/CMakeFiles/xc.dir/src/mgga_xc_hle17.c.o
[ 92%] Building CUDA object inq/external_libs/libxc/CMakeFiles/xc.dir/src/mgga_xc_otpss_d.c.o
[ 92%] Building CUDA object inq/external_libs/libxc/CMakeFiles/xc.dir/src/mgga_xc_zlp.c.o
[ 92%] Building CUDA object inq/external_libs/libxc/CMakeFiles/xc.dir/src/mgga_xc_b98.c.o
[ 92%] Building CUDA object inq/external_libs/libxc/CMakeFiles/xc.dir/src/mgga_x_2d_js17.c.o
[ 92%] Building CUDA object inq/external_libs/libxc/CMakeFiles/xc.dir/src/mgga_x_edmgga.c.o
[ 92%] Building CUDA object inq/external_libs/libxc/CMakeFiles/xc.dir/src/mgga_x_gdme.c.o
[ 92%] Building CUDA object inq/external_libs/libxc/CMakeFiles/xc.dir/src/mgga_x_rlda.c.o
[ 94%] Building CUDA object inq/external_libs/libxc/CMakeFiles/xc.dir/src/mgga_x_mbrxh_bg.c.o
[ 94%] Building CUDA object inq/external_libs/libxc/CMakeFiles/xc.dir/src/mgga_x_mbrxc_bg.c.o
[ 94%] Building CUDA object inq/external_libs/libxc/CMakeFiles/xc.dir/src/mgga_x_task.c.o
[ 94%] Building CUDA object inq/external_libs/libxc/CMakeFiles/xc.dir/src/mgga_x_mggac.c.o
[ 94%] Building CUDA object inq/external_libs/libxc/CMakeFiles/xc.dir/src/mgga_x_th.c.o
[ 94%] Building CUDA object inq/external_libs/libxc/CMakeFiles/xc.dir/src/mgga_x_mbr.c.o
[ 95%] Building CUDA object inq/external_libs/libxc/CMakeFiles/xc.dir/src/mgga_c_ltapw.c.o
[ 95%] Building CUDA object inq/external_libs/libxc/CMakeFiles/xc.dir/src/mgga_x_r2scan.c.o
[ 95%] Building CUDA object inq/external_libs/libxc/CMakeFiles/xc.dir/src/mgga_c_r2scan.c.o
[ 95%] Building CUDA object inq/external_libs/libxc/CMakeFiles/xc.dir/src/mgga_k_lk.c.o
[ 95%] Building CUDA object inq/external_libs/libxc/CMakeFiles/xc.dir/src/mgga_k_rda.c.o
[ 95%] Building CUDA object inq/external_libs/libxc/CMakeFiles/xc.dir/src/mgga_k_gea2.c.o
[ 96%] Building CUDA object inq/external_libs/libxc/CMakeFiles/xc.dir/src/mgga_k_gea4.c.o
[ 96%] Building CUDA object inq/external_libs/libxc/CMakeFiles/xc.dir/src/mgga_x_r2scanl.c.o
[ 96%] Building CUDA object inq/external_libs/libxc/CMakeFiles/xc.dir/src/mgga_c_r2scanl.c.o
[ 96%] Building CUDA object inq/external_libs/libxc/CMakeFiles/xc.dir/src/mgga_c_rregtm.c.o
[ 96%] Building CUDA object inq/external_libs/libxc/CMakeFiles/xc.dir/src/mgga_x_mcml.c.o
[ 96%] Building CUDA object inq/external_libs/libxc/CMakeFiles/xc.dir/src/mgga_c_rmggac.c.o
[ 96%] Building CUDA object inq/external_libs/libxc/CMakeFiles/xc.dir/src/mgga_x_rppscan.c.o
[ 97%] Building CUDA object inq/external_libs/libxc/CMakeFiles/xc.dir/src/mgga_c_rppscan.c.o
[ 97%] Building CUDA object inq/external_libs/libxc/CMakeFiles/xc.dir/src/mgga_x_r4scan.c.o
[ 97%] Building CUDA object inq/external_libs/libxc/CMakeFiles/xc.dir/src/mgga_x_ft98.c.o
[ 97%] Building CUDA object inq/external_libs/libxc/CMakeFiles/xc.dir/src/mgga_x_ktbm.c.o
[ 97%] Building CUDA object inq/external_libs/libxc/CMakeFiles/xc.dir/src/hyb_mgga_xc_br3p86.c.o
[ 97%] Building CUDA object inq/external_libs/libxc/CMakeFiles/xc.dir/src/mgga_x_vcml.c.o
[ 97%] Building CUDA object inq/external_libs/libxc/CMakeFiles/xc.dir/src/mgga_x_eel.c.o
[ 98%] Building CUDA object inq/external_libs/libxc/CMakeFiles/xc.dir/src/hyb_mgga_xc_r2scan.c.o
[ 98%] Building CUDA object inq/external_libs/libxc/CMakeFiles/xc.dir/src/mix_func.c.o
[ 98%] Building CUDA object inq/external_libs/libxc/CMakeFiles/xc.dir/src/references.c.o
[ 98%] Building CUDA object inq/external_libs/libxc/CMakeFiles/xc.dir/src/deorbitalize_func.c.o
[ 98%] Building CUDA object inq/external_libs/libxc/CMakeFiles/xc.dir/src/special_functions.c.o
[100%] Building CUDA object inq/external_libs/libxc/CMakeFiles/xc.dir/src/math_brent.c.o
[100%] Building CUDA object inq/external_libs/libxc/CMakeFiles/xc.dir/src/util.c.o
[100%] Building CUDA object inq/external_libs/libxc/CMakeFiles/xc.dir/src/version.c.o
/local/data/public/skcb2/tddft/inq/external_libs/libxc/src/mgga_c_rppscan.c(24): warning #177-D: variable "rppscan01_values" was declared but never referenced
  static const double rppscan01_values[1] = {0.01};
                      ^

Remark: The warnings can be suppressed with "-diag-suppress <warning-number>"

/local/data/public/skcb2/tddft/inq/external_libs/libxc/src/mix_func.c(88): warning #550-D: variable "have_vxc" was set but never used
    int have_vxc = (1 << 1);
        ^

Remark: The warnings can be suppressed with "-diag-suppress <warning-number>"

/local/data/public/skcb2/tddft/inq/external_libs/libxc/src/mix_func.c(89): warning #550-D: variable "have_fxc" was set but never used
    int have_fxc = 0;
        ^

/local/data/public/skcb2/tddft/inq/external_libs/libxc/src/mix_func.c(90): warning #550-D: variable "have_kxc" was set but never used
    int have_kxc = 0;
        ^

/local/data/public/skcb2/tddft/inq/external_libs/libxc/src/mix_func.c(91): warning #550-D: variable "have_lxc" was set but never used
    int have_lxc = 0;
        ^

/local/data/public/skcb2/tddft/inq/external_libs/libxc/src/mix_func.c(111): warning #550-D: variable "need_laplacian" was set but never used
    int need_laplacian = 0;
        ^

/local/data/public/skcb2/tddft/inq/external_libs/libxc/src/mix_func.c(119): warning #550-D: variable "need_tau" was set but never used
    int need_tau = 0;
        ^

[100%] Linking CUDA static library libxc.a
/usr/bin/ar qc libxc.a CMakeFiles/xc.dir/src/bessel.c.o CMakeFiles/xc.dir/src/expint_e1.c.o CMakeFiles/xc.dir/src/faddeeva.c.o CMakeFiles/xc.dir/src/func_info.c.o CMakeFiles/xc.dir/src/func_reference.c.o CMakeFiles/xc.dir/src/functionals.c.o CMakeFiles/xc.dir/src/hybrids.c.o CMakeFiles/xc.dir/src/gga.c.o CMakeFiles/xc.dir/src/gga_c_acgga.c.o CMakeFiles/xc.dir/src/gga_c_acggap.c.o CMakeFiles/xc.dir/src/gga_c_am05.c.o CMakeFiles/xc.dir/src/gga_c_bmk.c.o CMakeFiles/xc.dir/src/gga_c_chachiyo.c.o CMakeFiles/xc.dir/src/gga_c_cs1.c.o CMakeFiles/xc.dir/src/gga_c_ft97.c.o CMakeFiles/xc.dir/src/gga_c_gapc.c.o CMakeFiles/xc.dir/src/gga_c_gaploc.c.o CMakeFiles/xc.dir/src/gga_c_hcth_a.c.o CMakeFiles/xc.dir/src/gga_c_lm.c.o CMakeFiles/xc.dir/src/gga_c_lyp.c.o CMakeFiles/xc.dir/src/gga_c_lypr.c.o CMakeFiles/xc.dir/src/gga_c_op_b88.c.o CMakeFiles/xc.dir/src/gga_c_op_g96.c.o CMakeFiles/xc.dir/src/gga_c_op_pbe.c.o CMakeFiles/xc.dir/src/gga_c_op_pw91.c.o CMakeFiles/xc.dir/src/gga_c_op_xalpha.c.o CMakeFiles/xc.dir/src/gga_c_optc.c.o CMakeFiles/xc.dir/src/gga_c_p86.c.o CMakeFiles/xc.dir/src/gga_c_p86vwn.c.o CMakeFiles/xc.dir/src/gga_c_pbe.c.o CMakeFiles/xc.dir/src/gga_c_pbe_vwn.c.o CMakeFiles/xc.dir/src/gga_c_pbeloc.c.o CMakeFiles/xc.dir/src/gga_c_pbe_erf_gws.c.o CMakeFiles/xc.dir/src/gga_c_pw91.c.o CMakeFiles/xc.dir/src/gga_c_q2d.c.o CMakeFiles/xc.dir/src/gga_c_regtpss.c.o CMakeFiles/xc.dir/src/gga_c_revtca.c.o CMakeFiles/xc.dir/src/gga_c_scan_e0.c.o CMakeFiles/xc.dir/src/gga_c_sg4.c.o CMakeFiles/xc.dir/src/gga_c_sogga11.c.o CMakeFiles/xc.dir/src/gga_c_tca.c.o CMakeFiles/xc.dir/src/gga_c_w94.c.o CMakeFiles/xc.dir/src/gga_c_wi.c.o CMakeFiles/xc.dir/src/gga_c_wl.c.o CMakeFiles/xc.dir/src/gga_c_zpbeint.c.o CMakeFiles/xc.dir/src/gga_c_zvpbeint.c.o CMakeFiles/xc.dir/src/gga_c_zvpbeloc.c.o CMakeFiles/xc.dir/src/gga_k_dk.c.o CMakeFiles/xc.dir/src/gga_k_pg.c.o CMakeFiles/xc.dir/src/gga_k_rational_p.c.o CMakeFiles/xc.dir/src/gga_k_meyer.c.o CMakeFiles/xc.dir/src/gga_k_ol1.c.o CMakeFiles/xc.dir/src/gga_k_ol2.c.o CMakeFiles/xc.dir/src/gga_x_ol2.c.o CMakeFiles/xc.dir/src/gga_k_pearson.c.o CMakeFiles/xc.dir/src/gga_k_tflw.c.o CMakeFiles/xc.dir/src/gga_k_thakkar.c.o CMakeFiles/xc.dir/src/gga_k_gds08.c.o CMakeFiles/xc.dir/src/gga_k_exp4.c.o CMakeFiles/xc.dir/src/gga_x_2d_b86.c.o CMakeFiles/xc.dir/src/gga_x_2d_b86_mgc.c.o CMakeFiles/xc.dir/src/gga_x_2d_b88.c.o CMakeFiles/xc.dir/src/gga_x_2d_pbe.c.o CMakeFiles/xc.dir/src/gga_x_airy.c.o CMakeFiles/xc.dir/src/gga_x_ak13.c.o CMakeFiles/xc.dir/src/gga_x_am05.c.o CMakeFiles/xc.dir/src/gga_x_b86.c.o CMakeFiles/xc.dir/src/gga_x_b88.c.o CMakeFiles/xc.dir/src/gga_k_llp.c.o CMakeFiles/xc.dir/src/gga_k_pw86.c.o CMakeFiles/xc.dir/src/gga_k_mpbe.c.o CMakeFiles/xc.dir/src/gga_k_apbe.c.o CMakeFiles/xc.dir/src/gga_k_apbeint.c.o CMakeFiles/xc.dir/src/gga_k_lc94.c.o CMakeFiles/xc.dir/src/gga_k_lkt.c.o CMakeFiles/xc.dir/src/gga_k_vt84f.c.o CMakeFiles/xc.dir/src/gga_x_bayesian.c.o CMakeFiles/xc.dir/src/gga_x_beefvdw.c.o CMakeFiles/xc.dir/src/gga_x_bpccac.c.o CMakeFiles/xc.dir/src/gga_x_c09x.c.o CMakeFiles/xc.dir/src/gga_x_cap.c.o CMakeFiles/xc.dir/src/gga_x_chachiyo.c.o CMakeFiles/xc.dir/src/gga_x_dk87.c.o CMakeFiles/xc.dir/src/gga_x_ev93.c.o CMakeFiles/xc.dir/src/gga_x_ft97.c.o CMakeFiles/xc.dir/src/gga_x_g96.c.o CMakeFiles/xc.dir/src/gga_x_gg99.c.o CMakeFiles/xc.dir/src/gga_x_hcth_a.c.o CMakeFiles/xc.dir/src/gga_x_hjs.c.o CMakeFiles/xc.dir/src/gga_x_hjs_b88_v2.c.o CMakeFiles/xc.dir/src/gga_x_htbs.c.o CMakeFiles/xc.dir/src/gga_x_ityh.c.o CMakeFiles/xc.dir/src/gga_x_ityh_optx.c.o CMakeFiles/xc.dir/src/gga_x_ityh_pbe.c.o CMakeFiles/xc.dir/src/gga_x_kt.c.o CMakeFiles/xc.dir/src/gga_x_lag.c.o CMakeFiles/xc.dir/src/gga_x_lb.c.o CMakeFiles/xc.dir/src/gga_x_lg93.c.o CMakeFiles/xc.dir/src/gga_x_lspbe.c.o CMakeFiles/xc.dir/src/gga_x_lsrpbe.c.o CMakeFiles/xc.dir/src/gga_x_lv_rpw86.c.o CMakeFiles/xc.dir/src/gga_x_mpbe.c.o CMakeFiles/xc.dir/src/gga_x_n12.c.o CMakeFiles/xc.dir/src/gga_x_ncap.c.o CMakeFiles/xc.dir/src/gga_x_optx.c.o CMakeFiles/xc.dir/src/gga_x_pbe.c.o CMakeFiles/xc.dir/src/gga_x_pbea.c.o CMakeFiles/xc.dir/src/gga_x_pbeint.c.o CMakeFiles/xc.dir/src/gga_x_pbepow.c.o CMakeFiles/xc.dir/src/gga_x_pbetrans.c.o CMakeFiles/xc.dir/src/gga_x_pbe_erf_gws.c.o CMakeFiles/xc.dir/src/gga_x_pw86.c.o CMakeFiles/xc.dir/src/gga_x_pw91.c.o CMakeFiles/xc.dir/src/gga_x_q1d.c.o CMakeFiles/xc.dir/src/gga_x_q2d.c.o CMakeFiles/xc.dir/src/gga_x_rge2.c.o CMakeFiles/xc.dir/src/gga_x_rpbe.c.o CMakeFiles/xc.dir/src/gga_x_s12.c.o CMakeFiles/xc.dir/src/gga_x_sfat.c.o CMakeFiles/xc.dir/src/gga_x_sfat_pbe.c.o CMakeFiles/xc.dir/src/gga_x_sg4.c.o CMakeFiles/xc.dir/src/gga_x_sogga11.c.o CMakeFiles/xc.dir/src/gga_x_ssb_sw.c.o CMakeFiles/xc.dir/src/gga_x_vmt.c.o CMakeFiles/xc.dir/src/gga_x_vmt84.c.o CMakeFiles/xc.dir/src/gga_x_wc.c.o CMakeFiles/xc.dir/src/gga_x_wpbeh.c.o CMakeFiles/xc.dir/src/gga_x_fd_lb94.c.o CMakeFiles/xc.dir/src/gga_x_lcgau.c.o CMakeFiles/xc.dir/src/gga_xc_1w.c.o CMakeFiles/xc.dir/src/gga_xc_b97.c.o CMakeFiles/xc.dir/src/gga_xc_edf1.c.o CMakeFiles/xc.dir/src/gga_xc_oblyp_d.c.o CMakeFiles/xc.dir/src/gga_xc_th1.c.o CMakeFiles/xc.dir/src/gga_xc_th2.c.o CMakeFiles/xc.dir/src/gga_xc_th3.c.o CMakeFiles/xc.dir/src/gga_xc_vv10.c.o CMakeFiles/xc.dir/src/gga_k_lgap.c.o CMakeFiles/xc.dir/src/gga_k_lgap_ge.c.o CMakeFiles/xc.dir/src/gga_c_ccdf.c.o CMakeFiles/xc.dir/src/hyb_gga_xc_b1wc.c.o CMakeFiles/xc.dir/src/hyb_gga_xc_b3lyp.c.o CMakeFiles/xc.dir/src/hyb_gga_xc_cam_b3lyp.c.o CMakeFiles/xc.dir/src/hyb_gga_xc_camy_b3lyp.c.o CMakeFiles/xc.dir/src/hyb_gga_xc_camy_blyp.c.o CMakeFiles/xc.dir/src/hyb_gga_xc_edf2.c.o CMakeFiles/xc.dir/src/hyb_gga_xc_hse.c.o CMakeFiles/xc.dir/src/hyb_gga_xc_lc_blyp.c.o CMakeFiles/xc.dir/src/hyb_gga_xc_lcy_blyp.c.o CMakeFiles/xc.dir/src/hyb_gga_xc_lcy_pbe.c.o CMakeFiles/xc.dir/src/hyb_gga_xc_o3lyp.c.o CMakeFiles/xc.dir/src/hyb_gga_xc_pbeh.c.o CMakeFiles/xc.dir/src/hyb_gga_xc_wb97.c.o CMakeFiles/xc.dir/src/hyb_lda_xc_cam_lda0.c.o CMakeFiles/xc.dir/src/hyb_lda_xc_bn05.c.o CMakeFiles/xc.dir/src/hyb_mgga_x_dldf.c.o CMakeFiles/xc.dir/src/hyb_mgga_x_m05.c.o CMakeFiles/xc.dir/src/hyb_mgga_x_mvsh.c.o CMakeFiles/xc.dir/src/hyb_mgga_xc_b88b95.c.o CMakeFiles/xc.dir/src/hyb_mgga_xc_kcis.c.o CMakeFiles/xc.dir/src/hyb_mgga_xc_tpssh.c.o CMakeFiles/xc.dir/src/hyb_mgga_xc_wb97mv.c.o CMakeFiles/xc.dir/src/hyb_mgga_x_js18.c.o CMakeFiles/xc.dir/src/hyb_mgga_x_pjs18.c.o CMakeFiles/xc.dir/src/hyb_gga_xc_b2plyp.c.o CMakeFiles/xc.dir/src/hyb_gga_xc_src1_blyp.c.o CMakeFiles/xc.dir/src/hyb_gga_xc_cam_o3lyp.c.o CMakeFiles/xc.dir/src/hyb_gga_xc_pbe_dh.c.o CMakeFiles/xc.dir/src/hyb_gga_x_cam_s12.c.o CMakeFiles/xc.dir/src/hyb_gga_xc_case21.c.o CMakeFiles/xc.dir/src/hyb_mgga_xc_gas22.c.o CMakeFiles/xc.dir/src/integrate.c.o CMakeFiles/xc.dir/src/lda.c.o CMakeFiles/xc.dir/src/lda_c_1d_csc.c.o CMakeFiles/xc.dir/src/lda_c_1d_loos.c.o CMakeFiles/xc.dir/src/lda_c_2d_amgb.c.o CMakeFiles/xc.dir/src/lda_c_2d_prm.c.o CMakeFiles/xc.dir/src/lda_c_chachiyo.c.o CMakeFiles/xc.dir/src/lda_c_chachiyo_mod.c.o CMakeFiles/xc.dir/src/lda_c_gombas.c.o CMakeFiles/xc.dir/src/lda_c_hl.c.o CMakeFiles/xc.dir/src/lda_c_lp96.c.o CMakeFiles/xc.dir/src/lda_c_ml1.c.o CMakeFiles/xc.dir/src/lda_c_pk09.c.o CMakeFiles/xc.dir/src/lda_c_pw.c.o CMakeFiles/xc.dir/src/lda_c_pz.c.o CMakeFiles/xc.dir/src/lda_c_rc04.c.o CMakeFiles/xc.dir/src/lda_c_rpa.c.o CMakeFiles/xc.dir/src/lda_c_vwn.c.o CMakeFiles/xc.dir/src/lda_c_vwn_1.c.o CMakeFiles/xc.dir/src/lda_c_vwn_2.c.o CMakeFiles/xc.dir/src/lda_c_vwn_3.c.o CMakeFiles/xc.dir/src/lda_c_vwn_4.c.o CMakeFiles/xc.dir/src/lda_c_vwn_rpa.c.o CMakeFiles/xc.dir/src/lda_c_wigner.c.o CMakeFiles/xc.dir/src/lda_c_gk72.c.o CMakeFiles/xc.dir/src/lda_c_w20.c.o CMakeFiles/xc.dir/src/lda_c_pw_erf.c.o CMakeFiles/xc.dir/src/lda_k_tf.c.o CMakeFiles/xc.dir/src/lda_k_zlp.c.o CMakeFiles/xc.dir/src/lda_k_gds08_worker.c.o CMakeFiles/xc.dir/src/lda_x.c.o CMakeFiles/xc.dir/src/lda_x_1d_soft.c.o CMakeFiles/xc.dir/src/lda_x_1d_exponential.c.o CMakeFiles/xc.dir/src/lda_x_2d.c.o CMakeFiles/xc.dir/src/lda_x_erf.c.o CMakeFiles/xc.dir/src/lda_x_rel.c.o CMakeFiles/xc.dir/src/lda_xc_1d_ehwlrg.c.o CMakeFiles/xc.dir/src/lda_xc_ksdt.c.o CMakeFiles/xc.dir/src/lda_xc_teter93.c.o CMakeFiles/xc.dir/src/lda_xc_zlp.c.o CMakeFiles/xc.dir/src/lda_c_pmgb06.c.o CMakeFiles/xc.dir/src/lda_xc_tih.c.o CMakeFiles/xc.dir/src/lda_x_sloc.c.o CMakeFiles/xc.dir/src/lda_x_yukawa.c.o CMakeFiles/xc.dir/src/lda_c_epc17.c.o CMakeFiles/xc.dir/src/lda_c_epc18.c.o CMakeFiles/xc.dir/src/mgga.c.o CMakeFiles/xc.dir/src/mgga_c_b88.c.o CMakeFiles/xc.dir/src/mgga_c_b94.c.o CMakeFiles/xc.dir/src/mgga_c_bc95.c.o CMakeFiles/xc.dir/src/mgga_c_cs.c.o CMakeFiles/xc.dir/src/mgga_c_kcis.c.o CMakeFiles/xc.dir/src/mgga_c_kcisk.c.o CMakeFiles/xc.dir/src/mgga_xc_lp90.c.o CMakeFiles/xc.dir/src/mgga_c_m05.c.o CMakeFiles/xc.dir/src/mgga_c_m06l.c.o CMakeFiles/xc.dir/src/mgga_c_m08.c.o CMakeFiles/xc.dir/src/mgga_c_pkzb.c.o CMakeFiles/xc.dir/src/mgga_c_revscan.c.o CMakeFiles/xc.dir/src/mgga_c_revtpss.c.o CMakeFiles/xc.dir/src/mgga_c_rscan.c.o CMakeFiles/xc.dir/src/mgga_c_scan.c.o CMakeFiles/xc.dir/src/mgga_c_scanl.c.o CMakeFiles/xc.dir/src/mgga_c_tpss.c.o CMakeFiles/xc.dir/src/mgga_c_tpssloc.c.o CMakeFiles/xc.dir/src/mgga_c_vsxc.c.o CMakeFiles/xc.dir/src/mgga_c_cc.c.o CMakeFiles/xc.dir/src/mgga_c_ccalda.c.o CMakeFiles/xc.dir/src/mgga_k_pc07.c.o CMakeFiles/xc.dir/src/mgga_k_csk.c.o CMakeFiles/xc.dir/src/mgga_k_csk_loc.c.o CMakeFiles/xc.dir/src/mgga_k_pgslb.c.o CMakeFiles/xc.dir/src/mgga_x_2d_prhg07.c.o CMakeFiles/xc.dir/src/mgga_x_2d_prp10.c.o CMakeFiles/xc.dir/src/mgga_x_br89.c.o CMakeFiles/xc.dir/src/mgga_x_br89_explicit.c.o CMakeFiles/xc.dir/src/mgga_x_tb09.c.o CMakeFiles/xc.dir/src/mgga_x_gvt4.c.o CMakeFiles/xc.dir/src/mgga_x_gx.c.o CMakeFiles/xc.dir/src/mgga_x_jk.c.o CMakeFiles/xc.dir/src/mgga_x_lta.c.o CMakeFiles/xc.dir/src/mgga_x_m06l.c.o CMakeFiles/xc.dir/src/mgga_x_m08.c.o CMakeFiles/xc.dir/src/mgga_x_m11.c.o CMakeFiles/xc.dir/src/mgga_x_m11_l.c.o CMakeFiles/xc.dir/src/mgga_x_mbeef.c.o CMakeFiles/xc.dir/src/mgga_x_mbeefvdw.c.o CMakeFiles/xc.dir/src/mgga_x_mn12.c.o CMakeFiles/xc.dir/src/mgga_x_ms.c.o CMakeFiles/xc.dir/src/mgga_x_msb.c.o CMakeFiles/xc.dir/src/mgga_x_mvs.c.o CMakeFiles/xc.dir/src/mgga_x_mvsb.c.o CMakeFiles/xc.dir/src/mgga_x_pbe_gx.c.o CMakeFiles/xc.dir/src/mgga_x_pkzb.c.o CMakeFiles/xc.dir/src/mgga_x_rscan.c.o CMakeFiles/xc.dir/src/mgga_x_sa_tpss.c.o CMakeFiles/xc.dir/src/mgga_x_scan.c.o CMakeFiles/xc.dir/src/mgga_x_scanl.c.o CMakeFiles/xc.dir/src/mgga_x_tau_hcth.c.o CMakeFiles/xc.dir/src/mgga_x_tm.c.o CMakeFiles/xc.dir/src/mgga_x_regtm.c.o CMakeFiles/xc.dir/src/mgga_x_revtm.c.o CMakeFiles/xc.dir/src/mgga_x_tpss.c.o CMakeFiles/xc.dir/src/mgga_x_regtpss.c.o CMakeFiles/xc.dir/src/mgga_x_vt84.c.o CMakeFiles/xc.dir/src/mgga_x_rtpss.c.o CMakeFiles/xc.dir/src/mgga_xc_b97mv.c.o CMakeFiles/xc.dir/src/mgga_xc_cc06.c.o CMakeFiles/xc.dir/src/mgga_xc_hle17.c.o CMakeFiles/xc.dir/src/mgga_xc_otpss_d.c.o CMakeFiles/xc.dir/src/mgga_xc_zlp.c.o CMakeFiles/xc.dir/src/mgga_xc_b98.c.o CMakeFiles/xc.dir/src/mgga_x_2d_js17.c.o CMakeFiles/xc.dir/src/mgga_x_edmgga.c.o CMakeFiles/xc.dir/src/mgga_x_gdme.c.o CMakeFiles/xc.dir/src/mgga_x_rlda.c.o CMakeFiles/xc.dir/src/mgga_x_mbrxh_bg.c.o CMakeFiles/xc.dir/src/mgga_x_mbrxc_bg.c.o CMakeFiles/xc.dir/src/mgga_x_task.c.o CMakeFiles/xc.dir/src/mgga_x_mggac.c.o CMakeFiles/xc.dir/src/mgga_x_th.c.o CMakeFiles/xc.dir/src/mgga_x_mbr.c.o CMakeFiles/xc.dir/src/mgga_c_ltapw.c.o CMakeFiles/xc.dir/src/mgga_x_r2scan.c.o CMakeFiles/xc.dir/src/mgga_c_r2scan.c.o CMakeFiles/xc.dir/src/mgga_k_lk.c.o CMakeFiles/xc.dir/src/mgga_k_rda.c.o CMakeFiles/xc.dir/src/mgga_k_gea2.c.o CMakeFiles/xc.dir/src/mgga_k_gea4.c.o CMakeFiles/xc.dir/src/mgga_x_r2scanl.c.o CMakeFiles/xc.dir/src/mgga_c_r2scanl.c.o CMakeFiles/xc.dir/src/mgga_c_rregtm.c.o CMakeFiles/xc.dir/src/mgga_x_mcml.c.o CMakeFiles/xc.dir/src/mgga_c_rmggac.c.o CMakeFiles/xc.dir/src/mgga_x_rppscan.c.o CMakeFiles/xc.dir/src/mgga_c_rppscan.c.o CMakeFiles/xc.dir/src/mgga_x_r4scan.c.o CMakeFiles/xc.dir/src/mgga_x_ft98.c.o CMakeFiles/xc.dir/src/mgga_x_ktbm.c.o CMakeFiles/xc.dir/src/hyb_mgga_xc_br3p86.c.o CMakeFiles/xc.dir/src/mgga_x_vcml.c.o CMakeFiles/xc.dir/src/hyb_mgga_xc_r2scan.c.o CMakeFiles/xc.dir/src/mgga_x_eel.c.o CMakeFiles/xc.dir/src/mix_func.c.o CMakeFiles/xc.dir/src/deorbitalize_func.c.o CMakeFiles/xc.dir/src/references.c.o CMakeFiles/xc.dir/src/special_functions.c.o CMakeFiles/xc.dir/src/math_brent.c.o CMakeFiles/xc.dir/src/util.c.o CMakeFiles/xc.dir/src/version.c.o
/usr/bin/ranlib libxc.a
[100%] Built target xc
[100%] Building CUDA object CMakeFiles/run.dir/local/data/public/skcb2/tddft/ResearchProject/systems/coronene/04_leed_simulation/runs/run_005_200eV_d0p53A_31p7A/run.cpp.o
[100%] Linking CUDA device code CMakeFiles/run.dir/cmake_device_link.o
[100%] Linking CXX executable /local/data/public/skcb2/tddft/ResearchProject/systems/coronene/04_leed_simulation/runs/run_005_200eV_d0p53A_31p7A/run
[100%] Built target run
==> Running run...
───────────────────────────────────────

=== run_005: Coronene TDDFT LEED (paper parameters) ===
  Cell   : 34.771 × 34.771 × 59.9043 bohr  [finite]
  Lz     : 31.7 Å  (paper: 31.7 Å)
  d      : 0.53 Å  (paper: 0.53 Å)
  D      : 6.35 Å  (paper: 6.35 Å)
  T1     : 0.077 fs  (paper: 0.077 fs)
  T2     : 0.25 fs  (paper: 0.25 fs)
  Atoms  : 36  (expect 36)
[2026-04-16 10:39:09.678] [electrons:2wIIMQ] [info] System information:

Cell:
  Lattice vectors [b] = 34.771	0	0
                        0	34.771	0
                        0	0	59.9043
  Volume [b^3]        = 72425.5
  Periodicity         = 0d (finite)

Species (2 total):
  H                   - | defaults | *
  C                   - | defaults | *

  * Uses default pseudopotential set: 'pseudodojo_pbe'

Ions (36 total):
  0	-	C	20.0708	17.3855	29.9522
  1	-	C	22.7561	17.3855	29.9522
  2	-	C	18.7281	19.711	29.9522
  3	-	C	20.0708	22.0366	29.9522
  4	-	C	16.0428	19.711	29.9522
  5	-	C	14.7002	22.0366	29.9522
  6	-	C	14.7002	17.3855	29.9522
  7	-	C	12.0149	17.3855	29.9522
  8	-	C	16.0428	15.0599	29.9522
  9	-	C	14.7002	12.7344	29.9522
  10	-	C	18.7281	15.0599	29.9522
  11	-	C	20.0708	12.7344	29.9522
  12	-	C	24.0987	19.711	29.9522
  13	-	C	22.7561	22.0366	29.9522
  14	-	C	18.7281	24.3621	29.9522
  15	-	C	16.0428	24.3621	29.9522
  16	-	C	12.0149	22.0366	29.9522
  17	-	C	10.6722	19.711	29.9522
  18	-	C	10.6722	15.0599	29.9522
  19	-	C	12.0149	12.7344	29.9522
  20	-	C	16.0428	10.4089	29.9522
  21	-	C	18.7281	10.4089	29.9522
  22	-	C	22.7561	12.7344	29.9522
  23	-	C	24.0987	15.0599	29.9522
  24	-	H	26.0379	20.3828	29.9522
  25	-	H	24.3074	23.3801	29.9522
  26	-	H	19.116	26.3774	29.9522
  27	-	H	15.655	26.3774	29.9522
  28	-	H	10.4635	23.3801	29.9522
  29	-	H	8.73304	20.3828	29.9522
  30	-	H	8.73304	14.3882	29.9522
  31	-	H	10.4635	11.3909	29.9522
  32	-	H	15.655	8.3936	29.9522
  33	-	H	19.116	8.3936	29.9522
  34	-	H	24.3074	11.3909	29.9522
  35	-	H	26.0379	14.3882	29.9522

Kpoints (1 total):
  k-point       0 =   0.000   0.000   0.000   weight = 1.000

Basis set:
  Spacing                 = 0.34771 0.34771 0.34231 bohr
  Grid size               = 100 x 100 x 175
  Number of grid points   = 1750000

Kohn-Sham representation:
  Number of electrons      = 108
  Spin                     = unpolarized
  States per spin/kpoint   = 57


[2026-04-16 10:39:09.679] [electrons:2wIIMQ] [info] system symmetries: Pmmm (number 47)
[2026-04-16 10:39:09.681] [electrons:2wIIMQ] [info] parallelization:
[2026-04-16 10:39:09.681] [electrons:2wIIMQ] [info]   electrons divided among 1 processes (1 kpoints x 1 states x 1 domains)
[2026-04-16 10:39:09.681] [electrons:2wIIMQ] [info]   process 0 has gpu id OBV6ryIUSmbtX/uegaCMkw
[2026-04-16 10:39:09.681] [electrons:2wIIMQ] [info] k-point parallelization:
[2026-04-16 10:39:09.681] [electrons:2wIIMQ] [info]   1 k-points/spin indices divided among 1 partitions
[2026-04-16 10:39:09.681] [electrons:2wIIMQ] [info]   partition 0 has 1 k-points/spin indices and the last partition has 1

[2026-04-16 10:39:09.681] [electrons:2wIIMQ] [info] state parallelization:
[2026-04-16 10:39:09.681] [electrons:2wIIMQ] [info]   57 states divided among 1 partitions
[2026-04-16 10:39:09.681] [electrons:2wIIMQ] [info]   partition 0 has 57 states and the last partition has 57 states

[2026-04-16 10:39:09.681] [electrons:2wIIMQ] [info] real-space parallelization:
[2026-04-16 10:39:09.681] [electrons:2wIIMQ] [info]   100 slices (1750000 points) divided among 1 partitions
[2026-04-16 10:39:09.681] [electrons:2wIIMQ] [info]   partition 0 has 100 slices and the last partition has 100 slices (1750000 and 1750000 points)
[2026-04-16 10:39:09.681] [electrons:2wIIMQ] [info] fourier-space parallelization:
[2026-04-16 10:39:09.681] [electrons:2wIIMQ] [info]   100 slices (1750000 points) divided among 1 partitions
[2026-04-16 10:39:09.681] [electrons:2wIIMQ] [info]   partition 0 has 100 slices and the last partition has 100 slices (1750000 and 1750000 points)


=== STEP 2: Ground state SCF ===
[2026-04-16 10:39:10.210] [electrons:2wIIMQ] [trace] ground-state calculation started
[2026-04-16 10:39:10.210] [electrons:2wIIMQ] [info] 
SCF solver:
  eigensolver          = steepest_descent
  mixer                = broyden
  mixing               = 0.1
  mixing ndim          = 8

[2026-04-16 10:39:16.820] [electrons:2wIIMQ] [info] 
SCF iter 0 : wtime =   5.2s e = 826.5122844349 de = -2e+306 dn = 2e+00 dst = 3e+01
  st =    8  occ = 2.000  evalue =     5.231997923723  res = 3e+01
  st =    1  occ = 2.000  evalue =     5.234415253476  res = 3e+01
  st =   11  occ = 2.000  evalue =     5.235030767844  res = 3e+01
  st =    6  occ = 2.000  evalue =     5.237051677041  res = 3e+01
  st =   14  occ = 2.000  evalue =     5.237693670877  res = 3e+01
  st =   25  occ = 2.000  evalue =     5.239852900856  res = 3e+01
  st =    3  occ = 2.000  evalue =     5.240415930902  res = 3e+01
  st =    2  occ = 2.000  evalue =     5.244454533068  res = 3e+01
    [output of 20 eigenvalues suppressed,  minres = 3e+01  maxres = 3e+01]
  st =   19  occ = 2.000  evalue =     5.266080600412  res = 3e+01
  st =   13  occ = 2.000  evalue =     5.267360628949  res = 3e+01
  st =   23  occ = 2.000  evalue =     5.269837547865  res = 3e+01
  st =   18  occ = 2.000  evalue =     5.269883725958  res = 3e+01
  st =   41  occ = 2.000  evalue =     5.270141522401  res = 3e+01
  st =   50  occ = 2.000  evalue =     5.270298936373  res = 3e+01
  st =   32  occ = 2.000  evalue =     5.271095841609  res = 3e+01
  st =   56  occ = 0.000  evalue =     5.271239817941  res = 3e+01
  st =   51  occ = 2.000  evalue =     5.272129869271  res = 3e+01
  st =   38  occ = 2.000  evalue =     5.273712504253  res = 3e+01
  st =   53  occ = 2.000  evalue =     5.274395319669  res = 3e+01
  st =   27  occ = 2.000  evalue =     5.275203616440  res = 3e+01
  st =   42  occ = 2.000  evalue =     5.275604356383  res = 3e+01
  st =   15  occ = 2.000  evalue =     5.277738672368  res = 3e+01
  st =   44  occ = 2.000  evalue =     5.278290513951  res = 3e+01
    [output of 6 eigenvalues suppressed,  minres = 3e+01  maxres = 3e+01]
  st =   48  occ = 2.000  evalue =     5.286926885633  res = 3e+01
  st =   49  occ = 2.000  evalue =     5.289439221277  res = 3e+01
  st =   55  occ = 0.000  evalue =     5.289650692925  res = 3e+01
  st =   22  occ = 2.000  evalue =     5.296046026775  res = 3e+01
  st =   45  occ = 2.000  evalue =     5.296629402752  res = 3e+01
  st =   47  occ = 2.000  evalue =     5.296730486035  res = 3e+01
  st =   57  occ = 0.000  evalue =     5.296868017629  res = 3e+01
  st =   24  occ = 2.000  evalue =     5.297935031350  res = 3e+01

[2026-04-16 10:39:21.933] [electrons:2wIIMQ] [info] 
SCF iter 1 : wtime =   5.1s e = 863.9825328346 de =  9e-01 dn = 2e+00 dst = 7e+00
  st =    1  occ = 2.000  evalue =     6.090481438561  res = 7e+00
  st =    4  occ = 2.000  evalue =     6.091883532363  res = 7e+00
  st =    2  occ = 2.000  evalue =     6.092304405090  res = 7e+00
  st =   40  occ = 2.000  evalue =     6.093304370248  res = 7e+00
  st =    7  occ = 2.000  evalue =     6.094501486512  res = 7e+00
  st =    3  occ = 2.000  evalue =     6.099613228916  res = 7e+00
  st =   35  occ = 2.000  evalue =     6.100602511914  res = 7e+00
  st =   43  occ = 2.000  evalue =     6.100991868108  res = 7e+00
  st =   39  occ = 2.000  evalue =     6.103227167124  res = 7e+00
  st =   14  occ = 2.000  evalue =     6.103437770522  res = 7e+00
  st =   11  occ = 2.000  evalue =     6.105358104158  res = 7e+00
  st =   13  occ = 2.000  evalue =     6.105511860608  res = 7e+00
  st =   56  occ = 0.000  evalue =     6.105584662463  res = 6e+00
  st =   16  occ = 2.000  evalue =     6.105816174358  res = 7e+00
  st =   23  occ = 2.000  evalue =     6.105969610299  res = 7e+00
  st =   22  occ = 2.000  evalue =     6.106130559493  res = 7e+00
  st =   34  occ = 2.000  evalue =     6.106167530249  res = 7e+00
  st =   41  occ = 2.000  evalue =     6.107167433724  res = 6e+00
  st =   10  occ = 2.000  evalue =     6.107185974534  res = 7e+00
  st =   18  occ = 2.000  evalue =     6.108705110142  res = 7e+00
    [output of 29 eigenvalues suppressed,  minres = 6e+00  maxres = 7e+00]
  st =   17  occ = 2.000  evalue =     6.127751469639  res = 7e+00
  st =   12  occ = 2.000  evalue =     6.130933564008  res = 7e+00
  st =   48  occ = 2.000  evalue =     6.133784276402  res = 7e+00
  st =   27  occ = 2.000  evalue =     6.135811312423  res = 7e+00
  st =   24  occ = 2.000  evalue =     6.135850243632  res = 7e+00
  st =   53  occ = 2.000  evalue =     6.137620131080  res = 6e+00
  st =    8  occ = 2.000  evalue =     6.143527116438  res = 7e+00
  st =   26  occ = 2.000  evalue =     6.144040431072  res = 7e+00

[2026-04-16 10:39:26.996] [electrons:2wIIMQ] [info] 
SCF iter 2 : wtime =   5.1s e = 694.5270430076 de = -6e+00 dn = 2e+00 dst = 4e+00
  st =    1  occ = 2.000  evalue =     0.063066796782  res = 4e+00
  st =   21  occ = 2.000  evalue =     0.073819070068  res = 4e+00
  st =   19  occ = 2.000  evalue =     0.074552625399  res = 4e+00
  st =    3  occ = 2.000  evalue =     0.112379201213  res = 4e+00
  st =   10  occ = 2.000  evalue =     0.117259384706  res = 4e+00
  st =   32  occ = 2.000  evalue =     0.130234841571  res = 4e+00
  st =    2  occ = 2.000  evalue =     0.135480081115  res = 4e+00
  st =   14  occ = 2.000  evalue =     0.152545678869  res = 4e+00
    [output of 31 eigenvalues suppressed,  minres = 4e+00  maxres = 4e+00]
  st =   53  occ = 2.000  evalue =     0.288386016447  res = 4e+00
  st =    9  occ = 2.000  evalue =     0.293098613253  res = 3e+00
  st =   40  occ = 2.000  evalue =     0.297735251827  res = 4e+00
  st =   33  occ = 2.000  evalue =     0.301022399206  res = 3e+00
  st =   39  occ = 2.000  evalue =     0.306338155845  res = 4e+00
  st =   51  occ = 2.000  evalue =     0.308350538899  res = 4e+00
  st =   27  occ = 2.000  evalue =     0.313975931589  res = 4e+00
  st =   56  occ = 0.000  evalue =     0.317231875749  res = 4e+00
  st =   42  occ = 2.000  evalue =     0.317281363975  res = 4e+00
  st =   37  occ = 2.000  evalue =     0.324685370217  res = 3e+00
  st =   43  occ = 2.000  evalue =     0.330483545611  res = 4e+00
  st =   55  occ = 0.000  evalue =     0.333640537479  res = 4e+00
  st =   49  occ = 2.000  evalue =     0.338766296739  res = 4e+00
  st =   52  occ = 2.000  evalue =     0.345010231027  res = 4e+00
  st =   57  occ = 0.000  evalue =     0.375748602904  res = 3e+00
  st =   48  occ = 2.000  evalue =     0.380393862114  res = 4e+00
  st =   50  occ = 2.000  evalue =     0.398807122013  res = 3e+00
  st =   54  occ = 2.000  evalue =     0.410107651752  res = 4e+00

[2026-04-16 10:39:32.049] [electrons:2wIIMQ] [info] 
SCF iter 3 : wtime =   5.0s e = 707.5491116368 de = -2e+00 dn = 2e+00 dst = 2e+01
  st =    1  occ = 2.000  evalue =    -3.268608502166  res = 3e+00
  st =    3  occ = 2.000  evalue =    -3.165456287528  res = 4e+00
  st =    2  occ = 2.000  evalue =    -3.139284697217  res = 4e+00
  st =    5  occ = 2.000  evalue =    -2.848650138807  res = 7e+00
  st =    4  occ = 2.000  evalue =    -2.674153463907  res = 5e+00
  st =    6  occ = 2.000  evalue =    -2.536269637237  res = 7e+00
  st =    7  occ = 2.000  evalue =    -2.288092281200  res = 5e+00
  st =   10  occ = 2.000  evalue =    -2.279747662529  res = 6e+00
    [output of 37 eigenvalues suppressed,  minres = 5e+00  maxres = 3e+01]
  st =   42  occ = 2.000  evalue =    -0.692638390569  res = 3e+01
  st =   47  occ = 2.000  evalue =    -0.687003374181  res = 3e+01
  st =   46  occ = 2.000  evalue =    -0.675370655960  res = 3e+01
  st =   52  occ = 2.000  evalue =    -0.654448061828  res = 4e+01
  st =   49  occ = 2.000  evalue =    -0.646159457689  res = 3e+01
  st =   48  occ = 2.000  evalue =    -0.635939910121  res = 3e+01
  st =   51  occ = 2.000  evalue =    -0.608485183076  res = 3e+01
  st =   56  occ = 0.000  evalue =    -0.602262530210  res = 3e+01
  st =   50  occ = 2.000  evalue =    -0.601451882600  res = 3e+01
  st =   57  occ = 0.000  evalue =    -0.586897396013  res = 3e+01
  st =   54  occ = 2.000  evalue =    -0.579634507878  res = 3e+01
  st =   55  occ = 0.000  evalue =    -0.562837453660  res = 3e+01

[2026-04-16 10:39:37.127] [electrons:2wIIMQ] [info] 
SCF iter 4 : wtime =   5.1s e = 721.1412434498 de = -1e+00 dn = 2e+00 dst = 7e-01
  st =    1  occ = 2.000  evalue =    -3.975507829709  res = 2e-01
  st =    2  occ = 2.000  evalue =    -3.960619544926  res = 2e-01
  st =    3  occ = 2.000  evalue =    -3.711080841884  res = 2e-01
  st =    4  occ = 2.000  evalue =    -3.695191238701  res = 3e-01
  st =    6  occ = 2.000  evalue =    -3.578429531936  res = 2e-01
  st =    7  occ = 2.000  evalue =    -3.556604566355  res = 2e-01
  st =    5  occ = 2.000  evalue =    -3.539212275598  res = 1e-01
  st =    9  occ = 2.000  evalue =    -3.398871124753  res = 5e-01
    [output of 38 eigenvalues suppressed,  minres = 2e-01  maxres = 5e-01]
  st =   46  occ = 2.000  evalue =    -1.996419854836  res = 5e-01
  st =   48  occ = 2.000  evalue =    -1.968518087534  res = 6e-01
  st =   51  occ = 2.000  evalue =    -1.940702675377  res = 7e-01
  st =   50  occ = 2.000  evalue =    -1.907435732650  res = 6e-01
  st =   49  occ = 2.000  evalue =    -1.809453017599  res = 5e-01
  st =   53  occ = 2.000  evalue =    -1.680055378504  res = 6e-01
  st =   52  occ = 2.000  evalue =    -1.653096680020  res = 6e-01
  st =   55  occ = 0.000  evalue =    -1.543995640994  res = 9e-01
  st =   54  occ = 2.000  evalue =    -1.322952562980  res = 1e+00
  st =   56  occ = 0.000  evalue =    -1.294592820586  res = 1e+00
  st =   57  occ = 0.000  evalue =    -1.213260798667  res = 2e+00

[2026-04-16 10:39:42.110] [electrons:2wIIMQ] [info] 
SCF iter 5 : wtime =   5.0s e = 728.1357029172 de = -1e-01 dn = 2e+00 dst = 1e+00
  st =    1  occ = 2.000  evalue =    -4.075604155043  res = 2e-01
  st =    2  occ = 2.000  evalue =    -4.067082676183  res = 2e-01
  st =    4  occ = 2.000  evalue =    -3.838662824169  res = 2e-01
  st =    3  occ = 2.000  evalue =    -3.832711317171  res = 3e-02
  st =    5  occ = 2.000  evalue =    -3.664743252817  res = 3e-01
  st =    6  occ = 2.000  evalue =    -3.605279591437  res = 4e-01
  st =    7  occ = 2.000  evalue =    -3.567591290559  res = 3e-01
  st =    8  occ = 2.000  evalue =    -3.556202962613  res = 5e-01
    [output of 29 eigenvalues suppressed,  minres = 1e-01  maxres = 4e+00]
  st =   39  occ = 2.000  evalue =    -2.261757857921  res = 4e+00
  st =   38  occ = 2.000  evalue =    -2.223413947907  res = 2e+00
  st =   40  occ = 2.000  evalue =    -2.153784510660  res = 4e-01
  st =   54  occ = 2.000  evalue =    -2.136844854429  res = 2e+00
  st =   42  occ = 2.000  evalue =    -2.124453462566  res = 1e+00
  st =   41  occ = 2.000  evalue =    -2.124156307917  res = 8e-01
  st =   53  occ = 2.000  evalue =    -2.108301183021  res = 2e+00
  st =   56  occ = 0.000  evalue =    -2.067366080799  res = 2e+00
  st =   43  occ = 2.000  evalue =    -2.057096100642  res = 8e-01
  st =   44  occ = 2.000  evalue =    -2.045228515785  res = 7e-01
  st =   46  occ = 2.000  evalue =    -2.025672722881  res = 3e+00
  st =   45  occ = 2.000  evalue =    -2.015433264232  res = 5e-01
  st =   55  occ = 0.000  evalue =    -1.976079841392  res = 2e+00
  st =   48  occ = 2.000  evalue =    -1.953489554434  res = 7e-01
  st =   47  occ = 2.000  evalue =    -1.924354134738  res = 4e-01
  st =   49  occ = 2.000  evalue =    -1.875036410765  res = 1e+00
  st =   52  occ = 2.000  evalue =    -1.859048878342  res = 2e+00
  st =   51  occ = 2.000  evalue =    -1.849918700665  res = 5e-01
  st =   57  occ = 0.000  evalue =    -1.812427144100  res = 4e-01
  st =   50  occ = 2.000  evalue =    -1.811915589084  res = 6e-01

[2026-04-16 10:39:47.183] [electrons:2wIIMQ] [info] 
SCF iter 6 : wtime =   5.1s e = 729.4818428127 de = -8e-02 dn = 2e+00 dst = 7e-02
  st =    1  occ = 2.000  evalue =    -4.082129441296  res = 2e-04
  st =    2  occ = 2.000  evalue =    -4.074456326233  res = 2e-04
  st =    3  occ = 2.000  evalue =    -3.852856028195  res = 4e-04
  st =    4  occ = 2.000  evalue =    -3.838650848874  res = 2e-02
  st =    5  occ = 2.000  evalue =    -3.677565143488  res = 1e-03
  st =    6  occ = 2.000  evalue =    -3.632543262064  res = 1e-03
  st =    7  occ = 2.000  evalue =    -3.586841931981  res = 8e-04
  st =    8  occ = 2.000  evalue =    -3.576065904302  res = 4e-03
    [output of 39 eigenvalues suppressed,  minres = 1e-03  maxres = 9e-02]
  st =   47  occ = 2.000  evalue =    -2.076348009733  res = 2e-01
  st =   48  occ = 2.000  evalue =    -2.063465066982  res = 2e-01
  st =   49  occ = 2.000  evalue =    -2.047771547777  res = 2e-01
  st =   51  occ = 2.000  evalue =    -1.990565809173  res = 1e-01
  st =   52  occ = 2.000  evalue =    -1.952092791107  res = 2e-01
  st =   53  occ = 2.000  evalue =    -1.933518235350  res = 1e-01
  st =   54  occ = 2.000  evalue =    -1.931496862332  res = 1e-01
  st =   55  occ = 0.000  evalue =    -1.888486583712  res = 1e-01
  st =   56  occ = 0.000  evalue =    -1.843879973166  res = 2e-01
  st =   57  occ = 0.000  evalue =    -1.805921687730  res = 2e-01

[2026-04-16 10:39:52.224] [electrons:2wIIMQ] [info] 
SCF iter 7 : wtime =   5.0s e = 732.6817073719 de = -4e-02 dn = 2e+00 dst = 1e-01
  st =    1  occ = 2.000  evalue =    -4.081956858726  res = 6e-06
  st =    2  occ = 2.000  evalue =    -4.074264493069  res = 8e-06
  st =    3  occ = 2.000  evalue =    -3.853133214870  res = 4e-04
  st =    4  occ = 2.000  evalue =    -3.841617714173  res = 7e-04
  st =    5  occ = 2.000  evalue =    -3.678578241915  res = 3e-05
  st =    6  occ = 2.000  evalue =    -3.633976249081  res = 3e-04
  st =    7  occ = 2.000  evalue =    -3.587205600831  res = 2e-04
  st =    8  occ = 2.000  evalue =    -3.576805005210  res = 1e-03
    [output of 37 eigenvalues suppressed,  minres = 7e-05  maxres = 2e-01]
  st =   46  occ = 2.000  evalue =    -2.234376804341  res = 7e-01
  st =   47  occ = 2.000  evalue =    -2.195656355561  res = 1e+00
  st =   49  occ = 2.000  evalue =    -2.176619051413  res = 1e-01
  st =   48  occ = 2.000  evalue =    -2.152808029747  res = 9e-02
  st =   50  occ = 2.000  evalue =    -2.142342266463  res = 2e-01
  st =   52  occ = 2.000  evalue =    -2.129510779675  res = 1e-01
  st =   51  occ = 2.000  evalue =    -2.124148223265  res = 1e-01
  st =   56  occ = 0.000  evalue =    -2.052441654419  res = 9e-01
  st =   54  occ = 2.000  evalue =    -2.045878178560  res = 9e-02
  st =   53  occ = 2.000  evalue =    -2.024805438627  res = 1e-01
  st =   55  occ = 0.000  evalue =    -1.994972157105  res = 4e-01
  st =   57  occ = 0.000  evalue =    -1.985415863850  res = 1e+00

[2026-04-16 10:39:57.404] [electrons:2wIIMQ] [info] 
SCF iter 8 : wtime =   5.2s e = 733.4745534886 de = -1e-02 dn = 2e+00 dst = 1e-02
  st =    1  occ = 2.000  evalue =    -4.082025113511  res = 2e-07
  st =    2  occ = 2.000  evalue =    -4.074316878131  res = 1e-08
  st =    3  occ = 2.000  evalue =    -3.853262483622  res = 2e-06
  st =    4  occ = 2.000  evalue =    -3.842081750240  res = 2e-05
  st =    5  occ = 2.000  evalue =    -3.678647490556  res = 9e-08
  st =    6  occ = 2.000  evalue =    -3.634086567153  res = 5e-07
  st =    7  occ = 2.000  evalue =    -3.587312476029  res = 3e-07
  st =    8  occ = 2.000  evalue =    -3.576998406775  res = 8e-06
    [output of 39 eigenvalues suppressed,  minres = 3e-07  maxres = 4e-02]
  st =   48  occ = 2.000  evalue =    -2.225493865943  res = 3e-02
  st =   49  occ = 2.000  evalue =    -2.183133165044  res = 2e-02
  st =   50  occ = 2.000  evalue =    -2.173143772141  res = 3e-02
  st =   51  occ = 2.000  evalue =    -2.172996076790  res = 3e-02
  st =   52  occ = 2.000  evalue =    -2.111611991076  res = 2e-02
  st =   53  occ = 2.000  evalue =    -2.084184857655  res = 5e-02
  st =   54  occ = 2.000  evalue =    -2.072984425058  res = 3e-02
  st =   55  occ = 0.000  evalue =    -2.035043818349  res = 4e-02
  st =   56  occ = 0.000  evalue =    -2.034136249717  res = 3e-02
  st =   57  occ = 0.000  evalue =    -2.014441715248  res = 2e-02

[2026-04-16 10:40:02.460] [electrons:2wIIMQ] [info] 
SCF iter 9 : wtime =   5.1s e = 635.8822278629 de =  1e+00 dn = 2e+00 dst = 7e-02
  st =    1  occ = 2.000  evalue =    -2.693109361210  res = 5e-02
  st =    2  occ = 2.000  evalue =    -2.691978997593  res = 5e-02
  st =    3  occ = 2.000  evalue =    -2.496162917533  res = 6e-02
  st =    4  occ = 2.000  evalue =    -2.481884571786  res = 6e-02
  st =    5  occ = 2.000  evalue =    -2.399080641979  res = 6e-02
  st =    7  occ = 2.000  evalue =    -2.365441068490  res = 5e-02
  st =    8  occ = 2.000  evalue =    -2.362390818533  res = 5e-02
  st =    6  occ = 2.000  evalue =    -2.340015053168  res = 5e-02
    [output of 39 eigenvalues suppressed,  minres = 5e-02  maxres = 1e-01]
  st =   47  occ = 2.000  evalue =    -1.125591718477  res = 2e-01
  st =   49  occ = 2.000  evalue =    -1.099034608585  res = 8e-02
  st =   51  occ = 2.000  evalue =    -1.090687423996  res = 1e-01
  st =   50  occ = 2.000  evalue =    -1.072436666964  res = 8e-02
  st =   52  occ = 2.000  evalue =    -1.067276024298  res = 8e-02
  st =   53  occ = 2.000  evalue =    -1.020677747531  res = 1e-01
  st =   54  occ = 2.000  evalue =    -0.998008499398  res = 1e-01
  st =   55  occ = 0.000  evalue =    -0.988129523107  res = 1e-01
  st =   57  occ = 0.000  evalue =    -0.971744770496  res = 1e-01
  st =   56  occ = 0.000  evalue =    -0.963629514157  res = 3e-01

[2026-04-16 10:40:07.401] [electrons:2wIIMQ] [info] 
SCF iter 10 : wtime =   4.9s e = 620.0092073467 de =  6e-02 dn = 2e+00 dst = 2e-02
  st =    1  occ = 2.000  evalue =    -2.649940140551  res = 7e-04
  st =    2  occ = 2.000  evalue =    -2.637007520798  res = 7e-04
  st =    3  occ = 2.000  evalue =    -2.451850308240  res = 7e-04
  st =    4  occ = 2.000  evalue =    -2.428109580637  res = 7e-04
  st =    5  occ = 2.000  evalue =    -2.348847693702  res = 7e-04
  st =    6  occ = 2.000  evalue =    -2.323529547265  res = 7e-04
  st =    7  occ = 2.000  evalue =    -2.314628946053  res = 6e-04
  st =    8  occ = 2.000  evalue =    -2.291875068133  res = 7e-04
    [output of 39 eigenvalues suppressed,  minres = 7e-04  maxres = 2e-01]
  st =   48  occ = 2.000  evalue =    -1.055183141673  res = 9e-03
  st =   49  occ = 2.000  evalue =    -1.041588527805  res = 1e-02
  st =   50  occ = 2.000  evalue =    -1.029755767202  res = 3e-02
  st =   51  occ = 2.000  evalue =    -1.009383230541  res = 5e-02
  st =   52  occ = 2.000  evalue =    -0.989314281904  res = 5e-02
  st =   53  occ = 2.000  evalue =    -0.963494098938  res = 7e-02
  st =   54  occ = 2.000  evalue =    -0.940866350743  res = 3e-02
  st =   55  occ = 0.000  evalue =    -0.937711660586  res = 1e-02
  st =   56  occ = 0.000  evalue =    -0.906572214845  res = 2e-02
  st =   57  occ = 0.000  evalue =    -0.903670360812  res = 1e-02

[2026-04-16 10:40:12.495] [electrons:2wIIMQ] [info] 
SCF iter 11 : wtime =   5.1s e = 518.3997266930 de =  2e+00 dn = 2e+00 dst = 2e-01
  st =    1  occ = 2.000  evalue =    -0.651921941252  res = 2e-01
  st =    2  occ = 2.000  evalue =    -0.618874602380  res = 2e-01
  st =    6  occ = 2.000  evalue =    -0.552167111327  res = 2e-01
  st =    7  occ = 2.000  evalue =    -0.512805433476  res = 2e-01
  st =    3  occ = 2.000  evalue =    -0.500931086250  res = 2e-01
  st =    5  occ = 2.000  evalue =    -0.478617989025  res = 2e-01
  st =    4  occ = 2.000  evalue =    -0.449098868558  res = 2e-01
  st =    8  occ = 2.000  evalue =    -0.414080831134  res = 2e-01
    [output of 37 eigenvalues suppressed,  minres = 1e-01  maxres = 2e-01]
  st =   51  occ = 2.000  evalue =     0.580802552119  res = 2e-01
  st =   44  occ = 2.000  evalue =     0.595781769501  res = 2e-01
  st =   48  occ = 2.000  evalue =     0.598957281027  res = 2e-01
  st =   54  occ = 2.000  evalue =     0.601078348646  res = 2e-01
  st =   47  occ = 2.000  evalue =     0.602920522901  res = 2e-01
  st =   46  occ = 2.000  evalue =     0.604650483703  res = 2e-01
  st =   53  occ = 2.000  evalue =     0.609809446435  res = 2e-01
  st =   56  occ = 0.000  evalue =     0.614159877404  res = 2e-01
  st =   50  occ = 2.000  evalue =     0.628069606894  res = 2e-01
  st =   52  occ = 2.000  evalue =     0.637889461119  res = 2e-01
  st =   55  occ = 0.000  evalue =     0.650638044979  res = 2e-01
  st =   57  occ = 0.000  evalue =     0.675648646697  res = 2e-01

[2026-04-16 10:40:17.407] [electrons:2wIIMQ] [info] 
SCF iter 12 : wtime =   4.9s e = 442.8572790761 de =  2e+00 dn = 1e+00 dst = 5e-01
  st =    3  occ = 2.000  evalue =     1.582768958621  res = 5e-01
  st =    9  occ = 2.000  evalue =     1.629987672804  res = 5e-01
  st =    1  occ = 2.000  evalue =     1.643807539603  res = 5e-01
  st =   10  occ = 2.000  evalue =     1.702548310333  res = 5e-01
  st =    5  occ = 2.000  evalue =     1.714758623365  res = 5e-01
  st =    4  occ = 2.000  evalue =     1.787113919218  res = 5e-01
  st =   12  occ = 2.000  evalue =     1.793239703010  res = 5e-01
  st =    2  occ = 2.000  evalue =     1.821509242834  res = 5e-01
    [output of 39 eigenvalues suppressed,  minres = 5e-01  maxres = 5e-01]
  st =   49  occ = 2.000  evalue =     2.537949861191  res = 6e-01
  st =   52  occ = 2.000  evalue =     2.540182625357  res = 6e-01
  st =   50  occ = 2.000  evalue =     2.593964505055  res = 6e-01
  st =   48  occ = 2.000  evalue =     2.607041506922  res = 5e-01
  st =   51  occ = 2.000  evalue =     2.633397272821  res = 5e-01
  st =   53  occ = 2.000  evalue =     2.668970269050  res = 5e-01
  st =   54  occ = 2.000  evalue =     2.679386120762  res = 6e-01
  st =   55  occ = 0.000  evalue =     2.693376472619  res = 6e-01
  st =   56  occ = 0.000  evalue =     2.740413402284  res = 6e-01
  st =   57  occ = 0.000  evalue =     2.741104515665  res = 6e-01

[2026-04-16 10:40:22.432] [electrons:2wIIMQ] [info] 
SCF iter 13 : wtime =   5.0s e = 405.4287579089 de = -2e-01 dn = 9e-01 dst = 6e-01
  st =    1  occ = 2.000  evalue =     1.323338553863  res = 3e-01
  st =    2  occ = 2.000  evalue =     1.469063282268  res = 3e-01
  st =    4  occ = 2.000  evalue =     1.510681545729  res = 4e-01
  st =    3  occ = 2.000  evalue =     1.529003637842  res = 3e-01
  st =    6  occ = 2.000  evalue =     1.567401245839  res = 4e-01
  st =    5  occ = 2.000  evalue =     1.607943490327  res = 4e-01
  st =    7  occ = 2.000  evalue =     1.610117892414  res = 3e-01
  st =    8  occ = 2.000  evalue =     1.637428631416  res = 4e-01
    [output of 39 eigenvalues suppressed,  minres = 4e-01  maxres = 8e-01]
  st =   47  occ = 2.000  evalue =     2.405492117700  res = 9e-01
  st =   51  occ = 2.000  evalue =     2.414438068439  res = 7e-01
  st =   53  occ = 2.000  evalue =     2.416750823720  res = 8e-01
  st =   46  occ = 2.000  evalue =     2.417086199703  res = 7e-01
  st =   52  occ = 2.000  evalue =     2.430737066923  res = 7e-01
  st =   54  occ = 2.000  evalue =     2.459349030346  res = 7e-01
  st =   45  occ = 2.000  evalue =     2.499585452744  res = 8e-01
  st =   55  occ = 0.000  evalue =     2.532928130149  res = 7e-01
  st =   56  occ = 0.000  evalue =     2.583837054307  res = 7e-01
  st =   57  occ = 0.000  evalue =     2.619446828965  res = 7e-01

[2026-04-16 10:40:27.612] [electrons:2wIIMQ] [info] 
SCF iter 14 : wtime =   5.2s e = 394.7885301523 de = -4e-01 dn = 2e+00 dst = 6e-01
  st =    1  occ = 2.000  evalue =     0.996043188816  res = 2e-01
  st =    2  occ = 2.000  evalue =     1.122141515691  res = 2e-01
  st =    3  occ = 2.000  evalue =     1.138115897977  res = 2e-01
  st =    4  occ = 2.000  evalue =     1.182205934450  res = 2e-01
  st =    5  occ = 2.000  evalue =     1.204651425075  res = 2e-01
  st =    6  occ = 2.000  evalue =     1.236831950186  res = 2e-01
  st =    8  occ = 2.000  evalue =     1.264305840187  res = 3e-01
  st =    7  occ = 2.000  evalue =     1.265587698551  res = 3e-01
    [output of 33 eigenvalues suppressed,  minres = 2e-01  maxres = 9e-01]
  st =   45  occ = 2.000  evalue =     1.787496965493  res = 1e+00
  st =   46  occ = 2.000  evalue =     1.798827515047  res = 1e+00
  st =   42  occ = 2.000  evalue =     1.810739972612  res = 9e-01
  st =   43  occ = 2.000  evalue =     1.811148928666  res = 1e+00
  st =   44  occ = 2.000  evalue =     1.828195026801  res = 1e+00
  st =   48  occ = 2.000  evalue =     1.834467790204  res = 8e-01
  st =   49  occ = 2.000  evalue =     1.835990734441  res = 1e+00
  st =   56  occ = 0.000  evalue =     1.850643381990  res = 1e+00
  st =   50  occ = 2.000  evalue =     1.870848181129  res = 2e+00
  st =   55  occ = 0.000  evalue =     1.881818469471  res = 7e-01
  st =   47  occ = 2.000  evalue =     1.914444161311  res = 1e+00
  st =   52  occ = 2.000  evalue =     1.937444093664  res = 1e+00
  st =   51  occ = 2.000  evalue =     1.988489406844  res = 9e-01
  st =   53  occ = 2.000  evalue =     2.050699646370  res = 1e+00
  st =   54  occ = 2.000  evalue =     2.075947214077  res = 6e-01
  st =   57  occ = 0.000  evalue =     2.275009729882  res = 8e+00

[2026-04-16 10:40:32.721] [electrons:2wIIMQ] [info] 
SCF iter 15 : wtime =   5.1s e = 380.8945956854 de = -1e-02 dn = 2e+00 dst = 7e-02
  st =    1  occ = 2.000  evalue =     1.050533768459  res = 4e-02
  st =    2  occ = 2.000  evalue =     1.185717759114  res = 6e-02
  st =    3  occ = 2.000  evalue =     1.211887356410  res = 4e-02
  st =    4  occ = 2.000  evalue =     1.239744053498  res = 5e-02
  st =    5  occ = 2.000  evalue =     1.272083856427  res = 5e-02
  st =    6  occ = 2.000  evalue =     1.285061198282  res = 5e-02
  st =    7  occ = 2.000  evalue =     1.314129343769  res = 4e-02
  st =    8  occ = 2.000  evalue =     1.334988045201  res = 5e-02
    [output of 12 eigenvalues suppressed,  minres = 4e-02  maxres = 5e-02]
  st =   23  occ = 2.000  evalue =     1.534118632486  res = 5e-02
  st =   19  occ = 2.000  evalue =     1.543672329727  res = 5e-02
  st =   22  occ = 2.000  evalue =     1.548035118641  res = 5e-02
  st =   21  occ = 2.000  evalue =     1.549738846287  res = 6e-02
  st =   25  occ = 2.000  evalue =     1.557831579814  res = 6e-02
  st =   36  occ = 2.000  evalue =     1.564748093306  res = 1e-01
  st =   30  occ = 2.000  evalue =     1.574095708598  res = 8e-02
  st =   57  occ = 0.000  evalue =     1.609947531107  res = 1e-01
  st =   26  occ = 2.000  evalue =     1.615784999033  res = 5e-02
  st =   31  occ = 2.000  evalue =     1.622050588160  res = 7e-02
  st =   28  occ = 2.000  evalue =     1.628891628064  res = 5e-02
  st =   27  occ = 2.000  evalue =     1.644666197531  res = 5e-02
  st =   29  occ = 2.000  evalue =     1.648446267746  res = 5e-02
  st =   33  occ = 2.000  evalue =     1.664001544480  res = 7e-02
  st =   37  occ = 2.000  evalue =     1.696631112830  res = 7e-02
    [output of 14 eigenvalues suppressed,  minres = 5e-02  maxres = 1e-01]
  st =   46  occ = 2.000  evalue =     1.787960524734  res = 1e-01
  st =   51  occ = 2.000  evalue =     1.810012222938  res = 1e-01
  st =   53  occ = 2.000  evalue =     1.825883477427  res = 2e-01
  st =   50  occ = 2.000  evalue =     1.836094829700  res = 9e-02
  st =   52  occ = 2.000  evalue =     1.856073511598  res = 1e-01
  st =   54  occ = 2.000  evalue =     1.882228638952  res = 2e-01
  st =   55  occ = 0.000  evalue =     1.885112419764  res = 2e-01
  st =   56  occ = 0.000  evalue =     1.962170391958  res = 1e-01

[2026-04-16 10:40:37.899] [electrons:2wIIMQ] [info] 
SCF iter 16 : wtime =   5.2s e = 374.5286236235 de = -3e-03 dn = 1e+00 dst = 9e-02
  st =    1  occ = 2.000  evalue =     1.048026991520  res = 1e-02
  st =    2  occ = 2.000  evalue =     1.155710611041  res = 2e-02
  st =    4  occ = 2.000  evalue =     1.213960103416  res = 2e-02
  st =    3  occ = 2.000  evalue =     1.226048518682  res = 2e-02
  st =    5  occ = 2.000  evalue =     1.283188703808  res = 3e-02
  st =    6  occ = 2.000  evalue =     1.287460555642  res = 4e-02
  st =    7  occ = 2.000  evalue =     1.300687623977  res = 3e-02
  st =    9  occ = 2.000  evalue =     1.321228963718  res = 2e-02
    [output of 35 eigenvalues suppressed,  minres = 2e-02  maxres = 2e-01]
  st =   40  occ = 2.000  evalue =     1.745310981430  res = 8e-02
  st =   45  occ = 2.000  evalue =     1.750481239830  res = 2e-01
  st =   46  occ = 2.000  evalue =     1.771021496984  res = 2e-01
  st =   49  occ = 2.000  evalue =     1.783499792688  res = 1e-01
  st =   52  occ = 2.000  evalue =     1.788409269966  res = 3e-01
  st =   47  occ = 2.000  evalue =     1.794244413861  res = 2e-01
  st =   48  occ = 2.000  evalue =     1.803812885090  res = 2e-01
  st =   55  occ = 0.000  evalue =     1.806817154803  res = 3e-01
  st =   50  occ = 2.000  evalue =     1.817542906693  res = 2e-01
  st =   51  occ = 2.000  evalue =     1.830187795227  res = 2e-01
  st =   54  occ = 2.000  evalue =     1.833379404666  res = 5e-01
  st =   57  occ = 0.000  evalue =     1.840985210656  res = 4e-01
  st =   53  occ = 2.000  evalue =     1.848863679939  res = 2e-01
  st =   56  occ = 0.000  evalue =     1.964362611116  res = 8e-02

[2026-04-16 10:40:42.936] [electrons:2wIIMQ] [info] 
SCF iter 17 : wtime =   5.0s e = 377.4991602491 de =  2e-02 dn = 1e+00 dst = 2e-01
  st =    1  occ = 2.000  evalue =     0.873816506831  res = 2e-01
  st =    2  occ = 2.000  evalue =     0.942853453060  res = 2e-01
  st =    3  occ = 2.000  evalue =     0.984644828204  res = 2e-01
  st =    4  occ = 2.000  evalue =     1.043215080788  res = 2e-01
  st =    5  occ = 2.000  evalue =     1.056421308881  res = 2e-01
  st =    6  occ = 2.000  evalue =     1.069410110313  res = 2e-01
  st =    8  occ = 2.000  evalue =     1.121962412714  res = 2e-01
  st =   10  occ = 2.000  evalue =     1.163300919223  res = 2e-01
    [output of 27 eigenvalues suppressed,  minres = 1e-01  maxres = 2e-01]
  st =   40  occ = 2.000  evalue =     1.785945077926  res = 2e-01
  st =   30  occ = 2.000  evalue =     1.788737421973  res = 2e-01
  st =   37  occ = 2.000  evalue =     1.794247871809  res = 2e-01
  st =   31  occ = 2.000  evalue =     1.803569833688  res = 2e-01
  st =   33  occ = 2.000  evalue =     1.816462929213  res = 2e-01
  st =   43  occ = 2.000  evalue =     1.817482600101  res = 2e-01
  st =   45  occ = 2.000  evalue =     1.833800308333  res = 2e-01
  st =   57  occ = 0.000  evalue =     1.835740533163  res = 3e-01
  st =   42  occ = 2.000  evalue =     1.840736425820  res = 2e-01
  st =   41  occ = 2.000  evalue =     1.859531369202  res = 2e-01
  st =   47  occ = 2.000  evalue =     1.869581312876  res = 2e-01
  st =   44  occ = 2.000  evalue =     1.870024771488  res = 2e-01
  st =   51  occ = 2.000  evalue =     1.878726188309  res = 3e-01
  st =   48  occ = 2.000  evalue =     1.879653925094  res = 2e-01
  st =   46  occ = 2.000  evalue =     1.904721708256  res = 2e-01
  st =   49  occ = 2.000  evalue =     1.914573480393  res = 2e-01
  st =   52  occ = 2.000  evalue =     1.927659509418  res = 2e-01
  st =   50  occ = 2.000  evalue =     1.957787219124  res = 2e-01
  st =   53  occ = 2.000  evalue =     1.965478349866  res = 2e-01
  st =   56  occ = 0.000  evalue =     1.999230702632  res = 2e-01
  st =   54  occ = 2.000  evalue =     2.004587860423  res = 2e-01
  st =   55  occ = 0.000  evalue =     2.005738222302  res = 2e-01

[2026-04-16 10:40:47.919] [electrons:2wIIMQ] [info] 
SCF iter 18 : wtime =   5.0s e = 392.6933745141 de = -3e-01 dn = 7e-01 dst = 1e-01
  st =    1  occ = 2.000  evalue =     0.699320250163  res = 5e-03
  st =    2  occ = 2.000  evalue =     0.758917568964  res = 7e-03
  st =    3  occ = 2.000  evalue =     0.780578448483  res = 1e-02
  st =    4  occ = 2.000  evalue =     0.832271623238  res = 5e-03
  st =    5  occ = 2.000  evalue =     0.845015767280  res = 1e-02
  st =    6  occ = 2.000  evalue =     0.860746351333  res = 5e-03
  st =    7  occ = 2.000  evalue =     0.891282752622  res = 7e-03
  st =    8  occ = 2.000  evalue =     0.891930377576  res = 1e-02
    [output of 33 eigenvalues suppressed,  minres = 1e-02  maxres = 4e-01]
  st =   44  occ = 2.000  evalue =     1.563899515641  res = 1e-01
  st =   41  occ = 2.000  evalue =     1.585857462361  res = 1e-01
  st =   40  occ = 2.000  evalue =     1.597374971263  res = 2e-01
  st =   42  occ = 2.000  evalue =     1.598632464471  res = 1e-01
  st =   48  occ = 2.000  evalue =     1.608875996911  res = 4e-01
  st =   52  occ = 2.000  evalue =     1.614273300641  res = 3e-01
  st =   33  occ = 2.000  evalue =     1.623087536843  res = 1e-01
  st =   55  occ = 0.000  evalue =     1.624476500959  res = 1e-01
  st =   53  occ = 2.000  evalue =     1.626010674955  res = 2e-01
  st =   47  occ = 2.000  evalue =     1.628885452120  res = 2e-01
  st =   57  occ = 0.000  evalue =     1.629255675502  res = 1e-01
  st =   34  occ = 2.000  evalue =     1.640084188411  res = 3e-01
  st =   50  occ = 2.000  evalue =     1.642201204896  res = 6e-01
  st =   49  occ = 2.000  evalue =     1.645826770526  res = 2e-01
  st =   56  occ = 0.000  evalue =     1.665698530085  res = 2e-01
  st =   54  occ = 2.000  evalue =     1.713987026951  res = 3e-01

[2026-04-16 10:40:52.892] [electrons:2wIIMQ] [info] 
SCF iter 19 : wtime =   5.0s e = 396.2330432429 de = -2e-01 dn = 8e-01 dst = 3e-02
  st =    1  occ = 2.000  evalue =     0.579320151651  res = 3e-03
  st =    2  occ = 2.000  evalue =     0.619461922137  res = 4e-03
  st =    3  occ = 2.000  evalue =     0.682822442298  res = 3e-03
  st =    4  occ = 2.000  evalue =     0.696824641964  res = 4e-03
  st =    5  occ = 2.000  evalue =     0.714192927130  res = 3e-03
  st =    7  occ = 2.000  evalue =     0.729963248272  res = 4e-03
  st =    6  occ = 2.000  evalue =     0.750347243339  res = 4e-03
  st =    8  occ = 2.000  evalue =     0.791935600996  res = 4e-03
    [output of 27 eigenvalues suppressed,  minres = 3e-03  maxres = 2e-01]
  st =   35  occ = 2.000  evalue =     1.336911569185  res = 6e-02
  st =   37  occ = 2.000  evalue =     1.342965608471  res = 9e-03
  st =   40  occ = 2.000  evalue =     1.343457408967  res = 2e-02
  st =   43  occ = 2.000  evalue =     1.357255383558  res = 4e-02
  st =   52  occ = 2.000  evalue =     1.365342075172  res = 9e-02
  st =   41  occ = 2.000  evalue =     1.367857480864  res = 4e-02
  st =   44  occ = 2.000  evalue =     1.376048600042  res = 3e-02
  st =   55  occ = 0.000  evalue =     1.384853301363  res = 4e-02
  st =   51  occ = 2.000  evalue =     1.385155503640  res = 3e-02
  st =   39  occ = 2.000  evalue =     1.390108099005  res = 2e-02
  st =   38  occ = 2.000  evalue =     1.392196401564  res = 2e-02
  st =   42  occ = 2.000  evalue =     1.394790113946  res = 8e-03
  st =   45  occ = 2.000  evalue =     1.397699457306  res = 2e-02
  st =   46  occ = 2.000  evalue =     1.402931666082  res = 3e-02
  st =   54  occ = 2.000  evalue =     1.403509071212  res = 6e-02
  st =   56  occ = 0.000  evalue =     1.408184534792  res = 1e-01
  st =   47  occ = 2.000  evalue =     1.433978287607  res = 7e-02
  st =   53  occ = 2.000  evalue =     1.438352449920  res = 5e-02
  st =   49  occ = 2.000  evalue =     1.446541254935  res = 5e-02
  st =   48  occ = 2.000  evalue =     1.451352626973  res = 5e-02
  st =   50  occ = 2.000  evalue =     1.451563420100  res = 1e-01
  st =   57  occ = 0.000  evalue =     1.453330991082  res = 6e-02

[2026-04-16 10:40:57.841] [electrons:2wIIMQ] [info] 
SCF iter 20 : wtime =   4.9s e = 398.2706072631 de = -9e-03 dn = 8e-01 dst = 6e-03
  st =    1  occ = 2.000  evalue =     0.574221075480  res = 3e-04
  st =    2  occ = 2.000  evalue =     0.616717571674  res = 3e-04
  st =    3  occ = 2.000  evalue =     0.683082606428  res = 3e-04
  st =    4  occ = 2.000  evalue =     0.685890282902  res = 4e-04
  st =    6  occ = 2.000  evalue =     0.713709812875  res = 3e-04
  st =    5  occ = 2.000  evalue =     0.719884772020  res = 3e-04
  st =    7  occ = 2.000  evalue =     0.740355460802  res = 4e-04
  st =    9  occ = 2.000  evalue =     0.780564181965  res = 5e-04
    [output of 39 eigenvalues suppressed,  minres = 4e-04  maxres = 1e-02]
  st =   49  occ = 2.000  evalue =     1.411530330115  res = 8e-03
  st =   48  occ = 2.000  evalue =     1.413244320308  res = 5e-02
  st =   46  occ = 2.000  evalue =     1.413831134345  res = 7e-03
  st =   52  occ = 2.000  evalue =     1.423305014231  res = 8e-03
  st =   53  occ = 2.000  evalue =     1.437243318380  res = 2e-02
  st =   51  occ = 2.000  evalue =     1.440997634458  res = 7e-03
  st =   54  occ = 2.000  evalue =     1.462366377277  res = 8e-03
  st =   55  occ = 0.000  evalue =     1.478464851477  res = 5e-03
  st =   56  occ = 0.000  evalue =     1.500882953472  res = 1e-02
  st =   57  occ = 0.000  evalue =     1.511886355479  res = 1e-02

[2026-04-16 10:41:02.911] [electrons:2wIIMQ] [info] 
SCF iter 21 : wtime =   5.1s e = 397.6506295778 de =  2e-01 dn = 8e-01 dst = 2e-02
  st =    1  occ = 2.000  evalue =     0.766831261677  res = 3e-03
  st =    2  occ = 2.000  evalue =     0.812924977927  res = 4e-03
  st =    3  occ = 2.000  evalue =     0.863905159427  res = 4e-03
  st =    4  occ = 2.000  evalue =     0.866318256285  res = 3e-03
  st =    5  occ = 2.000  evalue =     0.894738870310  res = 3e-03
  st =    7  occ = 2.000  evalue =     0.910562294229  res = 3e-03
  st =    6  occ = 2.000  evalue =     0.917924175908  res = 4e-03
  st =    9  occ = 2.000  evalue =     0.953231223575  res = 3e-03
    [output of 36 eigenvalues suppressed,  minres = 3e-03  maxres = 7e-02]
  st =   45  occ = 2.000  evalue =     1.560777658755  res = 3e-02
  st =   48  occ = 2.000  evalue =     1.563661129509  res = 3e-02
  st =   44  occ = 2.000  evalue =     1.567951490287  res = 1e-02
  st =   47  occ = 2.000  evalue =     1.568246708528  res = 1e-01
  st =   49  occ = 2.000  evalue =     1.572308106624  res = 7e-03
  st =   50  occ = 2.000  evalue =     1.580045870237  res = 8e-03
  st =   51  occ = 2.000  evalue =     1.582323083636  res = 1e-01
  st =   55  occ = 0.000  evalue =     1.604279037767  res = 2e-02
  st =   53  occ = 2.000  evalue =     1.605962612022  res = 8e-02
  st =   52  occ = 2.000  evalue =     1.607138874249  res = 4e-02
  st =   54  occ = 2.000  evalue =     1.617946218476  res = 5e-02
  st =   56  occ = 0.000  evalue =     1.622268646893  res = 1e-01
  st =   57  occ = 0.000  evalue =     1.643106601853  res = 9e-02

[2026-04-16 10:41:07.962] [electrons:2wIIMQ] [info] 
SCF iter 22 : wtime =   5.1s e = 398.4699302866 de =  2e-01 dn = 7e-01 dst = 2e-02
  st =    1  occ = 2.000  evalue =     0.936498340397  res = 4e-03
  st =    2  occ = 2.000  evalue =     0.982546150970  res = 5e-03
  st =    3  occ = 2.000  evalue =     1.021478081089  res = 4e-03
  st =    4  occ = 2.000  evalue =     1.030309772040  res = 5e-03
  st =    5  occ = 2.000  evalue =     1.048524485649  res = 4e-03
  st =    6  occ = 2.000  evalue =     1.061601769764  res = 4e-03
  st =    7  occ = 2.000  evalue =     1.100996140046  res = 6e-03
  st =    8  occ = 2.000  evalue =     1.107144380320  res = 5e-03
    [output of 14 eigenvalues suppressed,  minres = 4e-03  maxres = 5e-03]
  st =   24  occ = 2.000  evalue =     1.520779367077  res = 7e-03
  st =   25  occ = 2.000  evalue =     1.535420086512  res = 4e-02
  st =   26  occ = 2.000  evalue =     1.558191107153  res = 1e-02
  st =   27  occ = 2.000  evalue =     1.568585096421  res = 1e-02
  st =   23  occ = 2.000  evalue =     1.580709520559  res = 3e-02
  st =   28  occ = 2.000  evalue =     1.609129846497  res = 3e-02
  st =   30  occ = 2.000  evalue =     1.611905803362  res = 1e-02
  st =   57  occ = 0.000  evalue =     1.618708662854  res = 1e-01
  st =   29  occ = 2.000  evalue =     1.625184738409  res = 1e-02
  st =   31  occ = 2.000  evalue =     1.627658448440  res = 2e-02
  st =   34  occ = 2.000  evalue =     1.646320477169  res = 1e-02
  st =   44  occ = 2.000  evalue =     1.650507107144  res = 6e-02
  st =   37  occ = 2.000  evalue =     1.650748601904  res = 3e-02
  st =   33  occ = 2.000  evalue =     1.655901100825  res = 7e-02
  st =   41  occ = 2.000  evalue =     1.656581447482  res = 5e-02
    [output of 12 eigenvalues suppressed,  minres = 1e-02  maxres = 3e-02]
  st =   53  occ = 2.000  evalue =     1.754125964576  res = 4e-02
  st =   47  occ = 2.000  evalue =     1.754389006953  res = 2e-02
  st =   48  occ = 2.000  evalue =     1.756688280723  res = 2e-02
  st =   49  occ = 2.000  evalue =     1.758101532139  res = 2e-02
  st =   51  occ = 2.000  evalue =     1.770245589890  res = 6e-02
  st =   55  occ = 0.000  evalue =     1.800140936825  res = 2e-02
  st =   54  occ = 2.000  evalue =     1.811145813162  res = 2e-02
  st =   56  occ = 0.000  evalue =     1.836942593163  res = 2e-02

[2026-04-16 10:41:13.133] [electrons:2wIIMQ] [info] 
SCF iter 23 : wtime =   5.1s e = 403.7903751030 de =  2e-02 dn = 6e-01 dst = 1e+00
  st =    1  occ = 2.000  evalue =     0.908693199303  res = 7e-04
  st =    2  occ = 2.000  evalue =     0.949356547952  res = 6e-04
  st =    3  occ = 2.000  evalue =     1.002650008405  res = 1e-03
  st =    4  occ = 2.000  evalue =     1.011309272463  res = 7e-04
  st =    5  occ = 2.000  evalue =     1.029916592118  res = 7e-04
  st =    6  occ = 2.000  evalue =     1.050756785029  res = 1e-03
  st =    7  occ = 2.000  evalue =     1.067755363802  res = 7e-04
  st =    8  occ = 2.000  evalue =     1.082653411100  res = 9e-04
    [output of 25 eigenvalues suppressed,  minres = 7e-04  maxres = 8e-02]
  st =   36  occ = 2.000  evalue =     1.645116349796  res = 1e+00
  st =   35  occ = 2.000  evalue =     1.652677179569  res = 1e+00
  st =   31  occ = 2.000  evalue =     1.659171035769  res = 3e+00
  st =   30  occ = 2.000  evalue =     1.667538174349  res = 2e+00
  st =   28  occ = 2.000  evalue =     1.670530854237  res = 2e+00
  st =   29  occ = 2.000  evalue =     1.704415369679  res = 4e+00
  st =   44  occ = 2.000  evalue =     1.705243724376  res = 5e-01
  st =   56  occ = 0.000  evalue =     1.756368941885  res = 4e-01
  st =   54  occ = 2.000  evalue =     1.759892864237  res = 3e-01
  st =   37  occ = 2.000  evalue =     1.760053295434  res = 2e+00
  st =   55  occ = 0.000  evalue =     1.775000250872  res = 6e-01
  st =   39  occ = 2.000  evalue =     1.776042446135  res = 2e+00
  st =   53  occ = 2.000  evalue =     1.802931306882  res = 1e+00
  st =   47  occ = 2.000  evalue =     1.803692078522  res = 3e+00
  st =   43  occ = 2.000  evalue =     1.815468286510  res = 6e+00
    [output of 1 eigenvalues suppressed,  minres = 2e+00  maxres = 2e+00]
  st =   48  occ = 2.000  evalue =     1.914155734018  res = 3e+00
  st =   46  occ = 2.000  evalue =     1.935758195680  res = 5e+00
  st =   50  occ = 2.000  evalue =     1.946629029560  res = 3e+00
  st =   57  occ = 0.000  evalue =     1.947497970751  res = 5e+00
  st =   38  occ = 2.000  evalue =     2.008530123064  res = 5e+00
  st =   45  occ = 2.000  evalue =     2.076746499615  res = 7e+00
  st =   49  occ = 2.000  evalue =     2.218449688847  res = 5e+00
  st =   52  occ = 2.000  evalue =     2.322875383048  res = 6e+00

[2026-04-16 10:41:18.110] [electrons:2wIIMQ] [info] 
SCF iter 24 : wtime =   5.0s e = 389.5224370206 de = -1e-01 dn = 6e-01 dst = 4e-02
  st =    1  occ = 2.000  evalue =     0.886442048925  res = 3e-04
  st =    2  occ = 2.000  evalue =     0.930920992908  res = 3e-04
  st =    3  occ = 2.000  evalue =     0.973367084754  res = 9e-03
  st =    4  occ = 2.000  evalue =     0.986232770635  res = 4e-04
  st =    5  occ = 2.000  evalue =     0.996684839665  res = 4e-04
  st =    6  occ = 2.000  evalue =     1.017968004590  res = 4e-04
  st =    7  occ = 2.000  evalue =     1.029202019196  res = 8e-03
  st =    8  occ = 2.000  evalue =     1.037764560843  res = 5e-04
    [output of 15 eigenvalues suppressed,  minres = 3e-04  maxres = 3e-02]
  st =   22  occ = 2.000  evalue =     1.320156373239  res = 6e-04
  st =   23  occ = 2.000  evalue =     1.366145456437  res = 9e-04
  st =   24  occ = 2.000  evalue =     1.368619527929  res = 1e-03
  st =   26  occ = 2.000  evalue =     1.401621150337  res = 1e-03
  st =   28  occ = 2.000  evalue =     1.418056165452  res = 2e-02
  st =   34  occ = 2.000  evalue =     1.428605806459  res = 6e-02
  st =   30  occ = 2.000  evalue =     1.431009406610  res = 3e-02
  st =   56  occ = 0.000  evalue =     1.437767394375  res = 3e-01
  st =   57  occ = 0.000  evalue =     1.442457814745  res = 7e-01
  st =   33  occ = 2.000  evalue =     1.450002118108  res = 9e-02
  st =   29  occ = 2.000  evalue =     1.476502100794  res = 1e-03
  st =   32  occ = 2.000  evalue =     1.482316142456  res = 2e-02
  st =   31  occ = 2.000  evalue =     1.491481022316  res = 5e-03
  st =   35  occ = 2.000  evalue =     1.501853868021  res = 4e-02
  st =   55  occ = 0.000  evalue =     1.536499319074  res = 8e-02
    [output of 11 eigenvalues suppressed,  minres = 1e-02  maxres = 2e-01]
  st =   40  occ = 2.000  evalue =     1.600734602197  res = 1e-02
  st =   44  occ = 2.000  evalue =     1.602821937089  res = 8e-02
  st =   50  occ = 2.000  evalue =     1.618518057226  res = 4e-01
  st =   45  occ = 2.000  evalue =     1.620623179080  res = 6e-02
  st =   46  occ = 2.000  evalue =     1.636511093884  res = 1e-01
  st =   49  occ = 2.000  evalue =     1.637860619520  res = 1e-01
  st =   48  occ = 2.000  evalue =     1.638877006990  res = 2e-01
  st =   47  occ = 2.000  evalue =     1.683558542709  res = 3e-02

[2026-04-16 10:41:23.187] [electrons:2wIIMQ] [info] 
SCF iter 25 : wtime =   5.1s e = 385.8019999761 de = -3e-02 dn = 7e-01 dst = 1e-02
  st =    1  occ = 2.000  evalue =     0.915005613405  res = 2e-04
  st =    3  occ = 2.000  evalue =     0.932495118209  res = 2e-02
  st =    2  occ = 2.000  evalue =     0.963479721827  res = 2e-04
  st =    6  occ = 2.000  evalue =     0.972255897402  res = 2e-03
  st =    4  occ = 2.000  evalue =     1.016041048853  res = 2e-04
  st =    5  occ = 2.000  evalue =     1.020483923023  res = 2e-04
  st =   11  occ = 2.000  evalue =     1.029794305028  res = 4e-03
  st =    7  occ = 2.000  evalue =     1.053364196642  res = 2e-04
    [output of 36 eigenvalues suppressed,  minres = 2e-04  maxres = 6e-02]
  st =   43  occ = 2.000  evalue =     1.529683892252  res = 2e-02
  st =   49  occ = 2.000  evalue =     1.562778569101  res = 3e-02
  st =   47  occ = 2.000  evalue =     1.568950163366  res = 3e-02
  st =   48  occ = 2.000  evalue =     1.572902663042  res = 4e-02
  st =   46  occ = 2.000  evalue =     1.583128082179  res = 2e-02
  st =   51  occ = 2.000  evalue =     1.600785291275  res = 3e-02
  st =   50  occ = 2.000  evalue =     1.628486693744  res = 1e-02
  st =   55  occ = 0.000  evalue =     1.629391419490  res = 3e-02
  st =   54  occ = 2.000  evalue =     1.631108692057  res = 3e-02
  st =   52  occ = 2.000  evalue =     1.633340693262  res = 3e-02
  st =   53  occ = 2.000  evalue =     1.639546585137  res = 2e-02
  st =   56  occ = 0.000  evalue =     1.663326053811  res = 3e-02
  st =   57  occ = 0.000  evalue =     1.692737432401  res = 2e-02

[2026-04-16 10:41:28.311] [electrons:2wIIMQ] [info] 
SCF iter 26 : wtime =   5.1s e = 381.9518101410 de = -6e-02 dn = 8e-01 dst = 1e-01
  st =    1  occ = 2.000  evalue =     0.850235237359  res = 1e-03
  st =    4  occ = 2.000  evalue =     0.906077759784  res = 1e-03
  st =    5  occ = 2.000  evalue =     0.947078183216  res = 1e-03
  st =    6  occ = 2.000  evalue =     0.954711233058  res = 2e-03
  st =    2  occ = 2.000  evalue =     0.966123944300  res = 4e-04
  st =    8  occ = 2.000  evalue =     0.992979263485  res = 1e-03
  st =    9  occ = 2.000  evalue =     0.994775908049  res = 2e-03
  st =    3  occ = 2.000  evalue =     1.000454995243  res = 3e-04
    [output of 32 eigenvalues suppressed,  minres = 1e-03  maxres = 4e-03]
  st =   39  occ = 2.000  evalue =     1.450502048856  res = 5e-03
  st =   36  occ = 2.000  evalue =     1.454243569112  res = 1e-01
  st =   40  occ = 2.000  evalue =     1.459158569764  res = 2e-02
  st =   44  occ = 2.000  evalue =     1.459517138672  res = 7e-02
  st =   37  occ = 2.000  evalue =     1.467010865120  res = 8e-03
  st =   45  occ = 2.000  evalue =     1.493791464097  res = 1e-02
  st =   43  occ = 2.000  evalue =     1.497905492274  res = 2e-02
  st =   55  occ = 0.000  evalue =     1.498426134962  res = 1e+00
  st =   52  occ = 2.000  evalue =     1.519572436495  res = 5e-01
  st =   54  occ = 2.000  evalue =     1.522653970436  res = 1e+00
  st =   48  occ = 2.000  evalue =     1.532255956451  res = 2e-02
  st =   47  occ = 2.000  evalue =     1.543649674551  res = 9e-01
  st =   51  occ = 2.000  evalue =     1.578827423497  res = 3e-01
  st =   53  occ = 2.000  evalue =     1.582924590543  res = 2e-02
  st =   57  occ = 0.000  evalue =     1.586349720845  res = 1e-01
  st =   50  occ = 2.000  evalue =     1.591799632151  res = 2e+00
  st =   56  occ = 0.000  evalue =     1.591897346954  res = 2e-02

[2026-04-16 10:41:33.261] [electrons:2wIIMQ] [info] 
SCF iter 27 : wtime =   5.0s e = 377.6211278618 de = -5e-02 dn = 8e-01 dst = 8e-03
  st =    1  occ = 2.000  evalue =     0.753547164009  res = 1e-03
  st =    2  occ = 2.000  evalue =     0.832443866470  res = 8e-04
  st =    3  occ = 2.000  evalue =     0.845286691035  res = 9e-04
  st =    4  occ = 2.000  evalue =     0.865974178570  res = 8e-04
  st =    6  occ = 2.000  evalue =     0.901335664912  res = 8e-04
  st =    7  occ = 2.000  evalue =     0.917012056195  res = 8e-04
  st =    9  occ = 2.000  evalue =     0.942174785994  res = 8e-04
  st =   10  occ = 2.000  evalue =     0.946692241917  res = 9e-04
    [output of 33 eigenvalues suppressed,  minres = 5e-04  maxres = 3e-03]
  st =   42  occ = 2.000  evalue =     1.373394546437  res = 2e-02
  st =   40  occ = 2.000  evalue =     1.374604748664  res = 2e-02
  st =   44  occ = 2.000  evalue =     1.386681648765  res = 6e-03
  st =   45  occ = 2.000  evalue =     1.396830937613  res = 2e-02
  st =   46  occ = 2.000  evalue =     1.415338270425  res = 2e-02
  st =   48  occ = 2.000  evalue =     1.420842412917  res = 1e-02
  st =   47  occ = 2.000  evalue =     1.421665183929  res = 2e-02
  st =   56  occ = 0.000  evalue =     1.424401783763  res = 2e-02
  st =   49  occ = 2.000  evalue =     1.440496229614  res = 8e-02
  st =   57  occ = 0.000  evalue =     1.446343786551  res = 3e-01
  st =   50  occ = 2.000  evalue =     1.462404711246  res = 9e-03
  st =   51  occ = 2.000  evalue =     1.463245509986  res = 1e-02
  st =   52  occ = 2.000  evalue =     1.467757138231  res = 2e-02
  st =   53  occ = 2.000  evalue =     1.489040938417  res = 1e-02
  st =   54  occ = 2.000  evalue =     1.493366022092  res = 4e-02
  st =   55  occ = 0.000  evalue =     1.498472692456  res = 2e-02

[2026-04-16 10:41:38.382] [electrons:2wIIMQ] [info] 
SCF iter 28 : wtime =   5.1s e = 373.1187980174 de = -1e-02 dn = 7e-01 dst = 1e-02
  st =    1  occ = 2.000  evalue =     0.673814763696  res = 6e-04
  st =    2  occ = 2.000  evalue =     0.753421993052  res = 9e-04
  st =    3  occ = 2.000  evalue =     0.764514777170  res = 1e-03
  st =    4  occ = 2.000  evalue =     0.795876056225  res = 1e-03
  st =    5  occ = 2.000  evalue =     0.823156670367  res = 2e-03
  st =    6  occ = 2.000  evalue =     0.851211523867  res = 2e-03
  st =    7  occ = 2.000  evalue =     0.869129498431  res = 1e-03
  st =    8  occ = 2.000  evalue =     0.871116879764  res = 1e-03
    [output of 38 eigenvalues suppressed,  minres = 5e-04  maxres = 1e-02]
  st =   35  occ = 2.000  evalue =     1.394255856545  res = 6e-03
  st =   32  occ = 2.000  evalue =     1.396849480137  res = 4e-03
  st =   31  occ = 2.000  evalue =     1.397819927319  res = 5e-03
  st =   54  occ = 2.000  evalue =     1.400576647004  res = 5e-03
  st =   37  occ = 2.000  evalue =     1.404666448195  res = 6e-03
  st =   33  occ = 2.000  evalue =     1.405249694230  res = 5e-03
  st =   53  occ = 2.000  evalue =     1.405328116528  res = 3e-01
  st =   56  occ = 0.000  evalue =     1.412618203580  res = 7e-03
  st =   36  occ = 2.000  evalue =     1.414801623258  res = 7e-03
  st =   57  occ = 0.000  evalue =     1.422308548895  res = 1e-02
  st =   55  occ = 0.000  evalue =     1.427433181978  res = 6e-02

[2026-04-16 10:41:43.406] [electrons:2wIIMQ] [info] 
SCF iter 29 : wtime =   5.1s e = 371.6078271982 de = -2e-02 dn = 5e-01 dst = 4e-03
  st =    1  occ = 2.000  evalue =     0.652273875903  res = 1e-04
  st =    2  occ = 2.000  evalue =     0.715009724685  res = 2e-04
  st =    3  occ = 2.000  evalue =     0.735124145993  res = 1e-04
  st =    4  occ = 2.000  evalue =     0.768649804615  res = 2e-04
  st =    5  occ = 2.000  evalue =     0.792988087186  res = 1e-04
  st =    6  occ = 2.000  evalue =     0.806375192822  res = 2e-04
  st =    7  occ = 2.000  evalue =     0.838424724315  res = 2e-04
  st =    8  occ = 2.000  evalue =     0.842332908745  res = 2e-04
    [output of 37 eigenvalues suppressed,  minres = 2e-04  maxres = 6e-03]
  st =   52  occ = 2.000  evalue =     1.399833540259  res = 4e-02
  st =   46  occ = 2.000  evalue =     1.400297237128  res = 4e-03
  st =   49  occ = 2.000  evalue =     1.401585212739  res = 7e-03
  st =   45  occ = 2.000  evalue =     1.402848242188  res = 3e-03
  st =   48  occ = 2.000  evalue =     1.405161110723  res = 5e-03
  st =   51  occ = 2.000  evalue =     1.409439956390  res = 5e-03
  st =   53  occ = 2.000  evalue =     1.414008099276  res = 1e-02
  st =   55  occ = 0.000  evalue =     1.416314865796  res = 6e-03
  st =   50  occ = 2.000  evalue =     1.418236935675  res = 4e-03
  st =   56  occ = 0.000  evalue =     1.429476086074  res = 5e-03
  st =   57  occ = 0.000  evalue =     1.434284228977  res = 5e-03
  st =   54  occ = 2.000  evalue =     1.437136233515  res = 8e-03

[2026-04-16 10:41:48.452] [electrons:2wIIMQ] [info] 
SCF iter 30 : wtime =   5.0s e = 372.2003028839 de = -2e-02 dn = 4e-01 dst = 8e-03
  st =    1  occ = 2.000  evalue =     0.631661049947  res = 3e-04
  st =    2  occ = 2.000  evalue =     0.682218109788  res = 4e-04
  st =    3  occ = 2.000  evalue =     0.709144251605  res = 4e-04
  st =    4  occ = 2.000  evalue =     0.743950660056  res = 4e-04
  st =    6  occ = 2.000  evalue =     0.764205722100  res = 6e-04
  st =    5  occ = 2.000  evalue =     0.764573004774  res = 4e-04
  st =    7  occ = 2.000  evalue =     0.809073340230  res = 4e-04
  st =    8  occ = 2.000  evalue =     0.815379993199  res = 4e-04
    [output of 39 eigenvalues suppressed,  minres = 2e-04  maxres = 3e-03]
  st =   51  occ = 2.000  evalue =     1.389272431097  res = 6e-02
  st =   48  occ = 2.000  evalue =     1.393412500541  res = 7e-03
  st =   47  occ = 2.000  evalue =     1.394170930706  res = 3e-02
  st =   50  occ = 2.000  evalue =     1.396112503341  res = 8e-02
  st =   49  occ = 2.000  evalue =     1.396538210392  res = 3e-03
  st =   53  occ = 2.000  evalue =     1.405799970282  res = 9e-03
  st =   52  occ = 2.000  evalue =     1.411613083633  res = 5e-03
  st =   55  occ = 0.000  evalue =     1.414006871172  res = 6e-03
  st =   56  occ = 0.000  evalue =     1.428964851825  res = 1e-02
  st =   57  occ = 0.000  evalue =     1.433600455563  res = 3e-02

[2026-04-16 10:41:53.564] [electrons:2wIIMQ] [info] 
SCF iter 31 : wtime =   5.1s e = 372.9021501953 de = -2e-02 dn = 3e-01 dst = 3e-03
  st =    1  occ = 2.000  evalue =     0.612273845684  res = 2e-04
  st =    2  occ = 2.000  evalue =     0.638680633308  res = 4e-04
  st =    3  occ = 2.000  evalue =     0.687055505264  res = 2e-04
  st =    5  occ = 2.000  evalue =     0.709825136899  res = 8e-04
  st =    4  occ = 2.000  evalue =     0.717211201399  res = 3e-04
  st =    6  occ = 2.000  evalue =     0.734566890532  res = 6e-04
  st =    7  occ = 2.000  evalue =     0.766152383533  res = 5e-04
  st =    9  occ = 2.000  evalue =     0.774621309683  res = 9e-04
    [output of 38 eigenvalues suppressed,  minres = 2e-04  maxres = 3e-03]
  st =   42  occ = 2.000  evalue =     1.381914660407  res = 5e-03
  st =   41  occ = 2.000  evalue =     1.388931020774  res = 3e-03
  st =   50  occ = 2.000  evalue =     1.396152356947  res = 4e-03
  st =   49  occ = 2.000  evalue =     1.396193691521  res = 3e-03
  st =   51  occ = 2.000  evalue =     1.399621036417  res = 4e-03
  st =   54  occ = 2.000  evalue =     1.410770146778  res = 4e-03
  st =   52  occ = 2.000  evalue =     1.413573330029  res = 3e-03
  st =   57  occ = 0.000  evalue =     1.419904503113  res = 6e-03
  st =   53  occ = 2.000  evalue =     1.421014978592  res = 3e-03
  st =   56  occ = 0.000  evalue =     1.422213250443  res = 8e-03
  st =   55  occ = 0.000  evalue =     1.425901111797  res = 3e-03

[2026-04-16 10:41:58.795] [electrons:2wIIMQ] [info] 
SCF iter 32 : wtime =   5.2s e = 373.5450786748 de = -1e-02 dn = 3e-01 dst = 7e-03
  st =    1  occ = 2.000  evalue =     0.604395005787  res = 1e-04
  st =    2  occ = 2.000  evalue =     0.625908762316  res = 1e-04
  st =    3  occ = 2.000  evalue =     0.675531792680  res = 1e-04
  st =    4  occ = 2.000  evalue =     0.688535405133  res = 2e-04
  st =    5  occ = 2.000  evalue =     0.707122285726  res = 9e-05
  st =    6  occ = 2.000  evalue =     0.726579294171  res = 1e-04
  st =    7  occ = 2.000  evalue =     0.749205297465  res = 2e-04
  st =    8  occ = 2.000  evalue =     0.762316710416  res = 3e-04
    [output of 38 eigenvalues suppressed,  minres = 1e-04  maxres = 1e-01]
  st =   46  occ = 2.000  evalue =     1.385199299390  res = 1e-02
  st =   47  occ = 2.000  evalue =     1.393124626664  res = 4e-02
  st =   48  occ = 2.000  evalue =     1.396949693781  res = 1e-02
  st =   49  occ = 2.000  evalue =     1.399990154530  res = 3e-03
  st =   51  occ = 2.000  evalue =     1.404338865331  res = 1e-02
  st =   50  occ = 2.000  evalue =     1.409721390081  res = 7e-03
  st =   53  occ = 2.000  evalue =     1.421055150208  res = 6e-03
  st =   55  occ = 0.000  evalue =     1.421606629565  res = 9e-02
  st =   52  occ = 2.000  evalue =     1.428199410546  res = 2e-03
  st =   56  occ = 0.000  evalue =     1.434804231213  res = 5e-03
  st =   57  occ = 0.000  evalue =     1.435524017392  res = 6e-03

[2026-04-16 10:42:03.915] [electrons:2wIIMQ] [info] 
SCF iter 33 : wtime =   5.1s e = 373.3323532269 de = -2e-02 dn = 2e-01 dst = 2e-03
  st =    1  occ = 2.000  evalue =     0.570747107732  res = 6e-05
  st =    2  occ = 2.000  evalue =     0.592171998859  res = 5e-05
  st =    3  occ = 2.000  evalue =     0.638878650014  res = 7e-05
  st =    4  occ = 2.000  evalue =     0.653710564410  res = 6e-05
  st =    5  occ = 2.000  evalue =     0.672710426102  res = 6e-05
  st =    6  occ = 2.000  evalue =     0.690185062685  res = 1e-04
  st =    7  occ = 2.000  evalue =     0.715421596489  res = 6e-05
  st =    8  occ = 2.000  evalue =     0.731196157252  res = 8e-05
    [output of 39 eigenvalues suppressed,  minres = 7e-05  maxres = 3e-03]
  st =   48  occ = 2.000  evalue =     1.404158171907  res = 4e-03
  st =   49  occ = 2.000  evalue =     1.409847843737  res = 3e-03
  st =   50  occ = 2.000  evalue =     1.420349639280  res = 4e-03
  st =   51  occ = 2.000  evalue =     1.425138658541  res = 3e-03
  st =   53  occ = 2.000  evalue =     1.434324354325  res = 9e-03
  st =   52  occ = 2.000  evalue =     1.435024320911  res = 3e-03
  st =   54  occ = 2.000  evalue =     1.447179722819  res = 4e-03
  st =   55  occ = 0.000  evalue =     1.455696717949  res = 3e-03
  st =   56  occ = 0.000  evalue =     1.459802446280  res = 4e-03
  st =   57  occ = 0.000  evalue =     1.462899161927  res = 4e-03

[2026-04-16 10:42:08.854] [electrons:2wIIMQ] [info] 
SCF iter 34 : wtime =   4.9s e = 374.0724865734 de = -6e-03 dn = 2e-01 dst = 1e-02
  st =    1  occ = 2.000  evalue =     0.570791645246  res = 1e-04
  st =    2  occ = 2.000  evalue =     0.603349137373  res = 1e-04
  st =    3  occ = 2.000  evalue =     0.639378245939  res = 1e-04
  st =    4  occ = 2.000  evalue =     0.664131313516  res = 2e-04
  st =    5  occ = 2.000  evalue =     0.673496671040  res = 7e-05
  st =    6  occ = 2.000  evalue =     0.690482940187  res = 1e-04
  st =    7  occ = 2.000  evalue =     0.726683507016  res = 1e-04
  st =    9  occ = 2.000  evalue =     0.738799064298  res = 7e-05
    [output of 39 eigenvalues suppressed,  minres = 8e-05  maxres = 1e-02]
  st =   47  occ = 2.000  evalue =     1.384365591341  res = 1e-02
  st =   50  occ = 2.000  evalue =     1.384805630992  res = 1e-01
  st =   52  occ = 2.000  evalue =     1.385845356251  res = 9e-02
  st =   49  occ = 2.000  evalue =     1.397507607367  res = 6e-03
  st =   51  occ = 2.000  evalue =     1.398281442721  res = 9e-02
  st =   53  occ = 2.000  evalue =     1.407125544657  res = 6e-03
  st =   54  occ = 2.000  evalue =     1.417814941714  res = 4e-02
  st =   57  occ = 0.000  evalue =     1.431319347026  res = 5e-02
  st =   56  occ = 0.000  evalue =     1.432494316946  res = 2e-02
  st =   55  occ = 0.000  evalue =     1.435922919634  res = 3e-03

[2026-04-16 10:42:13.729] [electrons:2wIIMQ] [info] 
SCF iter 35 : wtime =   4.9s e = 373.9393633242 de =  1e-02 dn = 2e-01 dst = 2e-03
  st =    1  occ = 2.000  evalue =     0.591806377345  res = 1e-04
  st =    2  occ = 2.000  evalue =     0.632876639079  res = 2e-04
  st =    3  occ = 2.000  evalue =     0.661131250389  res = 1e-04
  st =    5  occ = 2.000  evalue =     0.696170498321  res = 1e-04
  st =    4  occ = 2.000  evalue =     0.699286717395  res = 2e-04
  st =    6  occ = 2.000  evalue =     0.714018598209  res = 1e-04
  st =    7  occ = 2.000  evalue =     0.756079983194  res = 2e-04
  st =    8  occ = 2.000  evalue =     0.762653313667  res = 1e-04
    [output of 39 eigenvalues suppressed,  minres = 1e-04  maxres = 7e-03]
  st =   48  occ = 2.000  evalue =     1.364704955625  res = 3e-03
  st =   47  occ = 2.000  evalue =     1.364844623545  res = 9e-04
  st =   51  occ = 2.000  evalue =     1.374792511931  res = 2e-03
  st =   50  occ = 2.000  evalue =     1.378309864550  res = 5e-03
  st =   52  occ = 2.000  evalue =     1.382252419605  res = 2e-02
  st =   53  occ = 2.000  evalue =     1.391098531382  res = 1e-02
  st =   54  occ = 2.000  evalue =     1.394330042835  res = 1e-02
  st =   55  occ = 0.000  evalue =     1.397736916370  res = 3e-03
  st =   57  occ = 0.000  evalue =     1.403689888398  res = 2e-02
  st =   56  occ = 0.000  evalue =     1.406536639890  res = 1e-03

[2026-04-16 10:42:18.620] [electrons:2wIIMQ] [info] 
SCF iter 36 : wtime =   4.9s e = 373.9432009441 de = -8e-04 dn = 2e-01 dst = 1e-03
  st =    1  occ = 2.000  evalue =     0.595277740925  res = 4e-06
  st =    2  occ = 2.000  evalue =     0.634833782149  res = 6e-06
  st =    3  occ = 2.000  evalue =     0.665005796751  res = 5e-06
  st =    4  occ = 2.000  evalue =     0.699197810309  res = 6e-06
  st =    5  occ = 2.000  evalue =     0.702196731796  res = 7e-06
  st =    6  occ = 2.000  evalue =     0.717755738838  res = 6e-06
  st =    7  occ = 2.000  evalue =     0.757816950313  res = 9e-06
  st =    8  occ = 2.000  evalue =     0.766356155217  res = 7e-06
    [output of 39 eigenvalues suppressed,  minres = 6e-06  maxres = 5e-04]
  st =   51  occ = 2.000  evalue =     1.362471065210  res = 6e-03
  st =   48  occ = 2.000  evalue =     1.364193664112  res = 7e-04
  st =   49  occ = 2.000  evalue =     1.364537026391  res = 6e-04
  st =   50  occ = 2.000  evalue =     1.368719922337  res = 9e-04
  st =   54  occ = 2.000  evalue =     1.373777675484  res = 3e-03
  st =   52  occ = 2.000  evalue =     1.375091492826  res = 6e-04
  st =   53  occ = 2.000  evalue =     1.379188488282  res = 1e-03
  st =   55  occ = 0.000  evalue =     1.387021489392  res = 3e-03
  st =   56  occ = 0.000  evalue =     1.391840118742  res = 3e-03
  st =   57  occ = 0.000  evalue =     1.395591949457  res = 2e-03

[2026-04-16 10:42:23.498] [electrons:2wIIMQ] [info] 
SCF iter 37 : wtime =   4.9s e = 374.1003642384 de = -1e-03 dn = 2e-01 dst = 1e-03
  st =    1  occ = 2.000  evalue =     0.593683854011  res = 2e-06
  st =    2  occ = 2.000  evalue =     0.636358343768  res = 4e-06
  st =    3  occ = 2.000  evalue =     0.663220216323  res = 2e-06
  st =    4  occ = 2.000  evalue =     0.698073862709  res = 3e-06
  st =    5  occ = 2.000  evalue =     0.704535431454  res = 5e-06
  st =    6  occ = 2.000  evalue =     0.716327931353  res = 3e-06
  st =    7  occ = 2.000  evalue =     0.759146232288  res = 5e-06
  st =    8  occ = 2.000  evalue =     0.764911368111  res = 3e-06
    [output of 36 eigenvalues suppressed,  minres = 3e-06  maxres = 5e-04]
  st =   45  occ = 2.000  evalue =     1.339928137544  res = 2e-03
  st =   46  occ = 2.000  evalue =     1.355455012541  res = 8e-04
  st =   47  occ = 2.000  evalue =     1.356688991625  res = 1e-02
  st =   48  occ = 2.000  evalue =     1.359533135571  res = 2e-03
  st =   49  occ = 2.000  evalue =     1.361005115948  res = 2e-03
  st =   51  occ = 2.000  evalue =     1.364281089814  res = 9e-03
  st =   50  occ = 2.000  evalue =     1.365344034829  res = 8e-04
  st =   55  occ = 0.000  evalue =     1.369178683840  res = 1e-03
  st =   52  occ = 2.000  evalue =     1.372714749200  res = 7e-04
  st =   53  occ = 2.000  evalue =     1.375584105360  res = 4e-04
  st =   54  occ = 2.000  evalue =     1.378084067267  res = 3e-04
  st =   56  occ = 0.000  evalue =     1.388821555899  res = 8e-04
  st =   57  occ = 0.000  evalue =     1.396521802991  res = 1e-03

[2026-04-16 10:42:28.477] [electrons:2wIIMQ] [info] 
SCF iter 38 : wtime =   5.0s e = 374.2818015907 de = -3e-03 dn = 2e-01 dst = 4e-04
  st =    1  occ = 2.000  evalue =     0.591937631256  res = 9e-07
  st =    2  occ = 2.000  evalue =     0.633197567103  res = 1e-06
  st =    3  occ = 2.000  evalue =     0.660827481663  res = 7e-07
  st =    4  occ = 2.000  evalue =     0.696182624854  res = 1e-06
  st =    5  occ = 2.000  evalue =     0.700507088105  res = 1e-06
  st =    6  occ = 2.000  evalue =     0.713877682337  res = 7e-07
  st =    7  occ = 2.000  evalue =     0.756274754773  res = 1e-06
  st =    8  occ = 2.000  evalue =     0.762537613165  res = 7e-07
    [output of 39 eigenvalues suppressed,  minres = 1e-06  maxres = 1e-03]
  st =   47  occ = 2.000  evalue =     1.355529875291  res = 2e-03
  st =   49  occ = 2.000  evalue =     1.358003838465  res = 3e-04
  st =   50  occ = 2.000  evalue =     1.362465252263  res = 5e-04
  st =   51  occ = 2.000  evalue =     1.365669169115  res = 2e-04
  st =   52  occ = 2.000  evalue =     1.366696261801  res = 5e-03
  st =   53  occ = 2.000  evalue =     1.369615240018  res = 5e-03
  st =   54  occ = 2.000  evalue =     1.372093555148  res = 1e-03
  st =   57  occ = 0.000  evalue =     1.374462494763  res = 6e-03
  st =   55  occ = 0.000  evalue =     1.376481288386  res = 2e-03
  st =   56  occ = 0.000  evalue =     1.381360516358  res = 3e-03

[2026-04-16 10:42:33.489] [electrons:2wIIMQ] [info] 
SCF iter 39 : wtime =   5.0s e = 374.4977379884 de = -8e-05 dn = 2e-01 dst = 8e-04
  st =    1  occ = 2.000  evalue =     0.592344817025  res = 2e-06
  st =    2  occ = 2.000  evalue =     0.635068699053  res = 4e-06
  st =    3  occ = 2.000  evalue =     0.661690817677  res = 2e-06
  st =    4  occ = 2.000  evalue =     0.696796894686  res = 2e-06
  st =    5  occ = 2.000  evalue =     0.703386103646  res = 5e-06
  st =    6  occ = 2.000  evalue =     0.714885858579  res = 3e-06
  st =    7  occ = 2.000  evalue =     0.758036661186  res = 4e-06
  st =    8  occ = 2.000  evalue =     0.763461730231  res = 3e-06
    [output of 39 eigenvalues suppressed,  minres = 2e-06  maxres = 6e-04]
  st =   48  occ = 2.000  evalue =     1.353260403265  res = 5e-04
  st =   49  occ = 2.000  evalue =     1.357340958361  res = 3e-04
  st =   50  occ = 2.000  evalue =     1.360516557651  res = 2e-03
  st =   51  occ = 2.000  evalue =     1.364080133211  res = 4e-04
  st =   52  occ = 2.000  evalue =     1.364796721910  res = 4e-04
  st =   53  occ = 2.000  evalue =     1.368338227308  res = 5e-04
  st =   54  occ = 2.000  evalue =     1.371327595571  res = 5e-04
  st =   55  occ = 0.000  evalue =     1.372692478023  res = 5e-04
  st =   56  occ = 0.000  evalue =     1.378496251228  res = 5e-04
  st =   57  occ = 0.000  evalue =     1.382700140715  res = 6e-04

[2026-04-16 10:42:38.434] [electrons:2wIIMQ] [info] 
SCF iter 40 : wtime =   4.9s e = 374.7951179214 de =  3e-03 dn = 3e-01 dst = 6e-04
  st =    1  occ = 2.000  evalue =     0.600409418260  res = 2e-05
  st =    2  occ = 2.000  evalue =     0.636449972731  res = 2e-05
  st =    3  occ = 2.000  evalue =     0.670557914127  res = 2e-05
  st =    5  occ = 2.000  evalue =     0.702943633652  res = 2e-05
  st =    4  occ = 2.000  evalue =     0.703300579648  res = 2e-05
  st =    6  occ = 2.000  evalue =     0.722938978188  res = 2e-05
  st =    7  occ = 2.000  evalue =     0.759276523337  res = 2e-05
  st =    8  occ = 2.000  evalue =     0.771383951130  res = 2e-05
    [output of 39 eigenvalues suppressed,  minres = 2e-05  maxres = 3e-04]
  st =   48  occ = 2.000  evalue =     1.355220796315  res = 3e-04
  st =   49  occ = 2.000  evalue =     1.356884807852  res = 5e-04
  st =   50  occ = 2.000  evalue =     1.358225616916  res = 4e-04
  st =   51  occ = 2.000  evalue =     1.360993965616  res = 4e-04
  st =   52  occ = 2.000  evalue =     1.361576746854  res = 3e-04
  st =   53  occ = 2.000  evalue =     1.363173136037  res = 4e-04
  st =   54  occ = 2.000  evalue =     1.370751493260  res = 2e-02
  st =   55  occ = 0.000  evalue =     1.373315577208  res = 8e-04
  st =   56  occ = 0.000  evalue =     1.377327096381  res = 1e-03
  st =   57  occ = 0.000  evalue =     1.381553071411  res = 5e-03

[2026-04-16 10:42:43.479] [electrons:2wIIMQ] [info] 
SCF iter 41 : wtime =   5.0s e = 374.9033628858 de = -5e-03 dn = 3e-01 dst = 2e-04
  st =    1  occ = 2.000  evalue =     0.593057885432  res = 9e-06
  st =    2  occ = 2.000  evalue =     0.629462790817  res = 6e-06
  st =    3  occ = 2.000  evalue =     0.662914071341  res = 7e-06
  st =    4  occ = 2.000  evalue =     0.695914888480  res = 6e-06
  st =    5  occ = 2.000  evalue =     0.696847788782  res = 6e-06
  st =    6  occ = 2.000  evalue =     0.715661446068  res = 5e-06
  st =    7  occ = 2.000  evalue =     0.752897830559  res = 5e-06
  st =    8  occ = 2.000  evalue =     0.764047536338  res = 6e-06
    [output of 39 eigenvalues suppressed,  minres = 5e-06  maxres = 4e-03]
  st =   47  occ = 2.000  evalue =     1.353097800207  res = 9e-04
  st =   49  occ = 2.000  evalue =     1.354420529455  res = 4e-03
  st =   48  occ = 2.000  evalue =     1.357385317936  res = 2e-04
  st =   51  occ = 2.000  evalue =     1.360825931167  res = 1e-04
  st =   53  occ = 2.000  evalue =     1.363988696648  res = 4e-04
  st =   52  occ = 2.000  evalue =     1.365028007074  res = 3e-04
  st =   54  occ = 2.000  evalue =     1.367518059206  res = 5e-04
  st =   55  occ = 0.000  evalue =     1.370550763778  res = 4e-04
  st =   57  occ = 0.000  evalue =     1.376297013333  res = 2e-03
  st =   56  occ = 0.000  evalue =     1.379444315982  res = 2e-04

[2026-04-16 10:42:48.672] [electrons:2wIIMQ] [info] 
SCF iter 42 : wtime =   5.2s e = 374.9787392888 de = -1e-03 dn = 3e-01 dst = 3e-04
  st =    1  occ = 2.000  evalue =     0.593695941646  res = 1e-05
  st =    2  occ = 2.000  evalue =     0.629715968756  res = 2e-05
  st =    3  occ = 2.000  evalue =     0.662553955877  res = 1e-05
  st =    4  occ = 2.000  evalue =     0.695340913062  res = 2e-05
  st =    5  occ = 2.000  evalue =     0.696470578596  res = 1e-05
  st =    6  occ = 2.000  evalue =     0.715110458482  res = 1e-05
  st =    7  occ = 2.000  evalue =     0.752045358831  res = 2e-05
  st =    8  occ = 2.000  evalue =     0.763419651259  res = 1e-05
    [output of 39 eigenvalues suppressed,  minres = 9e-06  maxres = 9e-04]
  st =   49  occ = 2.000  evalue =     1.354495766550  res = 4e-04
  st =   48  occ = 2.000  evalue =     1.355797515963  res = 3e-04
  st =   50  occ = 2.000  evalue =     1.359376532838  res = 4e-04
  st =   51  occ = 2.000  evalue =     1.359617434187  res = 4e-04
  st =   54  occ = 2.000  evalue =     1.363742070178  res = 6e-03
  st =   52  occ = 2.000  evalue =     1.363763863422  res = 2e-04
  st =   53  occ = 2.000  evalue =     1.365919503485  res = 6e-03
  st =   55  occ = 0.000  evalue =     1.367422360779  res = 1e-02
  st =   56  occ = 0.000  evalue =     1.376646230192  res = 3e-04
  st =   57  occ = 0.000  evalue =     1.382281276811  res = 2e-04

[2026-04-16 10:42:53.914] [electrons:2wIIMQ] [info] 
SCF iter 43 : wtime =   5.3s e = 374.7043861001 de = -1e-02 dn = 3e-01 dst = 4e-04
  st =    1  occ = 2.000  evalue =     0.577245452015  res = 4e-05
  st =    2  occ = 2.000  evalue =     0.622764137900  res = 8e-05
  st =    3  occ = 2.000  evalue =     0.643445116722  res = 5e-05
  st =    5  occ = 2.000  evalue =     0.682753272298  res = 7e-05
  st =    4  occ = 2.000  evalue =     0.686784725948  res = 9e-05
  st =    6  occ = 2.000  evalue =     0.697224472167  res = 6e-05
  st =    7  occ = 2.000  evalue =     0.743503746318  res = 7e-05
  st =    8  occ = 2.000  evalue =     0.745493170542  res = 5e-05
    [output of 39 eigenvalues suppressed,  minres = 4e-05  maxres = 1e-04]
  st =   48  occ = 2.000  evalue =     1.352778489679  res = 6e-04
  st =   49  occ = 2.000  evalue =     1.356401737881  res = 6e-04
  st =   54  occ = 2.000  evalue =     1.356874961199  res = 1e-03
  st =   51  occ = 2.000  evalue =     1.359345435716  res = 6e-04
  st =   53  occ = 2.000  evalue =     1.360053454301  res = 7e-04
  st =   52  occ = 2.000  evalue =     1.362614719640  res = 4e-04
  st =   50  occ = 2.000  evalue =     1.363025953337  res = 6e-03
  st =   55  occ = 0.000  evalue =     1.367735607511  res = 5e-04
  st =   56  occ = 0.000  evalue =     1.372818284720  res = 3e-02
  st =   57  occ = 0.000  evalue =     1.391643981759  res = 6e-04

[2026-04-16 10:42:59.038] [electrons:2wIIMQ] [info] 
SCF iter 44 : wtime =   5.1s e = 374.9370229252 de =  1e-02 dn = 3e-01 dst = 2e-04
  st =    1  occ = 2.000  evalue =     0.592740394146  res = 4e-05
  st =    2  occ = 2.000  evalue =     0.637544865195  res = 4e-05
  st =    3  occ = 2.000  evalue =     0.660580775751  res = 4e-05
  st =    4  occ = 2.000  evalue =     0.694655044438  res = 4e-05
  st =    5  occ = 2.000  evalue =     0.706346332634  res = 4e-05
  st =    6  occ = 2.000  evalue =     0.714283804814  res = 4e-05
  st =    7  occ = 2.000  evalue =     0.758139265128  res = 3e-05
  st =    8  occ = 2.000  evalue =     0.762394017348  res = 4e-05
    [output of 39 eigenvalues suppressed,  minres = 4e-05  maxres = 8e-04]
  st =   48  occ = 2.000  evalue =     1.342109540507  res = 1e-03
  st =   49  occ = 2.000  evalue =     1.348552692843  res = 1e-03
  st =   51  occ = 2.000  evalue =     1.352679600897  res = 2e-03
  st =   53  occ = 2.000  evalue =     1.353220822014  res = 2e-04
  st =   50  occ = 2.000  evalue =     1.355317959394  res = 2e-03
  st =   52  occ = 2.000  evalue =     1.358304278617  res = 5e-04
  st =   54  occ = 2.000  evalue =     1.365212893753  res = 6e-04
  st =   55  occ = 0.000  evalue =     1.365608592647  res = 7e-04
  st =   56  occ = 0.000  evalue =     1.368968686740  res = 5e-04
  st =   57  occ = 0.000  evalue =     1.384497406143  res = 5e-04

[2026-04-16 10:43:04.082] [electrons:2wIIMQ] [info] 
SCF iter 45 : wtime =   5.0s e = 375.0665828243 de =  1e-02 dn = 3e-01 dst = 3e-04
  st =    1  occ = 2.000  evalue =     0.610629626265  res = 3e-05
  st =    2  occ = 2.000  evalue =     0.648473136415  res = 2e-05
  st =    3  occ = 2.000  evalue =     0.681034591576  res = 3e-05
  st =    4  occ = 2.000  evalue =     0.711254265633  res = 3e-05
  st =    5  occ = 2.000  evalue =     0.717239331506  res = 2e-05
  st =    6  occ = 2.000  evalue =     0.733480363515  res = 3e-05
  st =    7  occ = 2.000  evalue =     0.769472253557  res = 2e-05
  st =    8  occ = 2.000  evalue =     0.781500489712  res = 3e-05
    [output of 38 eigenvalues suppressed,  minres = 2e-05  maxres = 1e-04]
  st =   48  occ = 2.000  evalue =     1.344168817770  res = 6e-04
  st =   50  occ = 2.000  evalue =     1.346293036362  res = 1e-04
  st =   47  occ = 2.000  evalue =     1.347191211226  res = 1e-02
  st =   49  occ = 2.000  evalue =     1.347814569220  res = 3e-04
  st =   51  occ = 2.000  evalue =     1.356505163368  res = 1e-04
  st =   52  occ = 2.000  evalue =     1.358442910519  res = 5e-04
  st =   53  occ = 2.000  evalue =     1.361399896164  res = 5e-04
  st =   55  occ = 0.000  evalue =     1.363247577927  res = 8e-04
  st =   54  occ = 2.000  evalue =     1.363351670985  res = 1e-04
  st =   56  occ = 0.000  evalue =     1.366809811145  res = 3e-02
  st =   57  occ = 0.000  evalue =     1.379869763600  res = 2e-04

[2026-04-16 10:43:09.131] [electrons:2wIIMQ] [info] 
SCF iter 46 : wtime =   5.0s e = 374.7455167033 de =  1e-02 dn = 3e-01 dst = 1e-04
  st =    1  occ = 2.000  evalue =     0.624451726677  res = 1e-05
  st =    2  occ = 2.000  evalue =     0.665372462045  res = 2e-05
  st =    3  occ = 2.000  evalue =     0.695760688301  res = 2e-05
  st =    4  occ = 2.000  evalue =     0.727071563376  res = 3e-05
  st =    5  occ = 2.000  evalue =     0.736472323268  res = 4e-05
  st =    6  occ = 2.000  evalue =     0.748105206733  res = 2e-05
  st =    7  occ = 2.000  evalue =     0.787322297560  res = 4e-05
  st =    8  occ = 2.000  evalue =     0.796693421177  res = 2e-05
    [output of 37 eigenvalues suppressed,  minres = 2e-05  maxres = 7e-05]
  st =   47  occ = 2.000  evalue =     1.338920193249  res = 4e-04
  st =   48  occ = 2.000  evalue =     1.342404400438  res = 4e-04
  st =   51  occ = 2.000  evalue =     1.342953187388  res = 3e-04
  st =   46  occ = 2.000  evalue =     1.344649637162  res = 2e-04
  st =   53  occ = 2.000  evalue =     1.356456191834  res = 3e-04
  st =   49  occ = 2.000  evalue =     1.356592478492  res = 5e-04
  st =   54  occ = 2.000  evalue =     1.359042611971  res = 3e-04
  st =   57  occ = 0.000  evalue =     1.359348886383  res = 1e-02
  st =   52  occ = 2.000  evalue =     1.359941095058  res = 4e-04
  st =   55  occ = 0.000  evalue =     1.362456054590  res = 3e-04
  st =   50  occ = 2.000  evalue =     1.362947060244  res = 3e-04
  st =   56  occ = 0.000  evalue =     1.364947427433  res = 4e-04

[2026-04-16 10:43:14.287] [electrons:2wIIMQ] [info] 
SCF iter 47 : wtime =   5.2s e = 373.5573411162 de = -2e-03 dn = 2e-01 dst = 1e-04
  st =    1  occ = 2.000  evalue =     0.624948561095  res = 1e-05
  st =    2  occ = 2.000  evalue =     0.664120152619  res = 2e-05
  st =    3  occ = 2.000  evalue =     0.694379374592  res = 2e-05
  st =    4  occ = 2.000  evalue =     0.728115420699  res = 1e-05
  st =    5  occ = 2.000  evalue =     0.733124065695  res = 3e-05
  st =    6  occ = 2.000  evalue =     0.747104301686  res = 2e-05
  st =    7  occ = 2.000  evalue =     0.787092470182  res = 2e-05
  st =    8  occ = 2.000  evalue =     0.795857472919  res = 2e-05
    [output of 39 eigenvalues suppressed,  minres = 6e-06  maxres = 4e-04]
  st =   48  occ = 2.000  evalue =     1.334690597464  res = 2e-04
  st =   49  occ = 2.000  evalue =     1.339405486463  res = 5e-04
  st =   50  occ = 2.000  evalue =     1.346097503819  res = 3e-04
  st =   52  occ = 2.000  evalue =     1.350158946974  res = 4e-04
  st =   51  occ = 2.000  evalue =     1.352658061760  res = 2e-04
  st =   54  occ = 2.000  evalue =     1.354906060577  res = 4e-04
  st =   53  occ = 2.000  evalue =     1.355088202719  res = 4e-04
  st =   56  occ = 0.000  evalue =     1.363787073595  res = 1e-03
  st =   55  occ = 0.000  evalue =     1.363993867696  res = 6e-04
  st =   57  occ = 0.000  evalue =     1.367378589735  res = 7e-04

[2026-04-16 10:43:19.369] [electrons:2wIIMQ] [info] 
SCF iter 48 : wtime =   5.1s e = 372.8929776229 de = -3e-03 dn = 2e-01 dst = 3e-04
  st =    1  occ = 2.000  evalue =     0.625540912588  res = 8e-06
  st =    2  occ = 2.000  evalue =     0.662539805615  res = 2e-05
  st =    3  occ = 2.000  evalue =     0.692680318008  res = 1e-05
  st =    4  occ = 2.000  evalue =     0.729019849977  res = 1e-05
  st =    5  occ = 2.000  evalue =     0.729639431709  res = 2e-05
  st =    6  occ = 2.000  evalue =     0.745859004694  res = 1e-05
  st =    7  occ = 2.000  evalue =     0.786005622365  res = 2e-05
  st =    8  occ = 2.000  evalue =     0.794706910826  res = 1e-05
    [output of 39 eigenvalues suppressed,  minres = 9e-06  maxres = 2e-04]
  st =   49  occ = 2.000  evalue =     1.331848672806  res = 5e-03
  st =   48  occ = 2.000  evalue =     1.333497295961  res = 8e-05
  st =   51  occ = 2.000  evalue =     1.339336015835  res = 3e-04
  st =   52  occ = 2.000  evalue =     1.340876412233  res = 4e-04
  st =   50  occ = 2.000  evalue =     1.343023599328  res = 8e-04
  st =   53  occ = 2.000  evalue =     1.344624791629  res = 2e-03
  st =   54  occ = 2.000  evalue =     1.353913235166  res = 1e-03
  st =   55  occ = 0.000  evalue =     1.359687908452  res = 7e-04
  st =   56  occ = 0.000  evalue =     1.361692125109  res = 3e-04
  st =   57  occ = 0.000  evalue =     1.362203660075  res = 4e-04

[2026-04-16 10:43:24.453] [electrons:2wIIMQ] [info] 
SCF iter 49 : wtime =   5.1s e = 372.6156110670 de =  8e-03 dn = 2e-01 dst = 3e-04
  st =    1  occ = 2.000  evalue =     0.643884552585  res = 7e-05
  st =    2  occ = 2.000  evalue =     0.670320375636  res = 5e-05
  st =    3  occ = 2.000  evalue =     0.712251490514  res = 6e-05
  st =    5  occ = 2.000  evalue =     0.736863700115  res = 6e-05
  st =    4  occ = 2.000  evalue =     0.744107972088  res = 8e-05
  st =    6  occ = 2.000  evalue =     0.764081194705  res = 5e-05
  st =    7  occ = 2.000  evalue =     0.793580293312  res = 6e-05
  st =    8  occ = 2.000  evalue =     0.812947746607  res = 6e-05
    [output of 39 eigenvalues suppressed,  minres = 3e-05  maxres = 1e-04]
  st =   45  occ = 2.000  evalue =     1.342225009470  res = 2e-04
  st =   52  occ = 2.000  evalue =     1.343341376576  res = 2e-03
  st =   47  occ = 2.000  evalue =     1.344700432627  res = 3e-04
  st =   49  occ = 2.000  evalue =     1.345025405278  res = 1e-04
  st =   51  occ = 2.000  evalue =     1.345920805243  res = 2e-03
  st =   53  occ = 2.000  evalue =     1.355526621667  res = 8e-04
  st =   54  occ = 2.000  evalue =     1.356979631000  res = 2e-03
  st =   55  occ = 0.000  evalue =     1.367106021135  res = 2e-03
  st =   56  occ = 0.000  evalue =     1.367462947338  res = 8e-03
  st =   57  occ = 0.000  evalue =     1.378585420101  res = 3e-04

[2026-04-16 10:43:29.436] [electrons:2wIIMQ] [info] 
SCF iter 50 : wtime =   5.0s e = 372.4872947238 de =  8e-03 dn = 2e-01 dst = 6e-04
  st =    1  occ = 2.000  evalue =     0.653603416793  res = 4e-05
  st =    2  occ = 2.000  evalue =     0.682009392825  res = 5e-05
  st =    3  occ = 2.000  evalue =     0.726409950821  res = 5e-05
  st =    4  occ = 2.000  evalue =     0.750758403235  res = 6e-05
  st =    5  occ = 2.000  evalue =     0.755630217057  res = 4e-05
  st =    6  occ = 2.000  evalue =     0.777749652610  res = 5e-05
  st =    7  occ = 2.000  evalue =     0.805397082451  res = 5e-05
  st =    8  occ = 2.000  evalue =     0.825296007234  res = 4e-05
    [output of 38 eigenvalues suppressed,  minres = 4e-05  maxres = 1e-03]
  st =   50  occ = 2.000  evalue =     1.349797421016  res = 3e-03
  st =   47  occ = 2.000  evalue =     1.351359554397  res = 4e-04
  st =   48  occ = 2.000  evalue =     1.351588539407  res = 1e-03
  st =   51  occ = 2.000  evalue =     1.353146187828  res = 8e-03
  st =   49  occ = 2.000  evalue =     1.353525119882  res = 2e-03
  st =   52  occ = 2.000  evalue =     1.354509230670  res = 2e-03
  st =   53  occ = 2.000  evalue =     1.354772428305  res = 6e-03
  st =   55  occ = 0.000  evalue =     1.359934595607  res = 2e-03
  st =   54  occ = 2.000  evalue =     1.370546152674  res = 3e-04
  st =   56  occ = 0.000  evalue =     1.379140657953  res = 6e-04
  st =   57  occ = 0.000  evalue =     1.389731073152  res = 8e-03

[2026-04-16 10:43:34.593] [electrons:2wIIMQ] [info] 
SCF iter 51 : wtime =   5.2s e = 372.0459663775 de = -3e-03 dn = 1e-01 dst = 5e-04
  st =    1  occ = 2.000  evalue =     0.644303480795  res = 2e-05
  st =    2  occ = 2.000  evalue =     0.679340878873  res = 5e-05
  st =    3  occ = 2.000  evalue =     0.718036362985  res = 3e-05
  st =    5  occ = 2.000  evalue =     0.747925876780  res = 3e-05
  st =    4  occ = 2.000  evalue =     0.750806976776  res = 7e-05
  st =    6  occ = 2.000  evalue =     0.769738062356  res = 2e-05
  st =    7  occ = 2.000  evalue =     0.802700566114  res = 6e-05
  st =    9  occ = 2.000  evalue =     0.819116390013  res = 3e-05
    [output of 39 eigenvalues suppressed,  minres = 2e-05  maxres = 2e-03]
  st =   50  occ = 2.000  evalue =     1.347470224594  res = 2e-04
  st =   49  occ = 2.000  evalue =     1.348377675956  res = 3e-04
  st =   51  occ = 2.000  evalue =     1.350848741117  res = 1e-03
  st =   48  occ = 2.000  evalue =     1.350994155400  res = 3e-04
  st =   52  occ = 2.000  evalue =     1.352071162119  res = 1e-03
  st =   53  occ = 2.000  evalue =     1.354357273923  res = 1e-03
  st =   54  occ = 2.000  evalue =     1.357060833204  res = 1e-03
  st =   55  occ = 0.000  evalue =     1.367198660616  res = 1e-03
  st =   56  occ = 0.000  evalue =     1.376353038544  res = 3e-03
  st =   57  occ = 0.000  evalue =     1.376805996433  res = 2e-03

[2026-04-16 10:43:39.716] [electrons:2wIIMQ] [info] 
SCF iter 52 : wtime =   5.1s e = 372.0370855122 de = -7e-03 dn = 1e-01 dst = 1e-04
  st =    1  occ = 2.000  evalue =     0.626537736412  res = 2e-05
  st =    2  occ = 2.000  evalue =     0.667020065890  res = 3e-05
  st =    3  occ = 2.000  evalue =     0.700328045532  res = 2e-05
  st =    4  occ = 2.000  evalue =     0.732114295195  res = 3e-05
  st =    5  occ = 2.000  evalue =     0.739925373069  res = 3e-05
  st =    6  occ = 2.000  evalue =     0.753584000564  res = 1e-05
  st =    7  occ = 2.000  evalue =     0.790473066934  res = 4e-05
  st =    8  occ = 2.000  evalue =     0.801692143408  res = 2e-05
    [output of 35 eigenvalues suppressed,  minres = 2e-05  maxres = 2e-04]
  st =   49  occ = 2.000  evalue =     1.338340146370  res = 1e-04
  st =   50  occ = 2.000  evalue =     1.341396510144  res = 2e-04
  st =   48  occ = 2.000  evalue =     1.344126950438  res = 2e-04
  st =   52  occ = 2.000  evalue =     1.346528434797  res = 3e-04
  st =   42  occ = 2.000  evalue =     1.346551400870  res = 1e-04
  st =   51  occ = 2.000  evalue =     1.349330472858  res = 3e-04
  st =   44  occ = 2.000  evalue =     1.352723650695  res = 3e-04
  st =   55  occ = 0.000  evalue =     1.354383039312  res = 1e-04
  st =   46  occ = 2.000  evalue =     1.354536603062  res = 4e-04
  st =   40  occ = 2.000  evalue =     1.355915544102  res = 4e-04
  st =   54  occ = 2.000  evalue =     1.358456399741  res = 2e-04
  st =   53  occ = 2.000  evalue =     1.361954762612  res = 6e-04
  st =   56  occ = 0.000  evalue =     1.366346226470  res = 3e-03
  st =   57  occ = 0.000  evalue =     1.369142276196  res = 2e-04

[2026-04-16 10:43:44.839] [electrons:2wIIMQ] [info] 
SCF iter 53 : wtime =   5.1s e = 372.4384800455 de =  5e-03 dn = 9e-02 dst = 2e-04
  st =    1  occ = 2.000  evalue =     0.638114393204  res = 6e-06
  st =    2  occ = 2.000  evalue =     0.677193776935  res = 9e-06
  st =    3  occ = 2.000  evalue =     0.713474351739  res = 6e-06
  st =    4  occ = 2.000  evalue =     0.744464813276  res = 8e-06
  st =    5  occ = 2.000  evalue =     0.750106639561  res = 8e-06
  st =    6  occ = 2.000  evalue =     0.767069783306  res = 7e-06
  st =    7  occ = 2.000  evalue =     0.801355741026  res = 1e-05
  st =    8  occ = 2.000  evalue =     0.815108543084  res = 7e-06
    [output of 39 eigenvalues suppressed,  minres = 8e-06  maxres = 4e-03]
  st =   46  occ = 2.000  evalue =     1.345106576581  res = 8e-05
  st =   47  occ = 2.000  evalue =     1.345129315154  res = 9e-05
  st =   45  occ = 2.000  evalue =     1.345536705860  res = 7e-05
  st =   54  occ = 2.000  evalue =     1.347941276096  res = 2e-03
  st =   53  occ = 2.000  evalue =     1.349589885617  res = 1e-03
  st =   51  occ = 2.000  evalue =     1.350602765191  res = 3e-04
  st =   50  occ = 2.000  evalue =     1.353223613342  res = 3e-04
  st =   55  occ = 0.000  evalue =     1.353311278187  res = 1e-03
  st =   56  occ = 0.000  evalue =     1.360191582843  res = 9e-04
  st =   57  occ = 0.000  evalue =     1.373133278622  res = 3e-03

[2026-04-16 10:43:49.907] [electrons:2wIIMQ] [info] 
SCF iter 54 : wtime =   5.1s e = 371.7383649869 de =  9e-04 dn = 6e-02 dst = 7e-05
  st =    1  occ = 2.000  evalue =     0.644719015495  res = 9e-06
  st =    2  occ = 2.000  evalue =     0.679114221898  res = 1e-05
  st =    3  occ = 2.000  evalue =     0.719864713184  res = 8e-06
  st =    4  occ = 2.000  evalue =     0.749784183947  res = 9e-06
  st =    5  occ = 2.000  evalue =     0.750411374247  res = 2e-05
  st =    6  occ = 2.000  evalue =     0.773057184676  res = 7e-06
  st =    7  occ = 2.000  evalue =     0.803373331384  res = 2e-05
  st =    9  occ = 2.000  evalue =     0.820602969116  res = 1e-05
    [output of 39 eigenvalues suppressed,  minres = 1e-05  maxres = 2e-04]
  st =   47  occ = 2.000  evalue =     1.339047476236  res = 2e-04
  st =   50  occ = 2.000  evalue =     1.341693991130  res = 2e-04
  st =   51  occ = 2.000  evalue =     1.344037693275  res = 2e-04
  st =   49  occ = 2.000  evalue =     1.344886672642  res = 1e-04
  st =   52  occ = 2.000  evalue =     1.347782246205  res = 2e-04
  st =   53  occ = 2.000  evalue =     1.349142109577  res = 3e-04
  st =   54  occ = 2.000  evalue =     1.350402302635  res = 6e-04
  st =   55  occ = 0.000  evalue =     1.352897168286  res = 2e-03
  st =   56  occ = 0.000  evalue =     1.363505930248  res = 4e-04
  st =   57  occ = 0.000  evalue =     1.377899373211  res = 2e-04

[2026-04-16 10:43:54.931] [electrons:2wIIMQ] [info] 
SCF iter 55 : wtime =   5.0s e = 371.5506692177 de = -2e-03 dn = 6e-02 dst = 1e-04
  st =    1  occ = 2.000  evalue =     0.641493592077  res = 7e-07
  st =    2  occ = 2.000  evalue =     0.676431199951  res = 5e-07
  st =    3  occ = 2.000  evalue =     0.716392771416  res = 6e-07
  st =    4  occ = 2.000  evalue =     0.746618825287  res = 7e-07
  st =    5  occ = 2.000  evalue =     0.747799549979  res = 6e-07
  st =    6  occ = 2.000  evalue =     0.769516227869  res = 7e-07
  st =    7  occ = 2.000  evalue =     0.800555280651  res = 6e-07
  st =    9  occ = 2.000  evalue =     0.817744398175  res = 9e-07
    [output of 39 eigenvalues suppressed,  minres = 5e-07  maxres = 2e-04]
  st =   49  occ = 2.000  evalue =     1.338371938563  res = 4e-04
  st =   48  occ = 2.000  evalue =     1.339168027955  res = 6e-04
  st =   50  occ = 2.000  evalue =     1.341688305087  res = 2e-03
  st =   51  occ = 2.000  evalue =     1.344711430344  res = 5e-05
  st =   52  occ = 2.000  evalue =     1.346674311778  res = 3e-05
  st =   54  occ = 2.000  evalue =     1.347771946044  res = 5e-04
  st =   53  occ = 2.000  evalue =     1.347831325344  res = 5e-04
  st =   55  occ = 0.000  evalue =     1.351038163152  res = 6e-04
  st =   56  occ = 0.000  evalue =     1.362384188908  res = 2e-04
  st =   57  occ = 0.000  evalue =     1.368502155465  res = 4e-02

[2026-04-16 10:43:59.864] [electrons:2wIIMQ] [info] 
SCF iter 56 : wtime =   4.9s e = 371.4755484616 de = -3e-03 dn = 5e-02 dst = 2e-05
  st =    1  occ = 2.000  evalue =     0.636725011663  res = 2e-06
  st =    2  occ = 2.000  evalue =     0.671235197169  res = 2e-06
  st =    3  occ = 2.000  evalue =     0.711363721501  res = 1e-06
  st =    4  occ = 2.000  evalue =     0.741288427448  res = 2e-06
  st =    5  occ = 2.000  evalue =     0.742537846108  res = 2e-06
  st =    6  occ = 2.000  evalue =     0.764200900033  res = 1e-06
  st =    7  occ = 2.000  evalue =     0.795002626957  res = 3e-06
  st =    8  occ = 2.000  evalue =     0.812486961522  res = 1e-06
    [output of 39 eigenvalues suppressed,  minres = 1e-06  maxres = 4e-05]
  st =   44  occ = 2.000  evalue =     1.340527562798  res = 4e-05
  st =   45  occ = 2.000  evalue =     1.340792074712  res = 3e-05
  st =   46  occ = 2.000  evalue =     1.341043436418  res = 2e-05
  st =   49  occ = 2.000  evalue =     1.341400570468  res = 6e-05
  st =   52  occ = 2.000  evalue =     1.344270298292  res = 1e-04
  st =   53  occ = 2.000  evalue =     1.344879818164  res = 1e-04
  st =   54  occ = 2.000  evalue =     1.344938302492  res = 5e-05
  st =   55  occ = 0.000  evalue =     1.348650629293  res = 1e-03
  st =   56  occ = 0.000  evalue =     1.357433244321  res = 8e-05
  st =   57  occ = 0.000  evalue =     1.362545131251  res = 6e-04

[2026-04-16 10:44:04.882] [electrons:2wIIMQ] [info] 
SCF iter 57 : wtime =   5.0s e = 371.5044178471 de = -9e-04 dn = 4e-02 dst = 3e-05
  st =    1  occ = 2.000  evalue =     0.635013369692  res = 1e-06
  st =    2  occ = 2.000  evalue =     0.668501102135  res = 2e-06
  st =    3  occ = 2.000  evalue =     0.709725858847  res = 1e-06
  st =    4  occ = 2.000  evalue =     0.738529923187  res = 2e-06
  st =    5  occ = 2.000  evalue =     0.740035385243  res = 2e-06
  st =    6  occ = 2.000  evalue =     0.762390601990  res = 1e-06
  st =    7  occ = 2.000  evalue =     0.791695602068  res = 3e-06
  st =    8  occ = 2.000  evalue =     0.810662099778  res = 1e-06
    [output of 39 eigenvalues suppressed,  minres = 1e-06  maxres = 2e-05]
  st =   48  occ = 2.000  evalue =     1.345072126157  res = 2e-05
  st =   49  occ = 2.000  evalue =     1.345207030652  res = 6e-05
  st =   51  occ = 2.000  evalue =     1.345968827783  res = 1e-03
  st =   50  occ = 2.000  evalue =     1.346223605590  res = 2e-05
  st =   52  occ = 2.000  evalue =     1.348901781673  res = 7e-05
  st =   53  occ = 2.000  evalue =     1.349361506849  res = 3e-05
  st =   54  occ = 2.000  evalue =     1.350075608647  res = 5e-05
  st =   55  occ = 0.000  evalue =     1.351102885712  res = 8e-05
  st =   56  occ = 0.000  evalue =     1.355846037277  res = 2e-04
  st =   57  occ = 0.000  evalue =     1.362041369765  res = 9e-05

[2026-04-16 10:44:09.868] [electrons:2wIIMQ] [info] 
SCF iter 58 : wtime =   5.0s e = 371.5555097282 de = -1e-04 dn = 3e-02 dst = 2e-05
  st =    1  occ = 2.000  evalue =     0.634875226679  res = 4e-07
  st =    2  occ = 2.000  evalue =     0.668674565850  res = 3e-07
  st =    3  occ = 2.000  evalue =     0.709411523411  res = 4e-07
  st =    4  occ = 2.000  evalue =     0.738178122783  res = 4e-07
  st =    5  occ = 2.000  evalue =     0.740344070390  res = 3e-07
  st =    6  occ = 2.000  evalue =     0.762189622111  res = 3e-07
  st =    7  occ = 2.000  evalue =     0.791771225602  res = 4e-07
  st =    8  occ = 2.000  evalue =     0.810587459868  res = 4e-07
    [output of 39 eigenvalues suppressed,  minres = 3e-07  maxres = 1e-05]
  st =   48  occ = 2.000  evalue =     1.344038747237  res = 4e-05
  st =   49  occ = 2.000  evalue =     1.344218176988  res = 1e-05
  st =   50  occ = 2.000  evalue =     1.344729555265  res = 1e-05
  st =   51  occ = 2.000  evalue =     1.346297021794  res = 2e-05
  st =   52  occ = 2.000  evalue =     1.348153647405  res = 1e-04
  st =   53  occ = 2.000  evalue =     1.349986545250  res = 2e-04
  st =   54  occ = 2.000  evalue =     1.349987630775  res = 2e-04
  st =   55  occ = 0.000  evalue =     1.350644982792  res = 9e-05
  st =   56  occ = 0.000  evalue =     1.355032967184  res = 5e-05
  st =   57  occ = 0.000  evalue =     1.360929157865  res = 3e-04

[2026-04-16 10:44:14.944] [electrons:2wIIMQ] [info] 
SCF iter 59 : wtime =   5.1s e = 371.4911903362 de =  7e-04 dn = 3e-02 dst = 1e-05
  st =    1  occ = 2.000  evalue =     0.635975602787  res = 1e-06
  st =    2  occ = 2.000  evalue =     0.670465050657  res = 6e-07
  st =    3  occ = 2.000  evalue =     0.710561940610  res = 1e-06
  st =    4  occ = 2.000  evalue =     0.739381329364  res = 1e-06
  st =    5  occ = 2.000  evalue =     0.742276087811  res = 6e-07
  st =    6  occ = 2.000  evalue =     0.763649272284  res = 6e-07
  st =    7  occ = 2.000  evalue =     0.793492427511  res = 7e-07
  st =    8  occ = 2.000  evalue =     0.811804147039  res = 1e-06
    [output of 39 eigenvalues suppressed,  minres = 6e-07  maxres = 5e-06]
  st =   48  occ = 2.000  evalue =     1.341685480116  res = 3e-05
  st =   49  occ = 2.000  evalue =     1.342507303525  res = 1e-05
  st =   50  occ = 2.000  evalue =     1.343012521939  res = 2e-04
  st =   51  occ = 2.000  evalue =     1.344243988306  res = 1e-05
  st =   52  occ = 2.000  evalue =     1.346973995756  res = 2e-05
  st =   53  occ = 2.000  evalue =     1.348247644694  res = 2e-05
  st =   54  occ = 2.000  evalue =     1.348884620157  res = 5e-05
  st =   55  occ = 0.000  evalue =     1.349585155404  res = 1e-04
  st =   56  occ = 0.000  evalue =     1.356032504552  res = 8e-04
  st =   57  occ = 0.000  evalue =     1.359891575969  res = 1e-04

[2026-04-16 10:44:20.039] [electrons:2wIIMQ] [info] 
SCF iter 60 : wtime =   5.1s e = 371.5187228688 de =  1e-04 dn = 2e-02 dst = 3e-06
  st =    1  occ = 2.000  evalue =     0.635556671498  res = 2e-06
  st =    2  occ = 2.000  evalue =     0.670856019676  res = 2e-06
  st =    3  occ = 2.000  evalue =     0.710121582441  res = 2e-06
  st =    4  occ = 2.000  evalue =     0.738783505987  res = 2e-06
  st =    5  occ = 2.000  evalue =     0.743036513782  res = 2e-06
  st =    6  occ = 2.000  evalue =     0.763304382617  res = 2e-06
  st =    7  occ = 2.000  evalue =     0.793621993990  res = 2e-06
  st =    8  occ = 2.000  evalue =     0.811396082213  res = 2e-06
    [output of 38 eigenvalues suppressed,  minres = 1e-06  maxres = 3e-06]
  st =   47  occ = 2.000  evalue =     1.338184077769  res = 3e-06
  st =   48  occ = 2.000  evalue =     1.340897154529  res = 6e-06
  st =   50  occ = 2.000  evalue =     1.342142959750  res = 1e-05
  st =   49  occ = 2.000  evalue =     1.342479914281  res = 6e-06
  st =   51  occ = 2.000  evalue =     1.344085851533  res = 8e-06
  st =   52  occ = 2.000  evalue =     1.347574123902  res = 1e-05
  st =   53  occ = 2.000  evalue =     1.349745670550  res = 6e-06
  st =   55  occ = 0.000  evalue =     1.349788190793  res = 1e-04
  st =   54  occ = 2.000  evalue =     1.349915739357  res = 3e-05
  st =   56  occ = 0.000  evalue =     1.356160047053  res = 4e-05
  st =   57  occ = 0.000  evalue =     1.359951494061  res = 3e-04

[2026-04-16 10:44:25.040] [electrons:2wIIMQ] [info] 
SCF iter 61 : wtime =   5.0s e = 371.5396146582 de = -4e-04 dn = 3e-02 dst = 9e-06
  st =    1  occ = 2.000  evalue =     0.634712763137  res = 1e-07
  st =    2  occ = 2.000  evalue =     0.670144860906  res = 2e-07
  st =    3  occ = 2.000  evalue =     0.709318997781  res = 2e-07
  st =    4  occ = 2.000  evalue =     0.738107664863  res = 2e-07
  st =    5  occ = 2.000  evalue =     0.742304228210  res = 2e-07
  st =    6  occ = 2.000  evalue =     0.762563287762  res = 2e-07
  st =    7  occ = 2.000  evalue =     0.793015350681  res = 3e-07
  st =    8  occ = 2.000  evalue =     0.810640587917  res = 2e-07
    [output of 38 eigenvalues suppressed,  minres = 2e-07  maxres = 1e-05]
  st =   45  occ = 2.000  evalue =     1.337787956687  res = 7e-06
  st =   48  occ = 2.000  evalue =     1.341538591659  res = 9e-06
  st =   50  occ = 2.000  evalue =     1.342786074619  res = 2e-05
  st =   49  occ = 2.000  evalue =     1.343263361260  res = 2e-05
  st =   51  occ = 2.000  evalue =     1.344686288687  res = 1e-05
  st =   52  occ = 2.000  evalue =     1.347376692315  res = 2e-05
  st =   53  occ = 2.000  evalue =     1.349172551646  res = 3e-05
  st =   55  occ = 0.000  evalue =     1.349369426682  res = 5e-04
  st =   54  occ = 2.000  evalue =     1.349428125240  res = 2e-04
  st =   56  occ = 0.000  evalue =     1.355617697735  res = 2e-05
  st =   57  occ = 0.000  evalue =     1.359358580955  res = 6e-05

[2026-04-16 10:44:30.083] [electrons:2wIIMQ] [info] 
SCF iter 62 : wtime =   5.1s e = 371.5262222164 de = -2e-04 dn = 3e-02 dst = 1e-06
  st =    1  occ = 2.000  evalue =     0.634515605025  res = 2e-07
  st =    2  occ = 2.000  evalue =     0.669702409057  res = 3e-07
  st =    3  occ = 2.000  evalue =     0.709191586390  res = 2e-07
  st =    4  occ = 2.000  evalue =     0.737960895095  res = 2e-07
  st =    5  occ = 2.000  evalue =     0.741799227493  res = 3e-07
  st =    6  occ = 2.000  evalue =     0.762424246860  res = 2e-07
  st =    7  occ = 2.000  evalue =     0.792680584468  res = 2e-07
  st =    8  occ = 2.000  evalue =     0.810509287987  res = 2e-07
    [output of 39 eigenvalues suppressed,  minres = 8e-08  maxres = 1e-06]
  st =   48  occ = 2.000  evalue =     1.341731760891  res = 2e-06
  st =   49  occ = 2.000  evalue =     1.342613571078  res = 2e-06
  st =   50  occ = 2.000  evalue =     1.343186398920  res = 3e-06
  st =   51  occ = 2.000  evalue =     1.344403548322  res = 3e-06
  st =   52  occ = 2.000  evalue =     1.347111832988  res = 3e-06
  st =   53  occ = 2.000  evalue =     1.348588225642  res = 4e-06
  st =   54  occ = 2.000  evalue =     1.348959787380  res = 1e-05
  st =   55  occ = 0.000  evalue =     1.349075662719  res = 2e-05
  st =   56  occ = 0.000  evalue =     1.355328663021  res = 1e-05
  st =   57  occ = 0.000  evalue =     1.359125153718  res = 1e-04

[2026-04-16 10:44:35.128] [electrons:2wIIMQ] [info] 
SCF iter 63 : wtime =   5.0s e = 371.5234905363 de = -4e-04 dn = 1e-02 dst = 2e-06
  st =    1  occ = 2.000  evalue =     0.633892880483  res = 2e-07
  st =    2  occ = 2.000  evalue =     0.668585289448  res = 4e-07
  st =    3  occ = 2.000  evalue =     0.708544518173  res = 2e-07
  st =    4  occ = 2.000  evalue =     0.737325907744  res = 2e-07
  st =    5  occ = 2.000  evalue =     0.740489758291  res = 5e-07
  st =    6  occ = 2.000  evalue =     0.761711300043  res = 1e-07
  st =    7  occ = 2.000  evalue =     0.791659461251  res = 4e-07
  st =    8  occ = 2.000  evalue =     0.809799023593  res = 2e-07
    [output of 39 eigenvalues suppressed,  minres = 2e-07  maxres = 6e-07]
  st =   48  occ = 2.000  evalue =     1.341667693264  res = 2e-05
  st =   49  occ = 2.000  evalue =     1.342511026125  res = 2e-06
  st =   50  occ = 2.000  evalue =     1.343863520698  res = 4e-06
  st =   51  occ = 2.000  evalue =     1.344937781848  res = 2e-05
  st =   52  occ = 2.000  evalue =     1.347239006774  res = 3e-06
  st =   53  occ = 2.000  evalue =     1.348688296801  res = 2e-05
  st =   54  occ = 2.000  evalue =     1.349196860150  res = 7e-06
  st =   55  occ = 0.000  evalue =     1.349202908507  res = 1e-03
  st =   56  occ = 0.000  evalue =     1.354742643741  res = 1e-04
  st =   57  occ = 0.000  evalue =     1.358466490820  res = 4e-05

[2026-04-16 10:44:40.075] [electrons:2wIIMQ] [info] 
SCF iter 64 : wtime =   4.9s e = 371.5374257816 de = -1e-04 dn = 3e-02 dst = 1e-06
  st =    1  occ = 2.000  evalue =     0.633761949354  res = 2e-08
  st =    2  occ = 2.000  evalue =     0.668304300346  res = 3e-08
  st =    3  occ = 2.000  evalue =     0.708399846420  res = 2e-08
  st =    4  occ = 2.000  evalue =     0.737232291736  res = 3e-08
  st =    5  occ = 2.000  evalue =     0.740170519933  res = 3e-08
  st =    6  occ = 2.000  evalue =     0.761567286147  res = 2e-08
  st =    7  occ = 2.000  evalue =     0.791438899302  res = 4e-08
  st =    8  occ = 2.000  evalue =     0.809647084542  res = 3e-08
    [output of 39 eigenvalues suppressed,  minres = 3e-08  maxres = 3e-07]
  st =   48  occ = 2.000  evalue =     1.341507616748  res = 1e-06
  st =   49  occ = 2.000  evalue =     1.342214046018  res = 3e-05
  st =   50  occ = 2.000  evalue =     1.343941951794  res = 1e-06
  st =   51  occ = 2.000  evalue =     1.344868997173  res = 1e-06
  st =   52  occ = 2.000  evalue =     1.347360203468  res = 2e-06
  st =   53  occ = 2.000  evalue =     1.348656929801  res = 1e-05
  st =   54  occ = 2.000  evalue =     1.349185589292  res = 1e-05
  st =   55  occ = 0.000  evalue =     1.349310668989  res = 8e-06
  st =   56  occ = 0.000  evalue =     1.354575633560  res = 2e-05
  st =   57  occ = 0.000  evalue =     1.358262772656  res = 4e-04

[2026-04-16 10:44:45.099] [electrons:2wIIMQ] [info] 
SCF iter 65 : wtime =   5.0s e = 371.5400447757 de =  1e-04 dn = 3e-02 dst = 8e-06
  st =    1  occ = 2.000  evalue =     0.634073030597  res = 9e-08
  st =    2  occ = 2.000  evalue =     0.668566079010  res = 7e-08
  st =    3  occ = 2.000  evalue =     0.708684261807  res = 9e-08
  st =    4  occ = 2.000  evalue =     0.737647170312  res = 7e-08
  st =    5  occ = 2.000  evalue =     0.740405095002  res = 6e-08
  st =    6  occ = 2.000  evalue =     0.761885566118  res = 6e-08
  st =    7  occ = 2.000  evalue =     0.791802129811  res = 6e-08
  st =    8  occ = 2.000  evalue =     0.809949320434  res = 6e-08
    [output of 38 eigenvalues suppressed,  minres = 4e-08  maxres = 9e-07]
  st =   46  occ = 2.000  evalue =     1.337153463931  res = 3e-07
  st =   48  occ = 2.000  evalue =     1.340365790482  res = 9e-07
  st =   49  occ = 2.000  evalue =     1.341041887410  res = 9e-07
  st =   50  occ = 2.000  evalue =     1.343025269373  res = 1e-05
  st =   51  occ = 2.000  evalue =     1.343678381465  res = 2e-06
  st =   52  occ = 2.000  evalue =     1.347045772600  res = 5e-06
  st =   53  occ = 2.000  evalue =     1.347800191365  res = 2e-06
  st =   55  occ = 0.000  evalue =     1.348489388458  res = 2e-04
  st =   54  occ = 2.000  evalue =     1.349012816057  res = 4e-04
  st =   56  occ = 0.000  evalue =     1.354757991037  res = 6e-06
  st =   57  occ = 0.000  evalue =     1.356868266691  res = 8e-05

[2026-04-16 10:44:50.094] [electrons:2wIIMQ] [info] 
SCF iter 66 : wtime =   5.0s e = 371.5394243930 de = -8e-05 dn = 2e-02 dst = 7e-07
  st =    1  occ = 2.000  evalue =     0.633845801909  res = 9e-08
  st =    2  occ = 2.000  evalue =     0.668175000441  res = 9e-08
  st =    3  occ = 2.000  evalue =     0.708546493675  res = 8e-08
  st =    4  occ = 2.000  evalue =     0.737293164639  res = 1e-07
  st =    5  occ = 2.000  evalue =     0.740061018556  res = 7e-08
  st =    6  occ = 2.000  evalue =     0.761653835204  res = 8e-08
  st =    7  occ = 2.000  evalue =     0.791349066236  res = 1e-07
  st =    8  occ = 2.000  evalue =     0.809757055530  res = 8e-08
    [output of 39 eigenvalues suppressed,  minres = 7e-08  maxres = 6e-07]
  st =   48  occ = 2.000  evalue =     1.340547813691  res = 1e-06
  st =   49  occ = 2.000  evalue =     1.341317970064  res = 5e-07
  st =   50  occ = 2.000  evalue =     1.343493399982  res = 6e-07
  st =   51  occ = 2.000  evalue =     1.344277429376  res = 1e-05
  st =   52  occ = 2.000  evalue =     1.347464361200  res = 2e-06
  st =   53  occ = 2.000  evalue =     1.348390220808  res = 1e-06
  st =   54  occ = 2.000  evalue =     1.349143667454  res = 1e-06
  st =   55  occ = 0.000  evalue =     1.349200220531  res = 3e-06
  st =   56  occ = 0.000  evalue =     1.354410150846  res = 4e-04
  st =   57  occ = 0.000  evalue =     1.356523084673  res = 1e-04

[2026-04-16 10:44:55.119] [electrons:2wIIMQ] [info] 
SCF iter 67 : wtime =   5.0s e = 371.5527516745 de =  5e-05 dn = 1e-02 dst = 3e-07
  st =    1  occ = 2.000  evalue =     0.634027860699  res = 1e-08
  st =    2  occ = 2.000  evalue =     0.668286388721  res = 4e-08
  st =    3  occ = 2.000  evalue =     0.708690613756  res = 2e-08
  st =    4  occ = 2.000  evalue =     0.737437161955  res = 2e-08
  st =    5  occ = 2.000  evalue =     0.740089220612  res = 7e-08
  st =    6  occ = 2.000  evalue =     0.761776144827  res = 2e-08
  st =    7  occ = 2.000  evalue =     0.791427935951  res = 4e-08
  st =    8  occ = 2.000  evalue =     0.809880097469  res = 2e-08
    [output of 38 eigenvalues suppressed,  minres = 2e-08  maxres = 2e-07]
  st =   47  occ = 2.000  evalue =     1.337038667727  res = 1e-07
  st =   48  occ = 2.000  evalue =     1.340346481910  res = 3e-07
  st =   49  occ = 2.000  evalue =     1.341173478272  res = 2e-06
  st =   50  occ = 2.000  evalue =     1.343366387834  res = 4e-07
  st =   51  occ = 2.000  evalue =     1.344153950428  res = 4e-07
  st =   52  occ = 2.000  evalue =     1.347283438777  res = 8e-07
  st =   53  occ = 2.000  evalue =     1.348390625850  res = 2e-06
  st =   55  occ = 0.000  evalue =     1.349105762512  res = 5e-05
  st =   54  occ = 2.000  evalue =     1.349106632475  res = 1e-06
  st =   56  occ = 0.000  evalue =     1.354365483704  res = 3e-05
  st =   57  occ = 0.000  evalue =     1.356445398566  res = 3e-05

[2026-04-16 10:45:00.213] [electrons:2wIIMQ] [info] 
SCF iter 68 : wtime =   5.1s e = 371.5574811312 de =  5e-05 dn = 9e-03 dst = 1e-07
  st =    1  occ = 2.000  evalue =     0.634106426534  res = 3e-08
  st =    2  occ = 2.000  evalue =     0.668467575908  res = 3e-08
  st =    3  occ = 2.000  evalue =     0.708718687438  res = 3e-08
  st =    4  occ = 2.000  evalue =     0.737486020454  res = 3e-08
  st =    5  occ = 2.000  evalue =     0.740313089933  res = 3e-08
  st =    6  occ = 2.000  evalue =     0.761828932885  res = 3e-08
  st =    7  occ = 2.000  evalue =     0.791573576605  res = 3e-08
  st =    8  occ = 2.000  evalue =     0.809918715835  res = 3e-08
    [output of 38 eigenvalues suppressed,  minres = 2e-08  maxres = 1e-07]
  st =   47  occ = 2.000  evalue =     1.337120800598  res = 2e-07
  st =   48  occ = 2.000  evalue =     1.340375717567  res = 3e-07
  st =   49  occ = 2.000  evalue =     1.341215597150  res = 7e-08
  st =   50  occ = 2.000  evalue =     1.343277993481  res = 6e-07
  st =   51  occ = 2.000  evalue =     1.344112824561  res = 2e-07
  st =   52  occ = 2.000  evalue =     1.347212078010  res = 8e-07
  st =   53  occ = 2.000  evalue =     1.348383338347  res = 3e-07
  st =   55  occ = 0.000  evalue =     1.348978656271  res = 9e-07
  st =   54  occ = 2.000  evalue =     1.349034945937  res = 1e-06
  st =   56  occ = 0.000  evalue =     1.354281994649  res = 1e-05
  st =   57  occ = 0.000  evalue =     1.356364264630  res = 1e-05

[2026-04-16 10:45:00.939] [electrons:2wIIMQ] [info] 
SCF ended after 68 iterations with resulting eigenvalues and energies:

    st =    1  occ = 2.000  evalue =     0.634889460967 Ha (   17.276220285025 eV)  res = 1e-05
    st =    2  occ = 2.000  evalue =     0.668929640020 Ha (   18.202500634630 eV)  res = 5e-06
    st =    3  occ = 2.000  evalue =     0.708529767506 Ha (   19.280074870510 eV)  res = 8e-06
    st =    4  occ = 2.000  evalue =     0.738120223501 Ha (   20.085272101735 eV)  res = 7e-06
    st =    5  occ = 2.000  evalue =     0.740963036717 Ha (   20.162628980958 eV)  res = 4e-06
    st =    6  occ = 2.000  evalue =     0.762059513271 Ha (   20.736693284407 eV)  res = 6e-06
    st =    7  occ = 2.000  evalue =     0.792138129330 Ha (   21.555174026101 eV)  res = 5e-06
    st =    8  occ = 2.000  evalue =     0.809836509030 Ha (   22.036771414596 eV)  res = 7e-06
    st =    9  occ = 2.000  evalue =     0.811515745855 Ha (   22.082465771002 eV)  res = 4e-06
    st =   10  occ = 2.000  evalue =     0.849266689470 Ha (   23.109721156317 eV)  res = 1e-05
    st =   11  occ = 2.000  evalue =     0.864410448179 Ha (   23.521803774589 eV)  res = 3e-06
    st =   12  occ = 2.000  evalue =     0.875616002376 Ha (   23.826722401576 eV)  res = 6e-06
    st =   13  occ = 2.000  evalue =     0.972096771457 Ha (   26.452097561168 eV)  res = 4e-06
    st =   14  occ = 2.000  evalue =     0.978752562803 Ha (   26.633210848658 eV)  res = 5e-06
    st =   15  occ = 2.000  evalue =     1.006240783511 Ha (   27.381203350335 eV)  res = 5e-06
    st =   16  occ = 2.000  evalue =     1.011581073638 Ha (   27.526520030324 eV)  res = 7e-06
    st =   17  occ = 2.000  evalue =     1.029340710050 Ha (   28.009784298662 eV)  res = 8e-06
    st =   18  occ = 2.000  evalue =     1.046791055920 Ha (   28.484632343622 eV)  res = 3e-06
    st =   19  occ = 2.000  evalue =     1.091164594682 Ha (   29.692097701941 eV)  res = 7e-06
    st =   20  occ = 2.000  evalue =     1.098389284714 Ha (   29.888691509461 eV)  res = 4e-06
    st =   21  occ = 2.000  evalue =     1.127035798840 Ha (   30.668202776952 eV)  res = 6e-06
    st =   22  occ = 2.000  evalue =     1.207210513244 Ha (   32.849867637505 eV)  res = 5e-06
    st =   23  occ = 2.000  evalue =     1.208579740699 Ha (   32.887126210210 eV)  res = 5e-06
    st =   24  occ = 2.000  evalue =     1.223169908591 Ha (   33.284144856757 eV)  res = 3e-06
    st =   25  occ = 2.000  evalue =     1.226726473727 Ha (   33.380923912816 eV)  res = 2e-05
    st =   26  occ = 2.000  evalue =     1.233005755531 Ha (   33.551791854960 eV)  res = 3e-06
    st =   27  occ = 2.000  evalue =     1.237775641690 Ha (   33.681587054098 eV)  res = 1e-05
    st =   28  occ = 2.000  evalue =     1.246824114517 Ha (   33.927808513767 eV)  res = 3e-05
    st =   29  occ = 2.000  evalue =     1.252422849997 Ha (   34.080157849222 eV)  res = 2e-05
    st =   30  occ = 2.000  evalue =     1.258623539975 Ha (   34.248887199089 eV)  res = 3e-06
    st =   31  occ = 2.000  evalue =     1.267095284139 Ha (   34.479415074206 eV)  res = 2e-05
    st =   32  occ = 2.000  evalue =     1.269714924268 Ha (   34.550699105067 eV)  res = 2e-06
    st =   33  occ = 2.000  evalue =     1.273950317747 Ha (   34.665950019180 eV)  res = 3e-06
    st =   34  occ = 2.000  evalue =     1.277028004915 Ha (   34.749698143458 eV)  res = 2e-05
    st =   35  occ = 2.000  evalue =     1.279889339891 Ha (   34.827559025404 eV)  res = 8e-06
    st =   36  occ = 2.000  evalue =     1.288450857983 Ha (   35.060529773247 eV)  res = 6e-06
    st =   37  occ = 2.000  evalue =     1.289728620467 Ha (   35.095299457579 eV)  res = 3e-06
    st =   38  occ = 2.000  evalue =     1.297053268643 Ha (   35.294613264439 eV)  res = 6e-06
    st =   39  occ = 2.000  evalue =     1.305896564863 Ha (   35.535251584876 eV)  res = 1e-05
    st =   40  occ = 2.000  evalue =     1.314490487573 Ha (   35.769104107207 eV)  res = 2e-05
    st =   41  occ = 2.000  evalue =     1.321144881675 Ha (   35.950179373760 eV)  res = 4e-06
    st =   42  occ = 2.000  evalue =     1.326161041420 Ha (   36.086676017746 eV)  res = 6e-06
    st =   43  occ = 2.000  evalue =     1.335225596473 Ha (   36.333335097043 eV)  res = 8e-06
    st =   44  occ = 2.000  evalue =     1.336424184332 Ha (   36.365950330309 eV)  res = 5e-06
    st =   45  occ = 2.000  evalue =     1.337157709665 Ha (   36.385910569101 eV)  res = 7e-06
    st =   46  occ = 2.000  evalue =     1.338232258113 Ha (   36.415150518480 eV)  res = 2e-06
    st =   47  occ = 2.000  evalue =     1.337064709126 Ha (   36.383379895806 eV)  res = 8e-06
    st =   48  occ = 2.000  evalue =     1.341599908116 Ha (   36.506788932499 eV)  res = 3e-06
    st =   49  occ = 2.000  evalue =     1.342457260526 Ha (   36.530118677308 eV)  res = 3e-06
    st =   50  occ = 2.000  evalue =     1.343172903816 Ha (   36.549592320960 eV)  res = 7e-06
    st =   51  occ = 2.000  evalue =     1.343908347921 Ha (   36.569604772174 eV)  res = 7e-06
    st =   52  occ = 2.000  evalue =     1.347660311807 Ha (   36.671700898472 eV)  res = 8e-06
    st =   53  occ = 2.000  evalue =     1.350265976360 Ha (   36.742604634603 eV)  res = 9e-06
    st =   54  occ = 2.000  evalue =     1.348536333954 Ha (   36.695538672642 eV)  res = 2e-05
    st =   55  occ = 0.000  evalue =     1.347245747717 Ha (   36.660420036261 eV)  res = 2e-05
    st =   56  occ = 0.000  evalue =     1.354757941671 Ha (   36.864837223114 eV)  res = 2e-05
    st =   57  occ = 0.000  evalue =     1.356075278022 Ha (   36.900683767094 eV)  res = 3e-05
Energy:
  total          =     371.550965244883 Ha
  kinetic        =      44.285112740151 Ha
  eigenvalues    =     122.648630867204 Ha
  hartree        =     224.772585047408 Ha
  external       =    -335.906446846364 Ha
  non-local      =       3.977330026114 Ha
  xc             =     -33.904086949346 Ha
  mgga           =       0.000000000000 Ha
  nvxc           =     -39.252535147512 Ha
  exact-exchange =       0.000000000000 Ha
  ion            =     468.326471226920 Ha
  zeeman-energy  =       0.000000000000 Ha


[2026-04-16 10:45:00.940] [electrons:2wIIMQ] [trace] ground-state calculation ended normally
  GS energy : 371.551 Ha  SCF steps: 68
  Saved GS baseline at z_obs for post-processing.

=== STEP 3: WP injection ===
  WP centre: (17.3855, 17.3855, 41.9519) bohr
  z_flake  : 29.9522 bohr = 15.85 Å
  z_obs    : 41.9519 bohr = 22.2 Å
  k0       : 3.83402 bohr⁻¹  (kz = -k0)
  WP norm  : 1

=== STEP 4: TDDFT propagation ===
  Δt   : 0.0200092 a.u.  (0.000484 fs)
  t1   : 3.18329 a.u.  (0.077 fs)  <- LEED start
  t2   : 10.3353 a.u.  (0.25 fs)  <- LEED end
  N    : 516 steps
  LEED : ∫_{t1}^{t2} n_total(z_obs) dt  (paper Eq. 5)

[2026-04-16 10:45:01.875] [electrons:2wIIMQ] [trace] initializing real-time propagation:
  time step        = 0.020009224914147403 atomictime (0.48 as)
  number of steps  = 516
  propagation time = 10.32476005570006 atomictime (0.25 fs)
[2026-04-16 10:45:01.875] [electrons:2wIIMQ] [trace] 

  step=0  t=0.0000 a.u.  E=380.746144 Ha  Jz=3.832e+00
[2026-04-16 10:45:04.289] [electrons:2wIIMQ] [trace] starting real-time propagation
[2026-04-16 10:45:04.289] [electrons:2wIIMQ] [info] step         0 :  t =      0.000  e = 380.746144328842
[2026-04-16 10:45:09.528] [electrons:2wIIMQ] [info] step         1 :  t =      0.020  e = 380.746143993001  wtime =     5.239
[2026-04-16 10:45:14.439] [electrons:2wIIMQ] [info] step         2 :  t =      0.040  e = 380.746143626291  wtime =     4.911
[2026-04-16 10:45:19.299] [electrons:2wIIMQ] [info] step         3 :  t =      0.060  e = 380.746143245265  wtime =     4.861
[2026-04-16 10:45:24.063] [electrons:2wIIMQ] [info] step         4 :  t =      0.080  e = 380.746142867445  wtime =     4.764
[2026-04-16 10:45:28.827] [electrons:2wIIMQ] [info] step         5 :  t =      0.100  e = 380.746142497786  wtime =     4.764
[2026-04-16 10:45:33.634] [electrons:2wIIMQ] [info] step         6 :  t =      0.120  e = 380.746142127031  wtime =     4.806
[2026-04-16 10:45:38.398] [electrons:2wIIMQ] [info] step         7 :  t =      0.140  e = 380.746141743279  wtime =     4.764
[2026-04-16 10:45:43.166] [electrons:2wIIMQ] [info] step         8 :  t =      0.160  e = 380.746141342857  wtime =     4.769
[2026-04-16 10:45:48.024] [electrons:2wIIMQ] [info] step         9 :  t =      0.180  e = 380.746140929988  wtime =     4.858
  step=10  t=0.2001 a.u.  E=380.746141 Ha  Jz=3.988e+00
[2026-04-16 10:45:53.562] [electrons:2wIIMQ] [info] step        10 :  t =      0.200  e = 380.746140510792  wtime =     5.537
[2026-04-16 10:45:58.727] [electrons:2wIIMQ] [info] step        11 :  t =      0.220  e = 380.746140090579  wtime =     5.165
[2026-04-16 10:46:03.586] [electrons:2wIIMQ] [info] step        12 :  t =      0.240  e = 380.746139673240  wtime =     4.859
[2026-04-16 10:46:08.387] [electrons:2wIIMQ] [info] step        13 :  t =      0.260  e = 380.746138942007  wtime =     4.801
[2026-04-16 10:46:13.173] [electrons:2wIIMQ] [info] step        14 :  t =      0.280  e = 380.746138208974  wtime =     4.786
[2026-04-16 10:46:17.960] [electrons:2wIIMQ] [info] step        15 :  t =      0.300  e = 380.746137785778  wtime =     4.787
[2026-04-16 10:46:22.743] [electrons:2wIIMQ] [info] step        16 :  t =      0.320  e = 380.746137354883  wtime =     4.783
[2026-04-16 10:46:27.536] [electrons:2wIIMQ] [info] step        17 :  t =      0.340  e = 380.746136919901  wtime =     4.793
[2026-04-16 10:46:32.321] [electrons:2wIIMQ] [info] step        18 :  t =      0.360  e = 380.746136168484  wtime =     4.785
[2026-04-16 10:46:37.119] [electrons:2wIIMQ] [info] step        19 :  t =      0.380  e = 380.746135737410  wtime =     4.798
  step=20  t=0.4002 a.u.  E=380.746136 Ha  Jz=4.111e+00
[2026-04-16 10:46:42.566] [electrons:2wIIMQ] [info] step        20 :  t =      0.400  e = 380.746135627913  wtime =     5.446
[2026-04-16 10:46:47.718] [electrons:2wIIMQ] [info] step        21 :  t =      0.420  e = 380.746135205115  wtime =     5.153
[2026-04-16 10:46:52.527] [electrons:2wIIMQ] [info] step        22 :  t =      0.440  e = 380.746134782849  wtime =     4.809
[2026-04-16 10:46:57.343] [electrons:2wIIMQ] [info] step        23 :  t =      0.460  e = 380.746134042168  wtime =     4.816
[2026-04-16 10:47:02.150] [electrons:2wIIMQ] [info] step        24 :  t =      0.480  e = 380.746133617294  wtime =     4.806
[2026-04-16 10:47:06.885] [electrons:2wIIMQ] [info] step        25 :  t =      0.500  e = 380.746133193969  wtime =     4.736
[2026-04-16 10:47:11.658] [electrons:2wIIMQ] [info] step        26 :  t =      0.520  e = 380.746132774587  wtime =     4.773
[2026-04-16 10:47:16.493] [electrons:2wIIMQ] [info] step        27 :  t =      0.540  e = 380.746132360263  wtime =     4.835
[2026-04-16 10:47:21.352] [electrons:2wIIMQ] [info] step        28 :  t =      0.560  e = 380.746131633805  wtime =     4.859
[2026-04-16 10:47:26.138] [electrons:2wIIMQ] [info] step        29 :  t =      0.580  e = 380.746131227227  wtime =     4.786
  step=30  t=0.6003 a.u.  E=380.746131 Ha  Jz=4.192e+00
[2026-04-16 10:47:31.700] [electrons:2wIIMQ] [info] step        30 :  t =      0.600  e = 380.746130821850  wtime =     5.562
[2026-04-16 10:47:36.974] [electrons:2wIIMQ] [info] step        31 :  t =      0.620  e = 380.746130416944  wtime =     5.274
[2026-04-16 10:47:41.805] [electrons:2wIIMQ] [info] step        32 :  t =      0.640  e = 380.746130330109  wtime =     4.831
[2026-04-16 10:47:46.705] [electrons:2wIIMQ] [info] step        33 :  t =      0.660  e = 380.746129929115  wtime =     4.901
[2026-04-16 10:47:51.539] [electrons:2wIIMQ] [info] step        34 :  t =      0.680  e = 380.746129531733  wtime =     4.833
[2026-04-16 10:47:56.299] [electrons:2wIIMQ] [info] step        35 :  t =      0.700  e = 380.746129454850  wtime =     4.760
[2026-04-16 10:48:01.066] [electrons:2wIIMQ] [info] step        36 :  t =      0.720  e = 380.746129064075  wtime =     4.767
[2026-04-16 10:48:05.826] [electrons:2wIIMQ] [info] step        37 :  t =      0.740  e = 380.746128675073  wtime =     4.760
[2026-04-16 10:48:10.556] [electrons:2wIIMQ] [info] step        38 :  t =      0.760  e = 380.746128287032  wtime =     4.730
[2026-04-16 10:48:15.303] [electrons:2wIIMQ] [info] step        39 :  t =      0.780  e = 380.746127899980  wtime =     4.747
  step=40  t=0.8004 a.u.  E=380.746128 Ha  Jz=4.237e+00
[2026-04-16 10:48:20.708] [electrons:2wIIMQ] [info] step        40 :  t =      0.800  e = 380.746127514596  wtime =     5.405
[2026-04-16 10:48:25.806] [electrons:2wIIMQ] [info] step        41 :  t =      0.820  e = 380.746127131606  wtime =     5.098
[2026-04-16 10:48:30.614] [electrons:2wIIMQ] [info] step        42 :  t =      0.840  e = 380.746127068169  wtime =     4.807
[2026-04-16 10:48:35.435] [electrons:2wIIMQ] [info] step        43 :  t =      0.860  e = 380.746126690471  wtime =     4.822
[2026-04-16 10:48:40.259] [electrons:2wIIMQ] [info] step        44 :  t =      0.880  e = 380.746126314831  wtime =     4.824
[2026-04-16 10:48:45.001] [electrons:2wIIMQ] [info] step        45 :  t =      0.900  e = 380.746125940764  wtime =     4.742
[2026-04-16 10:48:49.788] [electrons:2wIIMQ] [info] step        46 :  t =      0.920  e = 380.746125568155  wtime =     4.787
[2026-04-16 10:48:54.619] [electrons:2wIIMQ] [info] step        47 :  t =      0.940  e = 380.746125197305  wtime =     4.831
[2026-04-16 10:48:59.420] [electrons:2wIIMQ] [info] step        48 :  t =      0.960  e = 380.746124828695  wtime =     4.801
[2026-04-16 10:49:04.211] [electrons:2wIIMQ] [info] step        49 :  t =      0.980  e = 380.746124462706  wtime =     4.791
  step=50  t=1.0005 a.u.  E=380.746124 Ha  Jz=4.253e+00
[2026-04-16 10:49:09.708] [electrons:2wIIMQ] [info] step        50 :  t =      1.000  e = 380.746124099478  wtime =     5.497
[2026-04-16 10:49:14.823] [electrons:2wIIMQ] [info] step        51 :  t =      1.020  e = 380.746123738915  wtime =     5.115
[2026-04-16 10:49:19.573] [electrons:2wIIMQ] [info] step        52 :  t =      1.040  e = 380.746123380821  wtime =     4.750
[2026-04-16 10:49:24.364] [electrons:2wIIMQ] [info] step        53 :  t =      1.060  e = 380.746123025104  wtime =     4.791
[2026-04-16 10:49:29.143] [electrons:2wIIMQ] [info] step        54 :  t =      1.080  e = 380.746122671855  wtime =     4.779
[2026-04-16 10:49:34.004] [electrons:2wIIMQ] [info] step        55 :  t =      1.101  e = 380.746122321284  wtime =     4.861
[2026-04-16 10:49:38.740] [electrons:2wIIMQ] [info] step        56 :  t =      1.121  e = 380.746121973609  wtime =     4.736
[2026-04-16 10:49:43.556] [electrons:2wIIMQ] [info] step        57 :  t =      1.141  e = 380.746121628983  wtime =     4.816
[2026-04-16 10:49:48.395] [electrons:2wIIMQ] [info] step        58 :  t =      1.161  e = 380.746121604260  wtime =     4.839
[2026-04-16 10:49:53.114] [electrons:2wIIMQ] [info] step        59 :  t =      1.181  e = 380.746121265731  wtime =     4.719
  step=60  t=1.2006 a.u.  E=380.746121 Ha  Jz=4.251e+00
[2026-04-16 10:49:58.564] [electrons:2wIIMQ] [info] step        60 :  t =      1.201  e = 380.746120930116  wtime =     5.450
[2026-04-16 10:50:03.680] [electrons:2wIIMQ] [info] step        61 :  t =      1.221  e = 380.746120597353  wtime =     5.116
[2026-04-16 10:50:08.473] [electrons:2wIIMQ] [info] step        62 :  t =      1.241  e = 380.746120267413  wtime =     4.793
[2026-04-16 10:50:13.343] [electrons:2wIIMQ] [info] step        63 :  t =      1.261  e = 380.746119940282  wtime =     4.871
[2026-04-16 10:50:18.137] [electrons:2wIIMQ] [info] step        64 :  t =      1.281  e = 380.746119615968  wtime =     4.793
[2026-04-16 10:50:22.935] [electrons:2wIIMQ] [info] step        65 :  t =      1.301  e = 380.746119294477  wtime =     4.798
[2026-04-16 10:50:27.850] [electrons:2wIIMQ] [info] step        66 :  t =      1.321  e = 380.746118975766  wtime =     4.916
[2026-04-16 10:50:32.696] [electrons:2wIIMQ] [info] step        67 :  t =      1.341  e = 380.746118659724  wtime =     4.846
[2026-04-16 10:50:37.462] [electrons:2wIIMQ] [info] step        68 :  t =      1.361  e = 380.746118346200  wtime =     4.766
[2026-04-16 10:50:42.264] [electrons:2wIIMQ] [info] step        69 :  t =      1.381  e = 380.746118035002  wtime =     4.802
  step=70  t=1.4006 a.u.  E=380.746118 Ha  Jz=4.241e+00
[2026-04-16 10:50:47.680] [electrons:2wIIMQ] [info] step        70 :  t =      1.401  e = 380.746117725917  wtime =     5.415
[2026-04-16 10:50:52.821] [electrons:2wIIMQ] [info] step        71 :  t =      1.421  e = 380.746117418759  wtime =     5.141
[2026-04-16 10:50:57.613] [electrons:2wIIMQ] [info] step        72 :  t =      1.441  e = 380.746117113406  wtime =     4.792
[2026-04-16 10:51:02.408] [electrons:2wIIMQ] [info] step        73 :  t =      1.461  e = 380.746116809752  wtime =     4.795
[2026-04-16 10:51:07.192] [electrons:2wIIMQ] [info] step        74 :  t =      1.481  e = 380.746116507657  wtime =     4.784
[2026-04-16 10:51:11.968] [electrons:2wIIMQ] [info] step        75 :  t =      1.501  e = 380.746116206916  wtime =     4.777
[2026-04-16 10:51:16.758] [electrons:2wIIMQ] [info] step        76 :  t =      1.521  e = 380.746115907268  wtime =     4.789
[2026-04-16 10:51:21.551] [electrons:2wIIMQ] [info] step        77 :  t =      1.541  e = 380.746115608416  wtime =     4.793
[2026-04-16 10:51:26.418] [electrons:2wIIMQ] [info] step        78 :  t =      1.561  e = 380.746115310096  wtime =     4.867
[2026-04-16 10:51:31.243] [electrons:2wIIMQ] [info] step        79 :  t =      1.581  e = 380.746115012142  wtime =     4.825
  step=80  t=1.6007 a.u.  E=380.746115 Ha  Jz=4.230e+00
[2026-04-16 10:51:36.691] [electrons:2wIIMQ] [info] step        80 :  t =      1.601  e = 380.746114714476  wtime =     5.448
[2026-04-16 10:51:41.860] [electrons:2wIIMQ] [info] step        81 :  t =      1.621  e = 380.746114417037  wtime =     5.169
[2026-04-16 10:51:46.594] [electrons:2wIIMQ] [info] step        82 :  t =      1.641  e = 380.746114119722  wtime =     4.733
[2026-04-16 10:51:51.426] [electrons:2wIIMQ] [info] step        83 :  t =      1.661  e = 380.746113822372  wtime =     4.832
[2026-04-16 10:51:56.236] [electrons:2wIIMQ] [info] step        84 :  t =      1.681  e = 380.746113524794  wtime =     4.810
[2026-04-16 10:52:01.024] [electrons:2wIIMQ] [info] step        85 :  t =      1.701  e = 380.746113226829  wtime =     4.789
[2026-04-16 10:52:05.843] [electrons:2wIIMQ] [info] step        86 :  t =      1.721  e = 380.746112928431  wtime =     4.819
[2026-04-16 10:52:10.682] [electrons:2wIIMQ] [info] step        87 :  t =      1.741  e = 380.746112629696  wtime =     4.839
[2026-04-16 10:52:15.411] [electrons:2wIIMQ] [info] step        88 :  t =      1.761  e = 380.746112330797  wtime =     4.729
[2026-04-16 10:52:20.176] [electrons:2wIIMQ] [info] step        89 :  t =      1.781  e = 380.746112031897  wtime =     4.765
  step=90  t=1.8008 a.u.  E=380.746112 Ha  Jz=4.226e+00
[2026-04-16 10:52:25.749] [electrons:2wIIMQ] [info] step        90 :  t =      1.801  e = 380.746111733120  wtime =     5.573
[2026-04-16 10:52:30.899] [electrons:2wIIMQ] [info] step        91 :  t =      1.821  e = 380.746111434554  wtime =     5.150
[2026-04-16 10:52:35.692] [electrons:2wIIMQ] [info] step        92 :  t =      1.841  e = 380.746111136319  wtime =     4.793
[2026-04-16 10:52:40.480] [electrons:2wIIMQ] [info] step        93 :  t =      1.861  e = 380.746110838638  wtime =     4.788
[2026-04-16 10:52:45.243] [electrons:2wIIMQ] [info] step        94 :  t =      1.881  e = 380.746110541870  wtime =     4.763
[2026-04-16 10:52:50.012] [electrons:2wIIMQ] [info] step        95 :  t =      1.901  e = 380.746110246442  wtime =     4.769
[2026-04-16 10:52:54.790] [electrons:2wIIMQ] [info] step        96 :  t =      1.921  e = 380.746109952752  wtime =     4.778
[2026-04-16 10:52:59.584] [electrons:2wIIMQ] [info] step        97 :  t =      1.941  e = 380.746109661110  wtime =     4.795
[2026-04-16 10:53:04.378] [electrons:2wIIMQ] [info] step        98 :  t =      1.961  e = 380.746109371735  wtime =     4.794
[2026-04-16 10:53:09.160] [electrons:2wIIMQ] [info] step        99 :  t =      1.981  e = 380.746109084811  wtime =     4.781
  step=100  t=2.0009 a.u.  E=380.746109 Ha  Jz=4.232e+00
[2026-04-16 10:53:14.634] [electrons:2wIIMQ] [info] step       100 :  t =      2.001  e = 380.746108800537  wtime =     5.475
[2026-04-16 10:53:19.747] [electrons:2wIIMQ] [info] step       101 :  t =      2.021  e = 380.746108519125  wtime =     5.112
[2026-04-16 10:53:24.607] [electrons:2wIIMQ] [info] step       102 :  t =      2.041  e = 380.746108240728  wtime =     4.861
[2026-04-16 10:53:29.412] [electrons:2wIIMQ] [info] step       103 :  t =      2.061  e = 380.746107965342  wtime =     4.805
[2026-04-16 10:53:34.262] [electrons:2wIIMQ] [info] step       104 :  t =      2.081  e = 380.746107692778  wtime =     4.849
[2026-04-16 10:53:39.083] [electrons:2wIIMQ] [info] step       105 :  t =      2.101  e = 380.746107422710  wtime =     4.821
[2026-04-16 10:53:43.938] [electrons:2wIIMQ] [info] step       106 :  t =      2.121  e = 380.746107154750  wtime =     4.855
[2026-04-16 10:53:48.765] [electrons:2wIIMQ] [info] step       107 :  t =      2.141  e = 380.746106888479  wtime =     4.827
[2026-04-16 10:53:53.526] [electrons:2wIIMQ] [info] step       108 :  t =      2.161  e = 380.746106623408  wtime =     4.761
[2026-04-16 10:53:58.463] [electrons:2wIIMQ] [info] step       109 :  t =      2.181  e = 380.746106675721  wtime =     4.937
  step=110  t=2.2010 a.u.  E=380.746106 Ha  Jz=4.241e+00
[2026-04-16 10:54:04.213] [electrons:2wIIMQ] [info] step       110 :  t =      2.201  e = 380.746106410928  wtime =     5.751
[2026-04-16 10:54:09.425] [electrons:2wIIMQ] [info] step       111 :  t =      2.221  e = 380.746106144878  wtime =     5.212
[2026-04-16 10:54:14.274] [electrons:2wIIMQ] [info] step       112 :  t =      2.241  e = 380.746106193436  wtime =     4.849
[2026-04-16 10:54:19.064] [electrons:2wIIMQ] [info] step       113 :  t =      2.261  e = 380.746106239112  wtime =     4.790
[2026-04-16 10:54:23.812] [electrons:2wIIMQ] [info] step       114 :  t =      2.281  e = 380.746105964435  wtime =     4.747
[2026-04-16 10:54:28.588] [electrons:2wIIMQ] [info] step       115 :  t =      2.301  e = 380.746105685748  wtime =     4.776
[2026-04-16 10:54:33.366] [electrons:2wIIMQ] [info] step       116 :  t =      2.321  e = 380.746105402431  wtime =     4.779
[2026-04-16 10:54:38.156] [electrons:2wIIMQ] [info] step       117 :  t =      2.341  e = 380.746105113713  wtime =     4.789
[2026-04-16 10:54:42.945] [electrons:2wIIMQ] [info] step       118 :  t =      2.361  e = 380.746104818837  wtime =     4.790
[2026-04-16 10:54:47.793] [electrons:2wIIMQ] [info] step       119 :  t =      2.381  e = 380.746104517341  wtime =     4.847
  step=120  t=2.4011 a.u.  E=380.746104 Ha  Jz=4.230e+00
[2026-04-16 10:54:53.223] [electrons:2wIIMQ] [info] step       120 :  t =      2.401  e = 380.746104209278  wtime =     5.431
[2026-04-16 10:54:58.430] [electrons:2wIIMQ] [info] step       121 :  t =      2.421  e = 380.746103895176  wtime =     5.207
[2026-04-16 10:55:03.302] [electrons:2wIIMQ] [info] step       122 :  t =      2.441  e = 380.746103575746  wtime =     4.872
[2026-04-16 10:55:08.066] [electrons:2wIIMQ] [info] step       123 :  t =      2.461  e = 380.746103251553  wtime =     4.764
[2026-04-16 10:55:12.871] [electrons:2wIIMQ] [info] step       124 :  t =      2.481  e = 380.746102922879  wtime =     4.805
[2026-04-16 10:55:17.664] [electrons:2wIIMQ] [info] step       125 :  t =      2.501  e = 380.746102906746  wtime =     4.792
[2026-04-16 10:55:22.553] [electrons:2wIIMQ] [info] step       126 :  t =      2.521  e = 380.746102569954  wtime =     4.889
[2026-04-16 10:55:27.395] [electrons:2wIIMQ] [info] step       127 :  t =      2.541  e = 380.746102230370  wtime =     4.842
[2026-04-16 10:55:32.177] [electrons:2wIIMQ] [info] step       128 :  t =      2.561  e = 380.746101889513  wtime =     4.782
[2026-04-16 10:55:36.968] [electrons:2wIIMQ] [info] step       129 :  t =      2.581  e = 380.746101548958  wtime =     4.791
  step=130  t=2.6012 a.u.  E=380.746101 Ha  Jz=4.161e+00
[2026-04-16 10:55:42.379] [electrons:2wIIMQ] [info] step       130 :  t =      2.601  e = 380.746101209818  wtime =     5.411
[2026-04-16 10:55:47.547] [electrons:2wIIMQ] [info] step       131 :  t =      2.621  e = 380.746100872519  wtime =     5.168
[2026-04-16 10:55:52.387] [electrons:2wIIMQ] [info] step       132 :  t =      2.641  e = 380.746100537027  wtime =     4.839
[2026-04-16 10:55:57.294] [electrons:2wIIMQ] [info] step       133 :  t =      2.661  e = 380.746100203376  wtime =     4.908
[2026-04-16 10:56:02.071] [electrons:2wIIMQ] [info] step       134 :  t =      2.681  e = 380.746100188925  wtime =     4.777
[2026-04-16 10:56:06.892] [electrons:2wIIMQ] [info] step       135 :  t =      2.701  e = 380.746100177942  wtime =     4.821
[2026-04-16 10:56:11.681] [electrons:2wIIMQ] [info] step       136 :  t =      2.721  e = 380.746100171600  wtime =     4.788
[2026-04-16 10:56:16.437] [electrons:2wIIMQ] [info] step       137 :  t =      2.741  e = 380.746099853819  wtime =     4.756
[2026-04-16 10:56:21.181] [electrons:2wIIMQ] [info] step       138 :  t =      2.761  e = 380.746099541367  wtime =     4.744
[2026-04-16 10:56:25.958] [electrons:2wIIMQ] [info] step       139 :  t =      2.781  e = 380.746099233585  wtime =     4.777
  step=140  t=2.8013 a.u.  E=380.746099 Ha  Jz=4.011e+00
[2026-04-16 10:56:31.392] [electrons:2wIIMQ] [info] step       140 :  t =      2.801  e = 380.746098929723  wtime =     5.434
[2026-04-16 10:56:36.478] [electrons:2wIIMQ] [info] step       141 :  t =      2.821  e = 380.746098629418  wtime =     5.085
[2026-04-16 10:56:41.222] [electrons:2wIIMQ] [info] step       142 :  t =      2.841  e = 380.746098649622  wtime =     4.744
[2026-04-16 10:56:46.046] [electrons:2wIIMQ] [info] step       143 :  t =      2.861  e = 380.746098356930  wtime =     4.824
[2026-04-16 10:56:50.789] [electrons:2wIIMQ] [info] step       144 :  t =      2.881  e = 380.746098068111  wtime =     4.744
[2026-04-16 10:56:55.617] [electrons:2wIIMQ] [info] step       145 :  t =      2.901  e = 380.746097782461  wtime =     4.827
[2026-04-16 10:57:00.445] [electrons:2wIIMQ] [info] step       146 :  t =      2.921  e = 380.746097498736  wtime =     4.828
[2026-04-16 10:57:05.247] [electrons:2wIIMQ] [info] step       147 :  t =      2.941  e = 380.746097215599  wtime =     4.802
[2026-04-16 10:57:10.028] [electrons:2wIIMQ] [info] step       148 :  t =      2.961  e = 380.746097248923  wtime =     4.781
[2026-04-16 10:57:14.787] [electrons:2wIIMQ] [info] step       149 :  t =      2.981  e = 380.746096964608  wtime =     4.758
  step=150  t=3.0014 a.u.  E=380.746097 Ha  Jz=3.786e+00
[2026-04-16 10:57:20.301] [electrons:2wIIMQ] [info] step       150 :  t =      3.001  e = 380.746096679347  wtime =     5.514
[2026-04-16 10:57:25.489] [electrons:2wIIMQ] [info] step       151 :  t =      3.021  e = 380.746096392908  wtime =     5.189
[2026-04-16 10:57:30.353] [electrons:2wIIMQ] [info] step       152 :  t =      3.041  e = 380.746096104707  wtime =     4.863
[2026-04-16 10:57:35.153] [electrons:2wIIMQ] [info] step       153 :  t =      3.061  e = 380.746095813808  wtime =     4.800
[2026-04-16 10:57:39.981] [electrons:2wIIMQ] [info] step       154 :  t =      3.081  e = 380.746095519191  wtime =     4.828
[2026-04-16 10:57:44.805] [electrons:2wIIMQ] [info] step       155 :  t =      3.101  e = 380.746094903293  wtime =     4.824
[2026-04-16 10:57:49.616] [electrons:2wIIMQ] [info] step       156 :  t =      3.121  e = 380.746094599455  wtime =     4.811
[2026-04-16 10:57:54.429] [electrons:2wIIMQ] [info] step       157 :  t =      3.141  e = 380.746094290871  wtime =     4.813
[2026-04-16 10:57:59.283] [electrons:2wIIMQ] [info] step       158 :  t =      3.161  e = 380.746093977564  wtime =     4.854
[2026-04-16 10:58:04.022] [electrons:2wIIMQ] [info] step       159 :  t =      3.181  e = 380.746093659396  wtime =     4.739
  step=160  t=3.2015 a.u.  E=380.746094 Ha  Jz=3.521e+00  [LEED]
[2026-04-16 10:58:09.500] [electrons:2wIIMQ] [info] step       160 :  t =      3.201  e = 380.746093652895  wtime =     5.478
[2026-04-16 10:58:15.072] [electrons:2wIIMQ] [info] step       161 :  t =      3.221  e = 380.746093007225  wtime =     5.572
[2026-04-16 10:58:20.662] [electrons:2wIIMQ] [info] step       162 :  t =      3.241  e = 380.746092672656  wtime =     5.591
[2026-04-16 10:58:25.945] [electrons:2wIIMQ] [info] step       163 :  t =      3.262  e = 380.746092332411  wtime =     5.283
[2026-04-16 10:58:31.417] [electrons:2wIIMQ] [info] step       164 :  t =      3.282  e = 380.746091986772  wtime =     5.472
[2026-04-16 10:58:36.992] [electrons:2wIIMQ] [info] step       165 :  t =      3.302  e = 380.746091636035  wtime =     5.575
[2026-04-16 10:58:42.400] [electrons:2wIIMQ] [info] step       166 :  t =      3.322  e = 380.746091280380  wtime =     5.407
[2026-04-16 10:58:47.937] [electrons:2wIIMQ] [info] step       167 :  t =      3.342  e = 380.746090919942  wtime =     5.538
[2026-04-16 10:58:53.401] [electrons:2wIIMQ] [info] step       168 :  t =      3.362  e = 380.746090871733  wtime =     5.463
[2026-04-16 10:58:58.890] [electrons:2wIIMQ] [info] step       169 :  t =      3.382  e = 380.746090502361  wtime =     5.489
  step=170  t=3.4016 a.u.  E=380.746090 Ha  Jz=3.262e+00  [LEED]
[2026-04-16 10:59:04.564] [electrons:2wIIMQ] [info] step       170 :  t =      3.402  e = 380.746090128948  wtime =     5.674
[2026-04-16 10:59:10.046] [electrons:2wIIMQ] [info] step       171 :  t =      3.422  e = 380.746089751878  wtime =     5.482
[2026-04-16 10:59:15.404] [electrons:2wIIMQ] [info] step       172 :  t =      3.442  e = 380.746089688342  wtime =     5.358
[2026-04-16 10:59:20.775] [electrons:2wIIMQ] [info] step       173 :  t =      3.462  e = 380.746089305006  wtime =     5.371
[2026-04-16 10:59:26.134] [electrons:2wIIMQ] [info] step       174 :  t =      3.482  e = 380.746089235726  wtime =     5.359
[2026-04-16 10:59:31.613] [electrons:2wIIMQ] [info] step       175 :  t =      3.502  e = 380.746088847177  wtime =     5.479
[2026-04-16 10:59:37.040] [electrons:2wIIMQ] [info] step       176 :  t =      3.522  e = 380.746088456686  wtime =     5.428
[2026-04-16 10:59:42.586] [electrons:2wIIMQ] [info] step       177 :  t =      3.542  e = 380.746088064688  wtime =     5.545
[2026-04-16 10:59:48.099] [electrons:2wIIMQ] [info] step       178 :  t =      3.562  e = 380.746087671473  wtime =     5.513
[2026-04-16 10:59:53.594] [electrons:2wIIMQ] [info] step       179 :  t =      3.582  e = 380.746087594117  wtime =     5.495
  step=180  t=3.6017 a.u.  E=380.746087 Ha  Jz=3.049e+00  [LEED]
[2026-04-16 10:59:59.308] [electrons:2wIIMQ] [info] step       180 :  t =      3.602  e = 380.746087199160  wtime =     5.714
[2026-04-16 11:00:04.808] [electrons:2wIIMQ] [info] step       181 :  t =      3.622  e = 380.746086803574  wtime =     5.501
[2026-04-16 11:00:10.201] [electrons:2wIIMQ] [info] step       182 :  t =      3.642  e = 380.746086724389  wtime =     5.392
[2026-04-16 11:00:15.554] [electrons:2wIIMQ] [info] step       183 :  t =      3.662  e = 380.746086011586  wtime =     5.353
[2026-04-16 11:00:20.935] [electrons:2wIIMQ] [info] step       184 :  t =      3.682  e = 380.746085616146  wtime =     5.381
[2026-04-16 11:00:26.350] [electrons:2wIIMQ] [info] step       185 :  t =      3.702  e = 380.746085221491  wtime =     5.416
[2026-04-16 11:00:31.921] [electrons:2wIIMQ] [info] step       186 :  t =      3.722  e = 380.746084827523  wtime =     5.571
[2026-04-16 11:00:37.374] [electrons:2wIIMQ] [info] step       187 :  t =      3.742  e = 380.746084434227  wtime =     5.453
[2026-04-16 11:00:42.905] [electrons:2wIIMQ] [info] step       188 :  t =      3.762  e = 380.746084041712  wtime =     5.531
[2026-04-16 11:00:48.508] [electrons:2wIIMQ] [info] step       189 :  t =      3.782  e = 380.746083333286  wtime =     5.603
  step=190  t=3.8018 a.u.  E=380.746083 Ha  Jz=2.907e+00  [LEED]
[2026-04-16 11:00:54.420] [electrons:2wIIMQ] [info] step       190 :  t =      3.802  e = 380.746082942712  wtime =     5.912
[2026-04-16 11:00:59.971] [electrons:2wIIMQ] [info] step       191 :  t =      3.822  e = 380.746082553615  wtime =     5.551
[2026-04-16 11:01:05.403] [electrons:2wIIMQ] [info] step       192 :  t =      3.842  e = 380.746082166284  wtime =     5.432
[2026-04-16 11:01:10.834] [electrons:2wIIMQ] [info] step       193 :  t =      3.862  e = 380.746081780727  wtime =     5.431
[2026-04-16 11:01:16.279] [electrons:2wIIMQ] [info] step       194 :  t =      3.882  e = 380.746081396462  wtime =     5.445
[2026-04-16 11:01:21.715] [electrons:2wIIMQ] [info] step       195 :  t =      3.902  e = 380.746081013211  wtime =     5.436
[2026-04-16 11:01:27.134] [electrons:2wIIMQ] [info] step       196 :  t =      3.922  e = 380.746080631181  wtime =     5.419
[2026-04-16 11:01:32.606] [electrons:2wIIMQ] [info] step       197 :  t =      3.942  e = 380.746080250657  wtime =     5.471
[2026-04-16 11:01:38.020] [electrons:2wIIMQ] [info] step       198 :  t =      3.962  e = 380.746079871725  wtime =     5.414
[2026-04-16 11:01:43.390] [electrons:2wIIMQ] [info] step       199 :  t =      3.982  e = 380.746079494511  wtime =     5.370
  step=200  t=4.0018 a.u.  E=380.746079 Ha  Jz=2.843e+00  [LEED]
[2026-04-16 11:01:49.019] [electrons:2wIIMQ] [info] step       200 :  t =      4.002  e = 380.746078802410  wtime =     5.630
[2026-04-16 11:01:54.492] [electrons:2wIIMQ] [info] step       201 :  t =      4.022  e = 380.746078428792  wtime =     5.472
[2026-04-16 11:01:59.830] [electrons:2wIIMQ] [info] step       202 :  t =      4.042  e = 380.746078056206  wtime =     5.338
[2026-04-16 11:02:05.276] [electrons:2wIIMQ] [info] step       203 :  t =      4.062  e = 380.746077684275  wtime =     5.446
[2026-04-16 11:02:10.714] [electrons:2wIIMQ] [info] step       204 :  t =      4.082  e = 380.746077313340  wtime =     5.438
[2026-04-16 11:02:16.068] [electrons:2wIIMQ] [info] step       205 :  t =      4.102  e = 380.746076627084  wtime =     5.354
[2026-04-16 11:02:21.397] [electrons:2wIIMQ] [info] step       206 :  t =      4.122  e = 380.746076259190  wtime =     5.329
[2026-04-16 11:02:26.848] [electrons:2wIIMQ] [info] step       207 :  t =      4.142  e = 380.746075892612  wtime =     5.450
[2026-04-16 11:02:32.355] [electrons:2wIIMQ] [info] step       208 :  t =      4.162  e = 380.746075527294  wtime =     5.508
[2026-04-16 11:02:37.870] [electrons:2wIIMQ] [info] step       209 :  t =      4.182  e = 380.746075163129  wtime =     5.515
  step=210  t=4.2019 a.u.  E=380.746074 Ha  Jz=2.851e+00  [LEED]
[2026-04-16 11:02:43.730] [electrons:2wIIMQ] [info] step       210 :  t =      4.202  e = 380.746074482802  wtime =     5.860
[2026-04-16 11:02:49.203] [electrons:2wIIMQ] [info] step       211 :  t =      4.222  e = 380.746074119518  wtime =     5.474
[2026-04-16 11:02:54.830] [electrons:2wIIMQ] [info] step       212 :  t =      4.242  e = 380.746073756641  wtime =     5.626
[2026-04-16 11:03:00.288] [electrons:2wIIMQ] [info] step       213 :  t =      4.262  e = 380.746073394807  wtime =     5.459
[2026-04-16 11:03:05.721] [electrons:2wIIMQ] [info] step       214 :  t =      4.282  e = 380.746072717424  wtime =     5.433
[2026-04-16 11:03:11.354] [electrons:2wIIMQ] [info] step       215 :  t =      4.302  e = 380.746072357801  wtime =     5.633
[2026-04-16 11:03:16.783] [electrons:2wIIMQ] [info] step       216 :  t =      4.322  e = 380.746071998599  wtime =     5.429
[2026-04-16 11:03:22.463] [electrons:2wIIMQ] [info] step       217 :  t =      4.342  e = 380.746071639684  wtime =     5.680
[2026-04-16 11:03:27.937] [electrons:2wIIMQ] [info] step       218 :  t =      4.362  e = 380.746071281127  wtime =     5.474
[2026-04-16 11:03:33.495] [electrons:2wIIMQ] [info] step       219 :  t =      4.382  e = 380.746070922907  wtime =     5.558
  step=220  t=4.4020 a.u.  E=380.746071 Ha  Jz=2.916e+00  [LEED]
[2026-04-16 11:03:39.144] [electrons:2wIIMQ] [info] step       220 :  t =      4.402  e = 380.746070564935  wtime =     5.649
[2026-04-16 11:03:44.868] [electrons:2wIIMQ] [info] step       221 :  t =      4.422  e = 380.746070207247  wtime =     5.725
[2026-04-16 11:03:50.323] [electrons:2wIIMQ] [info] step       222 :  t =      4.442  e = 380.746069533183  wtime =     5.455
[2026-04-16 11:03:55.835] [electrons:2wIIMQ] [info] step       223 :  t =      4.462  e = 380.746069176435  wtime =     5.512
[2026-04-16 11:04:01.336] [electrons:2wIIMQ] [info] step       224 :  t =      4.482  e = 380.746068820007  wtime =     5.501
[2026-04-16 11:04:06.770] [electrons:2wIIMQ] [info] step       225 :  t =      4.502  e = 380.746068463573  wtime =     5.434
[2026-04-16 11:04:12.314] [electrons:2wIIMQ] [info] step       226 :  t =      4.522  e = 380.746068106953  wtime =     5.544
[2026-04-16 11:04:17.762] [electrons:2wIIMQ] [info] step       227 :  t =      4.542  e = 380.746067433471  wtime =     5.448
[2026-04-16 11:04:23.251] [electrons:2wIIMQ] [info] step       228 :  t =      4.562  e = 380.746067077160  wtime =     5.490
[2026-04-16 11:04:28.693] [electrons:2wIIMQ] [info] step       229 :  t =      4.582  e = 380.746066721299  wtime =     5.442
  step=230  t=4.6021 a.u.  E=380.746066 Ha  Jz=3.020e+00  [LEED]
[2026-04-16 11:04:34.480] [electrons:2wIIMQ] [info] step       230 :  t =      4.602  e = 380.746066048797  wtime =     5.787
[2026-04-16 11:04:40.157] [electrons:2wIIMQ] [info] step       231 :  t =      4.622  e = 380.746065376065  wtime =     5.677
[2026-04-16 11:04:45.899] [electrons:2wIIMQ] [info] step       232 :  t =      4.642  e = 380.746064702981  wtime =     5.742
[2026-04-16 11:04:51.372] [electrons:2wIIMQ] [info] step       233 :  t =      4.662  e = 380.746064346592  wtime =     5.473
[2026-04-16 11:04:56.882] [electrons:2wIIMQ] [info] step       234 :  t =      4.682  e = 380.746063990332  wtime =     5.510
[2026-04-16 11:05:02.318] [electrons:2wIIMQ] [info] step       235 :  t =      4.702  e = 380.746063634253  wtime =     5.436
[2026-04-16 11:05:07.860] [electrons:2wIIMQ] [info] step       236 :  t =      4.722  e = 380.746063278226  wtime =     5.542
[2026-04-16 11:05:13.374] [electrons:2wIIMQ] [info] step       237 :  t =      4.742  e = 380.746062605301  wtime =     5.514
[2026-04-16 11:05:18.841] [electrons:2wIIMQ] [info] step       238 :  t =      4.762  e = 380.746061932276  wtime =     5.467
[2026-04-16 11:05:24.463] [electrons:2wIIMQ] [info] step       239 :  t =      4.782  e = 380.746061576025  wtime =     5.622
  step=240  t=4.8022 a.u.  E=380.746061 Ha  Jz=3.145e+00  [LEED]
[2026-04-16 11:05:30.348] [electrons:2wIIMQ] [info] step       240 :  t =      4.802  e = 380.746061219783  wtime =     5.885
[2026-04-16 11:05:35.921] [electrons:2wIIMQ] [info] step       241 :  t =      4.822  e = 380.746060229836  wtime =     5.573
[2026-04-16 11:05:41.322] [electrons:2wIIMQ] [info] step       242 :  t =      4.842  e = 380.746059873378  wtime =     5.401
[2026-04-16 11:05:46.710] [electrons:2wIIMQ] [info] step       243 :  t =      4.862  e = 380.746059516697  wtime =     5.388
[2026-04-16 11:05:52.113] [electrons:2wIIMQ] [info] step       244 :  t =      4.882  e = 380.746059159885  wtime =     5.404
[2026-04-16 11:05:57.523] [electrons:2wIIMQ] [info] step       245 :  t =      4.902  e = 380.746058803098  wtime =     5.409
[2026-04-16 11:06:02.906] [electrons:2wIIMQ] [info] step       246 :  t =      4.922  e = 380.746058446405  wtime =     5.383
[2026-04-16 11:06:08.455] [electrons:2wIIMQ] [info] step       247 :  t =      4.942  e = 380.746058089735  wtime =     5.549
[2026-04-16 11:06:13.944] [electrons:2wIIMQ] [info] step       248 :  t =      4.962  e = 380.746057732952  wtime =     5.489
[2026-04-16 11:06:19.492] [electrons:2wIIMQ] [info] step       249 :  t =      4.982  e = 380.746057375978  wtime =     5.549
  step=250  t=5.0023 a.u.  E=380.746057 Ha  Jz=3.278e+00  [LEED]
[2026-04-16 11:06:25.282] [electrons:2wIIMQ] [info] step       250 :  t =      5.002  e = 380.746057018853  wtime =     5.789
[2026-04-16 11:06:30.900] [electrons:2wIIMQ] [info] step       251 :  t =      5.022  e = 380.746056661713  wtime =     5.618
[2026-04-16 11:06:36.357] [electrons:2wIIMQ] [info] step       252 :  t =      5.042  e = 380.746056304673  wtime =     5.457
[2026-04-16 11:06:41.895] [electrons:2wIIMQ] [info] step       253 :  t =      5.062  e = 380.746055947719  wtime =     5.538
[2026-04-16 11:06:47.429] [electrons:2wIIMQ] [info] step       254 :  t =      5.082  e = 380.746055590717  wtime =     5.534
[2026-04-16 11:06:52.869] [electrons:2wIIMQ] [info] step       255 :  t =      5.102  e = 380.746055233527  wtime =     5.440
[2026-04-16 11:06:58.589] [electrons:2wIIMQ] [info] step       256 :  t =      5.122  e = 380.746054876112  wtime =     5.720
[2026-04-16 11:07:04.218] [electrons:2wIIMQ] [info] step       257 :  t =      5.142  e = 380.746054518552  wtime =     5.629
[2026-04-16 11:07:09.758] [electrons:2wIIMQ] [info] step       258 :  t =      5.162  e = 380.746054160981  wtime =     5.540
[2026-04-16 11:07:15.258] [electrons:2wIIMQ] [info] step       259 :  t =      5.182  e = 380.746053486687  wtime =     5.500
  step=260  t=5.2024 a.u.  E=380.746053 Ha  Jz=3.407e+00  [LEED]
[2026-04-16 11:07:20.874] [electrons:2wIIMQ] [info] step       260 :  t =      5.202  e = 380.746053129317  wtime =     5.616
[2026-04-16 11:07:26.288] [electrons:2wIIMQ] [info] step       261 :  t =      5.222  e = 380.746052771977  wtime =     5.414
[2026-04-16 11:07:31.675] [electrons:2wIIMQ] [info] step       262 :  t =      5.242  e = 380.746052414568  wtime =     5.387
[2026-04-16 11:07:37.088] [electrons:2wIIMQ] [info] step       263 :  t =      5.262  e = 380.746052057050  wtime =     5.413
[2026-04-16 11:07:42.513] [electrons:2wIIMQ] [info] step       264 :  t =      5.282  e = 380.746051699450  wtime =     5.425
[2026-04-16 11:07:48.150] [electrons:2wIIMQ] [info] step       265 :  t =      5.302  e = 380.746051341839  wtime =     5.637
[2026-04-16 11:07:53.560] [electrons:2wIIMQ] [info] step       266 :  t =      5.322  e = 380.746050350619  wtime =     5.410
[2026-04-16 11:07:59.061] [electrons:2wIIMQ] [info] step       267 :  t =      5.342  e = 380.746049993134  wtime =     5.501
[2026-04-16 11:08:04.743] [electrons:2wIIMQ] [info] step       268 :  t =      5.362  e = 380.746049635676  wtime =     5.682
[2026-04-16 11:08:10.221] [electrons:2wIIMQ] [info] step       269 :  t =      5.382  e = 380.746048961326  wtime =     5.478
  step=270  t=5.4025 a.u.  E=380.746049 Ha  Jz=3.523e+00  [LEED]
[2026-04-16 11:08:15.808] [electrons:2wIIMQ] [info] step       270 :  t =      5.402  e = 380.746048603703  wtime =     5.587
[2026-04-16 11:08:21.389] [electrons:2wIIMQ] [info] step       271 :  t =      5.422  e = 380.746048245963  wtime =     5.581
[2026-04-16 11:08:26.797] [electrons:2wIIMQ] [info] step       272 :  t =      5.443  e = 380.746047888148  wtime =     5.408
[2026-04-16 11:08:32.452] [electrons:2wIIMQ] [info] step       273 :  t =      5.463  e = 380.746047530336  wtime =     5.655
[2026-04-16 11:08:38.020] [electrons:2wIIMQ] [info] step       274 :  t =      5.483  e = 380.746047172603  wtime =     5.568
[2026-04-16 11:08:43.561] [electrons:2wIIMQ] [info] step       275 :  t =      5.503  e = 380.746046498179  wtime =     5.541
[2026-04-16 11:08:49.215] [electrons:2wIIMQ] [info] step       276 :  t =      5.523  e = 380.746046140643  wtime =     5.654
[2026-04-16 11:08:54.702] [electrons:2wIIMQ] [info] step       277 :  t =      5.543  e = 380.746045783117  wtime =     5.487
[2026-04-16 11:09:00.299] [electrons:2wIIMQ] [info] step       278 :  t =      5.563  e = 380.746045425532  wtime =     5.597
[2026-04-16 11:09:05.715] [electrons:2wIIMQ] [info] step       279 :  t =      5.583  e = 380.746045067848  wtime =     5.416
  step=280  t=5.6026 a.u.  E=380.746045 Ha  Jz=3.623e+00  [LEED]
[2026-04-16 11:09:11.398] [electrons:2wIIMQ] [info] step       280 :  t =      5.603  e = 380.746044710086  wtime =     5.683
[2026-04-16 11:09:16.890] [electrons:2wIIMQ] [info] step       281 :  t =      5.623  e = 380.746044352326  wtime =     5.492
[2026-04-16 11:09:22.405] [electrons:2wIIMQ] [info] step       282 :  t =      5.643  e = 380.746043677841  wtime =     5.515
[2026-04-16 11:09:27.920] [electrons:2wIIMQ] [info] step       283 :  t =      5.663  e = 380.746043003487  wtime =     5.514
[2026-04-16 11:09:33.417] [electrons:2wIIMQ] [info] step       284 :  t =      5.683  e = 380.746042646028  wtime =     5.497
[2026-04-16 11:09:38.889] [electrons:2wIIMQ] [info] step       285 :  t =      5.703  e = 380.746042288532  wtime =     5.472
[2026-04-16 11:09:44.308] [electrons:2wIIMQ] [info] step       286 :  t =      5.723  e = 380.746041930883  wtime =     5.419
[2026-04-16 11:09:49.768] [electrons:2wIIMQ] [info] step       287 :  t =      5.743  e = 380.746041573027  wtime =     5.460
[2026-04-16 11:09:55.360] [electrons:2wIIMQ] [info] step       288 :  t =      5.763  e = 380.746041215025  wtime =     5.591
[2026-04-16 11:10:00.955] [electrons:2wIIMQ] [info] step       289 :  t =      5.783  e = 380.746040857037  wtime =     5.595
  step=290  t=5.8027 a.u.  E=380.746040 Ha  Jz=3.706e+00  [LEED]
[2026-04-16 11:10:06.719] [electrons:2wIIMQ] [info] step       290 :  t =      5.803  e = 380.746040499214  wtime =     5.765
[2026-04-16 11:10:12.428] [electrons:2wIIMQ] [info] step       291 :  t =      5.823  e = 380.746040141604  wtime =     5.709
[2026-04-16 11:10:17.964] [electrons:2wIIMQ] [info] step       292 :  t =      5.843  e = 380.746039784140  wtime =     5.536
[2026-04-16 11:10:23.414] [electrons:2wIIMQ] [info] step       293 :  t =      5.863  e = 380.746039426673  wtime =     5.450
[2026-04-16 11:10:28.785] [electrons:2wIIMQ] [info] step       294 :  t =      5.883  e = 380.746039069044  wtime =     5.371
[2026-04-16 11:10:34.113] [electrons:2wIIMQ] [info] step       295 :  t =      5.903  e = 380.746038711179  wtime =     5.328
[2026-04-16 11:10:39.484] [electrons:2wIIMQ] [info] step       296 :  t =      5.923  e = 380.746038353164  wtime =     5.371
[2026-04-16 11:10:44.994] [electrons:2wIIMQ] [info] step       297 :  t =      5.943  e = 380.746037995177  wtime =     5.510
[2026-04-16 11:10:50.617] [electrons:2wIIMQ] [info] step       298 :  t =      5.963  e = 380.746037637358  wtime =     5.624
[2026-04-16 11:10:56.049] [electrons:2wIIMQ] [info] step       299 :  t =      5.983  e = 380.746037596567  wtime =     5.432
  step=300  t=6.0028 a.u.  E=380.746037 Ha  Jz=3.771e+00  [LEED]
[2026-04-16 11:11:01.752] [electrons:2wIIMQ] [info] step       300 :  t =      6.003  e = 380.746037239086  wtime =     5.703
[2026-04-16 11:11:07.568] [electrons:2wIIMQ] [info] step       301 :  t =      6.023  e = 380.746037198384  wtime =     5.816
[2026-04-16 11:11:13.117] [electrons:2wIIMQ] [info] step       302 :  t =      6.043  e = 380.746036840667  wtime =     5.549
[2026-04-16 11:11:18.559] [electrons:2wIIMQ] [info] step       303 :  t =      6.063  e = 380.746036482689  wtime =     5.442
[2026-04-16 11:11:23.998] [electrons:2wIIMQ] [info] step       304 :  t =      6.083  e = 380.746036124555  wtime =     5.439
[2026-04-16 11:11:29.434] [electrons:2wIIMQ] [info] step       305 :  t =      6.103  e = 380.746035766414  wtime =     5.436
[2026-04-16 11:11:34.812] [electrons:2wIIMQ] [info] step       306 :  t =      6.123  e = 380.746035408362  wtime =     5.378
[2026-04-16 11:11:40.213] [electrons:2wIIMQ] [info] step       307 :  t =      6.143  e = 380.746035050430  wtime =     5.401
[2026-04-16 11:11:45.619] [electrons:2wIIMQ] [info] step       308 :  t =      6.163  e = 380.746034692580  wtime =     5.406
[2026-04-16 11:11:51.003] [electrons:2wIIMQ] [info] step       309 :  t =      6.183  e = 380.746034334696  wtime =     5.384
  step=310  t=6.2029 a.u.  E=380.746034 Ha  Jz=3.820e+00  [LEED]
[2026-04-16 11:11:56.631] [electrons:2wIIMQ] [info] step       310 :  t =      6.203  e = 380.746033976680  wtime =     5.628
[2026-04-16 11:12:02.117] [electrons:2wIIMQ] [info] step       311 :  t =      6.223  e = 380.746033618563  wtime =     5.486
[2026-04-16 11:12:07.653] [electrons:2wIIMQ] [info] step       312 :  t =      6.243  e = 380.746033260452  wtime =     5.536
[2026-04-16 11:12:13.104] [electrons:2wIIMQ] [info] step       313 :  t =      6.263  e = 380.746032902394  wtime =     5.452
[2026-04-16 11:12:18.675] [electrons:2wIIMQ] [info] step       314 :  t =      6.283  e = 380.746032544362  wtime =     5.570
[2026-04-16 11:12:24.317] [electrons:2wIIMQ] [info] step       315 :  t =      6.303  e = 380.746032186325  wtime =     5.643
[2026-04-16 11:12:29.743] [electrons:2wIIMQ] [info] step       316 :  t =      6.323  e = 380.746031828223  wtime =     5.425
[2026-04-16 11:12:35.144] [electrons:2wIIMQ] [info] step       317 :  t =      6.343  e = 380.746031469965  wtime =     5.401
[2026-04-16 11:12:40.607] [electrons:2wIIMQ] [info] step       318 :  t =      6.363  e = 380.746031428377  wtime =     5.463
[2026-04-16 11:12:46.214] [electrons:2wIIMQ] [info] step       319 :  t =      6.383  e = 380.746031069985  wtime =     5.607
  step=320  t=6.4030 a.u.  E=380.746031 Ha  Jz=3.854e+00  [LEED]
[2026-04-16 11:12:51.982] [electrons:2wIIMQ] [info] step       320 :  t =      6.403  e = 380.746030711742  wtime =     5.768
[2026-04-16 11:12:57.569] [electrons:2wIIMQ] [info] step       321 :  t =      6.423  e = 380.746030353624  wtime =     5.588
[2026-04-16 11:13:03.073] [electrons:2wIIMQ] [info] step       322 :  t =      6.443  e = 380.746029995540  wtime =     5.504
[2026-04-16 11:13:08.781] [electrons:2wIIMQ] [info] step       323 :  t =      6.463  e = 380.746029637411  wtime =     5.707
[2026-04-16 11:13:14.238] [electrons:2wIIMQ] [info] step       324 :  t =      6.483  e = 380.746029279102  wtime =     5.457
[2026-04-16 11:13:19.664] [electrons:2wIIMQ] [info] step       325 :  t =      6.503  e = 380.746028920471  wtime =     5.426
[2026-04-16 11:13:25.139] [electrons:2wIIMQ] [info] step       326 :  t =      6.523  e = 380.746028561583  wtime =     5.474
[2026-04-16 11:13:30.610] [electrons:2wIIMQ] [info] step       327 :  t =      6.543  e = 380.746028519508  wtime =     5.471
[2026-04-16 11:13:36.123] [electrons:2wIIMQ] [info] step       328 :  t =      6.563  e = 380.746028160763  wtime =     5.513
[2026-04-16 11:13:41.648] [electrons:2wIIMQ] [info] step       329 :  t =      6.583  e = 380.746027802144  wtime =     5.525
  step=330  t=6.6030 a.u.  E=380.746027 Ha  Jz=3.878e+00  [LEED]
[2026-04-16 11:13:47.389] [electrons:2wIIMQ] [info] step       330 :  t =      6.603  e = 380.746027443623  wtime =     5.741
[2026-04-16 11:13:52.971] [electrons:2wIIMQ] [info] step       331 :  t =      6.623  e = 380.746027085185  wtime =     5.582
[2026-04-16 11:13:58.364] [electrons:2wIIMQ] [info] step       332 :  t =      6.643  e = 380.746026726673  wtime =     5.393
[2026-04-16 11:14:03.769] [electrons:2wIIMQ] [info] step       333 :  t =      6.663  e = 380.746026367900  wtime =     5.405
[2026-04-16 11:14:09.321] [electrons:2wIIMQ] [info] step       334 :  t =      6.683  e = 380.746026008924  wtime =     5.553
[2026-04-16 11:14:14.884] [electrons:2wIIMQ] [info] step       335 :  t =      6.703  e = 380.746025966782  wtime =     5.563
[2026-04-16 11:14:20.425] [electrons:2wIIMQ] [info] step       336 :  t =      6.723  e = 380.746025607851  wtime =     5.541
[2026-04-16 11:14:25.876] [electrons:2wIIMQ] [info] step       337 :  t =      6.743  e = 380.746025248846  wtime =     5.452
[2026-04-16 11:14:31.363] [electrons:2wIIMQ] [info] step       338 :  t =      6.763  e = 380.746024889802  wtime =     5.487
[2026-04-16 11:14:36.895] [electrons:2wIIMQ] [info] step       339 :  t =      6.783  e = 380.746024530826  wtime =     5.532
  step=340  t=6.8031 a.u.  E=380.746024 Ha  Jz=3.891e+00  [LEED]
[2026-04-16 11:14:42.512] [electrons:2wIIMQ] [info] step       340 :  t =      6.803  e = 380.746024171825  wtime =     5.618
[2026-04-16 11:14:47.993] [electrons:2wIIMQ] [info] step       341 :  t =      6.823  e = 380.746023812644  wtime =     5.481
[2026-04-16 11:14:53.363] [electrons:2wIIMQ] [info] step       342 :  t =      6.843  e = 380.746023453394  wtime =     5.370
[2026-04-16 11:14:58.749] [electrons:2wIIMQ] [info] step       343 :  t =      6.863  e = 380.746023094286  wtime =     5.386
[2026-04-16 11:15:04.146] [electrons:2wIIMQ] [info] step       344 :  t =      6.883  e = 380.746022735249  wtime =     5.397
[2026-04-16 11:15:09.544] [electrons:2wIIMQ] [info] step       345 :  t =      6.903  e = 380.746022376064  wtime =     5.398
[2026-04-16 11:15:14.954] [electrons:2wIIMQ] [info] step       346 :  t =      6.923  e = 380.746022016745  wtime =     5.410
[2026-04-16 11:15:20.341] [electrons:2wIIMQ] [info] step       347 :  t =      6.943  e = 380.746021657438  wtime =     5.388
[2026-04-16 11:15:25.659] [electrons:2wIIMQ] [info] step       348 :  t =      6.963  e = 380.746021298060  wtime =     5.318
[2026-04-16 11:15:31.101] [electrons:2wIIMQ] [info] step       349 :  t =      6.983  e = 380.746020938423  wtime =     5.442
  step=350  t=7.0032 a.u.  E=380.746021 Ha  Jz=3.897e+00  [LEED]
[2026-04-16 11:15:36.944] [electrons:2wIIMQ] [info] step       350 :  t =      7.003  e = 380.746020578619  wtime =     5.842
[2026-04-16 11:15:42.632] [electrons:2wIIMQ] [info] step       351 :  t =      7.023  e = 380.746020218894  wtime =     5.688
[2026-04-16 11:15:48.071] [electrons:2wIIMQ] [info] step       352 :  t =      7.043  e = 380.746019859230  wtime =     5.440
[2026-04-16 11:15:53.788] [electrons:2wIIMQ] [info] step       353 :  t =      7.063  e = 380.746019499416  wtime =     5.717
[2026-04-16 11:15:59.407] [electrons:2wIIMQ] [info] step       354 :  t =      7.083  e = 380.746019139466  wtime =     5.619
[2026-04-16 11:16:04.889] [electrons:2wIIMQ] [info] step       355 :  t =      7.103  e = 380.746018779609  wtime =     5.482
[2026-04-16 11:16:10.299] [electrons:2wIIMQ] [info] step       356 :  t =      7.123  e = 380.746018419891  wtime =     5.410
[2026-04-16 11:16:15.747] [electrons:2wIIMQ] [info] step       357 :  t =      7.143  e = 380.746018060136  wtime =     5.448
[2026-04-16 11:16:21.151] [electrons:2wIIMQ] [info] step       358 :  t =      7.163  e = 380.746017700270  wtime =     5.404
[2026-04-16 11:16:26.612] [electrons:2wIIMQ] [info] step       359 :  t =      7.183  e = 380.746017340386  wtime =     5.461
  step=360  t=7.2033 a.u.  E=380.746017 Ha  Jz=3.898e+00  [LEED]
[2026-04-16 11:16:32.284] [electrons:2wIIMQ] [info] step       360 :  t =      7.203  e = 380.746016980460  wtime =     5.672
[2026-04-16 11:16:37.951] [electrons:2wIIMQ] [info] step       361 :  t =      7.223  e = 380.746016937103  wtime =     5.668
[2026-04-16 11:16:43.516] [electrons:2wIIMQ] [info] step       362 :  t =      7.243  e = 380.746016576584  wtime =     5.565
[2026-04-16 11:16:48.991] [electrons:2wIIMQ] [info] step       363 :  t =      7.263  e = 380.746016215915  wtime =     5.474
[2026-04-16 11:16:54.492] [electrons:2wIIMQ] [info] step       364 :  t =      7.283  e = 380.746015855339  wtime =     5.501
[2026-04-16 11:16:59.951] [electrons:2wIIMQ] [info] step       365 :  t =      7.303  e = 380.746015494905  wtime =     5.459
[2026-04-16 11:17:05.349] [electrons:2wIIMQ] [info] step       366 :  t =      7.323  e = 380.746015134536  wtime =     5.398
[2026-04-16 11:17:10.985] [electrons:2wIIMQ] [info] step       367 :  t =      7.343  e = 380.746014774208  wtime =     5.636
[2026-04-16 11:17:16.636] [electrons:2wIIMQ] [info] step       368 :  t =      7.363  e = 380.746014413923  wtime =     5.651
[2026-04-16 11:17:22.039] [electrons:2wIIMQ] [info] step       369 :  t =      7.383  e = 380.746014053583  wtime =     5.403
  step=370  t=7.4034 a.u.  E=380.746014 Ha  Jz=3.894e+00  [LEED]
[2026-04-16 11:17:28.081] [electrons:2wIIMQ] [info] step       370 :  t =      7.403  e = 380.746013693025  wtime =     6.042
[2026-04-16 11:17:33.766] [electrons:2wIIMQ] [info] step       371 :  t =      7.423  e = 380.746013332202  wtime =     5.685
[2026-04-16 11:17:39.178] [electrons:2wIIMQ] [info] step       372 :  t =      7.443  e = 380.746012971228  wtime =     5.412
[2026-04-16 11:17:44.704] [electrons:2wIIMQ] [info] step       373 :  t =      7.463  e = 380.746012610234  wtime =     5.525
[2026-04-16 11:17:50.226] [electrons:2wIIMQ] [info] step       374 :  t =      7.483  e = 380.746012249259  wtime =     5.522
[2026-04-16 11:17:55.819] [electrons:2wIIMQ] [info] step       375 :  t =      7.503  e = 380.746011888295  wtime =     5.594
[2026-04-16 11:18:01.595] [electrons:2wIIMQ] [info] step       376 :  t =      7.523  e = 380.746011527340  wtime =     5.776
[2026-04-16 11:18:07.104] [electrons:2wIIMQ] [info] step       377 :  t =      7.543  e = 380.746011166341  wtime =     5.509
[2026-04-16 11:18:12.630] [electrons:2wIIMQ] [info] step       378 :  t =      7.563  e = 380.746010805188  wtime =     5.526
[2026-04-16 11:18:18.103] [electrons:2wIIMQ] [info] step       379 :  t =      7.583  e = 380.746010443814  wtime =     5.473
  step=380  t=7.6035 a.u.  E=380.746010 Ha  Jz=3.888e+00  [LEED]
[2026-04-16 11:18:23.727] [electrons:2wIIMQ] [info] step       380 :  t =      7.604  e = 380.746010082239  wtime =     5.624
[2026-04-16 11:18:29.276] [electrons:2wIIMQ] [info] step       381 :  t =      7.624  e = 380.746009720499  wtime =     5.548
[2026-04-16 11:18:34.755] [electrons:2wIIMQ] [info] step       382 :  t =      7.644  e = 380.746009358648  wtime =     5.479
[2026-04-16 11:18:40.295] [electrons:2wIIMQ] [info] step       383 :  t =      7.664  e = 380.746008996828  wtime =     5.541
[2026-04-16 11:18:45.797] [electrons:2wIIMQ] [info] step       384 :  t =      7.684  e = 380.746008635205  wtime =     5.502
[2026-04-16 11:18:51.391] [electrons:2wIIMQ] [info] step       385 :  t =      7.704  e = 380.746008273765  wtime =     5.594
[2026-04-16 11:18:56.896] [electrons:2wIIMQ] [info] step       386 :  t =      7.724  e = 380.746007912324  wtime =     5.505
[2026-04-16 11:19:02.338] [electrons:2wIIMQ] [info] step       387 :  t =      7.744  e = 380.746007550758  wtime =     5.442
[2026-04-16 11:19:07.742] [electrons:2wIIMQ] [info] step       388 :  t =      7.764  e = 380.746007189076  wtime =     5.404
[2026-04-16 11:19:13.123] [electrons:2wIIMQ] [info] step       389 :  t =      7.784  e = 380.746006827218  wtime =     5.381
  step=390  t=7.8036 a.u.  E=380.746006 Ha  Jz=3.879e+00  [LEED]
[2026-04-16 11:19:18.719] [electrons:2wIIMQ] [info] step       390 :  t =      7.804  e = 380.746006465021  wtime =     5.596
[2026-04-16 11:19:24.317] [electrons:2wIIMQ] [info] step       391 :  t =      7.824  e = 380.746006102457  wtime =     5.598
[2026-04-16 11:19:29.842] [electrons:2wIIMQ] [info] step       392 :  t =      7.844  e = 380.746006373377  wtime =     5.525
[2026-04-16 11:19:35.420] [electrons:2wIIMQ] [info] step       393 :  t =      7.864  e = 380.746005693881  wtime =     5.578
[2026-04-16 11:19:40.843] [electrons:2wIIMQ] [info] step       394 :  t =      7.884  e = 380.746005331312  wtime =     5.423
[2026-04-16 11:19:46.342] [electrons:2wIIMQ] [info] step       395 :  t =      7.904  e = 380.746004968875  wtime =     5.499
[2026-04-16 11:19:52.035] [electrons:2wIIMQ] [info] step       396 :  t =      7.924  e = 380.746004606627  wtime =     5.693
[2026-04-16 11:19:57.434] [electrons:2wIIMQ] [info] step       397 :  t =      7.944  e = 380.746004561309  wtime =     5.400
[2026-04-16 11:20:02.962] [electrons:2wIIMQ] [info] step       398 :  t =      7.964  e = 380.746004199055  wtime =     5.528
[2026-04-16 11:20:08.431] [electrons:2wIIMQ] [info] step       399 :  t =      7.984  e = 380.746003836570  wtime =     5.469
  step=400  t=8.0037 a.u.  E=380.746003 Ha  Jz=3.869e+00  [LEED]
[2026-04-16 11:20:14.238] [electrons:2wIIMQ] [info] step       400 :  t =      8.004  e = 380.746003473930  wtime =     5.807
[2026-04-16 11:20:19.842] [electrons:2wIIMQ] [info] step       401 :  t =      8.024  e = 380.746003111160  wtime =     5.604
[2026-04-16 11:20:25.536] [electrons:2wIIMQ] [info] step       402 :  t =      8.044  e = 380.746002748156  wtime =     5.694
[2026-04-16 11:20:31.031] [electrons:2wIIMQ] [info] step       403 :  t =      8.064  e = 380.746002384945  wtime =     5.495
[2026-04-16 11:20:36.392] [electrons:2wIIMQ] [info] step       404 :  t =      8.084  e = 380.746002021767  wtime =     5.360
[2026-04-16 11:20:41.772] [electrons:2wIIMQ] [info] step       405 :  t =      8.104  e = 380.746001658764  wtime =     5.380
[2026-04-16 11:20:47.138] [electrons:2wIIMQ] [info] step       406 :  t =      8.124  e = 380.746001295798  wtime =     5.366
[2026-04-16 11:20:52.532] [electrons:2wIIMQ] [info] step       407 :  t =      8.144  e = 380.746000932735  wtime =     5.394
[2026-04-16 11:20:57.973] [electrons:2wIIMQ] [info] step       408 :  t =      8.164  e = 380.746000569665  wtime =     5.441
[2026-04-16 11:21:03.349] [electrons:2wIIMQ] [info] step       409 :  t =      8.184  e = 380.746000206653  wtime =     5.376
  step=410  t=8.2038 a.u.  E=380.746000 Ha  Jz=3.858e+00  [LEED]
[2026-04-16 11:21:08.992] [electrons:2wIIMQ] [info] step       410 :  t =      8.204  e = 380.745999843489  wtime =     5.643
[2026-04-16 11:21:14.474] [electrons:2wIIMQ] [info] step       411 :  t =      8.224  e = 380.745999479922  wtime =     5.483
[2026-04-16 11:21:19.927] [electrons:2wIIMQ] [info] step       412 :  t =      8.244  e = 380.745999432823  wtime =     5.452
[2026-04-16 11:21:25.724] [electrons:2wIIMQ] [info] step       413 :  t =      8.264  e = 380.745999068787  wtime =     5.797
[2026-04-16 11:21:31.427] [electrons:2wIIMQ] [info] step       414 :  t =      8.284  e = 380.745998704722  wtime =     5.703
[2026-04-16 11:21:36.979] [electrons:2wIIMQ] [info] step       415 :  t =      8.304  e = 380.745998340618  wtime =     5.552
[2026-04-16 11:21:42.499] [electrons:2wIIMQ] [info] step       416 :  t =      8.324  e = 380.745997976603  wtime =     5.520
[2026-04-16 11:21:47.997] [electrons:2wIIMQ] [info] step       417 :  t =      8.344  e = 380.745997612878  wtime =     5.498
[2026-04-16 11:21:53.406] [electrons:2wIIMQ] [info] step       418 :  t =      8.364  e = 380.745997249405  wtime =     5.409
[2026-04-16 11:21:58.896] [electrons:2wIIMQ] [info] step       419 :  t =      8.384  e = 380.745996569084  wtime =     5.490
  step=420  t=8.4039 a.u.  E=380.745996 Ha  Jz=3.847e+00  [LEED]
[2026-04-16 11:22:04.706] [electrons:2wIIMQ] [info] step       420 :  t =      8.404  e = 380.745996205372  wtime =     5.810
[2026-04-16 11:22:10.303] [electrons:2wIIMQ] [info] step       421 :  t =      8.424  e = 380.745995841509  wtime =     5.597
[2026-04-16 11:22:15.795] [electrons:2wIIMQ] [info] step       422 :  t =      8.444  e = 380.745995794401  wtime =     5.492
[2026-04-16 11:22:21.382] [electrons:2wIIMQ] [info] step       423 :  t =      8.464  e = 380.745995430311  wtime =     5.587
[2026-04-16 11:22:26.931] [electrons:2wIIMQ] [info] step       424 :  t =      8.484  e = 380.745995065910  wtime =     5.549
[2026-04-16 11:22:32.384] [electrons:2wIIMQ] [info] step       425 :  t =      8.504  e = 380.745994701211  wtime =     5.453
[2026-04-16 11:22:37.874] [electrons:2wIIMQ] [info] step       426 :  t =      8.524  e = 380.745994336391  wtime =     5.489
[2026-04-16 11:22:43.358] [electrons:2wIIMQ] [info] step       427 :  t =      8.544  e = 380.745993971597  wtime =     5.484
[2026-04-16 11:22:48.761] [electrons:2wIIMQ] [info] step       428 :  t =      8.564  e = 380.745993606864  wtime =     5.403
[2026-04-16 11:22:54.304] [electrons:2wIIMQ] [info] step       429 :  t =      8.584  e = 380.745992925376  wtime =     5.543
  step=430  t=8.6040 a.u.  E=380.745993 Ha  Jz=3.837e+00  [LEED]
[2026-04-16 11:23:00.187] [electrons:2wIIMQ] [info] step       430 :  t =      8.604  e = 380.745992560844  wtime =     5.883
[2026-04-16 11:23:06.001] [electrons:2wIIMQ] [info] step       431 :  t =      8.624  e = 380.745992196518  wtime =     5.813
[2026-04-16 11:23:11.406] [electrons:2wIIMQ] [info] step       432 :  t =      8.644  e = 380.745992149162  wtime =     5.406
[2026-04-16 11:23:16.745] [electrons:2wIIMQ] [info] step       433 :  t =      8.664  e = 380.745991784930  wtime =     5.339
[2026-04-16 11:23:22.222] [electrons:2wIIMQ] [info] step       434 :  t =      8.684  e = 380.745991420474  wtime =     5.477
[2026-04-16 11:23:27.726] [electrons:2wIIMQ] [info] step       435 :  t =      8.704  e = 380.745991055791  wtime =     5.504
[2026-04-16 11:23:33.144] [electrons:2wIIMQ] [info] step       436 :  t =      8.724  e = 380.745990690994  wtime =     5.419
[2026-04-16 11:23:38.631] [electrons:2wIIMQ] [info] step       437 :  t =      8.744  e = 380.745990326142  wtime =     5.487
[2026-04-16 11:23:44.205] [electrons:2wIIMQ] [info] step       438 :  t =      8.764  e = 380.745989961192  wtime =     5.573
[2026-04-16 11:23:49.698] [electrons:2wIIMQ] [info] step       439 :  t =      8.784  e = 380.745989596130  wtime =     5.494
  step=440  t=8.8041 a.u.  E=380.745989 Ha  Jz=3.826e+00  [LEED]
[2026-04-16 11:23:55.370] [electrons:2wIIMQ] [info] step       440 :  t =      8.804  e = 380.745989231062  wtime =     5.672
[2026-04-16 11:24:00.882] [electrons:2wIIMQ] [info] step       441 :  t =      8.824  e = 380.745988866126  wtime =     5.512
[2026-04-16 11:24:06.460] [electrons:2wIIMQ] [info] step       442 :  t =      8.844  e = 380.745988501340  wtime =     5.578
[2026-04-16 11:24:12.036] [electrons:2wIIMQ] [info] step       443 :  t =      8.864  e = 380.745988136593  wtime =     5.576
[2026-04-16 11:24:17.554] [electrons:2wIIMQ] [info] step       444 :  t =      8.884  e = 380.745987771782  wtime =     5.518
[2026-04-16 11:24:23.181] [electrons:2wIIMQ] [info] step       445 :  t =      8.904  e = 380.745987406897  wtime =     5.627
[2026-04-16 11:24:28.601] [electrons:2wIIMQ] [info] step       446 :  t =      8.924  e = 380.745987041958  wtime =     5.420
[2026-04-16 11:24:34.111] [electrons:2wIIMQ] [info] step       447 :  t =      8.944  e = 380.745986676909  wtime =     5.509
[2026-04-16 11:24:39.526] [electrons:2wIIMQ] [info] step       448 :  t =      8.964  e = 380.745986311625  wtime =     5.416
[2026-04-16 11:24:45.026] [electrons:2wIIMQ] [info] step       449 :  t =      8.984  e = 380.745985946038  wtime =     5.499
  step=450  t=9.0042 a.u.  E=380.745986 Ha  Jz=3.817e+00  [LEED]
[2026-04-16 11:24:50.742] [electrons:2wIIMQ] [info] step       450 :  t =      9.004  e = 380.745985580240  wtime =     5.716
[2026-04-16 11:24:56.367] [electrons:2wIIMQ] [info] step       451 :  t =      9.024  e = 380.745985214436  wtime =     5.625
[2026-04-16 11:25:01.863] [electrons:2wIIMQ] [info] step       452 :  t =      9.044  e = 380.745984848807  wtime =     5.497
[2026-04-16 11:25:07.283] [electrons:2wIIMQ] [info] step       453 :  t =      9.064  e = 380.745984483407  wtime =     5.420
[2026-04-16 11:25:12.868] [electrons:2wIIMQ] [info] step       454 :  t =      9.084  e = 380.745984118198  wtime =     5.585
[2026-04-16 11:25:18.250] [electrons:2wIIMQ] [info] step       455 :  t =      9.104  e = 380.745983753135  wtime =     5.382
[2026-04-16 11:25:23.618] [electrons:2wIIMQ] [info] step       456 :  t =      9.124  e = 380.745983388196  wtime =     5.367
[2026-04-16 11:25:29.184] [electrons:2wIIMQ] [info] step       457 :  t =      9.144  e = 380.745983023331  wtime =     5.566
[2026-04-16 11:25:34.616] [electrons:2wIIMQ] [info] step       458 :  t =      9.164  e = 380.745982658415  wtime =     5.432
[2026-04-16 11:25:40.011] [electrons:2wIIMQ] [info] step       459 :  t =      9.184  e = 380.745982293297  wtime =     5.394
  step=460  t=9.2042 a.u.  E=380.745982 Ha  Jz=3.809e+00  [LEED]
[2026-04-16 11:25:45.622] [electrons:2wIIMQ] [info] step       460 :  t =      9.204  e = 380.745981927905  wtime =     5.611
[2026-04-16 11:25:51.105] [electrons:2wIIMQ] [info] step       461 :  t =      9.224  e = 380.745981562294  wtime =     5.484
[2026-04-16 11:25:56.552] [electrons:2wIIMQ] [info] step       462 :  t =      9.244  e = 380.745981196573  wtime =     5.446
[2026-04-16 11:26:02.090] [electrons:2wIIMQ] [info] step       463 :  t =      9.264  e = 380.745981147623  wtime =     5.538
[2026-04-16 11:26:07.617] [electrons:2wIIMQ] [info] step       464 :  t =      9.284  e = 380.745980781773  wtime =     5.527
[2026-04-16 11:26:13.139] [electrons:2wIIMQ] [info] step       465 :  t =      9.304  e = 380.745980415809  wtime =     5.522
[2026-04-16 11:26:18.738] [electrons:2wIIMQ] [info] step       466 :  t =      9.324  e = 380.745980049772  wtime =     5.598
[2026-04-16 11:26:24.256] [electrons:2wIIMQ] [info] step       467 :  t =      9.344  e = 380.745979683776  wtime =     5.518
[2026-04-16 11:26:29.708] [electrons:2wIIMQ] [info] step       468 :  t =      9.364  e = 380.745979317925  wtime =     5.453
[2026-04-16 11:26:35.077] [electrons:2wIIMQ] [info] step       469 :  t =      9.384  e = 380.745978952226  wtime =     5.369
  step=470  t=9.4043 a.u.  E=380.745979 Ha  Jz=3.802e+00  [LEED]
[2026-04-16 11:26:40.784] [electrons:2wIIMQ] [info] step       470 :  t =      9.404  e = 380.745978586616  wtime =     5.707
[2026-04-16 11:26:46.354] [electrons:2wIIMQ] [info] step       471 :  t =      9.424  e = 380.745978221047  wtime =     5.570
[2026-04-16 11:26:51.921] [electrons:2wIIMQ] [info] step       472 :  t =      9.444  e = 380.745977855550  wtime =     5.567
[2026-04-16 11:26:57.436] [electrons:2wIIMQ] [info] step       473 :  t =      9.464  e = 380.745977490197  wtime =     5.515
[2026-04-16 11:27:02.965] [electrons:2wIIMQ] [info] step       474 :  t =      9.484  e = 380.745977124997  wtime =     5.528
[2026-04-16 11:27:08.435] [electrons:2wIIMQ] [info] step       475 :  t =      9.504  e = 380.745976759855  wtime =     5.470
[2026-04-16 11:27:14.068] [electrons:2wIIMQ] [info] step       476 :  t =      9.524  e = 380.745976394622  wtime =     5.634
[2026-04-16 11:27:19.650] [electrons:2wIIMQ] [info] step       477 :  t =      9.544  e = 380.745976029210  wtime =     5.582
[2026-04-16 11:27:25.080] [electrons:2wIIMQ] [info] step       478 :  t =      9.564  e = 380.745975663643  wtime =     5.429
[2026-04-16 11:27:30.428] [electrons:2wIIMQ] [info] step       479 :  t =      9.584  e = 380.745975298004  wtime =     5.349
  step=480  t=9.6044 a.u.  E=380.745975 Ha  Jz=3.797e+00  [LEED]
[2026-04-16 11:27:35.963] [electrons:2wIIMQ] [info] step       480 :  t =      9.604  e = 380.745974932360  wtime =     5.534
[2026-04-16 11:27:41.568] [electrons:2wIIMQ] [info] step       481 :  t =      9.624  e = 380.745974566726  wtime =     5.605
[2026-04-16 11:27:47.093] [electrons:2wIIMQ] [info] step       482 :  t =      9.644  e = 380.745974201092  wtime =     5.525
[2026-04-16 11:27:52.827] [electrons:2wIIMQ] [info] step       483 :  t =      9.664  e = 380.745973835470  wtime =     5.734
[2026-04-16 11:27:58.319] [electrons:2wIIMQ] [info] step       484 :  t =      9.684  e = 380.745973469911  wtime =     5.492
[2026-04-16 11:28:03.896] [electrons:2wIIMQ] [info] step       485 :  t =      9.704  e = 380.745973104475  wtime =     5.578
[2026-04-16 11:28:09.481] [electrons:2wIIMQ] [info] step       486 :  t =      9.724  e = 380.745972739182  wtime =     5.585
[2026-04-16 11:28:14.856] [electrons:2wIIMQ] [info] step       487 :  t =      9.744  e = 380.745972373993  wtime =     5.374
[2026-04-16 11:28:20.166] [electrons:2wIIMQ] [info] step       488 :  t =      9.765  e = 380.745972008829  wtime =     5.310
[2026-04-16 11:28:25.575] [electrons:2wIIMQ] [info] step       489 :  t =      9.785  e = 380.745971643637  wtime =     5.410
  step=490  t=9.8045 a.u.  E=380.745971 Ha  Jz=3.793e+00  [LEED]
[2026-04-16 11:28:31.656] [electrons:2wIIMQ] [info] step       490 :  t =      9.805  e = 380.745971278416  wtime =     6.081
[2026-04-16 11:28:37.337] [electrons:2wIIMQ] [info] step       491 :  t =      9.825  e = 380.745970913193  wtime =     5.681
[2026-04-16 11:28:42.832] [electrons:2wIIMQ] [info] step       492 :  t =      9.845  e = 380.745970547961  wtime =     5.494
[2026-04-16 11:28:48.340] [electrons:2wIIMQ] [info] step       493 :  t =      9.865  e = 380.745970182657  wtime =     5.509
[2026-04-16 11:28:53.877] [electrons:2wIIMQ] [info] step       494 :  t =      9.885  e = 380.745969817205  wtime =     5.536
[2026-04-16 11:28:59.334] [electrons:2wIIMQ] [info] step       495 :  t =      9.905  e = 380.745969451573  wtime =     5.458
[2026-04-16 11:29:04.865] [electrons:2wIIMQ] [info] step       496 :  t =      9.925  e = 380.745969085801  wtime =     5.531
[2026-04-16 11:29:10.244] [electrons:2wIIMQ] [info] step       497 :  t =      9.945  e = 380.745968719990  wtime =     5.379
[2026-04-16 11:29:15.691] [electrons:2wIIMQ] [info] step       498 :  t =      9.965  e = 380.745968354244  wtime =     5.447
[2026-04-16 11:29:21.270] [electrons:2wIIMQ] [info] step       499 :  t =      9.985  e = 380.745967988621  wtime =     5.578
  step=500  t=10.0046 a.u.  E=380.745968 Ha  Jz=3.790e+00  [LEED]
[2026-04-16 11:29:27.254] [electrons:2wIIMQ] [info] step       500 :  t =     10.005  e = 380.745967623113  wtime =     5.984
[2026-04-16 11:29:32.902] [electrons:2wIIMQ] [info] step       501 :  t =     10.025  e = 380.745967257700  wtime =     5.648
[2026-04-16 11:29:38.497] [electrons:2wIIMQ] [info] step       502 :  t =     10.045  e = 380.745966892397  wtime =     5.595
[2026-04-16 11:29:44.058] [electrons:2wIIMQ] [info] step       503 :  t =     10.065  e = 380.745966527253  wtime =     5.562
[2026-04-16 11:29:49.533] [electrons:2wIIMQ] [info] step       504 :  t =     10.085  e = 380.745966162296  wtime =     5.474
[2026-04-16 11:29:54.900] [electrons:2wIIMQ] [info] step       505 :  t =     10.105  e = 380.745965797485  wtime =     5.368
[2026-04-16 11:30:00.294] [electrons:2wIIMQ] [info] step       506 :  t =     10.125  e = 380.745965432720  wtime =     5.394
[2026-04-16 11:30:05.649] [electrons:2wIIMQ] [info] step       507 :  t =     10.145  e = 380.745965067890  wtime =     5.355
[2026-04-16 11:30:11.061] [electrons:2wIIMQ] [info] step       508 :  t =     10.165  e = 380.745964702936  wtime =     5.412
[2026-04-16 11:30:16.610] [electrons:2wIIMQ] [info] step       509 :  t =     10.185  e = 380.745964337855  wtime =     5.549
  step=510  t=10.2047 a.u.  E=380.745964 Ha  Jz=3.789e+00  [LEED]
[2026-04-16 11:30:22.438] [electrons:2wIIMQ] [info] step       510 :  t =     10.205  e = 380.745963972691  wtime =     5.828
[2026-04-16 11:30:28.004] [electrons:2wIIMQ] [info] step       511 :  t =     10.225  e = 380.745963607503  wtime =     5.566
[2026-04-16 11:30:33.490] [electrons:2wIIMQ] [info] step       512 :  t =     10.245  e = 380.745963242315  wtime =     5.486
[2026-04-16 11:30:38.941] [electrons:2wIIMQ] [info] step       513 :  t =     10.265  e = 380.745962877101  wtime =     5.451
[2026-04-16 11:30:44.237] [electrons:2wIIMQ] [info] step       514 :  t =     10.285  e = 380.745962511815  wtime =     5.296
[2026-04-16 11:30:49.620] [electrons:2wIIMQ] [info] step       515 :  t =     10.305  e = 380.745962146451  wtime =     5.383
[2026-04-16 11:30:55.052] [electrons:2wIIMQ] [info] step       516 :  t =     10.325  e = 380.745961781079  wtime =     5.432
[2026-04-16 11:30:55.052] [electrons:2wIIMQ] [trace] real-time propagation ended normally

=== STEP 5: Writing outputs ===
  Wrote results/leed_pattern/leed_screen.txt
  Wrote results/sim_summary.txt
  Wall time: 3106.8 s  (0.9 h)

=== run_005 complete. ===
