step,time_au,energy_total,energy_kinetic,energy_hartree,energy_xc,energy_external,energy_nonlocal,energy_ion,energy_ion_kinetic,energy_exact_exchange,energy_nvxc,energy_eigenvalues,current_x,current_y,current_z,density_l2
0,0,213.469943307423,12.4419822801538,-229.242299130111,-13.8702521747067,444.140512332087,0,0,0,0,-18.0245317952829,-19.9266354432627,-3.83781275400673e-05,0.000140849786741726,-3.49971199894728,0
1,0.04,213.46994303742,12.4419900168047,-229.170504149359,-13.8702455450553,444.068702715029,0,0,0,0,-18.0245231205646,-19.8548386742199,-3.83781215568344e-05,0.000140849782185579,-3.52022933586784,3.88346484168412e-05
2,0.08,213.469942765837,12.4420083094654,-229.098737599265,-13.8702213050902,443.996893360727,0,0,0,0,-18.0244914505912,-19.7830649526621,-3.83781157950692e-05,0.000140849777800873,-3.54074542068715,0.000154692709588771
3,0.12,213.469942493841,12.4420371979503,-229.026999434168,-13.8701795218435,443.925084251902,0,0,0,0,-18.0244368727133,-19.7113142520221,-3.83781102464302e-05,0.000140849773563199,-3.56125897164204,0.000345655193720233
4,0.16,213.469942222226,12.4420767182381,-228.955289588298,-13.8701202866192,443.853275378904,0,0,0,0,-18.0243595060327,-19.6395865335024,-3.83781049035634e-05,0.000140849769449328,-3.58176870863902,0.000608584850438183
5,0.2,213.469941951522,12.4421269033552,-228.883607973746,-13.8700437153072,443.78146673722,0,0,0,0,-18.0242595018061,-19.5678817440218,-3.83780997610434e-05,0.000140849765436384,-3.60227335278353,0.000939214876688807
6,0.24,213.469941682066,12.4421877843452,-228.811954479462,-13.869949948677,443.70965832586,0,0,0,0,-18.0241370438219,-19.4961998152115,-3.83780948128127e-05,0.000140849761502747,-3.62277162610679,0.00133226775681831
7,0.28,213.469941414062,12.4422593913327,-228.740328970945,-13.8698391526588,443.637850146333,0,0,0,0,-18.0239923487602,-19.4245406631236,-3.83780900529874e-05,0.000140849757628817,-3.64326225142151,0.00178159927535911
8,0.32,213.469941147619,12.4423417546976,-228.668731290446,-13.8697115186216,443.566042201989,0,0,0,0,-18.0238256665466,-19.3529041884685,-3.83780854744513e-05,0.000140849753795043,-3.66374395226112,0.00228036184576949
9,0.36,213.469940882782,12.4424349063708,-228.597161257544,-13.8695672636583,443.494234497613,0,0,0,0,-18.0236372807152,-19.2812902772346,-3.83780810700461e-05,0.000140849749983092,-3.68421545287281,0.00282118073204248
10,0.4,213.46994061955,12.4425388812624,-228.525618669991,-13.8694066308878,443.422427039167,0,0,0,0,-18.0234275087927,-19.2096988015984,-3.83780768338553e-05,0.000140849746174399,-3.70467547824461,0.00339633652088084
11,0.44,213.469940357894,12.4426537188343,-228.454103304785,-13.8692298897854,443.350619833631,0,0,0,0,-18.0231967027187,-19.1381296210665,-3.83780727610173e-05,0.000140849742350934,-3.72512275415372,0.0039979473215396
12,0.48,213.469940097764,12.4427794648277,-228.382614919418,-13.8690373365537,443.278812888908,0,0,0,0,-18.0229452493178,-19.06658258382,-3.8378068848457e-05,0.000140849738495654,-3.74555600722811,0.00461814459785952
13,0.52,213.469939839096,12.4429161731602,-228.311153253278,-13.8688292945464,443.207006213761,0,0,0,0,-18.0226735708403,-18.9950575282258,-3.83780650928612e-05,0.000140849734594237,-3.76597396501652,0.00524923722402218
14,0.56,213.469939581817,12.4430639079995,-228.239718029202,-13.868606114756,443.135199817775,0,0,0,0,-18.0223821255865,-18.9235542845154,-3.83780614908755e-05,0.000140849730634691,-3.78637535606323,0.0058838592413328
15,0.6,213.469939325848,12.4432227460299,-228.168308955143,-13.8683681763778,443.063393711339,0,0,0,0,-18.0220714086282,-18.8520726766147,-3.8378058038762e-05,0.000140849726606692,-3.8067589099856,0.00651509781055571
16,0.64,213.469939071108,12.4433927789203,-228.096925725974,-13.8681158874603,442.991587905622,0,0,0,0,-18.0217419526449,-18.7806125241257,-3.83780547325339e-05,0.000140849722501004,-3.8271233575534,0.00713659893485437
17,0.68,213.469938817515,12.4435741160105,-228.025568025412,-13.8678496856555,442.919782412571,0,0,0,0,-18.0213943288884,-18.7091736444637,-3.83780515688731e-05,0.000140849718308522,-3.84746743076935,0.00774264960825196
18,0.72,213.469938564983,12.4437668872268,-227.954235528069,-13.8675700390762,442.847977244902,0,0,0,0,-18.0210291482876,-18.6377558551572,-3.83780485451894e-05,0.000140849714021179,-3.86778986295,0.0083282360678318
19,0.76,213.469938313431,12.4439712462435,-227.882927901632,-13.867277447271,442.77617241609,0,0,0,0,-18.0206470627069,-18.5663589763044,-3.83780456596609e-05,0.000140849709630223,-3.88808938880659,0.00888907874947259
20,0.8,213.469938062779,12.4441873739054,-227.811644809175,-13.8669724423256,442.704367940374,0,0,0,0,-18.0202487663696,-18.4949828332152,-3.83780429104281e-05,0.000140849705127841,-3.90836474452618,0.00942164533371283
21,0.84,213.469937812949,12.4444154819275,-227.740385911628,-13.8666555900978,442.632563832747,0,0,0,0,-18.0198349974553,-18.4236272592335,-3.837804029582e-05,0.000140849700508096,-3.92861466785243,0.00992314389967719
22,0.88,213.469937563867,12.4446558168893,-227.669150870396,-13.8663274915888,442.560760108963,0,0,0,0,-18.0194065398767,-18.3522920987642,-3.83780378122255e-05,0.000140849695766132,-3.94883789816577,0.0103914986718352
23,0.92,213.469937315464,12.4449086645391,-227.597939350149,-13.8659887844565,442.488956785531,0,0,0,0,-18.0189642252415,-18.2809772105124,-3.83780354563647e-05,0.000140849690897783,-3.96903317656291,0.0108253111479031
24,0.96,213.469937067676,12.445174354431,-227.526751021811,-13.8656401446733,442.417153879729,0,0,0,0,-18.0185089350034,-18.2096824709614,-3.83780332258062e-05,0.000140849685899686,-3.98919924593546,0.0112238095460467
25,1,213.469936820444,12.445453264908,-227.45558556575,-13.8652822883242,442.34535140961,0,0,0,0,-18.0180416027984,-18.1384077781037,-3.83780311192802e-05,0.000140849680769218,-4.00933485104694,0.0115867895216521
26,1.04,213.469936573716,12.4457458284518,-227.384442675218,-13.864915973544,442.273549394026,0,0,0,0,-18.0175632169622,-18.0671530554606,-3.83780291369652e-05,0.000140849675503483,-4.02943873860708,0.0119145489985979
27,1.08,213.469936327447,12.4460525374134,-227.313322060042,-13.8645420025845,442.20174785266,0,0,0,0,-18.0170748232192,-17.9959182563908,-3.83780272792531e-05,0.000140849670099189,-4.04950965734266,0.0122078197598847
28,1.12,213.469936081601,12.4463739501391,-227.242223450623,-13.8641612240012,442.129946806086,0,0,0,0,-18.0165775275293,-17.9247033687516,-3.83780255456026e-05,0.000140849664551914,-4.06954635806323,0.0124676981711619
29,1.16,213.469935836148,12.4467106975016,-227.171146602265,-13.8637745349416,442.058146275853,0,0,0,0,-18.0160724990685,-17.8535084199198,-3.83780239330857e-05,0.000140849658857431,-4.08954759371875,0.0126955770910189
30,1.2,213.469935591071,12.447063489839,-227.100091299872,-13.8633828835143,441.986346284619,0,0,0,0,-18.0155609733179,-17.7823334822071,-3.83780224371568e-05,0.000140849653011717,-4.10951211944594,0.0128930806751446
31,1.24,213.46993534636,12.4474331243016,-227.029057363077,-13.8629872712123,441.914546856347,0,0,0,0,-18.015044255224,-17.7111786787244,-3.83780210528143e-05,0.000140849647011422,-4.12943869259843,0.0130620034264368
32,1.28,213.469935102016,12.4478204925924,-226.958044651824,-13.862588755356,441.842748016604,0,0,0,0,-18.0145237223894,-17.6400441897155,-3.83780197755571e-05,0.000140849640853801,-4.14932607275351,0.0132042544958136
33,1.32,213.469934858054,12.4482265890747,-226.887053072486,-13.8621884515137,441.77094979298,0,0,0,0,-18.0140008282357,-17.5689302594092,-3.83780186013306e-05,0.000140849634536214,-4.16917302168614,0.0133218079116741
34,1.36,213.469934614499,12.4486525192052,-226.816082584556,-13.8617875358521,441.699152215702,0,0,0,0,-18.0134771050777,-17.49783720344,-3.83780175256024e-05,0.000140849628055209,-4.1889783032973,0.0134166591193041
35,1.4,213.469934371389,12.4490995082277,-226.745133207981,-13.8613872473571,441.6273553185,0,0,0,0,-18.0129541670332,-17.4267654168696,-3.83780165422515e-05,0.000140849621406171,-4.20874068347993,0.0134907879516648
36,1.44,213.469934128778,12.4495689100366,-226.674205031217,-13.860988889859,441.555559139818,0,0,0,0,-18.0124337126799,-17.3557153828686,-3.83780156434658e-05,0.000140849614584877,-4.22845892989971,0.0135461279337535
37,1.48,213.46993388673,12.4500622160871,-226.603298220057,-13.8605938337859,441.483763724486,0,0,0,0,-18.0119175273621,-17.2846876821032,-3.83780148196101e-05,0.000140849607586975,-4.24813181166146,0.0135845416454833
38,1.52,213.469933645328,12.4505810641902,-226.532413027319,-13.8602035175615,441.411969126019,0,0,0,0,-18.0114074850365,-17.2136830028665,-3.83780140615634e-05,0.000140849600411474,-4.26775809882381,0.0136078017321178
39,1.56,213.46993340467,12.4511272469853,-226.461549803475,-13.8598194485538,441.340175409713,0,0,0,0,-18.0109055495369,-17.1427021520239,-3.83780133615147e-05,0.000140849593059479,-4.28733656171475,0.0136175770544119
40,1.6,213.469933164868,12.4517027198262,-226.390709008289,-13.859443203473,441.268382656804,0,0,0,0,-18.0104137751239,-17.0717460668075,-3.83780127130432e-05,0.000140849585535282,-4.30686596998859,0.0136154234092012
41,1.64,213.469932926051,12.4523096077575,-226.319891223556,-13.8590764281107,441.196590969961,0,0,0,0,-18.0099343061786,-17.0008158275009,-3.83780121110886e-05,0.000140849577844189,-4.32634509135161,0.0136027782208926
42,1.68,213.469932688366,12.4529502111874,-226.249097167013,-13.8587208363045,441.124800480496,0,0,0,0,-18.0094693758898,-16.9299126710802,-3.8378011551953e-05,0.000140849569991889,-4.34577268986859,0.0135809586002856
43,1.72,213.469932451972,12.4536270097921,-226.178327707505,-13.8583782080106,441.053011357696,0,0,0,0,-18.0090213037809,-16.8590380058327,-3.83780110310323e-05,0.00014084956198318,-4.36514752374537,0.0135511621844125
44,1.76,213.469932217048,12.4543426641116,-226.107583881481,-13.8580503863639,440.981223820782,0,0,0,0,-18.0085924919186,-16.7881934270003,-3.83780105439628e-05,0.000140849553823228,-4.38446834246644,0.013514470204736
45,1.8,213.469931983786,12.4551000142279,-226.036866910882,-13.8577392736089,440.909438154048,0,0,0,0,-18.0081854196509,-16.7173807334755,-3.83780100865342e-05,0.000140849545517474,-4.40373388315006,0.0134718522764878
46,1.84,213.469931752391,12.4559020748606,-225.966178222476,-13.857446825788,440.837654725795,0,0,0,0,-18.007802636725,-16.6466019455721,-3.83780096541948e-05,0.000140849537072833,-4.42294286596996,0.0134241724550539
47,1.88,213.469931523085,12.4567520261699,-225.8955194687,-13.8571750460846,440.765874011699,0,0,0,0,-18.007446754652,-16.5758593238808,-3.83780092425155e-05,0.000140849528498754,-4.44209398848304,0.0133721961624961
48,1.92,213.469931296097,12.4576531995543,-225.824892550008,-13.85692597673,440.694096623281,0,0,0,0,-18.0071204361974,-16.5051553892137,-3.8378008847511e-05,0.000140849519806894,-4.46118591869963,0.0133165976455662
49,1.96,213.469931071669,12.4586090577519,-225.754299638771,-13.8567016894036,440.622323342091,0,0,0,0,-18.0068263829042,-16.4344929436169,-3.83780084636307e-05,0.000140849511009759,-4.48021728673852,0.0132579676834894
50,2,213.46993085005,12.4596231686326,-225.683743204668,-13.8565042740777,440.550555160163,0,0,0,0,-18.0065673205849,-16.3638750924216,-3.83780080848037e-05,0.000140849502121835,-4.49918667492589,0.0131968213175663
51,2.04,213.469930631493,12.4606991721962,-225.613226041568,-13.856335826288,440.478793327153,0,0,0,0,-18.0063459827562,-16.2933052672856,-3.83780077029329e-05,0.000140849493158577,-4.51809260622602,0.0131336054239489
52,2.08,213.469930416254,12.461840740474,-225.542751295776,-13.8561984328435,440.4070394044,0,0,0,0,-18.0061650920327,-16.2227872501307,-3.83780073082012e-05,0.000140849484137436,-4.53693353093454,0.0130687059949758
53,2.12,213.469930204588,12.4630515302681,-225.472322495572,-13.8560941560288,440.33529532592,0,0,0,0,-18.0060273395467,-16.1523251978961,-3.83780068906412e-05,0.000140849475078345,-4.55570781162092,0.0130024550327721
54,2.16,213.469929996742,12.4643351289454,-225.401943581843,-13.8560250163876,440.263563466028,0,0,0,0,-18.0059353625117,-16.0819236679609,-3.83780064399104e-05,0.000140849466003464,-4.57441370637483,0.0129351369913238
55,2.2,213.469929792959,12.4656949938222,-225.331618939634,-13.8559929742248,440.191846712995,0,0,0,0,-18.0058917201041,-16.0115876440726,-3.83780059478998e-05,0.000140849456937679,-4.59304935048903,0.0128669947300885
56,2.24,213.469929593463,12.4671343860124,-225.261353430343,-13.8559999100005,440.120148547794,0,0,0,0,-18.0058988678911,-15.9413225625837,-3.83780054084536e-05,0.000140849447906384,-4.61161273679584,0.0127982349637273
57,2.28,213.469929398462,12.4686562999472,-225.191152424282,-13.8560476038384,440.048473126636,0,0,0,0,-18.0059591310927,-15.8711343387673,-3.83780048170553e-05,0.00014084943893606,-4.63010169495984,0.0127290332092125
58,2.32,213.469929208141,12.4702633900921,-225.121021833233,-13.856137714405,439.976825365687,0,0,0,0,-18.0060746770134,-15.80102939293,-3.83780041721472e-05,0.000140849430054385,-4.64851387011309,0.0126595382439354
59,2.36,213.469929022653,12.4719578966571,-225.050968142613,-13.8562717574573,439.905211026066,0,0,0,0,-18.0062474870307,-15.731014676023,-3.83780034732031e-05,0.000140849421289475,-4.66684670129334,0.0125898760971047
60,2.4,213.469928842122,12.4737415723087,-224.980998442814,-13.8564510843825,439.833636797009,0,0,0,0,-18.0064793285628,-15.661097694415,-3.83780027211825e-05,0.00014084941267037,-4.68509740020742,0.0125201536022858
61,2.44,213.469928666629,12.4756156120212,-224.911120459233,-13.8566768610811,439.762110374921,0,0,0,0,-18.0067717274754,-15.5912865334462,-3.83780019175053e-05,0.00014084940422692,-4.70326293088559,0.0124504615419895
62,2.48,213.469928496214,12.4775805882526,-224.841342580485,-13.8569500475588,439.690640536005,0,0,0,0,-18.0071259414037,-15.5215898793765,-3.83780010648321e-05,0.000140849395990102,-4.7213399908154,0.0123808774162971
63,2.52,213.469928330869,12.4796363935748,-224.771673884275,-13.8572713786009,439.619237200171,0,0,0,0,-18.0075429344795,-15.4520170393155,-3.83780001655569e-05,0.00014084938799018,-4.7393249941432,0.0123114678671262
64,2.56,213.469928170534,12.4817821927472,-224.70212416039,-13.8576413459035,439.547911484081,0,0,0,0,-18.0080233539521,-15.3825779587022,-3.83779992227053e-05,0.000140849380257932,-4.75721405750696,0.0122422907883371
65,2.6,213.469928015096,12.4840163859866,-224.63270393026,-13.8580601820236,439.476675741392,0,0,0,0,-18.0085675091779,-15.3132832359117,-3.83779982395864e-05,0.000140849372822938,-4.77500298901628,0.0121733971498233
66,2.64,213.469927864383,12.4863365848755,-224.563424462583,-13.8585278464943,439.405543588585,0,0,0,0,-18.0091753534309,-15.2441441335748,-3.83779972199736e-05,0.000140849365713372,-4.79268728082624,0.0121048325613645
67,2.68,213.469927718167,12.4887396019829,-224.494297784504,-13.8590440144219,439.334529915109,0,0,0,0,-18.0098464689501,-15.1751725862064,-3.83779961686321e-05,0.0001408493589554,-4.81026210566455,0.0120366385995779
68,2.72,213.469927576162,12.4912214548499,-224.425336687881,-13.859608067847,439.26365087704,0,0,0,0,-18.0105800555937,-15.1063812037683,-3.83779950915661e-05,0.00014084935257257,-4.8277223175693,0.0119688539189736
69,2.76,213.469927438024,12.4937773845611,-224.35655473026,-13.8602190901103,439.192923873833,0,0,0,0,-18.0113749234155,-15.0377832708476,-3.83779939964033e-05,0.000140849346585664,-4.84506245698401,0.0119015151660593
70,2.8,213.469927303354,12.4964018886756,-224.287966230188,-13.8608758634162,439.122367508283,0,0,0,0,-18.012229489416,-14.9693927411606,-3.83779928925006e-05,0.000140849341012459,-4.86227676024044,0.011834657713688
71,2.84,213.469927171702,12.4990887678698,-224.219586256621,-13.8615768697319,439.052001530186,0,0,0,0,-18.0131417786523,-14.9012242271665,-3.83779917899076e-05,0.000140849335867988,-4.87935917334451,0.0117683162314561
72,2.88,213.469927042567,12.5018311852567,-224.151430612244,-13.8623202951066,438.981846764661,0,0,0,0,-18.0141094298156,-14.8332929846386,-3.83779907004173e-05,0.000140849331164881,-4.89630336987047,0.0117025251069473
73,2.92,213.469926915408,12.5046217370002,-224.083515810601,-13.8631040374345,438.911925026443,0,0,0,0,-18.0151297053107,-14.7656148921109,-3.83779896365388e-05,0.000140849326912041,-4.91310277266713,0.0116373187319085
74,2.96,213.469926789646,12.5074525325683,-224.015859047067,-13.8639257176283,438.842259021773,0,0,0,0,-18.016199505792,-14.6982064252055,-3.83779886107246e-05,0.000140849323116117,-4.92975057899181,0.0115727316670208
75,3,213.469926664672,12.5103152827525,-223.948478163758,-13.8647826941091,438.772872239787,0,0,0,0,-18.0173153890366,-14.6310846259182,-3.83779876356991e-05,0.000140849319779861,-4.94623978861382,0.011508798698718
76,3.04,213.469926539855,12.5132013934367,-223.881391608583,-13.8656720804625,438.703788835464,0,0,0,0,-18.0184735929585,-14.5642670670197,-3.83779867238352e-05,0.000140849316903004,-4.96256323437299,0.0114455548014115
77,3.08,213.469926414553,12.5161020630331,-223.814618388757,-13.8665907660582,438.635033506334,0,0,0,0,-18.0196700624967,-14.4977718118381,-3.83779858868481e-05,0.000140849314481187,-4.97871361463952,0.011383035018458
78,3.12,213.469926288115,12.5190083814936,-223.748178019164,-13.867535439378,438.566631365164,0,0,0,0,-18.0209004800482,-14.4316173697107,-3.83779851355084e-05,0.000140849312506524,-4.99468352710009,0.0113212742751775
79,3.16,213.469926159898,12.5219114288678,-223.682090466057,-13.8685026137543,438.498607810842,0,0,0,0,-18.022160299053,-14.3658226475238,-3.83779844802078e-05,0.000140849310967058,-5.01046550329078,0.0112603071371344
80,3.2,213.469926029273,12.5248023714967,-223.616376086649,-13.8694886551801,438.430988399605,0,0,0,0,-18.0234447802908,-14.3004068977876,-3.837798392961e-05,0.000140849309846831,-5.02605204330888,0.0112001675266836
81,3.24,213.469925895631,12.5276725540881,-223.551055565227,-13.8704898118208,438.363798718591,0,0,0,0,-18.0247490304046,-14.235389663751,-3.83779834913423e-05,0.000140849309125943,-5.04143565016119,0.0111408884104423
82,3.28,213.469925758398,12.5305135861248,-223.48614984647,-13.8715022448306,438.297064263574,0,0,0,0,-18.0260680421325,-14.1707907221253,-3.83779831715778e-05,0.000140849308781441,-5.05660886324392,0.0110825014698424
83,3.32,213.469925617038,12.5333174212794,-223.421680066676,-13.8725220600592,438.230810322494,0,0,0,0,-18.0273967357057,-14.1066300239993,-3.83779829752345e-05,0.000140849308786252,-5.07156429049691,0.0110250367662432
84,3.36,213.469925471065,12.5360764287571,-223.357667483657,-13.8735453402221,438.165061866187,0,0,0,0,-18.0287300008558,-14.0429276345628,-3.83779829058205e-05,0.000140849309111222,-5.08629463882971,0.0109685224112399
85,3.4,213.469925320045,12.5387834557366,-223.294133406056,-13.8745681771072,438.099843447471,0,0,0,0,-18.0300627388706,-13.9797036722696,-3.83779829651714e-05,0.000140849309724941,-5.10079274247724,0.010912984251836
86,3.44,213.469925163607,12.5414318803342,-223.231099122834,-13.8755867033906,438.035179109497,0,0,0,0,-18.0313899041429,-13.9169782480493,-3.83779831543274e-05,0.000140849310594107,-5.11505158900608,0.0108584455790175
87,3.48,213.469925001445,12.5440156547566,-223.168585833681,-13.8765971236513,437.971092304021,0,0,0,0,-18.0327065446722,-13.8547714052039,-3.83779834715105e-05,0.000140849311684336,-5.1290643427562,0.0108049268670507
88,3.52,213.469924833321,12.5465293385402,-223.106614581049,-13.877595744186,437.907605820016,0,0,0,0,-18.0340078410021,-13.7931030605588,-3.83779839144524e-05,0.000140849312960618,-5.14282436556644,0.0107524455495647
89,3.56,213.46992465907,12.5489681219813,-223.045206184489,-13.8785790012566,437.844741722834,0,0,0,0,-18.0352891431097,-13.7319929474424,-3.83779844785401e-05,0.000140849314387834,-5.15632523469259,0.010701015837145
90,3.6,213.469924478598,12.5513278400512,-222.984381177905,-13.8795434874288,437.782521303881,0,0,0,0,-18.0365460048018,-13.6714605609987,-3.83779851571759e-05,0.000140849315930377,-5.16956075788397,0.0106506485798412
91,3.64,213.469924291882,12.5536049772492,-222.924159750301,-13.8804859756964,437.72096504063,0,0,0,0,-18.03777421522,-13.6115251063113,-3.83779859424893e-05,0.000140849317553231,-5.18252498563631,0.010601351176717
92,3.68,213.469924098969,12.5557966639831,-222.864561690495,-13.8814034411279,437.660092566608,0,0,0,0,-18.0389698271081,-13.5522054497467,-3.83779868237457e-05,0.00014084931922152,-5.1952122206856,0.0105531275333114
93,3.72,213.469923899971,12.5579006651706,-222.805606336245,-13.8822930798119,437.599922650858,0,0,0,0,-18.0401291815528,-13.4935200738746,-3.83779877887564e-05,0.000140849320900635,-5.20761702484764,0.0105059780667185
94,3.76,213.469923695063,12.55991536184,-222.747312528119,-13.8831523249268,437.540473186268,0,0,0,0,-18.041248928967,-13.4354870362565,-3.83779888231637e-05,0.000140849322556763,-5.21973422334239,0.0104598997569381
95,3.8,213.469923484474,12.5618397265591,-222.689698568374,-13.883978859806,437.481761186095,0,0,0,0,-18.0423260461499,-13.3781239323317,-3.83779899111358e-05,0.000140849324156152,-5.23155890676983,0.0104148862421747
96,3.84,213.469923268482,12.5636732935571,-222.632782185053,-13.8847706279197,437.423802787897,0,0,0,0,-18.0433578493207,-13.3214478625629,-3.83779910344284e-05,0.000140849325666021,-5.24308643092539,0.0103709279549615
97,3.88,213.469923047406,12.5654161244115,-222.576580501377,-13.8855258397439,437.366613264115,0,0,0,0,-18.0443420030868,-13.2654754039432,-3.83779921741635e-05,0.000140849327054237,-5.25431241465806,0.0103280122952843
98,3.92,213.469922821599,12.5670687701663,-222.521110010499,-13.886242976534,437.310207038465,0,0,0,0,-18.0452765253703,-13.2102225859073,-3.83779933098225e-05,0.000140849328289778,-5.26523273598456,0.0102861238363103
99,3.96,213.469922591437,12.568632230723,-222.466386555563,-13.8869207910692,437.254597707346,0,0,0,0,-18.0461597883798,-13.1557048706254,-3.83779944204501e-05,0.000140849329342673,-5.27584352667651,0.0102452445579472
100,4,213.469922357314,12.5701079123077,-222.412425314962,-13.8875583054766,437.199798065444,0,0,0,0,-18.0469905157702,-13.1019371376067,-3.83779954842186e-05,0.000140849330184628,-5.28614116553829,0.0102053541031604
101,4.04,213.46992211963,12.5714975837707,-222.359240792646,-13.8881548062872,437.145820134792,0,0,0,0,-18.0477677761886,-13.048933672505,-3.83779964791363e-05,0.000140849330788845,-5.29612227058827,0.0101664300517966
102,4.08,213.469921878786,12.5728033324187,-222.306846813239,-13.8887098369118,437.092675196519,0,0,0,0,-18.0484909734527,-12.9967081599447,-3.83779973829755e-05,0.000140849331130553,-5.30578369034889,0.0101284482066877
103,4.12,213.469921635175,12.5740275200147,-222.255256521712,-13.889223187759,437.040373824631,0,0,0,0,-18.0491598336525,-12.9452736801837,-3.83779981742597e-05,0.000140849331187074,-5.31512249444037,0.0100913828868645
104,4.16,213.469921389176,12.5751727395192,-222.204482387292,-13.8896948842455,436.988925921194,0,0,0,0,-18.0497743895008,-12.8946427093714,-3.83779988307247e-05,0.000140849330937816,-5.32413596366011,0.0100552072228688
105,4.2,213.469921141148,12.5762417730722,-222.154536211281,-13.8901251729696,436.938340752327,0,0,0,0,-18.0503349622886,-12.8448271231538,-3.83779993320434e-05,0.000140849330364999,-5.33282157971531,0.01001989344948
106,4.24,213.469920891426,12.5772375516497,-222.105429138409,-13.8905145063389,436.888626984525,0,0,0,0,-18.0508421418221,-12.795838203337,-3.83779996574921e-05,0.000140849329453248,-5.34117701476102,0.0099854131915004
107,4.28,213.469920640317,12.5781631167592,-222.05717167134,-13.890863525949,436.839792720846,0,0,0,0,-18.0512967647324,-12.7476866473302,-3.83779997872005e-05,0.000140849328189194,-5.34920012087942,0.00995173773862974
108,4.32,213.469920388098,12.5790215844692,-222.009773687942,-13.8911730450168,436.791845536587,0,0,0,0,-18.0516998915508,-12.7003825800614,-3.83779997032013e-05,0.000140849326562751,-5.35688891961965,0.00991883830595089
109,4.36,213.469920135011,12.579816112005,-221.963244460936,-13.8914440301699,436.744792514111,0,0,0,0,-18.0520527829455,-12.65393556807,-3.83779993876145e-05,0.000140849324566221,-5.36424159170139,0.00988668627703383
110,4.4,213.469919881268,12.5805498670822,-221.917592679505,-13.8916775828833,436.698640276574,0,0,0,0,-18.0523568754988,-12.60835463546,-3.83779988249472e-05,0.000140849322193974,-5.37125646696943,0.00985525342716905
111,4.44,213.469919627048,12.5812260000883,-221.872826472518,-13.8918749208433,436.653395020321,0,0,0,0,-18.0526137573898,-12.5636482814417,-3.83779980003999e-05,0.000140849319443916,-5.37793201467131,0.009824512124774
112,4.48,213.469919372497,12.5818476191738,-221.82895343297,-13.8920373594995,436.609062545793,0,0,0,0,-18.0528251443232,-12.5198244991468,-3.83779969014811e-05,0.00014084931631557,-5.38426683411591,0.00979443550953956
113,4.52,213.46991911773,12.5824177682624,-221.785980643303,-13.8921662940428,436.565648286814,0,0,0,0,-18.0529928560152,-12.4768907954543,-3.83779955179576e-05,0.000140849312811008,-5.39025964575789,0.00976499764641187
114,4.56,213.469918862835,12.5829394079479,-221.743914701281,-13.8922631820228,436.523157338191,0,0,0,0,-18.0531187935126,-12.4348542115682,-3.83779938409021e-05,0.000140849308935146,-5.39590928274057,0.00973617365497218
115,4.6,213.469918607871,12.583415399207,-221.702761746111,-13.8923295267879,436.481594481563,0,0,0,0,-18.0532049175879,-12.3937213440876,-3.83779918644097e-05,0.000140849304694765,-5.40121468291951,0.00970793981422575
116,4.64,213.469918352876,12.5838484898246,-221.662527484538,-13.8923668619038,436.440964209493,0,0,0,0,-18.0532532284096,-12.3534983663539,-3.83779895845838e-05,0.000140849300098727,-5.40617488137914,0.00968027364328021
117,4.68,213.469918097862,12.5842413033987,-221.623217216672,-13.8923767366753,436.401270747811,0,0,0,0,-18.0532657466529,-12.3141910498606,-3.83779870006437e-05,0.000140849295157984,-5.41078900344684,0.00965315395874471
118,4.72,213.469917842826,12.5845963307733,-221.584835861321,-13.8923607028634,436.362518076237,0,0,0,0,-18.0532444961711,-12.2758047855413,-3.83779841137803e-05,0.000140849289885037,-5.41505625820169,0.00962656090998282
119,4.76,213.469917587745,12.5849159237274,-221.547387980653,-13.8923203026656,436.324709947337,0,0,0,0,-18.0531914883138,-12.2383446047633,-3.83779809281384e-05,0.000140849284293599,-5.41897593246909,0.00960047599370047
120,4.8,213.469917332585,12.5852022907378,-221.510877804022,-13.892257057994,436.287849903863,0,0,0,0,-18.0531087079397,-12.2018151998897,-3.83779774505329e-05,0.000140849278399446,-5.42254738528795,0.00957488204957009
121,4.84,213.469917077294,12.5854574946251,-221.47530925084,-13.8921724610632,436.251941294573,0,0,0,0,-18.0529981011389,-12.1662209442806,-3.83779736899975e-05,0.000140849272218072,-5.42577004283283,0.00954976323872063
122,4.88,213.469916821818,12.5856834518885,-221.440685952382,-13.8920679662774,436.216987288589,0,0,0,0,-18.0528615646491,-12.1315659116238,-3.83779696582766e-05,0.000140849265766823,-5.42864339377088,0.00952510500710901
123,4.92,213.469916566086,12.585881933537,-221.40701127246,-13.8919449833812,436.182990888391,0,0,0,0,-18.0527009369225,-12.0978538945293,-3.83779653694351e-05,0.00014084925906286,-5.43116698503096,0.00950089403588024
124,4.96,213.469916310028,12.5860545672254,-221.37428832691,-13.8918048718265,436.149954941539,0,0,0,0,-18.0525179907781,-12.0650884222918,-3.83779608399499e-05,0.000140849252123848,-5.43334041796106,0.00947711818079624
125,5,213.469916053565,12.5862028405112,-221.342520001865,-13.8916489362895,436.117882151207,0,0,0,0,-18.0523144275559,-12.0332727778024,-3.8377956088366e-05,0.000140849244967774,-5.43516334484914,0.0094537664028402
126,5.04,213.469915796615,12.5863281050581,-221.311708970803,-13.8914784232598,436.08677508562,0,0,0,0,-18.0520918726696,-12.0024100135636,-3.83779511354456e-05,0.000140849237612598,-5.43663546578228,0.00943082869208042
127,5.08,213.469915539096,12.5864315816198,-221.281857710389,-13.8912945186192,436.056636186484,0,0,0,0,-18.0518518724509,-11.9725029667851,-3.83779460039262e-05,0.000140849230076189,-5.43775652581911,0.00940829598674321
128,5.12,213.469915280923,12.5865143656515,-221.252968515112,-13.8910983461156,436.027467776498,0,0,0,0,-18.0515958921618,-11.9435542735686,-3.83779407182807e-05,0.000140849222376136,-5.43852631245084,0.00938616008934718
129,5.16,213.469915022012,12.5865774334071,-221.225043510781,-13.8908909666396,435.999272066026,0,0,0,0,-18.0513253150542,-11.9155663821793,-3.83779353046997e-05,0.000140849214530396,-5.43894465332706,0.00936441358163727
130,5.2,213.469914762279,12.5866216483963,-221.198084666905,-13.8906733782063,435.972051158995,0,0,0,0,-18.0510414423499,-11.8885415654245,-3.83779297907718e-05,0.000140849206556049,-5.43901141422341,0.00934304973986155
131,5.24,213.469914501645,12.5866477680855,-221.172093808016,-13.8904465165482,435.945807058123,0,0,0,0,-18.0507454940182,-11.8624819321608,-3.83779242054583e-05,0.000140849198471119,-5.43872649722928,0.00932206245176483
132,5.28,213.469914240029,12.5866564507423,-221.147072624,-13.8902112562261,435.920541669512,0,0,0,0,-18.0504386102289,-11.8373894379699,-3.83779185786506e-05,0.000140849190292006,-5.43808983913488,0.00930144613650203
133,5.32,213.469913977355,12.5866482623365,-221.123022679499,-13.8899684121716,435.896256806689,0,0,0,0,-18.0501218533683,-11.813265895028,-3.83779129410998e-05,0.000140849182035781,-5.43710140999854,0.00928119566846386
134,5.36,213.469913713552,12.5866236834192,-221.099945422439,-13.8897187415761,435.872954194149,0,0,0,0,-18.0497962105077,-11.7901129812153,-3.83779073239872e-05,0.000140849173719073,-5.43576121187611,0.00926130630582063
135,5.4,213.469913448552,12.5865831159198,-221.077842191766,-13.8894629460526,435.850635470451,0,0,0,0,-18.0494625962272,-11.767932248514,-3.83779017590265e-05,0.00014084916535804,-5.43406927769595,0.00924177362440862
136,5.44,213.46991318229,12.5865268898044,-221.056714224437,-13.8892016740002,435.829302190923,0,0,0,0,-18.0491218557039,-11.7467251307228,-3.83778962771529e-05,0.000140849156967712,-5.43202567026408,0.00922259345739514
137,5.48,213.469912914707,12.5864552695559,-221.036562661754,-13.8889355231091,435.808955830014,0,0,0,0,-18.0487747679832,-11.7264929505581,-3.83778909099079e-05,0.000140849148564024,-5.4296304813856,0.00920376184099166
138,5.52,213.469912645748,12.5863684604392,-221.017388555072,-13.8886650429533,435.789597783334,0,0,0,0,-18.0484220493643,-11.7072369261505,-3.83778856877268e-05,0.000140849140161161,-5.4268838310894,0.00918527496632789
139,5.56,213.469912375363,12.5862666145282,-220.999192870966,-13.8883907376251,435.771229369426,0,0,0,0,-18.0480643568392,-11.6889581770211,-3.83778806403788e-05,0.000140849131773519,-5.42378586694475,0.00916712913745862
140,5.6,213.469912103507,12.5861498364741,-220.98197649589,-13.8881130683711,435.753851831294,0,0,0,0,-18.0477022915341,-11.6716577295427,-3.83778757966653e-05,0.000140849123414412,-5.42033676345904,0.00914932073534798
141,5.64,213.469911830141,12.5860181890052,-220.965740240385,-13.887832456199,435.73746633772,0,0,0,0,-18.0473364021121,-11.6553365219469,-3.83778711840174e-05,0.000140849115096673,-5.41653672154734,0.00913184618756925
142,5.68,213.469911555227,12.5858716981479,-220.950484842889,-13.887549284431,435.722073984399,0,0,0,0,-18.046967188105,-11.639995408909,-3.83778668289463e-05,0.000140849106832714,-5.41238596806514,0.00911470194338048
143,5.72,213.469911278735,12.5857103581702,-220.936210973166,-13.8872639011829,435.707675794913,0,0,0,0,-18.046595103149,-11.6256351657355,-3.83778627561028e-05,0.000140849098634226,-5.40788475539674,0.00909788445376704
144,5.76,213.46991100064,12.5855341362458,-220.922919235412,-13.886976621757,435.694272721563,0,0,0,0,-18.0462205581066,-11.6122564922019,-3.83778589885115e-05,0.000140849090512199,-5.40303336109235,0.00908139015599066
145,5.8,213.469910720917,12.5853429768445,-220.910610171069,-13.8866877309387,435.68186564608,0,0,0,0,-18.0458439240621,-11.5998600160601,-3.83778555480363e-05,0.00014084908247761,-5.39783208754796,0.00906521546216289
146,5.84,213.469910439549,12.5851368058538,-220.899284261346,-13.8863974851912,435.670455380232,0,0,0,0,-18.0454655351854,-11.5884462962356,-3.83778524539652e-05,0.00014084907454072,-5.39228126172242,0.00904935675135028
147,5.88,213.46991015652,12.5849155344412,-220.888941929514,-13.8861061147476,435.66004266634,0,0,0,0,-18.0450856914597,-11.5780158257531,-3.83778497248042e-05,0.000140849066711001,-5.38638123488706,0.00903381036471491
148,5.92,213.469909871819,12.5846790626629,-220.879583542964,-13.8858138255986,435.650628177719,0,0,0,0,-18.0447046612732,-11.5685690344024,-3.83778473760227e-05,0.000140849058997793,-5.38013238240351,0.00901857260321216
149,5.96,213.469909585437,12.5844272828313,-220.87120941506,-13.8855208013779,435.642212519043,0,0,0,0,-18.0443226838784,-11.5601062911624,-3.8377845421977e-05,0.000140849051410308,-5.3735351035261,0.009003639727404
150,6,213.469909297367,12.5841600826468,-220.863819806798,-13.8852272051487,435.634796226667,0,0,0,0,-18.0439399717197,-11.5526279064054,-3.83778438746572e-05,0.000140849043956514,-5.36658982122545,0.00898900795898406
151,6.04,213.469909007606,12.583877348105,-220.857414928296,-13.8849331810927,435.62837976889,0,0,0,0,-18.0435567126357,-11.5461341338965,-3.83778427439606e-05,0.00014084903664483,-5.3592969820303,0.00897467348364919
152,6.08,213.469908716153,12.5835789661854,-220.851994940109,-13.8846388561043,435.62296354618,0,0,0,0,-18.0431730719364,-11.5406251725975,-3.83778420380093e-05,0.000140849029482538,-5.35165705588518,0.00896063245500914
153,6.12,213.469908423005,12.5832648273291,-220.847559954402,-13.8843443412922,435.618547891371,0,0,0,0,-18.0427891943601,-11.5361011682899,-3.83778417625535e-05,0.000140849022476539,-5.34367053602158,0.00894688099928584
154,6.16,213.469908128166,12.5829348277104,-220.844110035974,-13.8840497333881,435.615133069818,0,0,0,0,-18.0424052059093,-11.5325622150305,-3.83778419213184e-05,0.000140849015633301,-5.33533793884076,0.00893341522060183
155,6.2,213.469907831636,12.582588871306,-220.841645203154,-13.883755116063,435.612719279547,0,0,0,0,-18.0420212155646,-11.5300083564422,-3.83778425158345e-05,0.000140849008958706,-5.32665980380642,0.00892023120671048
156,6.24,213.46990753342,12.5822268717648,-220.840165428568,-13.883460561147,435.61130665137,0,0,0,0,-18.0416373168749,-11.5284395868558,-3.83778435455371e-05,0.000140849002457469,-5.31763669334587,0.00890732503507474
157,6.28,213.46990723352,12.5818487540783,-220.839670639795,-13.8831661297507,435.610895248987,0,0,0,0,-18.0412535894175,-11.5278558523012,-3.83778450082596e-05,0.000140848996134516,-5.30826919275855,0.00889469277925021
158,6.32,213.46990693194,12.5814544560508,-220.840160719914,-13.8828718732811,435.611485069084,0,0,0,0,-18.0408701001217,-11.5282570513632,-3.83778468992289e-05,0.000140848989993255,-5.29855791013061,0.00888233051556205
159,6.36,213.469906628686,12.5810439295661,-220.841635507941,-13.8825778343465,435.613076041407,0,0,0,0,-18.0404869044474,-11.5296430358946,-3.83778492127605e-05,0.000140848984036691,-5.28850347625512,0.00887023433009559
160,6.4,213.469906323761,12.580617141648,-220.844094799179,-13.8822840475414,435.615668028834,0,0,0,0,-18.0401040474072,-11.5320136116005,-3.8377851940415e-05,0.000140848978266689,-5.27810654455694,0.00885840032605442
161,6.44,213.46990601717,12.580174075307,-220.847538345466,-13.8819905401027,435.619260827431,0,0,0,0,-18.0397215644215,-11.5353685384859,-3.83778550727301e-05,0.000140848972684759,-5.26736779102204,0.00884682463154974
162,6.48,213.469905708916,12.5797147301676,-220.851965855333,-13.8816973324278,435.623854166509,0,0,0,0,-18.0393394819926,-11.5397075311747,-3.83778585985646e-05,0.000140848967291312,-5.25628791413099,0.00883550340788599
163,6.52,213.469905399006,12.5792391228681,-220.857376994072,-13.8814044384439,435.629447708655,0,0,0,0,-18.0389578181861,-11.5450302590824,-3.83778625055616e-05,0.000140848962086283,-5.24486763479658,0.00882443285841782
164,6.56,213.469905087443,12.5787472872233,-220.863771383722,-13.8811118658193,435.636041049761,0,0,0,0,-18.0385765829058,-11.551336346468,-3.83778667802891e-05,0.000140848957068431,-5.23310769630582,0.00881360923804092
165,6.6,213.469904774231,12.578239274143,-220.871148602938,-13.8808196160074,435.643633719033,0,0,0,0,-18.0381957779502,-11.5586253723217,-3.83778714079223e-05,0.000140848952235772,-5.22100886426689,0.0088030288633567
166,6.64,213.469904459374,12.5777151512953,-220.879508186784,-13.880527684114,435.652225178976,0,0,0,0,-18.0378153968403,-11.5668968701097,-3.83778763727707e-05,0.000140848947586111,-5.20857192656168,0.00879268812353496
167,6.68,213.469904142876,12.5771750025072,-220.888849626409,-13.8802360585831,435.661814825361,0,0,0,0,-18.0374354244094,-11.5761503273575,-3.83778816581398e-05,0.000140848943115588,-5.19579769330503,0.00878258349186515
168,6.72,213.469903824741,12.5766189268947,-220.899172368601,-13.8799447206937,435.672401987141,0,0,0,0,-18.0370558361473,-11.5863851850542,-3.8377887246779e-05,0.000140848938820656,-5.18268699681222,0.00877271153795223
169,6.76,213.469903504974,12.5760470377156,-220.910475815224,-13.8796536438665,435.683985926349,0,0,0,0,-18.0366765972971,-11.5976008368728,-3.83778931212213e-05,0.000140848934696575,-5.16924069157626,0.00876306894048243
170,6.8,213.469903183579,12.5754594609403,-220.922759322495,-13.8793627927793,435.696565837913,0,0,0,0,-18.0362976617022,-11.6097966281894,-3.83778992627745e-05,0.000140848930737942,-5.15545965425735,0.00875365250044311
171,6.84,213.469902860561,12.5748563335384,-220.936022200118,-13.8790721222937,435.710140849435,0,0,0,0,-18.0359189704079,-11.6229718548779,-3.83779056530581e-05,0.000140848926938827,-5.14134478368711,0.0087444591546464
172,6.88,213.469902535925,12.5742378014813,-220.95026371022,-13.8787815761987,435.724710020862,0,0,0,0,-18.0355404500243,-11.6371257618769,-3.8377912272546e-05,0.000140848923292697,-5.12689700089063,0.00873548598937164
173,6.92,213.469902209675,12.5736040174645,-220.965483066092,-13.8784910857795,435.740272344082,0,0,0,0,-18.0351620108621,-11.6522575414938,-3.8377919102287e-05,0.000140848919792758,-5.11211724912993,0.00872673025390466
174,6.96,213.469901881819,12.5729551383554,-220.981679430704,-13.8782005682249,435.756826742393,0,0,0,0,-18.0347835448568,-11.6683663314319,-3.83779261226115e-05,0.000140848916430969,-5.09700649397287,0.00871818937372534
175,7,213.469901552362,12.5722913223802,-220.998851914968,-13.8779099248858,435.774372069836,0,0,0,0,-18.0344049233011,-11.6854512125362,-3.83779333147238e-05,0.000140848913199522,-5.08156572339222,0.00870986096307488
176,7.04,213.469901221312,12.5716127260621,-221.016999575724,-13.8776190394072,435.792907110381,0,0,0,0,-18.0340259944105,-11.7035112062033,-3.83779406590449e-05,0.000140848910089504,-5.06579594789978,0.00870174283661456
177,7.08,213.469900888675,12.5709195009334,-221.036121413422,-13.8773277757517,435.812430576915,0,0,0,0,-18.0336465807496,-11.7225452714759,-3.83779481366183e-05,0.000140848907091804,-5.04969820072134,0.00869383301987858
178,7.12,213.469900554459,12.5702117900443,-221.056216369483,-13.8770359761416,435.83294111004,0,0,0,0,-18.0332664765517,-11.7425523017702,-3.83779557284262e-05,0.000140848904196745,-5.03327353801838,0.0086861297582228
179,7.16,213.469900218672,12.5694897242981,-221.077283323298,-13.8767434589463,435.854437276619,0,0,0,0,-18.0328854449675,-11.7635311212461,-3.83779634160865e-05,0.000140848901394721,-5.01652303916302,0.00867863152397656
180,7.2,213.469899881324,12.5687534186477,-221.099321088853,-13.8764500165443,435.876917568073,0,0,0,0,-18.0325032152811,-11.7854804807787,-3.83779711815963e-05,0.000140848898675823,-4.99944780707317,0.00867133702151587
181,7.24,213.469899542422,12.5680029681902,-221.122328410957,-13.8761554131914,435.90038039838,0,0,0,0,-18.0321194801351,-11.8083990535493,-3.83779790077343e-05,0.000140848896029253,-4.98204896861475,0.0086642451900006
182,7.28,213.469899201976,12.5672384442044,-221.146303961052,-13.8758593829287,435.924824101752,0,0,0,0,-18.0317338928073,-11.8322854302208,-3.83779868774399e-05,0.000140848893444514,-4.96432767507858,0.00865735520354907
183,7.32,213.469898859994,12.5664598901767,-221.171246332587,-13.8755616275648,435.950246929969,0,0,0,0,-18.0313460645847,-11.8571381136998,-3.8377994774321e-05,0.000140848890911269,-4.94628510273923,0.00865066646865574
184,7.36,213.469898516485,12.5656673178666,-221.197154035945,-13.8752618147654,435.976647049329,0,0,0,0,-18.0309555622789,-11.8829555134979,-3.83780026824821e-05,0.00014084888841853,-4.92792245350324,0.00864417861869995
185,7.4,213.469898171457,12.5648607034637,-221.224025492921,-13.8749595762872,436.004022537201,0,0,0,0,-18.0305619059284,-11.9097359396714,-3.837801058686e-05,0.000140848885956423,-4.90924095565392,0.00863789150544239
186,7.44,213.469897824918,12.5640399838932,-221.251859030738,-13.8746545063884,436.032371378151,0,0,0,0,-18.0301645667334,-11.9374775963638,-3.83780184733476e-05,0.000140848883514014,-4.89024186469971,0.00863180518745477
187,7.48,213.469897476875,12.5632050533252,-221.280652875612,-13.8743461604507,436.061691459613,0,0,0,0,-18.0297629652656,-11.9661785749598,-3.83780263282619e-05,0.00014084888108163,-4.87092646433246,0.00862591991548173
188,7.52,213.469897127335,12.5623557599451,-221.310405145872,-13.8740340538428,436.091980567104,0,0,0,0,-18.0293564699935,-11.9958368468627,-3.8378034138321e-05,0.000140848878648656,-4.85129606750157,0.00862023611479065
189,7.56,213.469896776301,12.5614919030427,-221.341113844641,-13.8737176610563,436.123236378956,0,0,0,0,-18.0289443961635,-12.026450255928,-3.83780418913086e-05,0.000140848876205766,-4.83135201760901,0.00861475436461879
190,7.6,213.469896423778,12.5606132304749,-221.372776852114,-13.873396415141,436.155456460558,0,0,0,0,-18.0285260050711,-12.0580165105692,-3.83780495754168e-05,0.000140848873743442,-4.8110956898291,0.00860947537487875
191,7.64,213.469896069767,12.5597194365542,-221.405391917441,-13.8730697074625,436.188638258117,0,0,0,0,-18.0281005037533,-12.0905331755837,-3.83780571801123e-05,0.000140848871253299,-4.79052849255618,0.00860439996033566
192,7.68,213.469895714269,12.5588101604146,-221.438956650264,-13.8727368878051,436.222779091924,0,0,0,0,-18.0276670451298,-12.1239976637208,-3.83780646956934e-05,0.00014084886872668,-4.76965186898174,0.00859952901251877
193,7.72,213.469895357283,12.5578849848978,-221.473468511933,-13.8723972648351,436.257876149153,0,0,0,0,-18.0272247286161,-12.158407227052,-3.83780721131038e-05,0.000140848866155328,-4.74846729880106,0.00859486346967213
194,7.76,213.469894998803,12.5569434360029,-221.50892480645,-13.8720501069394,436.293926476189,0,0,0,0,-18.0267726012238,-12.1937589481756,-3.83780794237071e-05,0.000140848863531409,-4.72697630004833,0.00859040428508582
195,7.8,213.469894638825,12.5559849829306,-221.545322671192,-13.8716946434476,436.330926970535,0,0,0,0,-18.0263096591622,-12.230049731321,-3.83780866198253e-05,0.000140848860848561,-4.70518043105699,0.0085861523941821
196,7.84,213.469894277341,12.5550090387524,-221.582659067472,-13.8713300662438,436.368874372304,0,0,0,0,-18.0258348499461,-12.2672762934011,-3.83780936945407e-05,0.000140848858100055,-4.68308129254061,0.00858210868075365
197,7.88,213.469893914338,12.5540149617227,-221.620930770977,-13.8709555317669,436.407765255359,0,0,0,0,-18.025347075011,-12.3054351550707,-3.83781006418303e-05,0.000140848855280584,-4.6606805297879,0.00857827394276713
198,7.92,213.469893549805,12.5530020572468,-221.66013436217,-13.8705701633974,436.447596018125,0,0,0,0,-18.0248451928308,-12.3445226318562,-3.83781074565557e-05,0.000140848852384612,-4.63797983496326,0.00857464885815638
199,7.96,213.469893183725,12.5519695805097,-221.700266216706,-13.8701730542222,436.488362874144,0,0,0,0,-18.0243280225268,-12.3845348254189,-3.83781141338303e-05,0.000140848849407241,-4.61498094950294,0.0085712339510309
200,8,213.469892816081,12.5509167397595,-221.741322495942,-13.8697632701647,436.530061842428,0,0,0,0,-18.0237943479535,-12.4254676150144,-3.83781206693476e-05,0.000140848846344315,-4.59168566659476,0.00856802955871961
201,8.04,213.469892446851,12.5498427002344,-221.783299137588,-13.8693398534644,436.572688737669,0,0,0,0,-18.0232429222377,-12.4673166492124,-3.83781270592665e-05,0.000140848843192845,-4.56809583372791,0.00856503580005742
202,8.08,213.469892076013,12.5487465887103,-221.826191846609,-13.8689018264865,436.616239160398,0,0,0,0,-18.0226724727466,-12.510077337948,-3.83781333007468e-05,0.000140848839950476,-4.54421335529742,0.00856225254530183
203,8.12,213.469891703541,12.5476274986409,-221.869996086403,-13.8684481958363,436.660708487139,0,0,0,0,-18.022081706453,-12.5537448449593,-3.83781393924897e-05,0.000140848836614997,-4.52004019524682,0.00855967938804154
204,8.16,213.469891329407,12.546484495851,-221.914707070367,-13.8679779567538,436.706091860676,0,0,0,0,-18.0214693156627,-12.5983140806796,-3.83781453333566e-05,0.000140848833185056,-4.49557837973105,0.00855731561942774
205,8.2,213.469890953582,12.5453166247403,-221.96031975389,-13.867490097756,436.752384180487,0,0,0,0,-18.0208339840639,-12.6437796956411,-3.83781511229562e-05,0.000140848829659457,-4.4708299997805,0.00855516020502206
206,8.24,213.469890576032,12.5441229149448,-222.006828826857,-13.8669836054958,436.79958009344,0,0,0,0,-18.0201743930581,-12.6901360744503,-3.83781567613323e-05,0.000140848826038246,-4.44579721394652,0.00855321176451571
207,8.28,213.469890196725,12.5429023883975,-222.054228706719,-13.8664574698022,436.847673984849,0,0,0,0,-18.0194892283236,-12.7373773303809,-3.83781622492771e-05,0.000140848822321881,-4.42048225090755,0.00855146855453249
208,8.32,213.469889815623,12.541654066727,-222.102513532198,-13.8659106888633,436.896659969958,0,0,0,0,-18.0187771865656,-12.7854973006457,-3.83781675888808e-05,0.000140848818511778,-4.3948874120152,0.00854992845468398
209,8.36,213.46988943269,12.5403769789231,-222.151677157666,-13.8653422745142,436.946531885947,0,0,0,0,-18.0180369823996,-12.8344895423754,-3.83781727824676e-05,0.000140848814609253,-4.36901507375893,0.00854858895699957
210,8.4,213.469889047884,12.5390701692009,-222.201713148278,-13.8647512575882,436.99728328455,0,0,0,0,-18.017267355316,-12.8843473293601,-3.83781778328308e-05,0.000140848810616023,-4.34286769012864,0.00854744715880829
211,8.44,213.469888661164,12.5377327049852,-222.252614775873,-13.8641366932883,437.048907425339,0,0,0,0,-18.0164670766703,-12.9350636495723,-3.83781827435654e-05,0.00014084880653429,-4.31644779485437,0.00854649975910287
212,8.48,213.469888272484,12.5363636849401,-222.304375015703,-13.8634976665366,437.101397269784,0,0,0,0,-18.0156349566416,-12.9866312035068,-3.83781875181791e-05,0.000140848802366539,-4.28975800350324,0.00854574305837189
213,8.52,213.469887881798,12.534962246964,-222.356986544026,-13.8628332972556,437.154745476116,0,0,0,0,-18.0147698511013,-13.0390424033574,-3.83781921607155e-05,0.000140848798116171,-4.26280101541451,0.00854517296184346
214,8.56,213.469887489056,12.5335275760691,-222.410441736576,-13.8621427455366,437.208944395099,0,0,0,0,-18.0138706683342,-13.0922893730441,-3.83781966763457e-05,0.000140848793786775,-4.23557961545452,0.00854478498604511
215,8.6,213.469887094204,12.5320589120689,-222.464732667938,-13.8614252166488,437.263986066722,0,0,0,0,-18.0129363755491,-13.1463639490904,-3.83782010702876e-05,0.000140848789381929,-4.20809667557506,0.00854457426854959
216,8.64,213.469886697185,12.5305555569927,-222.519851111861,-13.8606799658423,437.319862217896,0,0,0,0,-18.0119660051218,-13.2012576823753,-3.8378205348355e-05,0.000140848784905116,-4.18035515615969,0.00854453558074333
217,8.68,213.469886297938,12.5290168821514,-222.575788542478,-13.8599063029008,437.376564261166,0,0,0,0,-18.0109586605095,-13.2569618407158,-3.83782095163268e-05,0.000140848780360093,-4.15235810714457,0.00854466334342521
218,8.72,213.469885896397,12.5274423347828,-222.632536136482,-13.8591035963967,437.434083294493,0,0,0,0,-18.0099135217782,-13.3134674123174,-3.83782135797342e-05,0.00014084877575119,-4.12410866890188,0.00854495164501796
219,8.76,213.46988549249,12.5258314442047,-222.69008477621,-13.8582712776079,437.492410102103,0,0,0,0,-18.0088298506879,-13.3707651100276,-3.83782175452564e-05,0.000140848771082475,-4.09561007287588,0.00854539426215392
220,8.8,213.469885086139,12.5241838274154,-222.748425053658,-13.8574088440543,437.551535156436,0,0,0,0,-18.0077069952834,-13.4288453764056,-3.83782214194192e-05,0.000140848766357979,-4.06686564196368,0.00854598468238054
221,8.84,213.469884677263,12.5224991940833,-222.807547275389,-13.8565158626189,437.611448621187,0,0,0,0,-18.0065443939438,-13.487698389557,-3.83782252083374e-05,0.000140848761581009,-4.03787879063468,0.00854671612871915
222,8.88,213.469884265772,12.520777350878,-222.867441468321,-13.8555919722221,437.672140355437,0,0,0,0,-18.0053415788497,-13.5473140697169,-3.83782289188866e-05,0.000140848756754333,-4.00865302478482,0.00854758158580366
223,8.92,213.46988385157,12.5190182051048,-222.928097386367,-13.8546368860235,437.733599918856,0,0,0,0,-18.0040981788356,-13.6076820865433,-3.83782325572422e-05,0.000140848751880042,-3.97919194132378,0.008548573827322
224,8.96,213.469883434558,12.5172217676119,-222.989504517892,-13.8536503931333,437.795816577971,0,0,0,0,-18.0028139216056,-13.6687918670721,-3.83782361296354e-05,0.000140848746960476,-3.94949922749519,0.00854968544448227
225,9,213.469883014629,12.5153881549549,-223.05165209395,-13.8526323598223,437.858779313446,0,0,0,0,-18.001488635295,-13.7306326043122,-3.83782396425164e-05,0.000140848741997148,-3.91957865993196,0.0085509088752289
226,9.04,213.469882591672,12.5135175908089,-223.114529097266,-13.8515827302276,437.922476828356,0,0,0,0,-18.0001222493779,-13.7931932664229,-3.8378243102816e-05,0.000140848736991839,-3.88943410345065,0.00855223643394071
227,9.08,213.469882165571,12.5116104066336,-223.178124271906,-13.8505015265591,437.986897557403,0,0,0,0,-17.9987147949233,-13.8564626064394,-3.83782465166051e-05,0.000140848731945596,-3.85906950959061,0.0085536603413519
228,9.12,213.469881736208,12.5096670416049,-223.242426133607,-13.8493888488164,438.052029677026,0,0,0,0,-17.9972664042181,-13.9204291725019,-3.83782498905686e-05,0.0001408487268591,-3.82848891490528,0.00855517275444876
229,9.16,213.469881303459,12.5076880418351,-223.307422980688,-13.8482448740381,438.11786111635,0,0,0,0,-17.9957773097786,-13.985081318535,-3.83782532305047e-05,0.000140848721732824,-3.79769643901457,0.00855676579610892
230,9.2,213.469880867197,12.5056740589139,-223.373102905529,-13.8470698551037,438.184379568916,0,0,0,0,-17.9942478427832,-14.0504072153511,-3.83782565420591e-05,0.000140848716567705,-3.76669628242863,0.00855843158426544
231,9.24,213.469880427293,12.5036258478073,-223.439453806522,-13.8458641191199,438.251572505128,0,0,0,0,-17.9926784309635,-14.1163948621113,-3.83782598309277e-05,0.000140848711364451,-3.73549272415452,0.00856016226039454
232,9.28,213.469879983611,12.5015442641593,-223.506463400469,-13.8446280654214,438.319427185342,0,0,0,0,-17.9910695959958,-14.1830320981129,-3.83782631019459e-05,0.000140848706123524,-3.70409011909849,0.0085619500171437
233,9.32,213.469879536014,12.4994302610422,-223.574119235359,-13.8433621632234,438.387930673554,0,0,0,0,-17.9894219504382,-14.2503066148509,-3.83782663604818e-05,0.000140848700845164,-3.67249289527736,0.00856378712493531
234,9.36,213.469879084353,12.4972848852089,-223.64240870347,-13.8420669489605,438.457069851575,0,0,0,0,-17.9877361942623,-14.3182059683147,-3.83782696110116e-05,0.000140848695529342,-3.64070555085339,0.00856566595739978
235,9.4,213.469878628474,12.4951092728981,-223.711319054739,-13.8407430233508,438.526831433666,0,0,0,0,-17.9860131110268,-14.3867175914701,-3.8378272857799e-05,0.000140848690176145,-3.60873265100753,0.00856757901551081
236,9.44,213.469878168208,12.4929046452475,-223.780837410341,-13.8393910482236,438.597201981525,0,0,0,0,-17.9842535637441,-14.4558288068833,-3.83782761049065e-05,0.000140848684784763,-3.57657882466628,0.00856951895031481
237,9.48,213.469877703368,12.4906723033682,-223.85095077643,-13.8380117431456,438.668167919576,0,0,0,0,-17.9824584904858,-14.5255268394422,-3.83782793561926e-05,0.000140848679355432,-3.54424876109803,0.00857147858416481
238,9.52,213.469877233745,12.4884136231321,-223.921646057982,-13.8366058818841,438.739715550479,0,0,0,0,-17.9806288997768,-14.5957988291361,-3.83782826160089e-05,0.000140848673887305,-3.51174720639427,0.00857345093038759
239,9.56,213.469876759093,12.4861300497266,-223.992910072681,-13.8351742887412,438.811831070789,0,0,0,0,-17.9787658658206,-14.6666318438491,-3.83782858885834e-05,0.000140848668379628,-3.47907895985176,0.00857542921133009
240,9.6,213.469876279121,12.4838230920226,-224.064729564815,-13.833717834791,438.884500586705,0,0,0,0,-17.9768705236008,-14.7380128921221,-3.83782891774878e-05,0.000140848662830438,-3.44624887027083,0.00857740687474755
241,9.64,213.46987579348,12.4814943168056,-224.137091219102,-13.8322374340519,438.957710129828,0,0,0,0,-17.9749440638974,-14.8099289358472,-3.83782924862105e-05,0.000140848657238217,-3.41326183218528,0.00857937760851045
242,9.68,213.469875301732,12.4791453429116,-224.209981674431,-13.8307340396226,439.031445672875,0,0,0,0,-17.9729877282562,-14.8823669028609,-3.83782958184586e-05,0.000140848651600915,-3.38012278203839,0.00858133535362203
243,9.72,213.469874803335,12.4767778353111,-224.283387537447,-13.8292086398077,439.105693145278,0,0,0,0,-17.9710028039457,-14.9553136993829,-3.83782991776844e-05,0.000140848645916508,-3.34683669431939,0.00858327431555111
244,9.76,213.469874297596,12.4743934991766,-224.357295395937,-13.8276622542575,439.180438448614,0,0,0,0,-17.9689906189326,-15.0287562222822,-3.83783025677868e-05,0.000140848640182882,-3.3134085776737,0.00858518897389745
245,9.8,213.469873783634,12.4719940739696,-224.431691831988,-13.8260959301445,439.255667471797,0,0,0,0,-17.9669525369044,-15.1026813711204,-3.83783059927465e-05,0.000140848634397456,-3.2798434709997,0.00858707409041826
246,9.84,213.469873260315,12.4695813275761,-224.506563434855,-13.8245107383949,439.33136610599,0,0,0,0,-17.9648899523656,-15.1770760599475,-3.83783094568186e-05,0.000140848628556541,-3.24614643954368,0.00858892471545428
247,9.88,213.469872726184,12.4671570505196,-224.581896813512,-13.822907769994,439.407520259171,0,0,0,0,-17.9628042858286,-15.2519272288103,-3.83783129648144e-05,0.000140848622656137,-3.21232257100354,0.00859073619280272
248,9.92,213.469872179367,12.4647230502726,-224.657678608841,-13.8212881323795,439.484115870315,0,0,0,0,-17.9606969791212,-15.3272218549515,-3.83783165220107e-05,0.000140848616691035,-3.17837697165099,0.00859250416309168
249,9.96,213.469871617454,12.4622811456885,-224.733895505417,-13.8196529459381,439.561138923121,0,0,0,0,-17.9585694908261,-15.4029469636561,-3.83783201356571e-05,0.000140848610654517,-3.14431476248022,0.00859422456571687
250,10,213.469871037359,12.4598331615679,-224.810534242859,-13.8180033406139,439.638575459264,0,0,0,0,-17.9564232918686,-15.479089638725,-3.83783238135532e-05,0.000140848604537437,-3.11014107539032,0.00859589363940745
251,10.04,213.469870435139,12.4573809233743,-224.887581626692,-13.8163404526409,439.716411591097,0,0,0,0,-17.9542598612649,-15.5556370325373,-3.83783275652197e-05,0.000140848598326851,-3.07586104940664,0.00859750792149215
252,10.08,213.469869805775,12.4549262521063,-224.96502453871,-13.8146654214062,439.794633513785,0,0,0,0,-17.9520806820406,-15.632576375685,-3.83783314024916e-05,0.000140848592005452,-3.04147982694552,0.00859906424594047
253,10.12,213.46986914291,12.4524709593333,-225.042849946769,-13.8129793864508,439.873227516796,0,0,0,0,-17.9498872373289,-15.7098949861327,-3.83783353387962e-05,0.000140848585549827,-3.00700255012444,0.00860055974025654
254,10.16,213.469868438525,12.4500168423969,-225.121044913993,-13.8112834846131,439.952179994734,0,0,0,0,-17.9476810066539,-15.7875802778905,-3.83783393915465e-05,0.000140848578929926,-2.97243435711869,0.0086019918213051
255,10.2,213.46986768256,12.4475656797773,-225.199596607347,-13.8095788473182,440.031477457448,0,0,0,0,-17.9454634624054,-15.8656197691522,-3.83783435816971e-05,0.000140848572106499,-2.93778037856347,0.00860335819015022
256,10.24,213.469866862455,12.4451192266215,-225.278492305524,-13.8078665980171,440.111106539375,0,0,0,0,-17.9432360665064,-15.9440010898864,-3.83783479358107e-05,0.00014084856502812,-2.90304573399884,0.00860465682598807
257,10.28,213.469865962607,12.4426792104264,-225.357719406121,-13.8061478497745,440.191054008076,0,0,0,0,-17.9410002672776,-16.0227119888233,-3.83783524864579e-05,0.000140848557629648,-2.86823552835292,0.00860588597925525
258,10.32,213.469864963733,12.4402473268685,-225.437265432038,-13.8044237030098,440.271306771912,0,0,0,0,-17.9387574964975,-16.1017403398307,-3.83783572746397e-05,0.000140848549828302,-2.83335484845702,0.00860704416399336
259,10.36,213.469863842121,12.4378252357674,-225.517118037062,-13.8026952433866,440.351851886802,0,0,0,0,-17.9365091666592,-16.1810741476125,-3.837836235056e-05,0.000140848541521185,-2.79840875958448,0.00860813014954964
260,10.4,213.469862568766,12.4354145571703,-225.597265010575,-13.8009635398527,440.432676562023,0,0,0,0,-17.9342566684214,-16.260701552714,-3.8378367777541e-05,0.000140848532579157,-2.76340230200302,0.00860914295169136
261,10.44,213.469861108354,12.4330168675399,-225.677694281334,-13.7992296428278,440.513768164976,0,0,0,0,-17.9320013682522,-16.340610835775,-3.83783736330724e-05,0.000140848522842673,-2.72834048752865,0.00861008182321014
262,10.48,213.469859418114,12.43063369603,-225.758393920259,-13.7974945825357,440.595114224879,0,0,0,0,-17.9297446062616,-16.4207904209896,-3.83783800131135e-05,0.000140848512114074,-2.69322829606713,0.00861094624408994
263,10.52,213.469857446481,12.4282665208257,-225.839352142167,-13.7957593674798,440.676702435302,0,0,0,0,-17.9274876942191,-16.5012288787248,-3.83783870342384e-05,0.000140848500150296,-2.65807067212752,0.0086117359113099
264,10.56,213.469855131591,12.4259167655303,-225.920557306372,-13.7940249830566,440.758520655489,0,0,0,0,-17.925231913753,-16.5819149272416,-3.83783948386613e-05,0.000140848486653666,-2.62287252129018,0.0086124507283511
265,10.6,213.469852399564,12.4235857955746,-226.00199791609,-13.7922923903051,440.840556910385,0,0,0,0,-17.9229785147251,-16.6628374334515,-3.83784035985463e-05,0.000140848471262038,-2.58763870661044,0.0086130907944727
266,10.64,213.469849162578,12.4212749146259,-226.083662616566,-13.7905625247864,440.922799389304,0,0,0,0,-17.9207287137756,-16.7439854126641,-3.83784135223217e-05,0.000140848453535467,-2.55237404493718,0.00861365639382055
267,10.68,213.469845316699,12.4189853609732,-226.165540191825,-13.7888362955905,441.005236443142,0,0,0,0,-17.9184836930337,-16.8253480272378,-3.83784248601885e-05,0.000140848432943507,-2.51708330312455,0.00861414798442721
268,10.72,213.469840739472,12.4167183038654,-226.247619559989,-13.7871145844649,441.08785658006,0,0,0,0,-17.9162445989864,-16.9069145840708,-3.83784379123783e-05,0.000140848408848085,-2.48177119411392,0.00861456618715941
269,10.76,213.469835287231,12.4144748397784,-226.329889767038,-13.7853982450598,441.170648459551,0,0,0,0,-17.9140125414991,-16.9886745308635,-3.83784530372303e-05,0.0001408483804865,-2.44644237286193,0.00861491177466521
270,10.8,213.469828792147,12.4122559885878,-226.412339978949,-13.7836881022856,441.253600884794,0,0,0,0,-17.911788592983,-17.0706174510516,-3.83784706603439e-05,0.00014084834695071,-2.41110143209038,0.00861518566036921
271,10.84,213.469821058963,12.4100626896275,-226.494959472089,-13.781984951777,441.336702793201,0,0,0,0,-17.9095737877006,-17.1527330573444,-3.83784912860926e-05,0.000140848307164817,-2.37575289783274,0.00861538888756134
272,10.88,213.469811861437,12.4078957976115,-226.577737621791,-13.7802895594592,441.419943245076,0,0,0,0,-17.9073691212042,-17.2350111837754,-3.83785155090455e-05,0.000140848259859094,-2.34040122475266,0.00861552261862073
273,10.92,213.469800938471,12.4057560784024,-226.660663889,-13.7786026612093,441.503311410278,0,0,0,0,-17.9051755498987,-17.3174417761636,-3.83785440274805e-05,0.000140848203540744,-2.30505079120969,0.00861558812441316
274,10.96,213.469787989909,12.4036442046101,-226.743727804887,-13.7769249626095,441.586796552796,0,0,0,0,-17.9029939907235,-17.4000148809114,-3.83785776582698e-05,0.00014084813646166,-2.2697058940485,0.00861558677389703
275,11,213.469772672019,12.4015607510089,-226.826918953356,-13.7752571387851,441.670388013152,0,0,0,0,-17.9008253209451,-17.4827206320361,-3.8378617352754e-05,0.000140848056583036,-2.23437074308903,0.00861552002396957
276,11.04,213.469754592649,12.399506189762,-226.910226951332,-13.7735998343232,441.754075188543,0,0,0,0,-17.898670378054,-17.5655492363435,-3.83786642148857e-05,0.000140847961535227,-2.19904945529658,0.00861538940958131
277,11.08,213.469733306064,12.3974808854496,-226.993641426756,-13.771953663266,441.837847510635,0,0,0,0,-17.8965299597594,-17.6484909566517,-3.83787195213597e-05,0.000140847848574687,-2.16374604861307,0.00861519653414408
278,11.12,213.469708307457,12.3954850898976,-227.077151994205,-13.7703192091729,441.921694420937,0,0,0,0,-17.8944048240737,-17.7315360929854,-3.8378784742887e-05,0.000140847714536095,-2.12846443543328,0.00861494306025454
279,11.16,213.469679027181,12.3935189368112,-227.160748228071,-13.7686970252483,442.005605343689,0,0,0,0,-17.8922956894809,-17.8146749616484,-3.83788615684247e-05,0.000140847555781045,-2.09320841571308,0.00861463070075218
280,11.2,213.469644824675,12.3915824362213,-227.244419633234,-13.7670876345274,442.089569656215,0,0,0,0,-17.8902032351822,-17.8978978721004,-3.83789519302843e-05,0.000140847368140589,-2.05798166970029,0.0086142612101281
281,11.24,213.469604982137,12.3896754687563,-227.328155613192,-13.7654915301165,442.173576656689,0,0,0,0,-17.8881281014115,-17.9811951015795,-3.83790580316526e-05,0.000140847146856319,-2.02278775028289,0.00861383637629771
282,11.28,213.469558697966,12.3877977797596,-227.411945435609,-13.7639091754829,442.257615529299,0,0,0,0,-17.8860708898157,-18.0645568673949,-3.83791823768626e-05,0.000140846886513899,-1.98763007495425,0.00861335801274772
283,11.32,213.469505079992,12.385948973277,-227.495778195288,-13.7623410047888,442.341675306792,0,0,0,0,-17.8840321638922,-18.1479732968593,-3.83793278020673e-05,0.000140846580974824,-1.9525119173999,0.00861282795106521
284,11.36,213.469443138551,12.3841285059444,-227.579642774548,-13.7607874232654,442.42574483042,0,0,0,0,-17.8820124494781,-18.2314343948221,-3.83794975095547e-05,0.000140846223301112,-1.91743639871623,0.008612248033854
285,11.4,213.469371779435,12.3823356808127,-227.66352780107,-13.7592488076221,442.509812707314,0,0,0,0,-17.8800122352862,-18.314930008792,-3.83796951025406e-05,0.000140845805676798,-1.88240647827743,0.00861162010804128
286,11.44,213.469289796776,12.3805696411518,-227.747421603234,-13.757725506487,442.593867265345,0,0,0,0,-17.8780319734802,-18.3984497916503,-3.83799246226698e-05,0.000140845319325513,-1.84742494427352,0.00861094601857518
287,11.48,213.469195865912,12.378829364282,-227.83131216305,-13.7562178408737,442.677896505553,0,0,0,0,-17.876072080286,-18.4819831619761,-3.83801905889448e-05,0.000140844754422545,-1.81249440394892,0.00861022760251125
288,11.52,213.469088536299,12.377113655485,-227.915187066778,-13.7547261046722,442.761888052265,0,0,0,0,-17.8741329366315,-18.5655192620395,-3.83804980379573e-05,0.000140844100003885,-1.77761727357808,0.00860946668348445
289,11.56,213.468966224533,12.375421142054,-227.999033453379,-13.7532505651576,442.845829101016,0,0,0,0,-17.8722148888125,-18.649046913521,-3.83808525671987e-05,0.000140843343872133,-1.74279576822172,0.00860866506656078
290,11.6,213.468827207548,12.3737502675442,-228.082837960955,-13.7517914635158,442.929706364475,0,0,0,0,-17.8703182491782,-18.7325545710621,-3.83812603776685e-05,0.000140842472497167,-1.70803189131464,0.00860782453346156
291,11.64,213.468669616066,12.372099286293,-228.166586671395,-13.7503490153809,443.013506016549,0,0,0,0,-17.8684432968336,-18.816030273775,-3.83817283197439e-05,0.000140841470915858,-1.67332742414317,0.00860694683815192
292,11.68,213.468491428375,12.3704662582784,-228.250265053429,-13.7489234113818,443.097213634908,0,0,0,0,-17.8665902783531,-18.8994615948484,-3.83822639374738e-05,0.000140840322628346,-1.63868391527763,0.00860603370278423
293,11.72,213.468290464508,12.3688490443896,-228.333857904382,-13.7475148176967,443.180814142198,0,0,0,0,-17.8647594085034,-18.9828355894527,-3.83828755162083e-05,0.000140839009493069,-1.60410267003211,0.00860508681398544
294,11.76,213.468064380909,12.3672453021854,-228.417349290894,-13.7461233766103,443.264291746228,0,0,0,0,-17.8629508709718,-19.0661387411452,-3.83835721277044e-05,0.000140837511620345,-1.56958474003058,0.0086041078194771
295,11.8,213.467810665661,12.3656524822143,-228.500722488952,-13.7447492070739,443.347629879472,0,0,0,0,-17.8611648190968,-19.1493569070218,-3.83843636775792e-05,0.00014083580726442,-1.53513091296466,0.00860309832501532
296,11.84,213.467526634354,12.3640678249741,-228.583959923576,-13.7433924052656,443.430811138221,0,0,0,0,-17.8594013765991,-19.2324752618962,-3.83852609499281e-05,0.000140833872717663,-1.50074170263379,0.00860205989163765
297,11.88,213.46720942668,12.3624883585839,-228.667043108553,-13.7420530451489,443.513817221798,0,0,0,0,-17.8576606383102,-19.3154782418031,-3.83862756539106e-05,0.000140831682203934,-1.46641733936422,0.00860099403320321
298,11.92,213.466856003815,12.3609108972425,-228.749952586621,-13.7407311790283,443.596628872221,0,0,0,0,-17.8559426708976,-19.3983494871739,-3.83874204666267e-05,0.000140829207774538,-1.4321577609071,0.00859990221421198
299,11.96,213.466463146677,12.3593320405424,-228.832667870546,-13.7394268381013,443.679225814782,0,0,0,0,-17.8542475135851,-19.4810717860328,-3.83887090753906e-05,0.000140826419207364,-1.39796260391989,0.00859878584788897
300,12,213.46602745511,12.357748173704,-228.915167385554,-13.7381400330062,443.761586699966,0,0,0,0,-17.852575178867,-19.5636270176199,-3.83901562188134e-05,0.00014082328390943,-1.36383119613802,0.0085976462945184
301,12.04,213.465545348073,12.3561554687905,-228.997428413578,-13.7368707543643,443.843689047226,0,0,0,0,-17.8509256532159,-19.6459960968404,-3.83917777242813e-05,0.000140819766823912,-1.32976254934524,0.00859648486001346
302,12.08,213.465013064871,12.3545498869557,-229.079427039841,-13.7356189733175,443.925509191074,0,0,0,0,-17.8492988977832,-19.7281589199977,-3.83935905438876e-05,0.000140815830343798,-1.29575535325186,0.00859530279470688
303,12.12,213.464426667487,12.3529271817719,-229.161138102243,-13.7343846420602,444.007022230018,0,0,0,0,-17.8476948490939,-19.8100943122408,-3.83956127857372e-05,0.000140811434230442,-1.26180797038945,0.00859410129234746
304,12.16,213.463782044045,12.3512829036728,-229.242535144093,-13.7331676943672,444.088201978833,0,0,0,0,-17.846113419734,-19.8917799772208,-3.83978637412517e-05,0.000140806535542239,-1.22791843212881,0.00859288148928883
305,12.2,213.463074913441,12.3496124055414,-229.323590370686,-13.7319680461166,444.169020924701,0,0,0,0,-17.8445544990333,-19.9731924494256,-3.84003639098893e-05,0.000140801088570343,-1.19408443592496,0.00859164446385652
306,12.24,213.462300831145,12.3479108494612,-229.40427461022,-13.7307855958095,444.249450187713,0,0,0,0,-17.8430179537424,-20.054307049685,-3.84031350168753e-05,0.000140795044784972,-1.16030334388881,0.00859039123588055
307,12.28,213.461455196202,12.3461732146365,-229.484557279589,-13.7296202250873,444.329459486242,0,0,0,0,-17.8415036287077,-20.1350978443449,-3.840620002801e-05,0.000140788352792135,-1.12657218277974,0.00858912276638197
308,12.32,213.460533259409,12.3443943064808,-229.564406355501,-13.7284717992469,444.409017107676,0,0,0,0,-17.8400113475429,-20.215537608594,-3.84095831560898e-05,0.000140780958302935,-1.09288764550651,0.00858783995740225
309,12.36,213.45953013266,12.3425687668567,-229.643788351422,-13.7273401677565,444.488089884982,0,0,0,0,-17.8385409133013,-20.2955977944385,-3.84133098629298e-05,0.000140772804113744,-1.05924609421637,0.00858654365196629
310,12.4,213.45844079944,12.3406910854423,-229.722668300777,-13.7262251647721,444.566643179547,0,0,0,0,-17.8370921091491,-20.3752485037764,-3.84174068542788e-05,0.000140763830101322,-1.02564356504264,0.00858523463417076
311,12.44,213.457260126411,12.338755612185,-229.801009746823,-13.7251266096564,444.644640870706,0,0,0,0,-17.835664699042,-20.4544584670558,-3.84219020675809e-05,0.00014075397323143,-0.99207577457146,0.00858391362939141
312,12.48,213.455982876055,12.3367565707957,-229.878774739593,-13.7240443075029,444.722045352356,0,0,0,0,-17.8342584284077,-20.5331950279211,-3.8426824654328e-05,0.000140743167583047,-0.958538128076445,0.00858258130460439
313,12.52,213.454603720305,12.3346880732206,-229.955923840235,-13.7229780496651,444.798817536984,0,0,0,0,-17.8328730248357,-20.6114241342666,-3.84322049526513e-05,0.000140731344387337,-0.925025729558513,0.00858123826881829
314,12.56,213.453117255093,12.3325441350233,-230.03241613306,-13.7219276142937,444.874916867424,0,0,0,0,-17.8315081987767,-20.6891103360707,-3.84380744557268e-05,0.000140718432081905,-0.8915333936149,0.00857988507361482
315,12.6,213.451518015739,12.3303186915934,-230.108209245551,-13.720892766883,444.95030133658,0,0,0,0,-17.8301636442549,-20.7662167903269,-3.8444465767922e-05,0.000140704356382596,-0.858055659148071,0.00857852221379765
316,12.64,213.449800493075,12.3280056150948,-230.183259376531,-13.7198732608277,445.024927515339,0,0,0,0,-17.8288390395928,-20.8427052733906,-3.84514125589618e-05,0.000140689040371248,-0.824586804911125,0.0085771501281494
317,12.68,213.447959150219,12.325598732055,-230.257521332635,-13.7188688379931,445.098750588792,0,0,0,0,-17.8275340481533,-20.9185362009583,-3.84589495058016e-05,0.000140672404600472,-0.791120866871775,0.00857576920029838
318,12.72,213.445988439892,12.3230918414902,-230.330948573182,-13.7178792292975,445.171724400881,0,0,0,0,-17.8262483190986,-20.9936686558879,-3.84671122289233e-05,0.000140654367215799,-0.757651657362192,0.00857437975969731
319,12.76,213.443882822156,12.3204787334574,-230.40349326347,-13.7169041553107,445.243801507479,0,0,0,0,-17.8249814881687,-21.0680604240006,-3.84759372217194e-05,0.000140634844093265,-0.724172785967129,0.00857298208271639
320,12.8,213.44163678246,12.3177532079166,-230.475106336472,-13.7159433268676,445.314933237883,0,0,0,0,-17.82373317848,-21.1416680379426,-3.84854617705385e-05,0.00014061374899529,-0.690677682087918,0.00857157639385409
321,12.84,213.439244849887,12.3149090937852,-230.545737562821,-13.7149964456986,445.385069764622,0,0,0,0,-17.8225030013459,-21.2144468291297,-3.84957238688014e-05,0.000140590993741919,-0.657159619105549,0.0085701628670684
322,12.88,213.436701615458,12.3119402680642,-230.615335628949,-13.7140632050771,445.45416018142,0,0,0,0,-17.8212905571189,-21.2863509877453,-3.85067621231854e-05,0.000140566488398861,-0.62361174005197,0.00856874162723156
323,12.92,213.434001750386,12.3088406749136,-230.683848223139,-13.7131432904842,445.522152589095,0,0,0,0,-17.8200954360551,-21.3573336306828,-3.85186156542157e-05,0.000140540141480264,-0.590027084685393,0.00856731275171037
324,12.96,213.431140024156,12.3056043445568,-230.751222129228,-13.7122363802904,445.588994189118,0,0,0,0,-17.8189172192012,-21.427346877289,-3.85313239904823e-05,0.000140511860165607,-0.556398617852626,0.00856587627207371
325,13,213.42811132231,12.3022254118956,-230.81740332761,-13.7113421464538,445.654631384478,0,0,0,0,-17.8177554793025,-21.4963419326617,-3.85449269554986e-05,0.000140481550530067,-0.522719259009584,0.0085644321759282
326,13.04,213.424910663816,12.2986981347195,-230.882337103139,-13.7104602552348,445.71900988747,0,0,0,0,-17.8166097817318,-21.5642691782449,-3.85594645512868e-05,0.000140449117788114,-0.488981912760164,0.00856298040888211
327,13.08,213.421533217924,12.2950169113998,-230.945968159494,-13.7095903679252,445.782074833943,0,0,0,0,-17.815479685438,-21.6310782693603,-3.85749768358655e-05,0.000140414466547517,-0.455179500263909,0.0085615208766372
328,13.12,213.417974320387,12.2911762979593,-231.008240739483,-13.7087321415912,445.843770903502,0,0,0,0,-17.814364743911,-21.696718239284,-3.85915037967595e-05,0.000140377501073856,-0.421304991354348,0.00856005344720696
329,13.16,213.414229488957,12.2871710244226,-231.069098750758,-13.7078852298283,445.904042445121,0,0,0,0,-17.8132645061642,-21.7611376094259,-3.86090852216986e-05,0.000140338125564661,-0.387351437202779,0.00855857795325873
330,13.2,213.41029443807,12.2829960103505,-231.128485896319,-13.7070492835268,445.962833607566,0,0,0,0,-17.8121785177283,-21.8242845050859,-3.8627760566417e-05,0.000140296244429543,-0.35331200335647,0.00855709419457646
331,13.24,213.406165092617,12.2786463794794,-231.186345809216,-13.7062239516449,446.020088473998,0,0,0,0,-17.8111063216567,-21.8861067762706,-3.86475688199308e-05,0.000140251762577796,-0.31918000297596,0.00855560194063942
332,13.28,213.401837600753,12.2741174733893,-231.242622190743,-13.7054088819883,446.075751200094,0,0,0,0,-17.8100474595386,-21.9465521229565,-3.86685483697122e-05,0.000140204585711703,-0.284948930093288,0.00855410093331117
333,13.32,213.397308345664,12.2694048641361,-231.29725895147,-13.7046037219937,446.129766154992,0,0,0,0,-17.8090014725166,-22.0055682241844,-3.86907368647733e-05,0.000140154620622038,-0.250612492711656,0.00855259088963246
334,13.36,213.392573956242,12.2645043657933,-231.350200354388,-13.7038081195126,446.18207806435,0,0,0,0,-17.8079679023058,-22.063102870337,-3.87141710800672e-05,0.000140101775485332,-0.216164645567246,0.00855107150471031
335,13.4,213.387631316625,12.259412044857,-231.401391159438,-13.7030217235947,446.232632154801,0,0,0,0,-17.8069462922106,-22.1191040979036,-3.87388867813001e-05,0.000140045960163082,-0.181599622375608,0.00854954245469533
336,13.44,213.382477574563,12.2541242294795,-231.450776768695,-13.7022441852663,446.281374299046,0,0,0,0,-17.8059361881371,-22.1735203260486,-3.87649185922603e-05,0.000139987086497756,-0.146911967388257,0.00854800339983768
337,13.48,213.3771101486,12.2486375175055,-231.498303371473,-13.7014751583026,446.328251160869,0,0,0,0,-17.8049371395952,-22.2263004942582,-3.87922998632098e-05,0.000139925068607793,-0.112096566089636,0.00854645398761031
338,13.52,213.371526734032,12.2429487832982,-231.543918088608,-13.7007142999898,446.373210339332,0,0,0,0,-17.8039487006893,-22.2773942003603,-3.88210625432868e-05,0.000139859823176628,-0.077148674870539,0.00854489385588768
339,13.56,213.365725307677,12.2370551833477,-231.587569115208,-13.6999612718747,446.416200511412,0,0,0,0,-17.8029704310916,-22.3267518381829,-3.88512370566725e-05,0.000139791269736822,-0.0420639495212578,0.00854332263616602
340,13.6,213.359704131418,12.2309541606694,-231.629205861139,-13.6992157404996,446.457171572388,0,0,0,0,-17.8020018969964,-22.3743247341517,-3.88828521826696e-05,0.000139719330945692,-0.00683847239615888,0.00854173995681021
341,13.64,213.353461754572,12.224643448002,-231.668779088581,-13.6984773781183,446.496074773269,0,0,0,0,-17.8010426720502,-22.4200652821086,-3.89159349428163e-05,0.000139643932852633,0.0285312218890523,0.00854014544631204
342,13.68,213.346997015083,12.2181210698263,-231.706241045964,-13.6977458633915,446.532862854612,0,0,0,0,-17.8000923382545,-22.4639270756804,-3.89505104911021e-05,0.000139565005156681,0.0640481223556136,0.00853853873654257
343,13.72,213.340309039577,12.2113853432335,-231.741545597664,-13.6970208820584,446.567490176066,0,0,0,0,-17.799150486838,-22.5058650375189,-3.89866020131559e-05,0.000139482481450976,0.0997147192725461,0.00853691946598157
344,13.76,213.333397242317,12.2044348776771,-231.774648348849,-13.6963021275815,446.599912841071,0,0,0,0,-17.7982167190936,-22.5458355447835,-3.90242306315016e-05,0.000139396299456634,0.135532983585191,0.00853528728290542
345,13.8,213.326261323102,12.1972685736511,-231.805506764907,-13.695589301763,446.630088816121,0,0,0,0,-17.7972906471789,-22.5837965502582,-3.90634153163405e-05,0.000139306401241098,0.171504348254156,0.00853364184851399
346,13.84,213.318901264154,12.1898856203428,-231.834080284942,-13.6948821153285,446.657978044081,0,0,0,0,-17.7963718948737,-22.6197076985284,-3.91041728075464e-05,0.000139212733423616,0.207629691584394,0.0085319828399772
347,13.88,213.311317326047,12.1822854923107,-231.860330428864,-13.6941802884773,446.683542551077,0,0,0,0,-17.7954600982946,-22.6535304367066,-3.91465175422285e-05,0.000139115247363524,0.243909322610646,0.00853030995338103
348,13.92,213.303510042752,12.1744679452433,-231.884220897611,-13.6934835513964,446.706746546516,0,0,0,0,-17.7945549065613,-22.6852281191815,-3.91904615920405e-05,0.000139013899333641,0.280342968591729,0.0085286229065538
349,13.96,213.295480215832,12.1664330108568,-231.905717666158,-13.692791644735,446.727556515868,0,0,0,0,-17.7936559824137,-22.7147661059896,-3.92360146084591e-05,0.000138908650675649,0.31692976465237,0.00852692144175411
350,14,213.287228907859,12.1581809909926,-231.924789068951,-13.6921043200397,446.745941305857,0,0,0,0,-17.7927630027754,-22.7421118543873,-3.9283183777604e-05,0.000138799467938506,0.353668245597847,0.00852520532820226
351,14.04,213.27875743514,12.1497124509771,-231.941405877491,-13.691421340147,446.761872201802,0,0,0,0,-17.7918756592637,-22.7672350032823,-3.93319737830043e-05,0.000138686322998844,0.390556339913658,0.00852347436443926
352,14.08,213.270067359778,12.1410282123114,-231.95554136985,-13.6907424795326,446.775322996849,0,0,0,0,-17.7909936586424,-22.7901074502441,-3.93823867794079e-05,0.000138569193162977,0.427591365949721,0.00852172838049846
353,14.12,213.261160481167,12.1321293447552,-231.96717139192,-13.6900675246166,446.786270052948,0,0,0,0,-17.7901167232173,-22.8107034208328,-3.94344223740026e-05,0.000138448061250178,0.464770030276126,0.00851996723987668
354,14.16,213.252038826981,12.1230171578709,-231.976274410297,-13.6893962740227,446.79469235343,0,0,0,0,-17.7892445911727,-22.828999530065,-3.94880776175385e-05,0.000138322915657359,0.502088428185084,0.00851819084129423
355,14.2,213.24270464371,12.1136931920921,-231.982831556689,-13.6887285387925,446.800571547099,0,0,0,0,-17.788377016849,-22.8449748358768,-3.95433470049397e-05,0.000138193750405263,0.53954204630173,0.00851639912023505
356,14.24,213.233160386816,12.1041592093798,-231.986826663848,-13.6880641425543,446.803891983839,0,0,0,0,-17.787513770961,-22.8586108844777,-3.9600222482929e-05,0.000138060565164879,0.577125767255168,0.00851459205026117
357,14.28,213.223408710577,12.0944171835274,-231.98824629303,-13.6874029216459,446.804640741725,0,0,0,0,-17.786654640757,-22.8698917475736,-3.965869346905e-05,0.000137923365268174,0.614833876351006,0.00851276964409803
358,14.32,213.213452457666,12.0844692901767,-231.987079753049,-13.6867447251933,446.802807645731,0,0,0,0,-17.7857994301201,-22.8788040514475,-3.97187468779569e-05,0.000137782161697283,0.652660070177583,0.00851093195448995
359,14.36,213.203294648539,12.0743178966049,-231.983319111051,-13.6860894151451,446.79838527813,0,0,0,0,-17.7849479596129,-22.8853369979633,-3.97803671554668e-05,0.000137636971059271,0.690597467070018,0.00850907907482763
360,14.4,213.192938470676,12.0639655513386,-231.976959195139,-13.6854368662653,446.791368980742,0,0,0,0,-17.7841000664662,-22.8894823775801,-3.98435363213029e-05,0.000137487815541167,0.728638619348714,0.00850721113955112
361,14.44,213.182387267739,12.0534149736512,-231.967997589057,-13.6847869660839,446.781756849229,0,0,0,0,-17.7832556045155,-22.8912345745158,-3.99082340183044e-05,0.000137334722850487,0.766775527241835,0.00850532832433389
362,14.48,213.171644528688,12.0426690429917,-231.956434619139,-13.6841396148091,446.769549719645,0,0,0,0,-17.7824144440851,-22.8905905642373,-3.99744375702399e-05,0.000137177726138668,0.804999654394685,0.00850343084605543
363,14.52,213.160713876902,12.0317307883936,-231.942273333793,-13.6834947252013,446.754751147503,0,0,0,0,-17.7815764718249,-22.887549903481,-4.00421220443518e-05,0.000137016863909516,0.843301944863323,0.00850151896257065
364,14.56,213.149599059363,12.0206033779078,-231.92551947579,-13.6828522224126,446.737367379658,0,0,0,0,-17.7807415905001,-22.8821147130427,-4.01112603225481e-05,0.000136852179913254,0.881672841485436,0.0084995929722866
365,14.6,213.138303935916,12.009290108101,-231.906181447682,-13.6822120437921,446.717407319289,0,0,0,0,-17.7799097187388,-22.8742896536158,-4.01818231760795e-05,0.000136683723026854,0.920102305518593,0.00849765321355707
366,14.64,213.126832468675,11.9977943936595,-231.884270270677,-13.6815741386609,446.694882484354,0,0,0,0,-17.7790807907377,-22.8640818949645,-4.02537793464358e-05,0.00013651154712111,0.958579837434152,0.00849570006390659
367,14.68,213.115188711586,11.986119757134,-231.859799537329,-13.6809384680577,446.669806959839,0,0,0,0,-17.7782547559323,-22.8515010787658,-4.03270956317802e-05,0.00013633571091589,0.997094498753812,0.00849373393909572
368,14.72,213.103376800188,11.9742698188573,-231.832785358412,-13.680305004458,446.642197344201,0,0,0,0,-17.7774315786308,-22.8365592754463,-4.04017369760015e-05,0.000136156277824735,1.03563493481478,0.00849175529203875
369,14.76,213.091400941589,11.9622482870656,-231.803246304371,-13.679673731469,446.612072690364,0,0,0,0,-17.7766112376171,-22.8192709353884,-4.04776665641453e-05,0.000135973315788205,1.07418939834881,0.00848976461158508
370,14.8,213.079265404702,11.9500589482464,-231.771203341723,-13.6790446435018,446.57945444168,0,0,0,0,-17.7757937257246,-22.7996528348559,-4.05548459182504e-05,0.000135786897098348,1.11274577376032,0.00848776242117525
371,14.84,213.066974510739,11.9377056577371,-231.736679764826,-13.6784177454231,446.544366363251,0,0,0,0,-17.7749790493832,-22.7777240170254,-4.06332349989205e-05,0.000135597098215092,1.15129160198985,0.00848574927738143
372,14.88,213.054532623998,11.9251923305927,-231.699701123414,-13.6777930521889,446.506834469008,0,0,0,0,-17.7741672281424,-22.7535057285043,-4.07127923081733e-05,0.000135403999574825,1.1898141058515,0.00848372576834327
373,14.92,213.041944142955,11.912522932739,-231.660295146304,-13.6771705884611,446.46688694498,0,0,0,0,-17.7733582941731,-22.7270213517373,-4.07934749935751e-05,0.000135207685393132,1.22830021573574,0.00848169251210851
374,14.96,213.029213491669,11.8997014724282,-231.618491661686,-13.6765503882092,446.424554069136,0,0,0,0,-17.7725522917496,-22.6982963336754,-4.08752389556546e-05,0.000135008243460904,1.26673659557293,0.00847965015488784
375,15,213.016345111527,11.8867319920069,-231.574322514404,-13.6759324942994,446.379868128224,0,0,0,0,-17.7717492767146,-22.6673581111264,-4.09580389543182e-05,0.000134805764937429,1.30510966895617,0.00847759936923408
376,15.04,213.003343453312,11.8736185600103,-231.527821480625,-13.6753169580711,446.332863331998,0,0,0,0,-17.7709493159296,-22.6342360331627,-4.10418287166331e-05,0.000134600344138685,1.34340564532555,0.00847554085215447
377,15.08,212.990212969629,11.8603652635879,-231.479024180281,-13.6747038389046,446.283575725226,0,0,0,0,-17.7701524867117,-22.5989612809686,-4.11265610448497e-05,0.000134392078323262,1.3816105461195,0.00847347532316498
378,15.12,212.976958107677,11.8469762012686,-231.42796798767,-13.6740932037794,446.232043097858,0,0,0,0,-17.7693588762602,-22.5615667855044,-4.12121879237339e-05,0.00013418106747598,1.41971023080304,0.00847140352229571
379,15.16,212.963583302376,11.8334554760645,-231.374691940591,-13.6734851268263,446.178304893728,0,0,0,0,-17.7685685810735,-22.5220871433551,-4.12986606270175e-05,0.000133967414091592,1.45769042268752,0.00846932620805587
380,15.2,212.950092969851,11.8198071889167,-231.319236648345,-13.6728796888735,446.122402118153,0,0,0,0,-17.7677817063592,-22.4805585311088,-4.13859298234454e-05,0.000133751222955692,1.49553673446197,0.00846724415536715
381,15.24,212.936491501264,11.8060354324818,-231.261644198988,-13.6722769769888,446.064377244759,0,0,0,0,-17.7669983654396,-22.4370186186284,-4.14739456808608e-05,0.000133532600928766,1.53323469336192,0.00846515815347536
382,15.28,212.922783257009,11.7921442852615,-231.201958066124,-13.6716770840202,446.004274121891,0,0,0,0,-17.7662186791531,-22.3915064815345,-4.15626579687267e-05,0.000133311656729571,1.57076976590692,0.00846306900385015
383,15.32,212.90897256125,11.7781378060752,-231.140223015589,-13.6710801081342,445.942137878898,0,0,0,0,-17.7654427752556,-22.3440625132245,-4.16520161580076e-05,0.000133088500720083,1.60812738214353,0.00846097751808329
384,15.36,212.895063696809,11.7640200288716,-231.076485012307,-13.6704861523568,445.878014832601,0,0,0,0,-17.7646707878223,-22.2947283367315,-4.17419695201595e-05,0.000132863244693758,1.64529295933479,0.00845888451579737
385,15.4,212.881060900405,11.7497949578759,-231.010791127585,-13.6698953241158,445.811952394229,0,0,0,0,-17.7639028566538,-22.2435467166929,-4.18324672223178e-05,0.000132636001665633,1.68225192504247,0.00845679082257578
386,15.44,212.866968358218,11.7354665630647,-230.943189447124,-13.6693077347878,445.743998977066,0,0,0,0,-17.763139126687,-22.1905614717028,-4.19234584196634e-05,0.000132406885666745,1.718989739553,0.0084546972679251
387,15.48,212.852790201794,11.7210387759592,-230.873728979978,-13.6687234992517,445.674203905064,0,0,0,0,-17.7623797474145,-22.1358173872946,-4.2014892346018e-05,0.000132176011541115,1.7554919176043,0.00845260468328156
388,15.52,212.83853050426,11.7065154857344,-230.802459568686,-13.6681427354495,445.602617322661,0,0,0,0,-17.7616248723137,-22.0793601297935,-4.21067183991672e-05,0.000131943494749349,1.79174404937599,0.00845051390007167
389,15.56,212.824193276865,11.6919005356365,-230.729431800805,-13.667565563956,445.529290105989,0,0,0,0,-17.7608746582879,-22.021236161255,-4.21988862259045e-05,0.000131709451174235,1.82773182071154,0.00844842574783722
390,15.6,212.809782465822,11.6771977197071,-230.654696922014,-13.6669921075602,445.454273775689,0,0,0,0,-17.7601292651219,-21.9614926556977,-4.22913457996682e-05,0.00013147399693455,1.8634410325455,0.00844634105243509
391,15.64,212.795301949457,11.6624107798036,-230.578306750983,-13.6664224908586,445.377620411494,0,0,0,0,-17.7593888549529,-21.9001774168011,-4.23840474979181e-05,0.000131237248202326,1.89885761951264,0.00844426063431937
392,15.68,212.780755535643,11.6475434029073,-230.500313596133,-13.6658568398613,445.29938256873,0,0,0,0,-17.7586535917597,-21.8373387972362,-4.24769421753385e-05,0.000130999321026778,1.93396766771974,0.00844218530691384
393,15.72,212.766146959519,11.6325992187063,-230.42077017445,-13.6652952816145,445.219613196877,0,0,0,0,-17.7579236408707,-21.773025619773,-4.25699812318178e-05,0.000130760331163945,1.96875743166458,0.00844011587508139
394,15.76,212.751479881474,11.6175817974424,-230.339729532445,-13.6647379438368,445.138365560314,0,0,0,0,-17.7571991684919,-21.707287100293,-4.26631166787113e-05,0.000130520393913473,2.00321335029136,0.00843805313369379
395,15.8,212.7367578854,11.6024946480152,-230.257244969389,-13.6641849545735,445.055693161347,0,0,0,0,-17.7564803412573,-21.6401727728306,-4.27563011989325e-05,0.000130279623960875,2.0373220621769,0.00843599786630627
396,15.84,212.721984477192,11.5873412163371,-230.173369962915,-13.663636441867,444.971649665637,0,0,0,0,-17.7557673258005,-21.5717324167448,-4.28494882057975e-05,0.000130038135226818,2.07107041984649,0.0084339508439383
397,15.88,212.707163083494,11.5721248839311,-230.08815809707,-13.6630925334453,444.886288830078,0,0,0,0,-17.7550602883496,-21.5020159861244,-4.29426318964934e-05,0.000129796040722684,2.10444550322145,0.00843191282396057
398,15.92,212.692297050688,11.5568489667629,-230.001662992862,-13.6625533564279,444.799664433215,0,0,0,0,-17.7543593943448,-21.4310735414737,-4.30356873020233e-05,0.000129553452413607,2.13743463220242,0.00842988454908806
399,15.96,212.677389644101,11.5415167142929,-229.913938241366,-13.6620190370493,444.711830208224,0,0,0,0,-17.7536648080792,-21.358955183761,-4.3128610334215e-05,0.000129310481087718,2.17002537839418,0.00842786674647597
400,16,212.662444047428,11.5261313087344,-229.825037339415,-13.6614897003998,444.622839778508,0,0,0,0,-17.7529766923617,-21.2857109908582,-4.3221357827579e-05,0.000129067236232932,2.20220557598017,0.00842586012691523
401,16.04,212.647463362354,11.5106958645095,-229.735013627895,-13.6609654701838,444.532746595923,0,0,0,0,-17.7522952082023,-21.2113909564071,-4.33138875779584e-05,0.000128823825919747,2.23396333175812,0.00842386538412321
402,16.08,212.632450608386,11.4952134278915,-229.643920232674,-13.6604464684942,444.441603881663,0,0,0,0,-17.7516205145193,-21.1360449311416,-4.34061583787269e-05,0.000128580356691814,2.26528703435207,0.00842188319412409
403,16.12,212.617408722852,11.4796869768281,-229.551810008171,-13.6599328156026,444.349464569798,0,0,0,0,-17.7509527678658,-21.0597225666867,-4.34981300526276e-05,0.000128336933462885,2.2961653626188,0.00841991421471352
404,16.16,212.602340561098,11.4641194209351,-229.458735483555,-13.6594246297647,444.256381253482,0,0,0,0,-17.7502921221776,-20.982473261843,-4.35897634792115e-05,0.000128093659420912,2.32658729326823,0.00841795908500159
405,16.2,212.587248896836,11.4485136016486,-229.364748811563,-13.6589220270403,444.162406133791,0,0,0,0,-17.749638728538,-20.9043461113379,-4.36810206215062e-05,0.000127850635938571,2.356542107717,0.00841601842502759
406,16.24,212.572136422657,11.4328722925224,-229.269901719919,-13.658425121126,444.067590971179,0,0,0,0,-17.7489927349609,-20.8253898570498,-4.37718645466881e-05,0.000127607962489855,2.38601939819503,0.00841409283544031
407,16.28,212.557005750686,11.4171981996587,-229.174245465297,-13.6579340232012,443.971987039526,0,0,0,0,-17.7483542861903,-20.7456528416548,-4.38622594457231e-05,0.000127365736574293,2.41500907312571,0.00841218289723559
408,16.32,212.541859413373,11.4014939622626,-229.077830789831,-13.6574488417848,443.875645082726,0,0,0,0,-17.7477235235135,-20.6651829646881,-4.39521706488005e-05,0.000127124053646059,2.44350136180255,0.00841028917154357
409,16.36,212.526699864412,11.3857621533101,-228.980707880097,-13.6569696826021,443.778615273802,0,0,0,0,-17.7471005845887,-20.5840276409832,-4.40415646394925e-05,0.000126883007050133,2.47148681838756,0.00840841219945805
410,16.4,212.51152947978,11.3700052803213,-228.882926328555,-13.656496648462,443.680947176476,0,0,0,0,-17.7464856032843,-20.5022337614474,-4.41304090647855e-05,0.000126642687963659,2.49895632525737,0.00840655250190023
411,16.44,212.496350558878,11.3542257862278,-228.784535097379,-13.656029839141,443.582689709171,0,0,0,0,-17.7458787095289,-20.4198476561554,-4.4218672741867e-05,0.000126403185343694,2.52590109572314,0.00840471057951308
412,16.48,212.481165325773,11.3384260503236,-228.685582484635,-13.6555693512767,443.483891111361,0,0,0,0,-17.7452800291723,-20.3369150596906,-4.43063256648515e-05,0.000126164585880608,2.55231267614872,0.00840288691258423
413,16.52,212.465975930524,11.3226083892904,-228.586116092723,-13.6551152782679,443.384598912225,0,0,0,0,-17.7446896838555,-20.253481078686,-4.43933390061343e-05,0.000125926973956596,2.57818294749178,0.00840108196099694
414,16.56,212.450784450588,11.3067750582888,-228.486182799056,-13.6546677101832,443.284859901538,0,0,0,0,-17.744107790892,-20.1695901615174,-4.44796851181795e-05,0.000125690431609753,2.60350412629295,0.0083992961642122
415,16.6,212.435592892297,11.2909282521074,-228.385828728873,-13.6542267336773,443.18472010274,0,0,0,0,-17.7435344631586,-20.0852860700778,-4.45653375315246e-05,0.000125455038502961,2.62826876513996,0.0083975299412843
416,16.64,212.420403192403,11.2750701063656,-228.285099230165,-13.6537924319154,443.084224748118,0,0,0,0,-17.7429698089974,-20.0006118535837,-4.46502709504966e-05,0.000125220871898456,2.65246975263407,0.00839578369091096
417,16.68,212.405217219667,11.2592026987593,-228.184038850622,-13.6533648845061,442.983418256035,0,0,0,0,-17.7424139321286,-19.9156098243788,-4.47344612476601e-05,0.000124988006636424,2.67610031288577,0.008394057791519
418,16.72,212.390036776503,11.2433280503466,-228.082691316551,-13.6529441674423,442.882344210149,0,0,0,0,-17.7418669315729,-19.8303215356487,-4.48178854568744e-05,0.00012475651511812,2.69915400456444,0.00839235260138449
419,16.76,212.374863600657,11.2274481268642,-227.981099513698,-13.6525303530497,442.781045340541,0,0,0,0,-17.7413289015851,-19.7447877610085,-4.49005217648853e-05,0.000124526467294954,2.72162471952522,0.00839066845878515
420,16.8,212.359699366923,11.2115648400723,-227.879305469896,-13.6521235099431,442.679563506689,0,0,0,0,-17.740799931597,-19.6590484758852,-4.4982349500343e-05,0.000124297930658616,2.74350668103533,0.00838900568218398
421,16.84,212.34454568888,11.1956800491199,-227.777350339486,-13.6517237029899,442.577939682236,0,0,0,0,-17.7402801061702,-19.5731428406339,-4.50633491227449e-05,0.000124070970238138,2.76479444162328,0.00838736457044274
422,16.88,212.329404120663,11.1797955619264,-227.675274389432,-13.6513309932822,442.476213941451,0,0,0,0,-17.7397695049591,-19.4871091853286,-4.5143502209108e-05,0.000123845648598739,2.78548288057437,0.00838574540306553
423,16.92,212.314276158736,11.1639131365721,-227.57311698708,-13.6509454381157,442.37442544736,0,0,0,0,-17.7392682026839,-19.4009849961772,-4.52227914396678e-05,0.000123622025844964,2.80556720109651,0.00838414844047368
424,16.96,212.299163243679,11.1480344826963,-227.47091658949,-13.650567090978,442.27261244145,0,0,0,0,-17.7387762691154,-19.3148069034912,-4.53012005828307e-05,0.00012340015962727,2.8250429271787,0.00838257392431363
425,17,212.284066761977,11.1321612629002,-227.368710734282,-13.6501960015455,442.170812234904,0,0,0,0,-17.7382937690702,-19.2286106711689,-4.53787144778096e-05,0.000123180105151381,2.84390590016308,0.00838102207779991
426,17.04,212.268988047817,11.1162950941567,-227.266536031937,-13.6498322156891,442.069061201287,0,0,0,0,-17.7378207624186,-19.142431187619,-4.54553190180834e-05,0.000122961915191251,2.8621522750507,0.00837949310609445
427,17.08,212.253928384891,11.1004375492233,-227.164428159481,-13.6494757754893,441.967394770638,0,0,0,0,-17.7373573041041,-19.0563024580624,-4.55310011315419e-05,0.000122745640103767,2.87977851656073,0.00837798719672202
428,17.12,212.238889008184,11.0845901580558,-227.062421855508,-13.6491267192602,441.865847424897,0,0,0,0,-17.7369034441741,-18.9702575981709,-4.56057487612128e-05,0.000122531327847837,2.89678139496299,0.00837650452002091
429,17.16,212.223871105767,11.0687544092165,-226.960550916478,-13.6487850815826,441.764452694611,0,0,0,0,-17.7364592278232,-18.8843288289781,-4.56795508451059e-05,0.000122319024003543,2.91315798170296,0.00837504522962574
430,17.2,212.208875820569,11.0529317512746,-226.858848194218,-13.6484508933454,441.663243156858,0,0,0,0,-17.7360246954462,-18.7985474730148,-4.57523972954399e-05,0.000122108771796979,2.92890564483716,0.00837360946297873
431,17.24,212.193904252133,11.037123594199,-226.757345594612,-13.6481241817948,441.562250434341,0,0,0,0,-17.7355998827026,-18.7129439516341,-4.58242789774391e-05,0.000121900612124102,2.944022044295,0.00837219734186544
432,17.28,212.178957458371,11.0213313107446,-226.656074077375,-13.6478049705913,441.461505195593,0,0,0,0,-17.7351848205903,-18.6275477834311,-4.58951876882712e-05,0.000121694583577435,2.95850512698251,0.00837080897297056
433,17.32,212.164036457294,11.0055562378316,-226.555063656903,-13.6474932798739,441.36103715624,0,0,0,0,-17.7347795355283,-18.5423875837468,-4.5965116134148e-05,0.000121490722476371,2.97235312174292,0.00836944444844896
434,17.36,212.149142228731,10.9897996779127,-226.454343404117,-13.6471891263298,441.260875081265,0,0,0,0,-17.7343840494481,-18.4574910651768,-4.60340579093041e-05,0.000121289062896992,2.98556453418953,0.00836810384650791
435,17.4,212.134275716019,10.9740629003234,-226.353941449264,-13.6468925232704,441.16104678823,0,0,0,0,-17.7339983798913,-18.3728850390544,-4.61020074726344e-05,0.000121089636704858,2.99813814142562,0.00836678723199564
436,17.44,212.119437827673,10.9583471426106,-226.253884985627,-13.6466034807118,441.061579151401,0,0,0,0,-17.7336225401144,-18.2885954178627,-4.61689601262952e-05,0.000120892473589169,3.01007298666505,0.00836549465699112
437,17.48,212.104629439016,10.9426536118412,-226.154200274097,-13.6463220054585,440.96249810673,0,0,0,0,-17.7332565391978,-18.2046472185303,-4.62349119922889e-05,0.000120697601098014,3.02136837376569,0.00836422616139144
438,17.52,212.089851393793,10.9269834858915,-226.054912648564,-13.6460481011915,440.863828657657,0,0,0,0,-17.7329003821594,-18.1210645665644,-4.6299859989174e-05,0.000120505044675518,3.03202386168695,0.00836298177349213
439,17.56,212.075104505762,10.9113379147204,-225.956046522081,-13.6457817685575,440.765594881681,0,0,0,0,-17.7325540700706,-18.037870700973,-4.63638018094776e-05,0.000120314827698926,3.04203925888257,0.0083617615105561
440,17.6,212.060389560246,10.8957180216195,-225.857625393769,-13.6455230052603,440.667819937656,0,0,0,0,-17.7322176001751,-17.9550879799388,-4.64267358955856e-05,0.000120126971519029,3.05141461764008,0.00836056537936822
441,17.64,212.04570731566,10.8801249044343,-225.7596718564,-13.6452718061521,440.570526073778,0,0,0,0,-17.7318909660073,-17.8727378872052,-4.64886614172622e-05,0.00011994149549847,3.06015022837793,0.00835939337677225
442,17.68,212.031058504989,10.8645596367506,-225.662207604651,-13.6450281633257,440.473734636215,0,0,0,0,-17.7315741575116,-17.7908410391524,-4.65495782479153e-05,0.000119758417053432,3.06824661390993,0.00835824549018694
443,17.72,212.016443837231,10.8490232690475,-225.565253443959,-13.6447920662047,440.377466078348,0,0,0,0,-17.7312671611598,-17.7094171925098,-4.66094869407158e-05,0.000119577751694759,3.07570452368531,0.00835712169809955
444,17.76,212.0018639988,10.8335168298172,-225.468829299974,-13.6445635016327,440.281739970589,0,0,0,0,-17.7309699600669,-17.6284852526833,-4.66683887064722e-05,0.000119399513069641,3.08252492801163,0.00835602197053495
445,17.8,211.987319654893,10.818041326658,-225.372954228546,-13.6443424539609,440.186575010742,0,0,0,0,-17.7306825341046,-17.5480632826343,-4.67262853908215e-05,0.000119223713004456,3.0887090122683,0.00835494626949887
446,17.84,211.972811450826,10.8025977473359,-225.277646426233,-13.6441289051325,440.091989034856,0,0,0,0,-17.7304048600112,-17.4681685122934,-4.67831794500738e-05,0.00011905036154799,3.09425817111916,0.00835389454939493
447,17.88,211.95834001332,10.7871870608098,-225.182923241281,-13.6439228347652,439.997999028556,0,0,0,0,-17.7301369114981,-17.3888173484697,-4.68390739307532e-05,0.000118879467013772,3.09917400273303,0.00835286675741547
448,17.92,211.943905951743,10.771810218217,-225.088801185061,-13.6437242202297,439.904621138817,0,0,0,0,-17.7298786593524,-17.3100253852343,-4.68939724462327e-05,0.000118711036025479,3.10345830302002,0.00835186283390614
449,17.96,211.929509859306,10.7564681538167,-224.995295943924,-13.6435330367261,439.81187068614,0,0,0,0,-17.7296300715358,-17.2318074147558,-4.69478791554625e-05,0.000118545073560012,3.10711305988961,0.00835088271270587
450,18,211.915152314212,10.7411617858962,-224.90242239146,-13.6433492573565,439.719762177133,0,0,0,0,-17.7293911132791,-17.1541774385596,-4.70007987412099e-05,0.000118381582992259,3.11014044753496,0.00834992632146397
451,18.04,211.900833880766,10.7258920176447,-224.810194601123,-13.643172853195,439.628309317439,0,0,0,0,-17.7291617471726,-17.0771486791705,-4.70527363882933e-05,0.000118220566139439,3.11254282074727,0.00834899358193556
452,18.08,211.886555110445,10.7106597379939,-224.718625859202,-13.6430037933548,439.537525025008,0,0,0,0,-17.7289419332538,-17.0007335921152,-4.71036977620133e-05,0.00011806202330618,3.11432270926497,0.00834808441025728
453,18.12,211.87231654293,10.6954658224244,-224.627728678108,-13.6428420450523,439.447421443667,0,0,0,0,-17.7287316290906,-16.9249438782532,-4.71536889882233e-05,0.000117905953328354,3.1154828121635,0.00834719871720564
454,18.16,211.858118707092,10.6803111337344,-224.537514809935,-13.6426875736695,439.358009956963,0,0,0,0,-17.728530789862,-16.8497904964075,-4.72027166308488e-05,0.000117752353618626,3.11602599229183,0.00834633640844029
455,18.2,211.843962121924,10.6651965227725,-224.447995260298,-13.6425403428138,439.269301202263,0,0,0,0,-17.7283393684367,-16.7752836762878,-4.72507876725589e-05,0.000117601220210876,3.11595527076079,0.00834549738473457
456,18.24,211.829847297442,10.6501228291396,-224.359180302406,-13.642400314377,439.181305085085,0,0,0,0,-17.7281573154484,-16.7014329316626,-4.72979094940024e-05,0.000117452547803957,3.11527382148714,0.00834468154219513
457,18.28,211.815774735551,10.6350908818672,-224.271079491353,-13.642267448592,439.094030793629,0,0,0,0,-17.7279845793712,-16.6282470737689,-4.73440898541885e-05,0.000117306329806118,3.11398496579616,0.00834388877247342
458,18.32,211.801744930883,10.6201015000766,-224.183701678621,-13.6421417040903,439.007486813518,0,0,0,0,-17.7278211065924,-16.5557342249299,-4.73893368706957e-05,0.000117162558379575,3.11209216708556,0.00834311896297132
459,18.36,211.787758371596,10.6051554936201,-224.097055026754,-13.6420230379574,438.921680942687,0,0,0,0,-17.7276668414864,-16.4839018323683,-4.74336590015448e-05,0.000117021224483338,3.10959902555387,0.00834237199704157
460,18.4,211.773815540155,10.5902536636985,-224.011147024195,-13.6419114057901,438.836620306442,0,0,0,0,-17.7275217264877,-16.4127566821899,-4.74770650263482e-05,0.000116882317917006,3.10650927299675,0.00834164775418469
461,18.44,211.759916914069,10.5753968034535,-223.925984500256,-13.6418067617523,438.752311372624,0,0,0,0,-17.7273857021645,-16.3423049135227,-4.7519564027391e-05,0.000116745827363647,3.10282676767402,0.00834094611024349
462,18.48,211.746062966597,10.5605856985342,-223.841573640204,-13.6417090586328,438.6687599669,0,0,0,0,-17.7272587072931,-16.2725520327893,-4.75611653731743e-05,0.000116611740432839,3.09855548924939,0.00834026693759638
463,18.52,211.732254167418,10.5458211276444,-223.757920000441,-13.6416182479032,438.585971288118,0,0,0,0,-17.7271406789333,-16.2035029280963,-4.76018786998637e-05,0.000116480043703078,3.09369953380433,0.00833961010534964
464,18.56,211.71849098329,10.5311038630829,-223.675028523755,-13.6415342797775,438.503949923739,0,0,0,0,-17.7270315525063,-16.1351618836932,-4.76417138952742e-05,0.000116350722762777,3.08826310892804,0.00833897547952903
465,18.6,211.704773878695,10.5164346712865,-223.592903554631,-13.6414571032721,438.422699865312,0,0,0,0,-17.7269312618723,-16.0675325945042,-4.76806810808146e-05,0.000116223762254143,3.08225052888603,0.00833836292327044
466,18.64,211.69110331648,10.5018143133797,-223.511548854615,-13.6413866662682,438.342224523983,0,0,0,0,-17.7268397394112,-16.0006181807064,-4.77187905960574e-05,0.000116099145911361,3.07566620987078,0.00833777229700913
467,18.68,211.677479758489,10.4872435457268,-223.430967617692,-13.6413229155742,438.262526746028,0,0,0,0,-17.7267569161046,-15.9344212023418,-4.7756052981566e-05,0.0001159768566036,3.06851466533688,0.00833720345866731
468,18.72,211.663903666176,10.4727231204761,-223.351162485686,-13.6412657969905,438.183608828376,0,0,0,0,-17.7266827216192,-15.8689436739587,-4.77924789642714e-05,0.000115856876373498,3.06080050142187,0.00833665626383901
469,18.76,211.650375501198,10.4582537860891,-223.272135563648,-13.6412152553748,438.105472534132,0,0,0,0,-17.7266170843922,-15.804187079268,-4.78280794414951e-05,0.00011573918647686,3.05252841245238,0.00833613056597156
470,18.8,211.636895725987,10.4438362878579,-223.193888435215,-13.6411712347082,438.028119108052,0,0,0,0,-17.7265599317168,-15.7401523857979,-4.78628654660061e-05,0.000115623767422047,3.04370317653464,0.00833562621654267
471,18.84,211.623464804312,10.4294713684251,-223.116422177937,-13.641133678163,437.951549291987,0,0,0,0,-17.7265111898304,-15.6768400595166,-4.78968482318598e-05,0.000115510599007023,3.03432965122983,0.00833514306523247
472,18.88,211.610083201855,10.4151597683188,-223.039737378555,-13.6411025281698,437.875763340261,0,0,0,0,-17.7264707840018,-15.6142500794088,-4.79300390603482e-05,0.000115399660357837,3.02441276931571,0.00833468096008922
473,18.92,211.596751386792,10.4009022265086,-222.963834148212,-13.641077726486,437.800761034981,0,0,0,0,-17.7264386386204,-15.5523819519879,-4.79624493860584e-05,0.000115290929965065,3.01395753463747,0.0083342397476877
474,18.96,211.58346983038,10.3866994809736,-222.888712137593,-13.6410592142638,437.726541701264,0,0,0,0,-17.7264146772839,-15.4912347257317,-4.79940907442438e-05,0.000115184385720433,3.00296901804979,0.00833381927327891
475,19,211.570239007543,10.3725522692732,-222.814370551973,-13.6410469321175,437.653104222361,0,0,0,0,-17.7263988228866,-15.4308070054426,-4.80249747579389e-05,0.000115080004951514,2.99145235345073,0.00833341938093059
476,19.04,211.557059397445,10.3584613291156,-222.74080816615,-13.6410408201908,437.58044705467,0,0,0,0,-17.7263909977063,-15.3710969665228,-4.80551131250814e-05,0.000114977764457503,2.97941273390684,0.0083330399136576
477,19.08,211.543931484063,10.344427398934,-222.668023339274,-13.6410408182229,437.508568242626,0,0,0,0,-17.72639112349,-15.3121023691464,-4.80845176068973e-05,0.000114877640543079,2.96685540786834,0.00833268071354131
478,19.12,211.53085575678,10.3304512184824,-222.596014029558,-13.6410468656125,437.437465433469,0,0,0,0,-17.7263991215379,-15.2538205723163,-4.81132000161559e-05,0.000114779609051687,2.9537856754737,0.00833234162183798
479,19.16,211.517832710993,10.316533529453,-222.524777808855,-13.6410589014816,437.367135891876,0,0,0,0,-17.7264149127854,-15.196248547774,-4.81411722050249e-05,0.000114683645398716,2.94020888494424,0.00833202247907544
480,19.2,211.504862848724,10.3026750761027,-222.454311877105,-13.6410768647359,437.297576514462,0,0,0,0,-17.7264384178819,-15.1393828937791,-4.81684460554729e-05,0.000114589724603442,2.92613042906927,0.00833172312513776
481,19.24,211.491946679233,10.2888766058738,-222.384613076623,-13.6411006941237,437.228783844107,0,0,0,0,-17.7264695572678,-15.0832198487284,-4.81950334674239e-05,0.000114497821320613,2.91155574178226,0.00833144339933709
482,19.28,211.479084719612,10.275138870005,-222.315677906222,-13.6411303282925,437.160754084121,0,0,0,0,-17.7265082512472,-15.0277553046327,-4.82209463489713e-05,0.000114407909871122,2.89649029482788,0.00833118314047252
483,19.32,211.46627749538,10.2614626241513,-222.247502535152,-13.6411657058416,437.093483112223,0,0,0,0,-17.7265544200572,-14.9729848204199,-4.82461966063357e-05,0.000114319964271241,2.88093959451936,0.00833094218687642
484,19.36,211.453525541116,10.2478486290349,-222.180082816875,-13.641206765373,437.026966494329,0,0,0,0,-17.7266079839333,-14.9189036350591,-4.82707961342733e-05,0.000114233958262929,2.86490917858575,0.00833072037644882
485,19.4,211.440829401115,10.234297651139,-222.113414302659,-13.6412534455383,436.961199498173,0,0,0,0,-17.726668863171,-14.865506680476,-4.82947568074598e-05,0.00011414986534099,2.848404613109,0.00833051754668044
486,19.44,211.42818963008,10.2208104634228,-222.04749225499,-13.6413056850833,436.896177106731,0,0,0,0,-17.7267369781833,-14.8127885942627,-4.83180904712644e-05,0.000114067658782032,2.83143148955044,0.00833033353466485
487,19.48,211.415606793801,10.2073878460269,-221.982311660789,-13.6413634228881,436.831894031451,0,0,0,0,-17.7268122495531,-14.7607437321881,-4.83408089341848e-05,0.000113987311669693,2.8139954218663,0.00833016817710002
488,19.52,211.403081469801,10.194030586945,-221.917867244417,-13.6414265980045,436.768344725277,0,0,0,0,-17.7268945980822,-14.7093661805104,-4.83629239584041e-05,0.000113908796921863,2.7961020437109,0.00833002131027973
489,19.56,211.390614247958,10.1807394826716,-221.854153480462,-13.6414951496899,436.705523395438,0,0,0,0,-17.7269839448348,-14.6586497680923,-4.83844472537059e-05,0.000113832087315451,2.77775700572658,0.00832989277007578
490,19.6,211.378205731139,10.1675153388597,-221.791164606311,-13.6415690174378,436.643424016028,0,0,0,0,-17.7270802111776,-14.6085880782862,-4.84053904686658e-05,0.000113757155512063,2.75896597291895,0.00832978239191197
491,19.64,211.36585653587,10.1543589710206,-221.728894634499,-13.6416481410048,436.582040340353,0,0,0,0,-17.7271833188151,-14.5591744605781,-4.8425765184883e-05,0.000113683974080178,2.73973462211703,0.00832969001073128
492,19.68,211.35356729305,10.1412712052723,-221.667337364851,-13.6417324604353,436.521365913064,0,0,0,0,-17.7272931898211,-14.5104020419573,-4.84455829096382e-05,0.000113612515520073,2.72006863951739,0.00832961546095733
493,19.72,211.341338648695,10.1282528791105,-221.6064863964,-13.6418219160825,436.461394082067,0,0,0,0,-17.727409746667,-14.4622637380336,-4.84648550692438e-05,0.000113542752285781,2.6999737183121,0.00832955857645137
494,19.76,211.329171264664,10.1153048421608,-221.546335139063,-13.6419164486265,436.402118010193,0,0,0,0,-17.7275329122451,-14.4147522639126,-4.84835930029305e-05,0.000113474656805229,2.67945555640004,0.00832951919046531
495,19.8,211.317065819342,10.1024279568905,-221.486876825082,-13.6420159990909,436.343530686625,0,0,0,0,-17.7276626098897,-14.3678601448465,-4.85018079582126e-05,0.000113408201503837,2.65851985418093,0.00832949713559177
496,19.84,211.305023008291,10.089623099284,-221.428104520208,-13.6421205088554,436.28562493807,0,0,0,0,-17.7277987633946,-14.3215797266547,-4.85195110839628e-05,0.000113343358823246,2.63717231243092,0.00832949224371175
497,19.88,211.293043544898,10.0768911595169,-221.370011134644,-13.6422299196677,436.228393439693,0,0,0,0,-17.7279412970276,-14.2759031859018,-4.85367134267384e-05,0.000113280101240003,2.61541863025748,0.00832950434594101
498,19.92,211.281128161057,10.0642330426692,-221.312589433753,-13.6423441736527,436.171828725793,0,0,0,0,-17.7280901355436,-14.2308225397834,-4.85534259253638e-05,0.000113218401286047,2.593264503131,0.00832953327257626
499,19.96,211.269277607913,10.051649669496,-221.255832048517,-13.6424632133208,436.115923200255,0,0,0,0,-17.7282452041949,-14.1863296557247,-4.85696594065028e-05,0.000113158231564829,2.5707156209908,0.00832957885304216
500,20,211.257492656652,10.0391419772487,-221.199731485771,-13.6425869815746,436.060669146748,0,0,0,0,-17.7284064287398,-14.1424162606677,-4.85854245799422e-05,0.000113099564769653,2.54777766642478,0.00832964091583987
501,20.04,211.2457740993,10.0267109205031,-221.144280138171,-13.6427154217142,436.006058738682,0,0,0,0,-17.7285737354504,-14.0990739500946,-4.86007320356663e-05,0.000113042373700284,2.52445631292374,0.00832971928849747
502,20.08,211.234122749485,10.014357471948,-221.089470293916,-13.6428484774424,435.952084048896,0,0,0,0,-17.7287470511185,-14.0562941968013,-4.86155922399992e-05,0.000112986631277957,2.50075722321125,0.00832981379752275
503,20.12,211.222539443134,10.0020826231109,-221.035294146206,-13.6429860928679,435.898737059097,0,0,0,0,-17.7289263030608,-14.0140683594629,-4.86300155315016e-05,0.000112932310561059,2.4766860476489,0.00832992426835827
504,20.16,211.211025039133,9.98988738504466,-220.981743802425,-13.6431282125097,435.846009669023,0,0,0,0,-17.729111419124,-13.9723876909523,-4.86440121184311e-05,0.000112879384759734,2.45224842271381,0.00833005052533921
505,20.2,211.199580420012,9.97777278904494,-220.928811293093,-13.6432747813002,435.793893705359,0,0,0,0,-17.7293023276893,-13.931243346406,-4.86575920755777e-05,0.000112827827248422,2.42744996954393,0.00833019239165429
506,20.24,211.18820649273,9.96573988746874,-220.87648858056,-13.6434257445884,435.74238093041,0,0,0,0,-17.7294989576764,-13.8906263909646,-4.86707653419092e-05,0.000112777611580647,2.40229629254703,0.00833034968931017
507,20.28,211.176904189584,9.95378975467751,-220.824767567475,-13.6435810481436,435.691463050524,0,0,0,0,-17.7297012385487,-13.850527807186,-4.86835417174443e-05,0.000112728711500596,2.37679297807226,0.00833052223909949
508,20.32,211.165674469176,9.94192348804939,-220.773640105009,-13.6437406381588,435.641131724295,0,0,0,0,-17.7299091003177,-13.8109385021397,-4.86959308616099e-05,0.000112681100955327,2.3509455931453,0.00833070986057257
509,20.36,211.15451831737,9.93014220895866,-220.723098000836,-13.6439044612546,435.591378570502,0,0,0,0,-17.7301224735479,-13.7718493142391,-4.8707942291789e-05,0.000112634754106229,2.3247596842694,0.00833091237201242
510,20.4,211.14343674813,9.91844706364672,-220.673133026835,-13.6440724644832,435.542195175802,0,0,0,0,-17.7303412893622,-13.7332510198625,-4.87195853799968e-05,0.000112589645338712,2.29824077629224,0.00833112959041269
511,20.44,211.132430804269,9.90683922399812,-220.623736926545,-13.6442445953322,435.493573102148,0,0,0,0,-17.7305654794475,-13.695134339809,-4.87308693528981e-05,0.000112545749273612,2.27139437133649,0.00833136133145824
512,20.48,211.1215015582,9.89531988832596,-220.574901422346,-13.6444208017301,435.44550389395,0,0,0,0,-17.7307949760607,-13.657489945535,-4.87418032892336e-05,0.000112503040774791,2.24422594778956,0.00833160740950816
513,20.52,211.110650112814,9.88389028229029,-220.526618222417,-13.6446010320504,435.397979084991,0,0,0,0,-17.7310297120352,-13.6203084651343,-4.87523961201448e-05,0.000112461494960031,2.2167409593487,0.0083318676375813
514,20.56,211.099877602537,9.87255166000298,-220.47887902747,-13.644785235117,435.350990205121,0,0,0,0,-17.7312696207878,-13.5835804889772,-4.87626566269414e-05,0.000112421087207679,2.18894483411905,0.00833214182734409
515,20.6,211.089185194523,9.86130530526469,-220.431675537274,-13.6449733602101,435.304528786742,0,0,0,0,-17.7315146363256,-13.5472965749876,-4.87725934413804e-05,0.000112381793165762,2.16084297376391,0.00833242978910062
516,20.64,211.078574089876,9.85015253281694,-220.384999456952,-13.6451653570711,435.258586371082,0,0,0,0,-17.7317646932534,-13.5114472535833,-4.87822150443575e-05,0.000112343588757688,2.13244075270743,0.00833273133178472
517,20.68,211.068045524799,9.83909468951907,-220.338842503037,-13.6453611759087,435.213154514226,0,0,0,0,-17.7320197267816,-13.4760230323619,-4.87915297661163e-05,0.000112306450191044,2.10374351738971,0.00833304626295343
518,20.72,211.057600771665,9.82813315544403,-220.293196409266,-13.6455607674046,435.168224792892,0,0,0,0,-17.7322796727326,-13.441014400628,-4.88005457844608e-05,0.000112270353961299,2.07475658557438,0.00833337438878165
519,20.76,211.047241140055,9.81726934495533,-220.248052932134,-13.6457640827186,435.123788809953,0,0,0,0,-17.7325444675492,-13.4064118338166,-4.8809271127224e-05,0.000112235276860246,2.04548524570793,0.00833371551405778
520,20.8,211.036967977843,9.80650470783199,-220.203403856207,-13.6459710734948,435.079838199712,0,0,0,0,-17.7328140483011,-13.3722057977879,-4.88177136702302e-05,0.000112201195978683,2.01593475632915,0.00833406944218013
521,20.84,211.026782672342,9.79584073046693,-220.159240999237,-13.6461816918661,435.036364632978,0,0,0,0,-17.7330883526919,-13.3383867529161,-4.88258811384177e-05,0.000112168088712984,1.98611034552538,0.00833443597515421
522,20.88,211.016686651543,9.78527893713713,-220.115556217086,-13.6463958904594,434.993359821951,0,0,0,0,-17.7333673190654,-13.3049451578309,-4.88337811060069e-05,0.000112135932768746,1.95601721043045,0.00833481491359113
523,20.92,211.006681385443,9.77482089136087,-220.072341408459,-13.6466136224001,434.950815524941,0,0,0,0,-17.7336508864115,-13.2718714727311,-4.88414209968807e-05,0.000112104706163897,1.92566051675993,0.00833520605670679
524,20.96,210.996768387519,9.76446819738757,-220.029588519429,-13.646834841316,434.908723550877,0,0,0,0,-17.7339389943717,-13.2391561622854,-4.88488080846896e-05,0.000112074387234027,1.89504539838182,0.0083356092023221
525,21,210.986949216348,9.75422250184337,-219.987289547754,-13.6470595013411,434.8670757636,0,0,0,0,-17.7342315832435,-13.2067896982338,-4.88559494947045e-05,0.000112044954633407,1.86417695692528,0.00833602414686364
526,21.04,210.977225477303,9.74408549546305,-219.945436546962,-13.6472875571184,434.825864085921,0,0,0,0,-17.734528593985,-13.1747625618937,-4.88628522027138e-05,0.000112016387339374,1.83306026143206,0.00833645068536498
527,21.08,210.967598824163,9.73405891474108,-219.904021630226,-13.6475189638028,434.785080503451,0,0,0,0,-17.7348299682173,-13.1430652467045,-4.88695230376106e-05,0.000111988664652867,1.80170034805433,0.00833688861146822
528,21.12,210.958070960481,9.7241445433382,-219.863036974021,-13.6477536770617,434.744717068226,0,0,0,0,-17.7351356482273,-13.1116882608146,-4.88759686813017e-05,0.000111961766201677,1.77010221979702,0.00833733771742597
529,21.16,210.94864364071,9.71434421323225,-219.822474821606,-13.6479916530768,434.70476590216,0,0,0,0,-17.7354455769681,-13.0806221295833,-4.88821956703888e-05,0.000111935671940613,1.73827084629738,0.00833779779410404
530,21.2,210.939318671294,9.70465980582411,-219.782327486332,-13.648232848543,434.665219200345,0,0,0,0,-17.7357596980593,-13.0498573977263,-4.88882103968791e-05,0.000111910362153866,1.70621116363184,0.00833826863098495
531,21.24,210.930097912066,9.6950932533347,-219.742587354787,-13.6484772206683,434.626069234186,0,0,0,0,-17.7360779557855,-13.0193846309395,-4.88940191104383e-05,0.000111885817455868,1.67392807414301,0.00833875001617239
532,21.28,210.920983278148,9.68564654073155,-219.703246889789,-13.6487247271714,434.587308354378,0,0,0,0,-17.7364002950945,-12.9891944169616,-4.88996279183095e-05,0.000111862018790588,1.64142644628644,0.00833924173639685
533,21.32,210.911976742339,9.67632170812846,-219.664298633212,-13.6489753262802,434.548928993703,0,0,0,0,-17.7367266615943,-12.9592773662371,-4.89050427882797e-05,0.000111838947433708,1.60871111450305,0.00833974357702204
534,21.36,210.903080337574,9.66712085329073,-219.625735208629,-13.6492289767277,434.51092366964,0,0,0,0,-17.7370570015492,-12.9296241125182,-4.89102695488014e-05,0.000111816584990896,1.57578687912593,0.00834025532205207
535,21.4,210.894296159036,9.65804613376876,-219.587549323767,-13.649485637749,434.473284986784,0,0,0,0,-17.7373912618743,-12.9002253136369,-4.89153138917876e-05,0.000111794913397845,1.5426585063272,0.00834077675413926
536,21.44,210.885626365613,9.64909976837025,-219.549733772763,-13.6497452690755,434.436005639081,0,0,0,0,-17.7377293901295,-12.8710716525716,-4.89201813732286e-05,0.000111773914919853,1.50933072810374,0.00834130765459277
537,21.48,210.877073180799,9.64028403807174,-219.512281438246,-13.6500078309294,434.399078411903,0,0,0,0,-17.7380713345113,-12.8421538386446,-4.89248774152598e-05,0.000111753572150662,1.47580824229378,0.00834184780338838
538,21.52,210.86863889352,9.63160128683279,-219.475185293274,-13.6502732840167,434.362496183978,0,0,0,0,-17.7384170438446,-12.8134626085168,-4.89294073080145e-05,0.000111733868010915,1.44209571261229,0.00834239697917968
539,21.56,210.860325859425,9.62305392289216,-219.438438403145,-13.6505415895197,434.326251929197,0,0,0,0,-17.7387664675728,-12.7849887266183,-4.89337762111433e-05,0.000111714785747564,1.40819776869534,0.00834295495931092
540,21.6,210.852136503027,9.61464442091823,-219.402033927111,-13.650812709089,434.290338718309,0,0,0,0,-17.7391195557469,-12.7567229848342,-4.89379891556915e-05,0.000111696308932137,1.37411900614957,0.00834352151983158
541,21.64,210.844073320634,9.60637532495418,-219.365965119982,-13.6510866048348,434.254749720497,0,0,0,0,-17.7394762590153,-12.7286562015424,-4.89420510458015e-05,0.000111678421458416,1.33986398661164,0.00834409643551253
542,21.68,210.836138883572,9.59824925166371,-219.330225333602,-13.6513632393182,434.219478204828,0,0,0,0,-17.7398365286113,-12.7007792203907,-4.89459666608966e-05,0.000111661107541084,1.30543723782816,0.00834467947986358
543,21.72,210.828335841003,9.59026889317011,-219.294808018166,-13.6516425755417,434.184517541541,0,0,0,0,-17.7402003163419,-12.6730829092736,-4.89497406565086e-05,0.000111644351713231,1.27084325376677,0.00834527042515242
544,21.76,210.820666921788,9.58243701891748,-219.259706723364,-13.6519245769393,434.149861203175,0,0,0,0,-17.7405675745745,-12.6455581598609,-4.89533775678299e-05,0.000111628138823888,1.23608649476306,0.00834586904242495
545,21.8,210.813134935259,9.57475647643607,-219.224915099351,-13.6522092073658,434.11550276554,0,0,0,0,-17.740938256223,-12.6181958876873,-4.89568818101916e-05,0.000111612454035037,1.20117138769802,0.00834647510152727
546,21.84,210.805742771365,9.56723019146849,-219.190426897573,-13.6524964310859,434.081435908555,0,0,0,0,-17.7413123147337,-12.5909870324596,-4.89602576820714e-05,0.000111597282819583,1.16610232619275,0.00834708837112959
547,21.88,210.798493401043,9.55986116832667,-219.156235971506,-13.6527862127623,434.047654416984,0,0,0,0,-17.7416897040705,-12.5639225580429,-4.89635093668658e-05,0.000111582610958019,1.13088367080539,0.00834770861875222
548,21.92,210.791389877681,9.55265249135081,-219.122336277314,-13.6530785174447,434.014152181089,0,0,0,0,-17.7420703786992,-12.5369934516014,-4.89666409348828e-05,0.000111568424535663,1.09551974922101,0.00834833561079371
549,21.96,210.784435340057,9.54560732786418,-219.088721874479,-13.6533733105577,433.980923197229,0,0,0,0,-17.7424542935738,-12.5101907217276,-4.89696563459613e-05,0.000111554709939494,1.06001485643593,0.00834896911256101
550,22,210.777633016392,9.53872893225018,-219.055386926358,-13.6536705578902,433.94796156839,0,0,0,0,-17.7428414041209,-12.4835053958002,-4.89725594508492e-05,0.000111541453856036,1.02437325494714,0.00834960888830144
551,22.04,210.770986228483,9.53202065010798,-219.022325700656,-13.6539702255844,433.915261504616,0,0,0,0,-17.7432316662265,-12.4569285171635,-4.89753539935656e-05,0.000111528643265835,0.988599174961311,0.0083502547012363
552,22.08,210.764498394711,9.52548592126136,-218.989532569756,-13.6542722801249,433.882817323331,0,0,0,0,-17.7436250362218,-12.4304511428475,-4.89780436130624e-05,0.000111516265441966,0.952696814633071,0.00835090631359627
553,22.12,210.758173031163,9.51912828086204,-218.957002010882,-13.6545766883279,433.85062344951,0,0,0,0,-17.7440214708689,-12.4040643422723,-4.89806318457798e-05,0.000111504307944775,0.916670340332962,0.00835156348665848
554,22.16,210.752013751036,9.51295135875592,-218.924728606105,-13.6548834173301,433.818674415715,0,0,0,0,-17.7444209273465,-12.37775919694,-4.89831221268953e-05,0.000111492758619379,0.880523886935374,0.00835222598078551
555,22.2,210.746024263381,9.50695887819898,-218.892707042243,-13.6551924345778,433.786964862003,0,0,0,0,-17.7448233632355,-12.3515268006001,-4.89855177932644e-05,0.000111481605591568,0.844261558111494,0.00835289355546647
556,22.24,210.74020837269,9.50115465542713,-218.860932110684,-13.6555037078153,433.755489535763,0,0,0,0,-17.7452287365049,-12.325358259043,-4.89878220852235e-05,0.000111470837262738,0.807887426613503,0.00835356596935987
557,22.28,210.734569980468,9.49554260124643,-218.829398707233,-13.6558172050749,433.72424329153,0,0,0,0,-17.7456370054976,-12.2992446888005,-4.8990038148447e-05,0.000111460442308471,0.77140553454335,0.00835424298033837
558,22.32,210.729113089027,9.49012672485356,-218.798101831947,-13.6561328946669,433.693221090788,0,0,0,0,-17.7460481289184,-12.2731772144039,-4.8992169036237e-05,0.000111450409673424,0.734819893609254,0.00835492434553529
559,22.36,210.723841806592,9.48491113897412,-218.767036588981,-13.6564507451709,433.66241800177,0,0,0,0,-17.7464620658219,-12.2471469645272,-4.8994217711601e-05,0.000111440728566835,0.698134485381358,0.00835560982139254
560,22.4,210.718760352094,9.47990006466766,-218.736198186364,-13.6567707254272,433.631829199218,0,0,0,0,-17.746878775602,-12.2211450678552,-4.89961870491952e-05,0.000111431388460346,0.661353261561112,0.00835629916371029
561,22.44,210.71387305803,9.47509783417027,-218.70558193565,-13.6570928045294,433.601449964039,0,0,0,0,-17.747298217982,-12.1951626497168,-4.89980798369609e-05,0.000111422379082089,0.624480144275284,0.00835699212769819
562,22.48,210.709184370561,9.47050889095615,-218.675183251408,-13.6574169518162,433.571275682829,0,0,0,0,-17.7477203530039,-12.1691908302636,-4.89998987785871e-05,0.00011141369041313,0.587519026396297,0.00835768846802815
563,22.52,210.704698847276,9.46613778745768,-218.644997650564,-13.6577431368637,433.541301847246,0,0,0,0,-17.7481451410187,-12.143220724345,-4.90016464948282e-05,0.000111405312683359,0.550473771879847,0.00835838793888856
564,22.56,210.700421154174,9.46198918201586,-218.615020751629,-13.6580713294774,433.511524053264,0,0,0,0,-17.7485725426757,-12.1172434424814,-4.90033255261482e-05,0.000111397236367192,0.513348216103801,0.00835909029403976
565,22.6,210.696356063864,9.45806783708633,-218.585248273907,-13.6584014996844,433.481938000369,0,0,0,0,-17.7490025189127,-12.0912500918052,-4.90049383342892e-05,0.000111389452179213,0.476146166192602,0.00835979528687055
566,22.64,210.692508456522,9.45437862022412,-218.555676036746,-13.6587336177265,433.45253949077,0,0,0,0,-17.7494350309463,-12.0652317757814,-4.90064873051227e-05,0.000111381951070432,0.43887140131903,0.00836050267045561
567,22.68,210.688883323845,9.45092650808342,-218.52629995885,-13.6590676540533,433.423324428665,0,0,0,0,-17.7498700402641,-12.0391795919643,-4.9007974749319e-05,0.000111374724223954,0.401527672986215,0.00836121219761403
568,22.72,210.685485774763,9.44771659216995,-218.497116057657,-13.6594035793174,433.394288819567,0,0,0,0,-17.7503075086176,-12.0130846278805,-4.90094029054436e-05,0.000111367763051095,0.364118705301787,0.00836192362096907
569,22.76,210.682321040704,9.44475408410305,-218.468120448678,-13.6597413643696,433.365428769649,0,0,0,0,-17.7507473980163,-11.9869379559913,-4.90107739408042e-05,0.000111361059187342,0.326648195258972,0.00836263669300934
570,22.8,210.679394478208,9.44204431820126,-218.439309344761,-13.6600809802547,433.336740485022,0,0,0,0,-17.7511896707219,-11.960730629228,-4.90120899540305e-05,0.000111354604487816,0.289119813035478,0.008363351166151
571,22.84,210.67671156783,9.43959275032324,-218.410679055172,-13.6604223982069,433.308220270885,0,0,0,0,-17.751634289243,-11.9344536784894,-4.90133529755243e-05,0.000111348391023291,0.251537202312793,0.00836406679280095
572,22.88,210.674277909888,9.43740495356481,-218.382225984531,-13.6607655896455,433.279864530499,0,0,0,0,-17.7520812163287,-11.9080981128591,-4.90145649706784e-05,0.000111342411075429,0.213903980610043,0.00836478332542027
573,22.92,210.672099219061,9.43548661283356,-218.353946631621,-13.661110526169,433.251669764018,0,0,0,0,-17.752530414962,-11.8816549222173,-4.9015727840204e-05,0.000111336657133103,0.176223739621029,0.00836550051658801
574,22.96,210.670181320331,9.43384352080808,-218.325837588174,-13.6614571795507,433.223632567247,0,0,0,0,-17.7529818483529,-11.8551150809758,-4.90168434228852e-05,0.000111331121887826,0.138500045542162,0.00836621811906532
575,23,210.668530148084,9.43248157710326,-218.29789553772,-13.661805521733,433.195749630433,0,0,0,0,-17.7534354799316,-11.8284695511363,-4.90179134973269e-05,0.000111325798229744,0.100736439382333,0.00836693588586039
576,23.04,210.667151748712,9.43140679093098,-218.270117254548,-13.6621555248233,433.168017737153,0,0,0,0,-17.7538912733434,-11.8017092830873,-4.90189397833492e-05,0.000111320679244355,0.0629364372519567,0.00836765357029437
577,23.08,210.666052285351,9.43062528587972,-218.242499602783,-13.6625071610906,433.140433763344,0,0,0,0,-17.754349192444,-11.7748252134422,-4.9019923944248e-05,0.000111315758207742,0.0251035306352003,0.00836837092606838
578,23.12,210.665238042364,9.43014330439958,-218.215039535499,-13.6628604029628,433.112994676426,0,0,0,0,-17.7548092012958,-11.7478082604565,-4.90208675873273e-05,0.000111311028583223,-0.0127588133455938,0.00836908770733134
579,23.16,210.664715427228,9.42996720962744,-218.187734093789,-13.6632152230241,433.085697534413,0,0,0,0,-17.7552712641649,-11.7206493187061,-4.90217722667262e-05,0.000111306484017428,-0.0506471516629163,0.00836980366874803
580,23.2,210.664490968488,9.43010348327901,-218.160580405704,-13.6635715940125,433.058539484925,0,0,0,0,-17.7557353455176,-11.6933392552548,-4.90226394832532e-05,0.000111302118335967,-0.0885580651068505,0.00837051856556718
581,23.24,210.664571310143,9.43055871995565,-218.133575685008,-13.6639294888166,433.031517764012,0,0,0,0,-17.7562014100167,-11.6658689092202,-4.90234706868097e-05,0.000111297925539398,-0.126488157995282,0.00837123215368948
582,23.28,210.664963204129,9.43133961962235,-218.10671722981,-13.6642888804721,433.004629694788,0,0,0,0,-17.7566694225163,-11.6382290955842,-4.90242672770898e-05,0.000111293899799244,-0.164434057874894,0.00837194418973553
583,23.32,210.665673503272,9.4324529805809,-218.080002421107,-13.6646497421572,432.977872685956,0,0,0,0,-17.7571393480562,-11.6104106125339,-4.90250306060291e-05,0.000111290035453955,-0.202392415220016,0.00837265443111431
584,23.36,210.666709156506,9.4339056947685,-218.053428721378,-13.6650120471886,432.951244230304,0,0,0,0,-17.7576111518567,-11.5824042503048,-4.90257619782043e-05,0.00011128632700513,-0.240359903137413,0.00837336263609219
585,23.4,210.668077206965,9.43570474593691,-218.026993673293,-13.6653757690168,432.924741903338,0,0,0,0,-17.7580847993128,-11.5542007988579,-4.90264626534655e-05,0.000111282769113881,-0.278333217084025,0.00837406856386251
586,23.44,210.66978479213,9.43785720984432,-218.000694898569,-13.6657408812234,432.898363362078,0,0,0,0,-17.7585602559895,-11.5257910520868,-4.90271338474151e-05,0.00011127935659789,-0.3163090746023,0.00837477197461568
587,23.48,210.67183914426,9.4403702546879,-217.974530096946,-13.6661073575173,432.872106344035,0,0,0,0,-17.7590374876189,-11.497165807594,-4.90277767339423e-05,0.00011127608442691,-0.354284215074793,0.00837547262960939
588,23.52,210.674247589332,9.44325113998616,-217.948497045206,-13.6664751717339,432.845968666285,0,0,0,0,-17.7595164600969,-11.4683158628691,-4.90283924452262e-05,0.000111272947720008,-0.392255399495878,0.00837617029123883
589,23.56,210.677017543447,9.44650721289533,-217.922593596121,-13.6668442978323,432.819948224505,0,0,0,0,-17.7599971394814,-11.4392320103081,-4.90289820737629e-05,0.00011126994174208,-0.430219410254338,0.00837686472310696
590,23.6,210.680156506736,9.45014590204058,-217.896817677273,-13.667214709894,432.794042991863,0,0,0,0,-17.7604794919894,-11.409905034358,-4.9029546672728e-05,0.000111267061900208,-0.468173050917363,0.00837755569009487
591,23.64,210.683672055657,9.45417470978378,-217.871167289707,-13.6675863821198,432.7682510177,0,0,0,0,-17.760963483994,-11.3803257136499,-4.90300872575569e-05,0.000111264303739488,-0.506113146005881,0.00837824295843225
592,23.68,210.687571834782,9.45860120404886,-217.845640506463,-13.6679592888268,432.742570426023,0,0,0,0,-17.7614490820195,-11.3504848295391,-4.90306048063538e-05,0.000111261662940007,-0.544036540754453,0.00837892629576818
593,23.72,210.691863548765,9.46343301037616,-217.820235471065,-13.6683334044438,432.716999413897,0,0,0,0,-17.7619362527363,-11.3203731802978,-4.90311002614915e-05,0.000111259135313598,-0.581940100855356,0.00837960547124172
594,23.76,210.696554954432,9.46867780412128,-217.794950396065,-13.6687087035073,432.691536249883,0,0,0,0,-17.762424962955,-11.2899815982138,-4.90315745313256e-05,0.000111256716800046,-0.619820712194186,0.00838028025555256
595,23.8,210.701653852407,9.47434330214831,-217.769783561714,-13.6690851606568,432.666179272629,0,0,0,0,-17.7629151796207,-11.2593009657317,-4.90320284904025e-05,0.000111254403464033,-0.657675280590124,0.0083809504210315
596,23.84,210.707168077628,9.48043725337099,-217.744733314789,-13.6694627506315,432.640926889678,0,0,0,0,-17.7634068698087,-11.2283222270236,-4.90324629822658e-05,0.000111252191492352,-0.695500731555969,0.00838161574171104
597,23.88,210.713105488765,9.48696742810572,-217.71979806755,-13.6698414482678,432.615777576477,0,0,0,0,-17.763900000721,-11.1970363930127,-4.90328788186765e-05,0.000111250077190973,-0.733294010089857,0.00838227599339625
598,23.92,210.719473957309,9.49394160707155,-217.694976296746,-13.6702212284981,432.590729875481,0,0,0,0,-17.7643945396851,-11.1654345403419,-4.90332767825452e-05,0.000111248056982077,-0.771052080502779,0.00838293095373592
599,23.96,210.726281357705,9.50136757142279,-217.670266542591,-13.6706020663492,432.565782395222,0,0,0,0,-17.7648904541517,-11.1335078072524,-4.90336576273106e-05,0.000111246127400685,-0.808771926275533,0.00838358040229395
600,24,210.733535559594,9.50925309493685,-217.645667407637,-13.6709839369414,432.540933809235,0,0,0,0,-17.7653877116933,-11.101247390885,-4.90340220781849e-05,0.000111244285092667,-0.846450549928786,0.0083842241206206
601,24.04,210.741244422087,9.51760593831118,-217.621177555508,-13.6713668154858,432.516182854769,0,0,0,0,-17.7658862800017,-11.0686445505577,-4.90343708326879e-05,0.000111242526810505,-0.884084972884552,0.00838486189232348
602,24.08,210.749415788402,9.52643384389312,-217.596795709514,-13.6717506772817,432.491528331305,0,0,0,0,-17.7663861268829,-11.0356906199742,-4.90347045609535e-05,0.000111240849410963,-0.9216722352996,0.00838549350313794
603,24.12,210.758057477964,9.5357445279002,-217.572520651212,-13.6721354977118,432.466969098988,0,0,0,0,-17.7668872202527,-11.002377028561,-4.9035023907911e-05,0.000111239249851845,-0.959209395861571,0.0083861187409971
604,24.16,210.767177272952,9.54554566709024,-217.548351218984,-13.672521252238,432.442504077083,0,0,0,0,-17.7673895281301,-10.9686953291225,-4.90353294925842e-05,0.000111237725189561,-0.996693531553873,0.00838673739610162
605,24.2,210.776782897738,9.55584487825786,-217.524286306703,-13.6729079163976,432.41813224258,0,0,0,0,-17.7678930186326,-10.9346372267946,-4.90356219102945e-05,0.000111236272575753,-1.03412173740999,0.0083873492609894
606,24.24,210.786881992183,9.56664969151074,-217.500324862543,-13.6732954657998,432.393852629015,0,0,0,0,-17.7683976599718,-10.9001946036691,-4.90359017335804e-05,0.000111234889255756,-1.07149112628585,0.00838795413060546
607,24.28,210.797482082491,9.57796752103682,-217.476465887918,-13.6736838761242,432.369664325496,0,0,0,0,-17.7689034204513,-10.8653595348115,-4.90361695137921e-05,0.000111233572565606,-1.10879882867664,0.00838855180237177
608,24.32,210.808590555004,9.58980563878496,-217.452708436523,-13.6740731231195,432.345566475862,0,0,0,0,-17.769410268465,-10.830124294289,-4.90364257804041e-05,0.000111232319930009,-1.14604199259234,0.00838914207625695
609,24.36,210.820214638024,9.6021711561856,-217.429051613407,-13.674463182603,432.321558277849,0,0,0,0,-17.7699181724967,-10.7944813533938,-4.90366710430795e-05,0.000111231128859842,-1.18321778348801,0.00838972475484551
610,24.4,210.832361394164,9.61507101647689,-217.405494574016,-13.6748540304602,432.297638982164,0,0,0,0,-17.7704271011192,-10.7584233762728,-4.90369057918346e-05,0.000111229996949909,-1.22032338422682,0.00839029964340659
611,24.44,210.845037721628,9.62851199604051,-217.382036523148,-13.675245642643,432.273807891379,0,0,0,0,-17.7709370229923,-10.7219432196056,-4.9037130496899e-05,0.00011122892187598,-1.25735599504228,0.00839086654996218
612,24.48,210.858250358538,9.64250070884941,-217.358676713797,-13.6756379951675,432.250064358653,0,0,0,0,-17.7714479068599,-10.685033942241,-4.90373456089693e-05,0.000111227901393208,-1.29431283346538,0.00839142528535502
613,24.52,210.872005881776,9.6570436054746,-217.335414445907,-13.6760310641112,432.22640778632,0,0,0,0,-17.771959721546,-10.6476888279458,-4.90375515608179e-05,0.000111226933332471,-1.33119113419423,0.00839197566331611
614,24.56,210.886310692282,9.67214695850332,-217.312249065067,-13.6764248256092,432.202837624455,0,0,0,0,-17.7724724359504,-10.6099014203985,-4.90377487667575e-05,0.000111226015599431,-1.36798814890435,0.00839251750053189
615,24.6,210.901170982498,9.68781683004354,-217.289179961213,-13.6768192558513,432.179353369519,0,0,0,0,-17.7729860190442,-10.5716655656299,-4.90379376241025e-05,0.000111225146170398,-1.40470114602089,0.00839305061671074
616,24.64,210.916592687874,9.70405902319648,-217.266206567396,-13.6772143310797,432.155954563153,0,0,0,0,-17.7735004398671,-10.532975454456,-4.90381185137016e-05,0.000111224323092365,-1.44132741049072,0.00839357483464885
617,24.68,210.932581430702,9.72087902578379,-217.243328358666,-13.6776100275865,432.132640791171,0,0,0,0,-17.7740156675246,-10.4938256571194,-4.90382918014002e-05,0.000111223544479709,-1.47786424359629,0.00839408998029527
618,24.72,210.949142468557,9.73828195866304,-217.220544851091,-13.6780063217138,432.109411682698,0,0,0,0,-17.7745316711874,-10.4542111445295,-4.90384578385528e-05,0.000111222808512908,-1.51430896284255,0.00839459588281629
619,24.76,210.966280659437,9.75627254076643,-217.197855600887,-13.6784031898529,432.08626690941,0,0,0,0,-17.7750484200906,-10.4141272945869,-4.90386169628454e-05,0.000111222113436809,-1.55065890192578,0.00839509237465926
620,24.8,210.984000450838,9.77485507815405,-217.17526020364,-13.6788006084446,432.063206184769,0,0,0,0,-17.7755658835345,-10.373569886908,-4.90387694982048e-05,0.000111221457557893,-1.5869114107671,0.00839557929161578
621,24.84,211.002305891904,9.79403347623805,-217.152758293545,-13.6791985539794,432.04022926319,0,0,0,0,-17.7760840308843,-10.3325350932639,-4.90389157558601e-05,0.000111220839243624,-1.62306385557249,0.00839605647288414
622,24.88,211.021200659102,9.81381126560719,-217.130349542587,-13.6795970029973,432.017335939079,0,0,0,0,-17.7766028315701,-10.2910194728962,-4.90390560329783e-05,0.000111220256919649,-1.65911361887186,0.00839652376113085
623,24.92,211.040688079718,9.83419162570374,-217.108033659638,-13.6799959320868,431.994526045738,0,0,0,0,-17.7771222550857,-10.2490199809427,-4.90391906141122e-05,0.000111219709068048,-1.69505809949622,0.00839698100255109
624,24.96,211.060771136353,9.85517738947864,-217.085810389427,-13.6803953178836,431.971799454185,0,0,0,0,-17.7776422709866,-10.2065339945438,-4.9039319770517e-05,0.000111219194225274,-1.73089471247243,0.00839742804692807
625,25,211.081452440479,9.87677101701673,-217.063679511392,-13.6807951370686,431.949156071924,0,0,0,0,-17.7781628488876,-10.1635593559084,-4.90394437606902e-05,0.000111218710980262,-1.76662088884304,0.00839786474769133
626,25.04,211.102734172799,9.89897453588234,-217.041640838476,-13.6811953663655,431.926595841759,0,0,0,0,-17.77868395846,-10.1200944262775,-4.90395628319556e-05,0.000111218257972919,-1.80223407544553,0.00839829096197426
627,25.08,211.124617999834,9.92178945759609,-217.019694215918,-13.6815959825392,431.904118740695,0,0,0,0,-17.7792055694288,-10.0761381409112,-4.90396772199502e-05,0.000111217833892335,-1.83773173470161,0.00839870655067076
628,25.12,211.147104985633,9.94521668920548,-216.997839520142,-13.6819969623942,431.881724778964,0,0,0,0,-17.779727651571,-10.0316900542984,-4.90397871504315e-05,0.000111217437475406,-1.87311134446729,0.00839911137849104
629,25.16,211.170195521308,9.96925646269189,-216.97607665779,-13.6823982827744,431.859413999181,0,0,0,0,-17.7802501747154,-9.98675036703466,-4.90398928399346e-05,0.000111217067505593,-1.90837039797685,0.00839950531401627
630,25.2,211.193889291172,9.99390830106601,-216.954405564948,-13.6827999205639,431.837186475618,0,0,0,0,-17.7807731087433,-9.94131993082664,-4.90399944959845e-05,0.000111216722811585,-1.94350640388598,0.00839988822975211
631,25.24,211.218185283506,10.0191710291958,-216.932826206535,-13.6832018526884,431.815042313534,0,0,0,0,-17.7812964235912,-9.89540023426054,-4.90400923176192e-05,0.000111216402265704,-1.97851688638842,0.00840026000218072
632,25.28,211.243081839581,10.0450428229786,-216.911338575817,-13.6836040561177,431.792981648537,0,0,0,0,-17.7818200892526,-9.84899337773013,-4.90401864955303e-05,0.000111216104782663,-2.01339938535808,0.00840062051181141
633,25.32,211.2685767213,10.0715212771865,-216.889942693919,-13.6840065078664,431.771004645898,0,0,0,0,-17.7823440757804,-9.80210204928377,-4.90402772113832e-05,0.000111215829317917,-2.04815145646049,0.00840096964322956
634,25.36,211.294667170325,10.0986034647969,-216.868638609276,-13.6844091849953,431.749111499799,0,0,0,0,-17.7828683532878,-9.7547295132428,-4.90403646382601e-05,0.000111215574866375,-2.08277067118729,0.00840130728514425
635,25.4,211.321349932706,10.126285961744,-216.847426396896,-13.6848120646104,431.727302432469,0,0,0,0,-17.7833928919474,-9.70687961991987,-4.90404489398998e-05,0.000111215340460688,-2.1172546167912,0.00840163333043443
636,25.44,211.348621232817,10.1545648208913,-216.82630615743,-13.6852151238619,431.705577693218,0,0,0,0,-17.7839176619896,-9.65855683871682,-4.90405302713731e-05,0.000111215125170046,-2.15160089613042,0.00840194767619385
637,25.48,211.376476696325,10.1834354949209,-216.805278016051,-13.6856183399415,431.683937557396,0,0,0,0,-17.7844426336995,-9.60976630983599,-4.90406087787881e-05,0.000111214928098565,-2.18580712746058,0.00840225022377442
638,25.52,211.404911238904,10.212892724909,-216.784342121236,-13.6860216900814,431.662382325312,0,0,0,0,-17.7849677774152,-9.56051390386942,-4.90406846007999e-05,0.000111214748384494,-2.21987094423036,0.00840254087882805
639,25.56,211.433918950189,10.2429304241291,-216.763498643572,-13.686425151553,431.640912321185,0,0,0,0,-17.7854930635262,-9.51080627542919,-4.90407578691865e-05,0.000111214585198341,-2.25378999493745,0.00840281955134687
640,25.6,211.463493006457,10.2735415906307,-216.742747774701,-13.6868287016674,431.619527892195,0,0,0,0,-17.7860184624741,-9.4606508975953,-4.9040828709198e-05,0.000111214437743092,-2.28756194308495,0.0084030861557022
641,25.64,211.493625638909,10.3047182755224,-216.722089726516,-13.6872323177772,431.59822940768,0,0,0,0,-17.7865439447549,-9.41005606839359,-4.90408972412442e-05,0.000111214305252231,-2.32118446724902,0.00840334061068204
642,25.68,211.524308168772,10.3364516181819,-216.701524730648,-13.6876359772788,431.577017258517,0,0,0,0,-17.787069480922,-9.35903088748588,-4.9040963580064e-05,0.000111214186988847,-2.35465526123661,0.00840358283952719
643,25.72,211.555531100372,10.3687319395288,-216.681053038197,-13.6880396576151,431.555891856655,0,0,0,0,-17.7875950415901,-9.30758520897361,-4.90410278361727e-05,0.000111214082245292,-2.38797203428629,0.00840381276996582
644,25.76,211.587284245213,10.401548866327,-216.66067491961,-13.6884433362779,431.534853634774,0,0,0,0,-17.7881205974374,-9.2557295825845,-4.90410901147759e-05,0.000111213990341676,-2.42113251125383,0.00840403033424627
645,25.8,211.61955683971,10.4348914491267,-216.640390664558,-13.6888469908084,431.51390304595,0,0,0,0,-17.7886461192074,-9.20347519870455,-4.90411505151013e-05,0.000111213910624808,-2.4541344327292,0.00840423546916792
646,25.84,211.652337620212,10.4687482373994,-216.620200581642,-13.6892505987975,431.493040563252,0,0,0,0,-17.7891715777085,-9.15083385166703,-4.90412091307536e-05,0.000111213842467144,-2.48697555505262,0.00840442811611017
647,25.88,211.685614831146,10.5031072876891,-216.600104997826,-13.689654137885,431.472266679168,0,0,0,0,-17.7896969438133,-9.09781793077343,-4.90412660490468e-05,0.000111213785265897,-2.51965365022645,0.00840460822105932
648,25.92,211.719376162222,10.537956100723,-216.580104257556,-13.6900575857581,431.451581904814,0,0,0,0,-17.7902221884564,-9.04444044072728,-4.90413213507711e-05,0.000111213738442068,-2.55216650575039,0.00840477573463371
649,25.96,211.753608632693,10.5732815055185,-216.560198721602,-13.690460920151,431.430986768928,0,0,0,0,-17.7907472826339,-8.99071504476193,-4.90413751107026e-05,0.000111213701439668,-2.58451192442946,0.00840493061210707
650,26,211.788298458043,10.6090695259159,-216.540388765758,-13.6908641188436,431.410481816729,0,0,0,0,-17.7912721974023,-8.93665611691462,-4.9041427398963e-05,0.000111213673724654,-2.6166877242123,0.00840507281343038
651,26.04,211.8234309417,10.6453052722029,-216.520674779586,-13.6912671596632,431.390067608747,0,0,0,0,-17.7917969038795,-8.88227878638846,-4.90414782813066e-05,0.000111213654784394,-2.6486917381085,0.00840520230325197
652,26.08,211.858990429039,10.6819728951282,-216.501057165376,-13.6916700204847,431.369744719772,0,0,0,0,-17.7923213732464,-8.82759895784799,-4.90415278203056e-05,0.000111213644126917,-2.68052181421152,0.00840531905093585
653,26.12,211.894960344218,10.7190556228671,-216.481536337458,-13.692072679233,431.349513738042,0,0,0,0,-17.7928455767489,-8.77263329677701,-4.90415760762695e-05,0.000111213641280841,-2.71217581582494,0.00840542303057815
654,26.16,211.931323307094,10.7565358781481,-216.462112721914,-13.6924751138847,431.329375264744,0,0,0,0,-17.7933694857012,-8.7173991772225,-4.90416231074622e-05,0.000111213645793799,-2.74365162166254,0.00840551422102164
655,26.2,211.968061304467,10.7943954497494,-216.442786756644,-13.6928773024701,431.309329913832,0,0,0,0,-17.7938930714874,-8.66191459838861,-4.90416689704803e-05,0.000111213657232483,-2.77494712607437,0.00840559260586851
656,26.24,212.005155874206,10.8326156768317,-216.423558891616,-13.6932792230744,431.289378312064,0,0,0,0,-17.7944163055636,-8.60619808429,-4.90417137199847e-05,0.000111213675181955,-2.80606023924588,0.00840565817349145
657,26.28,212.042588256952,10.8711776007865,-216.40442958912,-13.6936808538386,431.269521099124,0,0,0,0,-17.7949391594589,-8.55026858485603,-4.9041757407491e-05,0.00011121369924452,-2.83698888732633,0.00840571091704323
658,26.32,212.080339479479,10.9100620486077,-216.385399323802,-13.69408217296,431.249758927634,0,0,0,0,-17.7954616047765,-8.49414539645509,-4.90418000810304e-05,0.000111213729039421,-2.86773101246297,0.00840575083446457
659,26.36,212.118390353387,10.9492496315038,-216.36646858233,-13.6944831586928,431.230092462906,0,0,0,0,-17.7959836131936,-8.4378481148571,-4.9041841785388e-05,0.000111213764201944,-2.89828457274301,0.00840577792849033
660,26.4,212.156721397175,10.9887206668206,-216.347637862622,-13.6948837893479,431.210522382324,0,0,0,0,-17.7965051564621,-8.38139662526065,-4.90418825603535e-05,0.000111213804383301,-2.92864754206977,0.00840579220665357
661,26.44,212.195312711957,11.0284550535881,-216.328907672689,-13.6952840432933,431.191049374352,0,0,0,0,-17.7970262064084,-8.32481112430256,-4.90419224425706e-05,0.000111213849249796,-2.95881791001549,0.00840579368128751
662,26.48,212.234143854873,11.0684321458221,-216.31027852926,-13.6956838989536,431.171674137264,0,0,0,0,-17.7975467349331,-8.26811216066296,-4.9041961464563e-05,0.00011121389848203,-2.98879368169756,0.00840578236952532
663,26.52,212.27319375556,11.1086306689872,-216.29175095639,-13.6960833348101,431.152397377772,0,0,0,0,-17.7980667140111,-8.211320675748,-4.90419996571983e-05,0.000111213951775181,-3.01857287771734,0.0084057582932979
664,26.56,212.312440709459,11.149028713394,-216.273325484301,-13.696482329401,431.133219809767,0,0,0,0,-17.7985861156915,-8.15445802524847,-4.90420370493759e-05,0.000111214008837683,-3.04815353418336,0.00840572147933006
665,26.6,212.351862460526,11.1896038171161,-216.255002648636,-13.696880861322,431.114142153369,0,0,0,0,-17.799104912099,-8.09754596649854,-4.90420736703241e-05,0.000111214069391501,-3.07753370281949,0.00840567195913486
666,26.64,212.391436361365,11.2303331263742,-216.236782990215,-13.6972789092276,431.095165134434,0,0,0,0,-17.7996230754349,-8.04060660450548,-4.90421095494574e-05,0.000111214133170935,-3.10671145113855,0.00840560976900617
667,26.68,212.431139577806,11.2711936003574,-216.218667055254,-13.6976764518324,431.076289484534,0,0,0,0,-17.8001405779796,-7.98366229918776,-4.90421447167952e-05,0.000111214199922667,-3.13568486264796,0.00840553495000946
668,26.72,212.470949293504,11.3121622160036,-216.200655395905,-13.6980734679135,431.057515941319,0,0,0,0,-17.8006573920949,-7.92673554558529,-4.90421792030995e-05,0.000111214269404949,-3.16445203704923,0.00840544754797055
669,26.76,212.510842871059,11.3532161291934,-216.182748570894,-13.6984699363124,431.038845249072,0,0,0,0,-17.8011734902271,-7.86984884544149,-4.90422130389126e-05,0.000111214341387559,-3.19301109039666,0.00840534761346256
670,26.8,212.550797938722,11.3943327614217,-216.164947145981,-13.6988658359371,431.020278159219,0,0,0,0,-17.8016888449093,-7.81302459025342,-4.90422462537513e-05,0.000111214415650893,-3.22136015519324,0.00840523520179107
671,26.84,212.590792392615,11.4354898019007,-216.147251694049,-13.6992611457633,431.001815430527,0,0,0,0,-17.8022034287634,-7.75628497308499,-4.90422788753083e-05,0.000111214491985833,-3.24949738041724,0.00840511037297772
672,26.88,212.630804327567,11.4766651382244,-216.129662794672,-13.6996558448357,430.98345782885,0,0,0,0,-17.8027172145016,-7.69965194004614,-4.90423109285292e-05,0.000111214570194086,-3.27742093148936,0.00840497319174242
673,26.92,212.670811928345,11.5178367474615,-216.112181033181,-13.7000499122676,430.965206126332,0,0,0,0,-17.8032301749257,-7.64314718292732,-4.90423424358632e-05,0.000111214650086855,-3.3051289902022,0.00840482372748395
674,26.96,212.710793362867,11.558982589295,-216.094806999331,-13.7004433272405,430.947061100144,0,0,0,0,-17.8037422829266,-7.58679216510231,-4.90423734167719e-05,0.00011121473148585,-3.33261975463993,0.00840466205425882
675,27,212.750726717154,11.6000805410043,-216.077541285803,-13.7008360690029,430.929023530956,0,0,0,0,-17.8042535114831,-7.53060816568226,-4.90424038890002e-05,0.000111214814221621,-3.35989143911527,0.0084044882507579
676,27.04,212.790589998789,11.6411084010662,-216.06038448679,-13.7012281168693,430.911094201382,0,0,0,0,-17.8047638336603,-7.47461632279071,-4.90424338689796e-05,0.000111214898135173,-3.38694227414512,0.00840430240028102
677,27.08,212.830361216155,11.6820439686181,-216.043337196943,-13.7016194502203,430.8932738947,0,0,0,0,-17.8052732226096,-7.41883765751453,-4.90424633740227e-05,0.000111214983075478,-3.41377050647682,0.00840410459070962
678,27.12,212.870018519882,11.7228651851548,-216.026400010815,-13.7020100485034,430.875563394046,0,0,0,0,-17.8057816515698,-7.36329306499309,-4.90424924223819e-05,0.000111215068900307,-3.4403743991669,0.00840389491447766
679,27.16,212.909540376176,11.7635503080882,-216.009573522895,-13.7023998912348,430.857963482217,0,0,0,0,-17.8062890938697,-7.30800326683367,-4.90425210346298e-05,0.000111215155475349,-3.46675223170426,0.00840367346854075
680,27.2,212.94890573428,11.8040780783687,-215.992858328127,-13.7027889580021,430.840474942041,0,0,0,0,-17.8067955229314,-7.25298872814432,-4.9042549233033e-05,0.000111215242673501,-3.49290230016328,0.00840344035434362
681,27.24,212.988094153232,11.8444278472906,-215.976255022753,-13.7031772284666,430.823098557161,0,0,0,0,-17.8073009122734,-7.19826954997882,-4.904257704259e-05,0.000111215330374194,-3.51882291736872,0.00840319567778563
682,27.28,213.027085865263,11.8845796398425,-215.959764205193,-13.7035646823662,430.80583511298,0,0,0,0,-17.8078052355142,-7.14386535407561,-4.90426044890252e-05,0.000111215418463639,-3.5445124130545,0.00840293954918457
683,27.32,213.065861771124,11.9245141499076,-215.943386476723,-13.7039512995169,430.788685397456,0,0,0,0,-17.8083084663745,-7.08979517882406,-4.9042631597895e-05,0.000111215506834397,-3.56996913400073,0.00840267208323849
684,27.36,213.104403380397,11.9642126804157,-215.927122441696,-13.7043370598145,430.771650201492,0,0,0,0,-17.8088105786795,-7.03607740122365,-4.90426583938573e-05,0.000111215595384675,-3.59519144413738,0.00840239339898576
685,27.4,213.142692724103,12.0036570558207,-215.910972707219,-13.7047219432345,430.754730318736,0,0,0,0,-17.8093115463584,-6.98272969526199,-4.90426848992471e-05,0.000111215684019414,-3.620177724608,0.00840210361976336
686,27.44,213.180712272757,12.0428295400992,-215.894937882262,-13.7051059298326,430.737926544752,0,0,0,0,-17.8098113434452,-6.92976902993219,-4.90427111334169e-05,0.000111215772649007,-3.64492637379213,0.00840180287316373
687,27.48,213.218444888609,12.0817127890275,-215.879018576343,-13.7054889997428,430.721239675667,0,0,0,0,-17.8103099440765,-6.87721169981832,-4.90427371132358e-05,0.000111215861190622,-3.6694358072907,0.00840149129099001
688,27.52,213.255873830585,12.1202898552679,-215.863215398022,-13.705871133177,430.704670506516,0,0,0,0,-17.8108073224903,-6.82507337789382,-4.90427628524238e-05,0.000111215949567444,-3.69370445788417,0.00840116900920977
689,27.56,213.29298281389,12.1585442481842,-215.847528953445,-13.7062523104251,430.688219829576,0,0,0,0,-17.8113034530268,-6.77336917601772,-4.90427883637039e-05,0.000111216037708601,-3.71773077547796,0.00840083616790698
690,27.6,213.329756108824,12.1964600329129,-215.831959845233,-13.7066325118546,430.671888432999,0,0,0,0,-17.8117983101277,-6.72211369490895,-4.90428136594014e-05,0.000111216125548848,-3.74151322705215,0.00840049291123226
691,27.64,213.366178654656,12.234021944456,-215.816508671863,-13.7070117179118,430.655677099975,0,0,0,0,-17.8122918683372,-6.67132105265426,-4.90428387525434e-05,0.000111216213027818,-3.76505029663469,0.00840013938735146
692,27.68,213.402236159328,12.271215487551,-215.801176027646,-13.7073899091242,430.639586608547,0,0,0,0,-17.8127841023061,-6.62100488464973,-4.90428636583317e-05,0.000111216300089588,-3.78834048531519,0.00839977574839267
693,27.72,213.437915158435,12.3080269957148,-215.785962503241,-13.7077670661017,430.623617732063,0,0,0,0,-17.8132749867927,-6.57117831219018,-4.90428883944275e-05,0.000111216386681979,-3.81138231131067,0.00839940215039172
694,27.76,213.473203021387,12.3444436373716,-215.770868686545,-13.7081431695393,430.6077712401,0,0,0,0,-17.8137644966662,-6.52185388888651,-4.90429129805007e-05,0.000111216472755205,-3.83417431008815,0.00839901875323591
695,27.8,213.508087905252,12.3804533695877,-215.755895163729,-13.708518200219,430.592047899612,0,0,0,0,-17.8142526069098,-6.47304353383133,-4.90429374382422e-05,0.000111216558262547,-3.85671503453794,0.00839862572060607
696,27.84,213.542558670625,12.4160448537925,-215.741042520149,-13.70889213901,430.576448475991,0,0,0,0,-17.8147392926205,-6.42475846305046,-4.90429617901732e-05,0.000111216643159553,-3.87900305518082,0.00839822321991684
697,27.88,213.576604787558,12.451207361572,-215.726311340907,-13.7092649668706,430.560973733763,0,0,0,0,-17.8152245290116,-6.37700913665723,-4.90429860577968e-05,0.00011121672740374,-3.90103696038513,0.00839781142225506
698,27.92,213.610216257743,12.4859306967748,-215.711702210897,-13.7096366648495,430.545624436715,0,0,0,0,-17.8157082914148,-6.32980522639164,-4.90430102608622e-05,0.000111216810954959,-3.92281535656313,0.00839739050231645
699,27.96,213.643383575621,12.5202051566266,-215.697215714297,-13.7100072140846,430.530401347375,0,0,0,0,-17.816190555278,-6.28315560905827,-4.90430344159672e-05,0.00011121689377625,-3.9443368683178,0.00839696063834041
700,28,213.676097742931,12.5540215463898,-215.682852433562,-13.7103765958059,430.515305225909,0,0,0,0,-17.8166712961693,-6.23706839213547,-4.90430585355462e-05,0.00011121697583339,-3.96560013851874,0.0083965220120433
701,28.04,213.708350329263,12.5873712400911,-215.668612948104,-13.7107447913339,430.50033682861,0,0,0,0,-17.8171504897755,-6.19155095589134,-4.90430826284224e-05,0.000111217057095663,-3.98660382829599,0.00839607480855008
702,28.08,213.740133564036,12.6202462727297,-215.654497832862,-13.7111117820776,430.485496906245,0,0,0,0,-17.8176281118986,-6.14661000741041,-4.90431067004928e-05,0.000111217137536293,-4.00734661695808,0.00839561921632457
703,28.12,213.771440438275,12.6526394422929,-215.640507657034,-13.7114775495391,430.470786202555,0,0,0,0,-17.8181041384622,-6.10225164673419,-4.90431307546972e-05,0.000111217217131564,-4.02782720185761,0.00839515542709819
704,28.16,213.802264779105,12.6845443844265,-215.62664298316,-13.711842075312,430.456205453151,0,0,0,0,-17.8185785455096,-6.0584814185384,-4.90431547933027e-05,0.000111217295860685,-4.04804429823544,0.00839468363579759
705,28.2,213.832601277138,12.7159555999322,-215.612904366705,-13.7122053410791,430.44175538499,0,0,0,0,-17.8190513092003,-6.0153043492709,-4.90431788187777e-05,0.000111217373705495,-4.06799663908652,0.00839420404047099
706,28.24,213.862445459284,12.746868427608,-215.599292356177,-13.71256732862,430.427436716473,0,0,0,0,-17.8195224058202,-5.97272497808955,-4.90432028351485e-05,0.000111217450648981,-4.0876829750889,0.00839371684221348
707,28.28,213.891793597042,12.7772789524681,-215.585807493712,-13.7129280198073,430.413250158093,0,0,0,0,-17.819991811777,-5.93074735870431,-4.90432268486875e-05,0.000111217526675152,-4.10710207462207,0.00839322224509101
708,28.32,213.920642574637,12.8071838737587,-215.572450315969,-13.713287396606,430.399196413454,0,0,0,0,-17.8204595035986,-5.88937504933384,-4.90432508677918e-05,0.000111217601767226,-4.12625272389086,0.00839272045606316
709,28.36,213.948989748855,12.8365803646673,-215.559221355142,-13.7136454410828,430.385276180413,0,0,0,0,-17.8209254579459,-5.84861110758275,-4.90432749026467e-05,0.000111217675908509,-4.14513372714942,0.00839221168490444
710,28.4,213.976832815654,12.8654659388123,-215.546121139843,-13.7140021354005,430.371490152085,0,0,0,0,-17.8213896516051,-5.80845806728103,-4.90432989645009e-05,0.000111217749080218,-4.1637439069923,0.00839169614412433
711,28.44,214.004169724747,12.8938383647797,-215.533150195686,-13.714357461817,430.357839017471,0,0,0,0,-17.8218520614869,-5.76891792558246,-4.90433230635788e-05,0.000111217821263327,-4.18208210467406,0.00839117404888576
712,28.48,214.030998663477,12.9216956500299,-215.520309045435,-13.7147114026978,430.34432346158,0,0,0,0,-17.822312664642,-5.72999215114158,-4.90433472084764e-05,0.000111217892437996,-4.20014718040731,0.0083906456169223
713,28.52,214.05731809338,12.9490360775747,-215.50759820867,-13.715063940506,430.330944164981,0,0,0,0,-17.8227714382487,-5.69168167925694,-4.90433714044044e-05,0.000111217962584567,-4.21793801358306,0.00839011106845393
714,28.56,214.083126847472,12.9758583034323,-215.495018201028,-13.7154150578034,430.317701802871,0,0,0,0,-17.8232283596144,-5.65398692946979,-4.90433956527362e-05,0.000111218031684133,-4.23545350288373,0.00838957062610147
715,28.6,214.108424263274,13.0021614898777,-215.482569533138,-13.7157647372636,430.304597043798,0,0,0,0,-17.8236834061922,-5.61690784490359,-4.90434199498605e-05,0.000111218099719331,-4.25269256627094,0.00838902451479973
716,28.64,214.133210296102,13.0279454189255,-215.470252709429,-13.7161129616556,430.291630548261,0,0,0,0,-17.8241365555597,-5.58044390376832,-4.90434442889206e-05,0.000111218166674864,-4.26965414084823,0.00838847296170937
717,28.68,214.157485610907,13.0532105843293,-215.458068226999,-13.7164597138472,430.278802967424,0,0,0,0,-17.8245877854236,-5.54459415308209,-4.9043468659197e-05,0.000111218232538216,-4.28633718263982,0.00838791619612764
718,28.72,214.181251622625,13.0779582320411,-215.446016574725,-13.7168049768201,430.26611494213,0,0,0,0,-17.8250370736393,-5.50935725984414,-4.90434930487545e-05,0.000111218297298814,-4.30274066633256,0.008387354449398
719,28.76,214.20451044348,13.1021903075098,-215.434098232736,-13.7171487336485,430.253567102354,0,0,0,0,-17.8254843981827,-5.47473151648701,-4.90435174451912e-05,0.000111218360947489,-4.31886358503018,0.00838678795481897
720,28.8,214.227264782229,13.1259093548832,-215.422313672307,-13.7174909675066,430.241160067159,0,0,0,0,-17.8259297371603,-5.44071487344336,-4.90435418374226e-05,0.000111218423476512,-4.33470495009057,0.00838621694755212
721,28.84,214.249517800918,13.1491183736684,-215.410663356152,-13.7178316616886,430.228894445091,0,0,0,0,-17.8263730688352,-5.40730499357041,-4.90435662166875e-05,0.000111218484877833,-4.35026379108425,0.00838564166452931
722,28.88,214.271272918333,13.171820622045,-215.399147739043,-13.7181707995805,430.216770834911,0,0,0,0,-17.8268143715903,-5.37449924517719,-4.90435905774665e-05,0.000111218545142212,-4.36553915588318,0.00838506234435914
723,28.92,214.292533650304,13.1940194570714,-215.387767268597,-13.7185083646703,430.2047898265,0,0,0,0,-17.8272536239414,-5.34229473374973,-4.90436149170992e-05,0.000111218604258503,-4.38053011089416,0.00838447922723254
724,28.96,214.313303500761,13.2157182257182,-215.376522386102,-13.7188443405749,430.19295200172,0,0,0,0,-17.8276908045731,-5.31068836706491,-4.90436392355592e-05,0.000111218662213221,-4.39523574139881,0.00838389255482772
725,29,214.333585872728,13.236920175835,-215.365413527204,-13.7191787110045,430.181257935101,0,0,0,0,-17.828125892291,-5.27967683880586,-4.90436635343232e-05,0.000111218718989747,-4.40965515193207,0.00838330257021437
726,29.04,214.353384081977,13.2576284699034,-215.354441122344,-13.7195114597728,430.16970819419,0,0,0,0,-17.828558866036,-5.24925665450047,-4.90436878148965e-05,0.000111218774569329,-4.42378746666082,0.00838270951775727
727,29.08,214.372701449089,13.277846277269,-215.343605596868,-13.7198425708297,430.158303339518,0,0,0,0,-17.8289897049272,-5.21942419509012,-4.90437120773877e-05,0.000111218828931008,-4.43763182969383,0.00838211364301929
728,29.12,214.391541385743,13.2975768605586,-215.332907370794,-13.7201720282159,430.147043924194,0,0,0,0,-17.8294183882016,-5.19017567340182,-4.90437363195781e-05,0.000111218882053774,-4.45118740525327,0.00838151519266375
729,29.16,214.409907541737,13.3168237228962,-215.322346858266,-13.7204998160767,430.135930493184,0,0,0,0,-17.8298448952328,-5.16150713919501,-4.90437605354724e-05,0.000111218933916484,-4.46445337771134,0.00838091441435626
730,29.2,214.42780395728,13.3355907603868,-215.311924466798,-13.7208259187012,430.124963582393,0,0,0,0,-17.8302692055823,-5.13341452699949,-4.90437847157919e-05,0.000111218984500308,-4.47742895148138,0.00838031155666579
731,29.24,214.445235110817,13.3538823099804,-215.301640596401,-13.7211503204627,430.114143717701,0,0,0,0,-17.8306912989213,-5.10589357639704,-4.90438088477692e-05,0.000111219033788067,-4.49011335076549,0.00837970686896521
732,29.28,214.462205965142,13.3717031956467,-215.291495638738,-13.7214730058353,430.103471414068,0,0,0,0,-17.8311111550523,-5.07893982269269,-4.90438329168252e-05,0.000111219081766354,-4.50250581924719,0.00837910060133116
733,29.32,214.478721974522,13.3890587355244,-215.281489976401,-13.7217939594467,430.092947174845,0,0,0,0,-17.8315287539785,-5.05254865447697,-4.9043856906956e-05,0.000111219128424471,-4.51460561978005,0.00837849300444347
734,29.36,214.49478894722,13.405954604305,-215.271623982422,-13.7221131660068,430.082571491344,0,0,0,0,-17.8319440758102,-5.02671523286999,-4.90438808031633e-05,0.000111219173754732,-4.52641203410271,0.00837788432948404
735,29.4,214.510412927163,13.422396714817,-215.261898020044,-13.722430610322,430.072344842712,0,0,0,0,-17.8323571007831,-5.00143449905252,-4.90439045926249e-05,0.000111219217751187,-4.53792436268326,0.00837727482803533
736,29.44,214.525600093643,13.4383911177024,-215.252312442779,-13.722746277363,430.062267696083,0,0,0,0,-17.8327678093482,-4.97670128534691,-4.90439282665525e-05,0.000111219260408414,-4.54914192471761,0.0083766647519784
737,29.48,214.540356561473,13.4539438014194,-215.242867594708,-13.7230601521849,430.052340506946,0,0,0,0,-17.833176182066,-4.95251027317271,-4.90439518198002e-05,0.00011121930172078,-4.56006405824698,0.00837605435339066
738,29.52,214.554688273393,13.4690605846389,-215.233563810975,-13.7233722199353,430.042563719664,0,0,0,0,-17.833582199617,-4.92885602680053,-4.90439752522481e-05,0.000111219341680713,-4.57069012043084,0.00837544388444339
739,29.56,214.568600989843,13.4837471061278,-215.224401418369,-13.7236824659368,430.032937768021,0,0,0,0,-17.8339858429115,-4.90573315382958,-4.90439985679964e-05,0.000111219380278755,-4.58101948792762,0.00837483359729904
740,29.6,214.582100205854,13.4980087416349,-215.215380735924,-13.7239908755983,430.023463075742,0,0,0,0,-17.8343870929713,-4.883136285296,-4.90440217744169e-05,0.000111219417501929,-4.59105155727132,0.00837422374400858
741,29.64,214.59519118047,13.5118506334309,-215.206502075429,-13.7242974344122,430.014140056881,0,0,0,0,-17.8347859309268,-4.86106008721205,-4.90440448804025e-05,0.00011121945333506,-4.60078574524098,0.00837361457640885
742,29.68,214.607879080843,13.5252778346474,-215.197765741788,-13.7246021280576,430.004969116041,0,0,0,0,-17.8351823381531,-4.83949941626954,-4.90440678958666e-05,0.000111219487760308,-4.61022148916568,0.00837300634602
743,29.72,214.62016900195,13.5382953290382,-215.189172033185,-13.7249049423059,429.995950648402,0,0,0,0,-17.8355762961452,-4.81844926513592,-4.90440908294906e-05,0.000111219520759251,-4.61935824705462,0.00837239930394306
744,29.76,214.632066040353,13.5509081048179,-215.180721241013,-13.7252058629948,429.987085039543,0,0,0,0,-17.8359677864836,-4.79790467854389,-4.90441136883327e-05,0.000111219552313804,-4.62819549759711,0.00837179370075763
745,29.8,214.643575471152,13.5631213318171,-215.172413649608,-13.7255048761582,429.978372665101,0,0,0,0,-17.836356791006,-4.77786087005674,-4.90441364762008e-05,0.000111219582407612,-4.63673274005575,0.00837118978641974
746,29.84,214.654702735733,13.5749403491683,-215.164249535786,-13.7258019679407,429.969813890292,0,0,0,0,-17.8367432916944,-4.75831313392391,-4.90441591947924e-05,0.000111219611027481,-4.64496949399462,0.00837058781016
747,29.88,214.665453409783,13.5863706332314,-215.156229168271,-13.7260971245315,429.961409069354,0,0,0,0,-17.8371272705876,-4.73925665753895,-4.90441818436522e-05,0.00011121963816416,-4.65290529894886,0.00836998802038195
748,29.92,214.675833305179,13.5974178995773,-215.148352807054,-13.7263903323142,429.953158544971,0,0,0,0,-17.8375087099792,-4.72068662433095,-4.90442044209962e-05,0.000111219663813356,-4.6605397141384,0.00836939066456088
749,29.96,214.685848385448,13.6080880183183,-215.140620702779,-13.7266815778106,429.94506264772,0,0,0,0,-17.8378875923432,-4.70259817862556,-4.90442269250009e-05,0.000111219687975513,-4.66787231818064,0.00836879598914287
750,30,214.695504619442,13.6183868676033,-215.133033096213,-13.7269708475687,429.937121695621,0,0,0,0,-17.8382639001863,-4.68498620959786,-4.90442493561208e-05,0.000111219710654131,-4.67490270888917,0.00836820423944431
751,30.04,214.704808041212,13.6283203936054,-215.125590217866,-13.7272581283239,429.929335993797,0,0,0,0,-17.8386376162605,-4.66784549965276,-4.90442717171931e-05,0.00011121973185671,-4.68163050326521,0.00836761565955168
752,30.08,214.713764672176,13.6378945326515,-215.118292287802,-13.7275434069826,429.92170583431,0,0,0,0,-17.8390087235417,-4.65117081760894,-4.90442940157098e-05,0.000111219751591517,-4.68805533757734,0.00836703049222173
753,30.12,214.7223803361,13.6471150260557,-215.111139515661,-13.7278266704544,429.914231496161,0,0,0,0,-17.8393772050081,-4.63495672594361,-4.90443162633537e-05,0.000111219769867305,-4.69417686752819,0.00836644897878194
754,30.16,214.73066075495,13.6559875161975,-215.104132100894,-13.7281079058199,429.906913245467,0,0,0,0,-17.8397430438613,-4.61919778437053,-4.9044338477012e-05,0.00011121978669121,-4.69999476859014,0.00836587135903144
755,30.2,214.738611564578,13.6645175623318,-215.097270233167,-13.7283871003806,429.899751335794,0,0,0,0,-17.8401062235926,-4.60388876776436,-4.90443606773839e-05,0.000111219802068615,-4.70550873634607,0.00836529787114225
756,30.24,214.746238121063,13.6727104467985,-215.090554092906,-13.7286642414276,429.892746008598,0,0,0,0,-17.8404667276777,-4.5890244604865,-4.90443828885523e-05,0.000111219816001197,-4.71071848675154,0.00836472875156122
757,30.28,214.753545613335,13.6805712878694,-215.083983851892,-13.7289393163801,429.885897493738,0,0,0,0,-17.8408245397594,-4.57459981607216,-4.90444051369153e-05,0.000111219828488488,-4.7156237564307,0.00836416423491239
758,30.32,214.76053918522,13.6881051620112,-215.077559673847,-13.7292123129276,429.879206009983,0,0,0,0,-17.841179643835,-4.5606102234332,-4.90444274487162e-05,0.000111219839527114,-4.72022430287226,0.00836360455390012
759,30.36,214.767223734735,13.6953169029665,-215.071281714925,-13.7294832187639,429.872671765457,0,0,0,0,-17.8415320239055,-4.54705124079801,-4.9044449849815e-05,0.000111219849112595,-4.72451990440859,0.00836304993921282
760,30.4,214.773603980998,13.7022111687471,-215.065150124036,-13.7297520216586,429.866294957946,0,0,0,0,-17.84188166407,-4.53391860217932,-4.90444723635572e-05,0.000111219857240481,-4.72851036016167,0.00836250061942745
761,30.44,214.779684662996,13.7087926406149,-215.05916504297,-13.7300187096773,429.860075775028,0,0,0,0,-17.8422285488164,-4.52120844744327,-4.90444950104512e-05,0.000111219863907733,-4.73219548992584,0.00836195682091494
762,30.48,214.785470352839,13.7150658360457,-215.053326606273,-13.7302832709242,429.854014393991,0,0,0,0,-17.8425726626809,-4.50891702276598,-4.90445178078311e-05,0.000111219869113848,-4.73557513386478,0.00836141876774651
763,30.52,214.790965461693,13.7210351146034,-215.047634940902,-13.7305456935318,429.848110981523,0,0,0,0,-17.8429139902354,-4.49704054406645,-4.90445407703032e-05,0.000111219872862629,-4.73864915224152,0.00836088668160112
764,30.56,214.796174502944,13.7267049413413,-215.042090165677,-13.7308059659356,429.842365693215,0,0,0,0,-17.8432525164498,-4.48557538529121,-4.90445639094899e-05,0.000111219875162713,-4.74141742523738,0.00836036078167401
765,30.6,214.801101946655,13.7320797409951,-215.036692390604,-13.731064076653,429.836778672917,0,0,0,0,-17.8435882263996,-4.47451784499153,-4.90445872365494e-05,0.000111219876027402,-4.74387985269856,0.00835984128458632
766,30.64,214.805752154931,13.7371638332424,-215.031441716153,-13.7313200141858,429.831350052027,0,0,0,0,-17.8439211051378,-4.46386396978871,-4.90446107622214e-05,0.000111219875474321,-4.74603635399265,0.00835932840429587
767,30.68,214.810129680971,13.7419617320565,-215.026338232564,-13.7315737673226,429.826079948801,0,0,0,0,-17.8442511380938,-4.4536097507061,-4.90446344984773e-05,0.000111219873524991,-4.74788686806971,0.00835882235200898
768,30.72,214.8142391779,13.7464780544321,-215.021382019313,-13.7318253250029,429.820968467784,0,0,0,0,-17.844578310894,-4.44375107473463,-4.90446584593862e-05,0.000111219870201846,-4.7494313534974,0.00835832333609339
769,30.76,214.81808521408,13.7507173355446,-215.016573144761,-13.7320746761267,429.816015699423,0,0,0,0,-17.8449026091105,-4.43428358745516,-4.90446826624615e-05,0.000111219865529125,-4.75066978855105,0.00835783156199233
770,30.8,214.821672500695,13.754684256642,-215.011911666086,-13.7323218098102,429.81122171995,0,0,0,0,-17.8452240185987,-4.4252028711025,-4.90447071284747e-05,0.000111219859529771,-4.75160217148679,0.00835734723213964
771,30.84,214.82500586622,13.7583836195658,-215.007397629492,-13.7325667153977,429.806586591544,0,0,0,0,-17.845542525513,-4.41650461120504,-4.90447318812613e-05,0.000111219852223718,-4.75222852075986,0.00835687054587608
772,30.88,214.828089969376,13.7618200595164,-215.003031070668,-13.7328093822287,429.802110362756,0,0,0,0,-17.8458581159988,-4.40818452523764,-4.9044756947164e-05,0.00011121984362788,-4.7525488751525,0.00835640169936678
773,30.92,214.830929373881,13.7649981199556,-214.998812015471,-13.7330497997729,429.797793069169,0,0,0,0,-17.8461707763719,-4.40023842332075,-4.90447823543866e-05,0.000111219833754706,-4.75256329397303,0.00835594088551993
774,30.96,214.833528576838,13.7679222811184,-214.994740480722,-13.7332879577474,429.793634734189,0,0,0,0,-17.8464804932718,-4.39266244105267,-4.90448081308706e-05,0.000111219822612094,-4.75227185717919,0.00835548829390672
775,31,214.835891749141,13.7705967002179,-214.990816475027,-13.7335238459326,429.789635369883,0,0,0,0,-17.8467872534196,-4.38545302565241,-4.90448343037082e-05,0.00011121981020487,-4.75167466533749,0.00835504411068247
776,31.04,214.838022729546,13.7730252055094,-214.987039999508,-13.7337574541893,429.785794977734,0,0,0,0,-17.8470910436403,-4.37860681414407,-4.90448608977713e-05,0.000111219796535593,-4.75077183958054,0.00835460851850928
777,31.08,214.83992512754,13.7752113992715,-214.983411048349,-13.7339887725976,429.782113549216,0,0,0,0,-17.8473918510462,-4.37212077867397,-4.90448879348736e-05,0.000111219781604502,-4.74956352153163,0.00835418169647996
778,31.12,214.841602222322,13.7771585566658,-214.979929609086,-13.7342177913728,429.778591066115,0,0,0,0,-17.8476896629255,-4.36599223790128,-4.90449154317485e-05,0.000111219765412172,-4.74804987311677,0.00835376382004341
779,31.16,214.843056969347,13.7788696321845,-214.976595662582,-13.7344445007833,429.775227500528,0,0,0,0,-17.8479844666345,-4.36021857676778,-4.90449434020095e-05,0.000111219747960475,-4.74623107638061,0.00835335506093148
780,31.2,214.844292176415,13.7803474358382,-214.973409182703,-13.7346688912646,429.772022814545,0,0,0,0,-17.848276249748,-4.35479728280024,-4.90449718544042e-05,0.000111219729254035,-4.74410733335377,0.00835295558708711
781,31.24,214.845310602639,13.7815947321645,-214.970370135728,-13.7348909534541,429.768976959657,0,0,0,0,-17.8485650001045,-4.34972599859815,-4.90450007945028e-05,0.000111219709300651,-4.74167886591414,0.0083525655625939
782,31.28,214.846114972726,13.7826142543885,-214.967478479555,-13.7351106780548,429.766089875947,0,0,0,0,-17.8488507056271,-4.34500220895248,-4.90450302256149e-05,0.000111219688112339,-4.73894591565793,0.008352185147607
783,31.32,214.846708090598,13.7834088180873,-214.964734162826,-13.7353280558594,429.763361491196,0,0,0,0,-17.849133354355,-4.34062321858147,-4.90450601495987e-05,0.000111219665703754,-4.73590874385523,0.00835181449828541
784,31.36,214.847093033936,13.7839815159044,-214.962137124074,-13.7355430778947,429.76079172,0,0,0,0,-17.8494129346342,-4.33658628840888,-4.90450905681034e-05,0.000111219642092225,-4.73256763148115,0.00835145376672581
785,31.4,214.847273120875,13.7843356841524,-214.959687291012,-13.7357557353084,429.758380463043,0,0,0,0,-17.8496894349679,-4.33288844308257,-4.90451214835848e-05,0.000111219617296289,-4.72892287922302,0.00835110310089813
786,31.44,214.847251828054,13.7844748207875,-214.95738458005,-13.7359660192868,429.756127606603,0,0,0,0,-17.8499628439078,-4.3295264559424,-4.90451529006258e-05,0.000111219591334766,-4.72497480751535,0.00835076264458268
787,31.48,214.847032905093,13.7844027000598,-214.955228896128,-13.7361739212295,429.754033022391,0,0,0,0,-17.8502331502848,-4.32649704657767,-4.90451848258076e-05,0.000111219564224865,-4.72072375665812,0.00835043253730919
788,31.52,214.846620271479,13.7841232693279,-214.953220132871,-13.7363794327016,429.752096567724,0,0,0,0,-17.8505003431463,-4.32379684550546,-4.90452172680878e-05,0.000111219535980834,-4.71617008687836,0.00835011291429756
789,31.56,214.84601779431,13.7836404266569,-214.951358173061,-13.7365825453168,429.750318086031,0,0,0,0,-17.8507644116011,-4.3214224280352,-4.90452502378188e-05,0.000111219506612463,-4.71131417835087,0.00834980390640049
790,31.6,214.845229283042,13.7829580156558,-214.949642889376,-13.7367832508679,429.74869740763,0,0,0,0,-17.8510253449921,-4.319370491474,-4.90452837473518e-05,0.00011121947612447,-4.70615643126244,0.00834950564004792
791,31.64,214.844258374281,13.7820797102124,-214.948074145292,-13.7369815413168,429.747234350678,0,0,0,0,-17.8512831328833,-4.31763788170764,-4.90453178088806e-05,0.00011121944451633,-4.70069726581732,0.00834921823719336
792,31.68,214.843108347022,13.7810088296068,-214.946651796046,-13.737177408708,429.74592872217,0,0,0,0,-17.851537764945,-4.31622164049777,-4.90453524342336e-05,0.000111219411782457,-4.69493712218938,0.00834894181526209
793,31.72,214.841782123801,13.7797483397086,-214.945375689539,-13.7373708452448,429.744780318876,0,0,0,0,-17.8517892310548,-4.31511908899158,-4.90453876333881e-05,0.000111219377912808,-4.68887646049379,0.00834867648710117
794,31.76,214.840282251767,13.7783008340283,-214.94424566706,-13.7375618432861,429.743788928085,0,0,0,0,-17.8520375212935,-4.3143278116127,-4.90454234133775e-05,0.000111219342894032,-4.68251576072571,0.00834842236093129
795,31.8,214.838610883442,13.7766685144319,-214.94326156376,-13.7377503953054,429.742954328076,0,0,0,0,-17.8522826258907,-4.31384566151777,-4.90454597781891e-05,0.000111219306710321,-4.67585552267565,0.00834817954030024
796,31.84,214.836769873761,13.7748532882278,-214.942423208798,-13.7379364939275,429.742276288259,0,0,0,0,-17.8525245352729,-4.31367073077713,-4.90454967276147e-05,0.000111219269344939,-4.66889626586147,0.00834794812403819
797,31.88,214.834760869384,13.7728568574823,-214.941730425159,-13.7381201319099,429.741754568971,0,0,0,0,-17.8527632400399,-4.31380125699039,-4.90455342584112e-05,0.00011121923078232,-4.66163852945316,0.0083477282062145
798,31.92,214.832585427086,13.7706808374332,-214.941183029172,-13.7383013021433,429.741388920968,0,0,0,0,-17.8529987309645,-4.31423558953087,-4.90455723634677e-05,0.000111219191007907,-4.65408287220585,0.00834751987609633
799,31.96,214.830245162736,13.7683269055162,-214.940780829778,-13.7384799976777,429.741179084675,0,0,0,0,-17.8532309990277,-4.3149721106427,-4.9045611033591e-05,0.00011121915000989,-4.64622987240493,0.00834732321810889
800,32,214.827741833339,13.7657968833757,-214.940523627662,-13.7386562116838,429.741124789309,0,0,0,0,-17.8534600353667,-4.31600911304946,-4.90456502575658e-05,0.000111219107780013,-4.63808012780238,0.00834713831179773
801,32.04,214.825077429423,13.7630928292643,-214.940411214354,-13.7388299374624,429.741225751975,0,0,0,0,-17.8536858312889,-4.31734477150503,-4.90456900234328e-05,0.000111219064311242,-4.62963425556801,0.00834696523179278
802,32.08,214.822254257171,13.7602171201836,-214.940443371408,-13.7390011684811,429.741481676876,0,0,0,0,-17.8539083783187,-4.31897710460901,-4.90457303201575e-05,0.000111219019600092,-4.62089289224813,0.00834680404777449
803,32.12,214.819274908061,13.75717242144,-214.940619869766,-13.7391698983315,429.741892254718,0,0,0,0,-17.854127668142,-4.32090390528356,-4.90457711377522e-05,0.000111218973643743,-4.6118566937026,0.0083466548244419
804,32.16,214.816142216445,13.7539616441741,-214.940940469399,-13.7393361207298,429.742457162399,0,0,0,0,-17.8543436926063,-4.32312276445491,-4.90458124688885e-05,0.0001112189264399,-4.60252633504812,0.00834651762148282
805,32.2,214.812859221051,13.7505879068277,-214.941404919246,-13.7394998295554,429.743176063025,0,0,0,0,-17.8545564437728,-4.32563110928867,-4.90458543082215e-05,0.000111218877986142,-4.59290251061032,0.0083463924935461
806,32.24,214.809429038901,13.7470544089663,-214.942012957481,-13.7396610188221,429.744048606238,0,0,0,0,-17.8547659138771,-4.32842621834367,-4.90458966536189e-05,0.000111218828276897,-4.58298593385801,0.00834627949021613
807,32.28,214.805854738251,13.7433643041415,-214.942764312059,-13.7398196826686,429.745074428838,0,0,0,0,-17.8549720953169,-4.33150529534347,-4.90459395054382e-05,0.000111218777303914,-4.57277733734278,0.00834617865598933
808,32.32,214.802139258278,13.7395206195523,-214.943658701486,-13.739975815391,429.746253155602,0,0,0,0,-17.8551749806957,-4.33486555386911,-4.90459828663559e-05,0.000111218725055104,-4.56227747265596,0.00834609003025273
809,32.36,214.798285299893,13.7355261468058,-214.944695835718,-13.7401294114242,429.747584400229,0,0,0,0,-17.8553745627973,-4.33850426959833,-4.90460267403242e-05,0.000111218671514097,-4.55148711038146,0.00834601364726452
810,32.4,214.794295247676,13.7313833638105,-214.945875417087,-13.7402804653316,429.749067766283,0,0,0,0,-17.855570834573,-4.34241885363847,-4.90460711320112e-05,0.000111218616659865,-4.54040704005926,0.00834594953613641
811,32.44,214.790171166162,13.7270944310957,-214.947197141139,-13.7404289718316,429.750702848037,0,0,0,0,-17.8557637891758,-4.34660691680816,-4.90461160463221e-05,0.000111218560467953,-4.52903807016995,0.00834589772081805
812,32.48,214.785914798122,13.7226611900841,-214.948660697311,-13.7405749257829,429.752489231131,0,0,0,0,-17.8559534199416,-4.35106628927392,-4.90461614867705e-05,0.000111218502910271,-4.51738102811836,0.00834585822008341
813,32.52,214.781527599428,13.7180851979769,-214.950265769347,-13.7407183221767,429.754426492975,0,0,0,0,-17.8561397203783,-4.35579503752954,-4.90462074554012e-05,0.000111218443956394,-4.50543676022225,0.00834583104751927
814,32.56,214.777010833964,13.7133678227064,-214.952012035447,-13.7408591561575,429.756514202862,0,0,0,0,-17.8563226841939,-4.36079146287224,-4.90462539525099e-05,0.000111218383575132,-4.49320613170846,0.0083458162115159
815,32.6,214.772365653536,13.7085103228574,-214.953899168112,-13.7409974230088,429.758751921799,0,0,0,0,-17.8565023052774,-4.3660540562741,-4.90463009763835e-05,0.000111218321735459,-4.48069002669286,0.00834581371525977
816,32.64,214.767593187024,13.7035139368164,-214.955926833734,-13.7411331181469,429.761139202089,0,0,0,0,-17.8566785776903,-4.37158145062951,-4.90463485233145e-05,0.000111218258407383,-4.46788934814742,0.00834582355672855
817,32.68,214.762694652658,13.6983799950634,-214.958094691986,-13.7412662371425,429.763675586724,0,0,0,0,-17.8568514956954,-4.37737236843437,-4.90463965884461e-05,0.000111218193564404,-4.45480501785534,0.00834584572868821
818,32.72,214.75767141774,13.693109979843,-214.96040239508,-13.7413967757059,429.766360608683,0,0,0,0,-17.8570210537371,-4.3834255397831,-4.90464451656468e-05,0.000111218127182089,-4.44143797633338,0.0083458802186923
819,32.76,214.752525037418,13.6877055638809,-214.962849586999,-13.7415247296799,429.769193790216,0,0,0,0,-17.8571872464323,-4.38973963506485,-4.90464942491067e-05,0.000111218059240788,-4.42778918273138,0.0083459270090837
820,32.8,214.747257292683,13.6821686483282,-214.965435902795,-13.7416500950609,429.77217464221,0,0,0,0,-17.8573500685981,-4.39631321542234,-4.90465438336196e-05,0.000111217989723702,-4.41385961471715,0.0083459860769986
821,32.84,214.741870164581,13.6765013368758,-214.968160968024,-13.7417728679854,429.775302663715,0,0,0,0,-17.8575095152337,-4.40314467478703,-4.90465939155177e-05,0.000111217918618154,-4.39965026833519,0.00834605739437299
822,32.88,214.736365787005,13.6707058884427,-214.971024398393,-13.7418930447225,429.778577341679,0,0,0,0,-17.8576655815107,-4.41023221062243,-4.90466444936737e-05,0.000111217845913852,-4.38516215785664,0.00834614092795127
823,32.92,214.730746407414,13.664784677826,-214.97402579965,-13.7420106216939,429.781998150931,0,0,0,0,-17.8578182628,-4.41757382680301,-4.90466955694068e-05,0.000111217771603495,-4.3703963156351,0.00834623663929705
824,32.96,214.725014305501,13.6587401142805,-214.977164767733,-13.7421255954616,429.785564554415,0,0,0,0,-17.8579675546544,-4.42516733651783,-4.90467471473083e-05,0.000111217695680005,-4.35535379196257,0.00834634448480583
825,33,214.719171718255,13.6525745664991,-214.980440889152,-13.7422379627235,429.789276003631,0,0,0,0,-17.8581134528039,-4.43301039277054,-4.90467992349931e-05,0.000111217618137116,-4.34003565494454,0.00834646441571953
826,33.04,214.713220794618,13.6462903172509,-214.983853741558,-13.7423477203305,429.793131939256,0,0,0,0,-17.8582559531779,-4.44110054700617,-4.90468518427655e-05,0.000111217538966952,-4.32444299040464,0.00834659637814275
827,33.08,214.707163534903,13.6398895027554,-214.987402894447,-13.7424548652729,429.797131791867,0,0,0,0,-17.8583950518868,-4.44943529650166,-4.90469049837882e-05,0.000111217458161041,-4.30857690180984,0.00834674031306097
828,33.12,214.701001761941,13.6333740838262,-214.991087909897,-13.7425593946791,429.801274982691,0,0,0,0,-17.858530745221,-4.45801214785986,-4.90469586729146e-05,0.000111217375708297,-4.2924385102273,0.00834689615636058
829,33.16,214.6947371292,13.6267458540126,-214.994908343297,-13.7426613058292,429.805560924314,0,0,0,0,-17.8586630296681,-4.46682868661009,-4.9047012926501e-05,0.000111217291596277,-4.27602895431074,0.00834706383885102
830,33.2,214.688371123196,13.6200064420178,-214.998863743955,-13.7427605961423,429.809989021275,0,0,0,0,-17.8587919018971,-4.47588262280189,-4.90470677610363e-05,0.000111217205809587,-4.25934939029955,0.00834724328628893
831,33.24,214.681905096913,13.6131573451433,-215.002953655557,-13.7428572631797,429.814558670507,0,0,0,0,-17.8589173587616,-4.48517183383876,-4.90471231935298e-05,0.000111217118331302,-4.24240099203233,0.00834743441940444
832,33.28,214.675340320059,13.6061999795676,-215.007177616434,-13.7429513046539,429.81926926158,0,0,0,0,-17.8590393973122,-4.49469439692993,-4.90471792398615e-05,0.00011121702914376,-4.22518495096211,0.00834763715392954
833,33.32,214.668678011529,13.5991357127979,-215.011535159604,-13.7430427184151,429.82412017675,0,0,0,0,-17.8591580147789,-4.50444858757646,-4.90472359147258e-05,0.000111216938228656,-4.20770247615566,0.00834785140062871
834,33.36,214.661919386994,13.5919659112479,-215.016025812624,-13.7431315024572,429.829110790827,0,0,0,0,-17.8592732085783,-4.51443287194673,-4.90472932318786e-05,0.000111216845568653,-4.18995479427663,0.00834807706533179
835,33.4,214.655065698123,13.5846919794196,-215.02064909726,-13.743217654922,429.834240470885,0,0,0,0,-17.85938497632,-4.52464588204561,-4.9047351203663e-05,0.000111216751148413,-4.17194314954005,0.00834831404896904
836,33.44,214.64811824539,13.5773153726451,-215.025404529037,-13.7433011740895,429.839508575871,0,0,0,0,-17.8594933157928,-4.53508636661208,-4.90474098410454e-05,0.000111216654954851,-4.15366880362996,0.00834856224760857
837,33.48,214.641078394063,13.5698376129972,-215.030291616718,-13.7433820583845,429.844914456168,0,0,0,0,-17.8595982249747,-4.54575314320955,-4.90474691537283e-05,0.00011121655697828,-4.13513303558711,0.00834882155249592
838,33.52,214.633947570758,13.5622602857513,-215.035309861779,-13.7434603063779,429.850457453164,0,0,0,0,-17.8596997020333,-4.55664504195606,-4.90475291517087e-05,0.000111216457213269,-4.11633714166338,0.0083490918500956
839,33.56,214.626727241373,13.554585017207,-215.040458757939,-13.7435359167788,429.856136898884,0,0,0,0,-17.8597977453161,-4.56776084389503,-4.90475898438882e-05,0.000111216355658758,-4.09728243514895,0.00834937302213468
840,33.6,214.619418895624,13.546813459131,-215.045737790794,-13.7436088884418,429.861952115729,0,0,0,0,-17.8598923533603,-4.57909923452371,-4.90476512407126e-05,0.000111216252318173,-4.07797024618564,0.0083496649456481
841,33.64,214.612024020772,13.5389472623848,-215.051146437595,-13.7436792203651,429.867902416348,0,0,0,0,-17.8599835248896,-4.59065876216404,-4.90477133524049e-05,0.000111216147199393,-4.05840192157181,0.00834996749302562
842,33.68,214.604544073923,13.5309880491352,-215.056684167191,-13.7437469116852,429.873987103664,0,0,0,0,-17.8600712588077,-4.60243780787635,-4.9047776191684e-05,0.000111216040313963,-4.03857882457079,0.00835028053206038
843,33.72,214.596980471936,13.5229374027074,-215.062350440129,-13.7438119616841,429.880205471042,0,0,0,0,-17.8601555542076,-4.614434578702,-4.90478397724298e-05,0.000111215931676785,-4.01850233473687,0.00835060392599903
844,33.76,214.589334582068,13.5147968581812,-215.06814470892,-13.7438743697866,429.886556802593,0,0,0,0,-17.8602364103685,-4.62664711135449,-4.90479041105715e-05,0.000111215821305267,-3.99817384776289,0.00835093753359348
845,33.8,214.581607720966,13.5065679013557,-215.074066418408,-13.7439341355582,429.893040373576,0,0,0,0,-17.860313826752,-4.63907329146531,-4.90479692236473e-05,0.000111215709218557,-3.97759477535636,0.0083512812091545
846,33.84,214.573801170657,13.4982519847374,-215.080115006235,-13.7439912587092,429.899655450863,0,0,0,0,-17.8603878030087,-4.65171089105181,-4.90480351309867e-05,0.000111215595437,-3.95676654514893,0.00835163480260716
847,33.88,214.565916194895,13.4898505438893,-215.086289903334,-13.7440457390927,429.906401293433,0,0,0,0,-17.8604583389748,-4.66455760997884,-4.90481018530584e-05,0.000111215479980475,-3.93569060063471,0.00835199815954823
848,33.92,214.557954059642,13.4813650179162,-215.092590534413,-13.7440975767024,429.913277152842,0,0,0,0,-17.8605254346693,-4.67761112429481,-4.90481694111992e-05,0.000111215362868927,-3.91436840113471,0.00835237112130552
849,33.96,214.549916059453,13.4727968758676,-215.099016318383,-13.7441467716768,429.920282273645,0,0,0,0,-17.8605890903,-4.69086913981331,-4.90482378270648e-05,0.00011121524412104,-3.89280142178155,0.00835275352499911
850,34,214.541803534052,13.4641476333139,-215.105566668699,-13.7441933242979,429.927415893735,0,0,0,0,-17.8606493062608,-4.70432943747466,-4.90483071219048e-05,0.000111215123754357,-3.87099115351262,0.00835314520360433
851,34.04,214.533617876675,13.4554188606706,-215.112240993593,-13.744237234989,429.934677244586,0,0,0,0,-17.86070608313,-4.71798991203731,-4.90483773162627e-05,0.000111215001785473,-3.84893910306247,0.00835354598601664
852,34.08,214.525360536189,13.4466121852955,-215.119038696177,-13.7442785043176,429.942065551388,0,0,0,0,-17.8607594216733,-4.73184860335106,-4.90484484292581e-05,0.000111214878229861,-3.82664679294592,0.00835395569711823
853,34.12,214.517033004401,13.4377292787473,-215.125959174439,-13.7443171329939,429.949580033086,0,0,0,0,-17.8608093228421,-4.7459037116208,-4.90485204781815e-05,0.000111214753102901,-3.80411576142102,0.00835437415784646
854,34.16,214.508636792785,13.4287718334417,-215.133001821118,-13.7443531218699,429.957219902331,0,0,0,0,-17.8608557877721,-4.76015359956759,-4.90485934775453e-05,0.000111214626419398,-3.7813475624263,0.00835480118526381
855,34.2,214.500173403428,13.4197415335159,-215.140166023511,-13.7443864719405,429.964984365364,0,0,0,0,-17.8608988177854,-4.77459678323259,-4.90486674405347e-05,0.000111214498195605,-3.75834376548864,0.00835523659262936
856,34.24,214.49164429256,13.410640018264,-215.147451163222,-13.744417184343,429.972872621861,0,0,0,0,-17.8609384143889,-4.7892319083136,-4.90487423778883e-05,0.000111214368448568,-3.7351059556,0.00835568018947155
857,34.28,214.483050833699,13.4014688451732,-215.154856615891,-13.7444452603551,429.980883864772,0,0,0,0,-17.8609745792725,-4.80405771692072,-4.90488182981807e-05,0.000111214237198232,-3.71163573306553,0.00835613178166194
858,34.32,214.474394287415,13.392229459588,-215.162381750939,-13.7444707013963,429.989017280162,0,0,0,0,-17.8610073143103,-4.81907300907779,-4.90488952079141e-05,0.00011121410446671,-3.68793471332859,0.00835659117149027
859,34.36,214.465675778845,13.3829231721259,-215.170025931352,-13.7444935090268,429.997272047099,0,0,0,0,-17.8610366215597,-4.83427659949677,-4.90489731126656e-05,0.000111213970279976,-3.66400452677895,0.00835705815774055
860,34.4,214.4568962877,13.3735511485952,-215.177788513536,-13.7445136849469,430.005647337587,0,0,0,0,-17.86106250326,-4.84966727450317,-4.90490520162256e-05,0.000111213834667133,-3.63984681855256,0.00835753253576851
861,34.44,214.448056654196,13.3641144158567,-215.185668847237,-13.744531230997,430.014142316573,0,0,0,0,-17.8610849618334,-4.86524375345032,-4.90491319221361e-05,0.000111213697661363,-3.61546324833204,0.00835801409758053
862,34.48,214.439157599393,13.3546138821004,-215.193666275557,-13.7445461491572,430.022756142007,0,0,0,0,-17.8611039998831,-4.88100465609167,-4.90492128335541e-05,0.000111213559298411,-3.59085549015572,0.00835850263191395
863,34.52,214.430199759494,13.3450503711094,-215.201780135045,-13.7445584415464,430.031487964976,0,0,0,0,-17.8611196201934,-4.89694847920529,-4.90492947536907e-05,0.000111213419618444,-3.56602523224233,0.00835899792431884
864,34.56,214.421183731837,13.3354246682259,-215.210009755855,-13.7445681104228,430.040336929889,0,0,0,0,-17.8611318257295,-4.91307358460506,-4.9049377685752e-05,0.000111213278662812,-3.54097417683665,0.00835949975724125
865,34.6,214.412110126403,13.325737571849,-215.218354461961,-13.7445751581835,430.049302174699,0,0,0,0,-17.8611406196374,-4.92937819805926,-4.90494616334277e-05,0.00011121313647567,-3.5157040400785,0.00836000791010768
866,34.64,214.402979617861,13.3159899454742,-215.226813571405,-13.7445795873639,430.058382831155,0,0,0,0,-17.8611460052431,-4.94586041934571,-4.90495466004269e-05,0.000111212993101949,-3.49021655189519,0.00836052215941107
867,34.68,214.393792993246,13.3061827653701,-215.235386396551,-13.744581400638,430.067578025064,0,0,0,0,-17.8611479860527,-4.96251824275357,-4.90496325904418e-05,0.000111212848587428,-3.46451345591573,0.00836104227879805
868,34.72,214.384551189003,13.2963171576167,-215.244072244337,-13.7445806008182,430.076886876541,0,0,0,0,-17.8611465657525,-4.9793495853998,-4.90497196074223e-05,0.00011121270297709,-3.43859650940225,0.00836156803915762
869,34.76,214.375255313182,13.2863944202852,-215.252870416496,-13.7445771908546,430.086308500247,0,0,0,0,-17.8611417482079,-4.99635232113618,-4.9049807654227e-05,0.000111212556314643,-3.41246748319296,0.00836209920871111
870,34.8,214.365906650338,13.2764160283186,-215.261780209741,-13.7445711738357,430.095842005597,0,0,0,0,-17.8611335374643,-5.01352431739505,-4.90498967336451e-05,0.000111212408643049,-3.38612816165021,0.0083626355531033
871,34.84,214.356506647392,13.2663836193463,-215.270800915899,-13.7445625529875,430.105486496933,0,0,0,0,-17.8611219377458,-5.0308634712839,-4.90499868467635e-05,0.00011121226000291,-3.35958034260649,0.00836317683549449
872,34.88,214.34705688147,13.2562989614726,-215.279931822001,-13.7445513316731,430.115241073671,0,0,0,0,-17.8611069534554,-5.04836774230357,-4.90500779932242e-05,0.000111212110432942,-3.33282583730213,0.00836372281665335
873,34.92,214.337559013122,13.2461639064281,-215.289172210318,-13.744537513393,430.125104830405,0,0,0,0,-17.861088589174,-5.06603517964751,-4.90501701708017e-05,0.000111211959970365,-3.30586647030945,0.00836427325505051
874,34.96,214.32801472882,13.2359803319782,-215.298521358365,-13.7445211017842,430.13507685699,0,0,0,0,-17.8610668496607,-5.08386394182585,-4.90502633751371e-05,0.000111211808649943,-3.27870407943919,0.00836482790695291
875,35,214.318425677837,13.2257500787197,-215.30797853887,-13.7445021006204,430.145156238607,0,0,0,0,-17.8610417398521,-5.10185230736128,-4.90503575995866e-05,0.000111211656505732,-3.25134051562719,0.00836538652651885
876,35.04,214.308793409817,13.2154748875502,-215.317543019727,-13.744480513811,430.155342055804,0,0,0,0,-17.8610132648616,-5.11999867642382,-4.90504528351994e-05,0.000111211503570312,-3.22377764280086,0.00836594886589396
877,35.08,214.299119318969,13.2051563437666,-215.32721406394,-13.7444563454013,430.165633384544,0,0,0,0,-17.8609814299792,-5.13830156364815,-4.90505490704162e-05,0.000111211349876362,-3.19601733772701,0.00836651467530792
878,35.12,214.289404600305,13.1947958332149,-215.336990929579,-13.7444295995714,430.176029296241,0,0,0,0,-17.8609462406703,-5.15675958311543,-4.90506462918485e-05,0.000111211195455643,-3.16806148984416,0.00836708370317192
879,35.16,214.279650222549,13.1843945151139,-215.34687286974,-13.7444002806361,430.186528857812,0,0,0,0,-17.8609077025752,-5.17537142719283,-4.90507444839175e-05,0.000111211040341034,-3.1399120010834,0.00836765569617693
880,35.2,214.269856920433,13.1739533142775,-215.356859132533,-13.7443683930442,430.197131131732,0,0,0,0,-17.8608658215092,-5.19413584103811,-4.90508436294629e-05,0.000111210884565666,-3.11157078568291,0.00836823039939254
881,35.24,214.260025207117,13.1634729334808,-215.366948961091,-13.7443339413784,430.207835176105,0,0,0,0,-17.860820603461,-5.21305159465206,-4.90509437096017e-05,0.000111210728164368,-3.08303977000117,0.00836880755636673
882,35.28,214.250155405922,13.152953885142,-215.377141593605,-13.7442969303545,430.218640044739,0,0,0,0,-17.8607720545929,-5.23211745460263,-4.90510447049505e-05,0.0001112105711724,-3.05432089233371,0.00836938690922627
883,35.32,214.240247698778,13.1423965397408,-215.387436263383,-13.7442573648207,430.22954478724,0,0,0,0,-17.8607201812391,-5.25133215744564,-4.90511465942606e-05,0.000111210413626813,-3.02541610273779,0.008369968198778
884,35.36,214.230302187154,13.1318011867229,-215.397832198921,-13.7442152497569,430.240548449109,0,0,0,0,-17.8606649899055,-5.27069438647154,-4.90512493569144e-05,0.000111210255565253,-2.99632736286812,0.00837055116461081
885,35.4,214.220318960089,13.1211681025139,-215.408328623997,-13.7441705902744,430.251650071847,0,0,0,0,-17.8606064872687,-5.29020275315945,-4.90513529713205e-05,0.000111210097026302,-2.96705664582549,0.00837113554519816
886,35.44,214.210298163233,13.1104976195478,-215.418924757759,-13.7441233916155,430.26284869306,0,0,0,0,-17.8605446801754,-5.30985578429224,-4.90514574159906e-05,0.000111209938049756,-2.93760593601882,0.00837172107800109
887,35.48,214.200240062633,13.099790190042,-215.429619814829,-13.7440736591521,430.274143346572,0,0,0,0,-17.8604795756413,-5.32965191529013,-4.90515626693413e-05,0.000111209778674906,-2.90797722903978,0.00837230749957148
888,35.52,214.19014509761,13.0890464388531,-215.440413005386,-13.744021398386,430.285533062528,0,0,0,0,-17.8604111808509,-5.34958948999584,-4.90516687099884e-05,0.000111209618941296,-2.87817253154816,0.00837289454565577
889,35.56,214.180013918083,13.0782672007804,-215.451303535256,-13.7439666149475,430.297016867507,0,0,0,0,-17.8603395031558,-5.36966676683029,-4.90517755157605e-05,0.000111209458887804,-2.84819386116495,0.00837348195129879
890,35.6,214.169847403016,13.0674535389753,-215.462290605982,-13.7439093145956,430.308593784618,0,0,0,0,-17.8602645500748,-5.38988193071317,-4.90518830650835e-05,0.000111209298552212,-2.81804324637004,0.00837406945094782
891,35.64,214.159646658284,13.0566067427661,-215.473373414881,-13.7438495032169,430.320262833616,0,0,0,0,-17.8601863292931,-5.41023310988868,-4.9051991335975e-05,0.00011120913797068,-2.7877227264007,0.00837465677855672
892,35.68,214.149412994129,13.0457283050607,-215.484551155105,-13.7437871868253,430.332023030999,0,0,0,0,-17.8601048486613,-5.43071839639001,-4.90521003054133e-05,0.000111208977177839,-2.75723435114742,0.00837524366769
893,35.72,214.139147884198,13.0348198813174,-215.495823015677,-13.7437223715617,430.34387339012,0,0,0,0,-17.860020116195,-5.45133586867636,-4.90522099506045e-05,0.000111208816205392,-2.7265801810442,0.00837582985162688
894,35.76,214.128852909851,13.0238832337836,-215.507188181539,-13.7436550636932,430.3558129213,0,0,0,0,-17.859932140074,-5.47208361485614,-4.9052320247494e-05,0.000111208655083748,-2.69576228695086,0.00837641506346515
895,35.8,214.118529694795,13.0129201660487,-215.51864583359,-13.7435852696125,430.367840631949,0,0,0,0,-17.8598409286416,-5.49295975492739,-4.90524311711761e-05,0.000111208493839581,-2.66478275002605,0.00837699903622521
896,35.84,214.108179835825,13.0019324537056,-215.530195148736,-13.7435129958372,430.379955526692,0,0,0,0,-17.8597464904036,-5.51396246049589,-4.90525426956103e-05,0.000111208332497929,-2.63364366159038,0.00837758150295414
897,35.88,214.097804835654,12.9909217771044,-215.541835299944,-13.7434382490095,430.392156607503,0,0,0,0,-17.8596488340276,-5.53508997065354,-4.90526547942443e-05,0.000111208171080779,-2.60234712297999,0.00837816219682985
898,35.92,214.087406043527,12.9798896618811,-215.55356545631,-13.7433610358952,430.404442873852,0,0,0,0,-17.8595479683423,-5.55634060301259,-4.90527674392825e-05,0.000111208009607392,-2.57089524539164,0.00837874085126545
899,35.96,214.076984608489,12.9688374321607,-215.565384783132,-13.743281363383,430.416813322844,0,0,0,0,-17.8594439023357,-5.57771275930909,-4.90528806021624e-05,0.000111207848095745,-2.5392901497209,0.00837931720001352
900,36,214.066541449009,12.9577661801162,-215.577292441997,-13.7431992384835,430.429266949374,0,0,0,0,-17.8593366451551,-5.59920492544769,-4.90529942532363e-05,0.00011120768656088,-2.50753396639554,0.00837989097727045
901,36.04,214.056077241157,12.946676754092,-215.589287590875,-13.7431146683285,430.441802746269,0,0,0,0,-17.859226206105,-5.62081566627615,-4.90531083627703e-05,0.000111207525017003,-2.47562883520619,0.00838046191778089
902,36.08,214.045592425916,12.9355697658687,-215.601369384212,-13.7430276601704,430.45441970443,0,0,0,0,-17.8591125946465,-5.64254361579183,-4.90532229002923e-05,0.000111207363476691,-2.44357690513661,0.00838102975694201
903,36.12,214.035087234565,12.9244456160084,-215.613536973027,-13.7429382213806,430.467116812964,0,0,0,0,-17.8589958203962,-5.66438746376223,-4.90533378350511e-05,0.00011120720195187,-2.41138033419524,0.00838159423090777
904,36.16,214.024561729591,12.9133045347462,-215.625789505002,-13.7428463594496,430.479893059297,0,0,0,0,-17.8588758931248,-5.6863459399169,-4.90534531364628e-05,0.00011120704045363,-2.37904128924973,0.00838215507669295
905,36.2,214.014015857426,12.9021466346955,-215.638126124563,-13.7427520819857,430.492747429279,0,0,0,0,-17.8587528227568,-5.70841779692099,-4.90535687741026e-05,0.000111206878992979,-2.34656194586552,0.00838271203227659
906,36.24,214.003449508399,12.8909719707861,-215.650545972944,-13.7426553967142,430.505678907271,0,0,0,0,-17.8586266193687,-5.73060179333145,-4.90536847175997e-05,0.000111206717580252,-2.31394448814901,0.00838326483670489
907,36.28,213.992862578885,12.8797806023972,-215.663048188244,-13.7425563114771,430.518686476209,0,0,0,0,-17.8584972931885,-5.75289667754134,-4.90538009374854e-05,0.000111206556226209,-2.28119110859547,0.00838381323019339
908,36.32,213.982255030614,12.8685726526449,-215.675631905458,-13.742454834232,430.53176911766,0,0,0,0,-17.8583648545951,-5.77530117353579,-4.9053917404604e-05,0.000111206394941242,-2.24830400794144,0.00838435695422831
909,36.36,213.971626942545,12.8573483602358,-215.688296256504,-13.7423509730518,430.544925811865,0,0,0,0,-17.8582293141167,-5.7978139690166,-4.9054034090482e-05,0.000111206233736106,-2.21528539502073,0.00838489575166721
910,36.4,213.960978551562,12.8461081201368,-215.701040370226,-13.7422447361235,430.558155537774,0,0,0,0,-17.8580906824304,-5.82043370622397,-4.90541509675812e-05,0.000111206072620973,-2.18213748662328,0.00838542936683876
911,36.44,213.950310279349,12.8348525104169,-215.713863372399,-13.7421361317481,430.57145727308,0,0,0,0,-17.8579489703614,-5.84315897559378,-4.90542680087561e-05,0.00011120591160617,-2.14886250735547,0.00838595754564172
912,36.48,213.93962274403,12.8235823038441,-215.726764385726,-13.7420251683393,430.584829994251,0,0,0,0,-17.8578041888814,-5.86598831225843,-4.90543851882077e-05,0.000111205750701249,-2.11546268950076,0.0083864800356431
913,36.52,213.92891675634,12.8122984640153,-215.73974252983,-13.7419118544231,430.598272676578,0,0,0,0,-17.8576563491082,-5.88892019533381,-4.90545024801599e-05,0.000111205589915314,-2.08194027287951,0.00838699658617544
914,36.56,213.918193301225,12.8010021268974,-215.752796921268,-13.7417961986365,430.611784294232,0,0,0,0,-17.8575054623041,-5.91195304994836,-4.90546198606466e-05,0.000111205429256242,-2.04829750470675,0.0083875069484335
915,36.6,213.907453506683,12.7896945696185,-215.765926673536,-13.741678209727,430.625363820328,0,0,0,0,-17.8573515398748,-5.93508525190801,-4.90547373057975e-05,0.000111205268731018,-2.01453663944724,0.0083880108755703
916,36.64,213.896698602531,12.7783771691659,-215.779130897106,-13.7415578965513,430.639010227022,0,0,0,0,-17.8571945933683,-5.95831513490765,-4.90548547929987e-05,0.000111205108345353,-1.98065993866713,0.00838850812279275
917,36.68,213.885929872355,12.7670513542852,-215.792408699466,-13.7414352680745,430.65272248561,0,0,0,0,-17.8570346344736,-5.98164100010287,-4.90549723003387e-05,0.000111204948103524,-1.94666967088201,0.0083889984474568
918,36.72,213.875148602399,12.7557185543016,-215.805759185183,-13.7413103333691,430.666499566649,0,0,0,0,-17.8568716750191,-6.00506112772834,-4.90550898064943e-05,0.000111204788008334,-1.91256811140146,0.00838948160916198
919,36.76,213.864356031229,12.7443801487277,-215.819181455984,-13.7411831016141,430.680340440099,0,0,0,0,-17.856705726972,-6.02857379030443,-4.90552072909445e-05,0.000111204628060707,-1.87835754217049,0.0083899573698451
920,36.8,213.853553303885,12.7330374213678,-215.832674610851,-13.7410535820938,430.694244075463,0,0,0,0,-17.8565368024363,-6.05217726679222,-4.90553247344028e-05,0.000111204468260266,-1.84404025160857,0.00839042549387288
921,36.84,213.842741433802,12.7216915221813,-215.846237746127,-13.7409217841973,430.708209441946,0,0,0,0,-17.8563649136524,-6.07586985690207,-4.90554421180989e-05,0.000111204308604542,-1.80961853444709,0.00839088574813353
922,36.88,213.831921275048,12.7103434394897,-215.859869955641,-13.7407877174172,430.722235508617,0,0,0,0,-17.8561900729953,-6.09964989466769,-4.90555594241057e-05,0.00011120414908953,-1.77509469156612,0.00839133790212701
923,36.92,213.821093506664,12.6989939842722,-215.873570330825,-13.740651391349,430.736321244566,0,0,0,0,-17.8560122929736,-6.12351576031802,-4.90556766351591e-05,0.000111203989710468,-1.74047102983138,0.00839178172805418
924,36.96,213.81025862988,12.6876437873584,-215.887337960848,-13.74051281569,430.75046561906,0,0,0,0,-17.8558315862287,-6.14746588962349,-4.9055793734914e-05,0.000111203830460489,-1.70574986193213,0.00839221700090462
925,37,213.799416978057,12.6762933093439,-215.901171932741,-13.7403720002385,430.764667601693,0,0,0,0,-17.8556479655331,-6.17149877996216,-4.9055910708046e-05,0.000111203671332019,-1.67093350622052,0.00839264349854297
926,37.04,213.788568738206,12.664942862087,-215.915071331507,-13.740228954893,430.77892616252,0,0,0,0,-17.8554614437896,-6.19561299267721,-4.90560275396162e-05,0.000111203512316494,-1.63602428655282,0.00839306100179356
927,37.08,213.777713982032,12.653592639738,-215.929035240238,-13.7400836896509,430.793240272183,0,0,0,0,-17.8552720340299,-6.21980715159703,-4.90561442156821e-05,0.000111203353404928,-1.60102453213244,0.00839346929452337
928,37.12,213.766852703722,12.6422427565124,-215.943062740198,-13.7399362146077,430.807608902015,0,0,0,0,-17.8550797494129,-6.24407993790761,-4.90562607234295e-05,0.000111203194587641,-1.56593657735476,0.00839386816372318
929,37.16,213.755984861192,12.6308932879216,-215.957152910909,-13.7397865399559,430.822031024135,0,0,0,0,-17.8548846032238,-6.26843008192681,-4.90563770504846e-05,0.000111203035855048,-1.53076276165322,0.00839425739958741
930,37.2,213.745110417322,12.6195443119897,-215.971304830198,-13.7396346759835,430.836505611514,0,0,0,0,-17.8546866088722,-6.29285635254723,-4.90564931857286e-05,0.000111202877197359,-1.4955054293461,0.00839463679559281
931,37.24,213.734229377859,12.6081959471408,-215.985517574247,-13.7394806330735,430.851031638039,0,0,0,0,-17.8544857798911,-6.31735754529789,-4.90566091191872e-05,0.000111202718605314,-1.46016692948329,0.00839500614857605
932,37.28,213.723341823138,12.5968483838958,-215.999790217607,-13.7393244217022,430.865608078551,0,0,0,0,-17.8542821299346,-6.34193246998198,-4.90567248414078e-05,0.000111202560069697,-1.42474961569212,0.00839536525881046
933,37.32,213.712447931456,12.5855019082246,-216.014121833207,-13.7391660524382,430.880233908877,0,0,0,0,-17.8540756727774,-6.36657993879024,-4.90568403448162e-05,0.000111202401582673,-1.38925584602179,0.00839571393008143
934,37.36,213.701547992831,12.5741569152709,-216.028511492354,-13.7390055359415,430.894908105855,0,0,0,0,-17.8538664223127,-6.39129875559195,-4.90569556222387e-05,0.000111202243136542,-1.35368798278579,0.0083960519697606
935,37.4,213.690642412787,12.5628139131137,-216.042958264716,-13.7388428829626,430.909629647352,0,0,0,0,-17.8536543925513,-6.41608770685815,-4.90570706682338e-05,0.000111202084724527,-1.31804839240203,0.00839637918887869
936,37.44,213.679731706787,12.5514735171583,-216.057461218311,-13.7386781043412,430.924397512281,0,0,0,0,-17.8534395976202,-6.4409455544001,-4.90571854784731e-05,0.000111201926340681,-1.28233944523086,0.00839669540219689
937,37.48,213.668816486672,12.5401364365441,-216.072019419499,-13.7385112110054,430.939210680632,0,0,0,0,-17.8532220517614,-6.465871029858,-4.90573000503593e-05,0.000111201767979819,-1.24656351541093,0.00839700042827702
938,37.52,213.657897441099,12.5288034545422,-216.086631932972,-13.7383422139712,430.954068133499,0,0,0,0,-17.853001769331,-6.49086283071149,-4.90574143823211e-05,0.000111201609637822,-1.21072298069357,0.00839729408955014
939,37.56,213.646975312241,12.517475405224,-216.101297821773,-13.7381711243415,430.968968853131,0,0,0,0,-17.8527787647983,-6.51591961751955,-4.90575284738561e-05,0.0001112014513109,-1.17482022227597,0.00839757621238368
940,37.6,213.636050871086,12.5061531487189,-216.116016147316,-13.7379979533051,430.983911822988,0,0,0,0,-17.8525530527444,-6.54104001214243,-4.90576423265884e-05,0.000111201292996689,-1.13885762463385,0.00839784662714657
941,37.64,213.625124893436,12.4948375471831,-216.130785969427,-13.7378227121363,430.998896027817,0,0,0,0,-17.8523246478614,-6.56622259684054,-4.90577559430004e-05,0.000111201134692226,-1.10283757535404,0.00839810516827217
942,37.68,213.614198138367,12.4835294432249,-216.145606346406,-13.7376454121939,431.013920453742,0,0,0,0,-17.8520935649511,-6.59146591432878,-4.9057869326622e-05,0.000111200976396158,-1.06676246496749,0.00839835167431903
943,37.72,213.603271330392,12.4722296420474,-216.160476335102,-13.7374660649198,431.028984088367,0,0,0,0,-17.851859818924,-6.61676846901645,-4.90579824825465e-05,0.000111200818106686,-1.03063468678313,0.00839858598802944
944,37.76,213.592345146065,12.4609388980207,-216.175394991004,-13.7372846818387,431.044085920887,0,0,0,0,-17.8516234247977,-6.64212872980521,-4.90580954168203e-05,0.000111200659822578,-0.99445663672275,0.00839880795638611
945,37.8,213.581420205154,12.4496579058419,-216.190361368341,-13.7371012745567,431.05922494221,0,0,0,0,-17.8513843976959,-6.66754513479269,-4.90582081365412e-05,0.000111200501542937,-0.958230713157211,0.00839901743066705
946,37.84,213.570497066082,12.4383872959526,-216.205374520195,-13.7369158547598,431.074400145084,0,0,0,0,-17.8511427528462,-6.69301609818586,-4.90583206496373e-05,0.00011120034326611,-0.921959316744026,0.00839921426649899
947,37.88,213.55957622493,12.4271276335355,-216.220433498612,-13.7367284342132,431.08961052422,0,0,0,0,-17.8508985055792,-6.71854001950576,-4.90584329648649e-05,0.000111200184991046,-0.885644850266354,0.00839939832390896
948,37.92,213.548658117199,12.415879420261,-216.235537354718,-13.7365390247598,431.104855076416,0,0,0,0,-17.8506516713265,-6.74411529488064,-4.90585450919315e-05,0.000111200026716116,-0.849289718473363,0.00839956946737432
949,37.96,213.537743121551,12.4046430980228,-216.250685138828,-13.7363476383191,431.120132800676,0,0,0,0,-17.8504022656194,-6.7697403299478,-4.90586570406517e-05,0.000111199868439904,-0.812896327921842,0.00839972756587097
950,38,213.526831565017,12.3934190541364,-216.265875900551,-13.7361542868858,431.135442698317,0,0,0,0,-17.8501503040871,-6.79541355353953,-4.90587688217736e-05,0.00011119971016048,-0.776467086818899,0.00839987249292
951,38.04,213.515923729424,12.3822076277617,-216.281108688885,-13.7359589825291,431.150783773076,0,0,0,0,-17.8498958024553,-6.82113343112702,-4.90588804465239e-05,0.000111199551875917,-0.740004404865533,0.00840000412663278
952,38.08,213.505019859039,12.3710091175412,-216.296382552311,-13.7357617373912,431.1661550312,0,0,0,0,-17.8496387765449,-6.8468984768656,-4.90589919262222e-05,0.000111199393584145,-0.703510693100831,0.00840012234975469
953,38.12,213.494120169488,12.3598237905095,-216.311696538862,-13.7355625636865,431.181555481527,0,0,0,0,-17.849379242271,-6.87270726311226,-4.9059103272633e-05,0.000111199235282986,-0.666988363746532,0.00840022704970735
954,38.16,213.483224857886,12.3486518922215,-216.327049696203,-13.7353614737007,431.196984135568,0,0,0,0,-17.8491172156409,-6.89855842647772,-4.90592144983975e-05,0.000111199076970325,-0.63043983005168,0.00840031811862912
955,38.2,213.47233411389,12.3374936577969,-216.342441071684,-13.7351584797901,431.212440007567,0,0,0,0,-17.8488527127537,-6.92445066976481,-4.90593256153413e-05,0.000111198918644571,-0.593867506137031,0.00840039545341354
956,38.24,213.461448131076,12.3263493232877,-216.357869712391,-13.7349535943801,431.22792211456,0,0,0,0,-17.848585749799,-6.95038275957536,-4.90594366361068e-05,0.000111198760304343,-0.557273806838875,0.00840045895574545
957,38.28,213.450567117789,12.3152191365192,-216.373334665193,-13.734746829965,431.243429476427,0,0,0,0,-17.8483163430554,-6.97635351981374,-4.90595475739126e-05,0.000111198601948876,-0.520661147551828,0.00840050853213476
958,38.32,213.439691306473,12.3041033664133,-216.388834976772,-13.7345381991066,431.258961115938,0,0,0,0,-17.8480445088894,-7.00236182175405,-4.90596584412622e-05,0.000111198443577939,-0.484031944070183,0.00840054409394789
959,38.36,213.428820960494,12.2930023097954,-216.404369693653,-13.7343277144334,431.274516058784,0,0,0,0,-17.8477702637544,-7.02840657167731,-4.90597692516593e-05,0.000111198285192139,-0.447388612427365,0.008400565557437
960,38.4,213.417956377593,12.2819162948396,-216.419937862227,-13.7341153886394,431.29009333362,0,0,0,0,-17.8474936241888,-7.05448669733886,-4.90598800187793e-05,0.00011119812679359,-0.410733568733229,0.00840057284376724
961,38.44,213.407097889428,12.2708456805952,-216.435538528767,-13.7339012344828,431.305691972083,0,0,0,0,-17.8472146068147,-7.08060113451422,-4.90599907558086e-05,0.000111197968385011,-0.374069229008999,0.00840056587904199
962,38.48,213.396245857055,12.2597908524565,-216.451170739444,-13.7336852647852,431.321311008828,0,0,0,0,-17.8469332283363,-7.10674881478479,-4.90601014765253e-05,0.000111197809970658,-0.337398009019945,0.00840054459432603
963,38.52,213.385400662691,12.2487522139189,-216.466833540341,-13.7334674924299,431.336949481543,0,0,0,0,-17.8466495055384,-7.13292865539039,-4.90602121950319e-05,0.000111197651555397,-0.300722324106048,0.0084005089256667
964,38.56,213.37456269862,12.2377301754667,-216.482525977468,-13.7332479303608,431.352606430982,0,0,0,0,-17.8463634552844,-7.15913955159356,-4.90603229254178e-05,0.000111197493145854,-0.264044589011145,0.00840045881411305
965,38.6,213.3637323545,12.2267251418785,-216.498247096785,-13.733026591581,431.368280900988,0,0,0,0,-17.8460750945149,-7.18538037158825,-4.90604336819874e-05,0.000111197334750075,-0.227367217711214,0.00840039420573312
966,38.64,213.352910004699,12.2157374995509,-216.513995944222,-13.732803489152,431.383971938523,0,0,0,0,-17.8457844402459,-7.21164995358217,-4.9060544479387e-05,0.000111197176376646,-0.190692623242564,0.00840031505162973
967,38.68,213.342095997378,12.2047676055815,-216.529771565716,-13.732578636192,431.399678593705,0,0,0,0,-17.8454915095679,-7.23794710443553,-4.90606553319079e-05,0.00011119701803569,-0.15402321753076,0.00840022130795473
968,38.72,213.331290647001,12.1938157802751,-216.54557300725,-13.7323520458754,431.415399919852,0,0,0,0,-17.8451963196439,-7.26427059909462,-4.90607662544011e-05,0.000111196859738084,-0.117361411221032,0.00840011293592181
969,38.76,213.320494231614,12.1828823044212,-216.561399314907,-13.7321237314316,431.431134973532,0,0,0,0,-17.8448988877085,-7.29061918013547,-4.90608772615649e-05,0.000111196701495172,-0.0807096135108342,0.00839998990181761
970,38.8,213.309706995693,12.17196742215,-216.577249534933,-13.7318937061441,431.44688281462,0,0,0,0,-17.8445992310669,-7.31699155692469,-4.90609883679304e-05,0.000111196543319468,-0.0440702319850056,0.0083998521770108
971,38.84,213.298929158647,12.1610713494406,-216.593122713806,-13.73166198335,431.462642506362,0,0,0,0,-17.8442973670937,-7.34338640423805,-4.90610995882143e-05,0.000111196385223624,-0.00744567245375498,0.00839969973795907
972,38.88,213.288160928208,12.1501942875151,-216.609017898317,-13.7314285764389,431.478413115449,0,0,0,0,-17.8439933132318,-7.36980236057419,-4.90612109363987e-05,0.000111196227220591,0.0291616612065527,0.00839953256621386
973,38.92,213.277402517109,12.1393364395289,-216.624934135655,-13.7311934988522,431.494193712087,0,0,0,0,-17.8436870869919,-7.39623802674543,-4.90613224269167e-05,0.000111196069322645,0.0657493672100746,0.00839935064842291
974,38.96,213.266654160811,12.1284980283132,-216.640870473495,-13.7309567640828,431.509983370076,0,0,0,0,-17.8433787059508,-7.42269196558222,-4.90614340731581e-05,0.000111195911542479,0.10231504601607,0.00839915397633074
975,39,213.255916133709,12.1176793125837,-216.656825960088,-13.7307183856735,431.525781166886,0,0,0,0,-17.8430681877509,-7.44916270368643,-4.90615458883054e-05,0.000111195753892545,0.138856300481952,0.00839894254677704
976,39.04,213.245188761275,12.1068805991071,-216.672799644344,-13.7304783772164,431.541586183728,0,0,0,0,-17.8427555500984,-7.4756487360591,-4.9061657884787e-05,0.0001111955963842,0.175370736015419,0.00839871636169282
977,39.08,213.23447242617,12.096102248815,-216.688790575918,-13.7302367523518,431.557397505625,0,0,0,0,-17.8424408107624,-7.50214853414919,-4.90617700743561e-05,0.000111195439028739,0.21185596072628,0.00839847542809435
978,39.12,213.223767567129,12.0853446757036,-216.704797805283,-13.7299935247673,431.573214221475,0,0,0,0,-17.8421239875731,-7.52866055744867,-4.90618824678896e-05,0.000111195281835947,0.248309585578499,0.00839821975807477
979,39.16,213.213074670495,12.0746083383827,-216.720820383804,-13.7297487081961,431.589035424113,0,0,0,0,-17.8418050984202,-7.55518326824389,-4.9061995075825e-05,0.000111195124815324,0.284729224542851,0.00839794936879351
980,39.2,213.202394255306,12.063893725163,-216.736857363804,-13.7295023164159,431.604860210363,0,0,0,0,-17.8414841612515,-7.58171514860906,-4.90621079072919e-05,0.000111194967975645,0.321112494750437,0.00839766428246383
981,39.24,213.19172685364,12.0532013344224,-216.752907798622,-13.729254363248,431.620687681087,0,0,0,0,-17.841161194071,-7.60825471829881,-4.90622209708297e-05,0.000111194811324601,0.357457016647096,0.00839736452633862
982,39.28,213.181072988571,12.042531652561,-216.768970742669,-13.7290048625555,431.636516941235,0,0,0,0,-17.8408362149373,-7.63480055186735,-4.90623342738837e-05,0.000111194654869584,0.393760414148639,0.00839705013269486
983,39.32,213.170433152247,12.0318851320963,-216.785045251487,-13.7287538282425,431.65234709988,0,0,0,0,-17.8405092419622,-7.66135129328213,-4.90624478229881e-05,0.000111194498617125,0.430020314796708,0.00839672113881647
984,39.36,213.159807786581,12.0212621723601,-216.801130381795,-13.7285012742526,431.668177270268,0,0,0,0,-17.8401802933091,-7.68790566640814,-4.90625616239383e-05,0.000111194342573475,0.46623434991507,0.00839637758697585
985,39.4,213.149197268606,12.0106631048681,-216.817225191544,-13.7282472145685,431.68400656985,0,0,0,0,-17.8398493871918,-7.71446248011935,-4.90626756815227e-05,0.000111194186744877,0.50240015476615,0.00839601952441349
986,39.44,213.138601901954,12.0000881848077,-216.833328739965,-13.7279916632106,431.699834120322,0,0,0,0,-17.8395165418736,-7.74102062732077,-4.90627899997604e-05,0.000111194031137152,0.53851536870769,0.00839564700331588
987,39.48,213.128021915094,11.9895375892912,-216.849440087619,-13.7277346342364,431.715659047658,0,0,0,0,-17.8391817756655,-7.76757907783984,-4.90629045815727e-05,0.000111193875756314,0.574577635349518,0.00839526008079155
988,39.52,213.117457466121,11.979011422161,-216.865558296446,-13.7274761417399,431.731480482146,0,0,0,0,-17.8388451069261,-7.79413686583252,-4.90630194295704e-05,0.000111193720608532,0.610584602710464,0.0083948588188453
989,39.56,213.106908653069,11.9685097243138,-216.881682429809,-13.7272161998506,431.747297558414,0,0,0,0,-17.8385065540604,-7.82069307296172,-4.90631345449563e-05,0.00011119356569992,0.646533923375585,0.00839444328435072
990,39.6,213.096375528036,11.9580324878483,-216.897811552537,-13.7269548227329,431.763109415458,0,0,0,0,-17.8381661355184,-7.84724680911747,-4.90632499289256e-05,0.000111193411037289,0.682423254653858,0.00839401354902095
991,39.64,213.085858113045,11.9475796719403,-216.913944730971,-13.7266920245857,431.778915196661,0,0,0,0,-17.8378238697951,-7.87379719267465,-4.90633655810388e-05,0.000111193256627777,0.718250258736522,0.00839356968937737
992,39.68,213.075356415451,11.9371512182727,-216.930081032992,-13.726427819641,431.794714049811,0,0,0,0,-17.8374797754287,-7.90034333227769,-4.90634815012486e-05,0.00011119310247876,0.754012602856173,0.00839311178671619
993,39.72,213.064870440996,11.9267470641114,-216.94621952806,-13.7261622221637,431.810505127108,0,0,0,0,-17.8371338709994,-7.92688431185428,-4.90635976878887e-05,0.000111192948598027,0.789707959446594,0.00839263992707269
994,39.76,213.054400203181,11.9163671516943,-216.962359287235,-13.7258952464498,431.826287585172,0,0,0,0,-17.8367861751288,-7.95341918000049,-4.90637141393927e-05,0.00011119279499364,0.825334006303154,0.00839215420118334
995,39.8,213.043945728393,11.9060114333874,-216.978499383212,-13.7256269068259,431.842060585044,0,0,0,0,-17.8364367064776,-7.97994694421636,-4.90638308528211e-05,0.000111192641673478,0.860888426743453,0.00839165470444597
996,39.84,213.033507057143,11.8956798729426,-216.994638890338,-13.7253572176479,431.857823292186,0,0,0,0,-17.8360854837446,-8.00646656972097,-4.90639478251639e-05,0.000111192488646143,0.896368909767689,0.00839114153687827
997,39.88,213.023084242559,11.885372444017,-217.010776884641,-13.7250861932993,431.873574876482,0,0,0,0,-17.8357325256649,-8.03297698193549,-4.90640650525472e-05,0.000111192335919746,0.931773150218196,0.00839061480307484
998,39.92,213.012677347896,11.8750891277101,-217.026912443863,-13.7248138481908,431.889314512239,0,0,0,0,-17.8353778510084,-8.05947707123675,-4.90641825302722e-05,0.000111192183502375,0.967098848937477,0.00839007461216282
999,39.96,213.002286445083,11.8648299111328,-217.043044647486,-13.7245401967583,431.905041378194,0,0,0,0,-17.8350214785778,-8.08596569835423,-4.90643002532165e-05,0.00011119203140183,1.00234371292417,0.00838952107775604
1000,40,212.99191161613,11.8545947888486,-217.059172576781,-13.7242652534621,431.920754657525,0,0,0,0,-17.8346634272079,-8.11244169884014,-4.90644182153943e-05,0.000111191879625397,1.03750545548648,0.00838895431790781
1001,40.04,212.981552958674,11.8443837684438,-217.07529531485,-13.7239890327858,431.936453537866,0,0,0,0,-17.8343037157632,-8.13890388534738,-4.90645364100074e-05,0.000111191728179869,1.07258179639275,0.00838837445506229
1002,40.08,212.971210596013,11.8341968805946,-217.091411946683,-13.7237115492353,431.952137211337,0,0,0,0,-17.8339423631377,-8.16535104702773,-4.90646548302112e-05,0.000111191577071538,1.10757046201917,0.00838778161600471
1003,40.12,212.960884690988,11.8240341929804,-217.107521559221,-13.7234328173382,431.967804874567,0,0,0,0,-17.8335793882529,-8.19178194603258,-4.90647734676454e-05,0.000111191426305955,1.14246918549475,0.00838717593181051
1004,40.16,212.950575462104,11.813895826432,-217.123623241418,-13.7231528516428,431.983455728733,0,0,0,0,-17.8332148100577,-8.21819531182015,-4.90648923138953e-05,0.000111191275887748,1.17727570684404,0.0083865575377933
1005,40.2,212.940283199544,11.8037819709841,-217.139716084316,-13.7228716667175,431.999088979593,0,0,0,0,-17.832848647527,-8.24458983458732,-4.90650113592285e-05,0.000111191125820824,1.21198777312809,0.00838592657345173
1006,40.24,212.930008278397,11.7936928991273,-217.155799181111,-13.7225892771506,432.014703837531,0,0,0,0,-17.8324809196612,-8.2709641595541,-4.90651305935598e-05,0.000111190976107732,1.24660313858447,0.00838528318241484
1007,40.28,212.919751166402,11.7836289735911,-217.171871627227,-13.7223056975495,432.030299517587,0,0,0,0,-17.8321116454857,-8.2973168839498,-4.90652500061324e-05,0.000111190826750564,1.28111956476702,0.00838462751238584
1008,40.32,212.909512424007,11.7735906474295,-217.187932520382,-13.72202094254,432.0458752395,0,0,0,0,-17.83174084405,-8.32364655839047,-4.90653695852741e-05,0.000111190677750317,1.31553482068588,0.00838395971508415
1009,40.36,212.899292695295,11.7635784549799,-217.203980960655,-13.7217350267662,432.061430227736,0,0,0,0,-17.8313685344266,-8.34995169386604,-4.90654893186984e-05,0.000111190529106456,1.34984668294848,0.00838327994618585
1010,40.4,212.88909268941,11.7535929933221,-217.220016050543,-13.7214479648891,432.07696371152,0,0,0,0,-17.8309947357108,-8.37623077487663,-4.90656091934315e-05,0.000111190380817808,1.3840529359016,0.00838258836526254
1011,40.44,212.8789131533,11.7436348950481,-217.236036895024,-13.7211597715865,432.092474924863,0,0,0,0,-17.8306194670191,-8.40248227839992,-4.90657291957521e-05,0.00011119023288149,1.41815137177466,0.00838188513571877
1012,40.48,212.868754837711,11.7337047942941,-217.252042601607,-13.7208704615517,432.107963106576,0,0,0,0,-17.8302427474881,-8.42870469752383,-4.90658493114812e-05,0.000111190085294374,1.45213979082412,0.00838117042472813
1013,40.52,212.858618459356,11.7238032889367,-217.268032280385,-13.7205800494923,432.123427500297,0,0,0,0,-17.8298645962734,-8.45489656775259,-4.90659695255063e-05,0.000111189938051538,1.48601600147868,0.00838044440316787
1014,40.56,212.848504662774,11.7139309024876,-217.284005044085,-13.7202885501298,432.138867354502,0,0,0,0,-17.8294850325479,-8.48105649343814,-4.90660898224866e-05,0.00011118979114755,1.51977782048465,0.0083797072455523
1015,40.6,212.838413985666,11.7040880494628,-217.299960008118,-13.7199959781978,432.154281922519,0,0,0,0,-17.8291040755007,-8.50718317151802,-4.90662101869107e-05,0.000111189644576043,1.55342307305112,0.00837895912996491
1016,40.64,212.828346831307,11.6942750078293,-217.315896290625,-13.7197023484411,432.169670462545,0,0,0,0,-17.8287217443353,-8.53327540980774,-4.90663306017462e-05,0.000111189498329658,1.5869495929943,0.00837820023798958
1017,40.68,212.818303451069,11.6844919015634,-217.331813012536,-13.7194076756148,432.185032237656,0,0,0,0,-17.8283380582682,-8.55933213756362,-4.90664510506745e-05,0.000111189352400704,1.62035522288064,0.00837743075464104
1018,40.72,212.808283939137,11.6747386954107,-217.347709297612,-13.7191119744829,432.200366515822,0,0,0,0,-17.827953036528,-8.58535240677045,-4.90665715164655e-05,0.000111189206780705,1.65363781416842,0.00837665086829474
1019,40.76,212.79828824029,11.6650152026948,-217.363584272504,-13.718815259818,432.215672569917,0,0,0,0,-17.8275666983534,-8.61133538360381,-4.90666919817143e-05,0.000111189061461122,1.68679522734778,0.0083758607706162
1020,40.8,212.788316170104,11.65532110557,-217.379437066801,-13.7185175463995,432.230949677734,0,0,0,0,-17.8271790629931,-8.63728033063368,-4.90668124285887e-05,0.000111188916432684,1.7198253320793,0.00837506065648982
1021,40.84,212.77836744553,11.6456559856373,-217.39526681308,-13.7182188490142,432.246197121987,0,0,0,0,-17.8267901497043,-8.66318658138663,-4.9066932839073e-05,0.000111188771686742,1.75272600733134,0.00837425072394712
1022,40.88,212.768441722478,11.6360193615689,-217.411072646957,-13.7179191824547,432.261414190321,0,0,0,0,-17.8263999777521,-8.68905350984787,-4.90670531950983e-05,0.000111188627213961,1.78549514151676,0.0083734311740942
1023,40.92,212.758538636214,11.6264107295491,-217.426853707122,-13.7176185615196,432.276600175306,0,0,0,0,-17.8260085664091,-8.71488049807838,-4.90671734781925e-05,0.00011118848300568,1.81813063262921,0.0083726022110385
1024,40.96,212.748657840149,11.6168296021094,-217.442609135382,-13.7173170010125,432.291754374434,0,0,0,0,-17.8256159349548,-8.74066690538543,-4.90672936702163e-05,0.000111188339052955,1.85063038837974,0.00837176404181472
1025,41,212.738799039018,11.6072755413448,-217.458338076686,-13.7170145157424,432.306876090101,0,0,0,0,-17.825222102675,-8.76641204222384,-4.9067413752761e-05,0.000111188195347203,1.88299232633397,0.00837091687631008
1026,41.04,212.728962013361,11.5977481834424,-217.474039679148,-13.7167111205227,432.32196462959,0,0,0,0,-17.8248270888614,-8.79211515142175,-4.90675337076194e-05,0.000111188051880113,1.91521437404998,0.00837006092718863
1027,41.08,212.719146633551,11.5882472527525,-217.48971309407,-13.7164068301709,432.33701930504,0,0,0,0,-17.824430912811,-8.81777539828321,-4.90676535166679e-05,0.000111187908643565,1.94729446921703,0.0083691964098148
1028,41.12,212.709352863028,11.5787725650643,-217.505357475949,-13.7161016595084,432.352039433421,0,0,0,0,-17.8240335938255,-8.84339186996777,-4.90677731618601e-05,0.000111187765629467,1.97923055979472,0.00836832354217597
1029,41.16,212.699580751801,11.5693240211552,-217.520971982491,-13.7157956233595,432.367024336496,0,0,0,0,-17.8236351512105,-8.86896358331058,-4.90678926256e-05,0.000111187622830008,2.01102060415212,0.00836744254480403
1030,41.2,212.689830422504,11.5599015928891,-217.536555774625,-13.7154887365506,432.38197334079,0,0,0,0,-17.8232356042743,-8.89448949909512,-4.90680118903648e-05,0.000111187480237381,2.04266257120634,0.00836655364069614
1031,41.24,212.680102052176,11.5505053050388,-217.552108016513,-13.7151810139101,432.39688577756,0,0,0,0,-17.8228349723273,-8.91996853998188,-4.90681309387081e-05,0.000111187337843553,2.07415444055953,0.00836565705523465
1032,41.28,212.670395853368,11.5411352164399,-217.567627875575,-13.7148724702666,432.41176098277,0,0,0,0,-17.8224332746804,-8.94539960882622,-4.90682497537121e-05,0.000111187195640292,2.10549420263404,0.00836475301610659
1033,41.32,212.660712058086,11.5317914039803,-217.583114522513,-13.7145631204487,432.426598297067,0,0,0,0,-17.8220305306443,-8.97078160416448,-4.90683683188353e-05,0.000111187053619426,2.13667985880468,0.00836384175322263
1034,41.36,212.651050907418,11.5224739522707,-217.598567131348,-13.7142529792835,432.441397065779,0,0,0,0,-17.8216267595276,-8.9961134301671,-4.90684866175019e-05,0.000111186911772677,2.1677094215281,0.00836292349863588
1035,41.4,212.641412648597,11.5131829507511,-217.61398487946,-13.7139420615961,432.456156638902,0,0,0,0,-17.8212219806362,-9.02139399926771,-4.90686046338441e-05,0.000111186770091179,2.19858091446885,0.00836199848646041
1036,41.44,212.631797539909,11.5039184986524,-217.629366947647,-13.7136303822087,432.470876371112,0,0,0,0,-17.820816213272,-9.04662222688396,-4.90687223523868e-05,0.000111186628565561,2.22929237262235,0.00836106695278976
1037,41.48,212.62220586255,11.4946807168894,-217.644712520175,-13.7133179559394,432.485555621775,0,0,0,0,-17.8204094767317,-9.07179701891955,-4.90688397578506e-05,0.000111186487186387,2.25984184243515,0.00836012913561526
1038,41.52,212.612637937303,11.4854697647952,-217.66002078485,-13.7130047976022,432.50019375496,0,0,0,0,-17.8200017903062,-9.0969172539665,-4.90689568355153e-05,0.000111186345944036,2.29022738192304,0.00835918527474444
1039,41.56,212.603094143127,11.4762858587492,-217.67529093308,-13.712690922006,432.514790139464,0,0,0,0,-17.8195931732799,-9.12198176310655,-4.90690735712183e-05,0.000111186204828245,2.32044706078773,0.00835823561171947
1040,41.6,212.593574934193,11.4671292892638,-217.690522159942,-13.7123763439542,432.529344148825,0,0,0,0,-17.81918364493,-9.14698931081257,-4.90691899508709e-05,0.000111186063828843,2.35049896053298,0.00835728038973564
1041,41.64,212.584080851885,11.4580004330335,-217.705713664252,-13.7120610782446,432.543855161349,0,0,0,0,-17.8187732245258,-9.17193858062699,-4.90693059610743e-05,0.000111185922934779,2.38038117458074,0.00835631985355997
1042,41.68,212.574612528644,11.4488997568223,-217.720864648624,-13.7117451396689,432.558322560115,0,0,0,0,-17.8183619313292,-9.19682816888778,-4.90694215886372e-05,0.000111185782134479,2.41009180838811,0.00835535424944979
1043,41.72,212.565170681336,11.4398278108855,-217.735974319531,-13.7114285430127,432.572745732994,0,0,0,0,-17.8179497845935,-9.22165658897279,-4.9069536820913e-05,0.000111185641416556,2.43962897956541,0.00835438382507125
1044,41.76,212.555756093052,11.4307852108166,-217.751041887357,-13.7111113030551,432.587124072648,0,0,0,0,-17.8175368035636,-9.246422287228,-4.90696516458896e-05,0.000111185500768891,2.46899081799546,0.0083534088294175
1045,41.8,212.54636958369,11.4217726081728,-217.766066566442,-13.7107934345685,432.601456976528,0,0,0,0,-17.8171230074756,-9.27112367032065,-4.90697660514328e-05,0.00011118536017893,2.49817546595417,0.00835242951272673
1046,41.84,212.537011971196,11.4127906517713,-217.781047575131,-13.7104749523186,432.615743846874,0,0,0,0,-17.8167084155566,-9.29575914222187,-4.90698800259444e-05,0.000111185219633789,2.52718107823175,0.00835144612639986
1047,41.88,212.527684026789,11.4038399429634,-217.795984135807,-13.7101558710633,432.629984090696,0,0,0,0,-17.8162930470236,-9.3203271476484,-4.90699935591305e-05,0.000111185079119965,2.55600582225443,0.00835045892291806
1048,41.92,212.518386428559,11.3949209892762,-217.810875474931,-13.7098362055531,432.644177119766,0,0,0,0,-17.8158769210836,-9.34482621776823,-4.90701066399006e-05,0.000111184938623994,2.58464787820556,0.00834946815576026
1049,41.96,212.509119718384,11.3860341613885,-217.825720823077,-13.7095159705299,432.658322350603,0,0,0,0,-17.8154600569325,-9.3692550133559,-4.90702192587918e-05,0.000111184798132148,2.6131054391458,0.00834847407932061
1050,42,212.499884267121,11.3771796583622,-217.840519414969,-13.7091951807266,432.672419204455,0,0,0,0,-17.8150424737542,-9.3936123605199,-4.90703314066537e-05,0.000111184657630861,2.64137671113143,0.00834747694882605
1051,42.04,212.49068025226,11.3683574853557,-217.855270489519,-13.7088738508664,432.68646710729,0,0,0,0,-17.8146241907201,-9.41789727465623,-4.90704430741871e-05,0.000111184517106006,2.66945991333045,0.00834647702025394
1052,42.08,212.481507651022,11.3595674467659,-217.869973289863,-13.7085519956622,432.700465489781,0,0,0,0,-17.8142052269877,-9.44210896932623,-4.90705542537165e-05,0.000111184376543973,2.69735327813604,0.00834547455024983
1053,42.12,212.472366250131,11.3508091560568,-217.884627063412,-13.7082296298155,432.714413787301,0,0,0,0,-17.8137856016996,-9.46624684833889,-4.90706649368106e-05,0.000111184235931363,2.72505505127736,0.00834446979604544
1054,42.16,212.463255671704,11.3420820616944,-217.899231061885,-13.707906768016,432.72831143991,0,0,0,0,-17.8133653339831,-9.49031048108501,-4.90707751170208e-05,0.000111184095254979,2.75256349192784,0.00834346301537707
1055,42.2,212.454175412901,11.3333854868519,-217.913784541361,-13.7075834249409,432.742157892351,0,0,0,0,-17.8129444429489,-9.51429956312117,-4.90708847875499e-05,0.000111183954502637,2.77987687281127,0.00834245446640464
1056,42.24,212.445124895577,11.3247186791086,-217.928286762317,-13.7072596152541,432.75595259404,0,0,0,0,-17.8125229476903,-9.53821386566407,-4.90709939425035e-05,0.000111183813662253,2.80699348030654,0.00834144440763146
1057,42.28,212.436103521115,11.3160808653383,-217.942736989669,-13.7069353536061,432.769694999052,0,0,0,0,-17.812100867283,-9.56205317905849,-4.90711025764276e-05,0.000111183672722616,2.83391161455154,0.00834043309782474
1058,42.32,212.42711072513,11.3074713064596,-217.957134492806,-13.7066106546332,432.78338456611,0,0,0,0,-17.8116782207842,-9.58581725601566,-4.90712106847681e-05,0.000111183531673163,2.86062958954701,0.00833942079593678
1059,42.36,212.41814602669,11.2988893467081,-217.971478545621,-13.7062855329576,432.79702075856,0,0,0,0,-17.8112550272324,-9.60950576060561,-4.90713182634822e-05,0.000111183390504475,2.88714573326108,0.00833840776102672
1060,42.4,212.409209067274,11.2903344526472,-217.985768426531,-13.7059600031871,432.810603044344,0,0,0,0,-17.8108313056472,-9.63311822838022,-4.90714253094077e-05,0.000111183249207984,2.91345838773478,0.00833739425218263
1061,42.44,212.4002996358,11.2818062382488,-218.000003418497,-13.7056340799148,432.824130895963,0,0,0,0,-17.8104070750293,-9.65665404178302,-4.90715318199746e-05,0.000111183107775807,2.93956590918879,0.00833638052844412
1062,42.48,212.391417677676,11.2733044739883,-218.01418280903,-13.7053077777194,432.837603790438,0,0,0,0,-17.8099823543599,-9.68011242322244,-4.90716377936307e-05,0.000111182966201102,2.96546666813133,0.0083353668487254
1063,42.52,212.382563287718,11.2648290798223,-218.028305890198,-13.7049811111647,432.851021209258,0,0,0,0,-17.809557162601,-9.70349244608452,-4.90717432290522e-05,0.00011118282447742,2.99115904946684,0.008334353471739
1064,42.56,212.373736688798,11.2563801038847,-218.042371958625,-13.7046540947999,432.864382638338,0,0,0,0,-17.8091315186956,-9.72679306176273,-4.90718481261851e-05,0.000111182682599052,3.01664145260484,0.00833334065592012
1065,42.6,212.364938199737,11.2479576904318,-218.056380315495,-13.7043267431594,432.87768756796,0,0,0,0,-17.8087054415667,-9.75001313883254,-4.90719524853794e-05,0.00011118254056107,3.04191229156812,0.00833232865935143
1066,42.64,212.356168197173,11.2395620417609,-218.070330266554,-13.7039990707624,432.890935492728,0,0,0,0,-17.808278950118,-9.77315150896134,-4.90720563081933e-05,0.000111182398359046,3.06696999509951,0.00833131773968825
1067,42.68,212.347427076682,11.2311933793856,-218.084221122117,-13.7036710921129,432.904125911526,0,0,0,0,-17.8078520632329,-9.79620701331367,-4.90721595965786e-05,0.000111182255988386,3.09181300676625,0.00833030815408388
1068,42.72,212.338715218363,11.2228519096715,-218.098052197086,-13.7033428216994,432.917258327477,0,0,0,0,-17.8074247997745,-9.81917854310707,-4.90722623535629e-05,0.000111182113445375,3.11643978506125,0.00832930015911517
1069,42.76,212.330032961442,11.2145377984868,-218.111822810968,-13.7030142739945,432.930332247918,0,0,0,0,-17.8069971785851,-9.84206506869053,-4.90723645827684e-05,0.000111181970726143,3.14084880350073,0.00832829401070859
1070,42.8,212.321380591302,11.206251158288,-218.125532287915,-13.7026854634541,432.943347184383,0,0,0,0,-17.8065692184851,-9.86486565295533,-4.90724662889825e-05,0.000111181827826982,3.16503855071793,0.008327289964067
1071,42.84,212.312758340846,11.1979920495313,-218.139179956761,-13.7023564045176,432.956302652593,0,0,0,0,-17.8061409382732,-9.88757944685863,-4.90725674772659e-05,0.000111181684744919,3.18900753055311,0.00832628827359732
1072,42.88,212.304166406269,11.1897604964886,-218.152765151071,-13.7020271116067,432.969198172458,0,0,0,0,-17.8057123567249,-9.91020566716022,-4.90726681541921e-05,0.000111181541476736,3.21275426213988,0.00832528919283922
1073,42.92,212.295604975348,11.1815565155946,-218.166287209208,-13.7016975991254,432.982033268086,0,0,0,0,-17.8052834925927,-9.93274355881752,-4.90727683264304e-05,0.000111181398019042,3.23627727998885,0.0083242929743946
1074,42.96,212.28707426456,11.1733801526072,-218.179745474386,-13.7013678814594,432.994807467798,0,0,0,0,-17.8048543646048,-9.95519234654177,-4.90728680016742e-05,0.000111181254369129,3.25957513406915,0.00832329986985788
1075,43,212.278574559822,11.1652315233956,-218.193139294742,-13.7010379729755,433.007520304144,0,0,0,0,-17.8044249914648,-9.97755118167256,-4.90729671875302e-05,0.000111181110524041,3.28264638988867,0.00832231012974705
1076,43.04,212.270106254856,11.1571108523562,-218.206468023394,-13.7007078880214,433.020171313916,0,0,0,0,-17.8039953918513,-9.99981909136062,-4.90730658931469e-05,0.00011118096648106,3.3054896285742,0.00832132400343569
1077,43.08,212.261669881207,11.1490185024769,-218.219731018507,-13.7003776409255,433.032760038162,0,0,0,0,-17.8035655844175,-10.0219949371994,-4.9073164127395e-05,0.000111180822237269,3.32810344695188,0.0083203417390861
1078,43.12,212.25326612479,11.1409549919354,-218.232927643343,-13.7000472459965,433.045286022194,0,0,0,0,-17.803135587791,-10.0440773896264,-4.90732618995939e-05,0.000111180677790066,3.35048645762888,0.00831936358358375
1079,43.16,212.244895825428,11.1329209936773,-218.246057266312,-13.6997167175235,433.057748815585,0,0,0,0,-17.8027054205734,-10.0660649229042,-4.90733592195558e-05,0.000111180533136173,3.37263728907647,0.00831838978247286
1080,43.2,212.236559957775,11.1249173164004,-218.25911926101,-13.6993860697755,433.07014797216,0,0,0,0,-17.8022751013403,-10.0879558332841,-4.90734560976206e-05,0.00011118038827283,3.39455458571469,0.00831742057989304
1081,43.24,212.228259594196,11.1169448674716,-218.272113006251,-13.6990553170022,433.082483049978,0,0,0,0,-17.8018446486417,-10.1097482804034,-4.90735525438769e-05,0.000111180243197054,3.41623700799829,0.00831645621851665
1082,43.28,212.219995852082,11.1090046002991,-218.285037886097,-13.6987244734329,433.094753611313,0,0,0,0,-17.8014140810011,-10.1314403492921,-4.90736485691389e-05,0.000111180097905524,3.43768323250346,0.00831549693948679
1083,43.32,212.211769829888,11.101097450415,-218.297893289867,-13.6983935532776,433.106959222618,0,0,0,0,-17.8009834169166,-10.153030127874,-4.90737441845937e-05,0.000111179952394924,3.4588919520147,0.008314542982356
1084,43.36,212.203582537531,11.0932242659274,-218.310678612165,-13.6980625707262,433.119099454495,0,0,0,0,-17.8005526748598,-10.1745157928565,-4.90738394016281e-05,0.000111179806661893,3.47986187561092,0.00831359458502555
1085,43.4,212.195434827787,11.0853857389612,-218.323393252887,-13.6977315399488,433.131173881661,0,0,0,0,-17.8001218732768,-10.1958956955343,-4.90739342320629e-05,0.000111179660703086,3.50059172874992,0.00831265198368563
1086,43.44,212.18732733569,11.0775823451102,-218.336036617239,-13.6974004750955,433.143182082915,0,0,0,0,-17.7996910305871,-10.2171684385901,-4.9074028687934e-05,0.000111179514514681,3.52108025335042,0.00831171541275631
1087,43.48,212.179260432648,11.069814297595,-218.348608115754,-13.6970693902967,433.155123641104,0,0,0,0,-17.7992601651844,-10.238332935444,-4.90741227820771e-05,0.000111179368093095,3.54132620787116,0.00831078510482912
1088,43.52,212.171234200815,11.0620815216872,-218.361107164312,-13.696738299662,433.166998143102,0,0,0,0,-17.7988292954353,-10.2593884451333,-4.90742165270493e-05,0.00011117922143519,3.56132836738643,0.00830986129060932
1089,43.56,212.163248431399,11.054383653059,-218.373533184171,-13.6964072172809,433.178805179791,0,0,0,0,-17.79839843968,-10.2803345779825,-4.9074309936886e-05,0.000111179074537447,3.58108552365816,0.00830894419885873
1090,43.6,212.155302648099,11.0467200612708,-218.385885601997,-13.6960761572219,433.190544346047,0,0,0,0,-17.797967616231,-10.3011712701942,-4.90744030249083e-05,0.000111178927397252,3.60059648520453,0.00830803405633922
1091,43.64,212.147396154251,11.0390898969528,-218.398163849901,-13.6957451335324,433.202215240732,0,0,0,0,-17.7975368433734,-10.3218987286962,-4.90744958055938e-05,0.000111178780011848,3.61986007736561,0.00830713108775726
1092,43.68,212.139528099695,11.0314921587216,-218.410367365481,-13.695414160238,433.213817466692,0,0,0,0,-17.7971061393639,-10.3425173507652,-4.90745882938181e-05,0.00011117863237981,3.63887514236665,0.00830623551570947
1093,43.72,212.131697561349,11.0239257737943,-218.42249559186,-13.6950832513429,433.225350630758,0,0,0,0,-17.7966755224305,-10.3630276257433,-4.90746805047395e-05,0.000111178484499782,3.65764053937995,0.0083053475606295
1094,43.76,212.123903629985,11.0163896848048,-218.43454797773,-13.6947524208285,433.236814343738,0,0,0,0,-17.7962450107721,-10.3834300282694,-4.90747724538398e-05,0.000111178336371394,3.67615514458608,0.00830446744073611
1095,43.8,212.116145494963,11.008882934584,-218.446523977386,-13.6944216826541,433.248208220419,0,0,0,0,-17.795814622558,-10.403724913642,-4.90748641570853e-05,0.000111178187995207,3.69441785123537,0.00830359537198254
1096,43.84,212.108422518735,11.0014047406982,-218.458423050758,-13.6940910507558,433.25953187955,0,0,0,0,-17.7953843759278,-10.4239124259706,-4.90749556304779e-05,0.00011117803937201,3.71242756971044,0.00830273156800704
1097,43.88,212.100734293698,10.9939545523521,-218.470244663436,-13.693760539047,433.270784943829,0,0,0,0,-17.7949542889906,-10.4439924286453,-4.90750468908438e-05,0.000111177890503934,3.73018322759021,0.00830187624008459
1098,43.92,212.093080675621,10.9865320838478,-218.481988286681,-13.6934301614175,433.281967039871,0,0,0,0,-17.7945243798252,-10.4639644644658,-4.90751379546103e-05,0.000111177741393473,3.74768376971554,0.00830102959707988
1099,43.96,212.085461790074,10.9791373210668,-218.493653397434,-13.693099931734,433.293077798175,0,0,0,0,-17.79409466648,-10.4838277496853,-4.90752288385772e-05,0.000111177592043665,3.76492815825655,0.00830019184540175
1100,44,212.077878011159,10.9717705002313,-218.505239478311,-13.69276986384,433.304116853079,0,0,0,0,-17.7936651669727,-10.503581202623,-4.90753195596424e-05,0.000111177442457967,3.78191537278094,0.00829936318895874
1101,44.04,212.070329914802,10.9644320612459,-218.516746017596,-13.6924399715553,433.315083842707,0,0,0,0,-17.7932358992903,-10.523223503746,-4.90754101349426e-05,0.000111177292640235,3.79864441032285,0.00829854382911585
1102,44.08,212.062818211875,10.9571225808619,-218.528172509226,-13.6921102686765,433.325978408916,0,0,0,0,-17.7928068813894,-10.5427531806174,-4.90755005818095e-05,0.0001111771425947,3.81511428545124,0.00829773396465227
1103,44.12,212.055343668853,10.9498426933682,-218.539518452778,-13.6917807689771,433.336800197241,0,0,0,0,-17.7923781311961,-10.5621687082413,-4.90755909177014e-05,0.0001111769923258,3.83132403033685,0.00829693379171986
1104,44.16,212.047907025313,10.942593008136,-218.550783353455,-13.6914514862072,433.347548856839,0,0,0,0,-17.7919496666059,-10.5814686134715,-4.90756811604155e-05,0.000111176841837487,3.84727269481665,0.00829614350380238
1105,44.2,212.040508918143,10.9353740338701,-218.561966722081,-13.6911224340937,433.358224040448,0,0,0,0,-17.7915215054841,-10.6006515714606,-4.90757713275748e-05,0.000111176691133874,3.86295934645505,0.00829536329167555
1106,44.24,212.033149821657,10.9281861187575,-218.573068075103,-13.6907936263403,433.368825404343,0,0,0,0,-17.7910936656655,-10.6197164828006,-4.90758614375238e-05,0.000111176540219267,3.87838307060102,0.00829459334336786
1107,44.28,212.025830011042,10.9210294139521,-218.584086934599,-13.6904650766275,433.379352608317,0,0,0,0,-17.7906661649545,-10.6386625219471,-4.9075951508372e-05,0.00011117638909763,3.89354297044078,0.00829383384412229
1108,44.32,212.018549553982,10.9139038652402,-218.595022828307,-13.6901367986123,433.389805315661,0,0,0,0,-17.7902390211247,-10.6574891505746,-4.90760415589098e-05,0.000111176237772749,3.90843816704594,0.00829308497635875
1109,44.36,212.011308332223,10.9068092346381,-218.605875289655,-13.6898088059286,433.400183193169,0,0,0,0,-17.7898122519193,-10.6761960932418,-4.90761316078067e-05,0.000111176086248041,3.92306779941731,0.00829234691963723
1110,44.4,212.00410609157,10.8997451504213,-218.616643857808,-13.6894811121862,433.410485911142,0,0,0,0,-17.7893858750502,-10.6947832769298,-4.9076221673704e-05,0.000111175934526611,3.93743102452506,0.00829161985062171
1111,44.44,211.996942515703,10.8927111809786,-218.627328077717,-13.6891537309713,433.420713143413,0,0,0,0,-17.7889599081982,-10.7132507400219,-4.90763117754766e-05,0.000111175782611349,3.95152701734585,0.00829090394304484
1112,44.48,211.989817316516,10.8857069251771,-218.637927500181,-13.6888266758458,433.430864567366,0,0,0,0,-17.7885343690124,-10.7315985198331,-4.90764019319798e-05,0.000111175630505195,3.96535497089808,0.00829019936767373
1113,44.52,211.982730331565,10.8787321098475,-218.648441681905,-13.6884999603471,433.44093986397,0,0,0,0,-17.7881092751097,-10.7498265304545,-4.90764921618765e-05,0.000111175478210523,3.97891409627628,0.00828950629227686
1114,44.56,211.975681618032,10.8717866837759,-218.658870185557,-13.688173597988,433.450938717801,0,0,0,0,-17.7876846440747,-10.7679344441254,-4.90765824839863e-05,0.000111175325729635,3.99220362268544,0.00828882488159226
1115,44.6,211.968671532387,10.8648708973997,-218.669212579826,-13.687847602256,433.460860817069,0,0,0,0,-17.7872604934592,-10.7859215894704,-4.90766729166012e-05,0.000111175173064715,4.00522279747639,0.00828815529729696
1116,44.64,211.961700785911,10.8579853583591,-218.679468439469,-13.6875219866135,433.470705853634,0,0,0,0,-17.7868368407818,-10.8037868786823,-4.90767634778434e-05,0.000111175020217466,4.0179708861826,0.00828749769797751
1117,44.68,211.9547704683,10.8511310551309,-218.689637345345,-13.6871967644971,433.480473523012,0,0,0,0,-17.7864137035276,-10.8215287731345,-4.90768541857545e-05,0.000111174867189571,4.03044717255881,0.00828685223910171
1118,44.72,211.947882034577,10.8443093439714,-218.699718884449,-13.6868719493178,433.490163524372,0,0,0,0,-17.7859910991477,-10.8391452933855,-4.9076945057765e-05,0.000111174713982656,4.04265095862166,0.00828621907299155
1119,44.76,211.941037254154,10.837521898012,-218.70971264992,-13.6865475544602,433.499775560523,0,0,0,0,-17.7855690450594,-10.8566340751802,-4.90770361117297e-05,0.000111174560597733,4.05458156469174,0.0082855983487973
1120,44.8,211.934238124721,10.8307706211746,-218.719618241058,-13.6862235932832,433.509309337887,0,0,0,0,-17.7851475586456,-10.8739924684901,-4.90771273642852e-05,0.000111174407035539,4.06623832943684,0.00828499021247305
1121,44.84,211.927486757244,10.8240575332006,-218.729435263311,-13.6859000791193,433.518764566473,0,0,0,0,-17.7847266572551,-10.8912176721499,-4.90772188323422e-05,0.000111174253296144,4.07762060991529,0.00828439480675339
1122,44.88,211.920785241427,10.8173846351425,-218.739163328276,-13.6855770252745,433.528140959834,0,0,0,0,-17.7843063582019,-10.9083068928328,-4.90773105318487e-05,0.000111174099379136,4.08872778161878,0.00828381227113124
1123,44.92,211.91413550322,10.8107537669004,-218.748802053683,-13.6852544450288,433.537438235031,0,0,0,0,-17.7838866787658,-10.9252575142135,-4.90774024794725e-05,0.000111173945283879,4.09955923851336,0.00828324274183641
1124,44.96,211.907539167173,10.8041664696037,-218.758351063387,-13.6849323516357,433.546656112592,0,0,0,0,-17.7834676361921,-10.9420672606696,-4.90774946908024e-05,0.000111173791008529,4.11011439307795,0.00828268635181504
1125,45,211.900997436563,10.7976238657655,-218.767809987361,-13.6846107583223,433.555794316481,0,0,0,0,-17.7830492476913,-10.9587343397889,-4.90775871815352e-05,0.000111173636551252,4.12039267633947,0.00828214323070962
1126,45.04,211.894511003203,10.7911265691145,-218.777178461691,-13.6842896782891,433.564852574069,0,0,0,0,-17.7826315304395,-10.975257549399,-4.9077679966957e-05,0.000111173481909421,4.13039353790392,0.00828161350483977
1127,45.08,211.888079996682,10.7846746338626,-218.786456128585,-13.6839691247105,433.573830616115,0,0,0,0,-17.782214501578,-10.9916363377307,-4.90777730623937e-05,0.000111173327080199,4.14011644598343,0.00828109729718386
1128,45.12,211.881703979593,10.7782675499544,-218.795642636388,-13.683649110734,433.58272817676,0,0,0,0,-17.7817981782135,-11.0078708093284,-4.90778664828439e-05,0.000111173172060096,4.14956088741892,0.00828059472736131
1129,45.16,211.875381991223,10.7719042867782,-218.804737639606,-13.6833296494803,433.591544993531,0,0,0,0,-17.7813825774173,-11.0239616743269,-4.9077960243177e-05,0.000111173016846236,4.15872636769904,0.00828010591161563
1130,45.2,211.86911263759,10.7655833832246,-218.813740798943,-13.6830107540436,433.600280807351,0,0,0,0,-17.7809677162258,-11.0399101440312,-4.90780543583235e-05,0.000111172861434832,4.16761241097567,0.00827963096279802
1131,45.24,211.862894221067,10.7593030773311,-218.822651781335,-13.6826924374904,433.608935362561,0,0,0,0,-17.7805536116396,-11.0557177810801,-4.90781488427937e-05,0.000111172705822685,4.17621856007704,0.00827916999035142
1132,45.28,211.856724898676,10.7530614645925,-218.831470260003,-13.68237471286,433.617508406946,0,0,0,0,-17.7801402806236,-11.0713863170742,-4.90782437109846e-05,0.000111172550006701,4.18454437651918,0.00827872310029524
1133,45.32,211.850602854944,10.7468566708373,-218.84019591449,-13.6820575931642,433.625999691761,0,0,0,0,-17.7797277401062,-11.0869174540622,-4.9078338977107e-05,0.000111172393983823,4.19258944051689,0.00827829039521081
1134,45.36,211.844526473405,10.7406870237445,-218.848828430707,-13.6817410913861,433.634408971754,0,0,0,0,-17.779316006979,-11.1023126682273,-4.90784346549053e-05,0.000111172237751511,4.20035335099503,0.00827787197422778
1135,45.4,211.838494490544,10.7345512068086,-218.857367500971,-13.6814252204809,433.642736005188,0,0,0,0,-17.7789050980964,-11.1175730343023,-4.90785307579357e-05,0.000111172081307137,4.20783572560104,0.00827746793301158
1136,45.44,211.832506117308,10.7284483808624,-218.865812824027,-13.6811099933745,433.650980553848,0,0,0,0,-17.778495030275,-11.1326990876492,-4.90786272993614e-05,0.000111171924648646,4.21503620071925,0.00827707836375189
1137,45.48,211.826561116051,10.7223782610411,-218.874164105065,-13.6807954229638,433.659142383039,0,0,0,0,-17.7780858202932,-11.1476907376844,-4.9078724291803e-05,0.000111171767774178,4.22195443148727,0.00827670335515207
1138,45.52,211.820659824798,10.7163411410614,-218.882421055723,-13.6804815221162,433.667221261576,0,0,0,0,-17.7776774848906,-11.1625472416453,-4.90788217472328e-05,0.000111171610681629,4.22859009181443,0.0082763429924195
1139,45.56,211.814803125588,10.7103378615817,-218.890583394077,-13.6801683036689,433.675216961752,0,0,0,0,-17.7772700407679,-11.1772672420312,-4.90789196775566e-05,0.000111171453369002,4.2349428744019,0.00827599735725685
1140,45.6,211.808992359026,10.7043697247643,-218.898650844617,-13.6798557804292,433.683129259307,0,0,0,0,-17.7768635045859,-11.191848864906,-4.90790180940182e-05,0.000111171295834948,4.24101249076385,0.00827566652785437
1141,45.64,211.803229192484,10.6984383624974,-218.90662313822,-13.6795439651737,433.69095793338,0,0,0,0,-17.776457892966,-11.2062898702499,-4.90791170076115e-05,0.000111171138076853,4.24679867124881,0.0082753505788833
1142,45.68,211.797515454236,10.692545570537,-218.914500012112,-13.6792328706484,433.69870276646,0,0,0,0,-17.7760532224889,-11.2205878401975,-4.90792164285998e-05,0.00011117098009279,4.25230116506006,0.00827504958149041
1143,45.72,211.791852949535,10.6866931246004,-218.92228120983,-13.6789225095684,433.706363544333,0,0,0,0,-17.7756495096954,-11.2347403869945,-4.90793163672154e-05,0.000111170821880066,4.25751974027415,0.00827476360329348
1144,45.76,211.786243276982,10.6808825967483,-218.929966481188,-13.6786128946177,433.713940056039,0,0,0,0,-17.7752467710853,-11.2487453601016,-4.9079416833514e-05,0.000111170663435895,4.2624541838564,0.00827449270837761
1145,45.8,211.780687664069,10.6751151909345,-218.937555582246,-13.6783040384491,433.72143209383,0,0,0,0,-17.7748450231177,-11.2626010314994,-4.90795178369779e-05,0.000111170504756743,4.26710430167253,0.00827423695729221
1146,45.84,211.775186839382,10.6693916152236,-218.945048275296,-13.6779959536841,433.728839453139,0,0,0,0,-17.7744442822107,-11.276306239919,-4.90796193873446e-05,0.000111170345838487,4.27146991849591,0.00827399640704849
1147,45.88,211.769740955776,10.6637120049679,-218.952444328845,-13.6776886529125,433.736161932566,0,0,0,0,-17.774044564741,-11.2898604783677,-4.90797214933567e-05,0.000111170186676682,4.27555087800985,0.00827377111111757
1148,45.92,211.764349574047,10.6580759064957,-218.959743517636,-13.6773821486926,433.743399333879,0,0,0,0,-17.773645887044,-11.3032639146049,-4.90798241644906e-05,0.000111170027266412,4.27934704280516,0.00827356111942921
1149,45.96,211.759011710907,10.6524823250851,-218.966945622654,-13.6770764535505,433.750551462026,0,0,0,0,-17.7732482654132,-11.316517340568,-4.90799274095398e-05,0.000111169867602297,4.28285829437317,0.00827336647837122
1150,46,211.753725948793,10.6469298347823,-218.974050431173,-13.6767715799804,433.757618125164,0,0,0,0,-17.7728517161002,-11.3296220536418,-4.90800312369537e-05,0.000111169707678176,4.28608453309479,0.00827318723078938
1151,46.04,211.748490599035,10.6414167415717,-218.981057736792,-13.6764675404439,433.764599134699,0,0,0,0,-17.772456255314,-11.3425796792581,-4.90801356552397e-05,0.000111169547487786,4.28902567822665,0.00827302341598782
1152,46.08,211.743303904531,10.6359412860559,-218.987967339488,-13.6761643473699,433.771494305333,0,0,0,0,-17.7720618992209,-11.3553919501613,-4.90802406718358e-05,0.00011116938702453,4.29168166788506,0.00827287506972981
1153,46.12,211.73816426392,10.6305018676324,-218.994779045678,-13.6758620131542,433.77830345512,0,0,0,0,-17.7716686639436,-11.3680604621732,-4.90803462946809e-05,0.000111169226281244,4.29405245902915,0.00827274222423877
1154,46.16,211.733070456617,10.6250972695249,-219.001492668264,-13.6755605501587,433.785026405515,0,0,0,0,-17.771276565561,-11.3805864289769,-4.90804525304927e-05,0.000111169065250835,4.29613802744397,0.00827262490819985
1155,46.2,211.728021847236,10.6197268632136,-219.008108026692,-13.6752599707114,433.791662981425,0,0,0,0,-17.7708856201075,-11.392970459204,-4.90805593862257e-05,0.000111168903925716,4.29793836772463,0.00827252314676205
1156,46.24,211.723018549113,10.6143907719599,-219.01462494699,-13.6749602871057,433.79821301125,0,0,0,0,-17.770495843572,-11.4052123776147,-4.9080666867641e-05,0.000111168742298476,4.29945349326197,0.00827243696154114
1157,46.28,211.718061529682,10.6090899761712,-219.021043261802,-13.6746615115999,433.804676326912,0,0,0,0,-17.7701072518979,-11.4173111087157,-4.90807749804586e-05,0.000111168580361199,4.30068343623037,0.00827236637062338
1158,46.32,211.713152645149,10.6038263480891,-219.027362810403,-13.6743636564166,433.81105276388,0,0,0,0,-17.7697198609815,-11.4292646359696,-4.90808837291922e-05,0.000111168418105561,4.30162824757762,0.00827231138856994
1159,46.36,211.708294598005,10.5986026092884,-219.03358343871,-13.674066733742,433.817342161168,0,0,0,0,-17.7693336866723,-11.4410700432112,-4.90809931184644e-05,0.000111168255523503,4.30228799701677,0.00827227202642195
1160,46.4,211.703490817587,10.5934222112468,-219.039704999265,-13.6737707557259,433.823544361332,0,0,0,0,-17.7689487447714,-11.4527236377362,-4.90811031516725e-05,0.000111168092606061,4.30266277301944,0.00827224829170618
1161,46.44,211.698745270935,10.5882891461879,-219.045727351224,-13.6734757344807,433.829659210452,0,0,0,0,-17.7685650510314,-11.4642211471876,-4.90812138320505e-05,0.00011116792934421,4.30275268280996,0.00827224018844144
1162,46.48,211.694062217605,10.5832077019016,-219.051650360318,-13.6731816820812,433.835686558103,0,0,0,0,-17.7681826211556,-11.475557975631,-4.90813251618547e-05,0.000111167765728467,4.30255785235929,0.00827224771714568
1163,46.52,211.689445927645,10.5781821797085,-219.057473898823,-13.6728886105638,433.841626257324,0,0,0,0,-17.7678014707976,-11.4867294985571,-4.90814371430172e-05,0.000111167601748582,4.30207842637796,0.00827227087484401
1164,46.56,211.684900385764,10.5732165986272,-219.063197845521,-13.6725965319265,433.847478164585,0,0,0,0,-17.7674216155604,-11.4977313726319,-4.90815497767564e-05,0.000111167437393567,4.30131456830699,0.0082723096550776
1165,46.6,211.680429006703,10.5683144107391,-219.068822085662,-13.6723054581284,433.853242139755,0,0,0,0,-17.7670430709962,-11.508559834091,-4.90816630641662e-05,0.000111167272652428,4.30026646030575,0.00827236404791331
1166,46.64,211.676034386577,10.563478252521,-219.074346510934,-13.672015401089,433.858918046079,0,0,0,0,-17.7666658526056,-11.5192119600503,-4.90817770055588e-05,0.000111167107513091,4.29893430323633,0.00827243403995398
1167,46.68,211.671718112577,10.558709754543,-219.07977101944,-13.6717263726883,433.864505750162,0,0,0,0,-17.7662899758375,-11.5296858695713,-4.90818916007922e-05,0.000111166941962931,4.29731831664356,0.00827251961434919
1168,46.72,211.667480649072,10.5540094275598,-219.085095515689,-13.6714383847661,433.870005121967,0,0,0,0,-17.7659154560883,-11.5399808459316,-4.90820068497222e-05,0.000111166775988757,4.29541873873071,0.00827262075080654
1169,46.76,211.6633213121,10.5493766369917,-219.090319910596,-13.6711514491217,433.875416034827,0,0,0,0,-17.7655423087016,-11.5500973678265,-4.9082122751752e-05,0.000111166609577429,4.29323582633074,0.00827273742560339
1170,46.8,211.659238336972,10.5448096705188,-219.095444121499,-13.6708655775134,433.880738365465,0,0,0,0,-17.7651705489674,-11.5600370447442,-4.90822393058359e-05,0.00011116644271475,4.29076985487344,0.00827286961159907
1171,46.84,211.655229035761,10.5403058955607,-219.100468072181,-13.6705807816584,433.88597199404,0,0,0,0,-17.764800192122,-11.5698024598375,-4.9082356511196e-05,0.000111166275386952,4.28802111834909,0.00827301727824771
1172,46.88,211.651290033501,10.5358619954592,-219.105391692911,-13.6702970732319,433.891116804185,0,0,0,0,-17.7644312533469,-11.5793969317152,-4.90824743662823e-05,0.000111166107579856,4.28498992926936,0.00827318039161149
1173,46.92,211.647417564668,10.5314742659491,-219.110214920484,-13.6700144638668,433.89617268307,0,0,0,0,-17.7640637477682,-11.5888242138422,-4.90825928696407e-05,0.000111165939279392,4.28167661862636,0.00827335891437425
1174,46.96,211.643607805719,10.5271389476851,-219.11493769827,-13.6697329651532,433.901139521458,0,0,0,0,-17.7636976904563,-11.5980881561035,-4.90827120192756e-05,0.000111165770472181,4.27808153585082,0.00827355280585534
1175,47,211.639857215659,10.5228525667881,-219.119559976255,-13.6694525886373,433.906017213763,0,0,0,0,-17.7633330964244,-11.6071923568672,-4.90828318124417e-05,0.000111165601144483,4.27420504877043,0.00827376202202387
1176,47.04,211.636162855162,10.5186122539583,-219.124081711081,-13.6691733458216,433.910805658106,0,0,0,0,-17.7629699806283,-11.6161398353504,-4.90829522471707e-05,0.000111165431283423,4.27004754356908,0.00827398651551319
1177,47.08,211.632522655998,10.5144160138812,-219.128502866078,-13.6688952481634,433.915504756359,0,0,0,0,-17.7626083579649,-11.6249327528556,-4.90830733198708e-05,0.000111165260876337,4.2656094247478,0.0082742262356358
1178,47.12,211.628935616185,10.5102629203628,-219.132823411279,-13.6686183070743,433.920114414175,0,0,0,0,-17.7622482432718,-11.6335722077593,-4.9083195026561e-05,0.000111165089910899,4.26089111508774,0.00827448112839868
1179,47.16,211.625401902298,10.5061532186225,-219.137043323421,-13.6683425339197,433.924634541016,0,0,0,0,-17.7618896513258,-11.6420581231235,-4.9083317363439e-05,0.000111164918375453,4.25589305561546,0.00827475113651906
1180,47.2,211.62192284814,10.5020883239462,-219.141162585936,-13.6680679400179,433.929065050148,0,0,0,0,-17.7615325968426,-11.6503892380318,-4.90834403255185e-05,0.000111164746258046,4.2506157055703,0.00827503619944058
1181,47.24,211.618500847875,10.4980707147961,-219.14518118892,-13.6677945366392,433.933405858638,0,0,0,0,-17.7611770944749,-11.6585632049043,-4.90835639073737e-05,0.000111164573547396,4.24505954237343,0.00827533625334993
1182,47.28,211.615139150944,10.4941037277095,-219.14909912909,-13.6675223350052,433.93765688733,0,0,0,0,-17.7608231588123,-11.6665767858699,-4.90836881030253e-05,0.000111164400231908,4.23922506159806,0.00827565123119393
1183,47.32,211.611841574888,10.4901912701035,-219.152916409737,-13.6672513462882,433.941818060809,0,0,0,0,-17.7604708043799,-11.6744261325597,-4.90838129063833e-05,0.000111164226300441,4.23311277693963,0.00827598106269727
1184,47.36,211.608612159796,10.486337474695,-219.15663304066,-13.6669815816107,433.945889307372,0,0,0,0,-17.7601200456373,-11.6821071261874,-4.90839383100844e-05,0.000111164051741123,4.22672322018535,0.00827632567438082
1185,47.4,211.60545479382,10.4825463249982,-219.160249038112,-13.666713052044,433.949870558977,0,0,0,0,-17.7597708969782,-11.6896157490603,-4.90840643072034e-05,0.000111163876542437,4.22005694118184,0.00827668498958045
1186,47.44,211.602372842601,10.4788212847282,-219.163764424732,-13.6664457686085,433.953761751214,0,0,0,0,-17.7594233727291,-11.6969484552845,-4.90841908903427e-05,0.000111163700692375,4.21311450780003,0.00827705892846649
1187,47.48,211.599368816032,10.475164964536,-219.167179229502,-13.6661797422723,433.957562823271,0,0,0,0,-17.7590774871488,-11.7041025077755,-4.90843180516335e-05,0.000111163524178611,4.20589650589644,0.00827744740806359
1188,47.52,211.596444103399,10.4715788571301,-219.170493487696,-13.665914983951,433.961273717916,0,0,0,0,-17.7587332544272,-11.7110762508249,-4.90844457827554e-05,0.000111163346988618,4.19840353927023,0.00827785034227121
1189,47.56,211.593598802742,10.4680631666117,-219.173707240854,-13.6656515045069,433.964894381491,0,0,0,0,-17.7583906886849,-11.7178692924831,-4.90845740763829e-05,0.000111163169109425,4.19063622961579,0.00827826764188458
1190,47.6,211.590831662563,10.4646167501556,-219.176820536768,-13.6653893147486,433.968424763925,0,0,0,0,-17.7580498039725,-11.7244825783666,-4.90847029237181e-05,0.000111162990528356,4.1825952164705,0.00827869921461644
1191,47.64,211.588140144512,10.4612371806702,-219.179833429485,-13.6651284254302,433.971864818757,0,0,0,0,-17.7577106142694,-11.7309183476277,-4.90848323163313e-05,0.000111162811231686,4.17428115715828,0.0082791449651193
1192,47.68,211.585520605236,10.4579209286257,-219.182745979321,-13.6648688472507,433.975214503182,0,0,0,0,-17.7573731334831,-11.737179971942,-4.90849622459869e-05,0.000111162631206434,4.16569472672906,0.00827960479500821
1193,47.72,211.582968585125,10.4546636507652,-219.18555825289,-13.6646105908536,433.978473778103,0,0,0,0,-17.7570373754487,-11.7432716884791,-4.90850927039999e-05,0.000111162450438755,4.15683661789507,0.00828007860288385
1194,47.76,211.580479182091,10.4514605638607,-219.188270323146,-13.6643536668258,433.981642608202,0,0,0,0,-17.7567033539275,-11.7491982471338,-4.90852236810625e-05,0.000111162268915044,4.14770754096487,0.00828056628435587
1195,47.8,211.578047480783,10.4483068738968,-219.190882269426,-13.6640980856971,433.984720962009,0,0,0,0,-17.7563710826064,-11.7549644998718,-4.90853551683628e-05,0.000111162086622027,4.13830822377593,0.00828106773206636
1196,47.84,211.57566900231,10.4451982257679,-219.193394177495,-13.6638438579393,433.987708811977,0,0,0,0,-17.7560405750967,-11.760574965289,-4.90854871561936e-05,0.000111161903546022,4.12863941162676,0.00828158283571374
1197,47.88,211.57334013721,10.4421311362128,-219.195806139594,-13.6635909939656,433.990606134557,0,0,0,0,-17.7557118449332,-11.7660334039821,-4.90856196346511e-05,0.000111161719673888,4.11870186720971,0.00828211148207695
1198,47.92,211.571058525112,10.4391033734499,-219.198118254474,-13.6633395041294,433.993412910266,0,0,0,0,-17.7553849055727,-11.7713424398765,-4.9085752593655e-05,0.000111161534992304,4.10849637054477,0.00828265355504011
1199,47.96,211.568823348297,10.4361142507018,-219.200330627421,-13.6630893987237,433.99612912374,0,0,0,0,-17.7550597703933,-11.7765032594449,-4.90858860223966e-05,0.000111161349488261,4.09802371891529,0.00828320893561742
1200,48,211.566635512707,10.433164807176,-219.202443370273,-13.6628406879802,433.998754763783,0,0,0,0,-17.7547364526931,-11.7815154149816,-4.90860199094423e-05,0.000111161163148911,4.08728472680574,0.00828377750197812
1201,48.04,211.564497698539,10.4302578586234,-219.204456601413,-13.6625933820679,434.001289823397,0,0,0,0,-17.7544149656887,-11.7863767502826,-4.9086154243253e-05,0.000111160975961582,4.07628022584154,0.00828435912947148
1202,48.08,211.562414272676,10.4273979097325,-219.206370445758,-13.6623474910929,434.003734299794,0,0,0,0,-17.7540953225143,-11.7910834576822,-4.90862890117194e-05,0.000111160787913765,4.06501106473078,0.00828495369065173
1203,48.12,211.5603910662,10.4245909316125,-219.208185034722,-13.6621030250969,434.006088194406,0,0,0,0,-17.7537775362205,-11.7956302651785,-4.9086424202099e-05,0.000111160598992845,4.05347810920745,0.00828556105530321
1204,48.16,211.55843503125,10.4218440186113,-219.209900506176,-13.6618599940564,434.008351512871,0,0,0,0,-17.7534616197729,-11.8000107419803,-4.9086559801135e-05,0.000111160409186544,4.04168224197539,0.00828618109046592
1205,48.2,211.556553801529,10.4191649487881,-219.211517004391,-13.661618407882,434.010524265013,0,0,0,0,-17.7531475860508,-11.8042177012178,-4.90866957950267e-05,0.000111160218482053,4.02962436265229,0.00828681366046172
1206,48.24,211.554755189033,10.4165616806074,-219.213034679981,-13.6613782764174,434.012606464824,0,0,0,0,-17.7528354478466,-11.8082436704281,-4.90868321699019e-05,0.000111160026866954,4.01730538771285,0.00828745862692099
1207,48.28,211.553046655288,10.4140418241324,-219.214453689839,-13.6611396094384,434.014598130433,0,0,0,0,-17.7525252178644,-11.8120813945831,-4.90869689113432e-05,0.000111159834328278,4.00472625043024,0.00828811584880979
1208,48.32,211.551434798021,10.4116121276707,-219.215774197081,-13.6609024166524,434.016499284084,0,0,0,0,-17.7522169087186,-11.8157243332889,-4.90871060042158e-05,0.000111159640852811,3.99188790081503,0.00828878518245714
1209,48.36,211.549924893694,10.4092780202562,-219.216996370987,-13.6606667076976,434.018309952122,0,0,0,0,-17.7519105329337,-11.8191671137054,-4.90872434332978e-05,0.000111159446426958,3.97879130555101,0.00828946648158264
1210,48.4,211.548520532438,10.4070432465577,-219.218120386959,-13.6604324921417,434.020030164981,0,0,0,0,-17.7516061029426,-11.8224059037253,-4.90873811833706e-05,0.000111159251036837,3.96543744792724,0.00829015959732451
1211,48.44,211.54722337526,10.4049096240404,-219.21914642649,-13.6601997794818,434.021659957192,0,0,0,0,-17.7513036310857,-11.825438675781,-4.908751923867e-05,0.000111159054668771,3.95182732776616,0.00829086437826832
1212,48.48,211.546033054084,10.402876942971,-219.220074677141,-13.6599685791435,434.023199367398,0,0,0,0,-17.7510031296103,-11.8282653398574,-4.90876575834245e-05,0.000111158857307947,3.93796196134767,0.00829158067047661
1213,48.52,211.544947224228,10.4009430188557,-219.22090533254,-13.6597389004799,434.024648438392,0,0,0,0,-17.7507046106694,-11.8308877341899,-4.90877962016213e-05,0.00011115865894003,3.92384238132934,0.00829230831751932
1214,48.56,211.543961767026,10.3991038950256,-219.221638592386,-13.6595107527711,434.026007217158,0,0,0,0,-17.7504080863209,-11.8333094729462,-4.90879350774357e-05,0.00011115845955029,3.9094696366631,0.00829304716050459
1215,48.6,211.543071128531,10.3973541812943,-219.222274662472,-13.6592841452233,434.027275754933,0,0,0,0,-17.7501135685262,-11.8355356611044,-4.90880741944988e-05,0.000111158259124182,3.89484479250908,0.00829379703810987
1216,48.64,211.542268769446,10.3956875038559,-219.222813754714,-13.6590590869682,434.028454107272,0,0,0,0,-17.7498210691497,-11.8375724969739,-4.90882135368178e-05,0.00011115805764702,3.87996893014727,0.00829455778661296
1217,48.68,211.54154769255,10.3940970326674,-219.22325608718,-13.6588355870621,434.029542334125,0,0,0,0,-17.7495305999575,-11.839426791622,-4.90883530881316e-05,0.000111157855104727,3.86484314688768,0.00829532923992322
1218,48.72,211.540901007444,10.3925760461508,-219.223601884134,-13.6586136544848,434.030540499912,0,0,0,0,-17.7492421726164,-11.8411054412314,-4.90884928320698e-05,0.000111157651483698,3.84946855598006,0.00829611122961324
1219,48.76,211.54032248902,10.3911184896253,-219.223851376062,-13.6583932981394,434.031448673597,0,0,0,0,-17.7489557986924,-11.8426148925228,-4.90886327519738e-05,0.00011115744677029,3.83384628652379,0.00829690358495093
1220,48.8,211.539807085926,10.3897194837236,-219.224004799705,-13.6581745268505,434.032266928757,0,0,0,0,-17.7486714896503,-11.8439606425063,-4.90887728309053e-05,0.000111157240951457,3.81797748337871,0.00829770613293218
1221,48.84,211.539351338451,10.3883757422418,-219.22406239807,-13.6579573493642,434.032995343644,0,0,0,0,-17.7483892568517,-11.8451468117841,-4.90889130517762e-05,0.000111157034015194,3.80186330707745,0.00829851869831386
1222,48.88,211.538953671662,10.3870858652225,-219.224024420441,-13.6577417743465,434.033634001228,0,0,0,0,-17.7481091115547,-11.8461758254697,-4.90890533974052e-05,0.000111156825949601,3.78550493373967,0.00829934110364657
1223,48.92,211.538614538698,10.38585048221,-219.223891122362,-13.6575278103831,434.034182989233,0,0,0,0,-17.7478310649118,-11.8470482279547,-4.90891938496988e-05,0.000111156616743708,3.76890355498829,0.00830017316930746
1224,48.96,211.538336400476,10.3846722319114,-219.223662765616,-13.6573154659775,434.034642400158,0,0,0,0,-17.7475551279692,-11.8477626476537,-4.90893343905972e-05,0.000111156406386762,3.75206037786776,0.00830101471353288
1225,49,211.538123540712,10.3835555771652,-219.223339618177,-13.6571047495509,434.035012331275,0,0,0,0,-17.7472813116658,-11.8483159164004,-4.90894750014232e-05,0.000111156194868634,3.73497662476392,0.00830186555245136
1226,49.04,211.537981728204,10.3825064671868,-219.222921954163,-13.6568956694412,434.035292884622,0,0,0,0,-17.7470096268314,-11.8487033361793,-4.90896156635123e-05,0.000111155982179731,3.71765353332513,0.00830272550011721
1227,49.08,211.537917750761,10.3815318714422,-219.222410053766,-13.6566882339015,434.035484166985,0,0,0,0,-17.7467400841861,-11.8489190743114,-4.90897563574417e-05,0.000111155768310256,3.70009235638386,0.00830359436854485
1228,49.12,211.537938855708,10.3806392201131,-219.221804203173,-13.6564824511003,434.035586289868,0,0,0,0,-17.7464726943392,-11.8489566580552,-4.9089897063884e-05,0.000111155553251172,3.6822943618781,0.0083044719677436
1229,49.16,211.538052139857,10.3798357940152,-219.221104694498,-13.6562783291198,434.035599369459,0,0,0,0,-17.7462074677878,-11.8488095315676,-4.90900377629933e-05,0.000111155336993142,3.66426083277175,0.00830535810575278
1230,49.2,211.538263936324,10.3791281113724,-219.220311825694,-13.6560758759554,434.035523526601,0,0,0,0,-17.7459444149161,-11.8484716328813,-4.90901784352504e-05,0.000111155119526847,3.64599306697312,0.00830625258867686
1231,49.24,211.538579246481,10.3785213597194,-219.219425900486,-13.6558750995152,434.035358886763,0,0,0,0,-17.7456835459944,-11.8479379464117,-4.90903190603317e-05,0.000111154900843092,3.62749237725093,0.00830715522072089
1232,49.28,211.539001262518,10.3780189184173,-219.218447228302,-13.6556760076192,434.035105580022,0,0,0,0,-17.7454248711781,-11.847204987657,-4.90904596186124e-05,0.000111154680932475,3.60876009114721,0.00830806580422625
1233,49.32,211.539531019875,10.3776220110418,-219.217376124219,-13.6554786079984,434.03476374105,0,0,0,0,-17.7451684005068,-11.8462711811747,-4.90906000901097e-05,0.000111154459785714,3.58979755088659,0.0083089841397073
1234,49.36,211.540167209531,10.3773295176198,-219.216212908921,-13.6552829082942,434.034333509126,0,0,0,0,-17.7449141439037,-11.8451371004084,-4.90907404547635e-05,0.00011115423739289,3.57060611328186,0.00830991002588873
1235,49.4,211.540906168316,10.3771379649008,-219.214957908674,-13.6550889160581,434.033815028147,0,0,0,0,-17.7446621111743,-11.8438055479629,-4.90908806928791e-05,0.000111154013744417,3.55118714963568,0.00831084325974374
1236,49.44,211.541742051913,10.3770416993082,-219.213611455314,-13.6548966387507,434.033208446669,0,0,0,0,-17.7444123120063,-11.842281466817,-4.90910207848993e-05,0.000111153788830596,3.53154204563883,0.00831178363653249
1237,49.48,211.542667180935,10.3770332329724,-219.212173886243,-13.6547060837412,434.032513917947,0,0,0,0,-17.7441647559681,-11.8405716858,-4.90911607108721e-05,0.000111153562641464,3.51167220126519,0.00831273094984091
1238,49.52,211.543672536755,10.3771037395112,-219.210645544451,-13.654517258307,434.031731600002,0,0,0,0,-17.7439194525082,-11.8386845154751,-4.90913004511832e-05,0.000111153335167442,3.49157903066417,0.00831368499161953
1239,49.56,211.544748371764,10.3772436642412,-219.209026778525,-13.6543301696326,434.03086165568,0,0,0,0,-17.7436764109547,-11.8366292222486,-4.90914399867433e-05,0.000111153106398991,3.47126396205121,0.00831464555222283
1240,49.6,211.545884889544,10.3774434043059,-219.207317942686,-13.6541448248094,434.029904252734,0,0,0,0,-17.743435640514,-11.8344154181915,-4.9091579297554e-05,0.00011115287632668,3.45072843759714,0.00831561242044915
1241,49.64,211.547072944766,10.3776940085201,-219.205519396809,-13.6539612308347,434.028859563889,0,0,0,0,-17.7431971502704,-11.8320524107387,-4.90917183641515e-05,0.000111152644941413,3.4299739133171,0.00831658538358121
1242,49.68,211.548304710807,10.3779878449424,-219.203631506446,-13.6537793946115,434.027727766922,0,0,0,0,-17.7429609491847,-11.8295485596896,-4.90918571667841e-05,0.000111152412234211,3.40900185895985,0.00831756422742726
1243,49.72,211.549574265298,10.378319186372,-219.201654642849,-13.653599322947,434.026509044722,0,0,0,0,-17.742727046094,-11.8269106884675,-4.90919956859697e-05,0.000111152178196595,3.38781375789792,0.00831854873636249
1244,49.76,211.550878049755,10.3786846699298,-219.19958918297,-13.6534210225531,434.025203585348,0,0,0,0,-17.7424954497101,-11.8241435926393,-4.90921339011536e-05,0.000111151942820684,3.36641110701931,0.00831953869337048
1245,49.8,211.552215168721,10.379083596151,-219.197435509462,-13.6532445000445,434.023811582076,0,0,0,0,-17.7422661686191,-11.8212496816332,-4.90922717926846e-05,0.000111151706098365,3.34479541662076,0.00832053388008474
1246,49.84,211.55358750566,10.3795180448268,-219.195194010653,-13.6530697619388,434.022333233426,0,0,0,0,-17.7420392112803,-11.8182287801216,-4.90924093401436e-05,0.000111151468022142,3.32296821030293,0.00832153407683034
1247,49.88,211.554999646226,10.3799927982214,-219.192865080522,-13.6528968146556,434.020768743182,0,0,0,0,-17.7418145860253,-11.8150781043666,-4.90925465224381e-05,0.000111151228584784,3.30093102486728,0.00832253906266596
1248,49.92,211.556458613394,10.3805150761577,-219.190449118647,-13.6527256645158,434.019118320399,0,0,0,0,-17.7415923010575,-11.8117924167298,-4.90926833190383e-05,0.000111150987779232,3.27868541021436,0.00832354861542643
1249,49.96,211.557973432285,10.3810941007817,-219.187946530144,-13.6525563177408,434.017382179388,0,0,0,0,-17.7413723644505,-11.8083643492964,-4.90928197086191e-05,0.000111150745598534,3.25623292924326,0.00832456251176563
1250,50,211.559554554353,10.3817405207053,-219.185357725608,-13.6523887804524,434.015560539707,0,0,0,0,-17.7411547841481,-11.8047848759178,-4.90929556699182e-05,0.000111150502035966,3.23357515775149,0.00832558052719977
1251,50.04,211.561213180441,10.3824657340115,-219.182683121027,-13.6522230586715,434.013653626129,0,0,0,0,-17.7409395679632,-11.801043901557,-4.90930911811787e-05,0.000111150257084735,3.21071368433476,0.00832660243615069
1252,50.08,211.56296052936,10.3832811567745,-219.179923137715,-13.6520591583183,434.011661668618,0,0,0,0,-17.7407267235768,-11.7971309293836,-4.90932262206388e-05,0.000111150010737843,3.18765011028606,0.00832762801198929
1253,50.12,211.564807102728,10.3841974878606,-219.177078202222,-13.6518970852111,434.0095849023,0,0,0,0,-17.7405162585381,-11.7930357601331,-4.90933607658981e-05,0.000111149762988368,3.16438604949335,0.00832865702707918
1254,50.16,211.566761997614,10.3852240215122,-219.174148746268,-13.6517368450662,434.007423567436,0,0,0,0,-17.7403081802628,-11.7887491753527,-4.90934947952862e-05,0.000111149513829228,3.14092312833523,0.00832968925282092
1255,50.2,211.568832315637,10.3863680564,-219.171135206672,-13.6515784434976,434.005177909407,0,0,0,0,-17.7401024960336,-11.7842635566907,-4.90936282861091e-05,0.000111149263252758,3.1172629855742,0.00833072445969672
1256,50.24,211.571022710874,10.3876344434869,-219.168038025293,-13.6514218860162,434.002848178697,0,0,0,0,-17.739899212999,-11.7795733974622,-4.90937612164325e-05,0.000111149011251265,3.09340727224702,0.00833176241731589
1257,50.28,211.57333510936,10.3890253054702,-219.164857648981,-13.6512671780293,434.0004346309,0,0,0,0,-17.7396983381728,-11.7746756701566,-4.90938935636609e-05,0.000111148757816745,3.06935765155208,0.00833280289446058
1258,50.32,211.575768620624,10.390539948279,-219.161594529547,-13.6511143248411,433.997937526732,0,0,0,0,-17.7394998784341,-11.7695700238288,-4.90940253057868e-05,0.000111148502940816,3.0451157987336,0.00833384565913187
1259,50.36,211.578319647658,10.392174970986,-219.158249123729,-13.6509633316512,433.995357132052,0,0,0,0,-17.7393038405263,-11.7642587974914,-4.90941564204717e-05,0.000111148246615086,3.02068340096291,0.00833489047859603
1260,50.4,211.580982186851,10.3939245656978,-219.15482189319,-13.6508142035552,433.992693717899,0,0,0,0,-17.7391102310569,-11.7587468488924,-4.90942868855737e-05,0.000111147988830695,2.99606215721696,0.00833593711943107
1261,50.44,211.583748295387,10.3957809849039,-219.151313304515,-13.6506669455438,433.989947560542,0,0,0,0,-17.7389190564973,-11.7530412111202,-4.90944166799013e-05,0.000111147729578805,2.97125377815457,0.00833698534757366
1262,50.48,211.586608691501,10.397735141686,-219.147723829211,-13.6505215625025,433.987118941529,0,0,0,0,-17.7387303231817,-11.7471506015866,-4.90945457806838e-05,0.000111147468850411,2.94625998599077,0.00833803492836665
1263,50.52,211.589553443941,10.3997772991269,-219.144053943723,-13.6503780592118,433.984208147749,0,0,0,0,-17.7385440373075,-11.7410848180019,-4.90946741668574e-05,0.000111147206636655,2.92108251437007,0.00833908562660699
1264,50.56,211.592572701424,10.4018977997231,-219.140304129445,-13.650236440346,433.981215471492,0,0,0,0,-17.7383602049341,-11.7348540634531,-4.90948018169327e-05,0.000111146942928731,2.89572310823893,0.00834013720659407
1265,50.6,211.595657410984,10.4040877836793,-219.136474872732,-13.6500967104737,433.978141210511,0,0,0,0,-17.7381788319831,-11.7284682471507,-4.90949287091398e-05,0.00011114667771815,2.87018352371827,0.00834118943217813
1266,50.64,211.598799975519,10.4063398464095,-219.132566664905,-13.6499588740568,433.974985668072,0,0,0,0,-17.7379999242373,-11.7219363088092,-4.90950548222173e-05,0.000111146410996501,2.84446552797647,0.00834224206680883
1267,50.68,211.601994805331,10.4086485900258,-219.128580002253,-13.6498229354506,433.971749153009,0,0,0,0,-17.7378234873406,-11.7152656128679,-4.90951801341535e-05,0.000111146142755571,2.81857089910326,0.00834329487358383
1268,50.72,211.60523872558,10.4110110307422,-219.124515386019,-13.6496888989031,433.96843197976,0,0,0,0,-17.7376495267973,-11.7084614542036,-4.90953046237153e-05,0.000111145872987714,2.792501425985,0.00834434761529779
1269,50.76,211.608531211035,10.4134268335778,-219.12037332238,-13.6495567685548,433.965034468392,0,0,0,0,-17.7374780479717,-11.7015267097796,-4.90954282689231e-05,0.000111145601685653,2.76625890818138,0.00834540005449168
1270,50.8,211.611874430837,10.4158983570696,-219.116154322412,-13.6494265484384,433.961556944617,0,0,0,0,-17.737309056088,-11.6944616612165,-4.90955510478882e-05,0.000111145328842481,2.73984515580383,0.00834645195350249
1271,50.84,211.615273098573,10.4184305032964,-219.111858902042,-13.6492982424783,433.957999739797,0,0,0,0,-17.7371425562292,-11.6872640020841,-4.90956729386043e-05,0.000111145054451411,2.71326198939534,0.00834750307451338
1272,50.88,211.618734136087,10.4210303816412,-219.107487581991,-13.6491718544906,433.954363190928,0,0,0,0,-17.7369785533372,-11.6799290313761,-4.90957939187033e-05,0.000111144778505781,2.68651123981173,0.00834855317960383
1273,50.92,211.622266172369,10.4237068076291,-219.103040887701,-13.6490473881824,433.950647640623,0,0,0,0,-17.7368170522122,-11.6724500219325,-4.90959139658647e-05,0.000111144500999199,2.65959474810385,0.00834960203079999
1274,50.96,211.625878910717,10.4264696700467,-219.098519349257,-13.6489248471517,433.946853437079,0,0,0,0,-17.7366580575124,-11.6648187403813,-4.90960330573723e-05,0.000111144221925836,2.6325143654003,0.00835064939012517
1275,51,211.629582407324,10.4293292094733,-219.093923501306,-13.6488042348872,433.942980934043,0,0,0,0,-17.7365015737537,-11.6570260843646,-4.90961511709393e-05,0.000111143941279505,2.6052719527903,0.00835169501965062
1276,51.04,211.633386311434,10.4322952583988,-219.089253882966,-13.6486855547682,433.939030490769,0,0,0,0,-17.7363476053094,-11.6490627941505,-4.90962682837721e-05,0.000111143659053891,2.57786938120598,0.00835273868154668
1277,51.08,211.637299120635,10.4353764964612,-219.084511037742,-13.6485688100641,433.93500247198,0,0,0,0,-17.73619615641,-11.6409201900988,-4.90963843732641e-05,0.000111143375242652,2.55030853130362,0.00835378013813429
1278,51.12,211.641327504024,10.438579773571,-219.079695513441,-13.6484540039344,433.930897247829,0,0,0,0,-17.7360472311429,-11.6325908851804,-4.90964994166726e-05,0.000111143089839262,2.52259129334339,0.00835481915193676
1279,51.16,211.645475741239,10.4419095488971,-219.074807862095,-13.6483411394287,433.926715193865,0,0,0,0,-17.7359008334523,-11.6240694232272,-4.90966133917362e-05,0.000111142802837079,2.49471956706706,0.00835585548573161
1280,51.2,211.649745316948,10.4453674853118,-219.06984863989,-13.6482302194866,433.922456691013,0,0,0,0,-17.7357569671392,-11.6153527986274,-4.90967262761637e-05,0.000111142514229261,2.4666952615734,0.00835688890260239
1281,51.24,211.654134699215,10.4489522277108,-219.064818407112,-13.6481212469373,433.918122125554,0,0,0,0,-17.7356156358611,-11.6064408212261,-4.90968380477616e-05,0.000111142224008205,2.43852029519111,0.00835791916599064
1282,51.28,211.658639317123,10.4526593805929,-219.059717728094,-13.6480142245,433.913711889124,0,0,0,0,-17.735476843132,-11.5973363006506,-4.90969486843973e-05,0.00011114193216681,2.41019659534912,0.00835894603974802
1283,51.32,211.663251739203,10.4564816864475,-219.054547171179,-13.6479091547836,433.909226378718,0,0,0,0,-17.7353405923227,-11.5880450363605,-4.90970581647397e-05,0.000111141638696876,2.38172609844442,0.00835996928818871
1284,51.36,211.667962040613,10.4604093928898,-219.049307308698,-13.6478060402866,433.904665996708,0,0,0,0,-17.7352068866601,-11.5785756126241,-4.90971664666238e-05,0.000111141343590562,2.35311074970747,0.00836098867614219
1285,51.4,211.672758334564,10.4644307840426,-219.043998716949,-13.6477048833973,433.900031150868,0,0,0,0,-17.7350757292278,-11.5689390105072,-4.90972735692701e-05,0.000111141046839289,2.32435250306573,0.00836200396900608
1286,51.44,211.677627432971,10.4685328411467,-219.038621976191,-13.647605686394,433.89532225441,0,0,0,0,-17.7349471229659,-11.5591480609686,-4.90973794512009e-05,0.000111140748434878,2.29545332100544,0.0083630149327991
1287,51.48,211.682555593292,10.4727019893567,-219.033177670634,-13.6475084514443,433.890539726014,0,0,0,0,-17.7348210706707,-11.5492167735838,-4.90974840919025e-05,0.000111140448368958,2.26641517443228,0.00836402133421407
1288,51.52,211.687529303282,10.4769248824521,-219.027666388443,-13.6474131806057,433.885683989878,0,0,0,0,-17.7346975749952,-11.5391595835527,-4.90975874702895e-05,0.000111140146632403,2.2372400425314,0.00836502294067095
1289,51.56,211.6925360531,10.4811891749034,-219.022088721728,-13.6473198758254,433.88075547575,0,0,0,0,-17.7345766384487,-11.528990565136,-4.90976895660573e-05,0.000111139843216794,2.20792991262724,0.0083660195203701
1290,51.6,211.697565044924,10.4854842314422,-219.016445266544,-13.6472285389402,433.875754618966,0,0,0,0,-17.7344582633971,-11.5187226619373,-4.90977903584015e-05,0.000111139538113435,2.1784867800437,0.0083670108423459
1291,51.64,211.702607794089,10.4898017281605,-219.010736622877,-13.6471391716767,433.870681860482,0,0,0,0,-17.7343424520624,-11.5083669834031,-4.90978898272345e-05,0.000111139231313831,2.14891264796509,0.00836799667652071
1292,51.68,211.707658582942,10.4941361063215,-219.004963394618,-13.647051775651,433.86553764689,0,0,0,0,-17.7342292065232,-11.4979322125256,-4.90979879519351e-05,0.000111138922809249,2.11920952729814,0.00836897679375905
1293,51.72,211.712714738676,10.4984848501511,-218.999126189541,-13.6469663523689,433.860322430435,0,0,0,0,-17.7341185287145,-11.4874241622916,-4.90980847124429e-05,0.000111138612591288,2.08937943653533,0.00836995096592191
1294,51.76,211.717776718724,10.502848572194,-218.993225619258,-13.6468829032259,433.855036669014,0,0,0,0,-17.7340104204275,-11.476845508462,-4.90981800881001e-05,0.000111138300651323,2.05942440161963,0.00837091896592099
1295,51.8,211.722848000682,10.5072309031955,-218.98726229917,-13.6468014295071,433.849680826163,0,0,0,0,-17.7339048833099,-11.4661957145837,-4.90982740587351e-05,0.000111137986981464,2.02934645581071,0.00837188056777289
1296,51.84,211.727934786984,10.5116381967317,-218.9812368484,-13.6467219323871,433.844255371039,0,0,0,0,-17.7338019188657,-11.4554711525742,-4.90983666038577e-05,0.00011113767157269,1.99914763955235,0.0083728355466534
1297,51.88,211.733045546732,10.5160790710075,-218.975149889732,-13.6466444129304,433.838760778387,0,0,0,0,-17.7337015284555,-11.4446654098107,-4.90984577031024e-05,0.000111137354417188,1.96883000034099,0.00837378367895202
1298,51.92,211.738190427302,10.5205638204183,-218.969002049524,-13.6465688720911,433.833197528499,0,0,0,0,-17.7336037132963,-11.4337697621639,-4.90985473352083e-05,0.000111137035505938,1.93839559259489,0.00837472474232663
1299,51.96,211.743380575693,10.5251037368619,-218.962793957628,-13.6464953107132,433.827566107173,0,0,0,0,-17.7335084744615,-11.4227737824647,-4.90986354804277e-05,0.000111136714830543,1.90784647752373,0.00837565851575848
1300,52,211.748627413876,10.529710385054,-218.956526247305,-13.6464237295307,433.821867005658,0,0,0,0,-17.7334158128817,-11.4116660460004,-4.90987221173849e-05,0.000111136392382129,1.87718472299807,0.00837658477960715
1301,52.04,211.753941913503,10.534394877198,-218.950199555137,-13.6463541291673,433.816100720609,0,0,0,0,-17.733325729344,-11.4004348891622,-4.90988072256168e-05,0.00011113606815163,1.84641240341831,0.00837750331566535
1302,52.08,211.75933391388,10.539167190922,-218.943814520938,-13.6462865101372,433.810267754033,0,0,0,0,-17.7332382244929,-11.3890691744609,-4.90988907851044e-05,0.000111135742129628,1.81553159958284,0.00837841390721363
1303,52.12,211.7648115237,10.544035570983,-218.937371787684,-13.646220872845,433.804368613245,0,0,0,0,-17.7331532988299,-11.3775590151745,-4.90989727747574e-05,0.000111135414306315,1.78454439855477,0.00837931633907498
1304,52.16,211.770380641801,10.5490060499831,-218.930872001424,-13.6461572175858,433.798403810827,0,0,0,0,-17.7330709527145,-11.3658964152977,-4.90990531745555e-05,0.000111135084671246,1.75345289352727,0.00838021039766937
1305,52.2,211.776044625213,10.5540821163899,-218.924315811227,-13.6460955445454,433.792373864595,0,0,0,0,-17.7329911863639,-11.3540757855678,-4.90991319645089e-05,0.000111134753214144,1.72225918368705,0.00838109587106853
1306,52.24,211.781804124183,10.5592645495252,-218.917703869114,-13.6460358538008,433.786279297572,0,0,0,0,-17.7329139998534,-11.3420943037175,-4.90992091246743e-05,0.000111134419923375,1.6909653740759,0.00838197254905073
1307,52.28,211.787657093692,10.5645514310532,-218.911036830013,-13.6459781453202,433.780120637971,0,0,0,0,-17.7328393931173,-11.3299520968002,-4.90992846354226e-05,0.000111134084787975,1.65957357545041,0.00838284022315554
1308,52.32,211.793598979842,10.5699383313341,-218.904315351716,-13.6459224189635,433.773898419187,0,0,0,0,-17.7327673659483,-11.3176522348076,-4.90993584772449e-05,0.000111133747795562,1.62808590413973,0.00838369868673846
1309,52.36,211.799623067724,10.5754186572624,-218.897540094847,-13.6458686744824,433.767613179791,0,0,0,0,-17.7326979179986,-11.3052005369793,-4.90994306313613e-05,0.000111133408933548,1.59650448190169,0.00838454773502519
1310,52.4,211.805720966159,10.5809841369758,-218.89071172284,-13.6458169115206,433.761265463544,0,0,0,0,-17.7326310487802,-11.2926052043647,-4.90995010785881e-05,0.000111133068189123,1.56483143577745,0.00838538716516558
1311,52.44,211.811883195302,10.5866254074309,-218.88383090191,-13.6457671296145,433.754855819395,0,0,0,0,-17.7325667576648,-11.2798763035355,-4.90995698003561e-05,0.000111132725549196,1.53306889794503,0.00838621677628742
1312,52.48,211.818099836457,10.5923326641902,-218.876898301044,-13.6457193281928,433.748384801504,0,0,0,0,-17.7325050438847,-11.2670251359658,-4.90996367784925e-05,0.000111132381000353,1.50121900557203,0.00838703636955012
1313,52.52,211.824361200101,10.5980963294106,-218.86991459198,-13.6456735065776,433.741852969248,0,0,0,0,-17.732445906533,-11.2540635348565,-4.90997019948261e-05,0.000111132034528701,1.46928390066805,0.00838784574819831
1314,52.56,211.83065846794,10.6039076938783,-218.862880449191,-13.645629663984,433.735260887237,0,0,0,0,-17.7323893445636,-11.2410031352975,-4.9099765431355e-05,0.000111131686120543,1.43726572993701,0.00838864471761548
1315,52.6,211.83698426778,10.609759491845,-218.855796549864,-13.6455877995207,433.72860912532,0,0,0,0,-17.7323353567922,-11.227854664091,-4.90998270704052e-05,0.000111131335761893,1.40516664462989,0.0083894330853774
1316,52.64,211.843333145941,10.6156463734171,-218.848663573877,-13.6455479121901,433.721898258591,0,0,0,0,-17.7322839418962,-11.2146272932472,-4.90998868945524e-05,0.000111130983438779,1.37298880039818,0.00839021066130533
1317,52.68,211.84970191013,10.6215652474024,-218.841482203765,-13.6455100008888,433.715128867382,0,0,0,0,-17.7322350984151,-11.2013280959856,-4.90999448861354e-05,0.000111130629137567,1.34073435714818,0.00839097725751894
1318,52.72,211.856089825023,10.62751547686,-218.834253124682,-13.6454740644077,433.708301537253,0,0,0,0,-17.732188824751,-11.187961636724,-4.91000010283606e-05,0.000111130272843776,1.30840547889646,0.00839173268848892
1319,52.76,211.862498652459,10.6334989192762,-218.826977024354,-13.6454401014322,433.701416858969,0,0,0,0,-17.732145119169,-11.1745297182042,-4.91000553040992e-05,0.000111129914544218,1.27600433362659,0.00839247677108947
1320,52.8,211.868932537098,10.6395198121896,-218.819654593021,-13.645408110543,433.694475428472,0,0,0,0,-17.7321039797974,-11.1610312992758,-4.91001076965699e-05,0.000111129554224708,1.24353309314703,0.00839320932465062
1321,52.84,211.875397746488,10.6455845132392,-218.812286523374,-13.6453780902154,433.687477846839,0,0,0,0,-17.732065404628,-11.1474625871627,-4.91001581886787e-05,0.000111129191871841,1.21099393295026,0.00839393017101046
1322,52.88,211.881902281948,10.6517011110211,-218.804873510487,-13.6453500388208,433.680424720235,0,0,0,0,-17.7320293915169,-11.1338172989103,-4.91002067641712e-05,0.000111128827471535,1.17838903207294,0.00839463913456717
1323,52.92,211.888455382814,10.6578789293117,-218.797416251731,-13.645323954626,433.673316659859,0,0,0,0,-17.7319959381846,-11.1200870773831,-4.91002534065381e-05,0.00011112846101056,1.14572057295695,0.00839533604233068
1324,52.96,211.895066952084,10.6641279526935,-218.789915446699,-13.6452998357942,433.666154281884,0,0,0,0,-17.7319650422166,-11.1062620387411,-4.91002980992774e-05,0.000111128092475005,1.11299074131098,0.00839602072397388
1325,53,211.901746936046,10.6704582061604,-218.782371797119,-13.645277680385,433.658938207389,0,0,0,0,-17.7319367010635,-11.0923314208413,-4.91003408264312e-05,0.000111127721850586,1.08020172597248,0.00839669301188338
1326,53.04,211.908504693609,10.67687912443,-218.774786006762,-13.6452574863551,433.651669062295,0,0,0,0,-17.7319109120422,-11.0782842951666,-4.91003815719335e-05,0.00011112734912365,1.04735571876959,0.00839735274120978
1327,53.08,211.915348393212,10.6833989488328,-218.767158781361,-13.6452392515582,433.644347477299,0,0,0,0,-17.7318876723356,-11.0641103006988,-4.91004203194578e-05,0.000111126974279345,1.01445491438267,0.00839799974991752
1328,53.12,211.922284474921,10.69002418939,-218.759490828525,-13.645222973746,433.636974087802,0,0,0,0,-17.7318669789937,-11.0498003560738,-4.91004570534946e-05,0.000111126597303362,0.981501510205319,0.00839863387883437
1329,53.16,211.929317211786,10.6967591861596,-218.751782857657,-13.6452086505681,433.629549533852,0,0,0,0,-17.7318488289341,-11.0353473064164,-4.91004917588794e-05,0.000111126218181031,0.948497706204352,0.00839925497170044
1330,53.2,211.936448398437,10.7036057978074,-218.744035579884,-13.6451962795728,433.622074460086,0,0,0,0,-17.7318332189423,-11.0207464649283,-4.91005244200133e-05,0.000111125836896546,0.91544570477876,0.00839986287521666
1331,53.24,211.943677185986,10.7105632365003,-218.736249707981,-13.6451858582073,433.614549515674,0,0,0,0,-17.7318201456723,-11.0059960154453,-4.91005550222522e-05,0.000111125453434717,0.882347710617326,0.00840045743909263
1332,53.28,211.951000072054,10.7176280579156,-218.72842595632,-13.6451773838184,433.606975354277,0,0,0,0,-17.7318096056477,-10.9910972509603,-4.91005835507627e-05,0.000111125067779556,0.849205930554896,0.00840103851609375
1333,53.32,211.958411044018,10.7247943044731,-218.720565040805,-13.6451708536529,433.599352634003,0,0,0,0,-17.7318015952617,-10.9760546343761,-4.91006099917681e-05,0.00011112467991536,0.816022573427293,0.00840160596208774
1334,53.36,211.965901862286,10.7320537885995,-218.712667678835,-13.6451662648578,433.59168201738,0,0,0,0,-17.731796110778,-10.9608756789674,-4.91006343312848e-05,0.000111124289825179,0.782799849924917,0.00840215963609056
1335,53.4,211.973462460857,10.7393964932717,-218.704734589256,-13.6451636144812,433.583964171323,0,0,0,0,-17.7317931483315,-10.9455706574417,-4.91006565561584e-05,0.000111123897492521,0.749539972445203,0.00840269940031188
1336,53.44,211.981081436166,10.7468110608535,-218.696766492329,-13.6451628994725,433.576199767114,0,0,0,0,-17.7317927039287,-10.9301521594985,-4.91006766530661e-05,0.000111123502900583,0.716245154944122,0.00840322512019994
1337,53.48,211.988746591925,10.7542853379209,-218.688764109697,-13.6451641166829,433.568389480384,0,0,0,0,-17.7317947734485,-10.914634526415,-4.91006946097322e-05,0.000111123106032191,0.68291761278698,0.00840373666448585
1338,53.52,211.996445507372,10.7618069435021,-218.680728164356,-13.645167262866,433.560533991093,0,0,0,0,-17.7317993526428,-10.8990331980998,-4.91007104141554e-05,0.000111122706870234,0.649559562598782,0.00840423390522714
1339,53.56,212.004166097441,10.7693638292337,-218.672659380627,-13.6451723346781,433.552633983512,0,0,0,0,-17.7318064371369,-10.8833640115046,-4.91007240542639e-05,0.000111122305397274,0.616173222114482,0.00840471671785054
1340,53.6,212.011897135217,10.7769448018126,-218.664558484122,-13.6451793286788,433.544690146206,0,0,0,0,-17.7318160224303,-10.8676424895718,-4.91007355187752e-05,0.000111121901595839,0.582760810029391,0.0084051849811941
1341,53.64,212.019628710936,10.7845399819774,-218.656426201719,-13.6451882413313,433.536703172009,0,0,0,0,-17.7318281038973,-10.8518831596166,-4.91007447961347e-05,0.000111121495448459,0.549324545850043,0.00840563857754856
1342,53.68,212.027352605947,10.7921411784708,-218.648263261519,-13.645199069003,433.528673757999,0,0,0,0,-17.7318426767874,-10.8360989370674,-4.91007518756242e-05,0.000111121086937256,0.515866649745764,0.00840607739269821
1343,53.72,212.035062564592,10.7997421599023,-218.640070392807,-13.6452118079659,433.520602605463,0,0,0,0,-17.7318597362262,-10.8203006055047,-4.91007567466941e-05,0.000111120676044989,0.482389342401157,0.00840650131596109
1344,53.76,212.042754452524,10.8073388130684,-218.631848326005,-13.6452264543969,433.512490419857,0,0,0,0,-17.7318792772157,-10.8044964193715,-4.91007593985047e-05,0.000111120262753917,0.448894844869655,0.0084069102402285
1345,53.8,212.05042629543,10.8149291816658,-218.623597792617,-13.6452430043786,433.504337910759,0,0,0,0,-17.7319012946349,-10.78869184824,-4.91007598208302e-05,0.000111119847046275,0.415385378428239,0.00840730406200376
1346,53.84,212.058078198685,10.8225133859368,-218.615319525168,-13.6452614538993,433.496145791816,0,0,0,0,-17.7319257832405,-10.7728894738774,-4.91007580035546e-05,0.000111119428904633,0.381863164433357,0.00840768268144014
1347,53.88,212.065712156144,10.8300934314618,-218.607014257142,-13.6452817988538,433.487914780678,0,0,0,0,-17.7319527376676,-10.7570890451039,-4.91007539364591e-05,0.000111119008311367,0.348330424178006,0.00840804600237795
1348,53.92,212.073331762094,10.837672921107,-218.598682722901,-13.6453040350439,433.479645598932,0,0,0,0,-17.73198215243,-10.7412876855562,-4.91007476097656e-05,0.000111118585249046,0.31478937874988,0.00840839393238096
1349,53.96,212.080941846062,10.8452566898287,-218.590325657615,-13.6453281581784,433.471338972027,0,0,0,0,-17.732014021921,-10.7254802404752,-4.91007390141216e-05,0.000111118159700083,0.281242248890427,0.00840872638277203
1350,54,212.088548055265,10.8528503871242,-218.58194379718,-13.6453541638741,433.462995629195,0,0,0,0,-17.7320483404142,-10.7096597419427,-4.91007281396669e-05,0.000111117731646942,0.247691254854612,0.00840904326866812
1351,54.04,212.096156411465,10.8604600338848,-218.573537878131,-13.6453820476561,433.454616303368,0,0,0,0,-17.7320851020637,-10.6938179629988,-4.91007149774588e-05,0.000111117301071944,0.214138616271156,0.00840934450901449
1352,54.08,212.103772870737,10.8680915821635,-218.565108637562,-13.6454118049582,433.446201731094,0,0,0,0,-17.732124300905,-10.6779460264651,-4.91006995184995e-05,0.000111116867957462,0.180586552003001,0.00840963002661796
1353,54.12,212.111402914277,10.8757505059873,-218.556656813042,-13.6454434311236,433.437752652455,0,0,0,0,-17.7321659308561,-10.6620350330746,-4.91006817538917e-05,0.000111116432285658,0.147037280007759,0.0084098997481793
1354,54.16,212.119051193479,10.8834414464359,-218.548183142534,-13.6454769214054,433.429269810982,0,0,0,0,-17.7322099857171,-10.6460766706119,-4.91006616752192e-05,0.000111115994038337,0.11349301719789,0.00841015360432447
1355,54.2,212.126721247704,10.891167929411,-218.539688364315,-13.6455122709669,433.420753953575,0,0,0,0,-17.7322564591723,-10.6300637689141,-4.91006392746557e-05,0.000111115553197554,0.0799559793004239,0.00841039152963507
1356,54.24,212.134415306825,10.898932168189,-218.531173216909,-13.6455494748824,433.412205830427,0,0,0,0,-17.7323053447894,-10.6139907707783,-4.91006145442354e-05,0.000111115109744766,0.0464283807160367,0.0084106134626778
1357,54.28,212.142134183015,10.9067349552129,-218.522638439013,-13.6455885281377,433.403626194952,0,0,0,0,-17.7323566360216,-10.5978540927936,-4.91005874764794e-05,0.000111114663661301,0.0129124343773663,0.00841081934603313
1358,54.32,212.149877252578,10.9145756439282,-218.514084769435,-13.6456294256305,433.395015803716,0,0,0,0,-17.7324103262075,-10.5816523598291,-4.91005580642716e-05,0.000111114214927932,-0.0205896483934967,0.008411009126323
1359,54.36,212.157642524191,10.9224522170275,-218.50551294704,-13.6456721621712,433.386375416375,0,0,0,0,-17.7324664085717,-10.5653865050898,-4.91005263009031e-05,0.00011111376352562,-0.0540756580283653,0.00841118275423761
1360,54.4,212.165426784544,10.9303614321036,-218.496923710698,-13.6457167324832,433.377705795622,0,0,0,0,-17.7325248762264,-10.5490597328349,-4.91004921802139e-05,0.000111113309434739,-0.0875433868571193,0.00841134018456099
1361,54.44,212.173225811153,10.9382990344672,-218.488317799233,-13.6457631312037,433.369007707123,0,0,0,0,-17.7325857221711,-10.5326773507241,-4.91004556962996e-05,0.000111112852635737,-0.120990629252584,0.0084114813761955
1362,54.48,212.181034639235,10.9462600240289,-218.479695951387,-13.6458113528839,433.360281919478,0,0,0,0,-17.7326489392941,-10.5162464848993,-4.91004168435076e-05,0.000111112393108194,-0.15441518177599,0.00841160629218527
1363,54.52,212.188847866483,10.9542389600809,-218.471058905774,-13.64586139199,433.351529204166,0,0,0,0,-17.7327145203725,-10.4997756953698,-4.91003756169812e-05,0.000111111930832483,-0.187814843322847,0.00841171489973857
1364,54.56,212.19665997924,10.962230287487,-218.462407400848,-13.6459132429032,433.342750335504,0,0,0,0,-17.7327824580736,-10.4832745163553,-4.91003320120926e-05,0.000111111465787831,-0.221187415269024,0.00841180717024935
1365,54.6,212.204465680496,10.9702286646834,-218.453742174863,-13.6459668999208,433.333946090597,0,0,0,0,-17.7328527449551,-10.4667529471042,-4.91002860241814e-05,0.000111110997954173,-0.254530701616821,0.00841188307931768
1366,54.64,212.212260199452,10.978229273255,-218.445063965842,-13.6460223572562,433.325117249295,0,0,0,0,-17.7329253734659,-10.450220920025,-4.91002376498244e-05,0.000111110527311076,-0.287842509140819,0.0084119426067693
1367,54.68,212.220039565989,10.9862280924192,-218.436373511534,-13.6460796090396,433.316264594143,0,0,0,0,-17.7330003359468,-10.4336877770874,-4.91001868851843e-05,0.000111110053837733,-0.321120647533272,0.00841198573667392
1368,54.72,212.227800834238,10.994222122604,-218.427671549377,-13.6461386493188,433.307388910331,0,0,0,0,-17.7330776246313,-10.4171617825007,-4.91001337272399e-05,0.00011110957751445,-0.354362929548852,0.00841201245736233
1369,54.76,212.23554224254,11.0022095454201,-218.418958816456,-13.6461994720592,433.298490985635,0,0,0,0,-17.7331572316458,-10.4006496977493,-4.91000781731966e-05,0.000111109098320206,-0.387567171148557,0.00841202276144236
1370,54.8,212.243263302277,11.0101898125138,-218.410236049453,-13.6462620711446,433.289571610361,0,0,0,0,-17.7332391490108,-10.3841564435815,-4.91000202204252e-05,0.000111108616235029,-0.420731191642653,0.0084120166458137
1371,54.84,212.250964811417,11.0181636591174,-218.401503984599,-13.6463264403777,433.280631577276,0,0,0,0,-17.7333233686412,-10.3676848644325,-4.90999598669932e-05,0.000111108131238897,-0.453852813832545,0.00841199411168173
1372,54.88,212.258648796402,11.0261330459565,-218.392763357615,-13.6463925734803,433.271671681541,0,0,0,0,-17.7334098823469,-10.3512356064951,-4.90998971110439e-05,0.00011110764331132,-0.486929864151512,0.00841195516457026
1373,54.92,212.266318392749,11.0341010398706,-218.384014903656,-13.6464604640941,433.262692720628,0,0,0,0,-17.7334986818338,-10.3348071167881,-4.90998319509878e-05,0.00011110715243281,-0.519960172804318,0.00841189981433316
1374,54.96,212.273977675012,11.042071643787,-218.375259357239,-13.6465301057812,433.253695494245,0,0,0,0,-17.7335897587039,-10.3183957585946,-4.90997643858279e-05,0.000111106658583484,-0.552941573905708,0.00841182807516476
1375,55,212.281631448869,11.0500495888297,-218.366497452181,-13.6466014920243,433.244680804246,0,0,0,0,-17.7336831044565,-10.3019960328014,-4.90996944143282e-05,0.00011110616174373,-0.585871905617882,0.00841173996560902
1376,55.04,212.289285019014,11.0580401022283,-218.357729921525,-13.6466746162274,433.235649454538,0,0,0,0,-17.7337787104882,-10.2856008925145,-4.90996220364563e-05,0.000111105661893863,-0.618749010287043,0.00841163550856731
1377,55.08,212.296943943869,11.0660486620538,-218.348957497463,-13.6467494717163,433.226602250995,0,0,0,0,-17.7338765680944,-10.2692021287253,-4.90995472519137e-05,0.000111105159014424,-0.651570734579174,0.00841151473130505
1378,55.12,212.304613790315,11.0740807519645,-218.340180911264,-13.646826051739,433.217540001353,0,0,0,0,-17.733976668469,-10.2527908058011,-4.90994700604388e-05,0.000111104653086413,-0.684334929615191,0.00841137766545721
1379,55.16,212.312299900876,11.0821416284187,-218.331400893196,-13.6469043494664,433.20846351512,0,0,0,0,-17.7340790027058,-10.2363577274875,-4.90993904628569e-05,0.000111104144090023,-0.717039451105643,0.00841122434703257
1380,55.2,212.320007180388,11.0902361073572,-218.322618172453,-13.6469843579926,433.199373603476,0,0,0,0,-17.734183561799,-10.2198939066223,-4.90993084598929e-05,0.000111103632006349,-0.749682159485131,0.00841105481641681
1381,55.24,212.327739910376,11.0983683786138,-218.313833477077,-13.6470660703354,433.190271079175,0,0,0,0,-17.7342903366433,-10.2033910169315,-4.90992240524007e-05,0.000111103116816052,-0.782260920046594,0.00841086911837429
1382,55.28,212.335501598491,11.106541855364,-218.305047533889,-13.647149479437,433.181156756453,0,0,0,0,-17.7343993180355,-10.1868418105915,-4.90991372419865e-05,0.000111102598499786,-0.814773603075628,0.00841066730204842
1383,55.32,212.343294864546,11.1147590601996,-218.296261068424,-13.6472345781644,433.172031450934,0,0,0,0,-17.7345104966745,-10.170240479274,-4.90990480301562e-05,0.000111102077038383,-0.84721808398493,0.00841044942096074
1384,55.36,212.351121367391,11.123021552014,-218.287474804855,-13.6473213593099,433.162895979542,0,0,0,0,-17.7346238631622,-10.1535829446211,-4.90989564193412e-05,0.000111101552412366,-0.879592243449001,0.00841021553300868
1385,55.4,212.358981775454,11.1313298965794,-218.278689465943,-13.6474098155918,433.153751160409,0,0,0,0,-17.7347394080042,-10.1368670700182,-4.9098862412017e-05,0.000111101024602529,-0.911893967539136,0.00840996570046211
1386,55.44,212.366875776698,11.1396836765257,-218.269905772973,-13.6474999396546,433.1445978128,0,0,0,0,-17.7348571216102,-10.1200927789102,-4.90987660110984e-05,0.000111100493589554,-0.944121147858759,0.00840969998995865
1387,55.48,212.37480212687,11.1480815396154,-218.261124445703,-13.6475917240697,433.135436757027,0,0,0,0,-17.7349769942952,-10.1032620779384,-4.90986672199276e-05,0.000111099959353786,-0.97627168167908,0.00840941847249761
1388,55.52,212.382758732038,11.1565212813116,-218.252346202311,-13.6476851613359,433.126268814374,0,0,0,0,-17.7350990162796,-10.0863789871268,-4.90985660422447e-05,0.000111099421876072,-1.00834347207504,0.00840912122343266
1389,55.56,212.39074275485,11.1649999510609,-218.243571759357,-13.6477802438799,433.117094807026,0,0,0,0,-17.7352231776902,-10.069449376865,-4.9098462482429e-05,0.000111098881136588,-1.04033442806144,0.00840880832246303
1390,55.6,212.398750737983,11.1735139757753,-218.234801831729,-13.6478769640567,433.107915557993,0,0,0,0,-17.7353494685605,-10.0524807252923,-4.90983565449844e-05,0.000111098337116114,-1.0722424647292,0.00840847985362331
1391,55.64,212.406778735323,11.1820592910361,-218.226037132609,-13.6479753141502,433.098731891046,0,0,0,0,-17.7354778788319,-10.0354818123105,-4.90982482355479e-05,0.000111097789795544,-1.10406550338161,0.00840813590527209
1392,55.68,212.414822437218,11.1906314663808,-218.217278373432,-13.6480752863734,433.089544630643,0,0,0,0,-17.7356083983536,-10.0184623622601,-4.90981375592169e-05,0.000111097239155164,-1.13580147167033,0.00840777657007914
1393,55.72,212.422877285048,11.1992258199012,-218.208526263845,-13.6481768728694,433.080354601861,0,0,0,0,-17.7357410168838,-10.0014326603436,-4.90980245223209e-05,0.000111096685176012,-1.16744830373114,0.00840740194501153
1394,55.76,212.430938571904,11.2078375189554,-218.199781511672,-13.6482800657112,433.071162630331,0,0,0,0,-17.7358757240899,-9.98440316553288,-4.90979091313992e-05,0.000111096127838977,-1.19900394031918,0.00840701213131818
1395,55.8,212.439001526624,11.2164616642333,-218.191044822867,-13.6483848569027,433.061969542161,0,0,0,0,-17.7360125095492,-9.96738413666512,-4.90977913932629e-05,0.000111095567125146,-1.2304663289435,0.00840660723451318
1396,55.84,212.447061385164,11.2250933611591,-218.182316901479,-13.6484912383787,433.052776163862,0,0,0,0,-17.7361513627496,-9.95038529585322,-4.90976713153145e-05,0.000111095003015975,-1.26183342400084,0.00840618736435753
1397,55.88,212.45511344879,11.2337277781192,-218.173598449603,-13.6485992020058,433.043583322279,0,0,0,0,-17.73629227309,-9.93341554177179,-4.90975489051756e-05,0.000111094435493149,-1.29310318690847,0.00840575263483954
1398,55.92,212.463153128847,11.2423601912647,-218.164890167335,-13.6487087395822,433.034391844499,0,0,0,0,-17.7364352298809,-9.91648271875506,-4.9097424170922e-05,0.000111093864538047,-1.32427358623599,0.00840530316415395
1399,55.96,212.471175984957,11.2509860227388,-218.156192752721,-13.6488198428388,433.025202557778,0,0,0,0,-17.7365802223449,-9.89959345299976,-4.90972971210623e-05,0.00011109329013323,-1.35534259783607,0.00840483907467978
1400,56,212.479177758837,11.2596008745369,-218.147506901706,-13.648932503439,433.016016289445,0,0,0,0,-17.7367272396174,-9.88275305699515,-4.90971677639102e-05,0.000111092712260857,-1.38630820497395,0.008404360492957
1401,56.04,212.487154403703,11.2682005579384,-218.138833308073,-13.6490467129796,433.006833866817,0,0,0,0,-17.736876270747,-9.86596549508544,-4.90970361088959e-05,0.000111092130903865,-1.41716839845587,0.00840386754966189
1402,56.08,212.495102113148,11.2767811224292,-218.130172663389,-13.649162462991,432.997656117099,0,0,0,0,-17.737027304696,-9.84923341012166,-4.9096902165253e-05,0.000111091546044985,-1.44792117675635,0.00840336037958102
1403,56.12,212.503017347921,11.2853388825106,-218.121525656939,-13.6492797449376,432.988483867287,0,0,0,0,-17.7371803303409,-9.83255820274491,-4.90967659423843e-05,0.000111090957667713,-1.47856454614435,0.00840283912158378
1404,56.16,212.510896859985,11.2938704417985,-218.112892975667,-13.649398550218,432.979317944072,0,0,0,0,-17.7373353364734,-9.81594015418143,-4.90966274504636e-05,0.000111090365755589,-1.50909652080851,0.00840230391859347
1405,56.2,212.518737717531,11.3023727180749,-218.104275304106,-13.6495188701661,432.970159173728,0,0,0,0,-17.7374923118001,-9.79937859126095,-4.90964866996047e-05,0.000111089770292563,-1.53951512298139,0.00840175491755715
1406,56.24,212.526537328022,11.3108429663693,-218.095673324315,-13.6496406960506,432.961008382018,0,0,0,0,-17.7376512449438,-9.782872085751,-4.90963437006499e-05,0.000111089171262687,-1.56981838306297,0.00840119226941427
1407,56.28,212.534293456306,11.3192787971122,-218.087087715812,-13.6497640190762,432.951866394082,0,0,0,0,-17.7378121244436,-9.76641867593203,-4.90961984645777e-05,0.000111088568650481,-1.60000433974349,0.00840061612906414
1408,56.32,212.54200423982,11.3276781913756,-218.078519155507,-13.6498888303834,432.942734034335,0,0,0,0,-17.7379749387558,-9.75001610491538,-4.90960510026637e-05,0.000111087962440811,-1.63007104012574,0.00840002665533229
1409,56.36,212.549668198185,11.3360395105132,-218.06996831764,-13.6500151210494,432.933612126361,0,0,0,0,-17.7381396762538,-9.733662066855,-4.9095901326916e-05,0.000111087352618466,-1.66001653984685,0.0083994240109353
1410,56.4,212.557284233401,11.3443614963904,-218.061435873715,-13.6501428820883,432.924501492814,0,0,0,0,-17.7383063252295,-9.71735444447522,-4.90957494493772e-05,0.000111086739168421,-1.68983890319991,0.00839880836244437
1411,56.44,212.564851622251,11.3526432638327,-218.052922492444,-13.6502721044514,432.915402955314,0,0,0,0,-17.738474873893,-9.70109152981707,-4.90955953829609e-05,0.000111086122076188,-1.71953620325523,0.00839817988024741
1412,56.48,212.572369997411,11.360884281776,-218.044428839685,-13.6504027790277,432.906317334347,0,0,0,0,-17.7386453103738,-9.68487221697393,-4.90954391406573e-05,0.000111085501327432,-1.74910652198157,0.00839753873850987
1413,56.52,212.579839312755,11.3690843386134,-218.035955578389,-13.6505348966445,432.897245449175,0,0,0,0,-17.738817622721,-9.66869614849004,-4.90952807355865e-05,0.000111084876907609,-1.77854795036723,0.00839688511513451
1414,56.56,212.587259796787,11.3772434956687,-218.02750336855,-13.6506684480675,432.888188117737,0,0,0,0,-17.7389917989037,-9.65256381273289,-4.90951201825571e-05,0.00011108424880292,-1.80785858854113,0.00839621919172003
1415,56.6,212.594631895461,11.3853620300575,-218.019072867157,-13.6508034240014,432.879146156561,0,0,0,0,-17.7391678268119,-9.63647658800687,-4.9094957495386e-05,0.000111083616999232,-1.83703654589386,0.00839554115351865
1416,56.64,212.601956204681,11.3934403672346,-218.010664728143,-13.6509398150902,432.87012038068,0,0,0,0,-17.7393456942568,-9.6204367259898,-4.90947926889412e-05,0.000111082981482848,-1.86607994119861,0.00839485118939236
1417,56.68,212.609233400422,11.4014790111525,-218.002279602353,-13.6510776119178,432.861111603541,0,0,0,0,-17.7395253889711,-9.60444728234392,-4.90946257788427e-05,0.000111082342240452,-1.89498690273202,0.00839414949176785
1418,56.72,212.61646417062,11.4094784761989,-217.993918137497,-13.6512168050078,432.852120636926,0,0,0,0,-17.73970689861,-9.58851200442748,-4.90944567806407e-05,0.000111081699258698,-1.92375556839486,0.00839343625659008
1419,56.76,212.623649148802,11.4174392208679,-217.985580978113,-13.6513573848247,432.843148290872,0,0,0,0,-17.7398902107512,-9.57263517896158,-4.90942857104243e-05,0.000111081052524801,-1.95238408583234,0.00839271168327453
1420,56.8,212.630788855365,11.4253615890869,-217.977268765534,-13.6514993417736,432.834195373586,0,0,0,0,-17.7400753128958,-9.55682145672857,-4.90941125849413e-05,0.00011108040202564,-1.98087061255407,0.0083919759746584
1421,56.84,212.637883648212,11.4332457608912,-217.968982137847,-13.6516426662009,432.825262691368,0,0,0,0,-17.7402621924683,-9.54107566728459,-4.9093937421121e-05,0.000111079747749132,-2.00921331605343,0.0083912293369508
1422,56.88,212.644933683225,11.4410917129493,-217.960721729863,-13.6517873483946,432.816351048533,0,0,0,0,-17.7404508368175,-9.52540262878908,-4.90937602360975e-05,0.000111079089683216,-2.03741037392631,0.00839047197968194
1423,56.92,212.651938890592,11.4488991949276,-217.952488173078,-13.6519333785845,432.807461247326,0,0,0,0,-17.7406412332167,-9.509806969651,-4.90935810479027e-05,0.000111078427816278,-2.06545997398902,0.00838970411565128
1424,56.96,212.658898965051,11.4566677197889,-217.944282095638,-13.6520807469427,432.798594087843,0,0,0,0,-17.7408333688642,-9.49429296713856,-4.90933998744885e-05,0.000111077762136454,-2.09336031439537,0.00838892596087435
1425,57,212.665813366535,11.4643965644737,-217.9361041223,-13.652229443584,432.789750367946,0,0,0,0,-17.7410272308838,-9.4788644008128,-4.90932167344175e-05,0.000111077092633,-2.12110960375267,0.00838813773452836
1426,57.04,212.672681335119,11.4720847849018,-217.927954874396,-13.6523794585658,432.780930883178,0,0,0,0,-17.7412228063251,-9.46352443069606,-4.9093031646418e-05,0.000111076419295306,-2.1487060612367,0.00838733965889658
1427,57.08,212.679501919608,11.479731244604,-217.919834969787,-13.6525307818891,432.77213642668,0,0,0,0,-17.7414200821641,-9.44827550287412,-4.90928446295941e-05,0.000111075742113235,-2.17614791670555,0.00838653195931163
1428,57.12,212.686274016437,11.4873346536677,-217.911745022826,-13.6526834034982,432.763367789093,0,0,0,0,-17.7416190453035,-9.43311927809225,-4.90926557036147e-05,0.000111075061076623,-2.20343341081226,0.00838571486409791
1429,57.16,212.692996421796,11.4948936209123,-217.903685644308,-13.6528373132815,432.754625758473,0,0,0,0,-17.7418196825729,-9.4180565908687,-4.90924648882085e-05,0.000111074376176201,-2.23056079511629,0.00838488860451316
1430,57.2,212.699667894575,11.5024067168777,-217.895657441427,-13.6529925010714,432.745911120196,0,0,0,0,-17.7420219807298,-9.40308743987332,-4.90922722032881e-05,0.000111073687402813,-2.25752833219376,0.00838405341468903
1431,57.24,212.706287226531,11.5098725440437,-217.887661017727,-13.653148956645,432.737224656859,0,0,0,0,-17.7422259264595,-9.38821100531751,-4.90920776695766e-05,0.000111072994748305,-2.28433429574659,0.00838320953157062
1432,57.28,212.712853322898,11.5172898174875,-217.879696973049,-13.653306669724,432.728567148184,0,0,0,0,-17.7424315063756,-9.37342570279719,-4.90918813075939e-05,0.000111072298203978,-2.31097697071044,0.00838235719485484
1433,57.32,212.719365288405,11.5246574509456,-217.871765903484,-13.6534656299755,432.719939370918,0,0,0,0,-17.7426387070207,-9.35872927053509,-4.90916831381498e-05,0.000111071597762008,-2.33745465336164,0.00838149664692764
1434,57.36,212.72582250977,11.5319746393621,-217.863868401317,-13.653625827012,432.711342098737,0,0,0,0,-17.7428475148664,-9.34411888171084,-4.9091483182797e-05,0.000111070893415336,-2.36376565142303,0.0083806281328002
1435,57.4,212.732224733371,11.5392409366057,-217.856005054979,-13.6537872503918,432.702776102136,0,0,0,0,-17.743057916314,-9.3295912821035,-4.90912814627667e-05,0.000111070185156503,-2.38990828416902,0.00837975190004436
1436,57.44,212.738572132634,11.5464563229055,-217.848176448991,-13.6539498896192,432.694242148339,0,0,0,0,-17.7432698976949,-9.31514294410897,-4.90910779997808e-05,0.000111069472978999,-2.41588088252965,0.00837886819872716
1437,57.48,212.744865356511,11.5536212533813,-217.840383163916,-13.6541137341451,432.685741001191,0,0,0,0,-17.7434834452709,-9.30077021981747,-4.90908728157255e-05,0.000111068756876292,-2.44168178919405,0.00837797728134466
1438,57.52,212.751105562094,11.5607366907054,-217.832625776305,-13.6542787733672,432.677273421061,0,0,0,0,-17.7436985452347,-9.28646948931309,-4.90906659328119e-05,0.000111068036842722,-2.46730935871314,0.00837707940275477
1439,57.56,212.757294431676,11.567804122211,-217.824904858652,-13.6544449966301,432.668840164747,0,0,0,0,-17.7439151837104,-9.27223729344969,-4.90904573738036e-05,0.000111067312872235,-2.49276195760183,0.0083761748201092
1440,57.6,212.763434170229,11.5748255574241,-217.817220979343,-13.654612393226,432.660441985374,0,0,0,0,-17.7441333467538,-9.25807043522795,-4.90902471611949e-05,0.000111066584959786,-2.51803796444066,0.00837526379278444
1441,57.64,212.769527489426,11.5818035121292,-217.809574702614,-13.6547809523948,432.652079632306,0,0,0,0,-17.7443530203527,-9.24396605028902,-4.90900353179666e-05,0.000111065853100091,-2.54313576997704,0.00837434658231178
1442,57.68,212.775577580176,11.5887409809579,-217.801966588506,-13.6549506633245,432.643753851049,0,0,0,0,-17.7445741904278,-9.22992164507015,-4.90898218672815e-05,0.000111065117288608,-2.56805377722603,0.00837342345230668
1443,57.72,212.781588071176,11.5956413959909,-217.794397192828,-13.6551215151515,432.635465383164,0,0,0,0,-17.7447968428325,-9.21593509945786,-4.90896068330847e-05,0.000111064377520684,-2.59279040157078,0.00837249466839732
1444,57.76,212.787562978723,11.6025085766163,-217.786867067112,-13.6552934969608,432.62721496618,0,0,0,0,-17.7450209633539,-9.20200464450257,-4.90893902388566e-05,0.000111063633792609,-2.6173440708625,0.00837156049815262
1445,57.8,212.793506647799,11.6093466706682,-217.779376758589,-13.6554665977868,432.619003333506,0,0,0,0,-17.7452465377128,-9.18812882370016,-4.90891721086181e-05,0.000111062886100078,-2.64171322552002,0.00837062121100945
1446,57.84,212.799423677407,11.6161600798097,-217.771926810143,-13.6556408066128,432.610831214353,0,0,0,0,-17.7454735515643,-9.17430644149077,-4.9088952467194e-05,0.000111062134439896,-2.66589631862891,0.0083696770781991
1447,57.88,212.805318830654,11.622953369666,-217.764517760286,-13.6558161123722,432.602699333645,0,0,0,0,-17.7457019904983,-9.16053651341407,-4.90887313390522e-05,0.000111061378808609,-2.68989181603998,0.00836872837267303
1448,57.92,212.811196927309,11.6297311624351,-217.757150143126,-13.6559925039483,432.594608411948,0,0,0,0,-17.7459318400396,-9.14681822711711,-4.90885087492099e-05,0.00011106061920347,-2.71369819646725,0.00836777536902781
1449,57.96,212.817062712531,11.6364980056597,-217.74982448834,-13.6561699701745,432.586559165386,0,0,0,0,-17.7461630856487,-9.1331509141321,-4.90882847228779e-05,0.000111059855621639,-2.73731395158521,0.0083668183434295
1450,58,212.822920706219,11.6432582216352,-217.742541321144,-13.6563484998352,432.578552305563,0,0,0,0,-17.7463957127219,-9.11953404101478,-4.90880592859697e-05,0.000111059088061503,-2.76073758612534,0.00836585757353742
1451,58.04,212.828775037902,11.6500157423428,-217.735301162266,-13.6565280816655,432.570588539492,0,0,0,0,-17.7466297065919,-9.10596722230328,-4.90878324641691e-05,0.000111058316520411,-2.78396761797179,0.00836489333842742
1452,58.08,212.834629269796,11.6567739325587,-217.728104527922,-13.6567087043518,432.562668569512,0,0,0,0,-17.746865052528,-9.09245024928625,-4.90876042839684e-05,0.000111057540997322,-2.80700257825618,0.00836392591851459
1453,58.12,212.84048621942,11.6635354125213,-217.720951929784,-13.656890356532,432.554793093215,0,0,0,0,-17.7471017357368,-9.07898313516625,-4.90873747715536e-05,0.000111056761491176,-2.82984101145138,0.00836295559547539
1454,58.16,212.846347794005,11.6703018923883,-217.713843874958,-13.657073026796,432.546962803371,0,0,0,0,-17.7473397413621,-9.06556617466773,-4.90871439540626e-05,0.000111055978001237,-2.8524814754643,0.00836198265216916
1455,58.2,212.852214845287,11.6770740270796,-217.706780865951,-13.6572567036858,432.539178387844,0,0,0,0,-17.7475790544859,-9.05220001151792,-4.90869118583793e-05,0.000111055190527413,-2.87492254172752,0.00836100737255912
1456,58.24,212.858087056016,11.6838513028381,-217.699763400648,-13.6574413756958,432.531440529522,0,0,0,0,-17.7478196601284,-9.03888571365275,-4.9086678511908e-05,0.00011105439906963,-2.89716279528979,0.00836003004163288
1457,58.28,212.863962866094,11.6906319634111,-217.692791972276,-13.6576270312733,432.523749906232,0,0,0,0,-17.7480615432483,-9.0256248532428,-4.90864439422488e-05,0.000111053603628697,-2.91920083490535,0.0083590509453225
1458,58.32,212.869839439443,11.6974129769778,-217.685867069378,-13.6578136588185,432.516107190662,0,0,0,0,-17.7483046887436,-9.0124195848338,-4.90862081770571e-05,0.000111052804205909,-2.94103527312205,0.00835807037042422
1459,58.36,212.875712672449,11.7041900446332,-217.678989175779,-13.6580012466852,432.50851305028,0,0,0,0,-17.7485490814517,-8.9992727171309,-4.90859712446809e-05,0.00011105200080275,-2.96266473636812,0.00835708860451779
1460,58.4,212.881577245557,11.7109576520381,-217.672158770555,-13.6581897831805,432.500968147255,0,0,0,0,-17.7487947061499,-8.98618777574867,-4.90857331734879e-05,0.000111051193421315,-2.98408786503789,0.00835610593588536
1461,58.44,212.887426716101,11.7177091622965,-217.665376327995,-13.658379256566,432.493473138365,0,0,0,0,-17.7490415475557,-8.97316904942006,-4.90854939916594e-05,0.000111050382064034,-3.00530331357613,0.00835512265343005
1462,58.48,212.893253647435,11.7244369451357,-217.65864231757,-13.6585696550573,432.486028674927,0,0,0,0,-17.7492895903273,-8.96022160861218,-4.90852537286275e-05,0.000111049566734264,-3.02630975056127,0.00835413904659402
1463,58.52,212.899049772887,11.731132540909,-217.651957203897,-13.6587609668246,432.4786354027,0,0,0,0,-17.7495388190642,-8.94735128958758,-4.90850124131784e-05,0.000111048747435459,-3.04710585878751,0.00835315540527633
1464,58.56,212.904806194916,11.7377868598001,-217.645321446703,-13.6589531799932,432.471293961812,0,0,0,0,-17.7497892183072,-8.93456463915934,-4.90847700749727e-05,0.000111047924172168,-3.06769033534579,0.00835217201975043
1465,58.6,212.910513615187,11.74439041195,-217.63873550079,-13.6591462826437,432.46400498667,0,0,0,0,-17.7500407725392,-8.92186880862841,-4.90845267435212e-05,0.000111047096948548,-3.08806189170373,0.00835118918058147
1466,58.64,212.916162594036,11.7509335669664,-217.632199815997,-13.6593402628122,432.456769105879,0,0,0,0,-17.7502934661852,-8.90927139431631,-4.90842824489308e-05,0.000111046265770119,-3.10821925378466,0.00835020717854337
1467,58.68,212.92174384055,11.7574068440532,-217.625714837173,-13.6595351084909,432.44958694216,0,0,0,0,-17.7505472836134,-8.89678023231359,-4.90840372215274e-05,0.000111045430642066,-3.12816116204574,0.00834922630453562
1468,58.72,212.927248524396,11.7638012238877,-217.619281004133,-13.659730807628,432.44245911227,0,0,0,0,-17.7508022091351,-8.88440314793517,-4.90837910916072e-05,0.000111044591570958,-3.14788637155517,0.00834824684949993
1469,58.76,212.932668598035,11.7701084708813,-217.612898751636,-13.6599273481288,432.435386226918,0,0,0,0,-17.7510582270054,-8.87214767049007,-4.90835440901762e-05,0.000111043748563316,-3.16739365206868,0.00834726910433653
1470,58.8,212.937997119071,11.7763214555749,-217.606568509345,-13.6601247178552,432.428368890696,0,0,0,0,-17.7513153214233,-8.86002073689672,-4.90832962480824e-05,0.000111042901626297,-3.18668178810519,0.00834629335982034
1471,58.84,212.943228550781,11.7824344552176,-217.600290701803,-13.6603229046267,432.421407701992,0,0,0,0,-17.7515734765327,-8.84802839761794,-4.90830475970987e-05,0.00011104205076732,-3.20574957902181,0.00834531990651704
1472,58.88,212.948359017726,11.7884434094233,-217.594065748403,-13.6605218962203,432.414503252926,0,0,0,0,-17.7518326764227,-8.83617554460729,-4.9082798168689e-05,0.00011104119599436,-3.22459583908801,0.00834434903469892
1473,58.92,212.953386500044,11.7943461145084,-217.587894063362,-13.6607216803714,432.407656129269,0,0,0,0,-17.7520929051277,-8.82446569015772,-4.90825479947398e-05,0.00011104033731605,-3.24321939755914,0.00834338103426083
1474,58.96,212.958310944448,11.8001423345389,-217.581776055696,-13.6609222447735,432.400866910379,0,0,0,0,-17.7523541466283,-8.81290080973986,-4.90822971073275e-05,0.000111039474741576,-3.2616190987492,0.00834241619463587
1475,59,212.963134274097,11.8058338112432,-217.5757121292,-13.6611235770791,432.394136169132,0,0,0,0,-17.7526163848516,-8.80148125766639,-4.90820455393668e-05,0.000111038608280105,-3.27979380210291,0.00834145480471119
1476,59.04,212.967860295597,11.8114241710641,-217.569702682421,-13.6613256648998,432.387464471854,0,0,0,0,-17.7528796036717,-8.79020577188166,-4.90817933233439e-05,0.000111037737941777,-3.29774238226692,0.00834049715274363
1477,59.08,212.972494504404,11.8169187306002,-217.563748108646,-13.661528495807,432.380852378256,0,0,0,0,-17.7531437869104,-8.77907156625797,-4.90815404923467e-05,0.000111036863736493,-3.31546372916037,0.00833954352627538
1478,59.12,212.977043795346,11.8223242071773,-217.557848795877,-13.6617320573317,432.374300441378,0,0,0,0,-17.7534089183373,-8.76807449994837,-4.90812870794966e-05,0.00011103598567524,-3.33295674804455,0.00833859421204964
1479,59.16,212.98151610001,11.827648356275,-217.552005126818,-13.6619363369654,432.367809207518,0,0,0,0,-17.7536749816706,-8.75720932106024,-4.90810331185321e-05,0.000111035103769328,-3.3502203595917,0.00833764949592644
1480,59.2,212.985919973688,11.8328995585248,-217.54621747886,-13.6621413221604,432.361379216184,0,0,0,0,-17.7539419605774,-8.7464699691909,-4.90807786427673e-05,0.000111034218030295,-3.36725349995297,0.0083367096627984
1481,59.24,212.990264152972,11.8380863773356,-217.540486224062,-13.66234700033,432.355011000028,0,0,0,0,-17.7542098386744,-8.73584991484998,-4.90805236865322e-05,0.000111033328470497,-3.38405512082538,0.00833577499650673
1482,59.28,212.99455711142,11.8432171146178,-217.534811729139,-13.662553358849,432.34870508479,0,0,0,0,-17.7544785995283,-8.72534252411056,-4.90802682832451e-05,0.000111032435102185,-3.40062418951779,0.00833484577975728
1483,59.32,212.998806636911,11.8482993881699,-217.52919435545,-13.6627603850541,432.342461989246,0,0,0,0,-17.7547482266564,-8.71494143098454,-4.90800124677433e-05,0.000111031537938397,-3.41695968901589,0.00833392229403676
1484,59.36,213.003019446351,11.8533397464294,-217.52363445898,-13.6629680662443,432.336282225146,0,0,0,0,-17.7550187035268,-8.70464089636934,-4.9079756274338e-05,0.000111030636993008,-3.43306061804598,0.00833300481952908
1485,59.4,213.007200853635,11.8583433364799,-217.518132390329,-13.6631763896812,432.330166297165,0,0,0,0,-17.7552900135596,-8.69443614399851,-4.90794997375164e-05,0.000111029732279854,-3.44892599113774,0.00833209363503183
1486,59.44,213.011354501224,11.8633136356664,-217.512688494696,-13.6633853425896,432.324114702843,0,0,0,0,-17.7555621401265,-8.68432366035685,-4.9079242891828e-05,0.000111028823813472,-3.46455483868565,0.00833118901787295
1487,59.48,213.015482158424,11.8682522499159,-217.507303111866,-13.6635949121579,432.318127932533,0,0,0,0,-17.7558350665523,-8.67430144200351,-4.90789857728395e-05,0.00011102791160862,-3.47994620700934,0.00833029124382771
1488,59.52,213.019583590773,11.873158783164,-217.501976576199,-13.6638050855381,432.312206469345,0,0,0,0,-17.7561087761145,-8.66436918246402,-4.90787284149458e-05,0.000111026995680997,-3.49509915841262,0.00832940058703582
1489,59.56,213.023656505231,11.8780307825893,-217.496709216605,-13.6640158498469,432.306350789093,0,0,0,0,-17.7563832520448,-8.65452839037648,-4.90784708535447e-05,0.00011102607604674,-3.51001277124126,0.00832851731991902
1490,59.6,213.027696573725,11.882863762191,-217.491501356537,-13.6642271921655,432.300561360237,0,0,0,0,-17.7566584775287,-8.64478242830756,-4.90782131234409e-05,0.000111025152721876,-3.52468613993949,0.00832764171309897
1491,59.64,213.031697537958,11.8876513076419,-217.486353313972,-13.6644390995405,432.294838643829,0,0,0,0,-17.7569344357068,-8.63513646622069,-4.90779552603255e-05,0.00011102422572348,-3.53911837510535,0.00832677403531532
1492,59.68,213.035651398301,11.8923852652148,-217.481265401394,-13.6646515589839,432.289183093464,0,0,0,0,-17.7572111096752,-8.62559734591122,-4.90776972988484e-05,0.000111023295068703,-3.55330860354466,0.00832591455334431
1493,59.72,213.039548688126,11.8970560161618,-217.476237925778,-13.6648645574741,432.283595155217,0,0,0,0,-17.7574884824857,-8.61617335621221,-4.90774392749012e-05,0.000111022360775473,-3.56725596832394,0.00832506353191744
1494,59.76,213.043378830844,11.9016528337771,-217.471271188572,-13.6650780819558,432.278075267595,0,0,0,0,-17.7577665371469,-8.60687392387976,-4.90771812232835e-05,0.000111021422861868,-3.58095962882202,0.00832422123364061
1495,59.8,213.047130570227,11.9061643137669,-217.466365485681,-13.6652921193407,432.272623861483,0,0,0,0,-17.7580452566244,-8.59770922773739,-4.90769231798956e-05,0.000111020481346538,-3.59441876078062,0.00832338791891367
1496,59.84,213.050792460833,11.9105788647034,-217.461521107451,-13.6655066565082,432.267241360089,0,0,0,0,-17.7583246238417,-8.58868975282675,-4.90766651797174e-05,0.000111019536248348,-3.60763255635367,0.00832256384585045
1497,59.88,213.054353398934,11.9148852389922,-217.456738338649,-13.6657216803054,432.261928178895,0,0,0,0,-17.7586046216807,-8.57982580672428,-4.90764072582756e-05,0.000111018587586856,-3.62060022415568,0.00832174927019937
1498,59.92,213.057803165359,11.9190730757519,-217.452017458451,-13.6659371775479,432.256684725606,0,0,0,0,-17.7588852329822,-8.57112701900575,-4.90761494508627e-05,0.000111017635381606,-3.63332098930891,0.00832094444526461
1499,59.96,213.061132950458,11.9231334258062,-217.447358740425,-13.6661531350204,432.251511400097,0,0,0,0,-17.7591664405468,-8.56260185210286,-4.90758917929551e-05,0.000111016679652719,-3.64579409348963,0.00832014962182758
1500,60,213.064335831397,11.9270592290206,-217.442762452517,-13.6663695394767,432.24640859437,0,0,0,0,-17.7594482271355,-8.5542571542721,-4.90756343197811e-05,0.00011101572042066,-3.65801879497322,0.00831936504806899
1501,60.04,213.067407169351,11.9308457115214,-217.438228857034,-13.6665863776408,432.241376692505,0,0,0,0,-17.7597305754701,-8.54609777652107,-4.90753770666922e-05,0.000111014757706092,-3.66999436867839,0.00831859096949115
1502,60.08,213.070344901301,11.9344906775333,-217.433758210638,-13.6668036362071,432.236416070613,0,0,0,0,-17.760013468234,-8.53812627706892,-4.90751200688772e-05,0.000111013791530059,-3.6817201062104,0.00831782762884093
1503,60.12,213.073149710684,11.9379946800528,-217.429350764327,-13.6670213018409,432.231527096798,0,0,0,0,-17.7602968880733,-8.53034273450385,-4.90748633617006e-05,0.000111012821914006,-3.69319531590326,0.00831707526603334
1504,60.16,213.07582506491,11.9413610584066,-217.425006763428,-13.6672393611791,432.226710131111,0,0,0,0,-17.7605808175967,-8.52274467490757,-4.90746069803768e-05,0.000111011848879193,-3.7044193228611,0.0083163341180759
1505,60.2,213.078377119707,11.9445958426161,-217.42072644759,-13.6674578008307,432.221965525512,0,0,0,0,-17.760865239377,-8.51532711528575,-4.90743509601917e-05,0.000111010872447803,-3.71539146899848,0.00831560441899369
1506,60.24,213.08081450312,11.9477075374355,-217.416510050771,-13.667676607377,432.217293623832,0,0,0,0,-17.761150135951,-8.50808272407711,-4.90740953364153e-05,0.000111009892642194,-3.72611111307991,0.00831488639975504
1507,60.28,213.083147994118,11.9507068009868,-217.412357801237,-13.6678957673727,432.212694761741,0,0,0,0,-17.7614354898212,-8.50100208310609,-4.90738401442881e-05,0.000111008909484249,-3.73657763075833,0.0083141802881978
1508,60.32,213.085390116827,11.9536060390182,-217.408269921553,-13.6681152673462,432.208169266708,0,0,0,0,-17.7617212834555,-8.49407403233111,-4.90735854190801e-05,0.000111007922997233,-3.74679041461273,0.00831348630895616
1509,60.36,213.087554679276,11.9564189436791,-217.404246628577,-13.6683350938002,432.203717457974,0,0,0,0,-17.7620074992887,-8.48728608333971,-4.90733311963776e-05,0.000111006933203841,-3.7567488741848,0.00831280468338806
1510,60.4,213.089656281003,11.9591600011598,-217.400288133463,-13.6685552332121,432.199339646519,0,0,0,0,-17.7622941197229,-8.4806248770672,-4.90730775109849e-05,0.000111005940127398,-3.76645243601458,0.00831213562950347
1511,60.44,213.091709809946,11.9618439885994,-217.396394641655,-13.6687756720348,432.195036135036,0,0,0,0,-17.7625811271284,-8.4740766599581,-4.90728243987725e-05,0.000111004943791453,-3.77590054367517,0.00831147936189354
1512,60.48,213.093729950577,11.9644854822549,-217.392566352885,-13.6689963966973,432.190807217905,0,0,0,0,-17.7628685038442,-8.46762776357225,-4.90725718950358e-05,0.000111003944219555,-3.78509265780636,0.00831083609166061
1513,60.52,213.09573071887,11.9670983924886,-217.388803461175,-13.6692173936052,432.186653181162,0,0,0,0,-17.7631562321792,-8.46126506850511,-4.90723200348559e-05,0.000111002941435768,-3.79402825614723,0.00831020602634915
1514,60.56,213.097725033636,11.9696955351327,-217.385106154838,-13.6694386491411,432.182574302482,0,0,0,0,-17.7634442944126,-8.45497643352227,-4.90720688540616e-05,0.000111001935464791,-3.80270683356763,0.00830958936987738
1515,60.6,213.099724335248,11.9722882502359,-217.381474616475,-13.6696601496659,432.178570851153,0,0,0,0,-17.7637326727949,-8.4487510820745,-4.90718183877791e-05,0.000111000926330442,-3.81112790209852,0.00830898632246953
1516,60.64,213.101738259277,11.9748860757197,-217.377909022979,-13.6698818815184,432.174643088054,0,0,0,0,-17.7640213495486,-8.4425799354996,-4.90715686716901e-05,0.000110999914057636,-3.81929099096116,0.008308397080589
1517,60.68,213.103774369133,11.9774964800506,-217.374409545538,-13.6701038310169,432.170791265637,0,0,0,0,-17.7643103068692,-8.43645588059801,-4.90713197410894e-05,0.000110998898671538,-3.8271956465951,0.00830782183687222
1518,60.72,213.105837955105,11.9801246612944,-217.370976349632,-13.6703259844592,432.167015627902,0,0,0,0,-17.7645995269258,-8.43037396913369,-4.90710716314519e-05,0.00011099788019762,-3.83484143268492,0.00830726078006367
1519,60.76,213.107931906307,11.9827734190843,-217.367609595038,-13.6705483281235,432.163316410384,0,0,0,0,-17.764888991862,-8.42433154563829,-4.9070824378601e-05,0.000110996858661128,-3.84222793018585,0.00830671409495182
1520,60.8,213.110056658339,11.9854431023076,-217.36430943583,-13.670770848269,432.159693840131,0,0,0,0,-17.7651786837968,-8.41832829696918,-4.90705780176433e-05,0.000110995834087805,-3.84935473734798,0.00830618196230618
1521,60.84,213.112210219858,11.9881316356899,-217.361076020381,-13.6709935311366,432.156148135686,0,0,0,0,-17.7654685848254,-8.4123662242381,-4.90703325840474e-05,0.000110994806504437,-3.85622146973938,0.00830566455881521
1522,60.88,213.114388279578,11.9908346268202,-217.357909491365,-13.6712163629494,432.152679507072,0,0,0,0,-17.7657586770201,-8.40644954013078,-4.90700881133827e-05,0.000110993775937061,-3.86282776026785,0.0083051620570251
1523,60.92,213.116584390413,11.9935455503061,-217.354809985754,-13.6714393299137,432.149288155775,0,0,0,0,-17.7660489424311,-8.40058449348,-4.90698446409605e-05,0.000110992742412468,-3.86917325920144,0.00830467462527927
1524,60.96,213.118790223932,11.99625600225,-217.351777634824,-13.6716624182193,432.145974274726,0,0,0,0,-17.7663393630878,-8.39477912840911,-4.90696022024465e-05,0.000110991705957808,-3.8752576341878,0.008304202427659
1525,61,213.120995884195,11.9989560141014,-217.348812564152,-13.6718856140406,432.142738048286,0,0,0,0,-17.7666299209989,-8.38904298816898,-4.90693608331314e-05,0.000110990666600493,-3.88108057027215,0.00830374562392488
1526,61.04,213.123190266164,12.001634411085,-217.345914893621,-13.6721089035368,432.139579652236,0,0,0,0,-17.766920598154,-8.38338677522794,-4.90691205683818e-05,0.000110989624368087,-3.88664176991409,0.00830330436945955
1527,61.08,213.125361442309,12.0042791988177,-217.343084737413,-13.6723322728531,432.136499253758,0,0,0,0,-17.7672113765244,-8.37782198377898,-4.90688814439016e-05,0.000110988579288808,-3.89194095300322,0.00830287881521151
1528,61.12,213.127497058888,12.006877959607,-217.340322204021,-13.6725557081213,432.133497011423,0,0,0,0,-17.7675022380638,-8.37236052092604,-4.90686434946728e-05,0.000110987531391179,-3.89697785687344,0.00830246910764009
1529,61.16,213.129584722846,12.0094182393616,-217.337627396238,-13.6727791954602,432.130573075183,0,0,0,0,-17.7677931647095,-8.36701433113731,-4.90684067567915e-05,0.000110986480703622,-3.90175223631622,0.00830207538866135
1530,61.2,213.13161236408,12.0118879098722,-217.33500041117,-13.6730027209769,432.127727586355,0,0,0,0,-17.7680841383833,-8.36179504062998,-4.90681712651927e-05,0.00011098542725512,-3.90626386359254,0.00830169779559493
1531,61.24,213.133568561106,12.0142754944845,-217.332441340226,-13.6732262707671,432.124960677615,0,0,0,0,-17.7683751409925,-8.35671363572832,-4.90679370561199e-05,0.000110984371075318,-3.91051252844386,0.00830133646111203
1532,61.28,213.135442820705,12.0165704477624,-217.329950269131,-13.6734498309161,432.12227247299,0,0,0,0,-17.7686661544306,-8.35178018354412,-4.90677041643843e-05,0.000110983312193657,-3.9144980381018,0.00830099151318441
1533,61.32,213.137225807838,12.0187633854123,-217.327527277921,-13.6736733874994,432.119663087847,0,0,0,0,-17.7689571605789,-8.34700360226997,-4.90674726255359e-05,0.000110982250640174,-3.91822021729686,0.00830066307503469
1534,61.36,213.138909526244,12.0208462648877,-217.325172440951,-13.6738969265837,432.117132628892,0,0,0,0,-17.7692481413071,-8.34239148446285,-4.9067242475759e-05,0.000110981186445067,-3.92167890826603,0.00830035126508796
1535,61.4,213.140487451725,12.0228125186854,-217.322885826896,-13.6741204342275,432.114681194164,0,0,0,0,-17.7695390784742,-8.33794997033078,-4.90670137497157e-05,0.00011098011963905,-3.92487397075934,0.00830005619692454
1536,61.44,213.141954623591,12.0246571457997,-217.320667498759,-13.6743438964822,432.112308873033,0,0,0,0,-17.7698299539301,-8.33368366786986,-4.90667864832145e-05,0.000110979050252614,-3.92780528204539,0.00829977797923398
1537,61.48,213.14330770086,12.0263767679273,-217.318517513875,-13.6745672993923,432.1100157462,0,0,0,0,-17.770120749516,-8.32959561543478,-4.90665607113613e-05,0.00011097797831709,-3.93047273691585,0.00829951671577005
1538,61.52,213.144544987129,12.0279696543453,-217.316435923919,-13.6747906289971,432.1078018857,0,0,0,0,-17.7704114470662,-8.32568727799535,-4.90663364696276e-05,0.000110976903863667,-3.93287624768899,0.00829927250530692
1539,61.56,213.145666428047,12.0294357193927,-217.314422774915,-13.6750138713308,432.1056673549,0,0,0,0,-17.7707020284083,-8.32195857116808,-4.90661137933213e-05,0.000110975826924027,-3.93501574421213,0.00829904544159654
1540,61.6,213.14667358509,12.0307764962453,-217.312478107242,-13.6752370124235,432.103612208511,0,0,0,0,-17.7709924753653,-8.3184079102526,-4.90658927173099e-05,0.000110974747529986,-3.93689117386315,0.00829883561332737
1541,61.64,213.147569585165,12.0319950865265,-217.310601955648,-13.6754600383023,432.101636492589,0,0,0,0,-17.7712827697556,-8.31503227932141,-4.90656732768983e-05,0.000110973665713691,-3.93850250155088,0.00829864310408461
1542,61.68,213.148359044096,12.0330960837995,-217.308794349259,-13.6756829349921,432.099740244548,0,0,0,0,-17.7715728933952,-8.31182731754916,-4.90654555069635e-05,0.000110972581507329,-3.93984970971456,0.0082984679923117
1543,61.72,213.149047963421,12.0340854703603,-217.307055311591,-13.6759056885163,432.097923493168,0,0,0,0,-17.7718628280982,-8.30878742503178,-4.90652394424599e-05,0.000110971494943825,-3.94093279832213,0.00829831035127323
1544,61.76,213.149643598746,12.0349704855986,-217.305384860566,-13.6761282848975,432.096186258611,0,0,0,0,-17.7721525556778,-8.30590588899799,-4.9065025118349e-05,0.000110970406055969,-3.94175178486751,0.00829817024901904
1545,61.8,213.150154297743,12.0357594639952,-217.303783008519,-13.6763507101591,432.094528552426,0,0,0,0,-17.7724420579481,-8.3031750312951,-4.90648125689995e-05,0.000110969314876682,-3.94230670436677,0.00829804774834961
1546,61.84,213.15058930821,12.0364616431795,-217.302249762221,-13.6765729503254,432.092950377576,0,0,0,0,-17.7727313167246,-8.30058638030578,-4.90646018292176e-05,0.000110968221439366,-3.94259760935319,0.00829794290678282
1547,61.88,213.150958557453,12.0370869433164,-217.300785122886,-13.676794991423,432.091451728445,0,0,0,0,-17.773020313826,-8.29813086747551,-4.90643929333503e-05,0.000110967125777661,-3.94262456987112,0.00829785577652221
1548,61.92,213.15127240559,12.0376457204022,-217.299389086191,-13.6770168194815,432.09003259086,0,0,0,0,-17.7733090310747,-8.29579904646767,-4.9064185915577e-05,0.000110966027925398,-3.94238767346876,0.00829778640442672
1549,61.96,213.151541378177,12.0381484988921,-217.298061642291,-13.6772384205345,432.08869294211,0,0,0,0,-17.7735974502986,-8.29358133351139,-4.90639808099474e-05,0.000110964927916528,-3.94188702518975,0.00829773483198194
1550,62,213.151775884298,12.0386056897868,-217.296802775831,-13.6774597806205,432.087432750963,0,0,0,0,-17.7738855533319,-8.29146826410831,-4.90637776505587e-05,0.000110963825785293,-3.94112274756349,0.00829770109527269
1551,62.04,213.151985926157,12.0390273002177,-217.295612465969,-13.6776808857839,432.086251977692,0,0,0,0,-17.7741733220167,-8.28945075825098,-4.90635764707799e-05,0.000110962721565988,-3.94009498059439,0.00829768522495703
1552,62.08,213.152180807598,12.0394226419673,-217.294490686384,-13.6779017220759,432.08515057409,0,0,0,0,-17.7744607382039,-8.2875203873417,-4.90633773042851e-05,0.000110961615293294,-3.93880388174977,0.00829768724624163
1553,62.12,213.152368849403,12.0398000467553,-217.293437405298,-13.6781222755554,432.0841284835,0,0,0,0,-17.7747477837546,-8.28566963574072,-4.90631801845621e-05,0.000110960507001987,-3.93724962594667,0.00829770717885858
1554,62.16,213.152557118097,12.0401665950429,-217.29245258549,-13.67834253229,432.083185640834,0,0,0,0,-17.7750344405412,-8.28389214852935,-4.90629851443711e-05,0.000110959396727311,-3.93543240553728,0.00829774503704384
1555,62.2,213.152751174675,12.0405278647471,-217.291536184313,-13.6785624783571,432.082321972598,0,0,0,0,-17.7753206904492,-8.2821829585986,-4.90627922168131e-05,0.000110958284504045,-3.93335243029332,0.00829780082951727
1556,62.24,213.152954849532,12.040887706167,-217.290688153709,-13.6787820998448,432.081537396918,0,0,0,0,-17.7756065153777,-8.28053868778959,-4.90626014343908e-05,0.000110957170367609,-3.93100992738904,0.00829787455946418
1557,62.28,213.153170049434,12.0412480489448,-217.289908440223,-13.6790013828528,432.080831823566,0,0,0,0,-17.7758918972412,-8.27895771702995,-4.9062412829554e-05,0.000110956054353524,-3.92840514138312,0.00829796622451846
1558,62.32,213.153396602345,12.0416087468818,-217.289196985027,-13.6792203134937,432.080205153984,0,0,0,0,-17.776176817971,-8.27744032147977,-4.90622264343244e-05,0.00011095493649731,-3.92553833419925,0.0082980758167471
1559,62.36,213.153632146077,12.0419674665799,-217.288553723928,-13.6794388778936,432.079657281319,0,0,0,0,-17.776461259516,-8.27598876727682,-4.90620422803416e-05,0.000110953816834684,-3.92240978510561,0.00829820332263625
1560,62.4,213.153872066589,12.0423196257274,-217.287978587387,-13.6796570621933,432.079188090442,0,0,0,0,-17.7767452038448,-8.27460736573346,-4.90618603994775e-05,0.000110952695401351,-3.91901979069308,0.00829834872307889
1561,62.44,213.154109492081,12.0426583871832,-217.287471500536,-13.6798748525497,432.078797457984,0,0,0,0,-17.7770286329461,-8.27330248045483,-4.90616808228168e-05,0.000110951572233155,-3.91536866485235,0.00829851199336407
1562,62.48,213.154335349425,12.0429747153924,-217.287032383196,-13.6800922351363,432.078485252365,0,0,0,0,-17.777311528831,-8.27208248273921,-4.9061503581215e-05,0.000110950447366006,-3.91145673874978,0.00829869310316803
1563,62.52,213.154538488715,12.0432575009256,-217.286661149888,-13.6803091961443,432.078251333822,0,0,0,0,-17.7775938735337,-8.27095764935815,-4.90613287054778e-05,0.000110949320836146,-3.90728436080223,0.00829889201654675
1564,62.56,213.154705880564,12.043493757759,-217.286357709858,-13.6805257217843,432.078095554447,0,0,0,0,-17.7778756491132,-8.2699399963363,-4.90611562258195e-05,0.000110948192679239,-3.90285189665066,0.00829910869193028
1565,62.6,213.154822889372,12.0436688965308,-217.286121967088,-13.6807417982866,432.078017758215,0,0,0,0,-17.7781568376547,-8.26904304351213,-4.90609861724408e-05,0.000110947062931515,-3.89815972913271,0.00829934308211847
1566,62.64,213.154873623389,12.0437670745832,-217.285953820316,-13.6809574119026,432.078017781025,0,0,0,0,-17.7784374212709,-8.2682815058876,-4.90608185751983e-05,0.00011094593162913,-3.89320825825417,0.00829959513427826
1567,62.68,213.154841359334,12.043771620568,-217.285853163056,-13.681172548906,432.078095450728,0,0,0,0,-17.7787173821033,-8.26767091041896,-4.90606534632571e-05,0.00011094479880816,-3.88799790115932,0.00829986478994263
1568,62.72,213.15470903595,12.0436655279862,-217.285819883615,-13.6813871955937,432.078250587173,0,0,0,0,-17.778996702324,-8.26722714137441,-4.90604908660016e-05,0.000110943664504976,-3.88252909210033,0.0083001519850112
1569,62.76,213.154459806254,12.0434320074148,-217.285853865112,-13.6816013382871,432.078483002238,0,0,0,0,-17.7792753641368,-8.26696592194703,-4.90603308123987e-05,0.000110942528755431,-3.87680228240545,0.00830045664975262
1570,62.8,213.154077633337,12.0430550822919,-217.285954985499,-13.681814963333,432.078792499878,0,0,0,0,-17.7795533497788,-8.26690224517153,-4.90601733310957e-05,0.000110941391595767,-3.87081794044627,0.00830077870880861
1571,62.84,213.153547910455,12.0425202089863,-217.286123117587,-13.6820280571048,432.07917887616,0,0,0,0,-17.7798306415218,-8.26704977405173,-4.90600184505537e-05,0.000110940253062455,-3.8645765516039,0.00830111808119973
1572,62.88,213.152858081779,12.0418148975291,-217.286358129056,-13.6822406060039,432.079641919309,0,0,0,0,-17.7801072216739,-8.26742023589098,-4.90598661989262e-05,0.000110939113191148,-3.85807861823411,0.00830147468033277
1573,62.92,213.151998236371,12.0409293055659,-217.28665988249,-13.6824525964603,432.080181409756,0,0,0,0,-17.7803830725809,-8.26802283884432,-4.90597166038549e-05,0.000110937972018551,-3.85132465963138,0.00830184841400969
1574,62.96,213.150961646693,12.0398567768429,-217.287028235391,-13.6826640149343,432.080797120175,0,0,0,0,-17.7806581766276,-8.26886374136647,-4.90595696933476e-05,0.000110936829580354,-3.84431521199198,0.00830223918443822
1575,63,213.149745223434,12.0385942960191,-217.28746304021,-13.6828748479172,432.081488815542,0,0,0,0,-17.7809325162398,-8.26994560545262,-4.90594254945747e-05,0.00011093568591291,-3.8370508283759,0.00830264688824427
1576,63.04,213.148349859914,12.0371428330369,-217.287964144364,-13.6830850819328,432.082256253174,0,0,0,0,-17.7812060738852,-8.2712672609103,-4.90592840347848e-05,0.000110934541052245,-3.82953207866782,0.00830307141648599
1577,63.08,213.146780643049,12.0355075540697,-217.288531390266,-13.6832947035383,432.083099182784,0,0,0,0,-17.7814788320754,-8.27282350321412,-4.90591453410754e-05,0.000110933395034146,-3.8217595495369,0.0083035126546697
1578,63.12,213.145046913871,12.0336978820143,-217.289164615348,-13.6835036993259,432.08401734653,0,0,0,0,-17.7817507733672,-8.27460504150969,-4.90590094397454e-05,0.00011093224789503,-3.81373384439559,0.00830397048276755
1579,63.16,213.143162167285,12.0317273962263,-217.289863652087,-13.6837120559234,432.085010479069,0,0,0,0,-17.7820218803641,-8.27659860523193,-4.90588763576524e-05,0.000110931099670603,-3.80545558335726,0.00830444477523681
1580,63.2,213.141143788316,12.0296135687358,-217.290628328034,-13.6839197599957,432.08607830761,0,0,0,0,-17.7822921357181,-8.27878720940517,-4.90587461211524e-05,0.000110929950396779,-3.79692540319282,0.00830493540104082
1581,63.24,213.139012630166,12.0273773422797,-217.291458465835,-13.684126798246,432.087220551967,0,0,0,0,-17.782561522131,-8.28115057109633,-4.90586187559039e-05,0.000110928800109377,-3.78814395728619,0.00830544222367155
1582,63.28,213.136792446999,12.0250425630618,-217.292353883261,-13.6843331574172,432.088436924615,0,0,0,0,-17.7828300223561,-8.28366566199496,-4.90584942881998e-05,0.000110927648844372,-3.77911191558869,0.00830596510117391
1583,63.32,213.134509201324,12.0226352881053,-217.293314393237,-13.6845388242925,432.089727130748,0,0,0,0,-17.7830976191995,-8.28630737591354,-4.90583727433624e-05,0.000110926496637634,-3.76982996457228,0.00830650388617166
1584,63.36,213.132190272071,12.0201829933014,-217.294339803866,-13.6847437856973,432.091090868333,0,0,0,0,-17.7833642955223,-8.28904928595735,-4.9058254147025e-05,0.000110925343524922,-3.76029880718174,0.00830705842589527
1585,63.4,213.129863594064,12.0177137128495,-217.295429918456,-13.6849480285,432.092527828171,0,0,0,0,-17.7836300342415,-8.2918644632058,-4.905813852454e-05,0.000110924189541961,-3.75051916278572,0.00830762856221138
1586,63.44,213.127556762146,12.0152551433551,-217.296584535551,-13.6851515396131,432.094037693955,0,0,0,0,-17.7838948183319,-8.29472632696151,-4.90580259006524e-05,0.000110923034724833,-3.74049176712669,0.008308214131654
1587,63.48,213.12529613405,12.0128337466735,-217.297803448958,-13.6853543059951,432.09562014233,0,0,0,0,-17.7841586308278,-8.29760949675392,-4.90579163005578e-05,0.000110921879108849,-3.73021737226973,0.00830881496545736
1588,63.52,213.12310596517,12.0104738846411,-217.299086447773,-13.685556314651,432.097274842952,0,0,0,0,-17.7844214548243,-8.30049061755446,-4.90578097486966e-05,0.000110920722730188,-3.7196967465503,0.00830943088959044
1589,63.56,213.121007605673,12.0081970161633,-217.300433316409,-13.6857575526339,432.099001458553,0,0,0,0,-17.7846832734793,-8.30334913150687,-4.90577062696389e-05,0.000110919565624491,-3.70893067452083,0.00831006172479323
1590,63.6,213.119018786602,12.0060209832796,-217.30184383463,-13.6859580070461,432.100799644998,0,0,0,0,-17.7849440700149,-8.30616797186258,-4.90576058874852e-05,0.00011091840782734,-3.69791995689627,0.0083107072866147
1591,63.64,213.117153017137,12.0039594083966,-217.303317777573,-13.6861576650407,432.102669051353,0,0,0,0,-17.7852038277188,-8.30893415764476,-4.90575086267275e-05,0.000110917249374793,-3.68666541049853,0.00831136738545268
1592,63.68,213.115419110596,12.0020212202503,-217.304854915777,-13.6863565138222,432.104609319945,0,0,0,0,-17.7854625299465,-8.31163927030706,-4.90574145108438e-05,0.00011091609030224,-3.67516786819982,0.00831204182659537
1593,63.72,213.113820852291,12.0002103217299,-217.306455015218,-13.6865545406484,432.106620086427,0,0,0,0,-17.7857201601224,-8.31427979630983,-4.90573235638915e-05,0.000110914930645742,-3.66342817886494,0.00831273041026467
1594,63.76,213.11235681843,11.9985254087462,-217.30811783733,-13.6867517328314,432.108700979845,0,0,0,0,-17.7859767017418,-8.31685732237779,-4.90572358093229e-05,0.000110913770440977,-3.65144720729247,0.00831343293166108
1595,63.8,213.111020351704,11.996959945782,-217.309843139039,-13.6869480777388,432.1108516227,0,0,0,0,-17.7862321383724,-8.31937857336766,-4.90571512704696e-05,0.000110912609723733,-3.63922583415492,0.00831414918101037
1596,63.84,213.109799695802,11.9955023003703,-217.311630672792,-13.6871435627951,432.113071631018,0,0,0,0,-17.786486453656,-8.32185528602703,-4.90570699705376e-05,0.000110911448530028,-3.62676495593786,0.00831487894361193
1597,63.88,213.108678287899,11.9941360355481,-217.313480186582,-13.6873381754829,432.115360614415,0,0,0,0,-17.78673963131,-8.32430391592117,-4.90569919325029e-05,0.000110910286895482,-3.61406548487787,0.0083156219998888
1598,63.92,213.107635205137,11.9928403562987,-217.315391423983,-13.6875319033442,432.117718176166,0,0,0,0,-17.7869916551295,-8.32674517968823,-4.90569171792868e-05,0.000110909124856273,-3.60112834889966,0.00831637812543951
1599,63.96,213.106645757934,11.9915907028214,-217.317364124176,-13.6877247339818,432.120143913271,0,0,0,0,-17.7872425089884,-8.32920344025013,-4.90568457337019e-05,0.000110907962447956,-3.58795449155192,0.0083171470910915
1600,64,213.105682219327,11.9903594798416,-217.319398021982,-13.6879166550604,432.122637416528,0,0,0,0,-17.7874921768414,-8.33170594853599,-4.90567776178019e-05,0.000110906799706809,-3.57454487194236,0.00831792866295627
1601,64.04,213.104714675267,11.9891169068619,-217.32149284789,-13.6881076543079,432.125198270603,0,0,0,0,-17.7877406427259,-8.33428196166425,-4.90567128540152e-05,0.000110905636668716,-3.56090046467157,0.00831872260248611
1602,64.08,213.103711975584,11.9878319690921,-217.323648328089,-13.6882977195169,432.127826054098,0,0,0,0,-17.7879878907632,-8.33696176388312,-4.90566514643829e-05,0.000110904473369822,-3.54702225976599,0.0083195286665325
1603,64.12,213.102642759562,11.986473442981,-217.325864184497,-13.6884868385458,432.130520339624,0,0,0,0,-17.7882339051603,-8.33977562247882,-4.90565934706429e-05,0.000110903309845626,-3.53291126260978,0.00832034660740621
1604,64.16,213.101476524133,11.9850109643729,-217.328140134795,-13.6886749993202,432.133280693876,0,0,0,0,-17.7884786702121,-8.34275271602067,-4.90565388944975e-05,0.000110902146132702,-3.51856849387577,0.00832117617293902
1605,64.2,213.100184697289,11.9834161018787,-217.330475892458,-13.6888621898342,432.136106677703,0,0,0,0,-17.7887221703023,-8.34592007602101,-4.90564877572991e-05,0.000110900982266675,-3.50399498945533,0.00832201710654716
1606,64.24,213.098741674929,11.981663393682,-217.332871166786,-13.6890483981515,432.138997846184,0,0,0,0,-17.7889643899057,-8.34930158490229,-4.90564400800608e-05,0.000110899818283921,-3.48919180038736,0.0083228691472963
1607,64.28,213.097125776796,11.9797313034347,-217.335325662935,-13.689233612407,432.141953748703,0,0,0,0,-17.7892053135897,-8.35291707306642,-4.90563958835294e-05,0.000110898654220118,-3.47415999278619,0.00832373202996812
1608,64.32,213.095320076902,11.9776030506389,-217.337839081953,-13.6894178208079,432.144973929024,0,0,0,0,-17.7894449260159,-8.35678155553439,-4.90563551886647e-05,0.000110897490111457,-3.45890064776853,0.00832460548512855
1609,64.36,213.093313066368,11.9752672734471,-217.340411120811,-13.6896010116352,432.148057925367,0,0,0,0,-17.7896832119419,-8.36090464381488,-4.90563180155148e-05,0.000110896325993902,-3.44341486137951,0.00832548923919746
1610,64.4,213.091099112445,11.9727184876375,-217.343041472434,-13.6897831732448,432.151205270486,0,0,0,0,-17.7899201562231,-8.36529016165865,-4.90562843840652e-05,0.00011089516190325,-3.4277037445176,0.00832638301452001
1611,64.44,213.088678686653,11.969957314715,-217.345729825739,-13.6899642940689,432.154415491746,0,0,0,0,-17.7901557438141,-8.36993598441198,-4.90562543144274e-05,0.000110893997875913,-3.41176842285868,0.00832728652943952
1612,64.48,213.086058346876,11.9669904639579,-217.348475865665,-13.6901443626172,432.1576881112,0,0,0,0,-17.7903899597708,-8.37483411123651,-4.90562278259486e-05,0.000110892833947369,-3.39561003677904,0.00832819949837183
1613,64.52,213.083250471682,11.9638304666952,-217.351279273206,-13.6903233674784,432.161022645672,0,0,0,0,-17.7906227892517,-8.37997096798582,-4.90562049376923e-05,0.000110891670153766,-3.37922974127755,0.0083291216318812
1614,64.56,213.08027275905,11.9604951749921,-217.354139725451,-13.6905012973215,432.16441860683,0,0,0,0,-17.7908542175199,-8.38532792718119,-4.90561856689006e-05,0.000110890506531057,-3.36262870589665,0.00833005263675756
1615,64.6,213.077147514816,11.9570070500496,-217.357056895612,-13.6906781408969,432.167875501275,0,0,0,0,-17.7910842299448,-8.39088202098454,-4.90561700380788e-05,0.000110889343114733,-3.34580811464263,0.00833099221609533
1616,64.64,213.073900767423,11.9533922769103,-217.360030453061,-13.6908538870377,432.171392830612,0,0,0,0,-17.7913128120033,-8.39660681402237,-4.90561580633312e-05,0.000110888179940829,-3.32876916590476,0.00833194006937359
1617,64.68,213.070561254176,11.949679750666,-217.363060063368,-13.6910285246613,432.174970091539,0,0,0,0,-17.7915399492823,-8.40247339591474,-4.9056149762876e-05,0.000110887017044959,-3.31151307237359,0.00833289589253772
1618,64.72,213.067159329486,11.9458999846596,-217.36614538833,-13.6912020427705,432.178606775926,0,0,0,0,-17.7917656274798,-8.40845144886421,-4.90561451540968e-05,0.000110885854462524,-3.29404106095824,0.00833385937808245
1619,64.76,213.063725847231,11.9420839928002,-217.369286086012,-13.6913744304545,432.182302370897,0,0,0,0,-17.7919898324065,-8.41451034369803,-4.90561442547882e-05,0.000110884692229128,-3.27635437270288,0.00833483021513624
1620,64.8,213.060291067372,11.9382621961314,-217.372481810784,-13.6915456768909,432.186056358915,0,0,0,0,-17.7922125499881,-8.42062021849898,-4.90561470816872e-05,0.000110883530380019,-3.25845426270209,0.00833580808954697
1621,64.84,213.056883631837,11.9344633986691,-217.375732213348,-13.6917157713463,432.189868217863,0,0,0,0,-17.7924337662665,-8.42675299707472,-4.90561536514559e-05,0.000110882368950523,-3.24034200001551,0.00833679268396897
1622,64.88,213.053529647147,11.9307138699817,-217.379036940787,-13.691884703178,432.193737421131,0,0,0,0,-17.7926534674013,-8.43288330953981,-4.9056163980486e-05,0.000110881207975727,-3.22201886758142,0.00833778367795136
1623,64.92,213.050251902268,11.9270365629955,-217.382395636592,-13.6920524618351,432.197663437699,0,0,0,0,-17.7928716396721,-8.43898928361196,-4.90561780850325e-05,0.000110880047490977,-3.20348616212949,0.00833878074802757
1624,64.96,213.047069240733,11.9234504860709,-217.385807940702,-13.6922190368597,432.201645732223,0,0,0,0,-17.7930882694797,-8.44505318245583,-4.90561959806792e-05,0.000110878887530767,-3.18474519409257,0.00833978356780628
1625,65,213.043996097153,11.9199702394635,-217.389273489541,-13.6923844178885,432.205683765119,0,0,0,0,-17.7933033433477,-8.45106187238527,-4.90562176828732e-05,0.000110877728129951,-3.16579728751764,0.00834079180806355
1626,65.04,213.041042200512,11.9166057185735,-217.392791916058,-13.6925485946537,432.20977699265,0,0,0,0,-17.7935168479245,-8.45700711129345,-4.90562432065885e-05,0.000110876569323422,-3.14664377997576,0.00834180513683615
1627,65.08,213.038212440617,11.9133619803484,-217.396362849758,-13.6927115569844,432.213924867011,0,0,0,0,-17.7937287699845,-8.46288565575742,-4.90562725669036e-05,0.000110875411145572,-3.12728602247119,0.00834282321951613
1628,65.12,213.035506889776,11.9102392649101,-217.399985916743,-13.692873294808,432.218126836417,0,0,0,0,-17.7939390964303,-8.46869919132204,-4.90563057778867e-05,0.000110874253630949,-3.10772537934958,0.00834384571894643
1629,65.16,213.032920969044,11.9072331617595,-217.403660739753,-13.6930337981512,432.222382345189,0,0,0,0,-17.7941478142937,-8.4744540961615,-4.90563428537008e-05,0.000110873096813561,-3.08796322820526,0.00834487229551756
1630,65.2,213.030445746855,11.9043349083515,-217.407386938195,-13.6931930571413,432.226690833839,0,0,0,0,-17.7943549107378,-8.48016105312826,-4.90563838082938e-05,0.000110871940727801,-3.06800095978761,0.00834590260726544
1631,65.24,213.028068356934,11.9015318079691,-217.411164128188,-13.6933510620077,432.231051739161,0,0,0,0,-17.7945603730584,-8.4858345291429,-4.90564286547008e-05,0.000110870785407363,-3.04783997790659,0.00834693630997027
1632,65.28,213.025772521747,11.8988077531131,-217.414991922599,-13.6935078030827,432.235464494315,0,0,0,0,-17.7947641886855,-8.49149214401613,-4.90564774062639e-05,0.000110869630886265,-3.02748169933733,0.00834797305725652
1633,65.32,213.023539166612,11.8961438395779,-217.418869931077,-13.6936632708029,432.239928528914,0,0,0,0,-17.794966345185,-8.49715395325984,-4.90565300757807e-05,0.000110868477197929,-3.00692755372384,0.00834901250069391
1634,65.36,213.02134710798,11.8935190546718,-217.422797760097,-13.6938174557108,432.244443269116,0,0,0,0,-17.7951668302606,-8.50284167125288,-4.90565866753766e-05,0.000110867324376119,-2.98617898348189,0.00835005428989935
1635,65.4,213.019173796875,11.890911020617,-217.426775012992,-13.6939703484551,432.249008137706,0,0,0,0,-17.7953656317546,-8.5085778623797,-4.90566472174193e-05,0.000110866172454014,-2.96523744370096,0.00835109807263985
1636,65.44,213.016996095716,11.8882967713166,-217.430801289996,-13.694121939793,432.253622554188,0,0,0,0,-17.7955627376501,-8.51438512835411,-4.90567117134971e-05,0.000110865021464852,-2.94410440204535,0.00835214349493618
1637,65.48,213.014791063848,11.8856535378427,-217.434876188277,-13.6942722205903,432.258285934873,0,0,0,0,-17.7957581360725,-8.52028531992617,-4.90567801749444e-05,0.000110863871441775,-2.92278133865446,0.00835319020116759
1638,65.52,213.012536724792,11.8829595156314,-217.438999301979,-13.6944211818236,432.262997692963,0,0,0,0,-17.7959518152906,-8.52629880041623,-4.90568526129415e-05,0.000110862722417257,-2.90126974604219,0.00835423783417721
1639,65.56,213.010212786614,11.8801945848082,-217.443170222258,-13.6945688145805,432.267757238644,0,0,0,0,-17.7961437637186,-8.53244378689524,-4.90569290386418e-05,0.000110861574424449,-2.87957112899549,0.00835528603537847
1640,65.6,213.007801286371,11.877340954584,-217.447388537323,-13.6947151100616,432.272563979171,0,0,0,0,-17.7963339699174,-8.53873579238862,-4.90570094623127e-05,0.000110860427495664,-2.85768700447212,0.00835633444486229
1641,65.64,213.005287130517,11.8743837036078,-217.451653832468,-13.6948600595811,432.277417318958,0,0,0,0,-17.7965224225958,-8.54518718899716,-4.90570938943018e-05,0.000110859281663472,-2.83561890149755,0.008357382701505
1642,65.68,213.002658505931,11.8713111909523,-217.455965690118,-13.6950036545681,432.282316659665,0,0,0,0,-17.7967091106127,-8.55180690739122,-4.90571823445614e-05,0.000110858136960078,-2.81336836106106,0.00835843044307698
1643,65.72,212.999907141246,11.8681153173892,-217.460323689862,-13.6951458865677,432.287261400287,0,0,0,0,-17.7968940229779,-8.55860028281919,-4.90572748229276e-05,0.000110856993417625,-2.79093693601101,0.00835947730635196
1644,65.76,212.997028405331,11.8647916238245,-217.464727408494,-13.6952867472422,432.292250937242,0,0,0,0,-17.7970771488539,-8.56556905164114,-4.90573713388497e-05,0.000110855851068268,-2.76832619094938,0.00836052292721694
1645,65.8,212.994021238855,11.8613392228147,-217.469176420047,-13.6954262283724,432.29728466446,0,0,0,0,-17.797258477557,-8.57271149591445,-4.90574719015606e-05,0.00011085470994379,-2.74553770212541,0.00836156694078269
1646,65.84,212.990887925017,11.8577605692439,-217.47367029584,-13.6955643218579,432.30236197347,0,0,0,0,-17.7974379985593,-8.58002272690437,-4.90575765202181e-05,0.000110853570075821,-2.72257305732857,0.00836260898149502
1647,65.88,212.987633715765,11.8540610864985,-217.478208604507,-13.6957010197192,432.307482253492,0,0,0,0,-17.7976157014896,-8.58749509194321,-4.90576852032787e-05,0.000110852431495904,-2.69943385578071,0.00836364868324649
1648,65.92,212.984266339249,11.8502486738705,-217.482790912044,-13.6958363140982,432.312644891521,0,0,0,0,-17.7977915761348,-8.59511868304131,-4.9057797959407e-05,0.000110851294235902,-2.67612170802745,0.00836468567948877
1649,65.96,212.98079542186,11.8463331285469,-217.487416781845,-13.6959701972591,432.317849272418,0,0,0,0,-17.7979656124417,-8.60288192040074,-4.90579147971401e-05,0.000110850158326705,-2.65263823582884,0.00836571960334538
1650,66,212.977231863363,11.8423255206921,-217.492085774737,-13.69610266159,432.323094778998,0,0,0,0,-17.7981378005178,-8.61077217987887,-4.90580357241512e-05,0.000110849023799697,-2.62898507204931,0.00836675008772488
1651,66.04,212.973587205747,11.838237562258,-217.496797449028,-13.6962336996034,432.328380792121,0,0,0,0,-17.7983081306332,-8.61877643089051,-4.90581607484206e-05,0.000110847890685922,-2.60516386054683,0.00836777676543443
1652,66.08,212.969873035359,11.8340810090596,-217.50155136054,-13.6963633039375,432.333706690777,0,0,0,0,-17.7984765932214,-8.62688185052883,-4.90582898776217e-05,0.000110846759016344,-2.58117625606142,0.00836879926929382
1653,66.12,212.966100453628,11.8298671314578,-217.506347062651,-13.6964914673572,432.339071852179,0,0,0,0,-17.798643178881,-8.63507638109754,-4.90584231191917e-05,0.00011084562882174,-2.55702392410295,0.00836981723224984
1654,66.16,212.962279644912,11.8256062821554,-217.511184106336,-13.696618182755,432.344475651848,0,0,0,0,-17.7988078783768,-8.64334920169633,-4.90585604804446e-05,0.000110844500132775,-2.53270854083817,0.00837083028749099
1655,66.2,212.958419561203,11.8213075808576,-217.516062040206,-13.696743443152,432.349917463704,0,0,0,0,-17.7989706826411,-8.65169108985082,-4.90587019680818e-05,0.000110843372980231,-2.50823179297715,0.0083718380685625
1656,66.24,212.954527733657,11.8169787257488,-217.520980410548,-13.6968672416987,432.355396660155,0,0,0,0,-17.7991315827748,-8.66009465616805,-4.90588475892215e-05,0.000110842247394751,-2.48359537765897,0.00837284020948162
1657,66.28,212.950610211036,11.8126259318948,-217.525938761369,-13.6969895716763,432.360912612186,0,0,0,0,-17.799290570049,-8.66855444311817,-4.90589973503541e-05,0.000110841123406364,-2.45880100233673,0.00837383634485299
1658,66.32,212.946671616231,11.808253987714,-217.530936634432,-13.6971104264974,432.366464689447,0,0,0,0,-17.7994476359059,-8.67706688768124,-4.90591512576146e-05,0.000110840001045629,-2.43385038466194,0.00837482610998425
1659,66.36,212.942715304713,11.8038664133813,-217.535973569302,-13.6972297997069,432.37205226034,0,0,0,0,-17.7996027719601,-8.68563015609481,-4.90593093175777e-05,0.000110838880342784,-2.40874525236812,0.00837580914100177
1660,66.4,212.938743603677,11.7994656999296,-217.541049103382,-13.6973476849829,432.377674692112,0,0,0,0,-17.7997559699995,-8.69424386642705,-4.9059471535938e-05,0.000110837761327719,-2.38348734315387,0.00837678507496633
1661,66.44,212.934758107969,11.7950536051236,-217.546162771957,-13.6974640761376,432.38333135094,0,0,0,0,-17.7999072219871,-8.70290872070544,-4.90596379185518e-05,0.000110836644030742,-2.35807840456515,0.008377753549989
1662,66.48,212.930760008487,11.7906314818238,-217.551314108237,-13.6975789671183,432.389021602018,0,0,0,0,-17.8000565200614,-8.71162607254112,-4.90598084710496e-05,0.000110835528481449,-2.33252019387695,0.0083787142053469
1663,66.52,212.926750430464,11.7862006162152,-217.556502643392,-13.697692352008,432.394744809649,0,0,0,0,-17.800203856538,-8.7203974584217,-4.90599831984344e-05,0.000110834414710006,-2.30681447797431,0.00837966668159899
1664,66.56,212.922730762084,11.7817625563834,-217.561727906601,-13.6978042250265,432.400500337328,0,0,0,0,-17.8003492239102,-8.72922412137853,-4.9060162106323e-05,0.000110833302746,-2.2809630332326,0.0083806106207018
1665,66.6,212.918702957748,11.7773194155328,-217.566989425087,-13.697914580531,432.406287547833,0,0,0,0,-17.8004926148506,-8.73810655462647,-4.90603451991552e-05,0.000110832192618862,-2.25496764539724,0.00838154566612511
1666,66.64,212.914669804007,11.7728741378773,-217.572286724162,-13.6980234130168,432.412105803309,0,0,0,0,-17.8006340222119,-8.74704409037449,-4.90605324818473e-05,0.000110831084358429,-2.22883010946269,0.00838247146296752
1667,66.68,212.910635139244,11.7684307182735,-217.577619327265,-13.6981307171185,432.417954465354,0,0,0,0,-17.8007734390277,-8.75603455568322,-4.90607239590891e-05,0.00011082997799396,-2.20255222955085,0.00838338765807172
1668,66.72,212.906604020152,11.7639943686575,-217.582986756007,-13.6982364876103,432.423832895111,0,0,0,0,-17.8009108585139,-8.76507401332889,-4.90609196349402e-05,0.000110828873554803,-2.1761358187888,0.00838429390013961
1669,66.76,212.902582829002,11.759571625271,-217.588388530206,-13.6983407194072,432.429740453344,0,0,0,0,-17.8010462740694,-8.77415660141421,-4.90611195134455e-05,0.000110827771070399,-2.1495826991859,0.00838518983984706
1670,66.8,212.898579315728,11.7551703906988,-217.593824167937,-13.6984434075651,432.435676500532,0,0,0,0,-17.8011796792768,-8.78327448122474,-4.9061323598658e-05,0.000110826670569686,-2.12289470151026,0.00838607512995838
1671,66.84,212.894602568386,11.7507999042845,-217.599293185564,-13.6985445472822,432.441640396947,0,0,0,0,-17.801311067904,-8.79241789854989,-4.90615318942062e-05,0.000110825572081892,-2.09607366516468,0.00838694942544042
1672,66.88,212.890662905168,11.7464706341081,-217.604795097784,-13.6986441338992,432.447631502743,0,0,0,0,-17.8014404339045,-8.80157535946129,-4.90617444034327e-05,0.000110824475635651,-2.06912143806189,0.00838781238357633
1673,66.92,212.886771681553,11.7421940840857,-217.610329417671,-13.6987421629,432.453649178038,0,0,0,0,-17.8015677714184,-8.81073391734513,-4.90619611294136e-05,0.00011082338126015,-2.04203987649922,0.00838866366407883
1674,66.96,212.882941007905,11.7379825115348,-217.615895656712,-13.6988386299127,432.459692782995,0,0,0,0,-17.8016930747734,-8.81987956383451,-4.90621820752267e-05,0.000110822288983828,-2.01483084503275,0.0083895029292029
1675,67,212.879183376408,11.7338485540613,-217.621493324851,-13.6989335307099,432.465761677908,0,0,0,0,-17.8018163384854,-8.82899771223076,-4.9062407243688e-05,0.00011082119883525,-1.98749621635085,0.00839032984385779
1676,67.04,212.875511201324,11.7298047697776,-217.627121930526,-13.6990268612091,432.471855223282,0,0,0,0,-17.8019375572595,-8.83807375803901,-4.90626366371739e-05,0.000110820110843202,-1.96003787114712,0.0083911440757184
1677,67.08,212.871936282929,11.7258631012,-217.632780980713,-13.699118617474,432.477972779917,0,0,0,0,-17.8020567259905,-8.84709369746907,-4.9062870257994e-05,0.000110819025035884,-1.93245769799287,0.00839194529533603
1678,67.12,212.868469212389,11.7220342800834,-217.638469980965,-13.6992087957143,432.484113708985,0,0,0,0,-17.8021738397637,-8.85604478117417,-4.90631081082327e-05,0.000110817941441416,-1.90475759320899,0.00839273317624849
1679,67.16,212.865118741709,11.7183271973332,-217.644188435452,-13.6992973922867,432.490277372115,0,0,0,0,-17.802288893856,-8.86491617735527,-4.90633501895837e-05,0.0001108168600879,-1.87693946073733,0.00839350739508958
1680,67.2,212.861891149106,11.7147482683332,-217.649935847003,-13.6993844036951,432.496463131471,0,0,0,0,-17.8024018837357,-8.87369961575234,-4.90635965035941e-05,0.000110815781003157,-1.84900521201157,0.00839426763169783
1681,67.24,212.858789634913,11.7113008288168,-217.655711717144,-13.6994698265914,432.502670349831,0,0,0,0,-17.802512805064,-8.88238998241467,-4.90638470515286e-05,0.000110814704215283,-1.82095676582756,0.00839501356922442
1682,67.28,212.855813785783,11.7079845990306,-217.661515546141,-13.6995536577758,432.50889839067,0,0,0,0,-17.8026216536952,-8.89098583466187,-4.90641018348405e-05,0.000110813629751348,-1.79279604821322,0.00839574489424015
1683,67.32,212.852959144869,11.7047952538745,-217.66734683304,-13.6996358941971,432.515146618232,0,0,0,0,-17.8027284256774,-8.89948980677602,-4.90643608539236e-05,0.000110812557639392,-1.76452499229787,0.00839646129684153
1684,67.36,212.850216922784,11.7017241338308,-217.673205075706,-13.6997165329537,432.521414397613,0,0,0,0,-17.8028331172528,-8.90790887968918,-4.9064624109361e-05,0.000110811487906278,-1.73614553818118,0.00839716247075597
1685,67.4,212.847573878708,11.6987581260268,-217.679089770866,-13.699795571293,432.52770109484,0,0,0,0,-17.8029357248586,-8.91625449244802,-4.90648916018542e-05,0.000110810420579194,-1.70765963280165,0.00839784811344606
1686,67.44,212.845012393199,11.6958797370165,-217.685000414146,-13.6998730066129,432.534006076941,0,0,0,0,-17.8030362451272,-8.92454247928631,-4.90651633311068e-05,0.000110809355685262,-1.67906922980458,0.0083985179262128
1687,67.48,212.842510744476,11.6930673690221,-217.690936500117,-13.6999488364612,432.540328712031,0,0,0,0,-17.8031346748868,-8.93279282358218,-4.90654392971956e-05,0.000110808293250829,-1.65037628940966,0.0083991716142979
1688,67.52,212.840043588285,11.6902957997716,-217.69689752233,-13.7000230585366,432.54666836938,0,0,0,0,-17.8032310111616,-8.94102922839556,-4.9065719500026e-05,0.000110807233302776,-1.6215827782781,0.00839980888698472
1689,67.56,212.837582628862,11.6875368534203,-217.702882973362,-13.7000956706886,432.553024419493,0,0,0,0,-17.8033252511726,-8.94927851218667,-4.90660039386239e-05,0.000110806175867516,-1.59269066937938,0.00840042945769811
1690,67.6,212.835097456067,11.6847602376562,-217.708892344854,-13.7001666709179,432.559396234182,0,0,0,0,-17.8034173923375,-8.95756984707612,-4.90662926123981e-05,0.000110805120971034,-1.56370194185754,0.00840103304410288
1691,67.64,212.832556513225,11.6819345115081,-217.714925127551,-13.7002360573768,432.565783186645,0,0,0,0,-17.8035074322715,-8.96593386497134,-4.90665855204794e-05,0.00011080406863981,-1.53461858089707,0.00840161936820113
1692,67.68,212.829928152649,11.6790281408314,-217.720980811346,-13.700303828369,432.572184651533,0,0,0,0,-17.8035953687869,-8.97440166345447,-4.90668826613449e-05,0.000110803018899171,-1.50544257758843,0.00840218815642831
1693,67.72,212.827181731823,11.6760105944609,-217.727058885318,-13.7003699823502,432.57860000503,0,0,0,0,-17.803681199894,-8.98300374824709,-4.90671840337243e-05,0.000110801971774955,-1.47617592879316,0.00840273913974806
1694,67.76,212.824288702605,11.6728534333878,-217.733158837774,-13.7004345179282,432.58502862492,0,0,0,0,-17.8037649238013,-8.99176895215707,-4.90674896360599e-05,0.000110800927292842,-1.44682063700862,0.00840327205374577
1695,67.8,212.821223648037,11.669531347529,-217.739280156291,-13.7004974338629,432.591469890662,0,0,0,0,-17.803846538915,-9.00072337176077,-4.90677994663256e-05,0.000110799885478168,-1.41737871023229,0.00840378663872074
1696,67.84,212.817965225775,11.6660230991346,-217.745422327754,-13.7005587290665,432.597923183461,0,0,0,0,-17.80392604384,-9.00988936270712,-4.90681135225813e-05,0.000110798846355705,-1.38785216182578,0.00840428263977701
1697,67.88,212.814496983407,11.6623123380758,-217.751584838401,-13.7006184026036,432.604387886335,0,0,0,0,-17.8040034373795,-9.01928463257546,-4.90684318025602e-05,0.000110797809950965,-1.35824301037842,0.00840475980691269
1698,67.92,212.810808018169,11.6583882615276,-217.757767173858,-13.7006764536912,432.610863384191,0,0,0,0,-17.8040787185353,-9.02892146676826,-4.90687543039074e-05,0.000110796776288285,-1.32855327957048,0.00840521789510802
1699,67.96,212.806893461122,11.6542460981208,-217.763968819185,-13.7007328816989,432.617349063886,0,0,0,0,-17.8041518865075,-9.03880611827757,-4.9069081023719e-05,0.000110795745392227,-1.29878499803607,0.00840565666441202
1700,68,212.802754773011,11.6498874037741,-217.770189258915,-13.7007876861487,432.6238443143,0,0,0,0,-17.8042229406951,-9.04893838651002,-4.90694119592632e-05,0.000110794717287488,-1.26894019922567,0.00840607588002777
1701,68.04,212.798399845322,11.6453201627231,-217.776427977091,-13.700840866715,432.630348526405,0,0,0,0,-17.8042918806955,-9.05931140405471,-4.90697471077052e-05,0.000110793691997801,-1.23902092126834,0.00840647531239613
1702,68.08,212.79384290548,11.6405586926889,-217.782684457311,-13.7008924232248,432.636861093326,0,0,0,0,-17.8043587063048,-9.06991164332608,-4.90700864658372e-05,0.000110792669547796,-1.20902920683356,0.00840685473727789
1703,68.12,212.789104229908,11.6356233579197,-217.788958182764,-13.7009423556574,432.64338141041,0,0,0,0,-17.8044234175172,-9.08071914757628,-4.90704300300901e-05,0.000110791649960883,-1.1789671029928,0.00840721393583423
1704,68.16,212.784209673088,11.6305400982191,-217.795248636276,-13.7009906641444,432.64990887529,0,0,0,0,-17.8044860145254,-9.0917079828962,-4.90707777973857e-05,0.000110790633261124,-1.14883666108075,0.00840755269470553
1705,68.2,212.779190024882,11.6253397862458,-217.801555300343,-13.7010373489695,432.656442887949,0,0,0,0,-17.8045464977201,-9.10284689977344,-4.90711297638611e-05,0.000110789619471694,-1.11863993655628,0.00840787080608843
1706,68.24,212.774080212401,11.6200574293598,-217.807877657175,-13.7010824105686,432.662982850785,0,0,0,0,-17.8046048676902,-9.11410018496307,-4.90714859255281e-05,0.000110788608616323,-1.08837898886307,0.00840816806781135
1707,68.28,212.768918366502,11.6147312360961,-217.814215188734,-13.701125849529,432.669528168669,0,0,0,0,-17.8046611252219,-9.12542867711773,-4.90718462788195e-05,0.000110787600718144,-1.05805588129,0.00840844428340838
1708,68.32,212.763744776511,11.6094015708679,-217.820567376776,-13.70116766659,432.676078249009,0,0,0,0,-17.8047152712991,-9.13679091329878,-4.90722108194486e-05,0.000110786595800298,-1.0276726808313,0.0084086992621914
1709,68.36,212.758600759953,11.6041098236702,-217.826933702888,-13.7012078626421,432.682632501812,0,0,0,0,-17.8047673071027,-9.14814436826604,-4.90725795432754e-05,0.000110785593885542,-0.99723145804637,0.00840893281932048
1710,68.4,212.753527476878,11.5988972243909,-217.833313648526,-13.7012464387269,432.68919033974,0,0,0,0,-17.8048172340104,-9.15944674458132,-4.9072952445786e-05,0.000110784594996753,-0.966734286919439,0.00840914477587238
1711,68.44,212.748564721054,11.5938036339781,-217.83970669506,-13.701283396037,432.695751178172,0,0,0,0,-17.8048650535963,-9.17065726928,-4.90733295224884e-05,0.000110783599156509,-0.936183244718969,0.00840933495890732
1712,68.48,212.743749722792,11.5888663472543,-217.846112323807,-13.7013187359153,432.70231443526,0,0,0,0,-17.8049107676304,-9.18173795232757,-4.90737107687856e-05,0.000110782606387525,-0.905580411856833,0.00840950320153397
1713,68.52,212.739116000499,11.5841189444442,-217.852530016076,-13.7013524598549,432.708879531986,0,0,0,0,-17.8049543780783,-9.19265476338805,-4.90740961799035e-05,0.00011078161671183,-0.874927871747304,0.00840964934297283
1714,68.56,212.734692299475,11.5795902299532,-217.858959253201,-13.701384569499,432.715445892221,0,0,0,0,-17.8049958871007,-9.20337868647311,-4.90744857507679e-05,0.00011078063015164,-0.844227710665843,0.00840977322861783
1715,68.6,212.730501656457,11.5753032969026,-217.865399516583,-13.7014150666397,432.722012942778,0,0,0,0,-17.8050352970528,-9.21388661660319,-4.907487947644e-05,0.00011077964672899,-0.813482017607702,0.00840987471009617
1716,68.64,212.726560626435,11.5712747539204,-217.871850287733,-13.7014439532185,432.728580113465,0,0,0,0,-17.8050726104838,-9.22416206839723,-4.90752773515792e-05,0.000110778666465807,-0.78269288414636,0.00840995364532624
1717,68.68,212.722878704173,11.5675141466558,-217.878311048301,-13.7014712313251,432.735146837143,0,0,0,0,-17.8051078301361,-9.23419567328465,-4.90756793711553e-05,0.000110777689383911,-0.751862404291786,0.00841000989857345
1718,68.72,212.719457967144,11.5640236006916,-217.884781280125,-13.7014969031977,432.741712549776,0,0,0,0,-17.8051409589452,-9.2439854495602,-4.90760855292969e-05,0.000110776715504743,-0.720992674348562,0.00841004334050414
1719,68.76,212.716292959169,11.5607977051733,-217.891260465264,-13.7015209712215,432.748276690481,0,0,0,0,-17.8051720000384,-9.25353683752222,-4.90764958209841e-05,0.000110775744849819,-0.690085792773852,0.00841005384823754
1720,68.8,212.713370825188,11.5578236475682,-217.897748086037,-13.701543437929,432.754838701586,0,0,0,0,-17.8052009567346,-9.26286250010923,-4.90769102402449e-05,0.000110774777440618,-0.659143860035237,0.00841004130539588
1721,68.84,212.710671697162,11.5550815995535,-217.904243625064,-13.7015643059992,432.761398028671,0,0,0,0,-17.8052278325433,-9.27198189744143,-4.90773287814398e-05,0.000110773813298207,-0.628168978468428,0.00841000560215261
1722,68.88,212.708169319663,11.5525453425961,-217.910746565302,-13.7015835782569,432.767954120626,0,0,0,0,-17.8052526311639,-9.28092065106946,-4.90777514385541e-05,0.000110772852443991,-0.597163252134862,0.00840994663527851
1723,68.92,212.70583189236,11.5501831104261,-217.917256390085,-13.701601257672,432.774506429692,0,0,0,0,-17.8052753564849,-9.28970972033399,-4.90781782053531e-05,0.000110771894898694,-0.566128786679192,0.00840986430818566
1724,68.96,212.70362309667,11.5479586156797,-217.923772583163,-13.7016173473591,432.781054411513,0,0,0,0,-17.805296012583,-9.2983844188234,-4.90786090761923e-05,0.000110770940683362,-0.53506768918668,0.00840975853096913
1725,69,212.701503266368,11.5458322204997,-217.930294628737,-13.7016318505768,432.787597525181,0,0,0,0,-17.8053146037226,-9.30698330350387,-4.90790440443002e-05,0.000110769989818815,-0.503982068040499,0.00840962922044643
1726,69.04,212.699430657225,11.5437622061663,-217.936822011498,-13.7016447707268,432.794135233284,0,0,0,0,-17.805331134354,-9.31554697254883,-4.9079483103578e-05,0.000110769042325628,-0.472874032778948,0.00840947630019497
1727,69.08,212.697362768502,11.5417060945814,-217.94335421667,-13.7016561113534,432.800667001944,0,0,0,0,-17.8053456091136,-9.32411681019839,-4.90799262474573e-05,0.00011076809822448,-0.441745693952605,0.00840929970058757
1728,69.12,212.695257668895,11.5396219742081,-217.949890730039,-13.7016658761424,432.807192300869,0,0,0,0,-17.8053580328218,-9.33273371808404,-4.90803734692905e-05,0.000110767157535494,-0.410599162981408,0.008409099358826
1729,69.16,212.693075281035,11.5374697845661,-217.956431038,-13.7016740689209,432.81371060339,0,0,0,0,-17.805368410483,-9.3414368723592,-4.90808247620852e-05,0.000110766220279314,-0.379436552011688,0.00840887521897246
1730,69.2,212.690778581753,11.5352125164896,-217.962974627585,-13.7016806936559,432.820221386504,0,0,0,0,-17.8053767472837,-9.35026254469422,-4.90812801190629e-05,0.000110765286475819,-0.348259973773146,0.00840862723197876
1731,69.24,212.68833467986,11.5328172899077,-217.969520986509,-13.7016857544538,432.826724130915,0,0,0,0,-17.805383048592,-9.3592430230129,-4.90817395332437e-05,0.000110764356145235,-0.317071541435801,0.00840835535571318
1732,69.28,212.68571573893,11.5302562766137,-217.976069603201,-13.7016892555593,432.833218321077,0,0,0,0,-17.805387319956,-9.36840566464378,-4.90822029973922e-05,0.000110763429307337,-0.2858733684669,0.00840805955498493
1733,69.32,212.682899718993,11.5275074419691,-217.982619966845,-13.7016912013549,432.839703445224,0,0,0,0,-17.805389567103,-9.37777211069871,-4.90826705040611e-05,0.000110762505982025,-0.254667568487816,0.00840773980156651
1734,69.36,212.679870918087,11.524555086443,-217.989171567414,-13.7016915963596,432.846178995418,0,0,0,0,-17.8053897959383,-9.38735768568935,-4.90831420459305e-05,0.000110761586188771,-0.223456255130933,0.00840739607421391
1735,69.4,212.676620301748,11.5213901751069,-217.995723895708,-13.701690445228,432.852644467577,0,0,0,0,-17.8053880125437,-9.39717100096721,-4.90836176152549e-05,0.000110760669947286,-0.19224154189653,0.00840702835868483
1736,69.44,212.673145615862,11.5180104504829,-218.00227644339,-13.7016877527496,432.859099361519,0,0,0,0,-17.8053842231763,-9.40721377444922,-4.90840972043065e-05,0.000110759757276964,-0.161025542009675,0.00840663664775469
1737,69.48,212.669451285285,11.5144203311691,-218.008828703024,-13.7016835238476,432.865543180987,0,0,0,0,-17.8053784342675,-9.41748087255389,-4.9084580805282e-05,0.000110758848196924,-0.129810368277141,0.00840622094123031
1738,69.52,212.665548107074,11.5106306050658,-218.015380168107,-13.7016777635777,432.871975433693,0,0,0,0,-17.8053706524214,-9.42796057346265,-4.90850684099219e-05,0.00011075794272653,-0.0985981329443553,0.00840578124596104
1739,69.56,212.661452752646,11.5066579315437,-218.02193033311,-13.7016704771276,432.87839563134,0,0,0,0,-17.8053608844134,-9.43863504396647,-4.90855600103151e-05,0.000110757040884609,-0.0673909475523958,0.00840531757584749
1740,69.6,212.657187097781,11.5025241714431,-218.02847869351,-13.7016616698153,432.884803289663,0,0,0,0,-17.805349137189,-9.44948101528772,-4.90860555979964e-05,0.000110756142689924,-0.0361909227950379,0.00840482995184776
1741,69.64,212.652777403049,11.4982555675081,-218.035024745827,-13.7016513470884,432.891197928456,0,0,0,0,-17.8053354178622,-9.46047063657364,-4.90865551641296e-05,0.000110755248161293,-0.00500016837587223,0.00840431840198165
1742,69.68,212.648253370343,11.4938818009282,-218.04156798766,-13.7016395145228,432.897579071597,0,0,0,0,-17.8053197337141,-9.47157247837675,-4.90870587003756e-05,0.000110754357317541,0.0261792071344991,0.00840378296133265
1743,69.72,212.643647103865,11.4894349523205,-218.048107917721,-13.7016261778217,432.903946247087,0,0,0,0,-17.8053020921913,-9.48275265266213,-4.90875661980378e-05,0.00011075347017676,0.0573450964411727,0.00840322367204785
1744,69.76,212.638992006341,11.4849483979595,-218.054644035871,-13.7016113428143,432.910298987067,0,0,0,0,-17.8052825009046,-9.49397601092646,-4.90880776477469e-05,0.000110752586757335,0.088495393667551,0.00840264058333562
1745,69.8,212.634321643738,11.4804556744979,-218.061175843156,-13.7015950154547,432.916636827851,0,0,0,0,-17.8052609676273,-9.50520737812273,-4.90885930406635e-05,0.000110751707077222,0.119627994497834,0.00840203375146073
1746,69.84,212.629668614072,11.4759893477799,-218.067702841839,-13.7015772018204,432.922959309952,0,0,0,0,-17.8052375002936,-9.51641277739543,-4.9089112367535e-05,0.000110750831154356,0.150740796319384,0.00840140323973716
1747,69.88,212.625063457827,11.4715799232741,-218.074224535438,-13.7015579081116,432.929265978102,0,0,0,0,-17.805212106997,-9.52756059947341,-4.90896356190208e-05,0.000110749959006645,0.181831698364954,0.0084007491185184
1748,69.92,212.620533648418,11.4672548365416,-218.080740428757,-13.7015371406494,432.935556381283,0,0,0,0,-17.8051847959885,-9.53862267115529,-4.90901627853441e-05,0.000110749090651644,0.212898601854767,0.00840007146518559
1749,69.96,212.616102700325,11.4630375613834,-218.087250027925,-13.7015149058748,432.941830072742,0,0,0,0,-17.8051555756753,-9.54957518016484,-4.90906938570269e-05,0.000110748226106861,0.243939410138431,0.00839937036413362
1750,70,212.611789429738,11.4589468704943,-218.093752840428,-13.7014912103473,432.948086610019,0,0,0,0,-17.8051244546188,-9.56039941873945,-4.90912288242612e-05,0.000110747365389464,0.274952028836693,0.00839864590675508
1751,70.04,212.60760739763,11.4549962785472,-218.100248375141,-13.7014660607437,432.954325554967,0,0,0,0,-17.8050914415329,-9.57108231576536,-4.9091767676976e-05,0.000110746508516478,0.305934365983008,0.00839789819142216
1752,70.08,212.603564558415,11.4511936908669,-218.106736142366,-13.7014394638564,432.96054647377,0,0,0,0,-17.8050565452823,-9.58161673652962,-4.90923104052169e-05,0.000110745655505117,0.336884332164922,0.00839712732346616
1753,70.12,212.599663129066,11.44754127256,-218.113215653864,-13.7014114265926,432.966748936963,0,0,0,0,-17.8050197748806,-9.59200153973291,-4.90928569983975e-05,0.000110744806372304,0.367799840665259,0.00839633341515465
1754,70.16,212.59589968415,11.4440355435608,-218.119686422891,-13.7013819559723,432.972932519453,0,0,0,0,-17.8049811394889,-9.60224139259202,-4.90934074466215e-05,0.000110743961134326,0.398678807603095,0.00839551658566619
1755,70.2,212.592265472242,11.4406676950645,-218.126147964226,-13.7013510591274,432.979096800532,0,0,0,0,-17.8049406484133,-9.61234635607899,-4.90939617390867e-05,0.000110743119807936,0.429519152074521,0.00839467696106288
1756,70.24,212.588746939313,11.4374241129304,-218.132599794214,-13.7013187433,432.985241363897,0,0,0,0,-17.8048983111036,-9.62233126273593,-4.90945198649964e-05,0.0001107422824095,0.460318796293178,0.00839381467426077
1757,70.28,212.585326435642,11.4342870846078,-218.139041430789,-13.701285015841,432.991365797664,0,0,0,0,-17.8048541371512,-9.63221491849354,-4.90950818138839e-05,0.000110741448955046,0.49107566573057,0.00839292986499842
1758,70.32,212.581983075227,11.4312356585664,-218.145472393513,-13.7012498842086,432.997469694383,0,0,0,0,-17.8048081362871,-9.64201916681288,-4.90956475748748e-05,0.000110740619460657,0.521787689256118,0.00839202267980328
1759,70.36,212.578693710934,11.4282466194647,-218.151892203613,-13.7012133559669,433.003552651049,0,0,0,0,-17.8047603183803,-9.65176785779417,-4.90962171366507e-05,0.000110739793942249,0.552452799276987,0.00839109327195601
1760,70.4,212.575433984794,11.4252955384602,-218.158300384003,-13.7011754387844,433.009614269122,0,0,0,0,-17.8047106934354,-9.66148576663192,-4.90967904882898e-05,0.000110738972415552,0.583068931877634,0.00839014180145246
1761,70.44,212.572179410898,11.4223578561291,-218.164696459327,-13.7011361404326,433.015654154528,0,0,0,0,-17.804659271591,-9.67119750519871,-4.90973676184774e-05,0.000110738154896074,0.613634026959107,0.00838916843496342
1762,70.48,212.568906448256,11.4194099553462,-218.171079955985,-13.7010954687841,433.021671917678,0,0,0,0,-17.8046060631176,-9.6809264679452,-4.9097948515818e-05,0.000110737341399072,0.644146028378061,0.0083881733457922
1763,70.52,212.565593522543,11.4164301830461,-218.177450402168,-13.7010534318116,433.027667173477,0,0,0,0,-17.8045510784157,-9.69069384927469,-4.90985331688545e-05,0.000110736531939908,0.674602884085497,0.00838715671383034
1764,70.56,212.562221958649,11.4133997828003,-218.183807327892,-13.7010100375858,433.033639541327,0,0,0,0,-17.8044943280134,-9.70051776454812,-4.90991215660778e-05,0.000110735726533741,0.705002546265201,0.00838611872551134
1765,70.6,212.558776790124,11.4103037042811,-218.190150265025,-13.7009652942742,433.039588645142,0,0,0,0,-17.8044358225648,-9.71041250130972,-4.90997136957934e-05,0.000110734925195592,0.73534297147189,0.00838505957376268
1766,70.64,212.555247416535,11.4071312606461,-218.196478747322,-13.7009192101394,433.04551411335,0,0,0,0,-17.8043755728476,-9.72038792168258,-4.91003095462912e-05,0.000110734127940064,0.765622120769049,0.00838397945795571
1767,70.68,212.551628085422,11.4038766105126,-218.202792310454,-13.7008717935376,433.0514155789,0,0,0,0,-17.8043135897615,-9.73044903142253,-4.91009091055642e-05,0.000110733334781969,0.795837959866438,0.00838287858385346
1768,70.72,212.547918181787,11.4005390474759,-218.209090492043,-13.7008230529168,433.057292679271,0,0,0,0,-17.8042498843254,-9.74059572612471,-4.91015123618179e-05,0.00011073254573592,0.82598845925729,0.00838175716355633
1769,70.76,212.544122314999,11.3971230870354,-218.215372831688,-13.7007729968154,433.063145056467,0,0,0,0,-17.8041844676761,-9.75082272045531,-4.9102119302802e-05,0.0001107317608162,0.856071594355148,0.00838061541544572
1770,70.8,212.540250200304,11.3936383481337,-218.221638871,-13.7007216338605,433.068972357031,0,0,0,0,-17.8041173510655,-9.76111966199278,-4.91027299166977e-05,0.00011073098003736,0.886085345630366,0.00837945356412581
1771,70.84,212.536316339549,11.3900992339071,-218.22788815363,-13.7006689727661,433.074774232038,0,0,0,0,-17.8040485458588,-9.77147142705595,-4.91033441911831e-05,0.000110730203413417,0.91602769874625,0.00837827184036345
1772,70.88,212.532339512687,11.3865244232159,-218.234120225298,-13.7006150223317,433.080550337101,0,0,0,0,-17.8039780635323,-9.78185859164424,-4.91039621137232e-05,0.000110729430958405,0.94589664469482,0.00837707048102637
1773,70.92,212.528342097832,11.3829361907283,-218.240334633827,-13.7005597914404,433.086300332372,0,0,0,0,-17.8039059156713,-9.79225806625361,-4.91045836721806e-05,0.000110728662686551,0.975690179932204,0.00837584972901947
1774,70.96,212.524349242969,11.3793595786587,-218.246530929169,-13.7005032890576,433.092023882537,0,0,0,0,-17.8038321139678,-9.8026438786667,-4.91052088539816e-05,0.000110727898611232,1.00540630651363,0.00837460983321917
1775,71,212.520387916969,11.3758214478146,-218.252708663434,-13.700445524229,433.097720656817,0,0,0,0,-17.8037566702183,-9.81298808401653,-4.91058376467677e-05,0.000110727138746721,1.03504303222803,0.00837335104840579
1776,71.04,212.516485871538,11.3723494395723,-218.258867390925,-13.7003865060788,433.10339032897,0,0,0,0,-17.8036795963219,-9.82326177631264,-4.91064700379517e-05,0.000110726383106277,1.06459837073219,0.00837207363519401
1777,71.08,212.512670549171,11.3689708838618,-218.26500666816,-13.7003262438085,433.109032577278,0,0,0,0,-17.8036009042776,-9.83343617060678,-4.91071060146199e-05,0.00011072563170328,1.09407034168455,0.0083707778599616
1778,71.12,212.508967975058,11.3657116911043,-218.271126053906,-13.7002647466948,433.114647084554,0,0,0,0,-17.8035206061827,-9.84348372024185,-4.91077455644233e-05,0.000110724884551355,1.1234569708785,0.00836946399477648
1779,71.16,212.505401672871,11.3625952680355,-218.277225109204,-13.7002020240879,433.120233538128,0,0,0,0,-17.8034387142298,-9.85337922970445,-4.91083886743915e-05,0.000110724141663675,1.15275629037526,0.00836813231732217
1780,71.2,212.501991645151,11.359641498115,-218.2833033974,-13.7001380854101,433.125791629846,0,0,0,0,-17.8033552407054,-9.86310092097132,-4.91090353317222e-05,0.000110723403053502,1.1819663386363,0.00836678311082156
1781,71.24,212.49875345816,11.3568658264219,-218.289360484173,-13.7000729401536,433.131321056065,0,0,0,0,-17.803270197987,-9.87263141030546,-4.91096855235248e-05,0.000110722668733837,1.21108516065529,0.00836541666395883
1782,71.28,212.495697468531,11.3542784863336,-218.295395937563,-13.7000065978794,433.13682151764,0,0,0,0,-17.8031835985412,-9.88195855362318,-4.91103392369077e-05,0.000110721938717539,1.24011080808958,0.00836403327079967
1783,71.32,212.492828224462,11.3518839007513,-218.301409327997,-13.6999390682148,433.142292719922,0,0,0,0,-17.8030954549214,-9.89107612199477,-4.91109964588862e-05,0.000110721213017855,1.26904133939122,0.00836263323070966
1784,71.36,212.490144067805,11.3496802842304,-218.307400228319,-13.6998703608523,433.147734372746,0,0,0,0,-17.8030057797653,-9.89998427466433,-4.91116571761232e-05,0.000110720491647282,1.2978748199374,0.00836121684827109
1785,71.4,212.487636955368,11.3476594643122,-218.313368213818,-13.6998004855477,433.153146190422,0,0,0,0,-17.8029145857931,-9.90868980497653,-4.91123213760787e-05,0.000110719774618685,1.3266093221605,0.00835978443319817
1786,71.44,212.485292508423,11.34580693107,-218.319312862253,-13.699729452118,433.158527891724,0,0,0,0,-17.8028218858045,-9.91720614443166,-4.91129890451817e-05,0.000110719061944681,1.35524292567754,0.00835833630025077
1787,71.48,212.483090289573,11.344102114013,-218.325233753883,-13.6996572704402,433.163879199883,0,0,0,0,-17.8027276926773,-9.92555312100831,-4.91136601704386e-05,0.000110718353637624,1.38377371741913,0.00835687276914653
1788,71.52,212.481004296415,11.342518875786,-218.33113047149,-13.699583950449,433.169199842568,0,0,0,0,-17.8026320193644,-9.93375647913134,-4.91143347385416e-05,0.000110717649710257,1.41219979175794,0.00835539416447133
1789,71.56,212.479003652645,11.3410262033107,-218.337002600411,-13.6995095021355,433.174489551881,0,0,0,0,-17.8025348788917,-9.94184717930895,-4.91150127362228e-05,0.00011071695017493,1.44051925063653,0.00835390081558825
1790,71.6,212.477053469945,11.3395890697131,-218.342849728561,-13.6994339355453,433.179748064338,0,0,0,0,-17.802436284356,-9.94986050479977,-4.91156941502128e-05,0.000110716255044094,1.46873020369475,0.00835239305654488
1791,71.64,212.475115848538,11.3381694349147,-218.348671446459,-13.6993572607764,433.184975120859,0,0,0,0,-17.8023362489226,-9.95783501015858,-4.91163789669531e-05,0.000110715564329577,1.49683076839649,0.00835087122597936
1792,71.68,212.473150980712,11.3367273491954,-218.354467347258,-13.6992794879778,433.190170466753,0,0,0,0,-17.8022347858227,-9.96581135174326,-4.91170671732615e-05,0.000110714878043631,1.52481907015593,0.00834933566702496
1793,71.72,212.471118319856,11.3352221222728,-218.360237026767,-13.6992006273478,433.195333851699,0,0,0,0,-17.8021319083517,-9.97383104320437,-4.91177587555667e-05,0.000110714196198432,1.55269324246319,0.00834778672721335
1794,71.76,212.468977777392,11.3336135202681,-218.365980083479,-13.699120689132,433.200465029735,0,0,0,0,-17.8020276298663,-9.98193517957587,-4.91184537004213e-05,0.000110713518805895,1.58045142700942,0.00834622475837658
1795,71.8,212.46669091113,11.3318629541082,-218.371696118595,-13.6990396836214,433.205563759238,0,0,0,0,-17.8019219637826,-9.99016317219448,-4.91191519942716e-05,0.000110712845878102,1.60809177381128,0.00834465011654754
1796,71.84,212.464222070856,11.3299346251493,-218.377384736051,-13.698957621151,433.210629802908,0,0,0,0,-17.8018149235733,-9.99855153367646,-4.91198536234093e-05,0.000110712177426602,1.63561244133486,0.00834306316185927
1797,71.88,212.461539469865,11.3277965967537,-218.383045542542,-13.6988745120979,433.215662927751,0,0,0,0,-17.8017065227663,-10.00713274817,-4.91205585741759e-05,0.000110711513463322,1.66301159661898,0.00834146425844284
1798,71.92,212.45861615446,11.3254217638303,-218.388678147548,-13.6987903668794,433.220662905057,0,0,0,0,-17.8015967749413,-10.0159342576411,-4.91212668329734e-05,0.000110710853999604,1.69028741539789,0.00833985377432423
1799,71.96,212.455430846711,11.3227886956364,-218.394282163356,-13.6987051959514,433.225629510382,0,0,0,0,-17.8014856937282,-10.0249775903632,-4.91219783860418e-05,0.000110710199047238,1.71743808222332,0.00833823208131987
1800,72,212.451968638908,11.3198823302694,-218.399857205088,-13.6986190098063,433.230562523533,0,0,0,0,-17.8013732928047,-10.0342776533831,-4.91226932196756e-05,0.000110709548617739,1.74446179058601,0.00833659955493103
1801,72.04,212.448221521115,11.3166945022707,-218.405402890722,-13.6985318189719,433.235461728539,0,0,0,0,-17.8012595858939,-10.0438422065943,-4.91234113198071e-05,0.000110708902722588,1.77135674303644,0.00833495657423709
1802,72.08,212.444188726342,11.3132242878344,-218.410918841117,-13.6984436340089,433.240326913634,0,0,0,0,-17.801144586762,-10.0536715321049,-4.91241326727382e-05,0.000110708261372875,1.7981211513051,0.00833330352178756
1803,72.12,212.439876881155,11.3094781554666,-218.416404680039,-13.6983544655096,433.245157871236,0,0,0,0,-17.8010283092159,-10.063758308841,-4.91248572645206e-05,0.000110707624580032,1.82475323642198,0.00833164078349308
1804,72.16,212.435299953383,11.3054699137308,-218.421860034176,-13.6982643240961,433.249954397924,0,0,0,0,-17.8009107671014,-10.0740876984791,-4.91255850810083e-05,0.000110706992355172,1.85125122883547,0.00832996874851553
1805,72.2,212.430478992798,11.3012204519775,-218.427284533174,-13.6981732204183,433.254716294412,0,0,0,0,-17.8007919743002,-10.0846376446232,-4.91263161084294e-05,0.000110706364709147,1.87761336853056,0.00832828780915715
1806,72.24,212.425441665402,11.2967572746732,-218.432677809648,-13.6980811651524,433.25944336553,0,0,0,0,-17.8006719447283,-10.0953793822598,-4.91270503327128e-05,0.000110705741653485,1.90383790514639,0.00832659836074887
1807,72.28,212.420221587168,11.2921138351855,-218.438039499212,-13.6979881689991,433.264135420194,0,0,0,0,-17.8005506923332,-10.1062781489596,-4.91277877395232e-05,0.000110705123198738,1.92992309809314,0.00832490080153757
1808,72.32,212.41485746897,11.2873286807625,-218.443369240496,-13.697894242682,433.268792271386,0,0,0,0,-17.8004282310921,-10.1172940829493,-4.912852831502e-05,0.000110704509355589,1.95586721666814,0.0083231955325725
1809,72.36,212.409392091043,11.2824444270343,-218.448666675173,-13.6977993969455,433.273413736128,0,0,0,0,-17.8003045750092,-10.1283832865037,-4.91292720447601e-05,0.000110703900135069,1.98166854017137,0.00832148295759082
1810,72.4,212.40387113243,11.2775065875082,-218.453931447977,-13.6977036425534,433.277999635453,0,0,0,0,-17.800179738114,-10.1394990263653,-4.91300189145063e-05,0.000110703295547393,2.00732535802026,0.00831976348290246
1811,72.44,212.398341888099,11.2725622907314,-218.459163206727,-13.6976069902871,433.282549794381,0,0,0,0,-17.8000537344585,-10.150593036551,-4.91307689100341e-05,0.000110702695603642,2.03283596986363,0.00831803751727423
1812,72.48,212.392851912973,11.267658924369,-218.464361602346,-13.6975094509439,433.287064041894,0,0,0,0,-17.7999265781154,-10.161616883393,-4.91315220169657e-05,0.000110702100313794,2.05819868569513,0.00831630547181338
1813,72.52,212.387447637372,11.2628427506886,-218.469526288883,-13.6974110353353,433.291542210902,0,0,0,0,-17.7997982831755,-10.1725233485461,-4.91322782208602e-05,0.000110701509687998,2.0834118259657,0.00831456775985043
1814,72.56,212.382173001761,11.2581575413608,-218.474656923537,-13.6973117542853,433.295984138223,0,0,0,0,-17.799668863746,-10.1832677833877,-4.91330375074214e-05,0.000110700923736944,2.10847372169548,0.0083128247968213
1815,72.6,212.377068160033,11.2536432807832,-218.479753166671,-13.6972116186286,433.300389664549,0,0,0,0,-17.7995383339478,-10.1938093881853,-4.91337998621271e-05,0.000110700342470563,2.13338271458489,0.00831107700014875
1816,72.64,212.37216829948,11.2493349861064,-218.484814681839,-13.6971106392093,433.304758634422,0,0,0,0,-17.7994067079138,-10.204112371647,-4.91345652702153e-05,0.000110699765898608,2.15813715712491,0.00830932478912321
1817,72.68,212.367502622104,11.2452616885858,-218.489841135803,-13.6970088268788,433.3090908962,0,0,0,0,-17.7992739997862,-10.2141469508256,-4.91353337173435e-05,0.00011069919403115,2.18273541270665,0.00830756858478322
1818,72.72,212.363093525656,11.2414456146708,-218.49483219855,-13.6969061924944,433.31338630203,0,0,0,0,-17.7991402237148,-10.2238901575777,-4.9136105188968e-05,0.000110698626878236,2.20717585573015,0.00830580880979532
1819,72.76,212.358956014126,11.2379015965438,-218.499787543321,-13.6968027469174,433.317644707821,0,0,0,0,-17.7990053938547,-10.2333264255291,-4.91368796703908e-05,0.000110698064449085,2.23145687171235,0.00830404588833369
1820,72.8,212.355097356793,11.2346367312186,-218.50470684662,-13.696698501012,433.321865973207,0,0,0,0,-17.798869524364,-10.2424479402822,-4.91376571468801e-05,0.000110697506753789,2.2555768573943,0.00830228024595919
1821,72.84,212.351517003408,11.2316502957675,-218.509589788239,-13.6965934656431,433.326049961523,0,0,0,0,-17.7987326294021,-10.2512547451704,-4.91384376041118e-05,0.000110696953801484,2.27953422084755,0.00830051230949812
1822,72.88,212.348206751654,11.2289339148347,-218.514436051276,-13.6964876516749,433.33019653977,0,0,0,0,-17.7985947231271,-10.2597546043171,-4.91392210268294e-05,0.000110696405601739,2.30332738157977,0.00829874250692055
1823,72.92,212.345151152659,11.2264719661968,-218.519245322155,-13.6963810699693,433.334305578586,0,0,0,0,-17.7984558196941,-10.2679626336815,-4.91400074006267e-05,0.00011069586216372,2.32695477063952,0.00829697126721837
1824,72.96,212.342328131517,11.2242422013285,-218.524017290641,-13.6962737313845,433.338376952214,0,0,0,0,-17.7983159332528,-10.2759007185575,-4.91407967106739e-05,0.000110695323496658,2.35041483072024,0.00829519902028315
1825,73,212.339709792877,11.2222165510454,-218.528751649863,-13.6961656467731,433.342410538468,0,0,0,0,-17.7981750779458,-10.2835967423943,-4.91415889420168e-05,0.000110694789609558,2.37370601626336,0.00829342619678392
1826,73.04,212.337263376865,11.2203620814709,-218.533448096329,-13.6960568269807,433.346406218704,0,0,0,0,-17.7980332679065,-10.2910836567672,-4.91423840798976e-05,0.000110694260511342,2.39682679356066,0.00829165322804472
1827,73.08,212.334952327833,11.2186420628379,-218.538106329947,-13.6959472828443,433.350363877786,0,0,0,0,-17.7978905172565,-10.2983984259124,-4.91431821095552e-05,0.000110693736211184,2.41977564085569,0.00828988054592195
1828,73.12,212.332737437652,11.2170171128245,-218.542726054036,-13.6958370251909,433.354283404054,0,0,0,0,-17.7977468401046,-10.305580881447,-4.9143983016044e-05,0.000110693216717513,2.44255104844449,0.0082881085826816
1829,73.16,212.330578026024,11.2154463769228,-218.547306975351,-13.6957260648356,433.358164689288,0,0,0,0,-17.7976022505439,-10.3126725238011,-4.91447867841038e-05,0.000110692702038842,2.46515151877528,0.00828633777087612
1830,73.2,212.328433122301,11.2138887102999,-218.551848804099,-13.6956144125808,433.362007628681,0,0,0,0,-17.7974567626503,-10.3197153065015,-4.91455933992224e-05,0.000110692192184212,2.48757556654747,0.00828456854322142
1831,73.24,212.326262615971,11.2123038283375,-218.556351253951,-13.6955020792137,433.365812120798,0,0,0,0,-17.7973103904804,-10.3267504380418,-4.9146402846363e-05,0.000110691687161459,2.50982171880969,0.00828280133247377
1832,73.28,212.324028346219,11.2106533962385,-218.560814042062,-13.6953890755056,433.369578067548,0,0,0,0,-17.7971631480697,-10.3338172338617,-4.91472151105486e-05,0.000110691186979284,2.53188851505701,0.00828103657130687
1833,73.32,212.321695104452,11.2089020316027,-218.565236889088,-13.6952754122104,433.373305374148,0,0,0,0,-17.7970150494304,-10.3409520481604,-4.91480301767826e-05,0.000110690691645882,2.55377450732728,0.00827927469218904
1834,73.36,212.319231527396,11.2070181975719,-218.569619519201,-13.6951611000624,433.376993949088,0,0,0,0,-17.7968661085498,-10.3481873121252,-4.91488480300886e-05,0.00011069020116925,2.57547826029656,0.00827751612726032
1835,73.4,212.316610862106,11.20497496789,-218.573961660107,-13.6950461497759,433.380643704098,0,0,0,0,-17.7967163393881,-10.3555507016705,-4.91496686554412e-05,0.0001106897155574,2.59699835137372,0.00827576130820957
1836,73.44,212.313811587875,11.2027506488602,-218.578263043055,-13.6949305720427,433.384254554112,0,0,0,0,-17.796565755877,-10.3630644539833,-4.91504920380058e-05,0.000110689234818506,2.61833337079411,0.00827401066615156
1837,73.48,212.310817883438,11.2003292465957,-218.582523402862,-13.6948143775317,433.387826417235,0,0,0,0,-17.7964143719172,-10.370744848257,-4.91513181627569e-05,0.00011068875896019,2.63948192171232,0.00827226463150418
1838,73.52,212.307619931053,11.1977007711512,-218.586742477919,-13.6946975768867,433.391359214708,0,0,0,0,-17.7962622013772,-10.3786018618821,-4.91521470145275e-05,0.000110688287990528,2.6604426202941,0.00827052363386597
1839,73.56,212.30421405215,11.1948613722205,-218.590920010214,-13.6945801807253,433.394852870869,0,0,0,0,-17.796109258091,-10.3866390093232,-4.91529785785087e-05,0.000110687821916925,2.6812140958073,0.00826878810189405
1840,73.6,212.300602672417,11.1918133042722,-218.59505574534,-13.6944621996377,433.398307313123,0,0,0,0,-17.7959555558567,-10.3948533667401,-4.91538128397888e-05,0.000110687360746958,2.70179499071194,0.00826705846318242
1841,73.64,212.296794117647,11.1885647224378,-218.599149432511,-13.6943436441851,433.401722471905,0,0,0,0,-17.7958011084345,-10.4032357811556,-4.91546497831637e-05,0.000110686904488107,2.72218396074933,0.0082653351441405
1842,73.68,212.292802245332,11.185129314164,-218.603200824577,-13.6942245248983,433.405098280644,0,0,0,0,-17.7956459295449,-10.4117712585327,-4.9155489393661e-05,0.000110686453148181,2.74237967503029,0.00826361856987187
1843,73.72,212.288645920885,11.181525775476,-218.60720967804,-13.6941048522767,433.408434675725,0,0,0,0,-17.7954900328671,-10.4204395204837,-4.91563316565755e-05,0.000110686006734128,2.76238081612241,0.00826190916405322
1844,73.76,212.284348351116,11.1777771445034,-218.611175753061,-13.6939846367867,433.41173159646,0,0,0,0,-17.7953334320374,-10.429215714779,-4.91571765566478e-05,0.000110685565253148,2.78218608013637,0.00826020734881353
1845,73.8,212.279936291323,11.1739100086178,-218.615098813479,-13.6938638888605,433.414988985045,0,0,0,0,-17.795176140647,-10.4380712604143,-4.91580240792075e-05,0.000110685128712571,2.80179417681133,0.00825851354461377
1846,73.84,212.275439145995,11.1699536051844,-218.618978626822,-13.6937426188947,433.418206786528,0,0,0,0,-17.795018172241,-10.4469748039443,-4.91588742090134e-05,0.000110684697119282,2.82120382959938,0.0082568281701271
1847,73.88,212.270887986774,11.1659388395687,-218.62281496432,-13.6936208372492,433.421384948775,0,0,0,0,-17.7948595403163,-10.4558932601541,-4.91597269312789e-05,0.000110684270480602,2.84041377574896,0.00825515164211977
1848,73.92,212.266314514837,11.1618972475695,-218.626607600916,-13.693498554246,433.424523422429,0,0,0,0,-17.7947002583202,-10.4647929070092,-4.91605822312865e-05,0.00011068384880311,2.85942276638738,0.00825348437533254
1849,73.96,212.261749997949,11.1578599325166,-218.630356315279,-13.6933757801675,433.42762216088,0,0,0,0,-17.7945403396484,-10.4736405024384,-4.9161440093982e-05,0.000110683432093661,2.87822956660237,0.00825182678236247
1850,74,212.257224214639,11.1538565094898,-218.634060889818,-13.6932525252559,433.430681120224,0,0,0,0,-17.794379797644,-10.4824043889774,-4.91623005047173e-05,0.000110683020359094,2.8968329555226,0.00825017927354527
1851,74.04,212.252764439059,11.149914090231,-218.637721110692,-13.6931287997118,433.433700259232,0,0,0,0,-17.7942186455955,-10.491055551808,-4.91631634485007e-05,0.000110682613605808,2.91523172639726,0.00824854225683791
1852,74.08,212.24839450011,11.1460563423108,-218.641336767818,-13.6930046136926,433.43667953931,0,0,0,0,-17.7940568967354,-10.4995685962494,-4.9164028910636e-05,0.000110682211840909,2.93342468667465,0.00824691613770189
1853,74.12,212.244133947296,11.1423026550305,-218.64490765489,-13.692879977312,433.439618924468,0,0,0,0,-17.7938945642386,-10.5079226122152,-4.91648968763402e-05,0.000110681815070534,2.95141065807973,0.00824530131898734
1854,74.16,212.239997353584,11.1386674423266,-218.648433569384,-13.6927549006382,433.44251838128,0,0,0,0,-17.7937316612211,-10.5161018955167,-4.91657673309351e-05,0.000110681423301207,2.96918847669074,0.00824369820081782
1855,74.2,212.235993781952,11.1351596093621,-218.65191431257,-13.6926293936932,433.445377878853,0,0,0,0,-17.7935682007381,-10.5240964994108,-4.91666402598839e-05,0.000110681036539189,2.98675699301474,0.008242107180476
1856,74.24,212.23212643717,11.1317822043591,-218.655349689523,-13.6925034664517,433.448197388786,0,0,0,0,-17.7934041957831,-10.5319025946188,-4.91675156484576e-05,0.000110680654791091,3.00411507206224,0.00824052865229009
1857,74.28,212.228392517844,11.1285322706772,-218.658739509134,-13.6923771288395,433.45097688514,0,0,0,0,-17.793239659286,-10.5395226222322,-4.91683934818664e-05,0.000110680278062697,3.02126159342069,0.00823896300752075
1858,74.32,212.224783276189,11.1254009066383,-218.662083584119,-13.6922503907331,433.453716344403,0,0,0,0,-17.7930746041119,-10.5469652313574,-4.91692737457234e-05,0.000110679906360461,3.03819545132706,0.00823741063424884
1859,74.36,212.221284285194,11.1223735327321,-218.665381731029,-13.6921232619582,433.45641574545,0,0,0,0,-17.7929090430597,-10.5542450014676,-4.91701564255078e-05,0.000110679539690282,3.05491555473932,0.00823587191726375
1860,74.4,212.217875904991,11.1194303580283,-218.668633770261,-13.6919957522885,433.459075069512,0,0,0,0,-17.7927429888606,-10.5613819579026,-4.91710415067362e-05,0.000110679178058224,3.07142082740695,0.00823434723795278
1861,74.44,212.214533932711,11.1165470300778,-218.671839526064,-13.6918678714452,433.461694300143,0,0,0,0,-17.792576454177,-10.5684008971863,-4.91719289749285e-05,0.000110678821470354,3.08771020794042,0.00823283697419142
1862,74.48,212.211230412983,11.1136954454497,-218.674998826552,-13.6917396290955,433.464273423181,0,0,0,0,-17.7924094516008,-10.5753305465818,-4.91728188156475e-05,0.00011067846993223,3.10378264987954,0.00823134150023473
1863,74.52,212.20793457985,11.1108446916954,-218.67811150371,-13.691611034852,433.466812426716,0,0,0,0,-17.7922419936527,-10.5822025889498,-4.9173711014703e-05,0.000110678123449718,3.11963712176091,0.00822986118660962
1864,74.56,212.204613895869,11.107962086485,-218.681177393404,-13.6914820982712,433.469311301059,0,0,0,0,-17.7920740927801,-10.589050589152,-4.91746055577338e-05,0.000110677782028362,3.13527260718424,0.00822839640000806
1865,74.6,212.201235150884,11.1050142764265,-218.684196335389,-13.6913528288532,433.4717700387,0,0,0,0,-17.7919057613566,-10.5959088614267,-4.91755024303352e-05,0.000110677445674058,3.1506881048776,0.00822694750318119
1866,74.64,212.197765581737,11.1019683568102,-218.687168173318,-13.6912232360402,433.474188634285,0,0,0,0,-17.7917370116805,-10.602811318208,-4.91764016185132e-05,0.00011067711439209,3.16588262876174,0.00822551485483437
1867,74.68,212.194173974629,11.0987929740201,-218.690092754747,-13.6910933292158,433.476567084572,0,0,0,0,-17.7915678559734,-10.6097903398675,-4.91773031080356e-05,0.000110676788187757,3.18085520801322,0.00822409880952321
1868,74.72,212.190431713842,11.0954593742862,-218.692969931147,-13.6909631177042,433.478905388407,0,0,0,0,-17.7913983063793,-10.6168757021451,-4.9178206885026e-05,0.000110676467066631,3.19560488712656,0.00822269971755082
1869,74.76,212.186513743562,11.0919423655545,-218.695799557906,-13.690832610769,433.481203546683,0,0,0,0,-17.7912283749633,-10.6240935940353,-4.91791129351925e-05,0.000110676151034128,3.21013072597533,0.00822131792486624
1870,74.8,212.182399413812,11.0882211634528,-218.698581494341,-13.6907018176127,433.483461562312,0,0,0,0,-17.7910580737105,-10.6314657538834,-4.91800212447786e-05,0.000110675840095008,3.22443179987213,0.0082199537729641
1871,74.84,212.178073186633,11.0842800975157,-218.701315603701,-13.6905707473755,433.485679440193,0,0,0,0,-17.7908874145248,-10.6390087458404,-4.91809317998152e-05,0.000110675534254383,3.23850719962756,0.00821860759878537
1872,74.88,212.173525184564,11.0801091596995,-218.704001753177,-13.6904394091349,433.487857187177,0,0,0,0,-17.7907164092282,-10.646733393001,-4.91818445864811e-05,0.000110675233517576,3.25235603160807,0.00821727973461914
1873,74.92,212.168751569468,11.0757043832434,-218.706639813905,-13.6903078119044,433.489994812034,0,0,0,0,-17.7905450695591,-10.6546443779319,-4.91827595908426e-05,0.000110674937889037,3.26597741779278,0.00821597050800551
1874,74.96,212.163754745381,11.0710680455602,-218.709229660973,-13.690175964633,433.492092325427,0,0,0,0,-17.790373407172,-10.6627400163891,-4.91836767992528e-05,0.000110674647374179,3.27937049582918,0.00821468024163966
1875,75,212.158543383955,11.0662086937152,-218.711771173429,-13.6900438762045,433.494149739874,0,0,0,0,-17.7902014336358,-10.6710122058726,-4.91845961983718e-05,0.000110674361976913,3.29253441908778,0.00821340925327731
1876,75.04,212.153132275102,11.061140995101,-218.714264234282,-13.6899115554364,433.49616706972,0,0,0,0,-17.7900291604332,-10.6794465474281,-4.91855177739631e-05,0.000110674081702437,3.30546835671563,0.00821215785564153
1877,75.08,212.147542008781,11.0558854192645,-218.716708730511,-13.6897790110796,433.498144331107,0,0,0,0,-17.78985659896,-10.6880226364553,-4.91864415127705e-05,0.000110673806554661,3.31817149368886,0.0082109263563311
1878,75.12,212.141798496694,11.0504677596377,-218.719104553068,-13.6896462518173,433.500081541942,0,0,0,0,-17.7896837605233,-10.6967145160899,-4.91873674014907e-05,0.00011067353653843,3.33064303086395,0.00820971505773021
1879,75.16,212.13593234503,11.0449185063109,-218.721451596884,-13.6895132862645,433.501978721867,0,0,0,0,-17.7895106563418,-10.705491284692,-4.91882954264101e-05,0.000110673271657801,3.34288218502811,0.00820852425691949
1880,75.2,212.129978091502,11.0392720831108,-218.72374976087,-13.6893801229675,433.503835892229,0,0,0,0,-17.7893372975437,-10.7143178469132,-4.91892255744929e-05,0.000110673011916718,3.35488818894837,0.00820735424558825
1881,75.24,212.123973322095,11.0335659643746,-218.725998947928,-13.6892467704028,433.505653076051,0,0,0,0,-17.7891636951668,-10.723155795361,-4.91901578322496e-05,0.000110672757319399,3.36666029141971,0.00820620530994815
1882,75.28,212.117957685299,11.0278396892181,-218.728199064946,-13.6891132369769,433.507430298003,0,0,0,0,-17.7889898601572,-10.7319644067514,-4.91910921864933e-05,0.000110672507869732,3.37819775731201,0.00820507773064814
1883,75.32,212.111971824565,11.0221337940248,-218.730350022808,-13.6889795310254,433.509167584373,0,0,0,0,-17.7888158033687,-10.7407017326407,-4.91920286242664e-05,0.000110672263571346,3.3894998676159,0.00820397178269113
1884,75.36,212.10605625313,11.0164886873003,-218.732451736396,-13.6888456608126,433.510864963038,0,0,0,0,-17.7886415355617,-10.7493257602784,-4.91929671324611e-05,0.000110672024427893,3.40056591948753,0.00820288773535218
1885,75.4,212.100250199063,11.010943494748,-218.734504124592,-13.6887116345308,433.512522463437,0,0,0,0,-17.7884670674029,-10.7577956144672,-4.9193907698249e-05,0.000110671790442872,3.41139522629219,0.00820182585209835
1886,75.44,212.094590452016,11.0055349060528,-218.736507110281,-13.6885774602998,433.514140116544,0,0,0,0,-17.7882924094643,-10.7660727667598,-4.91948503085332e-05,0.000110671561619678,3.4219871176468,0.00820078639051004
1887,75.48,212.089110246342,11.0002960580236,-218.738460620355,-13.6884431461665,433.515717954839,0,0,0,0,-17.7881175722227,-10.7741222145144,-4.91957949506917e-05,0.000110671337961459,3.43234093946136,0.00819976960220382
1888,75.52,212.083838217502,10.9952554910345,-218.740364585712,-13.6883087001039,433.517256012283,0,0,0,0,-17.7879425660589,-10.7819135895707,-4.91967416118873e-05,0.000110671119471153,3.44245605397915,0.00819877573275663
1889,75.56,212.078797469654,10.9904362166388,-218.742218941264,-13.6881741300115,433.518754324291,0,0,0,0,-17.7877674012569,-10.7894221551772,-4.91976902796119e-05,0.00011067090615179,3.45233183981591,0.0081978050216315
1890,75.6,212.074004791367,10.9858549333079,-218.744023625934,-13.6880394437137,433.520212927706,0,0,0,0,-17.7875920880036,-10.7966296507509,-4.91986409412396e-05,0.000110670698006124,3.46196769199785,0.00819685770210497
1891,75.64,212.069470053206,10.9815214240479,-218.745778582657,-13.6879046489605,433.521631860775,0,0,0,0,-17.7874166363883,-10.8035249475673,-4.91995935844599e-05,0.000110670495036749,3.47136302199854,0.00819593400119631
1892,75.68,212.065195815328,10.9774381640184,-218.747483758385,-13.6877697534262,433.523011163121,0,0,0,0,-17.7872410564015,-10.8101044846369,-4.92005481967028e-05,0.000110670297246259,3.48051725777459,0.00819503413959863
1893,75.72,212.061177165336,10.9736001584091,-218.749139104088,-13.6876347647094,433.524350875724,0,0,0,0,-17.7870653579352,-10.816372462611,-4.92015047657808e-05,0.000110670104636598,3.48942984380038,0.0081941583316118
1894,75.76,212.057401797014,10.9699950212061,-218.750744574752,-13.6874996903325,433.525651040892,0,0,0,0,-17.7868895507819,-10.8223407839871,-4.92024632793864e-05,0.000110669917210094,3.49810024110142,0.00819330678507708
1895,75.8,212.053850329885,10.966603294768,-218.752300129381,-13.6873645377414,433.526911702239,0,0,0,0,-17.786713644634,-10.8280287394104,-4.92034237256392e-05,0.00011066973496877,3.50652792728674,0.00819247970131321
1896,75.84,212.050496858434,10.9633989990734,-218.753805730997,-13.6872293143051,433.528132904663,0,0,0,0,-17.7865376490839,-10.8334624517363,-4.92043860925083e-05,0.000110669557914301,3.5147123965801,0.00819167727505427
1897,75.88,212.047309709296,10.9603503889317,-218.755261346644,-13.6870940273154,433.529314694324,0,0,0,0,-17.786361573623,-10.8386741008072,-4.92053503678194e-05,0.000110669386048339,3.52265315984998,0.00819089969438912
1898,75.92,212.044252375469,10.9574208882173,-218.756666947382,-13.6869586839866,433.53045711862,0,0,0,0,-17.7861854276418,-10.8437009617448,-4.9206316540081e-05,0.00011066921937203,3.53034974463856,0.00819014714070284
1899,75.96,212.041284589509,10.9545701630864,-218.75802250829,-13.6868232914553,433.531560226168,0,0,0,0,-17.7860092204291,-10.8485842970661,-4.92072845975455e-05,0.000110669057887352,3.53780169518945,0.00818941978862004
1900,76,212.038363493224,10.951755291688,-218.759328008466,-13.6866878567797,433.532624066781,0,0,0,0,-17.785832961172,-10.8533681475092,-4.92082545283496e-05,0.000110668901594605,3.54500857247429,0.00818871780595005
1901,76.04,212.035444859754,10.94893198627,-218.760583431024,-13.6865523869402,433.533648691448,0,0,0,0,-17.7856566589551,-10.8580980678669,-4.92092263213748e-05,0.000110668750495037,3.55196995421828,0.00818804135363389
1902,76.08,212.032484324974,10.9460558245925,-218.761788763096,-13.6864168888382,433.534634152316,0,0,0,0,-17.785480322761,-10.8628198526864,-4.9210199965059e-05,0.000110668604589436,3.55868543492446,0.00818739058569285
1903,76.12,212.029438588329,10.9430834507848,-218.762943995826,-13.6862813692967,433.535580502667,0,0,0,0,-17.7853039614691,-10.8675782929558,-4.92111754481421e-05,0.000110668463878301,3.56515462589691,0.00818676564917882
1904,76.16,212.026266548113,10.9399737106434,-218.764049124375,-13.6861458350595,433.536487796905,0,0,0,0,-17.7851275838561,-10.872415999535,-4.92121527593216e-05,0.000110668328361846,3.57137715526278,0.00818616668412636
1905,76.2,212.02293034208,10.936688692256,-218.765104147913,-13.6860102927915,433.537356090529,0,0,0,0,-17.7849511985955,-10.8773723228215,-4.92131318877458e-05,0.000110668198040345,3.57735266799314,0.00818559382350686
1906,76.24,212.019396270524,10.9331946490975,-218.76610906962,-13.6858747490782,433.538185440125,0,0,0,0,-17.7847748142572,-10.8824823916635,-4.9214112822014e-05,0.000110668072913656,3.58308082592277,0.0081850471931846
1907,76.28,212.015635584984,10.9294627887537,-218.767063896685,-13.685739210426,433.538975903341,0,0,0,0,-17.7845984393077,-10.8877762883947,-4.9215095551834e-05,0.000110667952981498,3.5885613077687,0.00818452691187491
1908,76.32,212.011625131039,10.9254699157233,-218.767968640298,-13.6856036832615,433.539727538875,0,0,0,0,-17.7844220821098,-10.8932783715499,-4.92160800658776e-05,0.000110667838243665,3.59379380914765,0.00818403309110425
1909,76.36,212.007347837914,10.9211989210431,-218.768823315653,-13.6854681739319,433.540440406456,0,0,0,0,-17.7842457509223,-10.8990067536793,-4.92170663537652e-05,0.000110667728699226,3.59877804259227,0.00818356583517202
1910,76.4,212.002793050936,10.9166391147565,-218.769627941945,-13.6853326887047,433.541114566829,0,0,0,0,-17.7840694539004,-10.90497293858,-4.92180544046997e-05,0.000110667624347359,3.60351373756634,0.00818312524111433
1911,76.44,211.9979567052,10.9117863995849,-218.770382542359,-13.6851972337678,433.541750081742,0,0,0,0,-17.783893199095,-10.9111816202499,-4.92190442084802e-05,0.000110667525187337,3.60800064047867,0.00818271139866967
1912,76.48,211.992841340382,10.9066432857594,-218.771087144076,-13.6850618152294,433.542347013928,0,0,0,0,-17.7837169944532,-10.9176306444995,-4.92200357542893e-05,0.000110667431217385,3.61223851469595,0.00818232439024669
1913,76.52,211.987455957769,10.9012187480563,-218.771741778262,-13.6849264391177,433.542905427093,0,0,0,0,-17.783540847818,-10.9243111332052,-4.92210290324069e-05,0.000110667342436417,3.61622714055438,0.00818196429089405
1914,76.56,211.981815721427,10.8955279269743,-218.772346480069,-13.6847911113815,433.543425385904,0,0,0,0,-17.7833647669283,-10.9312077703358,-4.922202403226e-05,0.000110667258842436,3.6199663153702,0.00818163116827235
1915,76.6,211.975941506537,10.8895916770821,-218.772901288627,-13.6846558378898,433.543906955972,0,0,0,0,-17.7831887594192,-10.9382992476937,-4.92230207438742e-05,0.000110667180433661,3.62345585344904,0.00818132508262777
1916,76.64,211.96985929963,10.8834359672577,-218.773406247039,-13.6845206244317,433.544350203844,0,0,0,0,-17.7830128328217,-10.9455588664851,-4.92240191570121e-05,0.000110667107208028,3.6266955860941,0.00818104608676764
1917,76.68,211.963599458025,10.8770911401356,-218.77386140238,-13.6843854767172,433.544755196987,0,0,0,0,-17.7828369945629,-10.9529552880061,-4.9225019262348e-05,0.000110667039163277,3.62968536161316,0.00818079422603769
1918,76.72,211.957195839427,10.8705910417104,-218.774266805688,-13.6842504003763,433.545122003781,0,0,0,0,-17.7826612519665,-10.9604534227757,-4.92260210497856e-05,0.000110666976296527,3.63242504532451,0.00818056953830143
1919,76.76,211.950684817278,10.8639720366929,-218.77462251196,-13.6841154009598,433.545450693505,0,0,0,0,-17.7824856122521,-10.9680154423748,-4.92270245093962e-05,0.000110666918605151,3.63491451956164,0.00818037205392157
1920,76.8,211.944104202952,10.8572719307084,-218.774928580147,-13.6839804839393,433.54574133633,0,0,0,0,-17.7823100825362,-10.9756018923038,-4.92280296319074e-05,0.000110666866086171,3.63715368367679,0.00818020179574377
1921,76.84,211.937492101942,10.8505288264892,-218.775185073145,-13.683845654707,433.545994003306,0,0,0,0,-17.7821346698318,-10.9831728776976,-4.92290364077531e-05,0.000110666818736189,3.63914245404338,0.00818005877908243
1922,76.88,211.930885737374,10.8437799473895,-218.775392057794,-13.6837109185763,433.546208766355,0,0,0,0,-17.781959381049,-10.9906892872713,-4.92300448276688e-05,0.000110666776551994,3.64088076405726,0.00817994301170847
1923,76.92,211.924320279776,10.8370604671596,-218.775549604866,-13.6835762807816,433.546385698263,0,0,0,0,-17.7817842229949,-10.9981140150807,-4.92310548818752e-05,0.000110666739529513,3.64236856413677,0.00817985449383904
1924,76.96,211.917827726218,10.8304023890861,-218.775657789062,-13.6834417464789,433.546524872673,0,0,0,0,-17.781609202374,-11.0054131353976,-4.92320665614885e-05,0.000110666707665079,3.64360582172169,0.00817979321812915
1925,77,211.91143587376,10.8238335194338,-218.775716689003,-13.6833073207455,433.546626364074,0,0,0,0,-17.7814343257886,-11.0125569841167,-4.92330798570851e-05,0.000110666680954233,3.64459252127105,0.00817975916966551
1926,77.04,211.905167430968,10.8173765789736,-218.775726387223,-13.6831730085806,433.546690247798,0,0,0,0,-17.781259599739,-11.0195211012659,-4.92340947597689e-05,0.000110666659392835,3.64532866425968,0.00817975232596255
1927,77.08,211.899039306922,10.8110484919797,-218.775686970165,-13.6830388149056,433.546716600013,0,0,0,0,-17.7810850306235,-11.0262869936068,-4.92351112604157e-05,0.000110666642975879,3.64581426917375,0.00817977265696087
1928,77.12,211.893062109629,10.8048598846428,-218.775598528166,-13.6829047445641,433.546705497716,0,0,0,0,-17.7809106247393,-11.0328426838944,-4.92361293498377e-05,0.000110666631698463,3.64604937150503,0.00817982012502788
1929,77.16,211.887239875823,10.7988148148686,-218.775461155455,-13.6827708023222,433.546657018731,0,0,0,0,-17.7807363882827,-11.0391830234385,-4.92371490195113e-05,0.000110666625555484,3.64603402374405,0.00817989468496055
1930,77.2,211.881570042324,10.792910743634,-218.775274950144,-13.6826369928691,433.546571241703,0,0,0,0,-17.7805623273492,-11.0453097564817,-4.92381702603985e-05,0.000110666624541497,3.64576829537214,0.00817999628398999
1931,77.24,211.876043656448,10.7871387453898,-218.775040014217,-13.6825033208172,433.546448246093,0,0,0,0,-17.7803884479342,-11.0512313376964,-4.92391930637746e-05,0.000110666628650711,3.64525227285224,0.00818012486178807
1932,77.28,211.870645810477,10.7814839425263,-218.774756453524,-13.6823697907025,433.546288112177,0,0,0,0,-17.7802147559336,-11.0569625167046,-4.92402174208801e-05,0.000110666637877218,3.64448605961864,0.00818028035047599
1933,77.32,211.865356274192,10.7759261379011,-218.774424377767,-13.6822364069848,433.546090921042,0,0,0,0,-17.7800412571438,-11.0625237147743,-4.92412433229514e-05,0.000110666652214691,3.64346977606549,0.00818046267463501
1934,77.36,211.860150290956,10.7704406109185,-218.774043900499,-13.6821031740483,433.545856754585,0,0,0,0,-17.7798679572625,-11.0679402277286,-4.9242270761563e-05,0.000110666671656745,3.64220355953423,0.00818067175131957
1935,77.4,211.854999497495,10.7649990372932,-218.773615139105,-13.681970096202,433.545585695509,0,0,0,0,-17.7796948618894,-11.0732412948553,-4.9243299728121e-05,0.000110666696196456,3.64068756429986,0.00818090749007257
1936,77.44,211.849872925343,10.7595704904978,-218.773138214801,-13.6818371776798,433.545277827326,0,0,0,0,-17.7795219765261,-11.0784590762149,-4.92443302138493e-05,0.000110666725826948,3.63892196155601,0.00818116979294293
1937,77.48,211.844738042773,10.7541224836775,-218.772613252618,-13.6817044226414,433.544933234354,0,0,0,0,-17.7793493065773,-11.0836275803156,-4.92453622103523e-05,0.00011066676054074,3.63690693939899,0.0081814585545053
1938,77.52,211.839561799151,10.7486220139964,-218.77204038139,-13.6815718351724,433.544552001717,0,0,0,0,-17.7791768573512,-11.0887815813693,-4.92463957093679e-05,0.000110666800330217,3.63464270281052,0.00818177366188175
1939,77.56,211.834311638709,10.7430365763995,-218.771419733753,-13.6814394192848,433.544134215347,0,0,0,0,-17.77900463406,-11.0939555606217,-4.92474307020741e-05,0.000110666845187597,3.6321294736395,0.00818211499476556
1940,77.6,211.828956456898,10.7373351199536,-218.770751446121,-13.6813071789176,433.543679961983,0,0,0,0,-17.7788326418205,-11.0991827003127,-4.92484671803961e-05,0.000110666895104836,3.62936749058256,0.00818248242544728
1941,77.64,211.823467478991,10.7314889264405,-218.770035658687,-13.6811751179373,433.543189329175,0,0,0,0,-17.7786608856548,-11.1044939523963,-4.92495051355628e-05,0.000110666950072921,3.62635700916341,0.00818287581884294
1942,77.68,211.817819046583,10.7254723968379,-218.769272515402,-13.6810432401383,433.542662405286,0,0,0,0,-17.7784893704914,-11.1099171981269,-4.92505445594628e-05,0.000110667010083609,3.62309830171124,0.00818329503252475
1943,77.72,211.811989302322,10.719263736042,-218.76846216397,-13.6809115492436,433.542099279493,0,0,0,0,-17.7783181011649,-11.1154765097347,-4.92515854434633e-05,0.000110667075127841,3.61959165733778,0.00818373991675406
1944,77.76,211.80596076641,10.712845529351,-218.767604755829,-13.6807800489051,433.541500041792,0,0,0,0,-17.7781470824179,-11.1211915220272,-4.92526277793422e-05,0.00011066714519579,3.61583738191337,0.00818421031451651
1945,77.8,211.799720800068,10.7062052059183,-218.766700446147,-13.6806487427044,433.540864783001,0,0,0,0,-17.7779763189009,-11.1270769198626,-4.92536715584334e-05,0.000110667220278108,3.61183579804186,0.00818470606155924
1946,77.84,211.793261951695,10.6993353848862,-218.765749393802,-13.6805176341535,433.540193594765,0,0,0,0,-17.7778058151732,-11.1331420466871,-4.92547167724448e-05,0.000110667300364935,3.6075872450344,0.00818522698643013
1947,77.88,211.786582181093,10.6922340996042,-218.764751761374,-13.680386726695,433.539486569558,0,0,0,0,-17.7776355757043,-11.1393906394523,-4.9255763412973e-05,0.000110667385445762,3.60309207888207,0.00818577291051903
1948,77.92,211.779684956547,10.6849048946869,-218.763707715129,-13.6802560237029,433.538743800692,0,0,0,0,-17.7774656048737,-11.1458206956016,-4.92568114714426e-05,0.000110667475509802,3.59835067222743,0.00818634364810116
1949,77.96,211.772579219078,10.6773567902455,-218.762617425006,-13.6801255284834,433.537965382323,0,0,0,0,-17.7772959069727,-11.1524244781266,-4.92578609393829e-05,0.000110667570546589,3.59336341433493,0.00818693900638275
1950,78,211.765279208632,10.6696041080606,-218.761481064604,-13.6799952442754,433.537151409451,0,0,0,0,-17.7771264862044,-11.1591886641545,-4.92589118080805e-05,0.000110667670544359,3.58813071106025,0.00818755878554893
1951,78.04,211.757804148744,10.6616661562284,-218.760298811167,-13.6798651742511,433.536301977934,0,0,0,0,-17.7769573466853,-11.1660946408388,-4.92599640692052e-05,0.00011066777549192,3.58265298481843,0.00818820277881377
1952,78.08,211.750177789448,10.6535667720433,-218.759070845571,-13.6797353215169,433.535417184492,0,0,0,0,-17.7767884924456,-11.1731189491781,-4.92610177141189e-05,0.00011066788537719,3.576930674551,0.00818887077247232
1953,78.12,211.742427812672,10.6453337273781,-218.757797352306,-13.6796056891137,433.534497126714,0,0,0,0,-17.7766199274306,-11.1802338720075,-4.92620727338551e-05,0.000110668000187806,3.57096423569194,0.00818956254595466
1954,78.16,211.734585109789,10.6369980062064,-218.756478519465,-13.6794762800182,433.533541903066,0,0,0,0,-17.7764516555011,-11.1874081571191,-4.92631291200452e-05,0.000110668119911322,3.56475414013252,0.00819027787188191
1955,78.2,211.726682946818,10.6285929697868,-218.755114538728,-13.679347097143,433.532551612902,0,0,0,0,-17.7762836804348,-11.1946078605748,-4.92641868636531e-05,0.000110668244534729,3.55830087618512,0.00819101651612435
1956,78.24,211.718756038786,10.6201534309976,-218.753705605344,-13.6792181433376,433.53152635647,0,0,0,0,-17.7761160059271,-11.2017972892569,-4.92652459559508e-05,0.000110668374044969,3.55160494854584,0.0081917782378617
1957,78.28,211.710839560337,10.6117146649195,-218.752251918116,-13.6790894213894,433.530466234923,0,0,0,0,-17.7759486355919,-11.2089400158969,-4.92663063879999e-05,0.00011066850842815,3.5446668782561,0.00819256278964555
1958,78.32,211.702968124348,10.6033113874327,-218.750753679389,-13.678960934024,433.529371350328,0,0,0,0,-17.7757815729627,-11.2159999348337,-4.92673681508349e-05,0.000110668647670372,3.5374872026631,0.00819336991746383
1959,78.36,211.695174763534,10.5949767367883,-218.749211095026,-13.6788326839062,433.528241805678,0,0,0,0,-17.7756148214939,-11.2229423231221,-4.92684312353148e-05,0.00011066879175744,3.53006647537919,0.00819419936080719
1960,78.4,211.687489951318,10.5867412944568,-218.747624374399,-13.6787046736409,433.5270777049,0,0,0,0,-17.7754483845612,-11.2297348698001,-4.92694956324214e-05,0.000110668940674536,3.5224052662402,0.00819505085273727
1961,78.44,211.679940697686,10.578632180957,-218.745993730365,-13.6785769057737,433.525879152868,0,0,0,0,-17.7752822654634,-11.2363486362443,-4.92705613329666e-05,0.000110669094406749,3.5145041612626,0.00819592411995674
1962,78.48,211.67254975325,10.5706722598843,-218.744319379256,-13.6784493827919,433.524646255413,0,0,0,0,-17.7751164674229,-11.2427589126005,-4.92716283274799e-05,0.000110669252938759,3.50636376259965,0.00819681888288134
1963,78.52,211.665334950436,10.5628794790796,-218.742601540854,-13.6783221071249,433.523379119336,0,0,0,0,-17.7749509935867,-11.2489459392319,-4.92726966065189e-05,0.000110669416254587,3.49798468849643,0.00819773485571373
1964,78.56,211.658308704791,10.5552663718964,-218.740840438381,-13.6781950811456,433.522077852422,0,0,0,0,-17.7747858470281,-11.2548954678264,-4.92737661607684e-05,0.000110669584338499,3.48936757324384,0.00819867174651936
1965,78.6,211.651477691852,10.5478397340496,-218.739036298474,-13.678068307171,433.520742563448,0,0,0,0,-17.7746210307471,-11.2605991441514,-4.92748369807568e-05,0.000110669757173651,3.48051306713144,0.00819962925730422
1966,78.64,211.644842706635,10.5406004830671,-218.737189351169,-13.6779417874627,433.519373362199,0,0,0,0,-17.7744565476719,-11.2660547029155,-4.9275909056426e-05,0.000110669934743509,3.47142183639935,0.00820060708409433
1967,78.68,211.638398704041,10.5335436986707,-218.735299829885,-13.6778155242285,433.517970359484,0,0,0,0,-17.7742924006602,-11.2712659741715,-4.92769823780565e-05,0.000110670117030604,3.46209456318895,0.00820160491701705
1968,78.72,211.632135010465,10.5266588343447,-218.7333679714,-13.6776895196225,433.516533667143,0,0,0,0,-17.7741285924996,-11.2762427091689,-4.92780569358118e-05,0.000110670304017808,3.4525319454926,0.00820262244038398
1969,78.76,211.626035690073,10.5199300835908,-218.731394015838,-13.6775637757466,433.515063398067,0,0,0,0,-17.7739651259095,-11.2810002409368,-4.92791327196302e-05,0.000110670495686955,3.44273469710231,0.00820365933277578
1970,78.8,211.620080044219,10.5133368793034,-218.729378206644,-13.677438294651,433.51355966621,0,0,0,0,-17.7738020035421,-11.2855590005439,-4.9280209719442e-05,0.00011067069201956,3.43270354755729,0.00820471526712854
1971,78.84,211.614243219229,10.506854501525,-218.727320790565,-13.6773130783351,433.512022586605,0,0,0,0,-17.7736392279831,-11.2899439138013,-4.92812879248972e-05,0.000110670892997285,3.42243924209052,0.00820578991082209
1972,78.88,211.608496896597,10.5004547676042,-218.725222017634,-13.6771881287488,433.510452275376,0,0,0,0,-17.7734768017534,-11.2941837050441,-4.92823673253788e-05,0.000110671098601116,3.41194254157424,0.00820688292576998
1973,78.92,211.602810040286,10.4941067794671,-218.723082141146,-13.6770634477928,433.508848849757,0,0,0,0,-17.7733147273103,-11.2983101345505,-4.92834479108269e-05,0.00011067130881154,3.4012142224644,0.00820799396851112
1974,78.96,211.59714967822,10.4877777050674,-218.720901417636,-13.6769390373202,433.507212428109,0,0,0,0,-17.7731530070482,-11.3023571942983,-4.92845296703782e-05,0.000110671523609053,3.39025507674406,0.00820912269030315
1975,79,211.591481698446,10.4814335745187,-218.718680106863,-13.6768148991368,433.505543129927,0,0,0,0,-17.7729916433003,-11.3063602836043,-4.92856125935519e-05,0.000110671742973329,3.37906591186583,0.00821026873721723
1976,79.04,211.585771644148,10.4750400750662,-218.716418471786,-13.6766910350025,433.50384107587,0,0,0,0,-17.7728306383395,-11.3103553824915,-4.92866966689257e-05,0.000110671966884346,3.36764755069316,0.00821143175023436
1977,79.08,211.579985494685,10.4685633320931,-218.71411677854,-13.676567446632,433.502106387763,0,0,0,0,-17.7726699943801,-11.3143782372023,-4.92877818859059e-05,0.000110672195320787,3.35600083144072,0.00821261136534313
1978,79.12,211.574090421801,10.4619706652876,-218.711775296419,-13.6764441356958,433.500339188628,0,0,0,0,-17.7725097135785,-11.3184635697604,-4.92888682332763e-05,0.000110672428261775,3.34412660761368,0.008213807213639
1979,79.16,211.568055510911,10.4552313098958,-218.709394297852,-13.6763211038212,433.498539602688,0,0,0,0,-17.7723497980344,-11.3226443220094,-4.92899556997688e-05,0.000110672665686098,3.33202574794603,0.00821501892142507
1980,79.2,211.561852437352,10.4483170929298,-218.706974058379,-13.6761983525932,433.496707755395,0,0,0,0,-17.7721902497928,-11.3269509440603,-4.9291044274268e-05,0.000110672907571681,3.31969913633788,0.00821624611031452
1981,79.24,211.555456086869,10.441203053616,-218.704514856632,-13.6760758835554,433.49484377344,0,0,0,0,-17.7720310708445,-11.3314107372532,-4.92921339450078e-05,0.00011067315389646,3.30714767179168,0.00821748839733453
1982,79.28,211.548845108753,10.4338679964973,-218.702016974307,-13.6759536982113,433.492947784775,0,0,0,0,-17.7718722631277,-11.3360472624474,-4.92932247001951e-05,0.000110673404637747,3.29437226834759,0.00821874539503174
1983,79.32,211.542002389144,10.4262949646869,-218.699480696147,-13.6758317980249,433.491019918629,0,0,0,0,-17.7717138285291,-11.3408798253623,-4.9294316528231e-05,0.000110673659773151,3.28137385501769,0.00822001671157894
1984,79.36,211.534915431383,10.4184716201898,-218.696906309914,-13.6757101844217,433.489060305529,0,0,0,0,-17.7715557688855,-11.345923051555,-4.92954094173547e-05,0.000110673919279303,3.2681533757193,0.00822130195088308
1985,79.4,211.527576630575,10.4103905184174,-218.694294106366,-13.6755888587901,433.487069077314,0,0,0,0,-17.7713980859847,-11.3511865638165,-4.92965033552893e-05,0.000110674183132788,3.25471178920728,0.00822260071269453
1986,79.44,211.51998343084,10.4020492654015,-218.691644379236,-13.6754678224819,433.485046367156,0,0,0,0,-17.7712407815671,-11.3566747740802,-4.92975983299425e-05,0.000110674451309869,3.24105006900538,0.00822391259271778
1987,79.48,211.512138356385,10.39345054882,-218.688957425202,-13.6753470768136,433.482992309581,0,0,0,0,-17.7710838573268,-11.3623868000572,-4.92986943290368e-05,0.000110674723786443,3.22716920333653,0.00822523718272353
1988,79.52,211.504048911161,10.3846020376164,-218.68623354387,-13.6752266230671,433.480907040482,0,0,0,0,-17.770927314913,-11.368316513934,-4.92997913402708e-05,0.00011067500053808,3.21307019505228,0.00822657407066229
1989,79.56,211.495727346309,10.3755161493987,-218.683473037745,-13.6751064624912,433.478790697146,0,0,0,0,-17.7707711559313,-11.3744527266883,-4.93008893508502e-05,0.000110675281540291,3.19875406156113,0.00822792284077936
1990,79.6,211.487190299484,10.3662096897223,-218.680676212201,-13.6749865963022,433.476643418265,0,0,0,0,-17.770615381945,-11.3807795070629,-4.93019883481906e-05,0.000110675566768151,3.18422183475607,0.00822928307373101
1991,79.64,211.478458315346,10.3567033725374,-218.677843375468,-13.6748670256849,433.474465343962,0,0,0,0,-17.7704599944764,-11.3872766291547,-4.93030883197274e-05,0.000110675856196155,3.16947456094096,0.0082306543467017
1992,79.68,211.46955526161,10.3470212361941,-218.674974838595,-13.6747477517939,433.472256615805,0,0,0,0,-17.7703049950083,-11.3939201371354,-4.93041892522585e-05,0.000110676149799249,3.15451330075614,0.00823203623352216
1993,79.72,211.460507659622,10.3371899739738,-218.67207091543,-13.6746287757544,433.470017376833,0,0,0,0,-17.7701503849848,-11.4006830105366,-4.93052911328224e-05,0.000110676447551155,3.13933912910301,0.00823342830478857
1994,79.76,211.451343951972,10.3272382016602,-218.669131922593,-13.6745100986633,433.467747771568,0,0,0,0,-17.7699961658133,-11.4075359091312,-4.93063939484385e-05,0.000110676749426406,3.12395313506762,0.00823483012798274
1995,79.8,211.442093731848,10.3171956868432,-218.666158179447,-13.67439172159,433.465447946042,0,0,0,0,-17.7698423388656,-11.4144479732688,-4.93074976855674e-05,0.000110677055398498,3.10835642184346,0.0082362412675936
1996,79.84,211.432786959469,10.3070925653122,-218.663150008078,-13.6742736455779,433.463118047813,0,0,0,0,-17.7696889054787,-11.4213876536905,-4.93086023314e-05,0.000110677365441039,3.09255010665317,0.00823766128523982
1997,79.88,211.423453190114,10.296958569033,-218.660107733258,-13.6741558716448,433.460758225984,0,0,0,0,-17.769535866957,-11.4283235444372,-4.93097078715958e-05,0.000110677679527345,3.07653532066942,0.00823908973979358
1998,79.92,211.414120835889,10.2868222878759,-218.657031682431,-13.6740384007845,433.458368631228,0,0,0,0,-17.7693832245731,-11.4352251935272,-4.93108142932787e-05,0.000110677997630406,3.06031320893485,0.00824052618750508
1999,79.96,211.404816479859,10.2767104836954,-218.653922185671,-13.6739212339675,433.455949415803,0,0,0,0,-17.769230979569,-11.4420638685707,-4.93119215826189e-05,0.000110678319723488,3.04388493028107,0.0082419701821279
2000,80,211.395564256805,10.2666474710422,-218.650779575668,-13.673804372142,433.453500733573,0,0,0,0,-17.7690791331579,-11.4488132581734,-4.93130297256936e-05,0.000110678645778933,3.02725165724678,0.00824342127504506
2001,80.04,211.386385310561,10.2566545744569,-218.647604187692,-13.6736878162349,433.451022740031,0,0,0,0,-17.7689276865252,-11.4554500941982,-4.93141387089009e-05,0.000110678975769512,3.01041457599495,0.00824487901539591
2002,80.08,211.377297334271,10.2467496686726,-218.644396359567,-13.6735715671532,433.448515592319,0,0,0,0,-17.7687766408299,-11.4619546841109,-4.931524851807e-05,0.000110679309667433,2.99337488622917,0.00824634295020411
2003,80.12,211.368314197373,10.2369468055579,-218.641156431644,-13.6734556257844,433.445979449243,0,0,0,0,-17.7686259972059,-11.4683113461873,-4.9316359139313e-05,0.000110679647445174,2.97613380110904,0.00824781262450655
2004,80.16,211.359445661745,10.2272559302146,-218.637884746771,-13.673339992998,433.4434144713,0,0,0,0,-17.7684757567633,-11.4745087432185,-4.93174705581399e-05,0.00011067998907443,2.95869254716467,0.00824928758148303
2005,80.2,211.350697188733,10.2176826879517,-218.634581650266,-13.6732246696463,433.440820820694,0,0,0,0,-17.76832592059,-11.4805401125835,-4.93185827610059e-05,0.000110680334527613,2.94105236421042,0.00825076736258677
2006,80.24,211.342069838417,10.2082283235103,-218.631247489886,-13.6731096565656,433.438198661358,0,0,0,0,-17.7681764897525,-11.4864033922998,-4.93196957329011e-05,0.000110680683776194,2.92321450525757,0.00825225150767524
2007,80.28,211.333560262269,10.1988896736729,-218.627882615802,-13.6729949545767,433.435548158975,0,0,0,0,-17.7680274652975,-11.492101243863,-4.93208094599997e-05,0.000110681036792047,2.9051802364263,0.00825373955514152
2008,80.32,211.325160790113,10.1896592541683,-218.624487380563,-13.6728805644866,433.432869480994,0,0,0,0,-17.7678788482535,-11.4976409733372,-4.93219239276403e-05,0.000110681393546857,2.88695083685674,0.00825523104204609
2009,80.36,211.316859611923,10.1805254414272,-218.621062139073,-13.672766487089,433.430162796657,0,0,0,0,-17.7677306396314,-11.5030343524746,-4.93230391214247e-05,0.000110681754011876,2.86852759861911,0.00825672550424915
2010,80.4,211.308641054309,10.1714727490188,-218.617607248557,-13.6726527231653,433.427428277013,0,0,0,0,-17.7675828404263,-11.508297341983,-4.93241550266967e-05,0.000110682118159118,2.84991182662314,0.00825822247654348
2011,80.44,211.300485950142,10.1624821972229,-218.614123068535,-13.6725392734859,433.424666094939,0,0,0,0,-17.7674354516188,-11.5134497198634,-4.93252716290812e-05,0.000110682485959552,2.83110483852652,0.00825972149278787
2012,80.48,211.292372097588,10.1535317720213,-218.610609960787,-13.672426138811,433.421876425165,0,0,0,0,-17.767288474176,-11.5185146191586,-4.93263889137491e-05,0.000110682857384914,2.81210796464259,0.00826122208604082
2013,80.52,211.28427480204,10.1445969669724,-218.607068289327,-13.6723133198915,433.419059444286,0,0,0,0,-17.7671419090527,-11.5235179813582,-4.93275068662234e-05,0.000110683232406246,2.79292254784717,0.0082627237886945
2014,80.56,211.276167491251,10.1356513983023,-218.60349842037,-13.6722008174699,433.416215330788,0,0,0,0,-17.7669957571933,-11.5284879338799,-4.93286254716658e-05,0.000110683610995429,2.77354994348461,0.00826422613260878
2015,80.6,211.268022391,10.1266674805177,-218.599900722303,-13.6720886322815,433.413344265067,0,0,0,0,-17.7668500195322,-11.5334541023107,-4.93297447154601e-05,0.000110683993123389,2.75399151927296,0.00826572864924545
2016,80.64,211.259811245887,10.1176171471501,-218.596275565651,-13.6719767650553,433.410446429443,0,0,0,0,-17.7667046969957,-11.5384468705785,-4.93308645826453e-05,0.000110684378761743,2.73424865520838,0.00826723086980262
2017,80.68,211.251506067557,10.1084725989349,-218.592623323049,-13.6718652165148,433.407522008187,0,0,0,0,-17.7665597905027,-11.5434966048622,-4.93319850587332e-05,0.000110684767881974,2.71432274346871,0.00826873232534954
2018,80.72,211.243079890678,10.0992070597353,-218.588944369212,-13.6717539873789,433.404571187534,0,0,0,0,-17.7664153009665,-11.5486328598203,-4.93331061287139e-05,0.00011068516045543,2.69421518831632,0.00827023254696168
2019,80.76,211.234507515296,10.0897955188501,-218.585239080898,-13.6716430783631,433.401594155707,0,0,0,0,-17.7662712292954,-11.5538835882197,-4.93342277777356e-05,0.000110685556453789,2.67392740600007,0.00827173106585592
2020,80.8,211.225766213056,10.0802154371845,-218.58150783688,-13.6715324901801,433.398591102931,0,0,0,0,-17.7661275763943,-11.5592743768896,-4.93353499911662e-05,0.000110685955848822,2.65346082465653,0.00827322741352568
2021,80.84,211.216836374464,10.0704473944624,-218.577751017915,-13.6714222235409,433.395562221458,0,0,0,0,-17.7659843431658,-11.5648277328602,-4.9336472754257e-05,0.000110686358611844,2.6328168842105,0.00827472112187584
2022,80.88,211.207702075284,10.0604756555725,-218.57396900671,-13.6713122791558,433.392507705578,0,0,0,0,-17.7658415305114,-11.5705624433441,-4.93375960522004e-05,0.000110686764715258,2.61199703627462,0.00827621172335736
2023,80.92,211.198351542474,10.0502886364562,-218.57016218789,-13.671202657735,433.389427751643,0,0,0,0,-17.7656991393325,-11.5764930318651,-4.93387198700663e-05,0.00011068717413072,2.59100274404833,0.00827769875110198
2024,80.96,211.188777503754,10.0398792536262,-218.566330947967,-13.6710933599895,433.386322558084,0,0,0,0,-17.7655571705317,-11.5826293301196,-4.93398441931831e-05,0.000110687586830343,2.56983548221605,0.0082791817390568
2025,81,211.178977409657,10.0292451461677,-218.562475675305,-13.6709843866324,433.383192325427,0,0,0,0,-17.7654156250139,-11.5889761810291,-4.93409690068378e-05,0.000110688002786629,2.54849673684457,0.00828066022211899
2026,81.04,211.168953522378,10.0183887645341,-218.558596760089,-13.6708757383793,433.380037256312,0,0,0,0,-17.7652745036874,-11.5955332831106,-4.93420942963121e-05,0.000110688421971677,2.52698800527979,0.00828213373627022
2027,81.08,211.158712871442,10.0073173261723,-218.554694594293,-13.6707674159491,433.376857555513,0,0,0,0,-17.7651338074649,-11.6022951801187,-4.93432200470937e-05,0.000110688844358627,2.5053107960426,0.00828360181871073
2028,81.12,211.148267081768,9.9960426435326,-218.550769571647,-13.6706594200654,433.373653429948,0,0,0,0,-17.764993537265,-11.6092513936359,-4.93443462442065e-05,0.000110689269919885,2.48346662872419,0.00828506400799278
2029,81.16,211.137632084507,9.98458083485783,-218.546822087598,-13.6705517514566,433.370425088704,0,0,0,0,-17.7648536940126,-11.6163866904894,-4.93454728734497e-05,0.00011068969862861,2.4614570338805,0.00828651984415352
2030,81.2,211.126827724693,9.97295193178858,-218.542852539286,-13.6704444108573,433.367172743049,0,0,0,0,-17.7647142786407,-11.6236814720635,-4.934659992002e-05,0.000110690130458476,2.43928355292604,0.00828796886884754
2031,81.24,211.115877281778,9.96117939984182,-218.538861325504,-13.6703373990089,433.363896606449,0,0,0,0,-17.7645752920908,-11.6311122691676,-4.93477273696734e-05,0.000110690565382279,2.41694773802701,0.00828941062547907
2032,81.28,211.104806919334,9.94928958807263,-218.534848846665,-13.6702307166601,433.360596894586,0,0,0,0,-17.7644367353142,-11.6386523243771,-4.93488552080351e-05,0.000110691003374396,2.39445115199365,0.00829084465933415
2033,81.32,211.093645079003,9.93731112297121,-218.530815504771,-13.670124364568,433.357273825371,0,0,0,0,-17.7642986092733,-11.6462722436777,-4.9349983420739e-05,0.000110691444408956,2.37179536817201,0.00829227051771229
2034,81.36,211.08242183161,9.92527425952574,-218.526761703377,-13.670018343499,433.353927618961,0,0,0,0,-17.764160914942,-11.6539407006007,-4.93511119935668e-05,0.000110691888460001,2.34898197033496,0.00829368775005765
2035,81.4,211.071168196152,9.91321020016464,-218.522687847557,-13.669912654229,433.350558497773,0,0,0,0,-17.7640236533072,-11.6616251780499,-4.93522409123358e-05,0.000110692335502184,2.32601255257252,0.00829509590808942
2036,81.44,211.059915435684,9.90115039059576,-218.51859434387,-13.6698072975449,433.347166686503,0,0,0,0,-17.7638868253694,-11.669292734968,-4.93533701630623e-05,0.000110692785511097,2.30288871918161,0.00829649454593133
2037,81.48,211.048694338271,9.88912580070935,-218.514481600327,-13.6697022742444,433.343752412133,0,0,0,0,-17.763750432144,-11.6769107863218,-4.93544997319178e-05,0.000110693238461182,2.27961208455503,0.00829788322024066
2038,81.52,211.037534491299,9.87716619883824,-218.510350026353,-13.6695975851376,433.340315903951,0,0,0,0,-17.7636144746617,-11.6844478853298,-4.93556296051395e-05,0.000110693694329073,2.2561842730699,0.00829926149033665
2039,81.56,211.02646355861,9.86529942885049,-218.506200032758,-13.669493231047,433.336857393564,0,0,0,0,-17.7634789539701,-11.6918744964439,-4.93567597687174e-05,0.000110694153090127,2.23260691897533,0.00830062891832863
2040,81.6,211.015506572207,9.8535507018036,-218.502032031696,-13.6693892128088,433.333377114909,0,0,0,0,-17.763343871134,-11.6991637464112,-4.93578902089871e-05,0.000110694614720959,2.20888166627962,0.00830198506924356
2041,81.64,211.004685253344,9.84194191698718,-218.497846436636,-13.6692855312731,433.329875304266,0,0,0,0,-17.7632092272365,-11.7062921388831,-4.93590209130522e-05,0.000110695079198747,2.18501016863664,0.00830332951115279
2042,81.68,210.994017381178,9.83049103052903,-218.493643662322,-13.6691821873045,433.326352200275,0,0,0,0,-17.76307502338,-11.7132402157239,-4.93601518672252e-05,0.000110695546500389,2.16099408923178,0.00830466181529776
2043,81.72,210.983516229944,9.819211492527,-218.489424124742,-13.6690791817834,433.322808043943,0,0,0,0,-17.7629412606868,-11.7199931460206,-4.93612830582189e-05,0.000110696016603547,2.13683510066712,0.00830598155621467
2044,81.76,210.973190097174,9.80811177521363,-218.48518824109,-13.6689765156058,433.319243078657,0,0,0,0,-17.7628079403001,-11.7265412223303,-4.93624144731694e-05,0.000110696489486636,2.11253488484614,0.00830728831185817
2045,81.8,210.963041945425,9.79719501464454,-218.480936429734,-13.6688741896845,433.315657550199,0,0,0,0,-17.7626750633845,-11.732880243675,-4.93635460990012e-05,0.000110696965127953,2.08809513285773,0.00830858166372422
2046,81.84,210.953069178416,9.78645878679082,-218.476669110176,-13.6687722049493,433.312051706751,0,0,0,0,-17.7625426311273,-11.7390117661773,-4.93646779231979e-05,0.000110697443506304,2.06351754485968,0.0083098611969722
2047,81.88,210.94326356923,9.77589503568937,-218.472386703022,-13.668670562348,433.308425798911,0,0,0,0,-17.7624106447387,-11.7449432051514,-4.93658099330555e-05,0.000110697924601652,2.03880382996154,0.00831112650054626
2048,81.92,210.933611353268,9.76549016635773,-218.468089629941,-13.6685692628466,433.304780079699,0,0,0,0,-17.7622791054529,-11.7506877766848,-4.9366942116384e-05,0.000110698408393861,2.01395570610694,0.00831237716729554
2049,81.96,210.924093492028,9.75522530852437,-218.463778313634,-13.6684683074298,433.301114804568,0,0,0,0,-17.7621480145287,-11.75626427212,-4.93680744605014e-05,0.000110698894863197,1.98897489995534,0.00831361279409318
2050,82,210.9146861058,9.74507674928433,-218.459453177796,-13.6683676971021,433.297430231414,0,0,0,0,-17.7620173732501,-11.7616966652823,-4.93692069537505e-05,0.0001106993839907,1.96386314676324,0.00831483298195407
2051,82.04,210.905361065019,9.73501652440233,-218.45511464708,-13.6682674328877,433.293726620584,0,0,0,0,-17.7618871829273,-11.767013559276,-4.93703395841026e-05,0.000110699875758018,1.93862219026481,0.00831603733615135
2052,82.08,210.89608672207,9.72501315007985,-218.450763147063,-13.6681675158311,433.290004234884,0,0,0,0,-17.7617574448969,-11.7722474867557,-4.93714723398942e-05,0.000110700370147188,1.91325378255199,0.00831722546633194
2053,82.12,210.886828758623,9.71503247024236,-218.446399104206,-13.6680679469979,433.286263339585,0,0,0,0,-17.7616281605229,-11.7774340839623,-4.93726052100131e-05,0.000110700867140599,1.8877596839541,0.00831839698663106
2054,82.16,210.877551118292,9.70503858915814,-218.442022945824,-13.6679687274752,433.282504202433,0,0,0,0,-17.7614993311971,-11.7826111641079,-4.93737381826191e-05,0.000110701366721731,1.86214166291688,0.00831955151578587
2055,82.2,210.868216991017,9.6949948557799,-218.437635100046,-13.6678698583715,433.278727093655,0,0,0,0,-17.7613709583398,-11.7878177195213,-4.93748712472224e-05,0.000110701868873956,1.83640149588103,0.00832068867724776
2056,82.24,210.858789814354,9.68486486498792,-218.433235995779,-13.6677713408181,433.274932285963,0,0,0,0,-17.7612430434003,-11.7930928843796,-4.93760043926976e-05,0.000110702373581907,1.81054096716028,0.00832180809929337
2057,82.28,210.849234258057,9.67461344213526,-218.428826062671,-13.6676731759686,433.271120054561,0,0,0,0,-17.7611155878578,-11.7984748906928,-4.93771376086652e-05,0.000110702880830445,1.78456186881889,0.00832290941513391
2058,82.32,210.83951716173,9.6642075806555,-218.424405731077,-13.6675753649999,433.267290677152,0,0,0,0,-17.7609885932212,-11.8040000496356,-4.93782708846268e-05,0.000110703390604863,1.75846600054876,0.00832399226302324
2059,82.36,210.829608399908,9.65361730710612,-218.419975432024,-13.6674779091123,433.263444433938,0,0,0,0,-17.7608620610302,-11.8097017884011,-4.93794042104596e-05,0.000110703902891499,1.73225516954594,0.00832505628636443
2060,82.4,210.819481653791,9.64281645286109,-218.415535597168,-13.66738080953,433.259581607628,0,0,0,0,-17.7607359928557,-11.8156097697418,-4.93805375763221e-05,0.00011070441767706,1.70593119038682,0.00832610113381534
2061,82.44,210.809115073321,9.63178331614932,-218.411086658765,-13.6672840675014,433.255702483438,0,0,0,0,-17.7606103903,-11.8217491176161,-4.93816709726413e-05,0.000110704934948931,1.6794958849037,0.00832712645939266
2062,82.48,210.798491817464,9.62050120229627,-218.40662904963,-13.6671876842993,433.251807349097,0,0,0,0,-17.7604852549976,-11.8281397681035,-4.93828043901608e-05,0.00011070545469501,1.65295108206003,0.00832813192257448
2063,82.52,210.787600464648,9.60895883412268,-218.4021632031,-13.6670916612215,433.247896494847,0,0,0,0,-17.7603605886153,-11.8347959603158,-4.93839378196296e-05,0.000110705976904286,1.62629861782513,0.00832911718840105
2064,82.56,210.776435289281,9.59715062842802,-218.397689553003,-13.6669959995909,433.243970213447,0,0,0,0,-17.7602363928527,-11.8417258774523,-4.93850712520703e-05,0.000110706501565642,1.59954033504852,0.00833008192757357
2065,82.6,210.764996403651,9.58507683785204,-218.393208533614,-13.6669007007558,433.240028800169,0,0,0,0,-17.7601126694425,-11.8489314435801,-4.93862046793271e-05,0.000110707028669556,1.57267808333378,0.00833102581655145
2066,82.64,210.753289766793,9.57274355970218,-218.388720579624,-13.6668057660903,433.236072552804,0,0,0,0,-17.7599894201512,-11.8564082774054,-4.93873380927188e-05,0.000110707558206469,1.54571371891202,0.00833194853764788
2067,82.68,210.741327063208,9.56016261463934,-218.384226126097,-13.6667111969942,433.23210177166,0,0,0,0,-17.7598666467788,-11.8641458003159,-4.93884714843562e-05,0.000110708090167803,1.51864910451495,0.00833284977912411
2068,82.72,210.729125455304,9.54735129908175,-218.379725608443,-13.6666169948936,433.228116759559,0,0,0,0,-17.7597443511596,-11.8721274924965,-4.93896048464526e-05,0.00011070862454555,1.4914861092475,0.00833372923528223
2069,82.76,210.716707214719,9.53433201649322,-218.375219462371,-13.666523161241,433.224117821838,0,0,0,0,-17.7596225351623,-11.8803312880012,-4.93907381717124e-05,0.000110709161332578,1.46422660846009,0.00833458660655619
2070,82.8,210.704099239458,9.52113179448567,-218.370708123858,-13.6664296975153,433.220105266346,0,0,0,0,-17.7595012006901,-11.8887300972815,-4.93918714529663e-05,0.000110709700522313,1.43687248362052,0.008335421599601
