step,time_au,e_ss,e_pp,e_ps,e_sb,e_pb,e_bb,e_hartree_check,e_external_check,norm_wp,norm_total
0,0,-217.076138318,0.077262689848,-12.3099172918,431.830598261,12.3099140721,-214.717785708,-229.30879292,444.140512333,1,101
1,0.04,-217.076138165,0.0772609578321,-12.2379958309,431.83059811,12.2379894591,-214.717785708,-229.236873038,444.06858757,0.999992695919,100.999992693
2,0.08,-217.076138279,0.0772559152355,-12.1661054328,431.830598229,12.1660914905,-214.717785708,-229.164987797,443.996689719,0.999987007177,100.999987002
3,0.12,-217.076138669,0.0772475562507,-12.0942403964,431.830598626,12.09421444,-214.717785708,-229.09313151,443.924813066,0.999982589801,100.999982582
4,0.16,-217.076139345,0.0772358778305,-12.0223961691,431.830599313,12.0223537273,-214.717785708,-229.021299636,443.85295304,0.999979168363,100.999979158
5,0.2,-217.076140317,0.0772208791761,-11.9505691348,431.830600303,11.9505057054,-214.717785708,-228.949488572,443.781106009,0.999976523372,100.99997651
6,0.24,-217.076141596,0.077202561343,-11.8787564368,431.830601612,11.8786674834,-214.717785708,-228.877695471,443.709269095,0.999974480765,100.999974465
7,0.28,-217.076143195,0.0771809269379,-11.8069558324,431.830603256,11.8068367802,-214.717785708,-228.8059181,443.637440036,0.999972903198,100.999972885
8,0.32,-217.076145128,0.077155979888,-11.7351655721,431.830605254,11.7350118039,-214.717785708,-228.73415472,443.565617058,0.999971682846,100.999971662
9,0.36,-217.076147409,0.0771277252653,-11.6633843016,431.830607627,11.6631911527,-214.717785708,-228.662403985,443.49379878,0.999970735494,100.999970713
10,0.4,-217.076150056,0.0770961691538,-11.591610982,431.830610399,11.5913737343,-214.717785708,-228.590664869,443.421984134,0.999969995717,100.999969971
11,0.44,-217.076153086,0.0770613185485,-11.5198448244,431.830613595,11.519558701,-214.717785708,-228.518936592,443.350172296,0.999969412957,100.999969386
12,0.48,-217.076156519,0.0770231812783,-11.4480852388,431.830617244,11.4477453963,-214.717785708,-228.447218577,443.27836264,0.999968948355,100.999968919
13,0.52,-217.076160378,0.0769817659466,-11.376331792,431.830621376,11.375933313,-214.717785708,-228.375510404,443.206554689,0.999968572207,100.999968541
14,0.56,-217.076164685,0.076937081884,-11.3045841752,431.830626025,11.3041220593,-214.717785708,-228.303811778,443.134748084,0.999968261931,100.999968229
15,0.6,-217.076169466,0.0768891391092,-11.2328421783,431.830631227,11.2323113324,-214.717785708,-228.232122505,443.062942559,0.999968000453,100.999967966
16,0.64,-217.07617475,0.0768379482964,-11.1611056694,431.830637023,11.1605008972,-214.717785708,-228.160442472,442.99113792,0.999967774934,100.999967738
17,0.68,-217.076180568,0.0767835207456,-11.0893745807,431.830643455,11.0886905697,-214.717785708,-228.088771628,442.919334025,0.999967575775,100.999967538
18,0.72,-217.076186954,0.076725868355,-11.0176488961,431.830650571,11.0168802049,-214.717785708,-228.017109981,442.847530776,0.999967395839,100.999967356
19,0.76,-217.076193943,0.0766650035938,-10.9459286435,431.830658421,10.9450696865,-214.717785708,-227.945457583,442.775728107,0.999967229848,100.999967188
20,0.8,-217.076201576,0.0766009394754,-10.8742138886,431.830667059,10.8732589195,-214.717785708,-227.873814525,442.703925979,0.999967073921,100.999967031
21,0.84,-217.076209896,0.0765336895297,-10.8025047315,431.830676546,10.8014478251,-214.717785708,-227.802180938,442.632124371,0.999966925219,100.99996688
22,0.88,-217.076218951,0.0764632677741,-10.7308013039,431.830686943,10.7296363361,-214.717785708,-227.730556987,442.560323279,0.999966781679,100.999966735
23,0.92,-217.076228792,0.0763896886838,-10.6591037689,431.830698321,10.6578243945,-214.717785708,-227.658942873,442.488522716,0.999966641808,100.999966594
24,0.96,-217.076239476,0.07631296716,-10.5874123205,431.830710753,10.5860119498,-214.717785708,-227.587338829,442.416722703,0.999966504531,100.999966455
25,1,-217.076251062,0.0762331184975,-10.5157271855,431.830724319,10.5141989576,-214.717785708,-227.515745129,442.344923277,0.99996636908,100.999966318
26,1.04,-217.076263617,0.0761501583501,-10.444048625,431.830739104,10.4423853797,-214.717785708,-227.444162083,442.273124484,0.999966234909,100.999966182
27,1.08,-217.076277212,0.0760641026953,-10.3723769373,431.8307552,10.3705711846,-214.717785708,-227.372590046,442.201326384,0.999966101631,100.999966048
28,1.12,-217.076291925,0.0759749677968,-10.300712461,431.830772705,10.2987563481,-214.717785708,-227.301029418,442.129529053,0.999965968973,100.999965914
29,1.16,-217.076307839,0.0758827701674,-10.2290555795,431.830791727,10.2269408557,-214.717785708,-227.229480648,442.057732583,0.999965836745,100.99996578
30,1.2,-217.076325046,0.0757875265289,-10.1574067251,431.830812378,10.1551247041,-214.717785708,-227.157944244,441.985937082,0.999965704815,100.999965647
31,1.24,-217.076343643,0.0756892537734,-10.0857663843,431.830834781,10.0833079048,-214.717785708,-227.086420773,441.914142686,0.999965573089,100.999965514
32,1.28,-217.076363737,0.0755879689223,-10.0141351036,431.830859067,10.0114904874,-214.717785708,-227.014910872,441.842349555,0.999965441504,100.999965381
33,1.32,-217.076385443,0.0754836890861,-9.94251349616,431.830885376,9.93967250432,-214.717785708,-226.94341525,441.770557881,0.999965310017,100.999965248
34,1.36,-217.076408884,0.0753764314239,-9.87090224826,431.830913859,9.86785403611,-214.717785708,-226.871934701,441.698767895,0.999965178598,100.999965115
35,1.4,-217.076434194,0.0752662131038,-9.79930212742,431.830944675,9.79603519783,-214.717785708,-226.800470108,441.626979873,0.999965047226,100.999964983
36,1.44,-217.076461517,0.0751530512631,-9.72771399058,431.830977999,9.72421614649,-214.717785708,-226.729022457,441.555194145,0.999964915888,100.99996485
37,1.48,-217.076491008,0.0750369629719,-9.65613879315,431.831014013,9.65239708978,-214.717785708,-226.657592839,441.483411102,0.999964784574,100.999964717
38,1.52,-217.076522835,0.0749179651964,-9.58457759878,431.831052915,9.580578296,-214.717785708,-226.586182468,441.411631211,0.999964653279,100.999964585
39,1.56,-217.076557175,0.0747960747667,-9.51303158989,431.831094915,9.5087601056,-214.717785708,-226.51479269,441.33985502,0.999964521996,100.999964453
40,1.6,-217.076594223,0.0746713083469,-9.4415020789,431.831140238,9.43694294415,-214.717785708,-226.443424994,441.268083182,0.999964390724,100.99996432
41,1.64,-217.076634186,0.07454368241,-9.36999052029,431.831189125,9.36512733715,-214.717785708,-226.372081024,441.196316462,0.999964259461,100.999964188
42,1.68,-217.076677285,0.074413213217,-9.29849852345,431.831241831,9.29331392654,-214.717785708,-226.300762595,441.124555758,0.999964128203,100.999964055
43,1.72,-217.076723759,0.0742799168024,-9.22702786624,431.831298629,9.2215034892,-214.717785708,-226.229471709,441.052802119,0.999963996951,100.999963923
44,1.76,-217.076773864,0.0741438089668,-9.1555805094,431.831359811,9.14969695746,-214.717785708,-226.158210564,440.981056769,0.999963865703,100.999963791
45,1.8,-217.076827872,0.0740049052768,-9.08415861168,431.831425686,9.0778954416,-214.717785708,-226.086981579,440.909321128,0.999963734458,100.999963658
46,1.84,-217.076886076,0.0738632210737,-9.01276454572,431.831496584,9.00610025456,-214.717785708,-226.015787401,440.837596839,0.999963603216,100.999963526
47,1.88,-217.076948788,0.0737187714926,-8.94140091457,431.831572856,8.93431293865,-214.717785708,-225.944630931,440.765885795,0.999963471975,100.999963394
48,1.92,-217.077016341,0.0735715714915,-8.87007056895,431.831654875,8.86253529433,-214.717785708,-225.873515338,440.694190169,0.999963340734,100.999963261
49,1.96,-217.077089091,0.073421635893,-8.79877662496,431.831743036,8.79076941101,-214.717785708,-225.80244408,440.622512447,0.999963209494,100.999963129
50,2,-217.077167416,0.0732689794369,-8.72752248238,431.83183776,8.7190176996,-214.717785708,-225.731420919,440.55085546,0.999963078252,100.999962997
51,2.04,-217.077251721,0.0731136168476,-8.65631184332,431.831939493,8.64728292664,-214.717785708,-225.660449947,440.479222419,0.999962947007,100.999962865
52,2.08,-217.077342434,0.0729555629125,-8.58514873117,431.832048706,8.57556824982,-214.717785708,-225.589535603,440.407616956,0.99996281576,100.999962732
53,2.12,-217.077440013,0.0727948325761,-8.51403750969,431.8321659,8.50387725446,-214.717785708,-225.51868269,440.336043155,0.999962684509,100.9999626
54,2.16,-217.07754494,0.072631441045,-8.44298290215,431.832291605,8.43221399063,-214.717785708,-225.447896402,440.264505595,0.999962553252,100.999962468
55,2.2,-217.077657732,0.0724654039064,-8.37199001027,431.832426379,8.36058301031,-214.717785708,-225.377182338,440.193009389,0.999962421989,100.999962336
56,2.24,-217.077778931,0.0722967372581,-8.30106433288,431.832570814,8.2889894043,-214.717785708,-225.306546527,440.121560218,0.999962290719,100.999962203
57,2.28,-217.077909116,0.0721254578476,-8.23021178406,431.832725534,8.2174388381,-214.717785708,-225.235995442,440.050164372,0.999962159441,100.999962071
58,2.32,-217.078048897,0.0719515832198,-8.15943871053,431.832891196,8.14593758627,-214.717785708,-225.165536024,439.978828782,0.999962028153,100.999961939
59,2.36,-217.078198918,0.0717751318702,-8.08875190816,431.833068494,8.07449256465,-214.717785708,-225.095175694,439.907561059,0.999961896854,100.999961807
60,2.4,-217.078359861,0.0715961234006,-8.01815863729,431.833258158,8.00311135972,-214.717785708,-225.024922375,439.836369518,0.999961765543,100.999961674
61,2.44,-217.078532444,0.0714145786747,-7.94766663672,431.833460956,7.93180225455,-214.717785708,-224.954784502,439.76526321,0.99996163422,100.999961542
62,2.48,-217.078717424,0.0712305199703,-7.87728413601,431.833677693,7.86057425069,-214.717785708,-224.88477104,439.694251944,0.999961502882,100.99996141
63,2.52,-217.078915598,0.0710439711232,-7.80701986604,431.833909218,7.78943708545,-214.717785708,-224.814891493,439.623346303,0.99996137153,100.999961277
64,2.56,-217.079127804,0.0708549576604,-7.73688306744,431.834156418,7.71840124406,-214.717785708,-224.745155913,439.552557662,0.999961240161,100.999961145
65,2.6,-217.079354921,0.0706635069178,-7.66688349676,431.834420226,7.6474779662,-214.717785708,-224.675574911,439.481898192,0.999961108775,100.999961013
66,2.64,-217.079597873,0.0704696481388,-7.59703143018,431.834701615,7.57667924672,-214.717785708,-224.606159655,439.411380862,0.999960977371,100.999960881
67,2.68,-217.079857627,0.0702734125511,-7.52733766452,431.835001605,7.50601783001,-214.717785708,-224.536921879,439.341019435,0.999960845948,100.999960748
68,2.72,-217.080135199,0.070074833417,-7.45781351545,431.835321263,7.43550719807,-214.717785708,-224.467873881,439.270828461,0.999960714505,100.999960616
69,2.76,-217.080431646,0.0698739460558,-7.38847081267,431.8356617,7.36516155214,-214.717785708,-224.399028513,439.200823252,0.999960583041,100.999960484
70,2.8,-217.080748078,0.0696707878359,-7.31932189207,431.836024075,7.29499578784,-214.717785708,-224.330399182,439.131019863,0.999960451555,100.999960351
71,2.84,-217.081085649,0.0694653981343,-7.25037958468,431.836409598,7.22502546423,-214.717785708,-224.261999836,439.061435062,0.999960320047,100.999960219
72,2.88,-217.081445565,0.0692578182645,-7.18165720235,431.836819525,7.15526676675,-214.717785708,-224.193844949,438.992086292,0.999960188516,100.999960086
73,2.92,-217.081829081,0.0690480913714,-7.1131685203,431.837255163,7.08573646468,-214.717785708,-224.12594951,438.922991628,0.999960056961,100.999959954
74,2.96,-217.082237501,0.0688362622951,-7.04492775635,431.83771787,7.01645186339,-214.717785708,-224.058328995,438.854169734,0.999959925383,100.999959822
75,3,-217.082672181,0.0686223774047,-6.97694954705,431.838209054,6.94743075205,-214.717785708,-223.990999351,438.785639806,0.999959793781,100.999959689
76,3.04,-217.083134529,0.0684064844051,-6.90924892076,431.838730173,6.87869134717,-214.717785708,-223.923976966,438.71742152,0.999959662153,100.999959557
77,3.08,-217.083626002,0.0681886321198,-6.84184126778,431.839282737,6.81025223287,-214.717785708,-223.857278638,438.649534969,0.999959530502,100.999959424
78,3.12,-217.084148111,0.0679688702537,-6.77474230774,431.839868306,6.74213229822,-214.717785708,-223.790921549,438.582000605,0.999959398825,100.999959292
79,3.16,-217.084702417,0.0677472491396,-6.70796805449,431.840488494,6.67435067256,-214.717785708,-223.724923222,438.514839167,0.999959267124,100.999959159
80,3.2,-217.085290531,0.0675238194741,-6.64153477864,431.841144963,6.60692665931,-214.717785708,-223.65930149,438.448071623,0.999959135398,100.999959026
81,3.24,-217.085914118,0.0672986320469,-6.57545896808,431.841839426,6.53987966907,-214.717785708,-223.594074454,438.381719095,0.999959003647,100.999958894
82,3.28,-217.086574892,0.0670717374694,-6.50975728677,431.842573646,6.47322915256,-214.717785708,-223.529260442,438.315802799,0.999958871873,100.999958761
83,3.32,-217.087274617,0.0668431859063,-6.4444465321,431.843349436,6.4069945342,-214.717785708,-223.464877964,438.25034397,0.999958740075,100.999958629
84,3.36,-217.088015107,0.0666130268171,-6.37954359115,431.844168657,6.34119514679,-214.717785708,-223.400945671,438.185363804,0.999958608253,100.999958496
85,3.4,-217.088798222,0.0663813087104,-6.31506539618,431.845033217,6.27585016808,-214.717785708,-223.337482309,438.120883385,0.999958476409,100.999958363
86,3.44,-217.089625872,0.0661480789155,-6.25102887975,431.845945072,6.21097855959,-214.717785708,-223.274506673,438.056923631,0.999958344543,100.999958231
87,3.48,-217.090500013,0.0659133833764,-6.18745092975,431.846906222,6.14659900841,-214.717785708,-223.21203756,437.99350523,0.999958212655,100.999958098
88,3.52,-217.091422645,0.0656772664692,-6.12434834479,431.847918711,6.08272987224,-214.717785708,-223.150093723,437.930648583,0.999958080746,100.999957965
89,3.56,-217.092395812,0.0654397708473,-6.06173779019,431.848984626,6.01938912816,-214.717785708,-223.088693831,437.868373755,0.999957948818,100.999957832
90,3.6,-217.093421599,0.0652009373156,-5.999635755,431.850106097,5.95659432547,-214.717785708,-223.027856416,437.806700422,0.999957816871,100.9999577
91,3.64,-217.094502133,0.0649608047347,-5.93805851032,431.851285288,5.89436254286,-214.717785708,-222.967599838,437.745647831,0.999957684905,100.999957567
92,3.68,-217.095639578,0.064719409956,-5.87702206923,431.852524406,5.83271035001,-214.717785708,-222.907942237,437.685234756,0.999957552923,100.999957434
93,3.72,-217.096836136,0.0644767877874,-5.81654214863,431.853825691,5.77165377392,-214.717785708,-222.848901497,437.625479465,0.999957420924,100.999957301
94,3.76,-217.098094043,0.0642329709893,-5.75663413326,431.855191415,5.71120826995,-214.717785708,-222.790495205,437.566399685,0.999957288909,100.999957168
95,3.8,-217.099415567,0.0639879902987,-5.69731304206,431.856623884,5.65138869749,-214.717785708,-222.732740619,437.508012581,0.999957156881,100.999957036
96,3.84,-217.100803007,0.0637418744806,-5.63859349719,431.858125431,5.5922093005,-214.717785708,-222.67565463,437.450334731,0.999957024838,100.999956903
97,3.88,-217.102258689,0.0634946504039,-5.58048969573,431.859698417,5.53368369247,-214.717785708,-222.619253735,437.39338211,0.999956892784,100.99995677
98,3.92,-217.103784966,0.063246343139,-5.52301538435,431.861345228,5.475824846,-214.717785708,-222.563554008,437.337170074,0.999956760717,100.999956637
99,3.96,-217.105384214,0.062996976075,-5.46618383693,431.86306827,5.41864508657,-214.717785708,-222.508571075,437.281713357,0.99995662864,100.999956504
100,4,-217.107058828,0.0627465710526,-5.41000783532,431.86486997,5.36215609052,-214.717785708,-222.454320092,437.227026061,0.999956496554,100.999956371
101,4.04,-217.108811223,0.06249514851,-5.35449965309,431.866752772,5.30636888678,-214.717785708,-222.400815727,437.173121659,0.999956364458,100.999956238
102,4.08,-217.110643828,0.0622427276382,-5.29967104256,431.868719133,5.2512938623,-214.717785708,-222.348072143,437.120012996,0.999956232354,100.999956105
103,4.12,-217.112559087,0.0619893265433,-5.24553322479,431.870771524,5.19694077082,-214.717785708,-222.296102986,437.067712295,0.999956100243,100.999955972
104,4.16,-217.114559453,0.0617349624113,-5.19209688269,431.872912423,5.14331874458,-214.717785708,-222.244921373,437.016231167,0.999955968125,100.999955839
105,4.2,-217.116647386,0.061479651674,-5.13937215706,431.875144315,5.09043630891,-214.717785708,-222.194539892,436.965580624,0.999955836001,100.999955707
106,4.24,-217.118825352,0.0612234101723,-5.0873686455,431.87746969,5.03830139921,-214.717785708,-222.144970588,436.91577109,0.999955703872,100.999955574
107,4.28,-217.121095819,0.0609662533146,-5.03609540406,431.879891039,4.98692137996,-214.717785708,-222.09622497,436.866812419,0.999955571738,100.999955441
108,4.32,-217.123461254,0.0607081962287,-4.98556095148,431.882410849,4.93630306574,-214.717785708,-222.048314009,436.818713915,0.999955439599,100.999955308
109,4.36,-217.125924121,0.0604492539043,-4.93577327579,431.885031605,4.88645274355,-214.717785708,-222.001248143,436.771484349,0.999955307457,100.999955175
110,4.4,-217.128486878,0.0601894413252,-4.88673984329,431.887755786,4.83737619646,-214.717785708,-221.95503728,436.725131982,0.999955175311,100.999955042
111,4.44,-217.131151976,0.05992877359,-4.83846760945,431.890585858,4.78907872817,-214.717785708,-221.909690812,436.679664587,0.999955043161,100.999954909
112,4.48,-217.133921852,0.05966726602,-4.79096303173,431.893524279,4.74156518811,-214.717785708,-221.865217618,436.635089467,0.999954911009,100.999954776
113,4.52,-217.136798933,0.0594049342543,-4.74423208404,431.896573489,4.69483999706,-214.717785708,-221.821626082,436.591413487,0.999954778854,100.999954643
114,4.56,-217.139785625,0.0591417943302,-4.6982802727,431.899735913,4.64890717272,-214.717785708,-221.778924103,436.548643086,0.999954646697,100.99995451
115,4.6,-217.14288432,0.0588778627515,-4.65311265355,431.903013954,4.60377035537,-214.717785708,-221.73711911,436.50678431,0.999954514537,100.999954377
116,4.64,-217.146097385,0.0586131565424,-4.60873385017,431.906409995,4.55943283304,-214.717785708,-221.696218078,436.465842828,0.999954382374,100.999954244
117,4.68,-217.149427165,0.0583476932882,-4.5651480729,431.909926393,4.51589756638,-214.717785708,-221.656227545,436.425823959,0.999954250209,100.999954111
118,4.72,-217.15287598,0.0580814911644,-4.52235913852,431.913565478,4.4731672127,-214.717785708,-221.617153627,436.386732691,0.999954118042,100.999953978
119,4.76,-217.156446119,0.0578145689531,-4.48037049036,431.917329552,4.43124414939,-214.717785708,-221.57900204,436.348573701,0.999953985872,100.999953845
120,4.8,-217.160139842,0.0575469460491,-4.43918521873,431.921220883,4.39013049632,-214.717785708,-221.541778115,436.311351379,0.9999538537,100.999953712
121,4.84,-217.163959378,0.0572786424562,-4.3988060814,431.925241708,4.34982813729,-214.717785708,-221.505486817,436.275069845,0.999953721525,100.999953579
122,4.88,-217.167906917,0.0570096787736,-4.3592355241,431.929394227,4.31033874048,-214.717785708,-221.470132763,436.239732967,0.999953589346,100.999953446
123,4.92,-217.171984617,0.0567400761757,-4.32047570081,431.933680602,4.27166377765,-214.717785708,-221.435720241,436.205344379,0.999953457165,100.999953313
124,4.96,-217.176194593,0.056469856384,-4.28252849372,431.938102955,4.23380454233,-214.717785708,-221.402253231,436.171907498,0.99995332498,100.99995318
125,5,-217.180538923,0.0561990416338,-4.24539553278,431.942663369,4.19676216675,-214.717785708,-221.369735415,436.139425536,0.999953192792,100.999953047
126,5.04,-217.185019641,0.0559276546359,-4.2090782148,431.947363882,4.16053763766,-214.717785708,-221.338170202,436.107901519,0.999953060599,100.999952914
127,5.08,-217.189638738,0.0556557185342,-4.17357772178,431.952206485,4.12513181096,-214.717785708,-221.307560741,436.077338295,0.999952928403,100.999952781
128,5.12,-217.194398158,0.0553832568614,-4.13889503875,431.957193125,4.09054542523,-214.717785708,-221.27790994,436.04773855,0.999952796202,100.999952648
129,5.16,-217.199299799,0.055110293491,-4.1050309707,431.962325701,4.05677911417,-214.717785708,-221.249220476,436.019104815,0.999952663995,100.999952515
130,5.2,-217.204345512,0.0548368525897,-4.0719861589,431.967606062,4.02383341793,-214.717785708,-221.221494818,435.99143948,0.999952531784,100.999952382
131,5.24,-217.209537095,0.054562958568,-4.03976109625,431.973036006,3.9917087935,-214.717785708,-221.194735233,435.964744799,0.999952399567,100.999952249
132,5.28,-217.214876299,0.0542886360316,-4.00835614186,431.978617278,3.96040562413,-214.717785708,-221.168943805,435.939022902,0.999952267344,100.999952116
133,5.32,-217.220364819,0.054013909733,-3.97777153485,431.984351572,3.92992422781,-214.717785708,-221.144122444,435.9142758,0.999952135115,100.999951983
134,5.36,-217.226004301,0.0537388045245,-3.94800740714,431.990240526,3.90026486498,-214.717785708,-221.120272903,435.890505391,0.999952002879,100.99995185
135,5.4,-217.231796332,0.0534633453119,-3.91906379555,431.996285723,3.87142774537,-214.717785708,-221.097396782,435.867713468,0.999951870636,100.999951717
136,5.44,-217.237742448,0.0531875570115,-3.890940653,432.002488689,3.84341303422,-214.717785708,-221.075495544,435.845901723,0.999951738385,100.999951584
137,5.48,-217.243844127,0.0529114645075,-3.86363785886,432.008850894,3.81622085775,-214.717785708,-221.054570521,435.825071751,0.999951606127,100.999951451
138,5.52,-217.25010279,0.0526350926125,-3.83715522859,432.015373749,3.78985130805,-214.717785708,-221.034622926,435.805225057,0.99995147386,100.999951318
139,5.56,-217.256519802,0.0523584660308,-3.81149252259,432.022058606,3.76430444741,-214.717785708,-221.015653858,435.786363054,0.999951341584,100.999951185
140,5.6,-217.263096468,0.0520816093233,-3.7866494543,432.02890676,3.73958031217,-214.717785708,-220.997664313,435.768487072,0.999951209299,100.999951052
141,5.64,-217.269834035,0.0518045468754,-3.76262569762,432.035919442,3.71567891607,-214.717785708,-220.980655186,435.751598358,0.999951077005,100.999950919
142,5.68,-217.276733692,0.0515273028679,-3.73942089373,432.043097825,3.69260025319,-214.717785708,-220.964627283,435.735698079,0.999950944701,100.999950786
143,5.72,-217.283796565,0.0512499012495,-3.71703465718,432.050443021,3.67034430058,-214.717785708,-220.949581321,435.720787321,0.999950812387,100.999950653
144,5.76,-217.291023723,0.0509723657131,-3.69546658151,432.057956078,3.6489110205,-214.717785708,-220.935517939,435.706867098,0.999950680062,100.999950519
145,5.8,-217.298416173,0.0506947196731,-3.67471624428,432.065637983,3.62830036236,-214.717785708,-220.922437697,435.693938346,0.999950547725,100.999950386
146,5.84,-217.305974859,0.0504169862465,-3.65478321159,432.073489663,3.60851226446,-214.717785708,-220.910341084,435.682001927,0.999950415378,100.999950253
147,5.88,-217.313700666,0.0501391882349,-3.63566704215,432.081511978,3.58954665544,-214.717785708,-220.89922852,435.671058633,0.999950283018,100.99995012
148,5.92,-217.321594418,0.0498613481101,-3.61736729089,432.089705727,3.57140345555,-214.717785708,-220.889100361,435.661109183,0.999950150645,100.999949987
149,5.96,-217.329656874,0.0495834880004,-3.59988351226,432.098071647,3.55408257773,-214.717785708,-220.879956898,435.652154224,0.99995001826,100.999949854
150,6,-217.337888734,0.0493056296794,-3.583215263,432.106610408,3.53758392855,-214.717785708,-220.871798367,435.644194337,0.999949885862,100.99994972
151,6.04,-217.346290633,0.0490277945568,-3.56736210479,432.11532262,3.52190740902,-214.717785708,-220.864624943,435.637230029,0.99994975345,100.999949587
152,6.08,-217.354863146,0.0487500036706,-3.55232360637,432.124208825,3.50705291521,-214.717785708,-220.858436749,435.63126174,0.999949621025,100.999949454
153,6.12,-217.363606784,0.0484722776802,-3.53809934559,432.133269505,3.49302033888,-214.717785708,-220.853233852,435.626289844,0.999949488584,100.999949321
154,6.16,-217.372521995,0.0481946368621,-3.52468891106,432.142505075,3.47980956793,-214.717785708,-220.849016269,435.622314643,0.999949356129,100.999949187
155,6.2,-217.381609164,0.047917101106,-3.51209190363,432.151915885,3.4674204868,-214.717785708,-220.845783967,435.619336372,0.999949223658,100.999949054
156,6.24,-217.390868616,0.0476396899118,-3.50030793768,432.161502224,3.4558529768,-214.717785708,-220.843536864,435.617355201,0.999949091172,100.999948921
157,6.28,-217.400300609,0.0473624223885,-3.48933664222,432.171264313,3.44510691644,-214.717785708,-220.842274828,435.616371229,0.99994895867,100.999948787
158,6.32,-217.40990534,0.0470853172535,-3.47917766176,432.181202309,3.43518218159,-214.717785708,-220.841997684,435.616384491,0.999948826151,100.999948654
159,6.36,-217.419682943,0.0468083928323,-3.46983065718,432.191316307,3.42607864571,-214.717785708,-220.842705207,435.617394953,0.999948693615,100.999948521
160,6.4,-217.429633489,0.0465316670595,-3.46129530628,432.201606334,3.41779618001,-214.717785708,-220.844397128,435.619402514,0.999948561062,100.999948387
161,6.44,-217.439756986,0.0462551574804,-3.45357130441,432.212072355,3.41033465357,-214.717785708,-220.847073132,435.622407008,0.999948428491,100.999948254
162,6.48,-217.450053377,0.0459788812526,-3.44665836486,432.222714267,3.40369393342,-214.717785708,-220.850732861,435.626408201,0.999948295902,100.99994812
163,6.52,-217.460522545,0.0457028551488,-3.4405562192,432.233531906,3.39787388465,-214.717785708,-220.85537591,435.631405791,0.999948163294,100.999947987
164,6.56,-217.471164309,0.0454270955591,-3.43526461758,432.244525042,3.39287437047,-214.717785708,-220.861001831,435.637399413,0.999948030668,100.999947854
165,6.6,-217.481978423,0.0451516184941,-3.43078332894,432.255693379,3.38869525225,-214.717785708,-220.867610134,435.644388632,0.999947898022,100.99994772
166,6.64,-217.492964581,0.044876439589,-3.4271121411,432.267036559,3.38533638954,-214.717785708,-220.875200282,435.652372948,0.999947765356,100.999947587
167,6.68,-217.504122411,0.0446015741062,-3.42425086089,432.278554156,3.38279764013,-214.717785708,-220.883771698,435.661351796,0.999947632669,100.999947453
168,6.72,-217.515451481,0.0443270369399,-3.42219931414,432.290245683,3.38107886002,-214.717785708,-220.893323759,435.671324543,0.999947499963,100.999947319
169,6.76,-217.526951294,0.0440528426197,-3.42095734569,432.302110586,3.38017990345,-214.717785708,-220.903855798,435.682290489,0.999947367235,100.999947186
170,6.8,-217.538621292,0.043779005315,-3.42052481926,432.314148248,3.38010062286,-214.717785708,-220.915367106,435.694248871,0.999947234486,100.999947052
171,6.84,-217.550460852,0.0435055388391,-3.4209016173,432.326357987,3.38084086887,-214.717785708,-220.92785693,435.707198855,0.999947101715,100.999946919
172,6.88,-217.562469289,0.0432324566539,-3.42208764081,432.338739056,3.38240049021,-214.717785708,-220.941324473,435.721139547,0.999946968922,100.999946785
173,6.92,-217.574645857,0.0429597718746,-3.42408280899,432.351290647,3.38477933367,-214.717785708,-220.955768894,435.73606998,0.999946836106,100.999946651
174,6.96,-217.586989746,0.042687497274,-3.42688705887,432.364011883,3.38797724395,-214.717785708,-220.971189307,435.751989127,0.999946703267,100.999946518
175,7,-217.599500082,0.0424156452882,-3.43050034481,432.376901827,3.39199406357,-214.717785708,-220.987584782,435.76889589,0.999946570405,100.999946384
176,7.04,-217.612175933,0.0421442280215,-3.43492263784,432.389959476,3.39682963262,-214.717785708,-221.004954342,435.786789108,0.99994643752,100.99994625
177,7.08,-217.625016299,0.0418732572519,-3.44015392491,432.403183764,3.40248378859,-214.717785708,-221.023296967,435.805667552,0.99994630461,100.999946117
178,7.12,-217.638020123,0.0416027444368,-3.44619420792,432.41657356,3.40895636599,-214.717785708,-221.042611586,435.825529926,0.999946171676,100.999945983
179,7.16,-217.651186281,0.0413327007194,-3.45304350259,432.430127673,3.41624719597,-214.717785708,-221.062897083,435.846374869,0.999946038717,100.999945849
180,7.2,-217.664513592,0.0410631369349,-3.46070183707,432.443844844,3.42435610586,-214.717785708,-221.084152292,435.86820095,0.999945905733,100.999945715
181,7.24,-217.678000809,0.0407940636174,-3.46916925033,432.457723754,3.43328291851,-214.717785708,-221.106375996,435.891006673,0.999945772724,100.999945581
182,7.28,-217.691646626,0.0405254910076,-3.47844579022,432.47176302,3.44302745157,-214.717785708,-221.129566925,435.914790472,0.999945639689,100.999945447
183,7.32,-217.705449674,0.0402574290603,-3.4885315113,432.485961196,3.45358951656,-214.717785708,-221.153723756,435.939550713,0.999945506627,100.999945313
184,7.36,-217.719408523,0.039989887453,-3.49942647223,432.500316774,3.46496891772,-214.717785708,-221.178845108,435.965285691,0.999945373539,100.999945179
185,7.4,-217.733521683,0.039722875595,-3.51113073282,432.514828183,3.47716545072,-214.717785708,-221.20492954,435.991993633,0.999945240424,100.999945045
186,7.44,-217.747787601,0.039456402637,-3.52364435071,432.52949379,3.49017890106,-214.717785708,-221.23197555,436.019672691,0.999945107282,100.999944911
187,7.48,-217.762204667,0.0391904774816,-3.53696737757,432.544311903,3.50400904217,-214.717785708,-221.259981567,436.048320945,0.999944974113,100.999944777
188,7.52,-217.776771207,0.0389251087941,-3.55109985486,432.559280764,3.51865563322,-214.717785708,-221.288945953,436.077936397,0.999944840915,100.999944643
189,7.56,-217.79148549,0.0386603050147,-3.56604180907,432.574398558,3.53411841656,-214.717785708,-221.318866994,436.108516975,0.999944707689,100.999944509
190,7.6,-217.806345724,0.0383960743706,-3.58179324653,432.589663408,3.55039711475,-214.717785708,-221.349742896,436.140060523,0.999944574435,100.999944375
191,7.64,-217.821350058,0.0381324248895,-3.59835414761,432.605073378,3.56749142721,-214.717785708,-221.381571781,436.172564805,0.999944441152,100.999944241
192,7.68,-217.836496585,0.0378693644133,-3.61572446046,432.62062647,3.58540102635,-214.717785708,-221.414351681,436.206027496,0.99994430784,100.999944107
193,7.72,-217.851783337,0.037606900613,-3.63390409416,432.636320631,3.60412555322,-214.717785708,-221.448080531,436.240446184,0.999944174499,100.999943972
194,7.76,-217.86720829,0.0373450410034,-3.65289291138,432.652153746,3.62366461262,-214.717785708,-221.48275616,436.275818358,0.999944041127,100.999943838
195,7.8,-217.882769363,0.0370837929594,-3.67269072041,432.668123644,3.6440177677,-214.717785708,-221.51837629,436.312141412,0.999943907726,100.999943704
196,7.84,-217.898464418,0.0368231637317,-3.69329726678,432.684228099,3.66518453393,-214.717785708,-221.554938521,436.349412633,0.999943774295,100.99994357
197,7.88,-217.914291264,0.0365631604636,-3.71471222428,432.700464825,3.68716437249,-214.717785708,-221.592440328,436.387629197,0.999943640833,100.999943435
198,7.92,-217.930247653,0.0363037902075,-3.73693518552,432.716831483,3.70995668301,-214.717785708,-221.630879049,436.426788166,0.99994350734,100.999943301
199,7.96,-217.946331285,0.0360450599423,-3.75996565206,432.73332568,3.73356079577,-214.717785708,-221.670251877,436.466886476,0.999943373816,100.999943166
200,8,-217.962539806,0.0357869765892,-3.78380302404,432.749944969,3.75797596319,-214.717785708,-221.710555853,436.507920932,0.999943240261,100.999943032
201,8.04,-217.97887081,0.035529547029,-3.80844658954,432.766686849,3.78320135073,-214.717785708,-221.751787853,436.549888199,0.999943106675,100.999942898
202,8.08,-217.995321841,0.0352727781181,-3.83389551349,432.783548769,3.80923602724,-214.717785708,-221.793944577,436.592784796,0.999942973057,100.999942763
203,8.12,-218.011890393,0.0350166767032,-3.8601488264,432.800528129,3.83607895464,-214.717785708,-221.837022543,436.636607083,0.999942839407,100.999942628
204,8.16,-218.028573911,0.0347612496369,-3.8872054128,432.817622277,3.86372897712,-214.717785708,-221.881018075,436.681351254,0.999942705725,100.999942494
205,8.2,-218.045369793,0.0345065037902,-3.91506399958,432.834828515,3.89218480983,-214.717785708,-221.925927289,436.727013325,0.999942572011,100.999942359
206,8.24,-218.06227539,0.0342524460653,-3.94372314419,432.852144098,3.92144502707,-214.717785708,-221.971746088,436.773589125,0.999942438265,100.999942225
207,8.28,-218.079288009,0.0339990834062,-3.97318122291,432.869566237,3.95150805014,-214.717785708,-222.018470149,436.821074287,0.999942304487,100.99994209
208,8.32,-218.096404913,0.0337464228073,-4.00343641903,432.887092096,3.98237213481,-214.717785708,-222.066094909,436.869464231,0.999942170677,100.999941955
209,8.36,-218.113623323,0.0334944713206,-4.03448671136,432.9047188,4.01403535862,-214.717785708,-222.114615563,436.918754159,0.999942036834,100.99994182
210,8.4,-218.130940419,0.0332432360608,-4.0663298628,432.922443432,4.04649560792,-214.717785708,-222.164027046,436.96893904,0.99994190296,100.999941686
211,8.44,-218.148353343,0.0329927242074,-4.0989634093,432.940263036,4.07975056491,-214.717785708,-222.214324028,437.020013601,0.999941769053,100.999941551
212,8.48,-218.1658592,0.0327429430047,-4.13238464911,432.958174618,4.11379769466,-214.717785708,-222.265500906,437.071972313,0.999941635115,100.999941416
213,8.52,-218.183455056,0.0324938997599,-4.16659063256,432.976175149,4.1486342323,-214.717785708,-222.317551789,437.124809382,0.999941501144,100.999941281
214,8.56,-218.201137947,0.0322456018371,-4.20157815234,432.994261565,4.18425717042,-214.717785708,-222.370470497,437.178518736,0.999941367142,100.999941146
215,8.6,-218.218904874,0.0319980566497,-4.23734373433,433.012430771,4.2206632468,-214.717785708,-222.424250552,437.233094018,0.999941233109,100.999941011
216,8.64,-218.236752808,0.0317512716493,-4.27388362915,433.03067964,4.25784893262,-214.717785708,-222.478885165,437.288528572,0.999941099045,100.999940876
217,8.68,-218.254678691,0.0315052543122,-4.31119380446,433.049005016,4.29581042119,-214.717785708,-222.534367241,437.344815437,0.99994096495,100.999940741
218,8.72,-218.272679439,0.0312600121233,-4.34926993795,433.067403719,4.33454361739,-214.717785708,-222.590689365,437.401947337,0.999940830825,100.999940606
219,8.76,-218.290751942,0.0310155525565,-4.38810741131,433.085872542,4.37404412782,-214.717785708,-222.647843801,437.45991667,0.99994069667,100.999940471
220,8.8,-218.308893066,0.0307718830533,-4.427701305,433.104408255,4.41430725182,-214.717785708,-222.705822488,437.518715507,0.999940562487,100.999940336
221,8.84,-218.327099658,0.0305290109993,-4.46804639397,433.123007608,4.4553279735,-214.717785708,-222.764617041,437.578335582,0.999940428275,100.999940201
222,8.88,-218.345368543,0.0302869436975,-4.50913714443,433.141667332,4.49710095467,-214.717785708,-222.824218744,437.638768286,0.999940294035,100.999940066
223,8.92,-218.36369653,0.0300456883408,-4.55096771151,433.160384139,4.539620529,-214.717785708,-222.884618553,437.700004668,0.999940159768,100.99993993
224,8.96,-218.382080412,0.0298052519823,-4.59353193807,433.179154728,4.58288069728,-214.717785708,-222.945807098,437.762035425,0.999940025475,100.999939795
225,9,-218.400516968,0.0295656415041,-4.63682335444,433.197975785,4.62687512386,-214.717785708,-223.007774681,437.824850909,0.999939891157,100.99993966
226,9.04,-218.419002967,0.0293268635859,-4.68083517932,433.216843984,4.67159713443,-214.717785708,-223.070511283,437.888441118,0.999939756815,100.999939525
227,9.08,-218.437535166,0.0290889246726,-4.72556032166,433.23575599,4.71703971502,-214.717785708,-223.134006563,437.952795705,0.999939622449,100.999939389
228,9.12,-218.456110316,0.028851830941,-4.77099138364,433.254708462,4.76319551236,-214.717785708,-223.198249869,438.017903974,0.999939488062,100.999939254
229,9.16,-218.474725161,0.028615588268,-4.81712066465,433.273698053,4.8100568355,-214.717785708,-223.263230237,438.083754888,0.999939353653,100.999939119
230,9.2,-218.493376441,0.0283802021984,-4.86394016636,433.292721412,4.85761565881,-214.717785708,-223.328936405,438.150337071,0.999939219225,100.999938983
231,9.24,-218.512060895,0.0281456779138,-4.91144159873,433.311775189,4.90586362624,-214.717785708,-223.395356816,438.217638815,0.999939084779,100.999938848
232,9.28,-218.530775261,0.0279120202033,-4.95961638701,433.330856032,4.95479205688,-214.717785708,-223.462479628,438.285648089,0.999938950316,100.999938712
233,9.32,-218.54951628,0.0276792334351,-5.00845567972,433.349960596,5.00439195179,-214.717785708,-223.530292726,438.354352547,0.999938815837,100.999938577
234,9.36,-218.568280694,0.0274473215309,-5.05795035747,433.369085535,5.05465400203,-214.717785708,-223.59878373,438.423739537,0.999938681344,100.999938441
235,9.4,-218.587065253,0.0272162879421,-5.10809104268,433.388227514,5.10556859786,-214.717785708,-223.667940008,438.493796111,0.999938546839,100.999938306
236,9.44,-218.605866712,0.0269861356292,-5.1588681101,433.407383203,5.15712583905,-214.717785708,-223.737748687,438.564509042,0.999938412323,100.999938171
237,9.48,-218.624681837,0.0267568670435,-5.21027169809,433.426549285,5.20931554631,-214.717785708,-223.808196668,438.635864831,0.999938277798,100.999938035
238,9.52,-218.643507403,0.0265284841124,-5.2622917206,433.445722453,5.2621272736,-214.717785708,-223.879270639,438.707849726,0.999938143265,100.9999379
239,9.56,-218.662340197,0.0263009882279,-5.31491787981,433.464899413,5.31555032149,-214.717785708,-223.950957089,438.780449735,0.999938008726,100.999937764
240,9.6,-218.681177023,0.0260743802381,-5.36813967935,433.484076889,5.36957375129,-214.717785708,-224.023242322,438.85365064,0.999937874181,100.999937628
241,9.64,-218.700014696,0.025848660443,-5.42194643806,433.503251619,5.42418639998,-214.717785708,-224.096112474,438.927438019,0.999937739634,100.999937493
242,9.68,-218.718850053,0.0256238285933,-5.47632730422,433.522420362,5.47937689586,-214.717785708,-224.169553528,439.001797258,0.999937605084,100.999937357
243,9.72,-218.737679945,0.0253998838931,-5.53127127016,433.541579895,5.53513367478,-214.717785708,-224.243551332,439.07671357,0.999937470532,100.999937222
244,9.76,-218.756501248,0.0251768250057,-5.58676718727,433.560727019,5.59144499696,-214.717785708,-224.31809161,439.152172016,0.99993733598,100.999937086
245,9.8,-218.775310855,0.0249546500638,-5.64280378119,433.579858556,5.64829896424,-214.717785708,-224.393159986,439.22815752,0.999937201426,100.999936951
246,9.84,-218.794105685,0.0247333566817,-5.69936966735,433.598971354,5.70568353767,-214.717785708,-224.468741996,439.304654892,0.999937066871,100.999936815
247,9.88,-218.812882681,0.0245129419723,-5.75645336653,433.618062288,5.76358655548,-214.717785708,-224.544823106,439.381648843,0.999936932314,100.99993668
248,9.92,-218.831638811,0.024293402566,-5.81404332061,433.637128257,5.8219957512,-214.717785708,-224.621388729,439.459124009,0.999936797753,100.999936544
249,9.96,-218.850371069,0.0240747346325,-5.87212790829,433.656166193,5.88089877193,-214.717785708,-224.698424243,439.537064965,0.999936663186,100.999936409
250,10,-218.86907648,0.0238569339063,-5.9306954608,433.675173056,5.9402831967,-214.717785708,-224.775915007,439.615456252,0.999936528608,100.999936273
251,10.04,-218.887752095,0.0236399957132,-5.98973427756,433.694145835,6.00013655477,-214.717785708,-224.853846377,439.69428239,0.999936394016,100.999936137
252,10.08,-218.906394997,0.0234239149995,-6.04923264161,433.713081554,6.06044634389,-214.717785708,-224.932203724,439.773527898,0.999936259404,100.999936002
253,10.12,-218.9250023,0.0232086863632,-6.10917883496,433.731977271,6.12120004839,-214.717785708,-225.010972448,439.853177319,0.999936124764,100.999935866
254,10.16,-218.943571149,0.0229943040866,-6.16956115358,433.750830075,6.18238515699,-214.717785708,-225.090137998,439.933215232,0.999935990088,100.99993573
255,10.2,-218.962098724,0.0227807621698,-6.2303679222,433.769637092,6.24398918043,-214.717785708,-225.169685884,440.013626273,0.999935855364,100.999935595
256,10.24,-218.980582238,0.0225680543653,-6.29158750868,433.788395485,6.30599966866,-214.717785708,-225.249601692,440.094395154,0.99993572058,100.999935459
257,10.28,-218.999018937,0.0223561742137,-6.35320833807,433.807102453,6.36840422769,-214.717785708,-225.329871101,440.17550668,0.99993558572,100.999935323
258,10.32,-219.017406106,0.0221451150786,-6.41521890621,433.825755231,6.4311905359,-214.717785708,-225.410479898,440.256945767,0.999935450764,100.999935187
259,10.36,-219.035741063,0.0219348701831,-6.47760779288,433.844351095,6.49434635995,-214.717785708,-225.491413986,440.338697455,0.999935315692,100.999935051
260,10.4,-219.054021164,0.0217254326441,-6.54036367449,433.862887358,6.55785957005,-214.717785708,-225.572659406,440.420746928,0.999935180478,100.999934915
261,10.44,-219.0722438,0.0215167955082,-6.60347533619,433.881361375,6.62171815467,-214.717785708,-225.654202341,440.503079529,0.99993504509,100.999934778
262,10.48,-219.090406403,0.0213089517849,-6.66693168347,433.899770537,6.68591023462,-214.717785708,-225.736029134,440.585680771,0.999934909495,100.999934641
263,10.52,-219.108506439,0.0211018944802,-6.73072175325,433.918112278,6.75042407644,-214.717785708,-225.818126298,440.668536355,0.99993477365,100.999934505
264,10.56,-219.126541416,0.0208956166285,-6.79483472421,433.936384074,6.81524810512,-214.717785708,-225.900480524,440.75163218,0.999934637508,100.999934367
265,10.6,-219.144508878,0.0206901113225,-6.85925992673,433.95458344,6.88037091607,-214.717785708,-225.983078693,440.834954356,0.999934501013,100.99993423
266,10.64,-219.162406409,0.020485371743,-6.923986852,433.972707933,6.94578128634,-214.717785708,-226.065907889,440.918489219,0.999934364096,100.999934092
267,10.68,-219.180231631,0.0202813911854,-6.98900516061,433.990755151,7.0114681851,-214.717785708,-226.1489554,441.002223336,0.999934226675,100.999933953
268,10.72,-219.197982206,0.0200781630855,-7.05430469046,434.008722735,7.07742078324,-214.717785708,-226.232208734,441.086143518,0.999934088652,100.999933814
269,10.76,-219.215655836,0.0198756810434,-7.11987546395,434.026608367,7.1436284623,-214.717785708,-226.315655619,441.17023683,0.999933949898,100.999933674
270,10.8,-219.23325026,0.0196739388447,-7.18570769455,434.044409773,7.2100808224,-214.717785708,-226.399284016,441.254490595,0.999933810251,100.999933534
271,10.84,-219.250763257,0.0194729304809,-7.25179179262,434.062124717,7.27676768943,-214.717785708,-226.48308212,441.338892406,0.999933669501,100.999933392
272,10.88,-219.268192647,0.0192726501677,-7.31811837051,434.079751008,7.34367912137,-214.717785708,-226.567038368,441.42343013,0.999933527366,100.999933249
273,10.92,-219.285536287,0.0190730923607,-7.38467824696,434.097286498,7.41080541364,-214.717785708,-226.651141441,441.508091911,0.999933383471,100.999933104
274,10.96,-219.302792073,0.0188742517712,-7.45146245071,434.114729076,7.4781371036,-214.717785708,-226.735380272,441.592866179,0.99993323731,100.999932956
275,11,-219.31995794,0.018676123379,-7.51846222327,434.132076677,7.54566497409,-214.717785708,-226.81974404,441.677741651,0.999933088201,100.999932806
276,11.04,-219.337031863,0.0184787024449,-7.58566902096,434.149327275,7.61338005596,-214.717785708,-226.904222181,441.762707331,0.999932935225,100.999932652
277,11.08,-219.354011853,0.0182819845222,-7.653074516,434.166478888,7.68127362963,-214.717785708,-226.988804384,441.847752517,0.999932777147,100.999932493
278,11.12,-219.37089596,0.0180859654676,-7.72067059673,434.18352957,7.74933722556,-214.717785708,-227.073480591,441.932866796,0.999932612318,100.999932327
279,11.16,-219.387682273,0.0178906414512,-7.78844936677,434.20047742,7.81756262358,-214.717785708,-227.158240998,442.018040044,0.999932438547,100.999932152
280,11.2,-219.404368915,0.0176960089676,-7.85640314327,434.217320576,7.88594185107,-214.717785708,-227.243076049,442.103262427,0.999932252947,100.999931966
281,11.24,-219.420954049,0.0175020648469,-7.92452445392,434.234057214,7.95446717989,-214.717785708,-227.327976438,442.188524394,0.999932051741,100.999931763
282,11.28,-219.437435874,0.0173088062667,-7.99280603279,434.250685553,8.02313112194,-214.717785708,-227.4129331,442.273816675,0.999931830025,100.99993154
283,11.32,-219.453812624,0.017116230766,-8.06124081491,434.267203848,8.09192642333,-214.717785708,-227.497937208,442.359130271,0.999931581481,100.999931291
284,11.36,-219.47008257,0.0169243362604,-8.12982192929,434.283610393,8.16084605693,-214.717785708,-227.582980163,442.44445645,0.999931298036,100.999931006
285,11.4,-219.486244017,0.0167331210603,-8.19854269056,434.299903522,8.22988321336,-214.717785708,-227.668053587,442.529786736,0.999930969445,100.999930676
286,11.44,-219.502295307,0.0165425838919,-8.26739658875,434.316081607,8.29903129011,-214.717785708,-227.753149312,442.615112897,0.999930582806,100.999930289
287,11.48,-219.518234813,0.0163527239217,-8.33637727737,434.332143053,8.36828387878,-214.717785708,-227.838259367,442.700426932,0.999930121986,100.999929827
288,11.52,-219.534060946,0.0161635407852,-8.40547855937,434.348086307,8.43763475014,-214.717785708,-227.923375965,442.785721058,0.999929566947,100.999929271
289,11.56,-219.549772147,0.0159750346203,-8.47469437098,434.36390985,8.507077837,-214.717785708,-228.008491483,442.870987687,0.999928892972,100.999928595
290,11.6,-219.565366891,0.0157872061051,-8.54401876313,434.379612198,8.57660721459,-214.717785708,-228.093598448,442.956219413,0.999928069758,100.999927771
291,11.64,-219.580843685,0.0156000565022,-8.61344588029,434.395191903,8.64621707832,-214.717785708,-228.178689509,443.041408981,0.999927060387,100.999926761
292,11.68,-219.59620107,0.0154135877079,-8.68296993655,434.410647552,8.71590171864,-214.717785708,-228.263757419,443.126549271,0.999925820142,100.999925519
293,11.72,-219.611437614,0.0152278023089,-8.75258518867,434.425977765,8.78565549289,-214.717785708,-228.348795001,443.211633258,0.999924295172,100.999923993
294,11.76,-219.62655192,0.0150427036439,-8.82228590587,434.441181198,8.85547279384,-214.717785708,-228.433795122,443.296653992,0.999922420975,100.999922118
295,11.8,-219.641542619,0.0148582958737,-8.89206633623,434.456256536,8.92534801479,-214.717785708,-228.518750659,443.381604551,0.999920120705,100.999919816
296,11.84,-219.656408372,0.0146745840566,-8.96192066935,434.471202501,8.99527551093,-214.717785708,-228.603654457,443.466478012,0.999917303268,100.999916998
297,11.88,-219.671147868,0.0144915742309,-9.03184299514,434.486017843,9.06524955677,-214.717785708,-228.688499289,443.5512674,0.999913861217,100.999913555
298,11.92,-219.685759828,0.0143092735045,-9.10182725856,434.500701347,9.13526429949,-214.717785708,-228.773277813,443.635965646,0.999909668417,100.999909361
299,11.96,-219.700242998,0.0141276901498,-9.17186720996,434.515251825,9.205313708,-214.717785708,-228.857982518,443.720565533,0.999904577475,100.999904268
300,12,-219.714596152,0.0139468337046,-9.24195635103,434.529668121,9.27539151749,-214.717785708,-228.942605669,443.805059639,0.999898416934,100.999898107
301,12.04,-219.728818092,0.0137667150779,-9.31208787612,434.54394911,9.34549116937,-214.717785708,-229.027139253,443.88944028,0.999890988201,100.999890677
302,12.08,-219.742907646,0.0135873466599,-9.38225460883,434.558093695,9.41560574658,-214.717785708,-229.111574908,443.973699441,0.999882062234,100.99988175
303,12.12,-219.756863667,0.0134087424343,-9.45244893376,434.572100807,9.48572790397,-214.717785708,-229.195903858,444.05782871,0.999871375954,100.999871062
304,12.16,-219.770685036,0.0132309180934,-9.52266272346,434.585969405,9.55584979396,-214.717785708,-229.280116841,444.141819199,0.999858628407,100.999858313
305,12.2,-219.784370656,0.0130538911519,-9.5928872605,434.599698477,9.6259629874,-214.717785708,-229.364204025,444.225661464,0.999843476654,100.999843161
306,12.24,-219.797919457,0.0128776810609,-9.66311315478,434.613287036,9.69605838958,-214.717785708,-229.448154931,444.309345426,0.99982553142,100.999825214
307,12.28,-219.811330391,0.0127023093168,-9.73333025622,434.626734124,9.76612615178,-214.717785708,-229.531958338,444.392860276,0.999804352489,100.999804034
308,12.32,-219.824602435,0.0125277995661,-9.80352756298,434.640038808,9.83615557831,-214.717785708,-229.615602199,444.476194386,0.999779443871,100.999779124
309,12.36,-219.837734589,0.0123541777023,-9.87369312547,434.653200178,9.90613502947,-214.717785708,-229.699073537,444.559335207,0.999750248754,100.999749928
310,12.4,-219.850725874,0.012181471952,-9.94381394655,434.666217352,9.9760518207,-214.717785708,-229.782358348,444.642269173,0.999716144263,100.999715822
311,12.44,-219.863575334,0.0120097129498,-10.0138758783,434.679089472,10.0458921183,-214.717785708,-229.8654415,444.724981591,0.999676436053,100.999676113
312,12.48,-219.876282036,0.0118389337974,-10.0838635157,434.691815704,10.1156408325,-214.717785708,-229.948306618,444.807456536,0.999630352765,100.999630028
313,12.52,-219.888845067,0.0116691701056,-10.1537600882,434.704395235,10.1852815076,-214.717785708,-230.030935985,444.889676743,0.999577040379,100.999576715
314,12.56,-219.901263534,0.0115004600159,-10.2235473496,434.716827279,10.2547962117,-214.717785708,-230.113310424,444.971623491,0.999515556509,100.99951523
315,12.6,-219.913536567,0.0113328441998,-10.2932054661,434.729111071,10.3241654237,-214.717785708,-230.195409189,445.053276494,0.999444864674,100.999444537
316,12.64,-219.925663313,0.0111663658328,-10.3627129058,434.741245866,10.3933679222,-214.717785708,-230.277209853,445.134613788,0.999363828608,100.999363499
317,12.68,-219.937642941,0.0110010705412,-10.432046327,434.753230945,10.4623806735,-214.717785708,-230.358688197,445.215611618,0.999271206638,100.999270876
318,12.72,-219.949474638,0.0108370063201,-10.5011804699,434.765065606,10.5311787223,-214.717785708,-230.439818101,445.296244329,0.999165646212,100.999165314
319,12.76,-219.96115761,0.0106742234195,-10.5700880493,434.776749172,10.5997350849,-214.717785708,-230.520571436,445.376484257,0.999045678616,100.999045346
320,12.8,-219.972691083,0.0105127741984,-10.6387396527,434.788280984,10.6680206459,-214.717785708,-230.600917961,445.45630163,0.998909713938,100.99890938
321,12.84,-219.984074299,0.0103527129457,-10.7071036415,434.799660403,10.73600406,-214.717785708,-230.680825227,445.535664463,0.998756036366,100.998755701
322,12.88,-219.995306519,0.0101940956657,-10.7751460591,434.81088681,10.8036516601,-214.717785708,-230.760258483,445.61453847,0.998582799849,100.998582463
323,12.92,-220.006387022,0.0100369798299,-10.8428305462,434.821959608,10.8709273716,-214.717785708,-230.839180588,445.692886979,0.998388024214,100.998387686
324,12.96,-220.017315103,0.00988142409469,-10.9101182633,434.832878214,10.9377926358,-214.717785708,-230.917551942,445.77067085,0.998169591783,100.998169253
325,13,-220.028090075,0.00972748798468,-10.9769678235,434.843642069,11.0042063427,-214.717785708,-230.99533041,445.847848412,0.997925244565,100.997924904
326,13.04,-220.038711267,0.00957523154519,-11.043335235,434.854250628,11.0701247735,-214.717785708,-231.07247127,445.924375402,0.997652582075,100.997652241
327,13.08,-220.049178023,0.00942471496385,-11.1091738557,434.864703367,11.1355015555,-214.717785708,-231.148927164,446.000204923,0.997349059842,100.997348717
328,13.12,-220.059489707,0.00927599816485,-11.17443436,434.874999778,11.2002876292,-214.717785708,-231.224648069,446.075287407,0.997011988659,100.997011645
329,13.16,-220.069645694,0.00912914037839,-11.2390647189,434.88513937,11.2644312294,-214.717785708,-231.299581273,446.1495706,0.996638534625,100.996638189
330,13.2,-220.079645378,0.00898419968903,-11.3030101947,434.895121671,11.3278778796,-214.717785708,-231.373671373,446.22299955,0.996225720027,100.996225374
331,13.24,-220.089488167,0.00884123256685,-11.3662133513,434.904946223,11.3905704033,-214.717785708,-231.446860285,446.295516626,0.995770425092,100.995770077
332,13.28,-220.099173483,0.00870029338609,-11.4286140791,434.914612587,11.4524489497,-214.717785708,-231.519087268,446.367061536,0.995269390649,100.995269042
333,13.32,-220.108700764,0.00856143393609,-11.490149638,434.924120338,11.5134510368,-214.717785708,-231.590288968,446.437571375,0.994719221735,100.994718871
334,13.36,-220.118069463,0.00842470292969,-11.5507547157,434.933469068,11.5735116109,-214.717785708,-231.660399475,446.506980679,0.994116392138,100.994116041
335,13.4,-220.127279045,0.00829014551465,-11.6103615044,434.942658385,11.6325631239,-214.717785708,-231.729350404,446.575221509,0.993457249919,100.993456897
336,13.44,-220.136328993,0.00815780279353,-11.668899794,434.951687912,11.6905356277,-214.717785708,-231.797070984,446.64222354,0.992738023893,100.99273767
337,13.48,-220.1452188,0.00802771135774,-11.7262970838,434.960557285,11.7473568856,-214.717785708,-231.863488172,446.707914171,0.991954831067,100.991954476
338,13.52,-220.153947975,0.00789990284166,-11.78247871,434.969266158,11.8029525022,-214.717785708,-231.928526782,446.772218661,0.991103685032,100.991103328
339,13.56,-220.162516039,0.00777440350239,-11.8373679922,434.977814198,11.8572460692,-214.717785708,-231.992109628,446.835060267,0.990180505269,100.990180147
340,13.6,-220.170922529,0.00765123383081,-11.8908863946,434.986201085,11.9101593288,-214.717785708,-232.05415769,446.896360414,0.989181127353,100.989180768
341,13.64,-220.179166992,0.00753040819894,-11.9429537051,434.994426515,11.9616123527,-214.717785708,-232.114590289,446.956038868,0.988101314004,100.988100954
342,13.68,-220.18724899,0.00741193454855,-11.9934882285,435.002490197,12.0115237364,-214.717785708,-232.173325284,447.014013934,0.986936766948,100.986936405
343,13.72,-220.195168098,0.00729581412518,-12.0424069952,435.010391855,12.0598108089,-214.717785708,-232.230279279,447.070202664,0.985683139524,100.985682777
344,13.76,-220.202923902,0.00718204126151,-12.0896259829,435.018131223,12.1063898552,-214.717785708,-232.285367843,447.124521079,0.984336049977,100.984335686
345,13.8,-220.210516001,0.00707060321358,-12.1350603517,435.025708052,12.1511763515,-214.717785708,-232.33850575,447.176884404,0.982891095372,100.98289073
346,13.84,-220.217944009,0.00696148005252,-12.1786246894,435.033122104,12.1940852123,-214.717785708,-232.389607219,447.227207316,0.981343866056,100.981343499
347,13.88,-220.22520755,0.00685464461398,-12.2202332683,435.040373153,12.2350310466,-214.717785708,-232.438586174,447.275404199,0.979689960578,100.979689593
348,13.92,-220.232306259,0.00675006250645,-12.2598003093,435.047460987,12.2739284237,-214.717785708,-232.485356506,447.321389411,0.977925001,100.977924632
349,13.96,-220.239239786,0.00664769217869,-12.2972402545,435.054385406,12.3106921455,-214.717785708,-232.529832349,447.365077551,0.976044648494,100.976044278
350,14,-220.246007791,0.00654748504611,-12.3324680445,435.061146221,12.3452375246,-214.717785708,-232.571928351,447.406383746,0.974044619154,100.974044247
351,14.04,-220.252609947,0.00644938567493,-12.3653994004,435.067743257,12.3774806669,-214.717785708,-232.611559961,447.445223924,0.971920699907,100.971920327
352,14.08,-220.259045936,0.00635333202319,-12.3959511084,435.074176349,12.4073387557,-214.717785708,-232.648643712,447.481515105,0.969668764451,100.96966839
353,14.12,-220.265315455,0.00625925573641,-12.4240413048,435.080445345,12.4347303379,-214.717785708,-232.683097504,447.515175683,0.967284789122,100.967284413
354,14.16,-220.271418212,0.00616708249528,-12.4495897606,435.086550102,12.4595756082,-214.717785708,-232.71484089,447.54612571,0.964764868583,100.964764492
355,14.2,-220.277353923,0.0060767324118,-12.472518164,435.09249049,12.4817966915,-214.717785708,-232.743795355,447.574287182,0.962105231267,100.962104853
356,14.24,-220.28312232,0.00598812046925,-12.4927503984,435.098266391,12.501317921,-214.717785708,-232.769884598,447.599584312,0.959302254468,100.959301875
357,14.28,-220.288723143,0.00590115700136,-12.5102128152,435.103877695,12.5180661111,-214.717785708,-232.793034801,447.621943806,0.956352478995,100.956352098
358,14.32,-220.294156145,0.00581574820588,-12.5248344995,435.109324305,12.5319708226,-214.717785708,-232.813174896,447.641295128,0.953252623311,100.953252241
359,14.36,-220.299421088,0.00573179668801,-12.5365475274,435.114606134,12.5429646196,-214.717785708,-232.830236818,447.657570753,0.949999597084,100.949999214
360,14.4,-220.304517746,0.00564920202898,-12.545287213,435.119723104,12.5509833163,-214.717785708,-232.844155757,447.67070642,0.94659051406,100.946590129
361,14.44,-220.309445906,0.00556786137446,-12.5509923451,435.124675148,12.555966213,-214.717785708,-232.854870389,447.680641361,0.943022704203,100.943022318
362,14.48,-220.314205362,0.00548767003673,-12.5536054103,435.129462209,12.5578563188,-214.717785708,-232.862323102,447.687318528,0.939293725047,100.939293338
363,14.52,-220.318795922,0.00540852210429,-12.5530728038,435.134084241,12.5566005615,-214.717785708,-232.866460203,447.690684803,0.935401372178,100.935400984
364,14.56,-220.323217402,0.00533031105309,-12.5493450248,435.138541205,12.5521499826,-214.717785708,-232.867232116,447.690691188,0.93134368882,100.931343299
365,14.6,-220.327469632,0.00525293035474,-12.5423768572,435.142833074,12.5444599166,-214.717785708,-232.864593559,447.687292991,0.927118974474,100.927118583
366,14.64,-220.331552449,0.00517627407814,-12.5321275332,435.146959829,12.5334901544,-214.717785708,-232.858503708,447.680449984,0.92272579257,100.9227254
367,14.68,-220.335465703,0.00510023748099,-12.5185608813,435.150921461,12.5192050897,-214.717785708,-232.848926347,447.67012655,0.91816297711,100.918162583
368,14.72,-220.339209254,0.00502471758684,-12.5016454556,435.154717967,12.501573848,-214.717785708,-232.835829992,447.656291815,0.913429638277,100.913429243
369,14.76,-220.342782971,0.0049496137421,-12.4813546483,435.158349358,12.4805703972,-214.717785708,-232.819188006,447.638919755,0.908525166996,100.908524771
370,14.8,-220.346186736,0.00487482814725,-12.4576667838,435.16181565,12.456173641,-214.717785708,-232.798978691,447.617989291,0.903449238429,100.903448841
371,14.84,-220.349420438,0.00480026635822,-12.430565194,435.165116868,12.4283674935,-214.717785708,-232.775185365,447.593484362,0.898201814426,100.898201416
372,14.88,-220.352483979,0.00472583775626,-12.400038276,435.168253047,12.3971409348,-214.717785708,-232.747796417,447.565393982,0.892783144905,100.892782745
373,14.92,-220.355377271,0.00465145598678,-12.3660795311,435.171224228,12.3624880494,-214.717785708,-232.716805346,447.533712278,0.887193768203,100.887193367
374,14.96,-220.358100235,0.00457703936774,-12.3286875853,435.174030462,12.3244080455,-214.717785708,-232.68221078,447.498438508,0.881434510391,100.881434108
375,15,-220.360652802,0.00450251126582,-12.2878661928,435.176671808,12.2829052567,-214.717785708,-232.644016483,447.459577064,0.875506483591,100.875506079
376,15.04,-220.363034915,0.0044278004364,-12.2436242209,435.17914833,12.2379891261,-214.717785708,-232.602231335,447.417137456,0.869411083318,100.869410678
377,15.08,-220.365246525,0.00435284132274,-12.1959756184,435.181460104,12.1896741736,-214.717785708,-232.556869302,447.371134278,0.863149984877,100.863149578
378,15.12,-220.367287595,0.00427757431235,-12.1449393673,435.18360721,12.1379799458,-214.717785708,-232.507949388,447.321587156,0.85672513885,100.856724731
379,15.16,-220.369158096,0.0042019459528,-12.0905394181,435.185589738,12.0829309505,-214.717785708,-232.455495569,447.268520688,0.850138765723,100.850138356
380,15.2,-220.370858011,0.00412590913191,-12.0328046106,435.187407782,12.0245565759,-214.717785708,-232.399536713,447.211964358,0.84339334969,100.843392939
381,15.24,-220.372387332,0.0040494232267,-11.9717685791,435.189061448,11.962890995,-214.717785708,-232.340106488,447.151952443,0.836491631681,100.83649122
382,15.28,-220.37374606,0.00397245422111,-11.9074696444,435.190550845,11.8979730562,-214.717785708,-232.27724325,447.088523901,0.829436601672,100.829436188
383,15.32,-220.374934207,0.00389497478805,-11.8399506928,435.19187609,11.8298461609,-214.717785708,-232.210989925,447.021722251,0.822231490308,100.822231076
384,15.36,-220.375951795,0.00381696433047,-11.7692590426,435.193037308,11.7585581296,-214.717785708,-232.141393873,446.951595438,0.814879759927,100.814879344
385,15.4,-220.376798856,0.00373840898048,-11.6954462997,435.19403463,11.6841610555,-214.717785708,-232.068506746,446.878195685,0.807385094998,100.807384678
386,15.44,-220.37747543,0.00365930156182,-11.6185682028,435.194868192,11.6067111496,-214.717785708,-231.992384331,446.801579342,0.79975139207,100.799750973
387,15.48,-220.37798157,0.00357964152476,-11.5386844593,435.195538139,11.5262685748,-214.717785708,-231.913086387,446.721806714,0.791982749252,100.791982329
388,15.52,-220.378317335,0.00349943486034,-11.4558585728,435.196044622,11.4428972728,-214.717785708,-231.830676473,446.638941895,0.784083455306,100.784083034
389,15.56,-220.378482797,0.00341869399376,-11.3701576628,435.196387796,11.3566647834,-214.717785708,-231.745221766,446.55305258,0.776057978391,100.776057556
390,15.6,-220.378478036,0.00333743765014,-11.2816522783,435.196567826,11.2676420562,-214.717785708,-231.656792876,446.464209882,0.767910954524,100.767910531
391,15.64,-220.378303142,0.00325569068528,-11.1904162056,435.196584878,11.1759032588,-214.717785708,-231.565463657,446.372488137,0.759647175806,100.759646751
392,15.68,-220.377958215,0.00317348388089,-11.0965262717,435.19643913,11.0815255787,-214.717785708,-231.471311002,446.277964708,0.75127157847,100.751271152
393,15.72,-220.377443364,0.00309085371248,-11.0000621436,435.19613076,10.9845890221,-214.717785708,-231.374414654,446.180719782,0.742789230793,100.742788803
394,15.76,-220.376758708,0.00300784210248,-10.901106125,435.195659957,10.8851762102,-214.717785708,-231.274856991,446.080836167,0.734205320939,100.734204892
395,15.8,-220.375904377,0.00292449616603,-10.7997429509,435.195026912,10.7833721732,-214.717785708,-231.172722832,445.978399085,0.725525144756,100.725524714
396,15.84,-220.374880508,0.00284086794688,-10.6960595806,435.194231823,10.6792641429,-214.717785708,-231.068099221,445.873495966,0.716754093595,100.716753662
397,15.88,-220.37368725,0.00275701413288,-10.5901449912,435.193274895,10.5729413457,-214.717785708,-230.961075227,445.766216241,0.707897642178,100.707897209
398,15.92,-220.372324759,0.00267299574184,-10.4820899707,435.192156336,10.4644947952,-214.717785708,-230.851741734,445.656651131,0.698961336569,100.698960902
399,15.96,-220.370793203,0.00258887777907,-10.3719869124,435.190876361,10.3540170866,-214.717785708,-230.740191237,445.544893448,0.689950782275,100.689950346
400,16,-220.369092758,0.00250472887893,-10.2599296108,435.189435191,10.2416021926,-214.717785708,-230.62651764,445.431037383,0.680871632519,100.680871195
401,16.04,-220.36722361,0.00242062094599,-10.1460130605,435.187833049,10.1273452614,-214.717785708,-230.51081605,445.315178311,0.671729576713,100.671729138
402,16.08,-220.365185955,0.00233662880244,-10.0303332572,435.186070169,10.0113424184,-214.717785708,-230.393182583,445.197412587,0.662530329174,100.662529889
403,16.12,-220.362979998,0.00225282983561,-9.9129870026,435.184146784,9.89369057058,-214.717785708,-230.27371417,445.077837354,0.653279618089,100.653279177
404,16.16,-220.360605952,0.00216930363119,-9.79407171332,435.182063136,9.77448721576,-214.717785708,-230.152508362,444.956550352,0.643983174778,100.643982732
405,16.2,-220.358064043,0.00208613158344,-9.67368523423,435.179819473,9.65383025569,-214.717785708,-230.029663146,444.833649728,0.634646723268,100.634646279
406,16.24,-220.355354503,0.00200339648778,-9.55192565646,435.177416044,9.5318178145,-214.717785708,-229.905276763,444.709233858,0.625275970189,100.625275525
407,16.28,-220.352477574,0.00192118213291,-9.42889114085,435.174853106,9.40854806214,-214.717785708,-229.779447533,444.583401169,0.615876595025,100.615876148
408,16.32,-220.34943351,0.00183957290921,-9.30467974666,435.172130922,9.28411904352,-214.717785708,-229.652273684,444.456249965,0.606454240733,100.606453793
409,16.36,-220.34622257,0.00175865343708,-9.1793892663,435.169249757,9.15862851336,-214.717785708,-229.523853183,444.32787827,0.597014504728,100.597014055
410,16.4,-220.342845027,0.00167850820318,-9.05311706603,435.166209882,9.03217377735,-214.717785708,-229.394283585,444.19838366,0.587562930269,100.58756248
411,16.44,-220.33930116,0.00159922118841,-8.92595993298,435.163011575,8.90485153951,-214.717785708,-229.263661872,444.067863115,0.578104998236,100.578104546
412,16.48,-220.335591258,0.00152087548173,-8.79801392866,435.159655117,8.77675775613,-214.717785708,-229.132084311,443.936412873,0.568646119313,100.568645666
413,16.52,-220.33171562,0.00144355289129,-8.66937424898,435.156140793,8.64798749631,-214.717785708,-228.999646316,443.804128289,0.559191626583,100.559191172
414,16.56,-220.327674553,0.00136733357412,-8.540135091,435.152468895,8.5186348092,-214.717785708,-228.866442311,443.671103704,0.549746768528,100.549746312
415,16.6,-220.323468376,0.00129229569926,-8.4103895263,435.148639719,8.38879259797,-214.717785708,-228.732565607,443.537432317,0.540316702455,100.540316245
416,16.64,-220.319097414,0.00121851514138,-8.28022938131,435.144653567,8.25855250065,-214.717785708,-228.598108281,443.403206068,0.530906488325,100.530906029
417,16.68,-220.314562004,0.00114606518765,-8.14974512432,435.140510743,8.12800477786,-214.717785708,-228.463161063,443.268515521,0.521521083003,100.521520623
418,16.72,-220.309862489,0.00107501624165,-8.01902575945,435.136211559,7.99723820732,-214.717785708,-228.327813232,443.133449767,0.512165334912,100.512164873
419,16.76,-220.304999224,0.00100543552455,-7.88815872731,435.131756331,7.86633998529,-214.717785708,-228.192152515,442.998096316,0.502843979096,100.502843516
420,16.8,-220.299972571,0.000937386791145,-7.75722981238,435.127145378,7.73539563464,-214.717785708,-228.056264997,442.862541012,0.493561632685,100.493561168
421,16.84,-220.294782904,0.000870930082758,-7.626323057,435.122379026,7.60448891957,-214.717785708,-227.920235031,442.726867946,0.484322790745,100.484322325
422,16.88,-220.289430603,0.000806121525583,-7.49552068188,435.117457606,7.47370176693,-214.717785708,-227.784145163,442.591159373,0.475131822526,100.475131355
423,16.92,-220.283916059,0.000743013162922,-7.36490301309,435.112381454,7.34311419389,-214.717785708,-227.648076059,442.455495647,0.465992968083,100.465992499
424,16.96,-220.278239672,0.000681652800014,-7.23454841537,435.107150908,7.21280424213,-214.717785708,-227.512106434,442.31995515,0.456910335267,100.456909865
425,17,-220.272401849,0.000622083848846,-7.10453323166,435.101766315,7.08284791809,-214.717785708,-227.376312997,442.184614233,0.447887897079,100.447887426
426,17.04,-220.266403009,0.000564345180431,-6.97493172864,435.096228025,6.9533191394,-214.717785708,-227.240770393,442.049547164,0.438929489369,100.438929016
427,17.08,-220.260243579,0.000508471006321,-6.84581604809,435.090536392,6.82428968711,-214.717785708,-227.105551156,441.914826079,0.430038808882,100.430038335
428,17.12,-220.253923993,0.000454490807287,-6.71725616396,435.084691778,6.69582916358,-214.717785708,-226.970725666,441.780520942,0.421219411629,100.421218936
429,17.16,-220.247444696,0.000402429308023,-6.58931984502,435.078694547,6.56800495594,-214.717785708,-226.836362112,441.646699503,0.412474711575,100.412474234
430,17.2,-220.240806143,0.000352306478448,-6.46207262278,435.072545071,6.44088220489,-214.717785708,-226.702526459,441.513427276,0.403807979641,100.403807501
431,17.24,-220.234008795,0.00030413754014,-6.33557776474,435.066243724,6.31452377878,-214.717785708,-226.569282422,441.380767503,0.395222342988,100.395221863
432,17.28,-220.227053123,0.000257932972219,-6.20989625255,435.059790888,6.18899025263,-214.717785708,-226.436691443,441.248781141,0.386720784597,100.386720303
433,17.32,-220.219939609,0.000213698531262,-6.08508676503,435.053186948,6.06433989204,-214.717785708,-226.304812675,441.11752684,0.378306143109,100.37830566
434,17.36,-220.21266874,0.000171435306996,-5.96120566574,435.046432296,5.94062864158,-214.717785708,-226.17370297,440.987060938,0.369981112938,100.369980629
435,17.4,-220.205241015,0.000131139823618,-5.83830699493,435.039527328,5.81791011768,-214.717785708,-226.04341687,440.857437446,0.361748244617,100.361747759
436,17.44,-220.197656941,9.28041755111e-05,-5.71644246581,435.032472446,5.69623560557,-214.717785708,-225.914006602,440.728708052,0.353609945393,100.353609458
437,17.48,-220.189917032,5.6416173801e-05,-5.59566146483,435.025268058,5.57565406048,-214.717785708,-225.785522081,440.600922118,0.345568480035,100.345567991
438,17.52,-220.182021814,2.19594868813e-05,-5.4760110559,435.017914575,5.45621211261,-214.717785708,-225.65801091,440.474126687,0.33762597186,100.337625482
439,17.56,-220.173971818,-1.05862222462e-05,-5.35753598829,435.010412415,5.33795407588,-214.717785708,-225.531518393,440.348366491,0.329784403963,100.329783912
440,17.6,-220.165767588,-4.12451430685e-05,-5.24027870803,435.002762004,5.2209219601,-214.717785708,-225.406087541,440.223683964,0.322045620632,100.322045127
441,17.64,-220.157409672,-7.00451317141e-05,-5.12427937249,434.994963769,5.10515548639,-214.717785708,-225.28175909,440.100119255,0.314411328945,100.314410834
442,17.68,-220.14889863,-9.7017491975e-05,-5.00957586824,434.987018144,4.99069210569,-214.717785708,-225.158571516,439.97771025,0.306883100535,100.306882604
443,17.72,-220.14023503,-0.000122196741274,-4.89620383178,434.978925572,4.87756702026,-214.717785708,-225.036561058,439.856492592,0.299462373508,100.299461876
444,17.76,-220.131419447,-0.000145620383647,-4.78419667321,434.970686497,4.76581320798,-214.717785708,-224.915761741,439.736499705,0.29215045452,100.292149955
445,17.8,-220.122452467,-0.000167328698555,-4.67358560254,434.962301371,4.65546144941,-214.717785708,-224.796205398,439.61776282,0.284948520975,100.28494802
446,17.84,-220.113334682,-0.000187364535467,-4.56439965844,434.953770651,4.54654035719,-214.717785708,-224.677921705,439.500311008,0.277857623367,100.277857121
447,17.88,-220.104066694,-0.000205773095509,-4.45666573936,434.945094802,4.43907640785,-214.717785708,-224.560938207,439.38417121,0.27087868773,100.270878184
448,17.92,-220.094649114,-0.000222601689963,-4.3504086367,434.936274292,4.33309397557,-214.717785708,-224.445280352,439.269368267,0.2640125182,100.264012013
449,17.96,-220.08508256,-0.000237899483202,-4.24565107009,434.927309596,4.228615368,-214.717785708,-224.33097153,439.155924964,0.257259799678,100.257259293
450,18,-220.075367659,-0.000251717239609,-4.14241372453,434.918201195,4.12566086398,-214.717785708,-224.218033101,439.043862059,0.250621100579,100.250620592
451,18.04,-220.065505047,-0.000264107090516,-4.04071528942,434.908949577,4.02424875302,-214.717785708,-224.106484444,438.93319833,0.244096875672,100.244096366
452,18.08,-220.055495368,-0.000275122321689,-3.94057249911,434.899555234,3.92439537646,-214.717785708,-223.996342989,438.823950611,0.23768746899,100.237686958
453,18.12,-220.045339273,-0.000284817167819,-3.842000175,434.890018667,3.82611516999,-214.717785708,-223.887624265,438.716133837,0.231393116808,100.231392604
454,18.16,-220.035037423,-0.00029324659909,-3.74501126889,434.88034038,3.72942070753,-214.717785708,-223.780341938,438.609761087,0.225213950679,100.225213436
455,18.2,-220.024590486,-0.000300466096603,-3.64961690756,434.870520885,3.63432274616,-214.717785708,-223.67450786,438.504843631,0.219150000522,100.219149484
456,18.24,-220.01399914,-0.000306531427794,-3.55582643852,434.8605607,3.54083027225,-214.717785708,-223.57013211,438.401390972,0.213201197756,100.21320068
457,18.28,-220.00326407,-0.00031149843809,-3.46364747676,434.850460349,3.44895054853,-214.717785708,-223.467223045,438.299410898,0.207367378473,100.207366859
458,18.32,-219.992385968,-0.000315422867398,-3.37308595252,434.840220364,3.35868916219,-214.717785708,-223.365787343,438.198909526,0.201648286642,100.201647766
459,18.36,-219.981365536,-0.000318360186584,-3.28414615973,434.82984128,3.27005007363,-214.717785708,-223.265830056,438.099891354,0.196043577333,100.196043055
460,18.4,-219.970203484,-0.000320365441042,-3.19683080513,434.819323642,3.18303566589,-214.717785708,-223.167354655,438.002359308,0.190552819967,100.190552296
461,18.44,-219.958900529,-0.000321493091649,-3.1111410579,434.808667999,3.09764679457,-214.717785708,-223.07036308,437.906314794,0.185175501575,100.185174976
462,18.48,-219.947457396,-0.000321796854358,-3.02707659987,434.797874908,3.01388283813,-214.717785708,-222.974855793,437.811757746,0.179911030062,100.179910503
463,18.52,-219.935874819,-0.000321329548862,-2.94463567601,434.786944932,2.93174174863,-214.717785708,-222.880831824,437.71868668,0.174758737479,100.174758209
464,18.56,-219.924153539,-0.000320142967202,-2.86381514539,434.77587864,2.85122010272,-214.717785708,-222.788288827,437.627098743,0.169717883286,100.169717353
465,18.6,-219.912294305,-0.000318287765107,-2.78461053224,434.764676609,2.77231315293,-214.717785708,-222.697223125,437.536989762,0.164787657609,100.164787125
466,18.64,-219.900297875,-0.000315813369511,-2.70701607716,434.753339423,2.69501487895,-214.717785708,-222.607629766,437.448354302,0.159967184482,100.159966651
467,18.68,-219.888165013,-0.00031276789226,-2.63102478829,434.74186767,2.61931803895,-214.717785708,-222.519502569,437.361185708,0.15525552507,100.15525499
468,18.72,-219.875896493,-0.000309198044557,-2.55662849245,434.730261947,2.5452142207,-214.717785708,-222.432834183,437.275476167,0.150651680868,100.150651144
469,18.76,-219.863493094,-0.000305149054898,-2.48381788612,434.718522857,2.47269389265,-214.717785708,-222.347616129,437.19121675,0.146154596879,100.146154058
470,18.8,-219.850955604,-0.000300664598294,-2.41258258637,434.706651012,2.40174645471,-214.717785708,-222.263838855,437.108397467,0.141763164756,100.141762624
471,18.84,-219.83828482,-0.000295786743037,-2.34291118136,434.694647027,2.33236028879,-214.717785708,-222.181491788,437.027007316,0.13747622591,100.137475684
472,18.88,-219.825481545,-0.000290555914858,-2.27479128062,434.682511528,2.26452280904,-214.717785708,-222.100563382,436.947034337,0.133292574577,100.133292031
473,18.92,-219.81254659,-0.000285010872412,-2.20820956483,434.670245144,2.19822051156,-214.717785708,-222.021041166,436.868465655,0.129210960846,100.129210415
474,18.96,-219.799480774,-0.00027918868695,-2.14315183511,434.657848513,2.13343902372,-214.717785708,-221.942911798,436.791287537,0.125230093636,100.125229546
475,19,-219.786284922,-0.000273124723191,-2.07960306183,434.645322282,2.07016315274,-214.717785708,-221.866161109,436.715485434,0.12134864363,100.121348094
476,19.04,-219.772959868,-0.000266852624119,-2.01754743275,434.6326671,2.00837693377,-214.717785708,-221.790774154,436.641044034,0.11756524616,100.117564695
477,19.08,-219.759506453,-0.000260404305209,-1.95696840059,434.619883629,1.94806367723,-214.717785708,-221.716735258,436.567947306,0.113878504025,100.113877951
478,19.12,-219.745925525,-0.000253809961653,-1.89784872987,434.606972532,1.88920601554,-214.717785708,-221.644028065,436.496178548,0.110286990263,100.110286436
479,19.16,-219.73221794,-0.000247098087157,-1.84017054299,434.593934485,1.83178594901,-214.717785708,-221.572635581,436.425720434,0.106789250858,100.106788694
480,19.2,-219.71838456,-0.00024029549901,-1.78391536551,434.580770167,1.77578489101,-214.717785708,-221.502540221,436.356555058,0.103383807385,100.103383249
481,19.24,-219.704426256,-0.000233427364207,-1.72906417054,434.567480265,1.72118371214,-214.717785708,-221.433723854,436.288663977,0.100069159592,100.100068599
482,19.28,-219.690343905,-0.000226517225182,-1.67559742225,434.554065474,1.66796278356,-214.717785708,-221.366167844,436.222028257,0.0968437879209,100.096843226
483,19.32,-219.676138391,-0.000219587028091,-1.62349511849,434.540526496,1.61610201928,-214.717785708,-221.299853096,436.156628515,0.0937061559526,100.093705592
484,19.36,-219.661810605,-0.000212657157975,-1.57273683237,434.52686404,1.56558091759,-214.717785708,-221.234760095,436.092444958,0.0906547127886,100.090654147
485,19.4,-219.647361447,-0.000205746482636,-1.52330175295,434.513078822,1.51637860143,-214.717785708,-221.170868946,436.029457424,0.0876878953573,100.087687328
486,19.44,-219.632791821,-0.00019887240271,-1.47516872483,434.499171566,1.46847385781,-214.717785708,-221.108159418,435.967645424,0.0848041306515,100.084803561
487,19.48,-219.61810264,-0.000192050902974,-1.42831628669,434.485143002,1.4218451761,-214.717785708,-221.046610978,435.906988178,0.0820018378934,100.082001266
488,19.52,-219.603294823,-0.000185296601287,-1.38272270872,434.470993869,1.37647078525,-214.717785708,-220.986202829,435.847464654,0.0792794306263,100.079278857
489,19.56,-219.588369298,-0.000178622795563,-1.33836602891,434.45672491,1.33232868976,-214.717785708,-220.926913949,435.7890536,0.0766353187314,100.076634743
490,19.6,-219.573326995,-0.000172041512417,-1.2952240883,434.44233688,1.2893967046,-214.717785708,-220.868723125,435.731733585,0.0740679103676,100.074067333
491,19.64,-219.558168856,-0.000165563560814,-1.25327456506,434.427830538,1.24765248901,-214.717785708,-220.811608984,435.675483027,0.071575613837,100.071575034
492,19.68,-219.542895826,-0.000159198590655,-1.21249500739,434.41320665,1.2070735792,-214.717785708,-220.755550032,435.620280229,0.0691568393747,100.069156258
493,19.72,-219.527508858,-0.000152955152602,-1.17286286533,434.398465992,1.16763741987,-214.717785708,-220.700524679,435.566103411,0.0668100008642,100.066809417
494,19.76,-219.512008913,-0.000146840754942,-1.13435552126,434.383609344,1.12932139447,-214.717785708,-220.646511275,435.512930738,0.0645335174777,100.064532932
495,19.8,-219.496396956,-0.000140861916097,-1.09695031926,434.368637496,1.0921028543,-214.717785708,-220.593488137,435.46074035,0.06232581524,100.062325228
496,19.84,-219.48067396,-0.000135024215207,-1.06062459332,434.353551244,1.05595914632,-214.717785708,-220.541433577,435.40951039,0.060185328517,100.060184739
497,19.88,-219.464840904,-0.000129332344504,-1.02535569431,434.338351392,1.02086763989,-214.717785708,-220.49032593,435.359219032,0.0581105014289,100.058109909
498,19.92,-219.448898773,-0.000123790165011,-0.991121015874,434.32303875,0.986805752344,-214.717785708,-220.440143579,435.309844502,0.0560997891893,100.056099195
499,19.96,-219.432848559,-0.000118400763433,-0.957898019064,434.307614136,0.953750973398,-214.717785708,-220.390864979,435.261365109,0.054151659373,100.054151063
500,20,-219.41669126,-0.000113166506263,-0.925664255777,434.292078376,0.921680888409,-214.717785708,-220.342468683,435.213759265,0.0522645931114,100.052263995
501,20.04,-219.400427881,-0.000108089088754,-0.89439739101,434.276432303,0.890573200327,-214.717785708,-220.294933361,435.167005503,0.0504370862162,100.050436485
502,20.08,-219.384059431,-0.000103169579945,-0.86407522398,434.260676756,0.860405750498,-214.717785708,-220.248237825,435.121082507,0.0486676502331,100.048667047
503,20.12,-219.367586927,-9.84084671421e-05,-0.834675708118,434.244812583,0.831156538346,-214.717785708,-220.202361044,435.075969122,0.0469548134243,100.046954208
504,20.16,-219.351011392,-9.38057023367e-05,-0.806176969971,434.228840638,0.802803740009,-214.717785708,-220.157282168,435.031644378,0.0452971216842,100.045296514
505,20.2,-219.334333854,-8.93607497585e-05,-0.778557326953,434.212761783,0.775325725901,-214.717785708,-220.112980542,434.988087509,0.0436931393883,100.043692529
506,20.24,-219.317555348,-8.50726313408e-05,-0.751795303974,434.196576887,0.748701077156,-214.717785708,-220.069435724,434.945277964,0.042141450178,100.042140838
507,20.28,-219.300676913,-8.09399673124e-05,-0.725869648948,434.180286825,0.722908600922,-214.717785708,-220.026627501,434.903195426,0.0406406576815,100.040640043
508,20.32,-219.283699595,-7.69610120291e-05,-0.700759347267,434.163892482,0.697927344543,-214.717785708,-219.984535904,434.861819826,0.0391893861735,100.039188769
509,20.36,-219.266624448,-7.31336877812e-05,-0.676443635289,434.147394747,0.673736608747,-214.717785708,-219.943141217,434.821131356,0.0377862811735,100.037785661
510,20.4,-219.249452527,-6.94556193707e-05,-0.652902012849,434.130794519,0.650315959897,-214.717785708,-219.902423995,434.781110478,0.0364300099852,100.036429388
511,20.44,-219.232184896,-6.59241698172e-05,-0.630114254766,434.114092701,0.62764524133,-214.717785708,-219.862365075,434.741737943,0.0351192621794,100.035118637
512,20.48,-219.214822625,-6.25364749249e-05,-0.608060421342,434.097290207,0.605704583735,-214.717785708,-219.822945583,434.702994791,0.0338527500208,100.033852123
513,20.52,-219.197366786,-5.92894739861e-05,-0.586720867876,434.080387955,0.584474414511,-214.717785708,-219.784146943,434.66486237,0.0326292088431,100.032628579
514,20.56,-219.17981846,-5.61799358704e-05,-0.566076253277,434.063386871,0.56393546616,-214.717785708,-219.745950893,434.627322338,0.0314473973721,100.031446765
515,20.6,-219.162178732,-5.32044822852e-05,-0.546107547853,434.046287889,0.544068783793,-214.717785708,-219.708339484,434.590356673,0.030306098,100.030305463
516,20.64,-219.144448691,-5.03596108126e-05,-0.526796040308,434.029091948,0.524855731879,-214.717785708,-219.671295091,434.55394768,0.0292041170112,100.029203479
517,20.68,-219.126629434,-4.76417188454e-05,-0.508123343916,434.011799996,0.506278000269,-214.717785708,-219.63480042,434.518077997,0.0281402847628,100.028139644
518,20.72,-219.108722061,-4.50471272472e-05,-0.490071401863,433.994412987,0.488317609454,-214.717785708,-219.59883851,434.482730597,0.0271134558207,100.027112812
519,20.76,-219.090727679,-4.25721015116e-05,-0.472622491754,433.976931882,0.470956914996,-214.717785708,-219.563392742,434.447888797,0.0261225090537,100.026121863
520,20.8,-219.072647397,-4.02128692154e-05,-0.455759229384,433.95935765,0.454178611145,-214.717785708,-219.528446839,434.413536261,0.0251663476884,100.025165698
521,20.84,-219.054482332,-3.79656345641e-05,-0.439464571834,433.941691264,0.437965733718,-214.717785708,-219.49398487,434.379656998,0.024243899326,100.024243247
522,20.88,-219.036233605,-3.58265919978e-05,-0.423721819987,433.923933708,0.422301662376,-214.717785708,-219.459991252,434.34623537,0.0233541159233,100.023353461
523,20.92,-219.017902342,-3.37919402291e-05,-0.40851462041,433.906085969,0.407170122363,-214.717785708,-219.426450754,434.313256091,0.0224959737393,100.022495316
524,20.96,-218.999489673,-3.18578964336e-05,-0.393826966612,433.888149043,0.392555185706,-214.717785708,-219.393348497,434.280704228,0.0216684732491,100.021667812
525,21,-218.980996733,-3.00207091439e-05,-0.379643199642,433.870123932,0.378441271787,-214.717785708,-219.360669953,434.248565204,0.0208706390268,100.020869975
526,21.04,-218.962424662,-2.82766686535e-05,-0.365948008106,433.852011645,0.36481314729,-214.717785708,-219.328400947,434.216824793,0.0201015195998,100.020100852
527,21.08,-218.943774605,-2.66221150301e-05,-0.352726427669,433.833813198,0.351655925547,-214.717785708,-219.296527654,434.185469124,0.0193601872762,100.019359517
528,21.12,-218.92504771,-2.50534449266e-05,-0.339963840144,433.815529613,0.338955065436,-214.717785708,-219.265036604,434.154484679,0.0186457379477,100.018645064
529,21.16,-218.906245132,-2.3567118368e-05,-0.327645972156,433.797161919,0.326696369897,-214.717785708,-219.233914671,434.123858289,0.0179572908689,100.017956614
530,21.2,-218.887368027,-2.21596657456e-05,-0.315758893369,433.778711151,0.314865984111,-214.717785708,-219.20314908,434.093577135,0.0172939884143,100.017293308
531,21.24,-218.868417559,-2.08276942941e-05,-0.30428901425,433.760178351,0.303450393269,-214.717785708,-219.172727401,434.063628744,0.0166549958155,100.016654312
532,21.28,-218.849394893,-1.95678931708e-05,-0.293223083397,433.741564567,0.292436419894,-214.717785708,-219.142637544,434.034000987,0.0160395008787,100.016038814
533,21.32,-218.830301201,-1.83770369029e-05,-0.282548184497,433.722870856,0.281811220715,-214.717785708,-219.112867762,434.004682076,0.0154467136854,100.015446023
534,21.36,-218.811137656,-1.72519877408e-05,-0.272251732999,433.704098276,0.27156228321,-214.717785708,-219.083406641,433.97566056,0.0148758662774,100.014875172
535,21.4,-218.791905438,-1.61896977014e-05,-0.262321472536,433.685247897,0.261677421892,-214.717785708,-219.0542431,433.946925319,0.0143262123279,100.014325515
536,21.44,-218.772605729,-1.51872106889e-05,-0.252745471094,433.666320793,0.252144774416,-214.717785708,-219.025366387,433.918465567,0.0137970268001,100.013796325
537,21.48,-218.753239716,-1.42416644868e-05,-0.24351211689,433.647318043,0.242952797472,-214.717785708,-218.996766075,433.89027084,0.0132876055947,100.0132869
538,21.52,-218.733808589,-1.3350292145e-05,-0.234610113983,433.628240733,0.234090262415,-214.717785708,-218.968432054,433.862330996,0.0127972651863,100.012796556
539,21.56,-218.714313543,-1.25104224828e-05,-0.226028477623,433.609089958,0.225546250613,-214.717785708,-218.940354531,433.834636208,0.0123253422511,100.012324629
540,21.6,-218.694755775,-1.17194798326e-05,-0.217756529423,433.589866814,0.217310148555,-214.717785708,-218.912524024,433.807176962,0.0118711932867,100.011870477
541,21.64,-218.675136486,-1.09749833939e-05,-0.20978389239,433.570572407,0.209371642788,-214.717785708,-218.884931354,433.77994405,0.0114341942248,100.011433474
542,21.68,-218.655456882,-1.02745464916e-05,-0.202100485833,433.551207848,0.201720714763,-214.717785708,-218.857567643,433.752928562,0.0110137400391,100.011013015
543,21.72,-218.635718171,-9.6158757911e-06,-0.194696520155,433.531774253,0.19434763561,-214.717785708,-218.830424307,433.726121888,0.010609244348,100.010608516
544,21.76,-218.615921565,-8.99677033135e-06,-0.187562491506,433.512272745,0.18724296081,-214.717785708,-218.803493053,433.699515705,0.0102201390149,100.010219406
545,21.8,-218.596068278,-8.41512023609e-06,-0.180689176314,433.492704452,0.180397524753,-214.717785708,-218.776765869,433.673101977,0.00984587374511,100.009845137
546,21.84,-218.576159529,-7.86890507662e-06,-0.174067625717,433.473070509,0.173802435173,-214.717785708,-218.750235023,433.646872944,0.00948591568173,100.009485174
547,21.88,-218.556196539,-7.35619197243e-06,-0.167689159921,433.453372055,0.167449067488,-214.717785708,-218.723893055,433.620821122,0.00913974899955,100.009139003
548,21.92,-218.536180533,-6.87513354088e-06,-0.161545362523,433.433610236,0.161329059092,-214.717785708,-218.697732771,433.594939295,0.0088068744994,100.008806124
549,21.96,-218.516112739,-6.42396576731e-06,-0.155628074796,433.413786204,0.155434303619,-214.717785708,-218.671747237,433.569220508,0.00848680920266,100.008486054
550,22,-218.495994386,-6.00100581882e-06,-0.149929389975,433.393901116,0.149756945215,-214.717785708,-218.645929777,433.543658061,0.00817908594716,100.008178326
551,22.04,-218.475826707,-5.60464980134e-06,-0.144441647526,433.373956132,0.144289372812,-214.717785708,-218.620273959,433.518245505,0.00788325298517,100.007882489
552,22.08,-218.45561094,-5.23337045525e-06,-0.139157427398,433.353952422,0.139024214402,-214.717785708,-218.5947736,433.492976637,0.00759887358399,100.007598104
553,22.12,-218.435348322,-4.88571478397e-06,-0.134069544281,433.333891159,0.133954331325,-214.717785708,-218.569422752,433.46784549,0.00732552562978,100.007324752
554,22.16,-218.415040094,-4.56030161317e-06,-0.129171041857,433.31377352,0.129072812551,-214.717785708,-218.544215696,433.442846333,0.0070628012348,100.007062022
555,22.2,-218.394687501,-4.25581909287e-06,-0.124455187067,433.29360069,0.124372968962,-214.717785708,-218.519146944,433.417973659,0.00681030634857,100.006809522
556,22.24,-218.374291789,-3.97102217544e-06,-0.119915464428,433.273373857,0.119848327666,-214.717785708,-218.494211224,433.393222185,0.00656766037342,100.006566871
557,22.28,-218.353854205,-3.70473011185e-06,-0.115545570415,433.253094215,0.115492626356,-214.717785708,-218.46940348,433.368586842,0.00633449578472,100.006333701
558,22.32,-218.333376002,-3.45582399279e-06,-0.1113394079,433.232762964,0.111299807744,-214.717785708,-218.444718866,433.344062772,0.00611045775652,100.006109658
559,22.36,-218.312858432,-3.22324433067e-06,-0.107291080665,433.212381307,0.107264014096,-214.717785708,-218.420152736,433.319645321,0.00589520379279,100.005894398
560,22.4,-218.29230275,-3.00598866027e-06,-0.10339488795,433.191950452,0.10337958183,-214.717785708,-218.395700644,433.295330034,0.00568840336464,100.005687592
561,22.44,-218.271710214,-2.80310914442e-06,-0.0996453190488,433.171471615,0.0996410361792,-214.717785708,-218.371358336,433.271112651,0.00548973755367,100.005488921
562,22.48,-218.251082082,-2.61371019846e-06,-0.0960370479719,433.150946013,0.0960430858827,-214.717785708,-218.347121743,433.246989098,0.00529889870154,100.005298076
563,22.52,-218.230419615,-2.43694616511e-06,-0.0925649281857,433.130374869,0.0925806179297,-214.717785708,-218.322986981,433.222955487,0.00511559006598,100.005114761
564,22.56,-218.209724078,-2.27201906422e-06,-0.0892239874623,433.109759411,0.0892486923912,-214.717785708,-218.298950337,433.199008103,0.00493952548333,100.004938691
565,22.6,-218.188996733,-2.11817641679e-06,-0.0860094228323,433.089100871,0.0860425373664,-214.717785708,-218.275008274,433.175143408,0.00477042903786,100.004769588
566,22.64,-218.168238848,-1.97470912401e-06,-0.0829165956312,433.068400487,0.0829575440558,-214.717785708,-218.251157418,433.151358031,0.00460803473819,100.004607187
567,22.68,-218.14745169,-1.84094938474e-06,-0.0799410266232,433.047659498,0.0799892619421,-214.717785708,-218.227394557,433.12764876,0.00445208620073,100.004451232
568,22.72,-218.126636528,-1.71626865554e-06,-0.077078391199,433.026879152,0.0771333940518,-214.717785708,-218.203716635,433.104012546,0.00430233634055,100.004301476
569,22.76,-218.105794632,-1.60007567436e-06,-0.0743245146587,433.006060697,0.0743857922794,-214.717785708,-218.180120747,433.080446489,0.00415854706931,100.00415768
570,22.8,-218.084927276,-1.4918145683e-06,-0.0716753675948,432.985205387,0.0717424527844,-214.717785708,-218.156604135,433.05694784,0.00402048900055,100.004019614
571,22.84,-218.064035731,-1.39096304956e-06,-0.0691270613903,432.964314481,0.0691995114837,-214.717785708,-218.133164183,433.033513992,0.00388794116195,100.003887059
572,22.88,-218.043121272,-1.29703068572e-06,-0.0666758438332,432.943389239,0.0667532396655,-214.717785708,-218.109798413,433.010142479,0.00376069071484,100.003759802
573,22.92,-218.022185174,-1.20955722601e-06,-0.0643180948372,432.922430929,0.0644000397311,-214.717785708,-218.086504479,432.986830968,0.00363853268075,100.003637636
574,22.96,-218.001228714,-1.12811097415e-06,-0.0620503222596,432.901440819,0.0621364410537,-214.717785708,-218.063280165,432.96357726,0.00352126967528,100.003520366
575,23,-217.980253169,-1.05228721255e-06,-0.0598691578071,432.880420183,0.0599590959379,-214.717785708,-218.040123379,432.940379279,0.00340871164909,100.0034078
576,23.04,-217.959259816,-9.81706690679e-07,-0.0577713530316,432.859370298,0.0578647756611,-214.717785708,-218.017032151,432.917235074,0.00330067563623,100.003299756
577,23.08,-217.938249935,-9.16014188775e-07,-0.0557537754214,432.838292445,0.0558503665975,-214.717785708,-217.994004626,432.894142812,0.00319698550946,100.003196057
578,23.12,-217.917224804,-8.5487716028e-07,-0.0538134045975,432.817187909,0.0539128664315,-214.717785708,-217.971039064,432.871100775,0.00309747174267,100.003096535
579,23.16,-217.896185703,-7.97984447828e-07,-0.0519473286201,432.796057975,0.0520493804721,-214.717785708,-217.94813383,432.848107356,0.00300197118004,100.003001026
580,23.2,-217.875133913,-7.4504506269e-07,-0.0501527404059,432.774903937,0.0502571180787,-214.717785708,-217.925287399,432.825161055,0.00291032681206,100.002909373
581,23.24,-217.854070714,-6.95787016557e-07,-0.0484269342507,432.753727086,0.0485333891991,-214.717785708,-217.902498344,432.802260476,0.00282238755807,100.002821425
582,23.28,-217.832997387,-6.49956197302e-07,-0.0467673024477,432.732528722,0.0468756010172,-214.717785708,-217.87976534,432.779404323,0.00273800805531,100.002737036
583,23.32,-217.811915213,-6.07315286156e-07,-0.0451713319932,432.711310144,0.0452812546979,-214.717785708,-217.857087153,432.756591399,0.00265704845451,100.002656067
584,23.36,-217.790825474,-5.67642720973e-07,-0.0436366013756,432.690072655,0.0437479422221,-214.717785708,-217.834462643,432.733820597,0.00257937422171,100.002578383
585,23.4,-217.76972945,-5.3073171548e-07,-0.0421607774476,432.668817562,0.0422733432991,-214.717785708,-217.811890758,432.711090905,0.0025048559466,100.002503855
586,23.44,-217.748628423,-4.96389343686e-07,-0.0407416123902,432.647546174,0.0408552223561,-214.717785708,-217.789370532,432.688401396,0.00243336915683,100.002432358
587,23.48,-217.727523674,-4.64435690928e-07,-0.0393769407741,432.626259801,0.0394914256089,-214.717785708,-217.766901079,432.665751227,0.00236479413857,100.002363773
588,23.52,-217.706416483,-4.34703062052e-07,-0.0380646767225,432.604959759,0.0381798782259,-214.717785708,-217.744481594,432.643139637,0.00229901576276,100.002297984
589,23.56,-217.685308131,-4.07035230143e-07,-0.0368028111716,432.583647364,0.0369185815923,-214.717785708,-217.722111349,432.620565946,0.00223592331712,100.002234881
590,23.6,-217.664199898,-3.81286711245e-07,-0.0355894092191,432.562323936,0.0357056106787,-214.717785708,-217.699789689,432.598029546,0.00217541034365,100.002174357
591,23.64,-217.643093064,-3.57322060985e-07,-0.0344226075494,432.540990795,0.0345391115017,-214.717785708,-217.677516029,432.575529906,0.00211737448152,100.00211631
592,23.68,-217.621988908,-3.35015201048e-07,-0.0333006119274,432.519649265,0.0334172986613,-214.717785708,-217.655289855,432.553066564,0.00206171731526,100.002060641
593,23.72,-217.600888708,-3.14248788857e-07,-0.0322216947608,432.498300672,0.032338452941,-214.717785708,-217.633110717,432.530639125,0.00200834422812,100.002007256
594,23.76,-217.579793741,-2.94913639259e-07,-0.0311841927373,432.476946344,0.0313009189671,-214.717785708,-217.610978228,432.508247263,0.00195716426051,100.001956064
595,23.8,-217.558705284,-2.76908196133e-07,-0.030186504543,432.45558761,0.0303031029353,-214.717785708,-217.588892065,432.485890713,0.00190808997339,100.001906977
596,23.84,-217.537624613,-2.6013804258e-07,-0.0292270886661,432.434225802,0.0293434704152,-214.717785708,-217.566851962,432.463569273,0.00186103731648,100.001859912
597,23.88,-217.516553003,-2.44515436419e-07,-0.0283044612805,432.412862253,0.0284205442407,-214.717785708,-217.544857709,432.441282798,0.00181592550114,100.001814787
598,23.92,-217.495491727,-2.29958863218e-07,-0.0274171942047,432.391498298,0.0275329024844,-214.717785708,-217.522909151,432.419031201,0.00177267687771,100.001771525
599,23.96,-217.474442058,-2.16392606865e-07,-0.0265639129238,432.370135273,0.0266791765047,-214.717785708,-217.501006187,432.396814449,0.00173121681718,100.001730051
600,24,-217.453405267,-2.03746342463e-07,-0.0257432946719,432.348774516,0.0258580490559,-214.717785708,-217.479148765,432.374632565,0.00169147359704,100.001690294
601,24.04,-217.432382624,-1.91954756301e-07,-0.0249540665708,432.327417365,0.0250682524537,-214.717785708,-217.457336882,432.352485617,0.00165337829114,100.001652185
602,24.08,-217.411375397,-1.80957194765e-07,-0.0241950038286,432.306065161,0.0243085667934,-214.717785708,-217.435570581,432.330373728,0.00161686466361,100.001615656
603,24.12,-217.390384852,-1.70697341412e-07,-0.0234649279988,432.284719246,0.0235778182236,-214.717785708,-217.413849951,432.308297064,0.00158186906662,100.001580646
604,24.16,-217.369412256,-1.6112291996e-07,-0.0227627053022,432.263380961,0.0228748772774,-214.717785708,-217.392175123,432.286255838,0.00154833034187,100.001547092
605,24.2,-217.348458871,-1.52185419916e-07,-0.0220872450119,432.242051649,0.0221986572625,-214.717785708,-217.370546269,432.264250306,0.0015161897258,100.001514936
606,24.24,-217.32752596,-1.43839840173e-07,-0.0214374978994,432.220732655,0.0215481127128,-214.717785708,-217.348963602,432.242280768,0.00148539075816,100.001484121
607,24.28,-217.306614781,-1.36044445092e-07,-0.0208124547373,432.199425323,0.0209222379006,-214.717785708,-217.327427372,432.220347561,0.00145587919412,100.001454593
608,24.32,-217.285726593,-1.28760529271e-07,-0.0202111448525,432.178130998,0.0203200654066,-214.717785708,-217.305937867,432.198451064,0.00142760291941,100.0014263
609,24.36,-217.264862652,-1.2195219141e-07,-0.0196326347245,432.156851026,0.0197406647407,-214.717785708,-217.284495409,432.176591691,0.00140051186876,100.001399192
610,24.4,-217.24402421,-1.15586122157e-07,-0.0190760266241,432.135586753,0.0191831410059,-214.717785708,-217.263100352,432.154769894,0.00137455794725,100.001373221
611,24.44,-217.22321252,-1.0963141194e-07,-0.0185404572965,432.114339524,0.0186466335971,-214.717785708,-217.241753086,432.132986158,0.00134969495458,100.00134834
612,24.48,-217.202428829,-1.04059381174e-07,-0.0180250966891,432.093110686,0.0181303149371,-214.717785708,-217.22045403,432.111241001,0.00132587851225,100.001324506
613,24.52,-217.181674385,-9.88434292541e-08,-0.0175291467314,432.071901586,0.0176333892547,-214.717785708,-217.199203631,432.089534975,0.0013030659934,100.001301675
614,24.56,-217.160950432,-9.39588946523e-08,-0.0170518401637,432.050713569,0.0171550914121,-214.717785708,-217.178002366,432.067868661,0.00128121645541,100.001279806
615,24.6,-217.140258211,-8.93829191716e-08,-0.0165924394126,432.029547982,0.0166946857844,-214.717785708,-217.15685074,432.046242668,0.00126029057497,100.001258861
616,24.64,-217.119598961,-8.50943140365e-08,-0.0161502355068,432.008406169,0.0162514651877,-214.717785708,-217.135749282,432.024657634,0.00124025058564,100.001238802
617,24.68,-217.098973918,-8.10734303725e-08,-0.0157245470262,431.987289477,0.0158247498458,-214.717785708,-217.114698546,432.003114227,0.00122106021768,100.001219591
618,24.72,-217.078384315,-7.7302038487e-08,-0.015314719084,431.966199249,0.01541388639,-214.717785708,-217.093699111,431.981613136,0.00120268464027,100.001201195
619,24.76,-217.057831382,-7.37632188285e-08,-0.0149201223396,431.945136831,0.0150182468853,-214.717785708,-217.072751578,431.960155077,0.00118509040578,100.00118358
620,24.8,-217.037316346,-7.0441264691e-08,-0.0145401520454,431.924103564,0.014637227886,-214.717785708,-217.051856569,431.938740792,0.00116824539626,100.001166714
621,24.84,-217.016840432,-6.7321595e-08,-0.0141742271285,431.903100791,0.0142702495208,-214.717785708,-217.031014726,431.91737104,0.00115211877192,100.001150566
622,24.88,-216.99640486,-6.43906753736e-08,-0.0138217893065,431.882129853,0.0139167546116,-214.717785708,-217.010226714,431.896046608,0.0011366809216,100.001135106
623,24.92,-216.976010848,-6.16359459607e-08,-0.0134823022397,431.861192091,0.0135762078254,-214.717785708,-216.989493212,431.874768299,0.00112190341507,100.001120306
624,24.96,-216.95565961,-5.90457542665e-08,-0.0131552507177,431.840288844,0.013248094861,-214.717785708,-216.96881492,431.853536939,0.00110775895726,100.001106138
625,25,-216.935352357,-5.66092906015e-08,-0.0128401398769,431.819421448,0.0129319216699,-214.717785708,-216.948192554,431.83235337,0.00109422134407,100.001092577
626,25.04,-216.915090296,-5.43165242099e-08,-0.0125364944469,431.79859124,0.0126272137105,-214.717785708,-216.927626845,431.811218454,0.00108126541997,100.001079597
627,25.08,-216.894874631,-5.21581400879e-08,-0.0122438580196,431.777799554,0.0123335152297,-214.717785708,-216.907118541,431.79013307,0.0010688670372,100.001067174
628,25.12,-216.874706561,-5.01254789288e-08,-0.0119617923407,431.757047724,0.0120503885685,-214.717785708,-216.886668404,431.769098113,0.00105700301648,100.001055285
629,25.16,-216.854587283,-4.82104836126e-08,-0.0116898766211,431.736337079,0.0117774134843,-214.717785708,-216.866277208,431.748114493,0.0010456511093,100.001043908
630,25.2,-216.834517989,-4.64056542313e-08,-0.0114277068723,431.71566895,0.0115141864917,-214.717785708,-216.845945742,431.727183136,0.00103478996164,100.001033021
631,25.24,-216.814499866,-4.47040107717e-08,-0.0111748952683,431.695044662,0.0112603202221,-214.717785708,-216.825674806,431.706304982,0.0010243990791,100.001022604
632,25.28,-216.7945341,-4.30990603507e-08,-0.0109310695341,431.674465541,0.011015442809,-214.717785708,-216.805465213,431.685480983,0.00101445879342,100.001012637
633,25.32,-216.774621871,-4.15847657402e-08,-0.0106958723606,431.653932908,0.0107791973006,-214.717785708,-216.785317785,431.664712106,0.0010049502302,100.001003101
634,25.36,-216.754764353,-4.01555135193e-08,-0.0104689608425,431.633448085,0.0105512410991,-214.717785708,-216.765233354,431.643999326,0.000995855277912,100.000993978
635,25.4,-216.73496272,-3.88060820279e-08,-0.0102500059371,431.613012388,0.0103312454238,-214.717785708,-216.745212764,431.623343633,0.000987156558029,100.000985251
636,25.44,-216.715218137,-3.75316101534e-08,-0.0100386919401,431.592627132,0.0101188947943,-214.717785708,-216.725256866,431.602746026,0.000978837396269,100.000976903
637,25.48,-216.695531768,-3.63275678381e-08,-0.00983471597793,431.572293629,0.00991388653001,-214.717785708,-216.70536652,431.582207515,0.000970881794916,100.000968919
638,25.52,-216.675904771,-3.51897288597e-08,-0.00963778751578,431.552013188,0.00971593026516,-214.717785708,-216.685542593,431.561729118,0.000963274406194,100.000961281
639,25.56,-216.656338299,-3.41141464618e-08,-0.00944762788087,431.531787116,0.0095247474779,-214.717785708,-216.665785961,431.541311863,0.000956000506674,100.000953977
640,25.6,-216.636833501,-3.30971324901e-08,-0.00926396980249,431.511616715,0.00934007103329,-214.717785708,-216.646097504,431.520956786,0.000949045972707,100.000946992
641,25.64,-216.617391522,-3.21352402224e-08,-0.00908655697005,431.491503285,0.009161644741,-214.717785708,-216.626478111,431.50066493,0.000942397256839,100.000940311
642,25.68,-216.5980135,-3.12252500205e-08,-0.00891514361022,431.471448123,0.00898922292979,-214.717785708,-216.606928675,431.480437346,0.000936041365178,100.000933923
643,25.72,-216.578700571,-3.03641560402e-08,-0.0087494940831,431.451452521,0.00882257004099,-214.717785708,-216.587450095,431.460275091,0.000929965835662,100.000927815
644,25.76,-216.559453862,-2.95491523585e-08,-0.00858938249561,431.431517769,0.00866146024164,-214.717785708,-216.568043274,431.440179229,0.000924158717177,100.000921975
645,25.8,-216.540274498,-2.87776180351e-08,-0.00843459232918,431.411645151,0.00850567705514,-214.717785708,-216.548709119,431.420150828,0.000918608549452,100.000916391
646,25.84,-216.521163598,-2.80471019337e-08,-0.00828491607914,431.391835951,0.00835501300557,-214.717785708,-216.529448542,431.400190964,0.000913304343687,100.000911052
647,25.88,-216.502122276,-2.73553086017e-08,-0.00814015490423,431.372091444,0.00820926927194,-214.717785708,-216.510262459,431.380300714,0.00090823556385,100.000905949
648,25.92,-216.483151641,-2.67000859809e-08,-0.00800011828603,431.352412906,0.00806825535112,-214.717785708,-216.491151786,431.360481162,0.000903392108622,100.00090107
649,25.96,-216.464252794,-2.6079414874e-08,-0.00786462369921,431.332801606,0.00793178872981,-214.717785708,-216.472117443,431.340733394,0.000898764294,100.000896406
650,26,-216.445426833,-2.54913997226e-08,-0.0077334962933,431.313258807,0.0077996945673,-214.717785708,-216.453160355,431.321058502,0.000894342836551,100.000891948
651,26.04,-216.426674851,-2.49342604652e-08,-0.00760656858707,431.293785772,0.00767180538985,-214.717785708,-216.434281444,431.301457578,0.000890118837346,100.000887686
652,26.08,-216.407997933,-2.44063254955e-08,-0.00748368017585,431.274383757,0.00754796079744,-214.717785708,-216.415481638,431.281931717,0.000886083766581,100.000883613
653,26.12,-216.38939716,-2.39060255618e-08,-0.00736467745233,431.255054011,0.00742800718308,-214.717785708,-216.396761861,431.262482019,0.000882229448872,100.00087972
654,26.16,-216.370873607,-2.34318879765e-08,-0.00724941334044,431.235797783,0.00731179746548,-214.717785708,-216.378123043,431.243109581,0.000878548049198,100.000876
655,26.2,-216.352428341,-2.29825303694e-08,-0.00713774704076,431.216616314,0.00719919083492,-214.717785708,-216.359566111,431.223815505,0.000875032059449,100.000872444
656,26.24,-216.334062428,-2.25566537338e-08,-0.00702954378554,431.19751084,0.00709005251053,-214.717785708,-216.341091994,431.204600893,0.000871674285501,100.000869045
657,26.28,-216.315776922,-2.21530353352e-08,-0.00692467460107,431.178482593,0.00698425350611,-214.717785708,-216.322701618,431.185466847,0.000868467834779,100.000865798
658,26.32,-216.297572874,-2.17705224384e-08,-0.00682301607623,431.1595328,0.00688167040136,-214.717785708,-216.304395912,431.16641447,0.000865406104203,100.000862694
659,26.36,-216.27945133,-2.14080274181e-08,-0.00672445013705,431.14066268,0.00678218511738,-214.717785708,-216.286175802,431.147444865,0.000862482768507,100.000859728
660,26.4,-216.261413328,-2.10645240285e-08,-0.00662886382814,431.121873449,0.00668568469746,-214.717785708,-216.268042213,431.128559133,0.000859691768902,100.000856894
661,26.44,-216.243459899,-2.07390441385e-08,-0.0065361491018,431.103166317,0.00659206109529,-214.717785708,-216.249996068,431.109758378,0.000857027302111,100.000854185
662,26.48,-216.225592069,-2.04306744215e-08,-0.0064462026155,431.084542487,0.00650121097183,-214.717785708,-216.232038292,431.091043698,0.000854483809807,100.000851597
663,26.52,-216.207810857,-2.01385529884e-08,-0.00635892553792,431.066003159,0.00641303550143,-214.717785708,-216.214169803,431.072416194,0.000852055968507,100.000849124
664,26.56,-216.190117276,-1.98618662156e-08,-0.00627422336385,431.047549523,0.00632744018686,-214.717785708,-216.196391519,431.053876963,0.000849738679928,100.00084676
665,26.6,-216.172512332,-1.95998458366e-08,-0.00619200573803,431.029182766,0.00624433468307,-214.717785708,-216.178704357,431.035427101,0.000847527061844,100.000844502
666,26.64,-216.154997024,-1.93517660777e-08,-0.00611218628744,431.010904068,0.00616363262985,-214.717785708,-216.16110923,431.017067701,0.000845416439401,100.000842344
667,26.68,-216.137572345,-1.91169406419e-08,-0.00603468246116,430.992714602,0.00608525149257,-214.717785708,-216.143607047,430.998799853,0.000843402336863,100.000840281
668,26.72,-216.120239281,-1.88947196944e-08,-0.00595941537627,430.974615535,0.00600911240939,-214.717785708,-216.126198715,430.980624647,0.000841480469724,100.00083831
669,26.76,-216.10299881,-1.868448728e-08,-0.00588630966857,430.956608027,0.00593514004287,-214.717785708,-216.108885138,430.962543167,0.000839646737105,100.000836426
670,26.8,-216.085851904,-1.84856594556e-08,-0.0058152933475,430.938693233,0.00586326243452,-214.717785708,-216.091667216,430.944556496,0.000837897214372,100.000834626
671,26.84,-216.068799529,-1.82976829597e-08,-0.00574629765523,430.9208723,0.00579341086274,-214.717785708,-216.074545845,430.92666571,0.000836228145921,100.000832906
672,26.88,-216.051842643,-1.81200339166e-08,-0.00567925692981,430.903146367,0.00572551970499,-214.717785708,-216.057521918,430.908871886,0.00083463593813,100.000831261
673,26.92,-216.034982196,-1.79522162005e-08,-0.00561410847274,430.885516567,0.0056595263051,-214.717785708,-216.040596322,430.891176094,0.00083311715248,100.000829689
674,26.96,-216.018219131,-1.779375951e-08,-0.00555079242071,430.867984028,0.00559537084574,-214.717785708,-216.023769941,430.873579399,0.00083166849889,100.000828187
675,27,-216.001554386,-1.7644217499e-08,-0.00548925162201,430.850549867,0.00553299622548,-214.717785708,-216.007043655,430.856082863,0.000830286829326,100.00082675
676,27.04,-215.984988888,-1.75031662204e-08,-0.00542943151809,430.833215197,0.00547234794072,-214.717785708,-215.990418337,430.838687545,0.000828969131708,100.000825377
677,27.08,-215.968523561,-1.73702028371e-08,-0.00537128003103,430.81598112,0.00541337397321,-214.717785708,-215.973894858,430.821394494,0.00082771252417,100.000824064
678,27.12,-215.952159317,-1.72449444047e-08,-0.00531474745735,430.798848735,0.00535602468374,-214.717785708,-215.957474082,430.80420476,0.000826514249672,100.000822808
679,27.16,-215.935897064,-1.71270266725e-08,-0.00525978636757,430.781819129,0.00530025271201,-214.717785708,-215.941156868,430.787119382,0.000825371670952,100.000821607
680,27.2,-215.919737701,-1.70161030647e-08,-0.00520635151119,430.764893384,0.00524601288147,-214.717785708,-215.924944069,430.770139397,0.000824282265758,100.000820459
681,27.24,-215.903682118,-1.69118440025e-08,-0.0051543997259,430.748072573,0.00519326210786,-214.717785708,-215.908836535,430.753265836,0.000823243622315,100.00081936
682,27.28,-215.887731201,-1.6813936471e-08,-0.00510388985046,430.731357762,0.00514195931094,-214.717785708,-215.892835108,430.736499721,0.000822253434931,100.000818309
683,27.32,-215.871885824,-1.67220834967e-08,-0.00505478264045,430.714750007,0.00509206532934,-214.717785708,-215.876940624,430.719842072,0.00082130949969,100.000817303
684,27.36,-215.856146857,-1.66360032518e-08,-0.00500704068582,430.698250357,0.0050435428381,-214.717785708,-215.861153914,430.7032939,0.000820409710203,100.000816341
685,27.4,-215.840515159,-1.65554278094e-08,-0.00496062832971,430.681859854,0.00499635626828,-214.717785708,-215.845475804,430.68685621,0.000819552053383,100.000815419
686,27.44,-215.824991583,-1.64801018491e-08,-0.00491551158785,430.665579529,0.00495047172748,-214.717785708,-215.829907111,430.670530001,0.000818734605293,100.000814537
687,27.48,-215.809576973,-1.6409781612e-08,-0.00487165806928,430.649410407,0.0049058569212,-214.717785708,-215.814448647,430.654316264,0.00081795552708,100.000813693
688,27.52,-215.794272166,-1.63442341877e-08,-0.0048290368992,430.633353503,0.0048624810757,-214.717785708,-215.799101219,430.638215984,0.000817213061076,100.000812883
689,27.56,-215.77907799,-1.62832370204e-08,-0.00478761864548,430.617409823,0.00482031486413,-214.717785708,-215.783865625,430.622230137,0.000816505527098,100.000812108
690,27.6,-215.763995266,-1.62265775282e-08,-0.00474737524974,430.601580365,0.00477933033707,-214.717785708,-215.768742657,430.606359695,0.000815831319014,100.000811366
691,27.64,-215.749024805,-1.61740528533e-08,-0.00470827996364,430.585866117,0.00473950085812,-214.717785708,-215.753733101,430.590605618,0.000815188901582,100.000810653
692,27.68,-215.734167411,-1.61254697876e-08,-0.00467030729039,430.570268061,0.00470080104431,-214.717785708,-215.738837735,430.574968862,0.000814576807563,100.000809971
693,27.72,-215.71942388,-1.6080644795e-08,-0.00463343293119,430.554787167,0.00466320671136,-214.717785708,-215.724057329,430.559450373,0.000813993635055,100.000809316
694,27.76,-215.704795,-1.60394038936e-08,-0.00459763373575,430.539424396,0.00462669482328,-214.717785708,-215.709392649,430.54405109,0.00081343804499,100.000808687
695,27.8,-215.690281548,-1.60015821822e-08,-0.0045628876554,430.5241807,0.00459124344561,-214.717785708,-215.694844451,430.528771944,0.000812908758724,100.000808084
696,27.84,-215.675884295,-1.59670230001e-08,-0.00452917369724,430.509057024,0.00455683170044,-214.717785708,-215.680413484,430.513613855,0.000812404555645,100.000807505
697,27.88,-215.661604003,-1.59355769314e-08,-0.00449647187741,430.494054299,0.00452343972129,-214.717785708,-215.66610049,430.498577739,0.00081192427076,100.000806949
698,27.92,-215.647441425,-1.59071009244e-08,-0.004464763173,430.479173451,0.00449104860607,-214.717785708,-215.651906204,430.4836645,0.000811466792227,100.000806414
699,27.96,-215.633397307,-1.58814576636e-08,-0.00443402947228,430.464415394,0.00445964036805,-214.717785708,-215.637831352,430.468875034,0.000811031058857,100.0008059
700,28,-215.619472383,-1.58585151846e-08,-0.00440425352453,430.449781031,0.00442919788552,-214.717785708,-215.623876653,430.454210229,0.00081061605761,100.000805406
701,28.04,-215.605667383,-1.5838146674e-08,-0.00437541889065,430.435271259,0.004399704852,-214.717785708,-215.610042818,430.439670964,0.000810220821144,100.00080493
702,28.08,-215.591983024,-1.58202304441e-08,-0.0043475098961,430.420886962,0.00437114572817,-214.717785708,-215.59633055,430.425258108,0.000809844425501,100.000804472
703,28.12,-215.578420017,-1.58046500953e-08,-0.00432051158772,430.406629014,0.00434350569724,-214.717785708,-215.582740544,430.41097252,0.000809485987979,100.000804031
704,28.16,-215.564979063,-1.57912947989e-08,-0.00429440969527,430.392498282,0.00431677062478,-214.717785708,-215.569273488,430.396815052,0.000809144665233,100.000803605
705,28.2,-215.551660853,-1.57800595203e-08,-0.0042691905986,430.378495618,0.00429092702422,-214.717785708,-215.55593006,430.382786545,0.00080881965162,100.000803195
706,28.24,-215.538466073,-1.57708449906e-08,-0.00424484129977,430.364621868,0.00426596202829,-214.717785708,-215.54271093,430.36888783,0.000808510177753,100.000802799
707,28.28,-215.525395396,-1.57635573504e-08,-0.00422134939909,430.350877866,0.00424186336512,-214.717785708,-215.529616761,430.35511973,0.000808215509226,100.000802416
708,28.32,-215.512449488,-1.5758107554e-08,-0.00419870307291,430.337264436,0.0042186193371,-214.717785708,-215.516648207,430.341483055,0.000807934945422,100.000802047
709,28.36,-215.499629005,-1.57544107062e-08,-0.00417689105122,430.32378239,0.00419621879977,-214.717785708,-215.503805912,430.327978609,0.000807667818346,100.000801689
710,28.4,-215.486934596,-1.57523854653e-08,-0.00415590259335,430.310432531,0.00417465113883,-214.717785708,-215.491090515,430.314607182,0.000807413491393,100.000801343
711,28.44,-215.474366899,-1.57519535674e-08,-0.0041357274611,430.297215652,0.00415390624407,-214.717785708,-215.478502642,430.301369558,0.000807171358026,100.000801008
712,28.48,-215.461926543,-1.57530394894e-08,-0.004116355889,430.284132533,0.00413397448024,-214.717785708,-215.466042915,430.288266507,0.000806940840327,100.000800683
713,28.52,-215.449614149,-1.5755570283e-08,-0.00409777855233,430.271183944,0.0041148466551,-214.717785708,-215.453711943,430.275298791,0.000806721387462,100.000800368
714,28.56,-215.437430328,-1.57594756142e-08,-0.00407998653422,430.258370647,0.00409651398573,-214.717785708,-215.44151033,430.262467161,0.000806512474082,100.000800062
715,28.6,-215.425375681,-1.57646879867e-08,-0.00406297129345,430.245693388,0.00407896806503,-214.717785708,-215.429438668,430.249772356,0.000806313598762,100.000799765
716,28.64,-215.413450802,-1.57711430365e-08,-0.00404672463498,430.233152906,0.00406220083057,-214.717785708,-215.417497543,430.237215107,0.000806124282535,100.000799476
717,28.68,-215.401656274,-1.57787797445e-08,-0.004031238685,430.220749927,0.00404620453806,-214.717785708,-215.405687529,430.224796132,0.000805944067598,100.000799195
718,28.72,-215.389992672,-1.57875404616e-08,-0.00401650587121,430.208485167,0.00403097174078,-214.717785708,-215.394009193,430.212516139,0.000805772516228,100.000798921
719,28.76,-215.378460559,-1.57973707354e-08,-0.00400251890812,430.196359329,0.00401649527475,-214.717785708,-215.382463094,430.200375825,0.00080560920993,100.000798653
720,28.8,-215.367060492,-1.58082190025e-08,-0.00398927078653,430.184373108,0.00400276824853,-214.717785708,-215.371049778,430.188375876,0.000805453748798,100.000798392
721,28.84,-215.355793016,-1.58200362199e-08,-0.00397675476533,430.172527183,0.00398978403594,-214.717785708,-215.359769787,430.176516967,0.000805305751023,100.000798137
722,28.88,-215.344658669,-1.58327754863e-08,-0.00396496436412,430.160822226,0.00397753626952,-214.717785708,-215.348623649,430.164799762,0.00080516485249,100.000797888
723,28.92,-215.333657977,-1.58463916924e-08,-0.00395389335463,430.149258894,0.00396601883311,-214.717785708,-215.337611887,430.153224913,0.000805030706362,100.000797644
724,28.96,-215.322791459,-1.58608412529e-08,-0.0039435357496,430.137837836,0.00395522585148,-214.717785708,-215.326735011,430.141793062,0.000804902982578,100.000797405
725,29,-215.312059623,-1.58760819723e-08,-0.00393388578799,430.126559686,0.0039451516759,-214.717785708,-215.315993524,430.130504838,0.000804781367204,100.00079717
726,29.04,-215.301462967,-1.58920730671e-08,-0.00392493791633,430.115425069,0.00393579086517,-214.717785708,-215.305387921,430.11936086,0.000804665561613,100.00079694
727,29.08,-215.291001981,-1.59087753009e-08,-0.00391668676717,430.104434597,0.00392713816306,-214.717785708,-215.294918684,430.108361735,0.000804555281496,100.000796713
728,29.12,-215.280677145,-1.5926151149e-08,-0.00390912713624,430.093588869,0.00391918847412,-214.717785708,-215.284586288,430.097508057,0.000804450255762,100.00079649
729,29.16,-215.270488928,-1.59441649095e-08,-0.00390225396013,430.082888475,0.00391193684006,-214.717785708,-215.274391198,430.086800412,0.000804350225393,100.000796271
730,29.2,-215.260437792,-1.5962782719e-08,-0.00389606229638,430.072333991,0.00390537841881,-214.717785708,-215.264333871,430.076239369,0.000804254942334,100.000796054
731,29.24,-215.250524188,-1.59819724725e-08,-0.00389054730727,430.061925982,0.0038995084676,-214.717785708,-215.254414751,430.065825491,0.000804164168529,100.000795841
732,29.28,-215.240748555,-1.6001703668e-08,-0.00388570424809,430.051665001,0.00389432233106,-214.717785708,-215.244634276,430.055559324,0.000804077675143,100.00079563
733,29.32,-215.231111328,-1.60219471972e-08,-0.00388152846015,430.041551589,0.00388981543451,-214.717785708,-215.234992872,430.045441404,0.000803995242042,100.000795421
734,29.36,-215.221612927,-1.60426751157e-08,-0.00387801536809,430.031586274,0.00388598328191,-214.717785708,-215.225490958,430.035472258,0.000803916657501,100.000795215
735,29.4,-215.212253764,-1.60638604352e-08,-0.00387516048011,430.021769574,0.00388282145717,-214.717785708,-215.216128941,430.025652395,0.000803841718131,100.00079501
736,29.44,-215.203034243,-1.60854769863e-08,-0.00387295938933,430.012101992,0.00388032562654,-214.717785708,-215.206907219,430.015982317,0.000803770228934,100.000794808
737,29.48,-215.193954757,-1.61074993809e-08,-0.00387140777419,430.002584021,0.00387849153982,-214.717785708,-215.197826181,430.006462512,0.000803702003387,100.000794606
738,29.52,-215.185015688,-1.61299030676e-08,-0.0038705013963,429.993216141,0.00387731502849,-214.717785708,-215.188886205,429.997093456,0.000803636863477,100.000794406
739,29.56,-215.17621741,-1.61526644373e-08,-0.00387023609463,429.983998819,0.00387679199974,-214.717785708,-215.180087662,429.987875611,0.000803574639573,100.000794207
740,29.6,-215.167560287,-1.61757609298e-08,-0.00387060777578,429.974932512,0.00387691842617,-214.717785708,-215.171430911,429.978809431,0.000803515170083,100.000794009
741,29.64,-215.159044673,-1.61991710965e-08,-0.00387161240061,429.966017663,0.00387769033152,-214.717785708,-215.162916302,429.969895353,0.000803458300874,100.000793812
742,29.68,-215.150670912,-1.62228745898e-08,-0.00387324596807,429.957254701,0.00387910377358,-214.717785708,-215.154544175,429.961133805,0.000803403884461,100.000793615
743,29.72,-215.142439339,-1.62468520646e-08,-0.00387550449761,429.948644046,0.0038811548256,-214.717785708,-215.14631486,429.952525201,0.000803351779041,100.000793418
744,29.76,-215.134350278,-1.62710849952e-08,-0.00387838401192,429.940186104,0.00388383955826,-214.717785708,-215.138228679,429.944069944,0.000803301847447,100.000793222
745,29.8,-215.126404045,-1.62955554359e-08,-0.00388188052198,429.931881268,0.0038871540243,-214.717785708,-215.130285941,429.935768422,0.000803253956145,100.000793026
746,29.84,-215.118600943,-1.63202457722e-08,-0.00388599001578,429.923729918,0.0038910942472,-214.717785708,-215.12248695,429.927621013,0.000803207974376,100.00079283
747,29.88,-215.11094127,-1.6345138524e-08,-0.00389070845158,429.915732424,0.00389565621482,-214.717785708,-215.114831994,429.919628081,0.000803163773521,100.000792633
748,29.92,-215.103425309,-1.63702162405e-08,-0.00389603175565,429.907889142,0.00390083587778,-214.717785708,-215.107321357,429.911789978,0.000803121226758,100.000792437
749,29.96,-215.096053337,-1.63954615092e-08,-0.00390195582398,429.900200414,0.00390662915181,-214.717785708,-215.099955309,429.904107043,0.000803080209017,100.000792239
750,30,-215.08882562,-1.64208570708e-08,-0.00390847652679,429.892666571,0.00391303192286,-214.717785708,-215.092734113,429.896579603,0.000803040597191,100.000792041
751,30.04,-215.081742414,-1.64463860164e-08,-0.00391558971445,429.885287931,0.00392004005339,-214.717785708,-215.08565802,429.889207971,0.00080300227052,100.000791843
752,30.08,-215.074803965,-1.64720320237e-08,-0.00392329122309,429.8780648,0.00392764938813,-214.717785708,-215.078727273,429.88199245,0.000802965111057,100.000791643
753,30.12,-215.068010509,-1.64977795773e-08,-0.00393157687808,429.870997471,0.00393585575753,-214.717785708,-215.071942103,429.874933327,0.000802929004063,100.000791442
754,30.16,-215.061362274,-1.6523614105e-08,-0.00394044249399,429.864086224,0.00394465497734,-214.717785708,-215.065302733,429.868030879,0.000802893838235,100.00079124
755,30.2,-215.054859476,-1.65495219813e-08,-0.00394988387018,429.857331326,0.00395404284362,-214.717785708,-215.058809376,429.861285369,0.000802859505664,100.000791037
756,30.24,-215.048502322,-1.65754903783e-08,-0.00395989678196,429.850733032,0.00396401512343,-214.717785708,-215.052462235,429.854697047,0.000802825901465,100.000790832
757,30.28,-215.042291009,-1.6601506988e-08,-0.00397047696802,429.844291585,0.00397456754173,-214.717785708,-215.046261502,429.848266152,0.000802792923095,100.000790626
758,30.32,-215.036225724,-1.66275596639e-08,-0.00398162011526,429.838007212,0.00398569576601,-214.717785708,-215.040207361,429.841992908,0.000802760469388,100.000790418
759,30.36,-215.030306646,-1.66536360429e-08,-0.00399332184244,429.831880132,0.0039973953899,-214.717785708,-215.034299985,429.835877528,0.00080272843941,100.000790208
760,30.4,-215.024533942,-1.66797232064e-08,-0.00400557768437,429.825910548,0.0040096619175,-214.717785708,-215.028539537,429.82992021,0.000802696731265,100.000789996
761,30.44,-215.01890777,-1.6705807442e-08,-0.0040183830781,429.820098651,0.00402249075001,-214.717785708,-215.02292617,429.824121142,0.000802665240972,100.000789782
762,30.48,-215.013428279,-1.67318741586e-08,-0.00403173335289,429.81444462,0.00403587717606,-214.717785708,-215.017460029,429.818480497,0.000802633861566,100.000789565
763,30.52,-215.008095607,-1.67579079885e-08,-0.00404562372468,429.808948621,0.00404981636663,-214.717785708,-215.012141247,429.812998437,0.000802602482501,100.000789347
764,30.56,-215.002909882,-1.67838930609e-08,-0.00406004929538,429.803610805,0.00406430337474,-214.717785708,-215.006969948,429.807675109,0.000802570989437,100.000789125
765,30.6,-214.997871224,-1.68098133904e-08,-0.00407500505655,429.798431315,0.00407933313926,-214.717785708,-215.001946246,429.802510648,0.000802539264401,100.000788901
766,30.64,-214.992979742,-1.68356532938e-08,-0.00409048589646,429.793410276,0.00409490049197,-214.717785708,-214.997070244,429.797505177,0.000802507186284,100.000788675
767,30.68,-214.988235535,-1.68613977519e-08,-0.00410648660921,429.788547805,0.0041110001664,-214.717785708,-214.992342038,429.792658805,0.000802474631572,100.000788445
768,30.72,-214.983638693,-1.68870326534e-08,-0.00412300190421,429.783844002,0.00412762680697,-214.717785708,-214.987761712,429.787971629,0.000802441475175,100.000788212
769,30.76,-214.979189297,-1.69125448719e-08,-0.00414002641444,429.779298958,0.00414477497687,-214.717785708,-214.98332934,429.783443733,0.000802407591201,100.000787976
770,30.8,-214.974887416,-1.69379221478e-08,-0.0041575547017,429.774912749,0.00416243916285,-214.717785708,-214.979044988,429.779075188,0.000802372853521,100.000787737
771,30.84,-214.970733112,-1.69631527697e-08,-0.00417558125748,429.770685439,0.00418061377594,-214.717785708,-214.97490871,429.774866053,0.000802337136009,100.000787494
772,30.88,-214.966726435,-1.69882250967e-08,-0.004194100499,429.76661708,0.00419929314724,-214.717785708,-214.970920553,429.770816373,0.000802300312366,100.000787248
773,30.92,-214.962867427,-1.70131270054e-08,-0.00421310676016,429.762707709,0.00421847151907,-214.717785708,-214.967080551,429.766926181,0.000802262255515,100.000786997
774,30.96,-214.95915612,-1.70378453722e-08,-0.0042325942784,429.758957354,0.00423814303202,-214.717785708,-214.963388731,429.763195497,0.000802222836598,100.000786742
775,31,-214.955592535,-1.70623656863e-08,-0.00425255717839,429.755366027,0.004258301709,-214.717785708,-214.959845109,429.759624329,0.000802181923672,100.000786484
776,31.04,-214.952176686,-1.70866718539e-08,-0.00427298945414,429.751933729,0.00427894143778,-214.717785708,-214.956449692,429.75621267,0.000802139380241,100.000786221
777,31.08,-214.948908575,-1.71107462203e-08,-0.00429388495126,429.748660448,0.00430005595361,-214.717785708,-214.953202477,429.752960504,0.000802095063786,100.000785953
778,31.12,-214.945788195,-1.71345698098e-08,-0.00431523735121,429.745546161,0.00432163882376,-214.717785708,-214.95010345,429.7498678,0.00080204882446,100.000785681
779,31.16,-214.942815532,-1.71581227604e-08,-0.00433704015924,429.74259083,0.00434368343559,-214.717785708,-214.947152589,429.746934513,0.000802000504098,100.000785404
780,31.2,-214.939990558,-1.71813848899e-08,-0.00435928669732,429.739794405,0.00436618298945,-214.717785708,-214.944349862,429.744160588,0.000801949935656,100.000785122
781,31.24,-214.937313239,-1.72043362951e-08,-0.00438197010255,429.737156825,0.00438913049702,-214.717785708,-214.941695227,429.741545955,0.000801896943136,100.000784834
782,31.28,-214.934783531,-1.72269578599e-08,-0.00440508333121,429.734678015,0.00441251878509,-214.717785708,-214.939188631,429.739090534,0.000801841341999,100.000784541
783,31.32,-214.932401379,-1.72492315712e-08,-0.00442861916759,429.732357889,0.00443634050418,-214.717785708,-214.936830015,429.736794229,0.000801782939993,100.000784243
784,31.36,-214.930166719,-1.72711405869e-08,-0.00445257023662,429.730196347,0.00446058814103,-214.717785708,-214.934619307,429.734656935,0.000801721538285,100.000783938
785,31.4,-214.92807948,-1.72926690487e-08,-0.00447692901856,429.728193278,0.0044852540333,-214.717785708,-214.932556426,429.732678532,0.000801656932725,100.000783628
786,31.44,-214.926139578,-1.73138016679e-08,-0.00450168786386,429.726348557,0.00451033038452,-214.717785708,-214.930641283,429.730858888,0.000801588915073,100.000783311
787,31.48,-214.924346923,-1.7334523137e-08,-0.00452683900604,429.724662049,0.00453580927725,-214.717785708,-214.928873779,429.729197859,0.000801517273997,100.000782987
788,31.52,-214.922701412,-1.73548174459e-08,-0.00455237457073,429.723133606,0.00456168268255,-214.717785708,-214.927253804,429.727695289,0.000801441795699,100.000782656
789,31.56,-214.921202937,-1.73746672156e-08,-0.00457828657952,429.721763066,0.00458794246432,-214.717785708,-214.925781241,429.726351008,0.000801362264061,100.000782319
790,31.6,-214.919851377,-1.73940531788e-08,-0.00460456694783,429.720550256,0.00461458037756,-214.717785708,-214.924455961,429.725164837,0.000801278460272,100.000781974
791,31.64,-214.918646603,-1.74129539112e-08,-0.00463120747671,429.719494992,0.00464158806059,-214.717785708,-214.923277828,429.72413658,0.000801190161938,100.000781621
792,31.68,-214.917588479,-1.74313458655e-08,-0.0046581998391,429.718597077,0.00466895702138,-214.717785708,-214.922246696,429.723266034,0.000801097141784,100.000781261
793,31.72,-214.916676856,-1.74492036968e-08,-0.00468553556175,429.717856301,0.00469667861942,-214.717785708,-214.921362409,429.72255298,0.000800999166058,100.000780892
794,31.76,-214.915911579,-1.74665008246e-08,-0.00471320600451,429.717272444,0.00472474404467,-214.717785708,-214.920624802,429.721997188,0.00080089599283,100.000780515
795,31.8,-214.915292481,-1.74832101552e-08,-0.00474120233918,429.716845271,0.004753144296,-214.717785708,-214.920033701,429.721598415,0.000800787370365,100.000780129
796,31.84,-214.91481939,-1.74993048697e-08,-0.0047695155304,429.716574539,0.00478187016132,-214.717785708,-214.919588923,429.721356409,0.000800673035764,100.000779734
797,31.88,-214.91449212,-1.75147591598e-08,-0.00479813632051,429.71645999,0.00481091220196,-214.717785708,-214.919290274,429.721270902,0.000800552714011,100.00077933
798,31.92,-214.91431048,-1.75295487826e-08,-0.00482705522023,429.716501356,0.00484026074268,-214.717785708,-214.919137553,429.721341617,0.000800426117552,100.000778917
799,31.96,-214.914274268,-1.75436513237e-08,-0.00485626250613,429.716698356,0.00486990586892,-214.717785708,-214.919130548,429.721568262,0.000800292946444,100.000778493
800,32,-214.914383273,-1.75570461131e-08,-0.00488574822543,429.717050698,0.00489983743152,-214.717785708,-214.919269039,429.721950536,0.000800152889052,100.00077806
801,32.04,-214.914637276,-1.75697138073e-08,-0.00491550220773,429.717558079,0.00493004505881,-214.717785708,-214.919552796,429.722488124,0.000800005623229,100.000777615
802,32.08,-214.915036049,-1.75816357076e-08,-0.00494551408276,429.718220183,0.00496051817502,-214.717785708,-214.919981581,429.723180701,0.000799850817833,100.00077716
803,32.12,-214.915579355,-1.75927929135e-08,-0.0049757733023,429.719036683,0.00499124602305,-214.717785708,-214.920555146,429.724027929,0.000799688134414,100.000776693
804,32.16,-214.916266947,-1.76031654281e-08,-0.00500626916399,429.720007242,0.00502221768936,-214.717785708,-214.921273234,429.725029459,0.000799517228889,100.000776215
805,32.2,-214.917098571,-1.7612731344e-08,-0.00503699083454,429.721131508,0.00505342212817,-214.717785708,-214.92213558,429.72618493,0.000799337753008,100.000775724
806,32.24,-214.918073964,-1.76214662464e-08,-0.00506792736977,429.722409122,0.00508484818253,-214.717785708,-214.923141909,429.72749397,0.000799149355455,100.000775221
807,32.28,-214.919192853,-1.76293429489e-08,-0.00509906772961,429.723839711,0.00511648459991,-214.717785708,-214.924291938,429.728956195,0.000798951682462,100.000774706
808,32.32,-214.920454957,-1.76363316294e-08,-0.00513040078625,429.725422891,0.00514832004066,-214.717785708,-214.925585376,429.730571211,0.000798744377879,100.000774176
809,32.36,-214.921859988,-1.76424003521e-08,-0.00516191532461,429.727158268,0.00518034307834,-214.717785708,-214.927021921,429.732338611,0.000798527082689,100.000773634
810,32.4,-214.923407646,-1.76475159021e-08,-0.00519360003518,429.729045436,0.00521254219208,-214.717785708,-214.928601264,429.734257978,0.000798299434042,100.000773077
811,32.44,-214.925097626,-1.76516448122e-08,-0.00522544349994,429.731083978,0.0052449057516,-214.717785708,-214.930323087,429.736328883,0.000798061063922,100.000772506
812,32.48,-214.926929612,-1.76547544498e-08,-0.0052574341732,429.733273466,0.00527742199713,-214.717785708,-214.932187064,429.738550888,0.000797811597606,100.00077192
813,32.52,-214.928903281,-1.76568140238e-08,-0.00528956035958,429.735613463,0.00531007901628,-214.717785708,-214.934192859,429.740923542,0.000797550652094,100.000771319
814,32.56,-214.931018301,-1.76577953768e-08,-0.00532181019184,429.738103518,0.00534286472094,-214.717785708,-214.936340128,429.743446383,0.000797277834696,100.000770702
815,32.6,-214.933274331,-1.7657673436e-08,-0.00535417161112,429.740743172,0.00537576682676,-214.717785708,-214.93862852,429.746118938,0.000796992741935,100.000770069
816,32.64,-214.935671023,-1.76564262438e-08,-0.005386632352,429.743531953,0.005408772838,-214.717785708,-214.941057673,429.748940726,0.000796694958904,100.000769419
817,32.68,-214.938208021,-1.76540345495e-08,-0.00541917993449,429.746469381,0.00544187003955,-214.717785708,-214.943627218,429.751911251,0.00079638405915,100.000768752
818,32.72,-214.940884958,-1.76504810168e-08,-0.00545180166421,429.749554964,0.00547504549774,-214.717785708,-214.946336777,429.755030009,0.000796059605123,100.000768068
819,32.76,-214.943701462,-1.76457491592e-08,-0.00548448464128,429.752788199,0.00550828607015,-214.717785708,-214.949185964,429.758296485,0.000795721149151,100.000767366
820,32.8,-214.94665715,-1.76398221494e-08,-0.00551721577764,429.756168574,0.0055415784242,-214.717785708,-214.952174384,429.761710153,0.000795368234867,100.000766646
821,32.84,-214.949751634,-1.76326816619e-08,-0.00554998182156,429.759695567,0.00557490906291,-214.717785708,-214.955301634,429.765270476,0.000795000398956,100.000765906
822,32.88,-214.952984516,-1.76243069094e-08,-0.00558276938728,429.763368643,0.00560826435589,-214.717785708,-214.958567303,429.768976908,0.000794617173088,100.000765148
823,32.92,-214.95635539,-1.76146740144e-08,-0.0056155649875,429.767187261,0.00564163057282,-214.717785708,-214.961970972,429.772828892,0.000794218085839,100.000764369
824,32.96,-214.959863842,-1.76037558237e-08,-0.00564835506585,429.771150867,0.00567499391662,-214.717785708,-214.965512214,429.776825861,0.000793802664467,100.000763569
825,33,-214.96350945,-1.75915222109e-08,-0.00568112602672,429.775258898,0.00570834055349,-214.717785708,-214.969190594,429.780967239,0.00079337043639,100.000762749
826,33.04,-214.967291786,-1.75779408371e-08,-0.00571386425992,429.779510782,0.00574165663726,-214.717785708,-214.973005668,429.785252438,0.000792920930242,100.000761907
827,33.08,-214.971210412,-1.75629782772e-08,-0.00574655615825,429.783905935,0.00577492832632,-214.717785708,-214.976956986,429.789680863,0.000792453676469,100.000761044
828,33.12,-214.975264883,-1.7546601365e-08,-0.005779188127,429.788443766,0.00580814179194,-214.717785708,-214.981044088,429.794251908,0.000791968207429,100.000760158
829,33.16,-214.979454746,-1.75287785925e-08,-0.0058117465849,429.793123673,0.00584128321813,-214.717785708,-214.98526651,429.798964956,0.000791464057047,100.000759249
830,33.2,-214.98377954,-1.75094813922e-08,-0.00584421795756,429.797945044,0.00587433879374,-214.717785708,-214.989623776,429.803819383,0.000790940760104,100.000758316
831,33.24,-214.988238798,-1.74886851483e-08,-0.00587658866458,429.802907259,0.00590729469855,-214.717785708,-214.994115405,429.808814553,0.000790397851268,100.00075736
832,33.28,-214.992832044,-1.74663698075e-08,-0.00590884510266,429.808009688,0.00594013708565,-214.717785708,-214.998740907,429.813949825,0.000789834864033,100.000756379
833,33.32,-214.997558795,-1.74425200102e-08,-0.00594097362706,429.813251691,0.00597285206259,-214.717785708,-215.003499786,429.819224543,0.000789251329672,100.000755373
834,33.36,-215.00241856,-1.74171247187e-08,-0.00597296053407,429.818632621,0.00600542567408,-214.717785708,-215.008391538,429.824638047,0.000788646776375,100.000754341
835,33.4,-215.007410841,-1.73901763864e-08,-0.00600479204694,429.82415182,0.00603784388868,-214.717785708,-215.01341565,429.830189664,0.000788020728668,100.000753284
836,33.44,-215.012535132,-1.73616697736e-08,-0.00603645430737,429.829808621,0.00607009259146,-214.717785708,-215.018571604,429.835878714,0.0007873727072,100.0007522
837,33.48,-215.017790921,-1.73316005592e-08,-0.0060679333742,429.835602351,0.0061021575842,-214.717785708,-215.023858872,429.841704508,0.000786702228957,100.000751089
838,33.52,-215.023177688,-1.72999639234e-08,-0.00609921523005,429.841532324,0.00613402459357,-214.717785708,-215.029276921,429.847666349,0.000786008807893,100.000749951
839,33.56,-215.028694905,-1.72667532792e-08,-0.0061302857959,429.847597849,0.00616567928737,-214.717785708,-215.034825208,429.853763528,0.000785291955959,100.000748784
840,33.6,-215.034342038,-1.72319593114e-08,-0.006161130953,429.853798224,0.00619710729766,-214.717785708,-215.040503186,429.859995331,0.000784551184452,100.000747589
841,33.64,-215.040118546,-1.71955694486e-08,-0.00619173657049,429.86013274,0.00622829424938,-214.717785708,-215.0463103,429.866361034,0.000783786005602,100.000746365
842,33.68,-215.046023879,-1.71575678367e-08,-0.00622208853696,429.866600679,0.00625922579223,-214.717785708,-215.052245985,429.872859904,0.00078299593427,100.000745111
843,33.72,-215.052057483,-1.7117935822e-08,-0.00625217279355,429.873201315,0.00628988763365,-214.717785708,-215.058309673,429.879491203,0.000782180489656,100.000743827
844,33.76,-215.058218794,-1.70766528886e-08,-0.00628197536628,429.879933914,0.00632026557053,-214.717785708,-215.064500786,429.88625418,0.000781339196895,100.000742513
845,33.8,-215.064507244,-1.70336979395e-08,-0.00631148239551,429.886797734,0.00635034551745,-214.717785708,-215.070818743,429.89314808,0.000780471588458,100.000741167
846,33.84,-215.070922255,-1.69890507712e-08,-0.00634068016041,429.893792025,0.0063801135299,-214.717785708,-215.077262952,429.900172138,0.000779577205264,100.00073979
847,33.88,-215.077463246,-1.69426935722e-08,-0.00636955509736,429.900916028,0.00640955582102,-214.717785708,-215.083832818,429.907325584,0.00077865559747,100.00073838
848,33.92,-215.084129625,-1.68946122707e-08,-0.00639809381136,429.908168978,0.00643865877163,-214.717785708,-215.090527736,429.914607637,0.000777706324924,100.000736938
849,33.96,-215.090920798,-1.68447975765e-08,-0.00642628308051,429.915550101,0.00646740893354,-214.717785708,-215.097347098,429.92201751,0.000776728957285,100.000735463
850,34,-215.09783616,-1.67932455956e-08,-0.00645410985431,429.923058618,0.00649579302706,-214.717785708,-215.104290286,429.929554411,0.000775723073874,100.000733954
851,34.04,-215.104875102,-1.67399579493e-08,-0.00648156124708,429.930693738,0.00652379793416,-214.717785708,-215.11135668,429.937217536,0.000774688263316,100.000732411
852,34.08,-215.112037008,-1.66849413887e-08,-0.00650862452819,429.938454667,0.00655141068904,-214.717785708,-215.118545649,429.945006078,0.000773624123075,100.000730834
853,34.12,-215.119321255,-1.66282069577e-08,-0.00653528711117,429.946340602,0.00657861846806,-214.717785708,-215.125856559,429.952919221,0.000772530258949,100.000729222
854,34.16,-215.126727215,-1.65697688073e-08,-0.00656153654354,429.954350733,0.00660540858092,-214.717785708,-215.133288768,429.960956142,0.000771406284641,100.000727575
855,34.2,-215.134254252,-1.65096428068e-08,-0.00658736049918,429.962484244,0.00663176846459,-214.717785708,-215.140841629,429.969116012,0.000770251821443,100.000725892
856,34.24,-215.141901725,-1.6447845115e-08,-0.00661274677458,429.970740309,0.0066576856813,-214.717785708,-215.148514488,429.977397995,0.000769066498119,100.000724173
857,34.28,-215.149668986,-1.63843908752e-08,-0.00663768328985,429.979118099,0.00668314792128,-214.717785708,-215.156306685,429.985801247,0.000767849950989,100.000722418
858,34.32,-215.15755538,-1.63192931765e-08,-0.00666215809499,429.987616776,0.00670814301045,-214.717785708,-215.164217554,429.994324919,0.000766601824259,100.000720625
859,34.36,-215.165560248,-1.62525623816e-08,-0.00668615938125,429.996235497,0.00673265892289,-214.717785708,-215.172246424,430.002968156,0.000765321770559,100.000718796
860,34.4,-215.173682925,-1.61842058781e-08,-0.00670967549686,430.004973411,0.00675668379717,-214.717785708,-215.180392616,430.011730095,0.000764009451674,100.000716928
861,34.44,-215.181922737,-1.61142282703e-08,-0.00673269496623,430.013829662,0.00678020595573,-214.717785708,-215.188655448,430.020609868,0.000762664539409,100.000715023
862,34.48,-215.190279007,-1.60426319884e-08,-0.00675520651112,430.022803387,0.00680321392566,-214.717785708,-215.197034229,430.0296066,0.000761286716552,100.000713079
863,34.52,-215.198751051,-1.59694182593e-08,-0.00677719907263,430.031893716,0.00682569645987,-214.717785708,-215.205528266,430.038719412,0.000759875677837,100.000711097
864,34.56,-215.207338179,-1.58945883382e-08,-0.00679866183237,430.041099775,0.00684764255701,-214.717785708,-215.214136857,430.047947417,0.000758431130896,100.000709075
865,34.6,-215.216039697,-1.58181448618e-08,-0.00681958423153,430.050420683,0.00686904147918,-214.717785708,-215.222859297,430.057289724,0.000756952797111,100.000707014
866,34.64,-215.224854903,-1.57400931555e-08,-0.00683995598689,430.059855553,0.00688988276642,-214.717785708,-215.231694874,430.066745436,0.000755440412352,100.000704914
867,34.68,-215.23378309,-1.56604423298e-08,-0.00685976710286,430.069403493,0.00691015624752,-214.717785708,-215.240642872,430.076313649,0.000753893727562,100.000702773
868,34.72,-215.242823546,-1.55792060375e-08,-0.00687900787922,430.079063604,0.00692985204678,-214.717785708,-215.249702569,430.085993456,0.000752312509179,100.000700592
869,34.76,-215.251975554,-1.54964028168e-08,-0.0068976689148,430.088834984,0.00694896058718,-214.717785708,-215.258873238,430.095783945,0.000750696539389,100.000698371
870,34.8,-215.26123839,-1.54120560062e-08,-0.00691574110753,430.098716724,0.00696747259045,-214.717785708,-215.268154146,430.105684196,0.00074904561623,100.000696109
871,34.84,-215.270611325,-1.53261932651e-08,-0.00693321565186,430.108707909,0.00698537907492,-214.717785708,-215.277544556,430.115693288,0.000747359553577,100.000693806
872,34.88,-215.280093627,-1.52388457687e-08,-0.00695008403471,430.11880762,0.00700267135225,-214.717785708,-215.287043726,430.125810292,0.000745638181053,100.000691462
873,34.92,-215.289684555,-1.51500471649e-08,-0.00696633803094,430.129014934,0.00701934102426,-214.717785708,-215.296650909,430.136034275,0.000743881343905,100.000689076
874,34.96,-215.299383366,-1.5059832396e-08,-0.00698196969977,430.139328921,0.0070353799805,-214.717785708,-215.306365351,430.146364301,0.000742088902908,100.000686649
875,35,-215.30918931,-1.49682364984e-08,-0.00699697138265,430.149748647,0.00705078039777,-214.717785708,-215.316186296,430.156799428,0.000740260734297,100.00068418
876,35.04,-215.319101632,-1.48752935021e-08,-0.00701133570364,430.160273175,0.0070655347418,-214.717785708,-215.326112982,430.167338709,0.000738396729792,100.000681669
877,35.08,-215.329119572,-1.47810355473e-08,-0.00702505557242,430.170901559,0.00707963577148,-214.717785708,-215.336144643,430.177981195,0.000736496796691,100.000679117
878,35.12,-215.339242367,-1.46854923212e-08,-0.0070381241902,430.181632854,0.00709307654557,-214.717785708,-215.346280506,430.188725931,0.00073456085806,100.000676522
879,35.16,-215.349469247,-1.45886908743e-08,-0.00705053505807,430.192466107,0.00710585043147,-214.717785708,-215.356519797,430.199571958,0.000732588852996,100.000673885
880,35.2,-215.359799437,-1.44906558211e-08,-0.00706228198728,430.203400363,0.00711795111544,-214.717785708,-215.366861734,430.210518314,0.000730580736938,100.000671205
881,35.24,-215.370232159,-1.43914098725e-08,-0.00707335911045,430.21443466,0.00712937261328,-214.717785708,-215.377305533,430.221564032,0.000728536482011,100.000668484
882,35.28,-215.380766629,-1.4290974607e-08,-0.0070837608926,430.225568034,0.00714010928059,-214.717785708,-215.387850404,430.232708144,0.000726456077346,100.00066572
883,35.32,-215.391402058,-1.41893713802e-08,-0.00709348214106,430.236799519,0.00715015582162,-214.717785708,-215.398495554,430.243949674,0.000724339529349,100.000662913
884,35.36,-215.402137654,-1.40866222811e-08,-0.00710251801335,430.24812814,0.00715950729604,-214.717785708,-215.409240186,430.255287647,0.000722186861891,100.000660064
885,35.4,-215.412972618,-1.39827510618e-08,-0.0071108640226,430.259552923,0.00716815912321,-214.717785708,-215.420083496,430.266721083,0.000719998116387,100.000657172
886,35.44,-215.42390615,-1.38777839703e-08,-0.00711851604003,430.271072889,0.00717610708359,-214.717785708,-215.43102468,430.278248997,0.00071777335177,100.000654238
887,35.48,-215.434937442,-1.37717504056e-08,-0.00712547029447,430.282687055,0.00718334731731,-214.717785708,-215.442062926,430.289870403,0.000715512644348,100.000651261
888,35.52,-215.446065684,-1.36646833126e-08,-0.00713172336877,430.294394436,0.00718987632003,-214.717785708,-215.453197421,430.301584312,0.000713216087555,100.000648242
889,35.56,-215.457290062,-1.35566192464e-08,-0.00713727219351,430.30619404,0.00719569093634,-214.717785708,-215.464427347,430.313389731,0.000710883791618,100.000645181
890,35.6,-215.468609755,-1.34475980814e-08,-0.00714211403834,430.318084878,0.00720078835142,-214.717785708,-215.475751882,430.325285666,0.000708515883143,100.000642078
891,35.64,-215.48002394,-1.33376623973e-08,-0.00714624650203,430.330065953,0.00720516608169,-214.717785708,-215.4871702,430.337271119,0.000706112504671,100.000638932
892,35.68,-215.491531791,-1.32268566333e-08,-0.00714966750222,430.342136266,0.0072088219655,-214.717785708,-215.498681472,430.349345088,0.000703673814223,100.000635744
893,35.72,-215.503132475,-1.3115226128e-08,-0.00715237526591,430.354294818,0.00721175415488,-214.717785708,-215.510284864,430.361506572,0.000701199984893,100.000632515
894,35.76,-215.514825158,-1.30028161642e-08,-0.00715436832182,430.366540603,0.007213961109,-214.717785708,-215.521979539,430.373754564,0.000698691204501,100.000629243
895,35.8,-215.526608999,-1.28896711075e-08,-0.00715564549511,430.378872617,0.00721544159013,-214.717785708,-215.533764657,430.386088058,0.000696147675355,100.00062593
896,35.84,-215.538483156,-1.27758336986e-08,-0.00715620590502,430.39128985,0.00721619466216,-214.717785708,-215.545639375,430.398506044,0.000693569614137,100.000622576
897,35.88,-215.550446782,-1.2661344534e-08,-0.00715604896543,430.40379129,0.00721621969192,-214.717785708,-215.557602843,430.41100751,0.000690957251906,100.00061918
898,35.92,-215.562499026,-1.25462417636e-08,-0.00715517438843,430.416375926,0.00721551635329,-214.717785708,-215.569654213,430.423591442,0.000688310834237,100.000615743
899,35.96,-215.574639034,-1.24305610359e-08,-0.00715358219056,430.429042741,0.00721408463357,-214.717785708,-215.581792628,430.436256826,0.000685630621464,100.000612266
900,36,-215.586865948,-1.23143357093e-08,-0.00715127270142,430.441790718,0.00721192484195,-214.717785708,-215.594017233,430.449002643,0.000682916889026,100.000608747
901,36.04,-215.599178906,-1.21975973173e-08,-0.00714824657371,430.454618837,0.00720903761897,-214.717785708,-215.606327165,430.461827874,0.000680169927856,100.000605189
902,36.08,-215.611577044,-1.20803762321e-08,-0.00714450479369,430.467526077,0.0072054239461,-214.717785708,-215.618721561,430.474731501,0.000677390044786,100.00060159
903,36.12,-215.624059493,-1.19627024258e-08,-0.00714004869074,430.480511415,0.00720108515435,-214.717785708,-215.631199554,430.4877125,0.000674577562897,100.000597952
904,36.16,-215.636625382,-1.18446062202e-08,-0.00713487994489,430.493573827,0.00719602293067,-214.717785708,-215.643760274,430.50076985,0.000671732821768,100.000594274
905,36.2,-215.649273836,-1.17261189348e-08,-0.00712900059143,430.506712286,0.00719023932152,-214.717785708,-215.656402848,430.513902525,0.000668856177589,100.000590556
906,36.24,-215.662003976,-1.16072733869e-08,-0.00712241302186,430.519925765,0.00718373673312,-214.717785708,-215.669126401,430.527109502,0.000665948003092,100.0005868
907,36.28,-215.674814922,-1.14881042321e-08,-0.00711511998114,430.533213235,0.0071765179279,-214.717785708,-215.681930054,430.540389753,0.000663008687282,100.000583005
908,36.32,-215.687705789,-1.13686481474e-08,-0.00710712456091,430.546573667,0.00716858601731,-214.717785708,-215.694812925,430.553742253,0.000660038634977,100.000579172
909,36.36,-215.700675689,-1.12489438483e-08,-0.00709843018887,430.560006028,0.00715994445094,-214.717785708,-215.707774131,430.567165973,0.000657038266142,100.000575302
910,36.4,-215.713723733,-1.11290319176e-08,-0.00708904061448,430.573509288,0.00715059700213,-214.717785708,-215.720812785,430.580659885,0.000654008015037,100.000571393
911,36.44,-215.726849026,-1.10089544261e-08,-0.00707895989149,430.587082413,0.00714054775078,-214.717785708,-215.733927997,430.594222961,0.000650948329218,100.000567448
912,36.48,-215.740050674,-1.08887543567e-08,-0.00706819235807,430.60072437,0.00712980106407,-214.717785708,-215.747118877,430.607854171,0.000647859668425,100.000563466
913,36.52,-215.753327776,-1.07684748873e-08,-0.00705674261581,430.614434123,0.00711836157623,-214.717785708,-215.760384529,430.621552485,0.000644742503404,100.000559448
914,36.56,-215.766679431,-1.0648158626e-08,-0.0070446155086,430.628210639,0.00710623416832,-214.717785708,-215.773724057,430.635316873,0.000641597314738,100.000555394
915,36.6,-215.780104735,-1.05278468988e-08,-0.00703181610279,430.642052881,0.00709342394926,-214.717785708,-215.787136562,430.649146305,0.000638424591717,100.000551305
916,36.64,-215.793602781,-1.04075791689e-08,-0.00701834966924,430.655959815,0.00707993623865,-214.717785708,-215.800621141,430.663039751,0.000635224831307,100.000547181
917,36.68,-215.80717266,-1.02873926243e-08,-0.00700422166831,430.669930402,0.0070657765522,-214.717785708,-215.814176892,430.676996179,0.000631998537263,100.000543022
918,36.72,-215.82081346,-1.0167321936e-08,-0.00698943773783,430.683963609,0.00705095059015,-214.717785708,-215.827802908,430.691014559,0.000628746219403,100.00053883
919,36.76,-215.834524266,-1.00473991799e-08,-0.00697400368495,430.698058397,0.00703546422905,-214.717785708,-215.841498279,430.705093861,0.000625468393097,100.000534603
920,36.8,-215.848304161,-9.92765392016e-09,-0.00695792548167,430.71221373,0.00701932351734,-214.717785708,-215.855262097,430.719233054,0.000622165578969,100.000530344
921,36.84,-215.862152228,-9.80811346288e-09,-0.00694120926444,430.726428573,0.0070025346745,-214.717785708,-215.869093447,430.733431108,0.00061883830283,100.000526052
922,36.88,-215.876067544,-9.68880328182e-09,-0.00692386133743,430.740701889,0.00698510409376,-214.717785708,-215.882991415,430.747686993,0.00061548709582,100.000521729
923,36.92,-215.890049186,-9.56974758345e-09,-0.00690588817893,430.755032641,0.00696703834765,-214.717785708,-215.896955083,430.76199968,0.000612112494745,100.000517373
924,36.96,-215.904096228,-9.45096994102e-09,-0.00688729644978,430.769419796,0.0069483441955,-214.717785708,-215.910983534,430.77636814,0.000608715042541,100.000512987
925,37,-215.918207745,-9.33249390296e-09,-0.00686809300307,430.783862317,0.00692902859216,-214.717785708,-215.925075847,430.790791345,0.000605295288845,100.000508569
926,37.04,-215.932382804,-9.21434349121e-09,-0.00684828489377,430.79835917,0.00690909869687,-214.717785708,-215.939231098,430.805268269,0.000601853790591,100.000504122
927,37.08,-215.946620476,-9.09654354467e-09,-0.00682787938762,430.812909322,0.00688856188155,-214.717785708,-215.953448365,430.819797883,0.000598391112592,100.000499645
928,37.12,-215.960919828,-8.97911990892e-09,-0.00680688396839,430.827511738,0.0068674257377,-214.717785708,-215.96772672,430.834379164,0.000594907828038,100.000495139
929,37.16,-215.975279923,-8.86209950068e-09,-0.00678530634281,430.842165388,0.00684569808112,-214.717785708,-215.982065238,430.849011086,0.00059140451886,100.000490605
930,37.2,-215.989699825,-8.74551027324e-09,-0.00676315444244,430.85686924,0.00682338695373,-214.717785708,-215.996462988,430.863692627,0.000587881775901,100.000486042
931,37.24,-216.004178596,-8.62938108778e-09,-0.00674043642196,430.871622262,0.00680050062191,-214.717785708,-216.010919041,430.878422763,0.000584340198876,100.000481452
932,37.28,-216.018715295,-8.51374147763e-09,-0.00671716065345,430.886423427,0.00677704757101,-214.717785708,-216.025432464,430.893200475,0.000580780396071,100.000476835
933,37.32,-216.033308981,-8.39862129584e-09,-0.00669333571656,430.901271706,0.00675303649589,-214.717785708,-216.040002325,430.908024743,0.000577202983806,100.000472192
934,37.36,-216.04795871,-8.28405026295e-09,-0.00666897038503,430.916166072,0.00672847628798,-214.717785708,-216.054627689,430.922894548,0.000573608585661,100.000467523
935,37.4,-216.062663539,-8.17005746478e-09,-0.0066440736099,430.9311055,0.00670337601909,-214.717785708,-216.069307621,430.937808876,0.000569997831496,100.000462829
936,37.44,-216.07742252,-8.05667086874e-09,-0.00661865450029,430.946088965,0.00667774492281,-214.717785708,-216.084041183,430.95276671,0.000566371356297,100.00045811
937,37.48,-216.092234707,-7.9439169192e-09,-0.00659272230247,430.961115445,0.00665159237403,-214.717785708,-216.098827438,430.967767038,0.000562729798887,100.000453367
938,37.52,-216.107099151,-7.8318202435e-09,-0.00656628637793,430.97618392,0.00662492786724,-214.717785708,-216.113665445,430.982808848,0.000559073800564,100.000448601
939,37.56,-216.122014902,-7.72040346766e-09,-0.00653935618123,430.991293369,0.00659776099454,-214.717785708,-216.128554266,430.99789113,0.000555404003705,100.000443812
940,37.6,-216.13698101,-7.60968712537e-09,-0.00651194123849,431.006442775,0.00657010142401,-214.717785708,-216.143492959,431.013012877,0.000551721050406,100.000439
941,37.64,-216.151996521,-7.49968964973e-09,-0.00648405112712,431.021631123,0.00654195887929,-214.717785708,-216.15848058,431.028173082,0.000548025581206,100.000434167
942,37.68,-216.167060484,-7.39042745602e-09,-0.00645569545777,431.036857398,0.0065133431212,-214.717785708,-216.173516187,431.043370741,0.000544318233949,100.000429313
943,37.72,-216.182171943,-7.28191513506e-09,-0.00642688385896,431.052120589,0.00648426393183,-214.717785708,-216.188598835,431.058604853,0.000540599642813,100.000424438
944,37.76,-216.197329945,-7.17416576672e-09,-0.0063976259649,431.067419686,0.00645473110172,-214.717785708,-216.203727578,431.073874417,0.000536870437551,100.000419543
945,37.8,-216.212533533,-7.06719133273e-09,-0.00636793140674,431.082753681,0.00642475442024,-214.717785708,-216.218901472,431.089178436,0.000533131242948,100.000414629
946,37.84,-216.227781751,-6.96100317442e-09,-0.00633780980714,431.098121569,0.00639434366924,-214.717785708,-216.234119568,431.104515913,0.000529382678523,100.000409697
947,37.88,-216.243073641,-6.85561242412e-09,-0.00630727077808,431.113522346,0.00636350862002,-214.717785708,-216.249380919,431.119885855,0.000525625358471,100.000404745
948,37.92,-216.258408246,-6.75103035068e-09,-0.00627632392172,431.128955012,0.00633225903348,-214.717785708,-216.264684577,431.135287271,0.000521859891825,100.000399777
949,37.96,-216.273784606,-6.64726859203e-09,-0.00624497883382,431.144418568,0.00630060466311,-214.717785708,-216.280029592,431.150719173,0.000518086882839,100.000394791
950,38,-216.289201763,-6.54433928261e-09,-0.00621324510952,431.159912018,0.00626855526052,-214.717785708,-216.295415015,431.166180573,0.000514306931527,100.000389788
951,38.04,-216.304658757,-6.44225510069e-09,-0.00618113235093,431.175434368,0.00623612058291,-214.717785708,-216.310839896,431.181670489,0.000510520634327,100.00038477
952,38.08,-216.320154628,-6.34102925453e-09,-0.00614865017579,431.190984628,0.00620331040183,-214.717785708,-216.326303285,431.197187939,0.000506728584844,100.000379736
953,38.12,-216.335688415,-6.24067540744e-09,-0.00611580822666,431.20656181,0.00617013451242,-214.717785708,-216.34180423,431.212731944,0.000502931374604,100.000374687
954,38.16,-216.351259158,-6.14120752795e-09,-0.00608261617959,431.222164927,0.00613660274243,-214.717785708,-216.35734178,431.22830153,0.000499129593785,100.000369623
955,38.2,-216.366865895,-6.0426396573e-09,-0.00604908375168,431.237792999,0.00610272496023,-214.717785708,-216.372914984,431.243895724,0.000495323831857,100.000364546
956,38.24,-216.382507665,-5.9449856103e-09,-0.00601522070693,431.253445044,0.00606851108117,-214.717785708,-216.388522891,431.259513555,0.000491514678094,100.000359455
957,38.28,-216.398183506,-5.84825865278e-09,-0.00598103685981,431.269120086,0.00603397107177,-214.717785708,-216.404164549,431.275154057,0.000487702721917,100.000354351
958,38.32,-216.413892457,-5.75247120975e-09,-0.00594654207641,431.284817151,0.00599911495139,-214.717785708,-216.419839005,431.290816266,0.000483888553035,100.000349235
959,38.36,-216.429633557,-5.65763464378e-09,-0.00591174627284,431.300535268,0.00596395279106,-214.717785708,-216.435545309,431.306499221,0.000480072761381,100.000344107
960,38.4,-216.445405843,-5.56375911085e-09,-0.00587665941078,431.31627347,0.00592849470918,-214.717785708,-216.451282508,431.322201965,0.000476255936813,100.000338968
961,38.44,-216.461208354,-5.47085347052e-09,-0.00584129149008,431.332030793,0.0058927508643,-214.717785708,-216.467049651,431.337923544,0.000472438668628,100.000333819
962,38.48,-216.477040129,-5.37892521906e-09,-0.00580565253853,431.347806274,0.00585673144485,-214.717785708,-216.482845787,431.353663006,0.000468621544863,100.000328659
963,38.52,-216.492900206,-5.28798043275e-09,-0.00576975259902,431.363598957,0.0058204466564,-214.717785708,-216.498669964,431.369419404,0.000464805151447,100.000323489
964,38.56,-216.508787624,-5.19802373938e-09,-0.00573360171473,431.379407886,0.00578390670673,-214.717785708,-216.514521231,431.385191793,0.000460990071206,100.000318311
965,38.6,-216.524701423,-5.10905835646e-09,-0.00569720991296,431.395232111,0.00574712178952,-214.717785708,-216.530398638,431.400979232,0.000457176882783,100.000313124
966,38.64,-216.540640641,-5.02108622557e-09,-0.00566058718825,431.411070683,0.00571010206702,-214.717785708,-216.546301234,431.416780785,0.000453366159501,100.000307928
967,38.68,-216.55660432,-4.93410823849e-09,-0.00562374348527,431.426922658,0.00567285765243,-214.717785708,-216.562228069,431.432595515,0.000449558468217,100.000302725
968,38.72,-216.572591499,-4.84812451253e-09,-0.00558668868208,431.442787095,0.00563539859233,-214.717785708,-216.578178193,431.448422494,0.000445754368216,100.000297515
969,38.76,-216.58860122,-4.76313465688e-09,-0.00554943257394,431.458663059,0.00559773484985,-214.717785708,-216.594150657,431.464260793,0.000441954410183,100.000292299
970,38.8,-216.604632523,-4.67913798963e-09,-0.00551198485821,431.474549614,0.0055598762889,-214.717785708,-216.610144513,431.48010949,0.000438159135284,100.000287076
971,38.84,-216.620684451,-4.59613370195e-09,-0.00547435512095,431.490445831,0.00552183266025,-214.717785708,-216.626158811,431.495967663,0.000434369074403,100.000281848
972,38.88,-216.636756047,-4.51412099604e-09,-0.00543655282566,431.506350784,0.00548361358985,-214.717785708,-216.642192604,431.511834398,0.000430584747543,100.000276615
973,38.92,-216.652846354,-4.4330992221e-09,-0.00539858730471,431.522263551,0.00544522856974,-214.717785708,-216.658244946,431.52770878,0.000426806663424,100.000271377
974,38.96,-216.668954417,-4.35306801057e-09,-0.00536046775356,431.538183214,0.00540668695189,-214.717785708,-216.674314889,431.543589901,0.000423035319279,100.000266134
975,39,-216.68507928,-4.27402736135e-09,-0.00532220322766,431.554108857,0.0053679979448,-214.717785708,-216.690401487,431.559476855,0.000419271200857,100.000260888
976,39.04,-216.701219989,-4.19597764272e-09,-0.00528380264202,431.570039571,0.00532917061294,-214.717785708,-216.706503796,431.575368742,0.000415514782617,100.000255638
977,39.08,-216.717375592,-4.11891948005e-09,-0.00524527477307,431.585974449,0.00529021387884,-214.717785708,-216.722620871,431.591264662,0.000411766528106,100.000250386
978,39.12,-216.733545136,-4.04285356188e-09,-0.00520662826286,431.601912587,0.00525113652773,-214.717785708,-216.738751768,431.607163723,0.000408026890487,100.000245131
979,39.16,-216.74972767,-3.96778042693e-09,-0.00516787162554,431.617853088,0.00521194721447,-214.717785708,-216.754895545,431.623065035,0.00040429631319,100.000239873
980,39.2,-216.765922244,-3.89370029248e-09,-0.00512901325565,431.633795056,0.00517265447238,-214.717785708,-216.771051261,431.638967711,0.000400575230647,100.000234614
981,39.24,-216.782127909,-3.82061294669e-09,-0.00509006143796,431.649737602,0.00513326672338,-214.717785708,-216.787217975,431.654870869,0.000396864069076,100.000229353
982,39.28,-216.798343719,-3.74851768027e-09,-0.00505102435794,431.665679839,0.00509379228879,-214.717785708,-216.803394747,431.670773631,0.000393163247279,100.000224091
983,39.32,-216.814568725,-3.67741321337e-09,-0.00501191011212,431.681620885,0.00505423939991,-214.717785708,-216.819580639,431.686675124,0.000389473177407,100.000218829
984,39.36,-216.830801983,-3.60729759346e-09,-0.00497272671781,431.697559861,0.00501461620819,-214.717785708,-216.835774714,431.702574478,0.000385794265663,100.000213566
985,39.4,-216.84704255,-3.53816808382e-09,-0.00493348212174,431.713495896,0.00497493079416,-214.717785708,-216.851976036,431.718470826,0.000382126912914,100.000208303
986,39.44,-216.863289483,-3.47002109413e-09,-0.00489418420746,431.729428118,0.0049351911752,-214.717785708,-216.868183671,431.734363309,0.000378471515177,100.00020304
987,39.48,-216.879541841,-3.40285219654e-09,-0.00485484080137,431.745355663,0.00489540531152,-214.717785708,-216.884396685,431.750251069,0.000374828463976,100.000197778
988,39.52,-216.895798685,-3.33665622717e-09,-0.00481545967694,431.761277671,0.00485558111028,-214.717785708,-216.900614148,431.766133252,0.000371198146543,100.000192517
989,39.56,-216.912059076,-3.27142742558e-09,-0.00477604855684,431.777193284,0.00481572642733,-214.717785708,-216.916835128,431.782009011,0.000367580945868,100.000187257
990,39.6,-216.928322079,-3.20715954937e-09,-0.0047366151125,431.793101652,0.00477584906656,-214.717785708,-216.933058698,431.797877501,0.000363977240599,100.000181998
991,39.64,-216.944586759,-3.14384593181e-09,-0.00469716696132,431.809001927,0.00473595677688,-214.717785708,-216.949283929,431.813737883,0.000360387404798,100.000176742
992,39.68,-216.960852183,-3.08147950283e-09,-0.00465771166147,431.824893264,0.00469605724695,-214.717785708,-216.965509898,431.829589322,0.00035681180756,100.000171488
993,39.72,-216.97711742,-3.02005282879e-09,-0.00461825670513,431.840774827,0.00465615809822,-214.717785708,-216.98173568,431.845430985,0.000353250812509,100.000166236
994,39.76,-216.99338154,-2.95955821547e-09,-0.00457880951023,431.856645781,0.00461626687637,-214.717785708,-216.997960353,431.861262048,0.000349704777209,100.000160987
995,39.8,-217.009643617,-2.89998787041e-09,-0.00453937741119,431.872505296,0.00457639104156,-214.717785708,-217.014182997,431.877081687,0.000346174052495,100.000155742
996,39.84,-217.025902724,-2.84133407215e-09,-0.00449996764853,431.888352548,0.00453653795749,-214.717785708,-217.030402694,431.892889086,0.000342658981763,100.0001505
997,39.88,-217.042157938,-2.78358928285e-09,-0.00446058735765,431.904186716,0.00449671487977,-214.717785708,-217.046618528,431.908683431,0.000339159900243,100.000145261
998,39.92,-217.058408336,-2.72674617635e-09,-0.00442124355694,431.920006984,0.00445692894387,-214.717785708,-217.062829583,431.924463913,0.000335677134296,100.000140026
999,39.96,-217.074653001,-2.67079760769e-09,-0.00438194313604,431.935812541,0.00441718715333,-214.717785708,-217.079034947,431.940229728,0.000332211000737,100.000134796
1000,40,-217.090891013,-2.61573658065e-09,-0.0043426928449,431.95160258,0.0043774963688,-214.717785708,-217.095233709,431.955980077,0.00032876180624,100.00012957
1001,40.04,-217.107121458,-2.56155625363e-09,-0.00430349928421,431.9673763,0.00433786329836,-214.717785708,-217.11142496,431.971714164,0.000325329846823,100.000124349
1002,40.08,-217.123343423,-2.50824997582e-09,-0.00426436889748,431.983132904,0.00429829448944,-214.717785708,-217.127607794,431.987431198,0.000321915407463,100.000119133
1003,40.12,-217.139555995,-2.45581130351e-09,-0.00422530796474,431.998871598,0.0042587963224,-214.717785708,-217.143781306,432.003130394,0.000318518761829,100.000113922
1004,40.16,-217.155758268,-2.40423394723e-09,-0.00418632259786,432.014591594,0.00421937500592,-214.717785708,-217.159944593,432.018810969,0.000315140172167,100.000108717
1005,40.2,-217.171949334,-2.35351164217e-09,-0.00414741873769,432.030292111,0.0041800365744,-214.717785708,-217.176096755,432.034472147,0.000311779889315,100.000103517
1006,40.24,-217.18812829,-2.30363798751e-09,-0.00410860215319,432.045972368,0.00414078688764,-214.717785708,-217.192236894,432.050113155,0.000308438152858,100.000098323
1007,40.28,-217.204294234,-2.25460632158e-09,-0.00406987844308,432.061631593,0.00410163163278,-214.717785708,-217.208364114,432.065733225,0.000305115191414,100.000093135
1008,40.32,-217.220446266,-2.20640967414e-09,-0.00403125303977,432.077269017,0.00406257632846,-214.717785708,-217.224477521,432.081331593,0.000301811223023,100.000087953
1009,40.36,-217.236583491,-2.15904078309e-09,-0.00399273121534,432.092883875,0.00402362633081,-214.717785708,-217.240576224,432.096907501,0.000298526455646,100.000082777
1010,40.4,-217.252705014,-2.11249212359e-09,-0.00395431808885,432.108475407,0.00398478684083,-214.717785708,-217.256659334,432.112460194,0.000295261087729,100.000077608
1011,40.44,-217.268809944,-2.06675590078e-09,-0.00391601863442,432.12404286,0.00394606291259,-214.717785708,-217.272725965,432.127988923,0.000292015308831,100.000072445
1012,40.48,-217.284897392,-2.021824e-09,-0.00387783768988,432.139585483,0.00390745946214,-214.717785708,-217.288775232,432.143492942,0.000288789300267,100.000067289
1013,40.52,-217.300966473,-1.97768793494e-09,-0.00383977996576,432.155102531,0.00386898127686,-214.717785708,-217.304806254,432.158971512,0.000285583235764,100.000062139
1014,40.56,-217.317016302,-1.93433884612e-09,-0.00380185005486,432.170593264,0.00383063302515,-214.717785708,-217.320818154,432.174423897,0.000282397282102,100.000056997
1015,40.6,-217.333045999,-1.89176757175e-09,-0.00376405244195,432.186056946,0.0037924192661,-214.717785708,-217.336810054,432.189849365,0.000279231599727,100.000051862
1016,40.64,-217.349054688,-1.849964762e-09,-0.00372639151323,432.201492846,0.00375434445878,-214.717785708,-217.352781081,432.205247191,0.00027608634332,100.000046734
1017,40.68,-217.365041492,-1.80892097899e-09,-0.00368887156491,432.21690024,0.00371641297057,-214.717785708,-217.368730365,432.220616653,0.000272961662311,100.000041613
1018,40.72,-217.38100554,-1.76862673924e-09,-0.00365149681041,432.232278405,0.0036786290844,-214.717785708,-217.384657038,432.235957034,0.000269857701316,100.000036499
1019,40.76,-217.396945963,-1.7290725021e-09,-0.00361427138631,432.247626625,0.00364099700475,-214.717785708,-217.400560236,432.251267622,0.000266774600499,100.000031393
1020,40.8,-217.412861895,-1.69024864917e-09,-0.00357719935706,432.262944189,0.00360352086249,-214.717785708,-217.416439096,432.26654771,0.000263712495838,100.000026294
1021,40.84,-217.428752474,-1.65214550391e-09,-0.00354028471879,432.278230391,0.00356620471859,-214.717785708,-217.43229276,432.281796595,0.000260671519309,100.000021203
1022,40.88,-217.444616839,-1.61475340522e-09,-0.00350353140193,432.293484528,0.00352905256663,-214.717785708,-217.448120372,432.29701358,0.000257651798972,100.00001612
1023,40.92,-217.460454134,-1.57806280293e-09,-0.00346694327256,432.308705903,0.00349206833367,-214.717785708,-217.463921079,432.312197971,0.000254653458965,100.000011044
1024,40.96,-217.476263505,-1.54206432348e-09,-0.0034305241318,432.323893825,0.00345525587952,-214.717785708,-217.479694031,432.327349081,0.000251676619402,100.000005976
1025,41,-217.492044103,-1.50674877536e-09,-0.00339427771337,432.339047605,0.00341861899411,-214.717785708,-217.495438382,432.342466224,0.000248721396182,100.000000917
1026,41.04,-217.50779508,-1.47210710786e-09,-0.00335820767951,432.354166563,0.00338216139354,-214.717785708,-217.511153289,432.357548724,0.000245787900716,99.9999958646
1027,41.08,-217.523515592,-1.4381303678e-09,-0.0033223176158,432.369250018,0.00334588671493,-214.717785708,-217.526837911,432.372595905,0.000242876239581,99.9999908206
1028,41.12,-217.5392048,-1.40480969305e-09,-0.00328661102527,432.3842973,0.00330979851057,-214.717785708,-217.542491413,432.387607099,0.00023998651413,99.9999857847
1029,41.16,-217.554861866,-1.37213634492e-09,-0.00325109132212,432.39930774,0.00327390024143,-214.717785708,-217.558112959,432.40258164,0.000237118820075,99.9999807569
1030,41.2,-217.570485957,-1.34010174478e-09,-0.00321576182483,432.414280674,0.00323819527018,-214.717785708,-217.57370172,432.417518869,0.000234273247043,99.9999757373
1031,41.24,-217.586076243,-1.30869747241e-09,-0.00318062574892,432.429215444,0.00320268685394,-214.717785708,-217.58925687,432.43241813,0.00023144987816,99.9999707259
1032,41.28,-217.601631897,-1.27791521133e-09,-0.00314568619953,432.444111396,0.00316737813701,-214.717785708,-217.604777585,432.447278774,0.000228648789644,99.9999657226
1033,41.32,-217.617152097,-1.24774666559e-09,-0.00311094616452,432.458967881,0.00313227214428,-214.717785708,-217.620263044,432.462100153,0.000225870050461,99.9999607276
1034,41.36,-217.632636023,-1.21818349281e-09,-0.00307640850874,432.473784256,0.00309737177579,-214.717785708,-217.635712432,432.476881628,0.000223113722043,99.9999557409
1035,41.4,-217.648082859,-1.18921728438e-09,-0.0030420759698,432.48855988,0.00306267980259,-214.717785708,-217.651124936,432.49162256,0.000220379858094,99.9999507625
1036,41.44,-217.663491793,-1.16083958747e-09,-0.00300795115536,432.50329412,0.00302819886401,-214.717785708,-217.666499745,432.506322319,0.000217668504482,99.9999457923
1037,41.48,-217.678862017,-1.13304193493e-09,-0.00297403654168,432.517986345,0.00299393146616,-214.717785708,-217.681836055,432.520980276,0.000214979699217,99.9999408304
1038,41.52,-217.694192726,-1.1058158494e-09,-0.00294033447324,432.53263593,0.00295987998151,-214.717785708,-217.697133062,432.53559581,0.000212313472523,99.9999358767
1039,41.56,-217.70948312,-1.07915281533e-09,-0.00290684716333,432.547242254,0.00292604664972,-214.717785708,-217.712389969,432.550168301,0.000209669846977,99.9999309313
1040,41.6,-217.724732402,-1.05304424344e-09,-0.00287357669597,432.561804703,0.00289243357958,-214.717785708,-217.72760598,432.564697137,0.000207048837727,99.9999259941
1041,41.64,-217.739939778,-1.02748146113e-09,-0.00284052502904,432.576322665,0.00285904275229,-214.717785708,-217.742780304,432.579181708,0.000204450452774,99.999921065
1042,41.68,-217.755104459,-1.00245574333e-09,-0.0028076939986,432.590795534,0.00282587602568,-214.717785708,-217.757912154,432.59362141,0.000201874693298,99.9999161441
1043,41.72,-217.770225661,-9.77958367253e-10,-0.00277508532396,432.605222708,0.0027929351391,-214.717785708,-217.773000747,432.608015643,0.000199321554019,99.9999112313
1044,41.76,-217.785302601,-9.53980657221e-10,-0.00274270061304,432.619603591,0.00276022171863,-214.717785708,-217.788045302,432.622363812,0.000196791023578,99.9999063265
1045,41.8,-217.800334503,-9.30513995328e-10,-0.0027105413677,432.633937589,0.00272773728249,-214.717785708,-217.803045045,432.636665326,0.000194283084928,99.9999014296
1046,41.84,-217.815320593,-9.07549801474e-10,-0.00267860898926,432.648224116,0.00269548324661,-214.717785708,-217.817999203,432.6509196,0.000191797715735,99.9998965407
1047,41.88,-217.830260102,-8.8507950968e-10,-0.00264690478426,432.662462589,0.00266346093061,-214.717785708,-217.832907008,432.66512605,0.00018933488878,99.9998916596
1048,41.92,-217.845152266,-8.63094568143e-10,-0.0026154299707,432.67665243,0.00263167156411,-214.717785708,-217.847767697,432.679284101,0.000186894572362,99.9998867863
1049,41.96,-217.859996323,-8.41586469341e-10,-0.00258418568458,432.690793064,0.00260011629328,-214.717785708,-217.86258051,432.69339318,0.000184476730697,99.9998819207
1050,42,-217.874791518,-8.20546791795e-10,-0.0025531729864,432.704883922,0.00256879618735,-214.717785708,-217.877344691,432.707452718,0.000182081324309,99.9998770627
1051,42.04,-217.889537096,-7.99967226945e-10,-0.00252239286752,432.718924441,0.00253771224491,-214.717785708,-217.89205949,432.721462153,0.000179708310406,99.9998722122
1052,42.08,-217.904232312,-7.79839578497e-10,-0.00249184625598,432.732914059,0.00250686539995,-214.717785708,-217.906724159,432.735420925,0.000177357643234,99.9998673692
1053,42.12,-217.918876421,-7.60155745024e-10,-0.00246153402219,432.746852223,0.0024762565276,-214.717785708,-217.921337955,432.749328479,0.00017502927442,99.9998625336
1054,42.16,-217.933468682,-7.40907709772e-10,-0.00243145698422,432.76073838,0.00244588644972,-214.717785708,-217.93590014,432.763184266,0.000172723153276,99.9998577052
1055,42.2,-217.948008363,-7.22087554206e-10,-0.00240161591293,432.774571984,0.0024157559399,-214.717785708,-217.950409979,432.77698774,0.000170439227069,99.9998528841
1056,42.24,-217.962494731,-7.03687490643e-10,-0.00237201153635,432.788352495,0.00238586572784,-214.717785708,-217.964866743,432.79073836,0.00016817744124,99.99984807
1057,42.28,-217.976927061,-6.85699892124e-10,-0.002342644543,432.802079373,0.00235621650259,-214.717785708,-217.979269706,432.80443559,0.000165937739556,99.999843263
1058,42.32,-217.991304631,-6.68117298365e-10,-0.00231351558392,432.815752087,0.00232680891446,-214.717785708,-217.993618148,432.818078896,0.000163720064203,99.9998384629
1059,42.36,-218.005626725,-6.50932393939e-10,-0.00228462527332,432.829370108,0.00229764357579,-214.717785708,-218.007911351,432.831667752,0.000161524355795,99.9998336696
1060,42.4,-218.019892628,-6.34137974388e-10,-0.00225597418809,432.842932912,0.00226872106049,-214.717785708,-218.022148603,432.845201634,0.000159350553322,99.9998288831
1061,42.44,-218.034101635,-6.17726922099e-10,-0.00222756286633,432.85643998,0.00224004190261,-214.717785708,-218.036329198,432.858680022,0.000157198594026,99.9998241032
1062,42.48,-218.04825304,-6.01692202646e-10,-0.00219939180503,432.869890796,0.00221160659401,-214.717785708,-218.050452432,432.872102402,0.000155068413222,99.9998193299
1063,42.52,-218.062346146,-5.86026873848e-10,-0.00217146145702,432.883284849,0.00218341558116,-214.717785708,-218.064517608,432.885468265,0.000152959944063,99.999814563
1064,42.56,-218.076380258,-5.70724089649e-10,-0.00214377222705,432.896621634,0.00215546926116,-214.717785708,-218.078524031,432.898777103,0.000150873117279,99.9998098025
1065,42.6,-218.090354688,-5.55777086808e-10,-0.00211632446742,432.909900647,0.0021277679774,-214.717785708,-218.092471013,432.912028415,0.000148807860891,99.9998050482
1066,42.64,-218.10426875,-5.41179158809e-10,-0.00208911847344,432.923121393,0.00210031201514,-214.717785708,-218.106357869,432.925221705,0.000146764099947,99.9998003001
1067,42.68,-218.118121766,-5.26923634286e-10,-0.00206215447929,432.936283376,0.00207310159745,-214.717785708,-218.120183921,432.938356477,0.000144741756271,99.9997955581
1068,42.72,-218.131913059,-5.1300387589e-10,-0.00203543265456,432.949386107,0.00204613688178,-214.717785708,-218.133948492,432.951432244,0.000142740748257,99.9997908219
1069,42.76,-218.145641961,-4.99413301274e-10,-0.00200895310163,432.962429103,0.00201941795743,-214.717785708,-218.147650914,432.964448521,0.000140760990719,99.9997860916
1070,42.8,-218.159307805,-4.86145412284e-10,-0.0019827158539,432.975411883,0.0019929448436,-214.717785708,-218.161290521,432.977404828,0.00013880239479,99.999781367
1071,42.84,-218.172909932,-4.73193813961e-10,-0.00195672087465,432.988333969,0.00196671748836,-214.717785708,-218.174866653,432.990300687,0.000136864867896,99.999776648
1072,42.88,-218.186447687,-4.60552214582e-10,-0.00193096805664,433.001194891,0.0019407357683,-214.717785708,-218.188378655,433.003135627,0.000134948313782,99.9997719345
1073,42.92,-218.199920418,-4.48214413281e-10,-0.00190545722239,433.01399418,0.00191499948895,-214.717785708,-218.201825876,433.015909179,0.000133052632592,99.9997672263
1074,42.96,-218.213327481,-4.361742903e-10,-0.00188018812534,433.026731372,0.0018895083861,-214.717785708,-218.21520767,433.02862088,0.000131177720999,99.9997625234
1075,43,-218.226668236,-4.24425810216e-10,-0.00185516045159,433.039406007,0.0018642621275,-214.717785708,-218.228523397,433.04127027,0.000129323472356,99.9997578255
1076,43.04,-218.239942047,-4.12963035185e-10,-0.00183037382213,433.052017632,0.00183926031515,-214.717785708,-218.241772421,433.053856892,0.000127489776876,99.9997531326
1077,43.08,-218.253148284,-4.01780134843e-10,-0.00180582779514,433.064565793,0.00181450248754,-214.717785708,-218.254954112,433.066380296,0.000125676521809,99.9997484446
1078,43.12,-218.266286322,-3.90871380703e-10,-0.0017815218682,433.077050044,0.00178998812182,-214.717785708,-218.268067844,433.078840032,0.000123883591617,99.9997437612
1079,43.16,-218.279355541,-3.80231124613e-10,-0.00175745548028,433.089469943,0.00176571663595,-214.717785708,-218.281112997,433.091235659,0.000122110868144,99.9997390824
1080,43.2,-218.292355327,-3.69853773446e-10,-0.0017336280138,433.101825048,0.00174168739074,-214.717785708,-218.294088955,433.103566736,0.000120358230768,99.999734408
1081,43.24,-218.30528507,-3.59733775395e-10,-0.00171003879669,433.114114927,0.00171789969199,-214.717785708,-218.306995109,433.115832827,0.000118625556538,99.999729738
1082,43.28,-218.318144166,-3.49865624785e-10,-0.00168668710469,433.126339148,0.00169435279273,-214.717785708,-218.319830854,433.128033501,0.000116912720311,99.999725072
1083,43.32,-218.330932017,-3.40243879126e-10,-0.00166357216382,433.138497284,0.00167104589554,-214.717785708,-218.332595589,433.14016833,0.00011521959488,99.9997204101
1084,43.36,-218.343648027,-3.30863174888e-10,-0.00164069315285,433.150588912,0.00164797815501,-214.717785708,-218.345288721,433.15223689,0.000113546051119,99.999715752
1085,43.4,-218.35629161,-3.21718232372e-10,-0.00161804920598,433.162613613,0.00162514868031,-214.717785708,-218.35790966,433.164238761,0.000111891958131,99.9997110976
1086,43.44,-218.368862182,-3.12803851344e-10,-0.00159563941567,433.174570972,0.0016025565382,-214.717785708,-218.370457822,433.176173528,0.000110257183426,99.9997064468
1087,43.48,-218.381359166,-3.04114907881e-10,-0.00157346283605,433.186460578,0.00158020075642,-214.717785708,-218.382932629,433.188040779,0.000108641593121,99.9997017994
1088,43.52,-218.393781989,-2.95646362047e-10,-0.00155151848678,433.198282024,0.00155808032763,-214.717785708,-218.395333508,433.199840104,0.000107045052164,99.9996971553
1089,43.56,-218.406130085,-2.87393276376e-10,-0.00152980535739,433.210034907,0.00153619421379,-214.717785708,-218.40765989,433.211571101,0.000105467424581,99.9996925143
1090,43.6,-218.418402892,-2.79350834964e-10,-0.00150832241182,433.221718827,0.00151454135069,-214.717785708,-218.419911214,433.223233369,0.00010390857374,99.9996878763
1091,43.64,-218.430599854,-2.71514350681e-10,-0.00148706859288,433.233333389,0.0014931206525,-214.717785708,-218.432086923,433.23482651,0.000102368362617,99.9996832411
1092,43.68,-218.442720422,-2.6387925554e-10,-0.00146604282627,433.244878202,0.00147193101597,-214.717785708,-218.444186465,433.246350133,0.000100846654049,99.9996786086
1093,43.72,-218.45476405,-2.56441080427e-10,-0.00144524402438,433.256352877,0.00145097132433,-214.717785708,-218.456209295,433.257803848,9.93433109662e-05,99.9996739787
1094,43.76,-218.4667302,-2.49195436383e-10,-0.00142467108948,433.267757031,0.00143024045073,-214.717785708,-218.468154871,433.269187271,9.78581965809e-05,99.9996693512
1095,43.8,-218.478618337,-2.42138006057e-10,-0.00140432291638,433.279090283,0.00140973726096,-214.717785708,-218.48002266,433.28050002,9.63911745237e-05,99.9996647259
1096,43.84,-218.490427934,-2.35264544317e-10,-0.00138419839437,433.290352257,0.00138946061533,-214.717785708,-218.491812133,433.291741717,9.49421089213e-05,99.9996601028
1097,43.88,-218.502158468,-2.2857087956e-10,-0.00136429640799,433.30154258,0.00136940936952,-214.717785708,-218.503522765,433.30291199,9.35108644081e-05,99.9996554816
1098,43.92,-218.513809423,-2.22052907944e-10,-0.00134461583686,433.312660884,0.0013495823743,-214.717785708,-218.515154039,433.314010467,9.20973060732e-05,99.9996508622
1099,43.96,-218.525380286,-2.15706580497e-10,-0.00132515555437,433.323706804,0.00132997847426,-214.717785708,-218.526705442,433.325036782,9.07012993488e-05,99.9996462446
1100,44,-218.536870554,-2.09527891123e-10,-0.00130591442566,433.334679977,0.00131059650577,-214.717785708,-218.538176469,433.335990573,8.93227098498e-05,99.9996416286
1101,44.04,-218.548279727,-2.03512874885e-10,-0.00128689130522,433.345580046,0.00129143529446,-214.717785708,-218.549566618,433.346871482,8.79614031814e-05,99.9996370139
1102,44.08,-218.559607309,-1.97657619589e-10,-0.00126808503422,433.356406658,0.00127249365243,-214.717785708,-218.560875395,433.357679152,8.66172447314e-05,99.9996324006
1103,44.12,-218.570852814,-1.91958284844e-10,-0.0012494944378,433.367159462,0.00125377037538,-214.717785708,-218.572102309,433.368413232,8.52900994667e-05,99.9996277884
1104,44.16,-218.582015759,-1.86411118444e-10,-0.00123111832241,433.377838111,0.00123526423983,-214.717785708,-218.583246878,433.379073375,8.39798317528e-05,99.9996231773
1105,44.2,-218.593095668,-1.81012463305e-10,-0.0012129554735,433.388442262,0.00121697400069,-214.717785708,-218.594308624,433.389659236,8.26863052112e-05,99.999618567
1106,44.24,-218.604092069,-1.75758755907e-10,-0.00119500465361,433.398971575,0.00119889838943,-214.717785708,-218.605287074,433.400170474,8.14093826279e-05,99.9996139575
1107,44.28,-218.615004498,-1.70646522803e-10,-0.00117726460132,433.409425716,0.00118103611305,-214.717785708,-218.616181763,433.410606752,8.01489259166e-05,99.9996093486
1108,44.32,-218.625832496,-1.65672380884e-10,-0.00115973403108,433.419804351,0.00116338585391,-214.717785708,-218.626992231,433.420967737,7.89047961405e-05,99.9996047402
1109,44.36,-218.63657561,-1.60833041208e-10,-0.00114241163377,433.430107152,0.00114594627048,-214.717785708,-218.637718022,433.431253098,7.76768535839e-05,99.9996001321
1110,44.4,-218.647233393,-1.56125310741e-10,-0.00112529607799,433.440333794,0.00112871599862,-214.717785708,-218.648358689,433.44146251,7.6464957868e-05,99.9995955243
1111,44.44,-218.657805403,-1.51546086093e-10,-0.00110838601164,433.450483955,0.0011116936533,-214.717785708,-218.658913789,433.451595649,7.52689680939e-05,99.9995909165
1112,44.48,-218.668291205,-1.4709233841e-10,-0.00109168006375,433.460557318,0.00109487783068,-214.717785708,-218.669382885,433.461652196,7.40887430005e-05,99.9995863087
1113,44.52,-218.67869037,-1.42761094616e-10,-0.00107517684641,433.470553567,0.00107826711013,-214.717785708,-218.679765547,433.471631835,7.29241411171e-05,99.9995817006
1114,44.56,-218.689002474,-1.38549422239e-10,-0.00105887495654,433.480472393,0.00106186005625,-214.717785708,-218.690061349,433.481534253,7.1775020896e-05,99.9995770922
1115,44.6,-218.699227101,-1.34454421801e-10,-0.0010427729776,433.490313488,0.00104565522054,-214.717785708,-218.700269874,433.491359143,7.06412408097e-05,99.9995724834
1116,44.64,-218.709363838,-1.30473225381e-10,-0.00102686948062,433.500076547,0.0010296511426,-214.717785708,-218.710390708,433.501106198,6.95226594039e-05,99.9995678739
1117,44.68,-218.719412281,-1.26602996879e-10,-0.00101116302476,433.509761271,0.00101384635056,-214.717785708,-218.720423444,433.510775117,6.84191353031e-05,99.9995632637
1118,44.72,-218.729372031,-1.22840931076e-10,-0.000995652157084,433.519367362,0.00099823936089,-214.717785708,-218.730367683,433.520365601,6.73305271707e-05,99.9995586526
1119,44.76,-218.739242693,-1.19184252537e-10,-0.000980335411852,433.528894527,0.000982828677582,-214.717785708,-218.740223029,433.529877356,6.62566936309e-05,99.9995540405
1120,44.8,-218.749023883,-1.1563021803e-10,-0.000965211309362,433.538342477,0.000967612790948,-214.717785708,-218.749989094,433.539310089,6.51974931649e-05,99.9995494273
1121,44.84,-218.758715217,-1.12176124824e-10,-0.000950278354703,433.547710923,0.000952590176206,-214.717785708,-218.759665496,433.548663514,6.41527839947e-05,99.9995448128
1122,44.88,-218.768316323,-1.08819323363e-10,-0.000935535036488,433.556999585,0.000937759292079,-214.717785708,-218.769251858,433.557937344,6.31224239732e-05,99.9995401969
1123,44.92,-218.77782683,-1.0555722976e-10,-0.000920979825806,433.566208181,0.000923118579595,-214.717785708,-218.77874781,433.567131299,6.21062704976e-05,99.9995355794
1124,44.96,-218.787246377,-1.02387333966e-10,-0.000906611175548,433.575336435,0.000908666461318,-214.717785708,-218.788152988,433.576245102,6.11041804626e-05,99.9995309602
1125,45,-218.796574607,-9.93072027246e-11,-0.000892427520348,433.584384075,0.000894401341226,-214.717785708,-218.797467035,433.585278477,6.0116010266e-05,99.9995263392
1126,45.04,-218.805811171,-9.6314479488e-11,-0.000878427277324,433.593350832,0.000880321605449,-214.717785708,-218.806689598,433.594231154,5.91416158739e-05,99.9995217163
1127,45.08,-218.814955724,-9.34068838775e-11,-0.000864608847733,433.602236439,0.000866425623931,-214.717785708,-218.815820333,433.603102864,5.8180852946e-05,99.9995170913
1128,45.12,-218.824007929,-9.05822109306e-11,-0.000850970619492,433.611040633,0.000852711753016,-214.717785708,-218.8248589,433.611893345,5.72335770186e-05,99.999512464
1129,45.16,-218.832967454,-8.78383280008e-11,-0.000837510970426,433.619763156,0.00083917833877,-214.717785708,-218.833804965,433.620602335,5.62996437326e-05,99.9995078344
1130,45.2,-218.841833974,-8.51731671586e-11,-0.000824228272008,433.628403752,0.000825823720856,-214.717785708,-218.842658202,433.629229576,5.53789090926e-05,99.9995032023
1131,45.24,-218.85060717,-8.25847135234e-11,-0.000811120893362,433.636962168,0.000812646236693,-214.717785708,-218.851418291,433.637774814,5.44712297364e-05,99.9994985676
1132,45.28,-218.85928673,-8.00709928345e-11,-0.000798187205289,433.645438155,0.00079964422564,-214.717785708,-218.860084918,433.646237799,5.35764631939e-05,99.99949393
1133,45.32,-218.867872347,-7.76300621649e-11,-0.000785425584052,433.653831468,0.000786816032932,-214.717785708,-218.868657773,433.654618284,5.26944681135e-05,99.9994892896
1134,45.36,-218.876363722,-7.52600054441e-11,-0.000772834414644,433.662141864,0.000774160013042,-214.717785708,-218.877136556,433.662916024,5.18251044382e-05,99.9994846461
1135,45.4,-218.884760559,-7.29589323788e-11,-0.00076041209323,433.670369104,0.000761674532204,-214.717785708,-218.885520972,433.671130778,5.09682335185e-05,99.9994799995
1136,45.44,-218.893062573,-7.07249780678e-11,-0.000748157028565,433.678512953,0.000749357969862,-214.717785708,-218.89381073,433.679262311,5.01237181531e-05,99.9994753496
1137,45.48,-218.901269482,-6.85563020662e-11,-0.000736067642275,433.686573178,0.000737208718976,-214.717785708,-218.90200555,433.687310387,4.9291422556e-05,99.9994706962
1138,45.52,-218.909381011,-6.64510882796e-11,-0.000724142368075,433.694549551,0.000725225185206,-214.717785708,-218.910105153,433.695274776,4.84712122542e-05,99.9994660393
1139,45.56,-218.917396892,-6.44075482819e-11,-0.000712379650058,433.702441846,0.000713405785154,-214.717785708,-218.918109271,433.703155252,4.76629539265e-05,99.9994613787
1140,45.6,-218.925316862,-6.24239291712e-11,-0.000700777940299,433.710249841,0.00070174894385,-214.717785708,-218.92601764,433.71095159,4.68665152008e-05,99.9994567143
1141,45.64,-218.933140667,-6.04985240959e-11,-0.000689335695987,433.717973317,0.000690253091764,-214.717785708,-218.933830003,433.71866357,4.60817644339e-05,99.9994520459
1142,45.68,-218.940868057,-5.862968162e-11,-0.000678051376364,433.72561206,0.000678916661616,-214.717785708,-218.941546109,433.726290976,4.53085704952e-05,99.9994473735
1143,45.72,-218.948498789,-5.68158108177e-11,-0.00066692343978,433.733165856,0.000667738085312,-214.717785708,-218.949165713,433.733833594,4.45468025814e-05,99.9994426968
1144,45.76,-218.956032627,-5.50553817364e-11,-0.000655950341227,433.740634497,0.000656715791396,-214.717785708,-218.956688577,433.741291212,4.37963300777e-05,99.9994380159
1145,45.8,-218.96346934,-5.3346923344e-11,-0.000645130530682,433.748017778,0.00064584820333,-214.717785708,-218.964114471,433.748663626,4.30570224855e-05,99.9994333304
1146,45.84,-218.970808706,-5.16890213631e-11,-0.000634462452532,433.755315496,0.000635133738875,-214.717785708,-218.971443169,433.75595063,4.23287494228e-05,99.9994286404
1147,45.88,-218.978050507,-5.00803165535e-11,-0.00062394454617,433.762527454,0.000624570810667,-214.717785708,-218.978674451,433.763152025,4.16113807038e-05,99.9994239457
1148,45.92,-218.985194532,-4.85195018987e-11,-0.000613575247712,433.769653456,0.000614157827949,-214.717785708,-218.985808107,433.770267614,4.09047864912e-05,99.9994192461
1149,45.96,-218.992240577,-4.70053167429e-11,-0.000603352992683,433.77669331,0.000603893199304,-214.717785708,-218.99284393,433.777297204,4.02088375113e-05,99.9994145416
1150,46,-218.999188444,-4.55365375565e-11,-0.000593276219459,433.783646828,0.000593775336182,-214.717785708,-218.99978172,433.784240604,3.95234053112e-05,99.9994098319
1151,46.04,-219.006037942,-4.41119672564e-11,-0.00058334337322,433.790513825,0.000583802656949,-214.717785708,-219.006621285,433.791097628,3.8848362537e-05,99.999405117
1152,46.08,-219.012788886,-4.27304259913e-11,-0.000573552910109,433.797294119,0.000573973591162,-214.717785708,-219.013362439,433.797868092,3.81835832053e-05,99.9994003967
1153,46.12,-219.019441098,-4.13907453179e-11,-0.000563903301252,433.803987531,0.000564286583681,-214.717785708,-219.020005001,433.804551818,3.75289429442e-05,99.9993956709
1154,46.16,-219.025994405,-4.00917657148e-11,-0.000554393036207,433.810593887,0.000554740098222,-214.717785708,-219.026548798,433.811148627,3.688431918e-05,99.9993909395
1155,46.2,-219.032448643,-3.88323360551e-11,-0.00054502062547,433.817113016,0.000545332619924,-214.717785708,-219.032993664,433.817658348,3.62495912495e-05,99.9993862023
1156,46.24,-219.038803652,-3.76113138797e-11,-0.000535784601715,433.823544748,0.000536062656664,-214.717785708,-219.039339437,433.824080811,3.56246404237e-05,99.9993814593
1157,46.28,-219.04505928,-3.64275665231e-11,-0.000526683519655,433.829888921,0.000526928738947,-214.717785708,-219.045585963,433.830415849,3.50093498373e-05,99.9993767102
1158,46.32,-219.051215381,-3.52799740019e-11,-0.000517715954503,433.836145371,0.000517929418389,-214.717785708,-219.051733097,433.836663301,3.44036043275e-05,99.9993719549
1159,46.36,-219.057271815,-3.4167434225e-11,-0.000508880499161,433.842313943,0.000509063264891,-214.717785708,-219.057780696,433.842823006,3.3807290193e-05,99.9993671934
1160,46.4,-219.06322845,-3.30888698593e-11,-0.000500175760334,433.84839448,0.000500328862714,-214.717785708,-219.063728626,433.848894809,3.3220294893e-05,99.9993624255
1161,46.44,-219.06908516,-3.20432352162e-11,-0.00049160035383,433.854386833,0.000491724805725,-214.717785708,-219.06957676,433.854878558,3.26425067094e-05,99.9993576511
1162,46.48,-219.074841823,-3.10295216382e-11,-0.000483152899411,433.860290854,0.000483249692187,-214.717785708,-219.075324976,433.860774103,3.20738144004e-05,99.99935287
1163,46.52,-219.080498328,-3.00467608851e-11,-0.000474832015646,433.866106399,0.000474902119537,-214.717785708,-219.08097316,433.866581301,3.15141068736e-05,99.9993480821
1164,46.56,-219.086054566,-2.90940269678e-11,-0.000466636315237,433.871833327,0.000466680679643,-214.717785708,-219.086521203,433.872300008,3.09632729088e-05,99.9993432873
1165,46.6,-219.091510439,-2.8170436976e-11,-0.000458564401283,433.877471502,0.000458583954985,-214.717785708,-219.091969003,433.877930086,3.04212009539e-05,99.9993384855
1166,46.64,-219.096865851,-2.72751507649e-11,-0.000450614864801,433.88302079,0.00045061051612,-214.717785708,-219.097316466,433.883471401,2.98877790164e-05,99.9993336764
1167,46.68,-219.102120716,-2.64073687426e-11,-0.000442786283737,433.888481061,0.00044275892064,-214.717785708,-219.102563502,433.88892382,2.9362894658e-05,99.9993288601
1168,46.72,-219.107274953,-2.55663271992e-11,-0.000435077223565,433.893852189,0.000435027713725,-214.717785708,-219.10771003,433.894287217,2.88464350956e-05,99.9993240362
1169,46.76,-219.112328488,-2.47512916109e-11,-0.000427486239439,433.899134052,0.00042741543028,-214.717785708,-219.112755974,433.899561467,2.83382873995e-05,99.9993192048
1170,46.8,-219.117281253,-2.39615493371e-11,-0.000420011879807,433.904326528,0.000419920598534,-214.717785708,-219.117701264,433.904746449,2.78383387736e-05,99.9993143656
1171,46.84,-219.122133186,-2.31964032782e-11,-0.000412652691191,433.909429504,0.000412541744826,-214.717785708,-219.122545839,433.909842046,2.73464768928e-05,99.9993095185
1172,46.88,-219.126884234,-2.24551672605e-11,-0.000405407223736,433.914442866,0.000405277399176,-214.717785708,-219.127289641,433.914848144,2.68625902703e-05,99.9993046634
1173,46.92,-219.131534348,-2.17371628482e-11,-0.000398274037014,433.919366507,0.000398126101118,-214.717785708,-219.131932622,433.919764633,2.63865686206e-05,99.9992998001
1174,46.96,-219.136083487,-2.10417168395e-11,-0.000391251705533,433.924200321,0.000391086405262,-214.717785708,-219.136474739,433.924591407,2.5918303186e-05,99.9992949285
1175,47,-219.140531615,-2.0368159171e-11,-0.00038433882348,433.928944207,0.000384156886083,-214.717785708,-219.140915954,433.929328363,2.54576869974e-05,99.9992900484
1176,47.04,-219.144878705,-1.97158218043e-11,-0.000377534008299,433.933598067,0.000377336141562,-214.717785708,-219.145256239,433.933975403,2.50046150455e-05,99.9992851597
1177,47.08,-219.149124733,-1.90840395513e-11,-0.000370835902835,433.938161808,0.000370622795379,-214.717785708,-219.149495569,433.93853243,2.45589843471e-05,99.9992802622
1178,47.12,-219.153269685,-1.84721532857e-11,-0.000364243175827,433.942635338,0.000364015497475,-214.717785708,-219.153633928,433.942999354,2.41206938989e-05,99.9992753558
1179,47.16,-219.157313551,-1.78795149497e-11,-0.000357754520683,433.947018573,0.000357512922879,-214.717785708,-219.157671305,433.947376085,2.3689644523e-05,99.9992704403
1180,47.2,-219.161256329,-1.73054930142e-11,-0.00035136865257,433.951311427,0.000351113768862,-214.717785708,-219.161607698,433.951662541,2.32657386141e-05,99.9992655156
1181,47.24,-219.165098024,-1.67494771381e-11,-0.000345084304068,433.955513823,0.00034481675063,-214.717785708,-219.165443108,433.95585864,2.28488798128e-05,99.9992605816
1182,47.28,-219.168838645,-1.62108815305e-11,-0.000338900219792,433.959625686,0.000338620595981,-214.717785708,-219.169177545,433.959964306,2.24389726325e-05,99.9992556381
1183,47.32,-219.17247821,-1.56891472736e-11,-0.00033281515052,433.963646942,0.000332524039448,-214.717785708,-219.172811025,433.963979466,2.2035922075e-05,99.9992506849
1184,47.36,-219.176016743,-1.51837440199e-11,-0.000326827847374,433.967577525,0.000326525816484,-214.717785708,-219.176343571,433.967904051,2.1639633271e-05,99.9992457219
1185,47.4,-219.179454273,-1.46941710359e-11,-0.000320937056614,433.97141737,0.000320624658235,-214.717785708,-219.17977521,433.971737995,2.12500111787e-05,99.9992407489
1186,47.44,-219.182790836,-1.42199570653e-11,-0.000315141515495,433.975166418,0.000314819287374,-214.717785708,-219.183105978,433.975481237,2.08669603694e-05,99.9992357658
1187,47.48,-219.186026477,-1.37606584772e-11,-0.000309439949611,433.978824611,0.000309108415397,-214.717785708,-219.186335917,433.979133719,2.04903849231e-05,99.9992307725
1188,47.52,-219.189161244,-1.33158557084e-11,-0.000303831072051,433.982391897,0.000303490741709,-214.717785708,-219.189465075,433.982695388,2.01201884485e-05,99.9992257687
1189,47.56,-219.192195193,-1.28851486542e-11,-0.000298313584547,433.985868228,0.000297964954697,-214.717785708,-219.192493507,433.986166193,1.97562742305e-05,99.9992207543
1190,47.6,-219.195128388,-1.2468151883e-11,-0.000292886180643,433.989253559,0.000292529734809,-214.717785708,-219.195421274,433.989546088,1.93985454995e-05,99.9992157291
1191,47.64,-219.197960895,-1.20644902183e-11,-0.000287547550702,433.992547848,0.000287183759474,-214.717785708,-219.198248443,433.992835032,1.90469058034e-05,99.999210693
1192,47.68,-219.200692792,-1.16737947325e-11,-0.000282296388394,433.99575106,0.0002819257095,-214.717785708,-219.200975089,433.996032986,1.87012594576e-05,99.9992056458
1193,47.72,-219.20332416,-1.1295699023e-11,-0.000277131398187,433.998863161,0.000276754276501,-214.717785708,-219.203601291,433.999139915,1.83615120363e-05,99.9992005873
1194,47.76,-219.205855086,-1.09298359362e-11,-0.000272051303318,434.001884122,0.000271668170784,-214.717785708,-219.206127138,434.00215579,1.80275708712e-05,99.9991955174
1195,47.8,-219.208285666,-1.05758353275e-11,-0.00026705485363,434.004813919,0.000266666129143,-214.717785708,-219.208552721,434.005080585,1.76993455159e-05,99.9991904358
1196,47.84,-219.210616001,-1.02333234964e-11,-0.00026214083269,434.007652529,0.000261746921954,-214.717785708,-219.210878142,434.007914276,1.73767481392e-05,99.9991853424
1197,47.88,-219.212846197,-9.90192446754e-12,-0.000257308063588,434.010399938,0.000256909358977,-214.717785708,-219.213103505,434.010656847,1.70596938142e-05,99.9991802371
1198,47.92,-219.214976369,-9.58126261854e-12,-0.000252555412888,434.013056131,0.000252152293351,-214.717785708,-219.215228925,434.013308283,1.67481006772e-05,99.9991751196
1199,47.96,-219.217006637,-9.27096582657e-12,-0.000247881792365,434.015621101,0.000247474623396,-214.717785708,-219.217254519,434.015868575,1.64418899407e-05,99.9991699898
1200,48,-219.218937128,-8.97066855173e-12,-0.00024328615835,434.018094842,0.000242875292044,-214.717785708,-219.219180414,434.018337717,1.61409857564e-05,99.9991648475
1201,48.04,-219.220767974,-8.68001481438e-12,-0.000238767508716,434.020477354,0.000238353283916,-214.717785708,-219.221006742,434.020715707,1.58453149359e-05,99.9991596926
1202,48.08,-219.222499315,-8.39866133023e-12,-0.000234324877692,434.022768641,0.000233907620247,-214.717785708,-219.22273364,434.023002549,1.55548065463e-05,99.9991545248
1203,48.12,-219.224131296,-8.12628084914e-12,-0.000229957328871,434.024968712,0.000229537352013,-214.717785708,-219.224361253,434.025198249,1.52693914106e-05,99.9991493441
1204,48.16,-219.225664069,-7.86256521892e-12,-0.000225663946848,434.027077577,0.000225241551689,-214.717785708,-219.225889733,434.027302819,1.49890015451e-05,99.9991441502
1205,48.2,-219.227097792,-7.60722738408e-12,-0.000221443828096,434.029095254,0.000221019304235,-214.717785708,-219.227319236,434.029316274,1.47135695787e-05,99.9991389429
1206,48.24,-219.228432631,-7.3600017603e-12,-0.000217296071734,434.031021764,0.000216869697942,-214.717785708,-219.228649927,434.031238633,1.44430281934e-05,99.9991337222
1207,48.28,-219.229668755,-7.12064303927e-12,-0.000213219770929,434.03285713,0.000212791815862,-214.717785708,-219.229881975,434.033069922,1.41773096323e-05,99.9991284878
1208,48.32,-219.230806342,-6.8889239792e-12,-0.000209214005595,434.034601384,0.00020878472852,-214.717785708,-219.231015556,434.034810168,1.39163453083e-05,99.9991232395
1209,48.36,-219.231845575,-6.664632756e-12,-0.000205277836972,434.036254557,0.000204847488444,-214.717785708,-219.232050853,434.036459405,1.36600655457e-05,99.9991179772
1210,48.4,-219.232786645,-6.44757007663e-12,-0.000201410304471,434.037816689,0.000200979126959,-214.717785708,-219.232988055,434.038017668,1.34083994736e-05,99.9991127006
1211,48.44,-219.233629745,-6.23754592607e-12,-0.000197610425016,434.039287821,0.000197178653428,-214.717785708,-219.233827356,434.039484999,1.31612750776e-05,99.9991074096
1212,48.48,-219.23437508,-6.03437588468e-12,-0.000193877194932,434.040668,0.000193445057014,-214.717785708,-219.234568957,434.040861445,1.29186194071e-05,99.9991021039
1213,48.52,-219.235022856,-5.83787734633e-12,-0.00019020959424,434.041957278,0.000189777310812,-214.717785708,-219.235213066,434.042147055,1.26803589206e-05,99.9990967834
1214,48.56,-219.235573289,-5.6478662866e-12,-0.00018660659304,434.04315571,0.000186174378076,-214.717785708,-219.235759895,434.043341885,1.24464199414e-05,99.999091448
1215,48.6,-219.236026598,-5.46415513384e-12,-0.000183067159463,434.044263357,0.000182635220011,-214.717785708,-219.236209665,434.044445992,1.22167291855e-05,99.9990860972
1216,48.64,-219.236383011,-5.28655184233e-12,-0.000179590268541,434.045280282,0.00017915880452,-214.717785708,-219.236562601,434.045459441,1.199121432e-05,99.9990807311
1217,48.68,-219.236642761,-5.11485985102e-12,-0.000176174911247,434.046206556,0.000175744115141,-214.717785708,-219.236818936,434.0463823,1.17698045059e-05,99.9990753493
1218,48.72,-219.236806085,-4.94887857818e-12,-0.00017282010296,434.047042251,0.00017239015945,-214.717785708,-219.236978905,434.047214642,1.15524308806e-05,99.9990699517
1219,48.76,-219.236873231,-4.78840441423e-12,-0.000169524890701,434.047787447,0.000169095976242,-214.717785708,-219.237042755,434.047956543,1.13390269403e-05,99.999064538
1220,48.8,-219.236844447,-4.63323245788e-12,-0.00016628835852,434.048442226,0.000165860640942,-214.717785708,-219.237010736,434.048608087,1.11295287899e-05,99.999059108
1221,48.84,-219.236719993,-4.48315915561e-12,-0.000163109630604,434.049006676,0.000162683268766,-214.717785708,-219.236883102,434.049169359,1.09238752371e-05,99.9990536616
1222,48.88,-219.23650013,-4.33798558112e-12,-0.000159987871761,434.049480889,0.000159563015337,-214.717785708,-219.236660118,434.049640452,1.07220077214e-05,99.9990481986
1223,48.92,-219.236185128,-4.19752070352e-12,-0.000156922285195,434.049864962,0.000156499074613,-214.717785708,-219.236342051,434.050021461,1.05238700792e-05,99.9990427187
1224,48.96,-219.235775263,-4.06158399444e-12,-0.000153912107665,434.050158996,0.000153490674233,-214.717785708,-219.235929175,434.050312487,1.03294081627e-05,99.9990372217
1225,49,-219.235270816,-3.93000711578e-12,-0.000150956602415,434.050363098,0.00015053706861,-214.717785708,-219.235421772,434.050513635,1.01385693381e-05,99.9990317074
1226,49.04,-219.234672073,-3.80263486258e-12,-0.000148055050387,434.050477379,0.000147637530321,-214.717785708,-219.234820128,434.050625017,9.95130190111e-06,99.9990261757
1227,49.08,-219.233979328,-3.67932564786e-12,-0.000145206740415,434.050501956,0.000144791340446,-214.717785708,-219.234124534,434.050646747,9.7675544543e-06,99.9990206262
1228,49.12,-219.233192879,-3.55995157342e-12,-0.000142410959106,434.050436947,0.000141997778598,-214.717785708,-219.23333529,434.050578945,9.58727529214e-06,99.9990150589
1229,49.16,-219.232313033,-3.44439783539e-12,-0.000139666981173,434.05028248,0.000139256113363,-214.717785708,-219.2324527,434.050421736,9.41041184262e-06,99.9990094734
1230,49.2,-219.231340099,-3.3325612018e-12,-0.000136974060952,434.050038684,0.000136565593869,-214.717785708,-219.231477073,434.050175249,9.23691020823e-06,99.9990038696
1231,49.24,-219.230274394,-3.22434761549e-12,-0.000134331425791,434.049705694,0.000133925443154,-214.717785708,-219.230408725,434.04983962,9.066714843e-06,99.9989982473
1232,49.28,-219.22911624,-3.11966933912e-12,-0.000131738271874,434.049283652,0.000131334853906,-214.717785708,-219.229247978,434.049414987,8.89976839216e-06,99.9989926061
1233,49.32,-219.227865966,-3.01844215337e-12,-0.000129193762839,434.048772701,0.000128792986963,-214.717785708,-219.22799516,434.048901494,8.73601170918e-06,99.998986946
1234,49.36,-219.226523906,-2.92058289007e-12,-0.000126697031357,434.048172992,0.000126298972728,-214.717785708,-219.226650603,434.048299291,8.57538405228e-06,99.9989812666
1235,49.4,-219.225090399,-2.8260072816e-12,-0.000124247183582,434.04748468,0.000123851915444,-214.717785708,-219.225214646,434.047608532,8.4178234491e-06,99.9989755677
1236,49.44,-219.223565791,-2.73462802779e-12,-0.000121843306206,434.046707924,0.000121450900035,-214.717785708,-219.223687634,434.046829375,8.26326720656e-06,99.9989698491
1237,49.48,-219.221950433,-2.6463531729e-12,-0.000119484475691,434.045842891,0.000119095001108,-214.717785708,-219.222069918,434.045961986,8.11165253167e-06,99.9989641106
1238,49.52,-219.220244682,-2.56108511195e-12,-0.000117169769057,434.044889749,0.000116783293525,-214.717785708,-219.220361852,434.045006532,7.96291722142e-06,99.9989583518
1239,49.56,-219.2184489,-2.47872053733e-12,-0.000114898275533,434.043848673,0.000114514863877,-214.717785708,-219.218563799,434.043963188,7.8170003744e-06,99.9989525726
1240,49.6,-219.216563456,-2.39915135219e-12,-0.000112669108234,434.042719845,0.000112288822038,-214.717785708,-219.216676125,434.042832134,7.67384307477e-06,99.9989467727
1241,49.64,-219.214588723,-2.3222662491e-12,-0.000110481415037,434.041503448,0.000110104311992,-214.717785708,-219.214699204,434.041613553,7.53338900142e-06,99.9989409519
1242,49.68,-219.21252508,-2.24795255097e-12,-0.000108334387896,434.040199675,0.000107960521138,-214.717785708,-219.212633414,434.040307635,7.39558491939e-06,99.9989351099
1243,49.72,-219.210372912,-2.1760980876e-12,-0.00010622726995,434.038808719,0.000105856687432,-214.717785708,-219.210479139,434.038914575,7.26038101949e-06,99.9989292464
1244,49.76,-219.20813261,-2.10659312709e-12,-0.000104159359959,434.037330781,0.000103792103909,-214.717785708,-219.208236769,434.037434573,7.12773108181e-06,99.9989233613
1245,49.8,-219.205804568,-2.03933244253e-12,-0.000102130013745,434.035766069,0.000101766120269,-214.717785708,-219.205906698,434.035867835,6.99759245134e-06,99.9989174543
1246,49.84,-219.203389189,-1.97421741907e-12,-0.00010013864253,434.034114791,9.9778141421e-05,-214.717785708,-219.203489328,434.034214569,6.8699258266e-06,99.9989115252
1247,49.88,-219.200886879,-1.91115788398e-12,-9.81847082351e-05,434.032377166,9.7827623013e-05,-214.717785708,-219.200985064,434.032474993,6.74469487478e-06,99.9989055737
1248,49.92,-219.19829805,-1.85007330542e-12,-9.62677160419e-05,434.030553414,9.59140642386e-05,-214.717785708,-219.198394318,434.030649328,6.62186569919e-06,99.9988995996
1249,49.96,-219.19562312,-1.79089320505e-12,-9.43872047313e-05,434.028643762,9.40369983811e-05,-214.717785708,-219.195717507,434.028737799,6.50140619438e-06,99.9988936027
1250,50,-219.19286251,-1.73355689228e-12,-9.25427354635e-05,434.026648442,9.21959817708e-05,-214.717785708,-219.192955053,434.026740638,6.38328533256e-06,99.9988875827
1251,50.04,-219.19001665,-1.67801273698e-12,-9.07338797762e-05,434.024567692,9.0390581923e-05,-214.717785708,-219.190107384,434.024658082,6.26747242906e-06,99.9988815394
1252,50.08,-219.187085972,-1.62421710269e-12,-8.89602076036e-05,434.022401753,8.86203656591e-05,-214.717785708,-219.187174932,434.022490374,6.15393643651e-06,99.9988754726
1253,50.12,-219.184070915,-1.57213291193e-12,-8.72212761185e-05,434.020150875,8.68848879941e-05,-214.717785708,-219.184158136,434.02023776,6.0426453151e-06,99.998869382
1254,50.16,-219.180971922,-1.52172779757e-12,-8.55166201492e-05,434.017815311,8.5183682526e-05,-214.717785708,-219.181057439,434.017900495,5.93356552144e-06,99.9988632673
1255,50.2,-219.177789443,-1.47297194582e-12,-8.38457448417e-05,434.015395319,8.3516253989e-05,-214.717785708,-219.177873289,434.015478835,5.82666165025e-06,99.9988571284
1256,50.24,-219.174523932,-1.42583591435e-12,-8.2208121081e-05,434.012891163,8.18820735049e-05,-214.717785708,-219.17460614,434.012973045,5.72189625283e-06,99.9988509649
1257,50.28,-219.171175846,-1.38028874039e-12,-8.06031839873e-05,434.010303113,8.02805768744e-05,-214.717785708,-219.17125645,434.010383393,5.61922984386e-06,99.9988447767
1258,50.32,-219.167745652,-1.33629650731e-12,-7.90303345639e-05,434.007631443,7.87111660098e-05,-214.717785708,-219.167824683,434.007710155,5.51862109498e-06,99.9988385634
1259,50.36,-219.164233818,-1.29382134854e-12,-7.74889443529e-05,434.004876435,7.71732133676e-05,-214.717785708,-219.164311307,434.004953608,5.42002720065e-06,99.9988323248
1260,50.4,-219.160640818,-1.25282079778e-12,-7.59783627513e-05,434.002038374,7.56660690395e-05,-214.717785708,-219.160716796,434.00211404,5.32340438982e-06,99.9988260607
1261,50.44,-219.156967131,-1.21324747629e-12,-7.44979264792e-05,433.99911755,7.41890699966e-05,-214.717785708,-219.157041629,433.999191739,5.22870854702e-06,99.9988197707
1262,50.48,-219.153213242,-1.17504922217e-12,-7.30469705405e-05,433.996114262,7.27415508594e-05,-214.717785708,-219.153286289,433.996187003,5.13589589864e-06,99.9988134546
1263,50.52,-219.149379639,-1.13816976956e-12,-7.16248399049e-05,433.99302881,7.13228554485e-05,-214.717785708,-219.149451264,433.993100133,5.04492371571e-06,99.9988071122
1264,50.56,-219.145466817,-1.10254995053e-12,-7.02309010656e-05,433.989861503,6.99323482904e-05,-214.717785708,-219.145537048,433.989931435,4.95575098313e-06,99.9988007431
1265,50.6,-219.141475273,-1.06812923099e-12,-6.88645526317e-05,433.986612654,6.85694252338e-05,-214.717785708,-219.141544138,433.986681223,4.86833898757e-06,99.9987943471
1266,50.64,-219.137405512,-1.03484733571e-12,-6.75252341891e-05,433.983282581,6.72335223933e-05,-214.717785708,-219.137473038,433.983349814,4.78265178189e-06,99.9987879239
1267,50.68,-219.133258042,-1.00264579582e-12,-6.62124327999e-05,433.979871609,6.59241227775e-05,-214.717785708,-219.133324255,433.979937533,4.69865649265e-06,99.9987814734
1268,50.72,-219.129033375,-9.71469368326e-13,-6.49256866768e-05,433.976380067,6.46407601355e-05,-214.717785708,-219.129098301,433.976444707,4.61632344763e-06,99.9987749951
1269,50.76,-219.12473203,-9.41267318718e-13,-6.36645857543e-05,433.97280829,6.3383019746e-05,-214.717785708,-219.124795694,433.972871673,4.535626113e-06,99.9987684889
1270,50.8,-219.120354527,-9.1199450088e-13,-6.24287690805e-05,433.96915662,6.21505360608e-05,-214.717785708,-219.120416956,433.969218771,4.45654084249e-06,99.9987619545
1271,50.84,-219.115901395,-8.83612097187e-13,-6.12179191694e-05,433.965425403,6.09429873162e-05,-214.717785708,-219.115962613,433.965486346,4.37904645411e-06,99.9987553916
1272,50.88,-219.111373165,-8.56087891574e-13,-6.0031753673e-05,433.961614991,5.97600874401e-05,-214.717785708,-219.111433196,433.961674751,4.30312366181e-06,99.9987488
1273,50.92,-219.106770371,-8.29396051879e-13,-5.88700149335e-05,433.957725741,5.860157579e-05,-214.717785708,-219.106829241,433.957784343,4.22875439966e-06,99.9987421794
1274,50.96,-219.102093555,-8.03516515296e-13,-5.7732458117e-05,433.953758016,5.74672054201e-05,-214.717785708,-219.102151288,433.953815483,4.15592108307e-06,99.9987355296
1275,51,-219.097343262,-7.78434112762e-13,-5.6618838718e-05,433.949712185,5.63567306703e-05,-214.717785708,-219.097399881,433.949768542,4.08460585593e-06,99.9987288503
1276,51.04,-219.09252004,-7.54137521066e-13,-5.5528900253e-05,433.945588623,5.52698948922e-05,-214.717785708,-219.092575569,433.945643893,4.01478987316e-06,99.9987221413
1277,51.08,-219.087624443,-7.30618064614e-13,-5.44623629449e-05,433.941387709,5.42064191049e-05,-214.717785708,-219.087678905,433.941441915,3.94645266603e-06,99.9987154023
1278,51.12,-219.082657029,-7.07868379959e-13,-5.34189141417e-05,433.937109828,5.31659923107e-05,-214.717785708,-219.082710448,433.937162994,3.8795716318e-06,99.9987086329
1279,51.16,-219.07761836,-6.8588101681e-13,-5.23982011072e-05,433.932755371,5.2148264112e-05,-214.717785708,-219.077670758,433.932807519,3.81412168097e-06,99.9987018331
1280,51.2,-219.072509002,-6.64647118076e-13,-5.13998266633e-05,433.928324736,5.11528401264e-05,-214.717785708,-219.072560402,433.928375889,3.75007506488e-06,99.9986950024
1281,51.24,-219.067329525,-6.44155329433e-13,-5.04233479644e-05,433.923818324,5.01792805105e-05,-214.717785708,-219.067379949,433.923868503,3.68740139404e-06,99.9986881406
1282,51.28,-219.062080505,-6.24391025626e-13,-4.94682784682e-05,433.919236543,4.92271016817e-05,-214.717785708,-219.062129973,433.91928577,3.62606784556e-06,99.9986812474
1283,51.32,-219.05676252,-6.0533585964e-13,-4.85340929594e-05,433.914579807,4.82957811049e-05,-214.717785708,-219.056811054,433.914628103,3.56603954582e-06,99.9986743226
1284,51.36,-219.051376152,-5.86967603566e-13,-4.76202352955e-05,433.909848535,4.73847648196e-05,-214.717785708,-219.051423772,433.909895919,3.5072801034e-06,99.9986673659
1285,51.4,-219.045921989,-5.6926026754e-13,-4.672612838e-05,433.90504315,4.64934772245e-05,-214.717785708,-219.045968715,433.905089644,3.44975225823e-06,99.9986603769
1286,51.44,-219.04040062,-5.52184511971e-13,-4.58511857314e-05,433.900164084,4.56213325072e-05,-214.717785708,-219.040446471,433.900209705,3.39341860542e-06,99.9986533554
1287,51.48,-219.034812642,-5.3570835838e-13,-4.49948239128e-05,433.895211772,4.47677470047e-05,-214.717785708,-219.034857636,433.89525654,3.33824234806e-06,99.9986463011
1288,51.52,-219.029158651,-5.1979814948e-13,-4.41564750342e-05,433.890186656,4.39321517144e-05,-214.717785708,-219.029202808,433.890230588,3.28418803186e-06,99.9986392136
1289,51.56,-219.023439251,-5.04419650895e-13,-4.33355985438e-05,433.885089181,4.31140041655e-05,-214.717785708,-219.023482587,433.885132295,3.23122221645e-06,99.9986320928
1290,51.6,-219.017655048,-4.89539170923e-13,-4.25316915843e-05,433.879919802,4.23127989101e-05,-214.717785708,-219.01769758,433.879962115,3.17931404253e-06,99.9986249384
1291,51.64,-219.011806651,-4.75124607834e-13,-4.17442972989e-05,433.874678976,4.15280760045e-05,-214.717785708,-219.011848395,433.874720504,3.1284356613e-06,99.99861775
1292,51.68,-219.005894674,-4.61146381058e-13,-4.09730106014e-05,433.869367166,4.07594269889e-05,-214.717785708,-219.005935647,433.869407925,3.07856250115e-06,99.9986105273
1293,51.72,-218.999919734,-4.47578222663e-13,-4.02174810864e-05,433.863984842,4.00064980357e-05,-214.717785708,-218.999959951,433.864024848,3.02967335713e-06,99.9986032701
1294,51.76,-218.993882451,-4.34397791244e-13,-3.94774129272e-05,433.858532478,3.92689901023e-05,-214.717785708,-218.993921929,433.858571747,2.98175029979e-06,99.9985959782
1295,51.8,-218.987783451,-4.21587050274e-13,-3.87525617975e-05,433.853010555,3.85466560989e-05,-214.717785708,-218.987822203,433.853049101,2.93477841112e-06,99.9985886512
1296,51.84,-218.98162336,-4.09132360853e-13,-3.80427290393e-05,433.847419558,3.78392952677e-05,-214.717785708,-218.981661403,433.847457397,2.88874536587e-06,99.9985812889
1297,51.88,-218.975402811,-3.97024280416e-13,-3.73477534718e-05,433.841759979,3.71467451478e-05,-214.717785708,-218.975440158,433.841797125,2.84364088536e-06,99.9985738909
1298,51.92,-218.969122437,-3.85257108534e-13,-3.66675013733e-05,433.836032314,3.64688716489e-05,-214.717785708,-218.969159104,433.836068782,2.79945609839e-06,99.9985664571
1299,51.96,-218.962782876,-3.73828246851e-13,-3.60018552693e-05,433.830237065,3.58055578714e-05,-214.717785708,-218.962818878,433.830272871,2.75618284868e-06,99.9985589872
1300,52,-218.956384771,-3.62737433841e-13,-3.53507022216e-05,433.824374741,3.51566923688e-05,-214.717785708,-218.956420121,433.824409897,2.7138129913e-06,99.9985514808
1301,52.04,-218.949928764,-3.51985895484e-13,-3.47139223319e-05,433.818445854,3.4522157564e-05,-214.717785708,-218.949963478,433.818480376,2.67233772078e-06,99.9985439378
1302,52.08,-218.943415505,-3.41575446223e-13,-3.4091378157e-05,433.812450923,3.39018190175e-05,-214.717785708,-218.943449597,433.812484824,2.63174697101e-06,99.9985363578
1303,52.12,-218.936845644,-3.3150758862e-13,-3.3482905671e-05,433.806390471,3.32955161884e-05,-214.717785708,-218.936879127,433.806423767,2.59202892238e-06,99.9985287406
1304,52.16,-218.930219835,-3.2178267955e-13,-3.288830731e-05,433.800265029,3.27030552415e-05,-214.717785708,-218.930252723,433.800297732,2.55316964443e-06,99.9985210859
1305,52.2,-218.923538735,-3.12399233208e-13,-3.23073474999e-05,433.794075131,3.21242043245e-05,-214.717785708,-218.923571042,433.794107255,2.51515289399e-06,99.9985133934
1306,52.24,-218.916803004,-3.03353409371e-13,-3.17397509093e-05,433.787821317,3.15586915809e-05,-214.717785708,-218.916834743,433.787852876,2.4779600795e-06,99.9985056629
1307,52.28,-218.910013304,-2.94638702785e-13,-3.11852035044e-05,433.781504133,3.10062059852e-05,-214.717785708,-218.910044489,433.781535139,2.44157039179e-06,99.998497894
1308,52.32,-218.903170303,-2.8624582756e-13,-3.06433563121e-05,433.775124128,3.04664009173e-05,-214.717785708,-218.903200946,433.775154595,2.40596109203e-06,99.9984900864
1309,52.36,-218.896274668,-2.78162787873e-13,-3.01138316379e-05,433.768681861,2.99389002305e-05,-214.717785708,-218.896304782,433.7687118,2.37110793766e-06,99.9984822399
1310,52.4,-218.889327071,-2.70375133028e-13,-2.95962313414e-05,433.76217789,2.94233064264e-05,-214.717785708,-218.889356667,433.762207314,2.33698571913e-06,99.9984743542
1311,52.44,-218.882328186,-2.62866392741e-13,-2.90901466431e-05,433.755612785,2.89192104277e-05,-214.717785708,-218.882357276,433.755641704,2.30356887369e-06,99.9984664289
1312,52.48,-218.875278691,-2.55618669057e-13,-2.85951688502e-05,433.748987115,2.8426202341e-05,-214.717785708,-218.875307286,433.749015541,2.27083213824e-06,99.9984584639
1313,52.52,-218.868179264,-2.48613334123e-13,-2.81109003299e-05,433.742301458,2.79438825369e-05,-214.717785708,-218.868207375,433.742329402,2.23875120126e-06,99.9984504587
1314,52.56,-218.861030589,-2.41831766377e-13,-2.76369650562e-05,433.735556397,2.74718723562e-05,-214.717785708,-218.861058226,433.735583869,2.20730331418e-06,99.9984424132
1315,52.6,-218.853833349,-2.3525606204e-13,-2.71730180869e-05,433.728752518,2.7009823784e-05,-214.717785708,-218.853860522,433.728779528,2.17646782485e-06,99.9984343269
1316,52.64,-218.846588232,-2.28869677824e-13,-2.67187534002e-05,433.721890414,2.65574275077e-05,-214.717785708,-218.846614951,433.721916972,2.14622660114e-06,99.9984261997
1317,52.68,-218.839295928,-2.22657978252e-13,-2.62739096226e-05,433.714970683,2.61144188813e-05,-214.717785708,-218.839322202,433.714996798,2.11656431904e-06,99.9984180312
1318,52.72,-218.831957128,-2.16608666097e-13,-2.58382733075e-05,433.707993927,2.56805814431e-05,-214.717785708,-218.831982966,433.708019608,2.08746859842e-06,99.9984098212
1319,52.76,-218.824572526,-2.10712070885e-13,-2.54116795704e-05,433.700960754,2.5255747779e-05,-214.717785708,-218.824597938,433.70098601,2.05892997846e-06,99.9984015693
1320,52.8,-218.81714282,-2.04961271545e-13,-2.49940100499e-05,433.693871776,2.48397976762e-05,-214.717785708,-218.817167814,433.693896616,2.03094173469e-06,99.9983932753
1321,52.84,-218.809668708,-1.99352043904e-13,-2.45851883253e-05,433.686727611,2.44326536832e-05,-214.717785708,-218.809693293,433.686752044,2.00349954869e-06,99.998384939
1322,52.88,-218.802150891,-1.93882647323e-13,-2.41851730786e-05,433.679528881,2.40342743528e-05,-214.717785708,-218.802175076,433.679552916,1.97660105049e-06,99.99837656
1323,52.92,-218.794590072,-1.88553483184e-13,-2.37939494172e-05,433.672276214,2.3644645589e-05,-214.717785708,-218.794613866,433.672299859,1.950245261e-06,99.9983681381
1324,52.96,-218.786986956,-1.83366661174e-13,-2.34115188792e-05,433.664970242,2.32637706205e-05,-214.717785708,-218.787010367,433.664993506,1.92443196775e-06,99.9983596729
1325,53,-218.779342249,-1.78325500452e-13,-2.30378887088e-05,433.657611602,2.28916591935e-05,-214.717785708,-218.779365287,433.657634494,1.89916107073e-06,99.9983511643
1326,53.04,-218.771656662,-1.7343398481e-13,-2.26730610315e-05,433.650200936,2.25283166115e-05,-214.717785708,-218.771679335,433.650223465,1.87443193644e-06,99.998342612
1327,53.08,-218.763930905,-1.68696194206e-13,-2.23170225577e-05,433.642738891,2.21737332534e-05,-214.717785708,-218.763953222,433.642761064,1.85024279743e-06,99.9983340156
1328,53.12,-218.75616569,-1.64115746935e-13,-2.19697354076e-05,433.635226116,2.18278751772e-05,-214.717785708,-218.756187659,433.635247944,1.82659023125e-06,99.9983253749
1329,53.16,-218.748361732,-1.59695295141e-13,-2.1631129578e-05,433.62766327,2.14906763471e-05,-214.717785708,-218.748383363,433.62768476,1.80346874806e-06,99.9983166896
1330,53.2,-218.740519747,-1.55436111265e-13,-2.13010974605e-05,433.620051011,2.11620329198e-05,-214.717785708,-218.740541048,433.620072173,1.78087050919e-06,99.9983079595
1331,53.24,-218.732640453,-1.5133778663e-13,-2.09794906931e-05,433.612390006,2.08417998834e-05,-214.717785708,-218.732661432,433.612410848,1.75878519087e-06,99.9982991842
1332,53.28,-218.724724569,-1.47398047516e-13,-2.06661194858e-05,433.604680923,2.05297901999e-05,-214.717785708,-218.724745235,433.604701453,1.73719999891e-06,99.9982903634
1333,53.32,-218.716772816,-1.43612688633e-13,-2.03607544187e-05,433.596924438,2.02257764544e-05,-214.717785708,-218.716793177,433.596944664,1.71609983078e-06,99.998281497
1334,53.36,-218.708785917,-1.39975626867e-13,-2.00631305685e-05,433.589121228,1.99294948793e-05,-214.717785708,-218.70880598,433.589141157,1.69546757357e-06,99.9982725845
1335,53.4,-218.700764595,-1.36479078627e-13,-1.97729536885e-05,433.581271976,1.96406514885e-05,-214.717785708,-218.700784368,433.581291617,1.67528451843e-06,99.9982636257
1336,53.44,-218.692709576,-1.33113853664e-13,-1.94899080523e-05,433.573377371,1.93589299407e-05,-214.717785708,-218.692729066,433.57339673,1.65553086605e-06,99.9982546202
1337,53.48,-218.684621587,-1.29869740337e-13,-1.9213665478e-05,433.565438102,1.90840006464e-05,-214.717785708,-218.6846408,433.565457186,1.636186293e-06,99.9982455679
1338,53.52,-218.676501354,-1.26735944095e-13,-1.89438950011e-05,433.557454868,1.88155305712e-05,-214.717785708,-218.676520298,433.557473683,1.61723054564e-06,99.9982364683
1339,53.56,-218.668349607,-1.23701541354e-13,-1.86802726379e-05,433.549428366,1.85531931661e-05,-214.717785708,-218.668368287,433.549446919,1.59864402789e-06,99.9982273212
1340,53.6,-218.660167076,-1.20755921891e-13,-1.84224906976e-05,433.541359303,1.82966778695e-05,-214.717785708,-218.660185498,433.541377599,1.58040834992e-06,99.9982181263
1341,53.64,-218.651954492,-1.17889202943e-13,-1.8170266133e-05,433.533248385,1.80456986676e-05,-214.717785708,-218.651972662,433.533266431,1.56250680809e-06,99.9982088833
1342,53.68,-218.643712588,-1.1509259882e-13,-1.79233474855e-05,433.525096326,1.78000012609e-05,-214.717785708,-218.643730511,433.525114126,1.54492477094e-06,99.998199592
1343,53.72,-218.635442096,-1.12358724066e-13,-1.76815200666e-05,433.516903842,1.75593684619e-05,-214.717785708,-218.635459778,433.516921401,1.52764995198e-06,99.9981902519
1344,53.76,-218.627143751,-1.09681806369e-13,-1.74446091284e-05,433.508671653,1.73236235593e-05,-214.717785708,-218.627161196,433.508688976,1.51067255672e-06,99.9981808628
1345,53.8,-218.618818288,-1.07057794462e-13,-1.7212480897e-05,433.500400483,1.70926315025e-05,-214.717785708,-218.618835501,433.500417575,1.49398529875e-06,99.9981714245
1346,53.84,-218.610466442,-1.04484362171e-13,-1.69850414697e-05,433.492091061,1.68662979e-05,-214.717785708,-218.610483427,433.492107927,1.47758328711e-06,99.9981619367
1347,53.88,-218.60208895,-1.01960821889e-13,-1.6762233689e-05,433.483744118,1.66445659456e-05,-214.717785708,-218.602105713,433.483760762,1.461463794e-06,99.998152399
1348,53.92,-218.59368655,-9.94879623272e-14,-1.65440322109e-05,433.47536039,1.64274114909e-05,-214.717785708,-218.593703094,433.475376817,1.44562591847e-06,99.9981428112
1349,53.96,-218.585259978,-9.70678199886e-14,-1.6330437078e-05,433.466940616,1.62148365733e-05,-214.717785708,-218.585276308,433.466956831,1.43007016662e-06,99.998133173
1350,54,-218.576809973,-9.47033911258e-14,-1.61214661796e-05,433.458485539,1.60068617798e-05,-214.717785708,-218.576826094,433.458501546,1.41479797297e-06,99.9981234841
1351,54.04,-218.568337274,-9.23982966535e-14,-1.59171470372e-05,433.449995905,1.58035178861e-05,-214.717785708,-218.568353191,433.450011709,1.39981119029e-06,99.9981137443
1352,54.08,-218.559842621,-9.01564225518e-14,-1.57175083787e-05,433.441472465,1.56048372469e-05,-214.717785708,-218.559858338,433.44148807,1.38511157586e-06,99.9981039532
1353,54.12,-218.551326753,-8.79815635543e-14,-1.55225719601e-05,433.432915971,1.54108454152e-05,-214.717785708,-218.551342275,433.432931382,1.37070030194e-06,99.9980941107
1354,54.16,-218.542790409,-8.58770935345e-14,-1.53323450647e-05,433.42432718,1.52215534369e-05,-214.717785708,-218.542805742,433.424342401,1.356577516e-06,99.9980842163
1355,54.2,-218.534234331,-8.38456763745e-14,-1.51468140625e-05,433.415706852,1.50369512125e-05,-214.717785708,-218.534249478,433.415721889,1.34274197292e-06,99.9980742699
1356,54.24,-218.525659259,-8.18890250013e-14,-1.49659393483e-05,433.40705575,1.48570022524e-05,-214.717785708,-218.525674225,433.407070607,1.32919075729e-06,99.9980642711
1357,54.28,-218.517065933,-8.00077176913e-14,-1.47896519008e-05,433.39837464,1.46816400732e-05,-214.717785708,-218.517080723,433.398389322,1.31591910846e-06,99.9980542197
1358,54.32,-218.508455094,-7.82010849483e-14,-1.4617851614e-05,433.389664292,1.45107664007e-05,-214.717785708,-218.508469712,433.389678803,1.30292035559e-06,99.9980441153
1359,54.36,-218.499827483,-7.64671790182e-14,-1.44504074513e-05,433.380925479,1.43442512428e-05,-214.717785708,-218.499841934,433.380939823,1.29018596387e-06,99.9980339577
1360,54.4,-218.491183841,-7.48028285246e-14,-1.42871593747e-05,433.372158975,1.41819347909e-05,-214.717785708,-218.491198128,433.372173157,1.27770568722e-06,99.9980237466
1361,54.44,-218.482524908,-7.32037683527e-14,-1.41279219103e-05,433.363365559,1.40236310087e-05,-214.717785708,-218.482539036,433.363379583,1.2654678175e-06,99.9980134817
1362,54.48,-218.473851425,-7.1664828093e-14,-1.39724891295e-05,433.354546013,1.38691326799e-05,-214.717785708,-218.473865398,433.354559882,1.25345951528e-06,99.9980031626
1363,54.52,-218.465164133,-7.01801637887e-14,-1.38206407647e-05,433.345701119,1.37182176254e-05,-214.717785708,-218.465177953,433.345714837,1.24166720346e-06,99.9979927892
1364,54.56,-218.45646377,-6.87435221698e-14,-1.36721491177e-05,433.336831665,1.35706557485e-05,-214.717785708,-218.456477442,433.336845236,1.23007700207e-06,99.997982361
1365,54.6,-218.447751078,-6.7348526743e-14,-1.35267863887e-05,433.32793844,1.34262165292e-05,-214.717785708,-218.447764605,433.327951866,1.21867518095e-06,99.9979718779
1366,54.64,-218.439026795,-6.59889694777e-14,-1.33843320286e-05,433.319022235,1.32846765666e-05,-214.717785708,-218.439040179,433.31903552,1.20744860636e-06,99.9979613394
1367,54.68,-218.43029166,-6.46590859771e-14,-1.3244579732e-05,433.310083845,1.31458267659e-05,-214.717785708,-218.430304905,433.310096991,1.19638515848e-06,99.9979507454
1368,54.72,-218.421546413,-6.33537927206e-14,-1.3107343711e-05,433.301124067,1.30094787966e-05,-214.717785708,-218.42155952,433.301137077,1.18547409851e-06,99.9979400954
1369,54.76,-218.41279179,-6.20688730689e-14,-1.29724639397e-05,433.292143699,1.28754704956e-05,-214.717785708,-218.412804762,433.292156575,1.17470636702e-06,99.9979293893
1370,54.8,-218.404028529,-6.08011084534e-14,-1.28398101166e-05,433.283143543,1.27436699596e-05,-214.717785708,-218.404041369,433.283156287,1.16407479918e-06,99.9979186266
1371,54.84,-218.395257367,-5.95483559504e-14,-1.27092841568e-05,433.274124402,1.2613978136e-05,-214.717785708,-218.395270077,433.274137016,1.15357424677e-06,99.9979078073
1372,54.88,-218.38647904,-5.83095722184e-14,-1.25808211063e-05,433.265087081,1.24863298003e-05,-214.717785708,-218.386491621,433.265099567,1.14320160177e-06,99.9978969308
1373,54.92,-218.377694283,-5.70847814198e-14,-1.24543884486e-05,433.256032388,1.23606928855e-05,-214.717785708,-218.377706738,433.256044749,1.13295572184e-06,99.997885997
1374,54.96,-218.368903831,-5.58749865802e-14,-1.2329983864e-05,433.246961133,1.22370662173e-05,-214.717785708,-218.368916161,433.24697337,1.12283726241e-06,99.9978750056
1375,55,-218.360108416,-5.46820302127e-14,-1.22076315804e-05,433.237874126,1.21154757953e-05,-214.717785708,-218.360120623,433.237886242,1.11284842534e-06,99.9978639562
1376,55.04,-218.351308771,-5.3508416354e-14,-1.20873775219e-05,433.228772182,1.1995969837e-05,-214.717785708,-218.351320859,433.228784177,1.10299263799e-06,99.9978528487
1377,55.08,-218.342505628,-5.23571078746e-14,-1.19692835223e-05,433.219656114,1.18786128592e-05,-214.717785708,-218.342517598,433.219667992,1.09327417994e-06,99.9978416827
1378,55.12,-218.333699718,-5.12313101082e-14,-1.18534209066e-05,433.210526739,1.17634791127e-05,-214.717785708,-218.333711571,433.210538503,1.083697777e-06,99.9978304579
1379,55.16,-218.324891768,-5.01342487673e-14,-1.17398637774e-05,433.201384876,1.16506457088e-05,-214.717785708,-218.324903508,433.201396527,1.07426818363e-06,99.9978191741
1380,55.2,-218.316082509,-4.90689505461e-14,-1.16286823486e-05,433.192231344,1.15401857894e-05,-214.717785708,-218.316094138,433.192242884,1.06498977496e-06,99.9978078309
1381,55.24,-218.307272666,-4.80380382002e-14,-1.15199366653e-05,433.183066963,1.14321620872e-05,-214.717785708,-218.307284186,433.183078395,1.05586616886e-06,99.9977964281
1382,55.28,-218.298462965,-4.70435541339e-14,-1.14136710186e-05,433.173892556,1.13266211986e-05,-214.717785708,-218.298474379,433.173903883,1.04689989654e-06,99.9977849655
1383,55.32,-218.289654131,-4.60868244025e-14,-1.13099093227e-05,433.164708946,1.12235888453e-05,-214.717785708,-218.289665441,433.16472017,1.03809213745e-06,99.9977734426
1384,55.36,-218.280846886,-4.51683694589e-14,-1.12086516636e-05,433.155516959,1.11230663428e-05,-214.717785708,-218.280858094,433.155528082,1.02944253047e-06,99.9977618593
1385,55.4,-218.272041951,-4.42878628072e-14,-1.11098721684e-05,433.146317419,1.10250284218e-05,-214.717785708,-218.272053061,433.146328444,1.02094906943e-06,99.9977502152
1386,55.44,-218.263240047,-4.34441367156e-14,-1.10135182726e-05,433.137111153,1.09294224819e-05,-214.717785708,-218.263251061,433.137122082,1.01260808634e-06,99.99773851
1387,55.48,-218.254441892,-4.26352342708e-14,-1.09195113886e-05,433.127898989,1.08361692818e-05,-214.717785708,-218.254452812,433.127909825,1.00441432124e-06,99.9977267436
1388,55.52,-218.245648203,-4.18585060602e-14,-1.08277489112e-05,433.118681754,1.07451650013e-05,-214.717785708,-218.24565903,433.1186925,9.96361073233e-07,99.9977149154
1389,55.56,-218.236859694,-4.11107458559e-14,-1.07381074212e-05,433.109460279,1.06562845351e-05,-214.717785708,-218.236870432,433.109470935,9.88440423027e-07,99.9977030253
1390,55.6,-218.228077079,-4.03883545724e-14,-1.06504468969e-05,433.100235393,1.05693858209e-05,-214.717785708,-218.228087729,433.100245962,9.80643514301e-07,99.997691073
1391,55.64,-218.219301069,-3.96875189149e-14,-1.05646156934e-05,433.091007925,1.04843149501e-05,-214.717785708,-218.219311633,433.091018409,9.72960878068e-07,99.9976790581
1392,55.68,-218.210532374,-3.90043922109e-14,-1.04804560209e-05,433.081778707,1.04009117851e-05,-214.717785708,-218.210542854,433.081789108,9.6538278273e-07,99.9976669804
1393,55.72,-218.201771702,-3.83352682845e-14,-1.03978096355e-05,433.07254857,1.03190157868e-05,-214.717785708,-218.201782099,433.072558889,9.57899591473e-07,99.9976548395
1394,55.76,-218.193019758,-3.76767417789e-14,-1.03165234508e-05,433.063318345,1.02384717576e-05,-214.717785708,-218.193030074,433.063328583,9.50502108868e-07,99.9976426352
1395,55.8,-218.184277246,-3.70258485729e-14,-1.02364547907e-05,433.054088863,1.01591352148e-05,-214.717785708,-218.184287482,433.054099022,9.43181899552e-07,99.9976303671
1396,55.84,-218.175544868,-3.63801791893e-14,-1.01574760306e-05,433.044860957,1.00808771333e-05,-214.717785708,-218.175555025,433.044871038,9.35931563789e-07,99.997618035
1397,55.88,-218.166823323,-3.57379587938e-14,-1.00794784117e-05,433.035635457,1.0003587836e-05,-214.717785708,-218.166833403,433.035645461,9.28744957339e-07,99.9976056386
1398,55.92,-218.158113309,-3.50980904054e-14,-1.00023748651e-05,433.026413197,9.92717986184e-06,-214.717785708,-218.158123312,433.026423124,9.21617346206e-07,99.9975931775
1399,55.96,-218.149415521,-3.44601618466e-14,-9.92610173458e-06,433.017195006,9.85158970184e-06,-214.717785708,-218.149425447,433.017204857,9.14545490444e-07,99.9975806515
1400,56,-218.140730652,-3.38244195069e-14,-9.85061934801e-06,433.007981716,9.77677835399e-06,-214.717785708,-218.140740503,433.007991493,9.07527654905e-07,99.9975680603
1401,56.04,-218.132059392,-3.31917124108e-14,-9.7759114428e-06,432.998774159,9.70273070508e-06,-214.717785708,-218.132069168,432.998783862,9.00563548518e-07,99.9975554035
1402,56.08,-218.12340243,-3.2563409588e-14,-9.70198350753e-06,432.989573165,9.62945380474e-06,-214.717785708,-218.123412132,432.989582794,8.93654197168e-07,99.9975426809
1403,56.12,-218.114760451,-3.19412941429e-14,-9.62886015382e-06,432.980379563,9.55697414787e-06,-214.717785708,-218.11477008,432.98038912,8.86801758349e-07,99.9975298922
1404,56.16,-218.106134138,-3.13274392183e-14,-9.55658167595e-06,432.971194183,9.48533412849e-06,-214.717785708,-218.106143694,432.971203668,8.80009288335e-07,99.9975170371
1405,56.2,-218.097524172,-3.07240731022e-14,-9.48519999078e-06,432.962017853,9.41458786413e-06,-214.717785708,-218.097533657,432.962027268,8.73280474593e-07,99.9975041153
1406,56.24,-218.088931232,-3.01334415157e-14,-9.41477417221e-06,432.952851402,9.34479661368e-06,-214.717785708,-218.088940646,432.952860747,8.66619347392e-07,99.9974911265
1407,56.28,-218.080355992,-2.95576743362e-14,-9.34536580602e-06,432.943695657,9.27602402057e-06,-214.717785708,-218.080365337,432.943704933,8.60029985049e-07,99.9974780705
1408,56.32,-218.071799125,-2.89986626734e-14,-9.27703439041e-06,432.934551443,9.20833141199e-06,-214.717785708,-218.071808402,432.934560651,8.53516227046e-07,99.9974649468
1409,56.36,-218.063261302,-2.845795154e-14,-9.20983299772e-06,432.925419585,9.14177337362e-06,-214.717785708,-218.063270512,432.925428727,8.47081408341e-07,99.9974517554
1410,56.4,-218.054743189,-2.79366533999e-14,-9.14380439369e-06,432.916300908,9.07639380019e-06,-214.717785708,-218.054752333,432.916309985,8.40728126767e-07,99.9974384957
1411,56.44,-218.046245452,-2.74353876017e-14,-9.07897778209e-06,432.907196234,9.01222259385e-06,-214.717785708,-218.046254531,432.907205246,8.34458053439e-07,99.9974251676
1412,56.48,-218.03776875,-2.69542491057e-14,-9.01536630692e-06,432.898106384,8.94927314538e-06,-214.717785708,-218.037777766,432.898115333,8.28271793751e-07,99.9974117707
1413,56.52,-218.029313744,-2.64928071836e-14,-8.95296540433e-06,432.889032177,8.88754069017e-06,-214.717785708,-218.029322697,432.889041065,8.2216880389e-07,99.9973983048
1414,56.56,-218.020881088,-2.60501321573e-14,-8.89175205312e-06,432.879974433,8.82700158602e-06,-214.717785708,-218.020889979,432.87998326,8.16147365022e-07,99.9973847696
1415,56.6,-218.012471434,-2.56248468417e-14,-8.83168493097e-06,432.870933968,8.76761351652e-06,-214.717785708,-218.012480266,432.870942735,8.10204614572e-07,99.9973711647
1416,56.64,-218.004085433,-2.52151990949e-14,-8.77270544218e-06,432.861911596,8.70931658307e-06,-214.717785708,-218.004094206,432.861920305,8.04336631438e-07,99.9973574898
1417,56.68,-217.99572373,-2.48191517063e-14,-8.71473954455e-06,432.852908131,8.65203521053e-06,-214.717785708,-217.995732445,432.852916783,7.98538569683e-07,99.9973437446
1418,56.72,-217.987386969,-2.44344848712e-14,-8.65770026869e-06,432.843924384,8.59568075625e-06,-214.717785708,-217.987395626,432.84393298,7.92804833197e-07,99.9973299289
1419,56.76,-217.979075788,-2.40589049853e-14,-8.60149079467e-06,432.834961165,8.54015468205e-06,-214.717785708,-217.97908439,432.834969705,7.8712928226e-07,99.9973160423
1420,56.8,-217.970790826,-2.36901525767e-14,-8.5460079306e-06,432.82601928,8.48535212734e-06,-214.717785708,-217.970799372,432.826027766,7.81505461756e-07,99.9973020845
1421,56.84,-217.962532714,-2.33261028186e-14,-8.49114582576e-06,432.817099535,8.43116570953e-06,-214.717785708,-217.962541205,432.817107966,7.75926840149e-07,99.9972880552
1422,56.88,-217.954302083,-2.29648539632e-14,-8.43679974716e-06,432.808202733,8.3774893763e-06,-214.717785708,-217.95431052,432.80821111,7.70387048225e-07,99.9972739541
1423,56.92,-217.946099558,-2.26048010111e-14,-8.38286975098e-06,432.799329673,8.32422213874e-06,-214.717785708,-217.946107941,432.799337997,7.64880106993e-07,99.9972597808
1424,56.96,-217.937925764,-2.22446928953e-14,-8.3292640899e-06,432.790481154,8.2712715247e-06,-214.717785708,-217.937934093,432.790489425,7.59400634925e-07,99.9972455351
1425,57,-217.929781319,-2.18836714517e-14,-8.27590221273e-06,432.781657971,8.21855660692e-06,-214.717785708,-217.929789595,432.78166619,7.53944025943e-07,99.9972312167
1426,57.04,-217.921666838,-2.15212904318e-14,-8.22271723463e-06,432.772860917,8.16601048239e-06,-214.717785708,-217.921675061,432.772869083,7.48506591053e-07,99.9972168252
1427,57.08,-217.913582935,-2.11575136887e-14,-8.16965778322e-06,432.764090783,8.11358210718e-06,-214.717785708,-217.913591105,432.764098896,7.43085658326e-07,99.9972023604
1428,57.12,-217.905530218,-2.07926933959e-14,-8.11668915603e-06,432.755348354,8.0612374236e-06,-214.717785708,-217.905538335,432.755356416,7.37679627831e-07,99.9971878218
1429,57.16,-217.897509291,-2.04275307928e-14,-8.06379375631e-06,432.746634417,8.00895974968e-06,-214.717785708,-217.897517355,432.746642426,7.32287980198e-07,99.9971732093
1430,57.2,-217.889520756,-2.00630226413e-14,-8.0109708052e-06,432.737949751,7.95674943322e-06,-214.717785708,-217.889528767,432.737957708,7.26911239477e-07,99.9971585225
1431,57.24,-217.88156521,-1.97003963411e-14,-7.95823535913e-06,432.729295136,7.9046228028e-06,-214.717785708,-217.881573168,432.729303041,7.21550892961e-07,99.9971437611
1432,57.28,-217.873643246,-1.9341036342e-14,-7.90561669026e-06,432.720671346,7.85261047649e-06,-214.717785708,-217.873651151,432.720679199,7.16209272426e-07,99.9971289248
1433,57.32,-217.865755454,-1.89864048381e-14,-7.85315611429e-06,432.712079154,7.8007551161e-06,-214.717785708,-217.865763307,432.712086955,7.10889402789e-07,99.9971140132
1434,57.36,-217.85790242,-1.86379606518e-14,-7.80090437245e-06,432.703519327,7.74910873734e-06,-214.717785708,-217.857910221,432.703527076,7.05594825489e-07,99.9970990262
1435,57.4,-217.850084725,-1.8297080883e-14,-7.74891869059e-06,432.694992631,7.69772970326e-06,-214.717785708,-217.850092474,432.695000329,7.00329404748e-07,99.9970839633
1436,57.44,-217.842302948,-1.79649896469e-14,-7.69725964906e-06,432.686499827,7.64667953861e-06,-214.717785708,-217.842310645,432.686507474,6.95097125447e-07,99.9970688242
1437,57.48,-217.834557662,-1.76426972049e-14,-7.64598800233e-06,432.678041674,7.59601970597e-06,-214.717785708,-217.834565308,432.67804927,6.8990189154e-07,99.9970536087
1438,57.52,-217.826849436,-1.73309518138e-14,-7.59516158642e-06,432.669618924,7.54580848339e-06,-214.717785708,-217.826857032,432.66962647,6.84747333725e-07,99.9970383164
1439,57.56,-217.819178837,-1.70302062016e-14,-7.54483244655e-06,432.661232329,7.49609807611e-06,-214.717785708,-217.819186382,432.661239825,6.79636634505e-07,99.997022947
1440,57.6,-217.811546425,-1.67406004311e-14,-7.4950443043e-06,432.652882635,7.44693208298e-06,-214.717785708,-217.81155392,432.652890082,6.7457237787e-07,99.9970075003
1441,57.64,-217.803952758,-1.64619622255e-14,-7.44583046553e-06,432.644570584,7.39834341882e-06,-214.717785708,-217.803960204,432.644577982,6.69556429512e-07,99.9969919758
1442,57.68,-217.796398389,-1.61938242921e-14,-7.39721224762e-06,432.636296914,7.35035277032e-06,-214.717785708,-217.796405786,432.636304265,6.64589852039e-07,99.9969763733
1443,57.72,-217.788883866,-1.59354563698e-14,-7.34919797994e-06,432.628062361,7.30296763671e-06,-214.717785708,-217.788891215,432.628069664,6.59672857992e-07,99.9969606924
1444,57.76,-217.781409734,-1.56859086562e-14,-7.30178260619e-06,432.619867653,7.2561819803e-06,-214.717785708,-217.781417036,432.619874909,6.54804801797e-07,99.9969449329
1445,57.8,-217.773976533,-1.54440633591e-14,-7.25494789174e-06,432.611713517,7.2099764865e-06,-214.717785708,-217.773983788,432.611720727,6.49984210056e-07,99.9969290944
1446,57.84,-217.766584798,-1.52086917534e-14,-7.20866321226e-06,432.603600673,7.16431940772e-06,-214.717785708,-217.766592006,432.603607837,6.45208847918e-07,99.9969131766
1447,57.88,-217.759235061,-1.49785143349e-14,-7.16288687479e-06,432.595529838,7.11916794e-06,-214.717785708,-217.759242224,432.595536958,6.40475817727e-07,99.9968971792
1448,57.92,-217.751927848,-1.47522611183e-14,-7.11756789821e-06,432.587501725,7.07447005703e-06,-214.717785708,-217.751934966,432.5875088,6.35781684753e-07,99.9968811018
1449,57.96,-217.744663682,-1.4528728476e-14,-7.07264816219e-06,432.579517041,7.03016670705e-06,-214.717785708,-217.744670755,432.579524071,6.31122623796e-07,99.9968649441
1450,58,-217.737443081,-1.4306829115e-14,-7.0280648205e-06,432.571576488,6.9861942654e-06,-214.717785708,-217.737450109,432.571583474,6.26494579664e-07,99.9968487058
1451,58.04,-217.730266558,-1.40856330337e-14,-6.9837528673e-06,432.563680764,6.94248712952e-06,-214.717785708,-217.730273542,432.563687706,6.21893434148e-07,99.9968323865
1452,58.08,-217.723134621,-1.38643988069e-14,-6.939647742e-06,432.555830562,6.8989803416e-06,-214.717785708,-217.72314156,432.555837461,6.17315172037e-07,99.996815986
1453,58.12,-217.716047774,-1.36425953278e-14,-6.89568785862e-06,432.54802657,6.85561212576e-06,-214.717785708,-217.71605467,432.548033426,6.12756038952e-07,99.9967995039
1454,58.16,-217.709006517,-1.34199139299e-14,-6.85181695092e-06,432.540269471,6.81232623133e-06,-214.717785708,-217.709013369,432.540276284,6.08212684297e-07,99.9967829399
1455,58.2,-217.702011344,-1.31962703544e-14,-6.80798613505e-06,432.532559942,6.76907398391e-06,-214.717785708,-217.702018152,432.532566711,6.03682283484e-07,99.9967662936
1456,58.24,-217.695062746,-1.29717961789e-14,-6.76415560682e-06,432.524898656,6.72581596158e-06,-214.717785708,-217.69506951,432.524905382,5.99162634632e-07,99.9967495648
1457,58.28,-217.688161207,-1.27468202725e-14,-6.72029591081e-06,432.51728628,6.68252323455e-06,-214.717785708,-217.688167927,432.517292962,5.94652226239e-07,99.996732753
1458,58.32,-217.681307208,-1.25218419185e-14,-6.67638873944e-06,432.509723474,6.63917812879e-06,-214.717785708,-217.681313884,432.509730114,5.90150273686e-07,99.9967158579
1459,58.36,-217.674501224,-1.22974976876e-14,-6.63242724185e-06,432.502210896,6.59577449635e-06,-214.717785708,-217.674507857,432.502217492,5.85656723908e-07,99.9966988794
1460,58.4,-217.667743726,-1.20745239008e-14,-6.58841584411e-06,432.494749196,6.55231749582e-06,-214.717785708,-217.667750315,432.494755749,5.81172228971e-07,99.9966818169
1461,58.44,-217.661035181,-1.18537161544e-14,-6.5443696026e-06,432.487339019,6.50882290679e-06,-214.717785708,-217.661041725,432.487345528,5.76698090624e-07,99.9966646701
1462,58.48,-217.654376048,-1.16358874819e-14,-6.50031313236e-06,432.479981004,6.46531602126e-06,-214.717785708,-217.654382548,432.479987469,5.72236179104e-07,99.9966474389
1463,58.52,-217.647766783,-1.14218271905e-14,-6.45627916928e-06,432.472675784,6.42183017298e-06,-214.717785708,-217.64777324,432.472682206,5.67788830469e-07,99.9966301227
1464,58.56,-217.641207839,-1.12122626527e-14,-6.41230683917e-06,432.465423986,6.37840497911e-06,-214.717785708,-217.641214251,432.465430365,5.63358727498e-07,99.9966127213
1465,58.6,-217.63469966,-1.10078259651e-14,-6.3684397163e-06,432.458226233,6.33508437857e-06,-214.717785708,-217.634706029,432.458232568,5.58948769791e-07,99.9965952344
1466,58.64,-217.628242689,-1.08090266583e-14,-6.32472376049e-06,432.45108314,6.29191455604e-06,-214.717785708,-217.628249014,432.451089432,5.54561938938e-07,99.9965776617
1467,58.68,-217.62183736,-1.06162311539e-14,-6.28120522335e-06,432.443995316,6.24894184223e-06,-214.717785708,-217.621843641,432.444001565,5.50201164629e-07,99.9965600027
1468,58.72,-217.615484105,-1.0429649645e-14,-6.23792861229e-06,432.436963364,6.2062106789e-06,-214.717785708,-217.615490343,432.43696957,5.45869197301e-07,99.9965422572
1469,58.76,-217.609183349,-1.02493311294e-14,-6.19493479451e-06,432.429987881,6.16376173076e-06,-214.717785708,-217.609189544,432.429994045,5.4156849236e-07,99.9965244249
1470,58.8,-217.602935514,-1.00751668795e-14,-6.15225931332e-06,432.423069459,6.12163021642e-06,-214.717785708,-217.602941666,432.42307558,5.37301110366e-07,99.9965065053
1471,58.84,-217.596741015,-9.90690163692e-15,-6.10993097725e-06,432.416208681,6.07984451766e-06,-214.717785708,-217.596747125,432.41621476,5.3306863669e-07,99.9964884983
1472,58.88,-217.590600261,-9.7441509189e-15,-6.06797076936e-06,432.409406125,6.03842511238e-06,-214.717785708,-217.590606329,432.409412163,5.28872123248e-07,99.9964704034
1473,58.92,-217.584513659,-9.58642265679e-15,-6.02639110976e-06,432.402662362,5.99738386253e-06,-214.717785708,-217.584519686,432.402668359,5.24712053924e-07,99.9964522203
1474,58.96,-217.578481609,-9.43314194935e-15,-5.98519548969e-06,432.395977958,5.95672367407e-06,-214.717785708,-217.578487594,432.395983914,5.20588334208e-07,99.9964339487
1475,59,-217.572504504,-9.28367829054e-15,-5.94437847902e-06,432.38935347,5.91643853035e-06,-214.717785708,-217.572510448,432.389359386,5.16500304597e-07,99.9964155882
1476,59.04,-217.566582734,-9.13737453826e-15,-5.90392609289e-06,432.382789449,5.87651388432e-06,-214.717785708,-217.566588638,432.382795326,5.12446776305e-07,99.9963971386
1477,59.08,-217.560716685,-8.99357618779e-15,-5.8638164886e-06,432.376286441,5.83692737927e-06,-214.717785708,-217.560722548,432.376292278,5.08426087025e-07,99.9963785994
1478,59.12,-217.554906733,-8.85165894505e-15,-5.82402095213e-06,432.369844982,5.79764985588e-06,-214.717785708,-217.554912557,432.36985078,5.04436173801e-07,99.9963599704
1479,59.16,-217.549153254,-8.71105282487e-15,-5.78450512525e-06,432.363465605,5.75864659505e-06,-214.717785708,-217.549159039,432.363471363,5.00474659523e-07,99.9963412512
1480,59.2,-217.543456615,-8.57126193554e-15,-5.74523041773e-06,432.357148831,5.71987874045e-06,-214.717785708,-217.54346236,432.357154551,4.96538949177e-07,99.9963224414
1481,59.24,-217.537817179,-8.43187999992e-15,-5.70615554444e-06,432.350895179,5.6813048412e-06,-214.717785708,-217.537822885,432.350900861,4.9262633173e-07,99.9963035408
1482,59.28,-217.532235303,-8.29260185337e-15,-5.6672381237e-06,432.344705159,5.64288245135e-06,-214.717785708,-217.532240971,432.344710802,4.88734083498e-07,99.996284549
1483,59.32,-217.52671134,-8.15323071431e-15,-5.62843627219e-06,432.338579272,5.60456972195e-06,-214.717785708,-217.526716969,432.338584876,4.84859568922e-07,99.9962654656
1484,59.36,-217.521245636,-8.01368061112e-15,-5.5897101344e-06,432.332518013,5.5663269232e-06,-214.717785708,-217.521251226,432.33252358,4.81000334977e-07,99.9962462904
1485,59.4,-217.515838533,-7.87397353389e-15,-5.55102329048e-06,432.326521872,5.52811784075e-06,-214.717785708,-217.515844084,432.3265274,4.77154195836e-07,99.9962270229
1486,59.44,-217.510490365,-7.73423159307e-15,-5.51234399428e-06,432.320591329,5.48991099842e-06,-214.717785708,-217.510495878,432.320596819,4.73319304912e-07,99.9962076629
1487,59.48,-217.505201464,-7.59466513691e-15,-5.47364620228e-06,432.314726857,5.45168066947e-06,-214.717785708,-217.505206938,432.314732308,4.69494212025e-07,99.99618821
1488,59.52,-217.499972154,-7.45555794486e-15,-5.43491036252e-06,432.308928922,5.41340764707e-06,-214.717785708,-217.499977589,432.308934335,4.65677904054e-07,99.9961686639
1489,59.56,-217.494802754,-7.31725033954e-15,-5.39612394232e-06,432.303197982,5.37507975339e-06,-214.717785708,-217.49480815,432.303203357,4.61869828118e-07,99.9961490242
1490,59.6,-217.489693578,-7.18012078532e-15,-5.35728168268e-06,432.297534489,5.33669207634e-06,-214.717785708,-217.489698936,432.297539826,4.5806989702e-07,99.9961292907
1491,59.64,-217.484644935,-7.04456657479e-15,-5.31838557865e-06,432.291938887,5.29824693339e-06,-214.717785708,-217.484650254,432.291944185,4.54278477341e-07,99.9961094629
1492,59.68,-217.479657127,-6.91098443879e-15,-5.27944459506e-06,432.286411609,5.2597535728e-06,-214.717785708,-217.479662406,432.286416869,4.50496361211e-07,99.9960895406
1493,59.72,-217.474730451,-6.77975203013e-15,-5.24047413675e-06,432.280953085,5.22122763201e-06,-214.717785708,-217.474735691,432.280958307,4.46724723331e-07,99.9960695235
1494,59.76,-217.469865199,-6.65121108654e-15,-5.2014953008e-06,432.275563736,5.18269038101e-06,-214.717785708,-217.4698704,432.275568918,4.42965065318e-07,99.9960494111
1495,59.8,-217.465061656,-6.52565285356e-15,-5.16253394451e-06,432.270243972,5.14416778468e-06,-214.717785708,-217.465066819,432.270249116,4.39219149789e-07,99.9960292032
1496,59.84,-217.460320103,-6.40330627574e-15,-5.12361960849e-06,432.2649942,5.10568942349e-06,-214.717785708,-217.460325227,432.264999306,4.3548892691e-07,99.9960088994
1497,59.88,-217.455640816,-6.28432952157e-15,-5.08478433801e-06,432.259814816,5.06728731554e-06,-214.717785708,-217.4556459,432.259819883,4.31776456262e-07,99.9959884995
1498,59.92,-217.451024062,-6.16880533229e-15,-5.04606144771e-06,432.254706208,5.02899468548e-06,-214.717785708,-217.451029108,432.254711237,4.28083827016e-07,99.995968003
1499,59.96,-217.446470106,-6.05674030758e-15,-5.00748427571e-06,432.249668758,4.99084472554e-06,-214.717785708,-217.446475113,432.249673749,4.24413079311e-07,99.9959474097
1500,60,-217.441979205,-5.94806773581e-15,-4.96908497182e-06,432.24470284,4.95286939295e-06,-214.717785708,-217.441984174,432.244707792,4.20766129672e-07,99.9959267193
1501,60.04,-217.437551612,-5.84265331269e-15,-4.93089336249e-06,432.239808816,4.91509828559e-06,-214.717785708,-217.437556543,432.239813732,4.17144703035e-07,99.9959059313
1502,60.08,-217.433187573,-5.74030323582e-15,-4.89293593203e-06,432.234987046,4.87755763452e-06,-214.717785708,-217.433192466,432.234991923,4.13550273663e-07,99.9958850456
1503,60.12,-217.428887329,-5.64077446584e-15,-4.85523495425e-06,432.230237877,4.84026944757e-06,-214.717785708,-217.428892184,432.230242717,4.09984016834e-07,99.9958640617
1504,60.16,-217.424651116,-5.54378698508e-15,-4.81780780241e-06,432.225561649,4.80325083141e-06,-214.717785708,-217.424655933,432.225566453,4.06446772776e-07,99.9958429794
1505,60.2,-217.420479162,-5.4490375053e-15,-4.78066645729e-06,432.220958696,4.76651351151e-06,-214.717785708,-217.420483943,432.220963463,4.02939023824e-07,99.9958217983
1506,60.24,-217.416371693,-5.35621358076e-15,-4.74381722529e-06,432.216429342,4.73006356106e-06,-214.717785708,-217.416376437,432.216434072,3.99460885314e-07,99.9958005181
1507,60.28,-217.412328926,-5.26500694182e-15,-4.70726067096e-06,432.211973902,4.69390134245e-06,-214.717785708,-217.412333633,432.211978596,3.960121102e-07,99.9957791385
1508,60.32,-217.408351073,-5.17512525018e-15,-4.67099176167e-06,432.207592685,4.65802165836e-06,-214.717785708,-217.408355744,432.207597343,3.92592106889e-07,99.9957576592
1509,60.36,-217.404438342,-5.08630208769e-15,-4.63500021482e-06,432.203285989,4.6224141032e-06,-214.717785708,-217.404442977,432.203290612,3.89199969308e-07,99.9957360798
1510,60.4,-217.400590933,-4.99830534059e-15,-4.59927103094e-06,432.199054106,4.58706359826e-06,-214.717785708,-217.400595532,432.199058693,3.85834517816e-07,99.9957144
1511,60.44,-217.396809042,-4.91094402113e-15,-4.56378518863e-06,432.194897319,4.55195108699e-06,-214.717785708,-217.396813606,432.19490187,3.82494349165e-07,99.9956926196
1512,60.48,-217.39309286,-4.82407322039e-15,-4.52852047096e-06,432.190815901,4.51705435978e-06,-214.717785708,-217.393097388,432.190820418,3.79177893479e-07,99.9956707381
1513,60.52,-217.389442568,-4.73759673469e-15,-4.49345238916e-06,432.186810118,4.4823489742e-06,-214.717785708,-217.389447062,432.186814601,3.75883475979e-07,99.9956487553
1514,60.56,-217.385858347,-4.65146715705e-15,-4.45855516708e-06,432.182880229,4.44780923416e-06,-214.717785708,-217.385862805,432.182884677,3.72609381059e-07,99.995626671
1515,60.6,-217.382340368,-4.56568368461e-15,-4.42380274966e-06,432.179026482,4.41340919184e-06,-214.717785708,-217.382344792,432.179030895,3.69353916299e-07,99.9956044846
1516,60.64,-217.378888798,-4.48028820536e-15,-4.3891697986e-06,432.175249117,4.3791236361e-06,-214.717785708,-217.378893187,432.175253496,3.66115474059e-07,99.995582196
1517,60.68,-217.375503799,-4.39536020327e-15,-4.35463263926e-06,432.171548367,4.34492903201e-06,-214.717785708,-217.375508154,432.171552712,3.62892588429e-07,99.9955598049
1518,60.72,-217.372185525,-4.31101078044e-15,-4.3201701245e-06,432.167924455,4.31080437762e-06,-214.717785708,-217.372189846,432.167928766,3.5968398556e-07,99.9955373109
1519,60.76,-217.368934127,-4.22737590312e-15,-4.2857643851e-06,432.164377596,4.27673194778e-06,-214.717785708,-217.368938413,432.164381873,3.56488625696e-07,99.9955147137
1520,60.8,-217.365749748,-4.14460898291e-15,-4.25140144143e-06,432.160907996,4.24269789973e-06,-214.717785708,-217.365754,432.160912239,3.5330573557e-07,99.995492013
1521,60.84,-217.362632527,-4.06287304125e-15,-4.2170716574e-06,432.157515854,4.20869272187e-06,-214.717785708,-217.362636744,432.157520062,3.50134830229e-07,99.9954692085
1522,60.88,-217.359582596,-3.98233281786e-15,-4.18277002473e-06,432.154201357,4.17471151379e-06,-214.717785708,-217.359586779,432.154205532,3.46975723772e-07,99.9954463
1523,60.92,-217.356600081,-3.90314719613e-15,-4.14849627178e-06,432.150964688,4.14075409199e-06,-214.717785708,-217.35660423,432.150968829,3.43828528902e-07,99.9954232871
1524,60.96,-217.353685105,-3.82546227352e-15,-4.11425479796e-06,432.147806018,4.10682492255e-06,-214.717785708,-217.353689219,432.147810125,3.40693645623e-07,99.9954001695
1525,61,-217.350837781,-3.74940536743e-15,-4.0800544408e-06,432.144725511,4.07293288751e-06,-214.717785708,-217.350841861,432.144729584,3.37571739787e-07,99.995376947
1526,61.04,-217.348058221,-3.67508020815e-15,-4.04590808855e-06,432.14172332,4.03909089801e-06,-214.717785708,-217.348062267,432.141727359,3.34463712545e-07,99.9953536192
1527,61.08,-217.345346527,-3.6025634779e-15,-4.01183215638e-06,432.138799593,4.00531537216e-06,-214.717785708,-217.345350539,432.138803598,3.31370662085e-07,99.9953301858
1528,61.12,-217.342702798,-3.53190270778e-15,-3.97784594883e-06,432.135954467,3.97162559982e-06,-214.717785708,-217.342706776,432.135958438,3.2829383924e-07,99.9953066466
1529,61.16,-217.340127127,-3.46311543056e-15,-3.94397093467e-06,432.13318807,3.93804302054e-06,-214.717785708,-217.340131071,432.133192008,3.25234598776e-07,99.9952830013
1530,61.2,-217.3376196,-3.39618949193e-15,-3.91022996305e-06,432.130500523,3.90459044306e-06,-214.717785708,-217.33762351,432.130504428,3.22194348227e-07,99.9952592495
1531,61.24,-217.335180298,-3.33108452027e-15,-3.8766464515e-06,432.127891938,3.87129123701e-06,-214.717785708,-217.335184175,432.127895809,3.19174496235e-07,99.9952353911
1532,61.28,-217.332809298,-3.26773460289e-15,-3.84324357615e-06,432.125362417,3.83816852679e-06,-214.717785708,-217.332813141,432.125366255,3.16176402246e-07,99.9952114257
1533,61.32,-217.330506668,-3.20605209853e-15,-3.81004349319e-06,432.122912054,3.80524441677e-06,-214.717785708,-217.330510478,432.122915859,3.13201329371e-07,99.9951873531
1534,61.36,-217.328272474,-3.14593227057e-15,-3.77706661789e-06,432.120540935,3.77253927371e-06,-214.717785708,-217.328276251,432.120544708,3.10250401974e-07,99.9951631729
1535,61.4,-217.326106773,-3.08725824185e-15,-3.74433098473e-06,432.118249137,3.74007108979e-06,-214.717785708,-217.326110517,432.118252877,3.07324569404e-07,99.9951388849
1536,61.44,-217.324009618,-3.02990581344e-15,-3.71185170871e-06,432.116036729,3.70785494614e-06,-214.717785708,-217.324013329,432.116040437,3.04424576958e-07,99.9951144888
1537,61.48,-217.321981056,-2.97374793845e-15,-3.67964056465e-06,432.113903769,3.67590259361e-06,-214.717785708,-217.321984736,432.113907445,3.015509449e-07,99.9950899844
1538,61.52,-217.32002113,-2.91865889801e-15,-3.64770569616e-06,432.111850309,3.64422216281e-06,-214.717785708,-217.320024777,432.111853953,2.98703956001e-07,99.9950653714
1539,61.56,-217.318129874,-2.86451828707e-15,-3.61605146102e-06,432.109876391,3.61281800974e-06,-214.717785708,-217.31813349,432.109880004,2.95883651748e-07,99.9950406495
1540,61.6,-217.31630732,-2.81121475897e-15,-3.58467841289e-06,432.107982049,3.58169069751e-06,-214.717785708,-217.316310904,432.107985631,2.93089837028e-07,99.9950158185
1541,61.64,-217.314553492,-2.75864927111e-15,-3.55358341456e-06,432.106167308,3.55083710887e-06,-214.717785708,-217.314557045,432.106170859,2.90322092802e-07,99.994990878
1542,61.68,-217.312868408,-2.70673752717e-15,-3.52275987295e-06,432.104432184,3.52025068012e-06,-214.717785708,-217.312871931,432.104435704,2.87579796038e-07,99.9949658279
1543,61.72,-217.311252084,-2.65541148091e-15,-3.49219808332e-06,432.102776686,3.48992174388e-06,-214.717785708,-217.311255576,432.102780176,2.8486214591e-07,99.9949406678
1544,61.76,-217.309704526,-2.60462001577e-15,-3.46188566747e-06,432.101200812,3.45983796547e-06,-214.717785708,-217.309707988,432.101204272,2.82168195137e-07,99.9949153975
1545,61.8,-217.308225737,-2.55432904956e-15,-3.43180808765e-06,432.099704554,3.42998485512e-06,-214.717785708,-217.308229169,432.099707984,2.79496885147e-07,99.9948900168
1546,61.84,-217.306815714,-2.50452124935e-15,-3.40194921586e-06,432.098287894,3.40034633542e-06,-214.717785708,-217.306819116,432.098291295,2.76847083709e-07,99.9948645254
1547,61.88,-217.305474449,-2.45519536819e-15,-3.37229193621e-06,432.096950806,3.37090534198e-06,-214.717785708,-217.305477821,432.096954176,2.74217623635e-07,99.994838923
1548,61.92,-217.304201926,-2.40636509447e-15,-3.34281875762e-06,432.095693254,3.34164443449e-06,-214.717785708,-217.304205269,432.095696595,2.71607341191e-07,99.9948132095
1549,61.96,-217.302998127,-2.35805733009e-15,-3.31351241556e-06,432.094515195,3.31254639703e-06,-214.717785708,-217.303001441,432.094518508,2.69015112934e-07,99.9947873845
1550,62,-217.301863027,-2.31030994359e-15,-3.2843564431e-06,432.093416578,3.28359480797e-06,-214.717785708,-217.301866311,432.093419862,2.66439889819e-07,99.9947614478
1551,62.04,-217.300796594,-2.26316916709e-15,-3.25533569413e-06,432.092397343,3.2547745623e-06,-214.717785708,-217.300799849,432.092400598,2.63880727532e-07,99.9947353991
1552,62.08,-217.299798792,-2.21668684126e-15,-3.22643680352e-06,432.091457421,3.22607233132e-06,-214.717785708,-217.299802018,432.091460647,2.61336812204e-07,99.9947092383
1553,62.12,-217.29886958,-2.1709176678e-15,-3.19764857166e-06,432.090596734,3.19747694702e-06,-214.717785708,-217.298872778,432.090599932,2.58807480815e-07,99.9946829651
1554,62.16,-217.298008912,-2.12591656119e-15,-3.1689622632e-06,432.089815199,3.16897970099e-06,-214.717785708,-217.298012081,432.089818368,2.56292235861e-07,99.9946565793
1555,62.2,-217.297216734,-2.08173614756e-15,-3.14037181355e-06,432.08911272,3.14057455137e-06,-214.717785708,-217.297219874,432.08911586,2.53790753997e-07,99.9946300806
1556,62.24,-217.296492988,-2.03842444635e-15,-3.1118739398e-06,432.088489196,3.11225823446e-06,-214.717785708,-217.2964961,432.088492308,2.51302888669e-07,99.9946034688
1557,62.28,-217.295837613,-1.99602278055e-15,-3.08346815662e-06,432.087944516,3.0840302816e-06,-214.717785708,-217.295840696,432.0879476,2.48828666881e-07,99.9945767436
1558,62.32,-217.295250538,-1.95456398926e-15,-3.05515670064e-06,432.087478563,3.05589294461e-06,-214.717785708,-217.295253593,432.087481619,2.46368280454e-07,99.994549905
1559,62.36,-217.294731691,-1.9140710532e-15,-3.02694436989e-06,432.087091209,3.02785103648e-06,-214.717785708,-217.294734717,432.087094237,2.43922072277e-07,99.9945229525
1560,62.4,-217.294280991,-1.87455625876e-15,-2.99883828693e-06,432.086782319,2.99991169572e-06,-214.717785708,-217.29428399,432.086785319,2.41490518206e-07,99.9944958861
1561,62.44,-217.293898355,-1.83602097805e-15,-2.9708475964e-06,432.086551751,2.97208408503e-06,-214.717785708,-217.293901326,432.086554723,2.39074205347e-07,99.9944687055
1562,62.48,-217.293583693,-1.79845602684e-15,-2.94298310904e-06,432.086399352,2.94437903623e-06,-214.717785708,-217.293586636,432.086402296,2.36673807607e-07,99.9944414105
1563,62.52,-217.293336909,-1.76184244231e-15,-2.91525690519e-06,432.086324964,2.91680865457e-06,-214.717785708,-217.293339825,432.086327881,2.34290059397e-07,99.9944140008
1564,62.56,-217.293157904,-1.72615248676e-15,-2.88768191195e-06,432.08632842,2.88938589631e-06,-214.717785708,-217.293160792,432.086331309,2.31923728424e-07,99.9943864764
1565,62.6,-217.293046571,-1.69135076809e-15,-2.86027146854e-06,432.086409543,2.86212413462e-06,-214.717785708,-217.293049432,432.086412405,2.29575588474e-07,99.9943588369
1566,62.64,-217.293002801,-1.65739550253e-15,-2.83303889488e-06,432.086568152,2.83503672828e-06,-214.717785708,-217.293005634,432.086570987,2.27246393036e-07,99.9943310822
1567,62.68,-217.293026476,-1.62424000751e-15,-2.80599707737e-06,432.086804053,2.8081366075e-06,-214.717785708,-217.293029282,432.086806862,2.24936850566e-07,99.994303212
1568,62.72,-217.293117477,-1.59183443609e-15,-2.77915808436e-06,432.08711705,2.78143588903e-06,-214.717785708,-217.293120256,432.087119831,2.2264760209e-07,99.9942752262
1569,62.76,-217.293275676,-1.56012761104e-15,-2.75253282174e-06,432.087506933,2.75494553112e-06,-214.717785708,-217.293278428,432.087509688,2.20379201771e-07,99.9942471246
1570,62.8,-217.293500942,-1.52906872669e-15,-2.72613073708e-06,432.08797349,2.72867503683e-06,-214.717785708,-217.293503668,432.087976219,2.18132100927e-07,99.994218907
1571,62.84,-217.29379314,-1.49860875093e-15,-2.69995957932e-06,432.088516497,2.70263221296e-06,-214.717785708,-217.29379584,432.088519199,2.15906635848e-07,99.9941905732
1572,62.88,-217.294152126,-1.46870153055e-15,-2.67402521958e-06,432.089135723,2.67682298995e-06,-214.717785708,-217.2941548,432.0891384,2.13703019615e-07,99.994162123
1573,62.92,-217.294577755,-1.43930473762e-15,-2.64833153672e-06,432.089830932,2.65125130667e-06,-214.717785708,-217.294580404,432.089833584,2.11521337986e-07,99.9941335563
1574,62.96,-217.295069876,-1.4103807797e-15,-2.62288036874e-06,432.090601878,2.62591906076e-06,-214.717785708,-217.295072499,432.090604504,2.09361549288e-07,99.9941048728
1575,63,-217.29562833,-1.38189765627e-15,-2.59767152826e-06,432.091448308,2.60082612294e-06,-214.717785708,-217.295630928,432.091450909,2.07223488136e-07,99.9940760723
1576,63.04,-217.296252958,-1.35382960876e-15,-2.57270287774e-06,432.092369962,2.5759704111e-06,-214.717785708,-217.29625553,432.092372538,2.05106872724e-07,99.9940471548
1577,63.08,-217.296943591,-1.32615740236e-15,-2.54797045898e-06,432.09336657,2.55134801874e-06,-214.717785708,-217.296946139,432.093369122,2.03011315295e-07,99.99401812
1578,63.12,-217.29770006,-1.29886819932e-15,-2.52346867052e-06,432.094437859,2.52695339168e-06,-214.717785708,-217.297702583,432.094440386,2.00936335344e-07,99.9939889677
1579,63.16,-217.298522186,-1.27195512989e-15,-2.49919048615e-06,432.095583546,2.50277954612e-06,-214.717785708,-217.298524685,432.095586049,1.98881375016e-07,99.9939596978
1580,63.2,-217.299409789,-1.24541672416e-15,-2.47512770695e-06,432.09680334,2.4788183204e-06,-214.717785708,-217.299412265,432.096805819,1.96845816142e-07,99.9939303102
1581,63.24,-217.300362684,-1.21925630766e-15,-2.45127123807e-06,432.098096944,2.45506065163e-06,-214.717785708,-217.300365135,432.098099399,1.94828998339e-07,99.9939008045
1582,63.28,-217.301380677,-1.19348135522e-15,-2.42761138051e-06,432.099464055,2.43149686738e-06,-214.717785708,-217.301383105,432.099466486,1.92830237589e-07,99.9938711808
1583,63.32,-217.302463575,-1.168102735e-15,-2.40413812823e-06,432.10090436,2.40811698285e-06,-214.717785708,-217.302465979,432.100906768,1.9084884476e-07,99.9938414389
1584,63.36,-217.303611176,-1.14313379859e-15,-2.38084146118e-06,432.102417541,2.38491099433e-06,-214.717785708,-217.303613557,432.102419926,1.88884143522e-07,99.9938115785
1585,63.4,-217.304823275,-1.11858935189e-15,-2.35771162607e-06,432.104003273,2.36186916072e-06,-214.717785708,-217.304825633,432.104005635,1.86935487152e-07,99.9937815995
1586,63.44,-217.306099662,-1.09448460955e-15,-2.33473939794e-06,432.105661223,2.33898226595e-06,-214.717785708,-217.306101997,432.105663562,1.85002273793e-07,99.9937515018
1587,63.48,-217.307440123,-1.07083425009e-15,-2.31191631602e-06,432.107391052,2.31624185587e-06,-214.717785708,-217.307442435,432.107393368,1.83083959773e-07,99.9937212853
1588,63.52,-217.308844437,-1.04765164774e-15,-2.28923488844e-06,432.109192413,2.29364044391e-06,-214.717785708,-217.308846726,432.109194707,1.81180070701e-07,99.9936909497
1589,63.56,-217.310312381,-1.02494829087e-15,-2.26668876095e-06,432.111064954,2.27117168068e-06,-214.717785708,-217.310314647,432.111067226,1.79290210125e-07,99.993660495
1590,63.6,-217.311843725,-1.00273334127e-15,-2.24427284604e-06,432.113008316,2.2488304838e-06,-214.717785708,-217.31184597,432.113010565,1.77414065616e-07,99.993629921
1591,63.64,-217.313438238,-9.8101327292e-16,-2.22198340984e-06,432.115022131,2.22661312563e-06,-214.717785708,-217.31344046,432.115024358,1.75551412216e-07,99.9935992276
1592,63.68,-217.315095681,-9.59791558723e-16,-2.19981811638e-06,432.117106028,2.20451727844e-06,-214.717785708,-217.31509788,432.117108233,1.73702113276e-07,99.9935684146
1593,63.72,-217.316815811,-9.39068431434e-16,-2.17777603007e-06,432.119259627,2.18254201779e-06,-214.717785708,-217.316817989,432.119261809,1.71866118753e-07,99.9935374819
1594,63.76,-217.318598382,-9.18840786489e-16,-2.15585757896e-06,432.121482542,2.1606877866e-06,-214.717785708,-217.318600538,432.121484703,1.70043461153e-07,99.9935064294
1595,63.8,-217.320443143,-8.99102282232e-16,-2.134064482e-06,432.123774382,2.13895632304e-06,-214.717785708,-217.320445277,432.123776521,1.68234249345e-07,99.993475257
1596,63.84,-217.322349837,-8.79843625706e-16,-2.11239964399e-06,432.126134747,2.11735055578e-06,-214.717785708,-217.322351949,432.126136865,1.66438660536e-07,99.9934439645
1597,63.88,-217.324318205,-8.61052957178e-16,-2.09086702227e-06,432.128563235,2.09587447087e-06,-214.717785708,-217.324320296,432.128565331,1.64656930728e-07,99.9934125519
1598,63.92,-217.326347983,-8.4271622621e-16,-2.06947146964e-06,432.131059433,2.0745329548e-06,-214.717785708,-217.326350052,432.131061508,1.62889343993e-07,99.9933810189
1599,63.96,-217.3284389,-8.24817508801e-16,-2.04821855913e-06,432.133622926,2.05333161955e-06,-214.717785708,-217.328440949,432.13362498,1.61136220909e-07,99.9933493656
1600,64,-217.330590685,-8.0733930583e-16,-2.02711439694e-06,432.136253291,2.03227661583e-06,-214.717785708,-217.330592713,432.136255323,1.59397906518e-07,99.9933175917
1601,64.04,-217.33280306,-7.90262910979e-16,-2.00616543003e-06,432.138950098,2.0113744408e-06,-214.717785708,-217.332805066,432.13895211,1.57674758152e-07,99.9932856972
1602,64.08,-217.335075743,-7.73568898822e-16,-1.98537825402e-06,432.141712914,1.99063174569e-06,-214.717785708,-217.335077729,432.141714905,1.55967133455e-07,99.9932536819
1603,64.12,-217.337408448,-7.57237692081e-16,-1.96475942596e-06,432.144541299,1.97005514797e-06,-214.717785708,-217.337410413,432.144543269,1.54275378921e-07,99.9932215458
1604,64.16,-217.339800886,-7.41250100771e-16,-1.94431528543e-06,432.147434806,1.94965105166e-06,-214.717785708,-217.33980283,432.147436755,1.52599819185e-07,99.9931892888
1605,64.2,-217.342252761,-7.25587742169e-16,-1.92405178749e-06,432.150392983,1.92942547959e-06,-214.717785708,-217.342254685,432.150394913,1.50940747303e-07,99.9931569107
1606,64.24,-217.344763776,-7.10233333143e-16,-1.90397435099e-06,432.153415375,1.90938392095e-06,-214.717785708,-217.34476568,432.153417284,1.49298416183e-07,99.9931244115
1607,64.28,-217.347333629,-6.95170922184e-16,-1.88408772563e-06,432.156501518,1.88953119773e-06,-214.717785708,-217.347335513,432.156503407,1.47673031322e-07,99.9930917911
1608,64.32,-217.349962012,-6.80386133513e-16,-1.86439588069e-06,432.159650943,1.86987135241e-06,-214.717785708,-217.349963876,432.159652813,1.46064744938e-07,99.9930590493
1609,64.36,-217.352648615,-6.65866430949e-16,-1.8449019167e-06,432.162863179,1.85040755833e-06,-214.717785708,-217.35265046,432.162865029,1.444736516e-07,99.9930261862
1610,64.4,-217.355393124,-6.51601336099e-16,-1.8256080002e-06,432.166137746,1.83114205304e-06,-214.717785708,-217.35539495,432.166139577,1.42899785357e-07,99.9929932016
1611,64.44,-217.358195221,-6.37582518264e-16,-1.80651532135e-06,432.169474161,1.8120760946e-06,-214.717785708,-217.358197027,432.169475973,1.41343118388e-07,99.9929600953
1612,64.48,-217.361054583,-6.23803724486e-16,-1.78762407428e-06,432.172871934,1.79320994094e-06,-214.717785708,-217.36105637,432.172873727,1.3980356112e-07,99.9929268675
1613,64.52,-217.363970883,-6.10260592121e-16,-1.76893346036e-06,432.176330573,1.77454285232e-06,-214.717785708,-217.363972652,432.176332347,1.38280963764e-07,99.9928935179
1614,64.56,-217.366943793,-5.96950423703e-16,-1.75044171435e-06,432.179849578,1.75607311691e-06,-214.717785708,-217.366945543,432.179851334,1.36775119186e-07,99.9928600465
1615,64.6,-217.369972977,-5.83871981458e-16,-1.73214615269e-06,432.183428446,1.73779809834e-06,-214.717785708,-217.36997471,432.183430184,1.35285767031e-07,99.9928264532
1616,64.64,-217.373058099,-5.71025303439e-16,-1.71404324193e-06,432.187066669,1.71971430344e-06,-214.717785708,-217.373059813,432.187068389,1.33812598962e-07,99.992792738
1617,64.68,-217.376198817,-5.58411502768e-16,-1.69612868473e-06,432.190763734,1.70181746763e-06,-214.717785708,-217.376200514,432.190765436,1.32355264883e-07,99.9927589007
1618,64.72,-217.379394786,-5.46032514452e-16,-1.67839752078e-06,432.194519123,1.68410265557e-06,-214.717785708,-217.379396465,432.194520807,1.30913379983e-07,99.9927249413
1619,64.76,-217.382645657,-5.33890791155e-16,-1.66084424004e-06,432.198332314,1.66656437456e-06,-214.717785708,-217.382647318,432.198333981,1.29486532409e-07,99.9926908598
1620,64.8,-217.385951078,-5.21988986921e-16,-1.64346290639e-06,432.202202781,1.64919669846e-06,-214.717785708,-217.385952722,432.20220443,1.28074291416e-07,99.9926566561
1621,64.84,-217.389310693,-5.10329677826e-16,-1.626247289e-06,432.206129993,1.63199339965e-06,-214.717785708,-217.389312319,432.206131625,1.26676215784e-07,99.9926223302
1622,64.88,-217.392724142,-4.98915146956e-16,-1.60919099884e-06,432.210113415,1.61494808614e-06,-214.717785708,-217.392725751,432.21011503,1.25291862346e-07,99.9925878818
1623,64.92,-217.396191062,-4.87747226224e-16,-1.59228762681e-06,432.214152508,1.59805434025e-06,-214.717785708,-217.396192655,432.214154106,1.23920794416e-07,99.9925533112
1624,64.96,-217.399711087,-4.76827163933e-16,-1.5755308799e-06,432.218246728,1.58130585568e-06,-214.717785708,-217.399712663,432.21824831,1.22562589947e-07,99.992518618
1625,65,-217.403283847,-4.66155488926e-16,-1.5589147124e-06,432.222395529,1.56469656978e-06,-214.717785708,-217.403285406,432.222397094,1.21216849232e-07,99.9924838024
1626,65.04,-217.406908968,-4.55731865849e-16,-1.54243344919e-06,432.226598358,1.54822078817e-06,-214.717785708,-217.40691051,432.226599907,1.19883201992e-07,99.9924488643
1627,65.08,-217.410586073,-4.45554963986e-16,-1.52608189898e-06,432.230854662,1.53187329971e-06,-214.717785708,-217.410587599,432.230856194,1.18561313689e-07,99.9924138036
1628,65.12,-217.414314783,-4.35622374358e-16,-1.50985545551e-06,432.235163881,1.51564947926e-06,-214.717785708,-217.414316293,432.235165397,1.17250890949e-07,99.9923786202
1629,65.16,-217.418094714,-4.25930597544e-16,-1.49375018453e-06,432.239525453,1.49954537623e-06,-214.717785708,-217.418096208,432.239526953,1.15951685953e-07,99.9923433142
1630,65.2,-217.421925479,-4.16475096477e-16,-1.47776289434e-06,432.243938812,1.48355778648e-06,-214.717785708,-217.421926957,432.243940295,1.14663499726e-07,99.9923078856
1631,65.24,-217.425806688,-4.0725038506e-16,-1.46189118776e-06,432.248403388,1.46768430558e-06,-214.717785708,-217.42580815,432.248404856,1.13386184218e-07,99.9922723341
1632,65.28,-217.429737949,-3.98250122623e-16,-1.44613349404e-06,432.252918609,1.45192336193e-06,-214.717785708,-217.429739395,432.252920061,1.1211964313e-07,99.99223666
1633,65.32,-217.433718864,-3.89467206197e-16,-1.43048907987e-06,432.257483899,1.43627422901e-06,-214.717785708,-217.433720294,432.257485335,1.10863831467e-07,99.992200863
1634,65.36,-217.437749035,-3.80893879131e-16,-1.41495803961e-06,432.262098678,1.42073701655e-06,-214.717785708,-217.43775045,432.262100098,1.09618753814e-07,99.9921649432
1635,65.4,-217.441828059,-3.72521882907e-16,-1.39954126503e-06,432.266762363,1.40531264097e-06,-214.717785708,-217.441829458,432.266763769,1.08384461377e-07,99.9921289005
1636,65.44,-217.44595553,-3.64342661116e-16,-1.38424039524e-06,432.27147437,1.39000277543e-06,-214.717785708,-217.445956915,432.27147576,1.07161047849e-07,99.992092735
1637,65.48,-217.450131041,-3.56347594141e-16,-1.36905774746e-06,432.27623411,1.37480978024e-06,-214.717785708,-217.45013241,432.276235485,1.05948644196e-07,99.9920564466
1638,65.52,-217.45435418,-3.48528224556e-16,-1.35399622973e-06,432.281040991,1.35973661496e-06,-214.717785708,-217.454355534,432.281042351,1.04747412488e-07,99.9920200353
1639,65.56,-217.458624531,-3.40876441041e-16,-1.33905923754e-06,432.28589442,1.3447867342e-06,-214.717785708,-217.45862587,432.285895765,1.03557538928e-07,99.991983501
1640,65.6,-217.462941679,-3.3338461541e-16,-1.3242505371e-06,432.290793799,1.32996396989e-06,-214.717785708,-217.462943003,432.290795129,1.02379226259e-07,99.9919468438
1641,65.64,-217.467305203,-3.26045710842e-16,-1.30957413869e-06,432.29573853,1.31527240357e-06,-214.717785708,-217.467306512,432.295739845,1.01212685748e-07,99.9919100636
1642,65.68,-217.471714679,-3.18853381381e-16,-1.29503416374e-06,432.30072801,1.30071623194e-06,-214.717785708,-217.471715974,432.300729311,1.00058128965e-07,99.9918731604
1643,65.72,-217.476169683,-3.11802064181e-16,-1.28063470916e-06,432.305761635,1.28629962952e-06,-214.717785708,-217.476170964,432.305762921,9.89157595713e-08,99.9918361343
1644,65.76,-217.480669787,-3.04887044709e-16,-1.26637971229e-06,432.310838799,1.27202661166e-06,-214.717785708,-217.480671053,432.310840071,9.77857653554e-08,99.9917989852
1645,65.8,-217.485214558,-2.9810447004e-16,-1.25227281996e-06,432.315958892,1.25790090189e-06,-214.717785708,-217.48521581,432.31596015,9.66683107269e-08,99.9917617131
1646,65.84,-217.489803563,-2.91451301111e-16,-1.23831726552e-06,432.321121304,1.24392580733e-06,-214.717785708,-217.489804801,432.321122548,9.5563529896e-08,99.9917243179
1647,65.88,-217.494436366,-2.84925218686e-16,-1.22451575773e-06,432.326325422,1.23010410626e-06,-214.717785708,-217.49443759,432.326326652,9.44715209338e-08,99.9916867998
1648,65.92,-217.499112528,-2.78524511927e-16,-1.21087038535e-06,432.331570631,1.21643795147e-06,-214.717785708,-217.499113739,432.331571847,9.33923408933e-08,99.9916491587
1649,65.96,-217.503831608,-2.72247973832e-16,-1.19738254038e-06,432.336856313,1.20292879237e-06,-214.717785708,-217.503832805,432.336857516,9.2326002139e-08,99.9916113946
1650,66,-217.508593161,-2.66094810191e-16,-1.1840528625e-06,432.34218185,1.18957731839e-06,-214.717785708,-217.508594345,432.342183039,9.12724699997e-08,99.9915735075
1651,66.04,-217.513396742,-2.60064552754e-16,-1.17088120599e-06,432.347546621,1.17638342489e-06,-214.717785708,-217.513397913,432.347547798,9.02316618213e-08,99.9915354974
1652,66.08,-217.518241901,-2.54156963947e-16,-1.15786663005e-06,432.352950006,1.16334620292e-06,-214.717785708,-217.518243059,432.352951169,8.92034474512e-08,99.9914973643
1653,66.12,-217.523128188,-2.48371930132e-16,-1.14500741276e-06,432.358391379,1.15046395292e-06,-214.717785708,-217.523129333,432.358392529,8.81876511447e-08,99.9914591083
1654,66.16,-217.528055149,-2.42709353578e-16,-1.13230108848e-06,432.363870116,1.13773422226e-06,-214.717785708,-217.528056281,432.363871253,8.71840548316e-08,99.9914207293
1655,66.2,-217.533022327,-2.37169059438e-16,-1.11974450761e-06,432.36938559,1.12515386536e-06,-214.717785708,-217.533023447,432.369386715,8.61924026382e-08,99.9913822274
1656,66.24,-217.538029267,-2.31750728901e-16,-1.10733391686e-06,432.374937175,1.11271912448e-06,-214.717785708,-217.538030374,432.374938287,8.52124065156e-08,99.9913436025
1657,66.28,-217.543075506,-2.26453857378e-16,-1.09506505699e-06,432.38052424,1.1004257282e-06,-214.717785708,-217.543076601,432.380525341,8.42437527858e-08,99.9913048548
1658,66.32,-217.548160583,-2.21277726175e-16,-1.08293327467e-06,432.386146157,1.08826900416e-06,-214.717785708,-217.548161666,432.386147245,8.32861093858e-08,99.9912659841
1659,66.36,-217.553284033,-2.16221374253e-16,-1.07093364422e-06,432.391802294,1.07624400205e-06,-214.717785708,-217.553285104,432.39180337,8.23391335656e-08,99.9912269906
1660,66.4,-217.55844539,-2.11283564432e-16,-1.05906109521e-06,432.39749202,1.06434562269e-06,-214.717785708,-217.558446449,432.397493084,8.14024797808e-08,99.9911878742
1661,66.44,-217.563644185,-2.06462749905e-16,-1.04731054179e-06,432.403214701,1.05256874907e-06,-214.717785708,-217.563645233,432.403215753,8.04758075147e-08,99.9911486351
1662,66.48,-217.568879948,-2.01757054377e-16,-1.03567700968e-06,432.408969704,1.04090837521e-06,-214.717785708,-217.568880983,432.408970745,7.95587887748e-08,99.9911092731
1663,66.52,-217.574152205,-1.97164277169e-16,-1.02415575695e-06,432.414756396,1.02935972854e-06,-214.717785708,-217.574153229,432.414757426,7.86511150202e-08,99.9910697884
1664,66.56,-217.579460483,-1.92681924495e-16,-1.01274238447e-06,432.420574142,1.01791838196e-06,-214.717785708,-217.579461496,432.42057516,7.77525033024e-08,99.9910301809
1665,66.6,-217.584804305,-1.88307256842e-16,-1.00143293255e-06,432.426422306,1.0065803518e-06,-214.717785708,-217.584805307,432.426423312,7.68627014323e-08,99.9909904508
1666,66.64,-217.590183193,-1.84037338049e-16,-9.90223960597e-07,432.432300253,9.95342178634e-07,-214.717785708,-217.590184183,432.432301248,7.59814920233e-08,99.990950598
1667,66.68,-217.595596667,-1.79869077766e-16,-9.79112607306e-07,432.438207347,9.84200988716e-07,-214.717785708,-217.595597646,432.438208331,7.51086953037e-08,99.9909106225
1668,66.72,-217.601044244,-1.75799270706e-16,-9.68096630368e-07,432.444142952,9.73154534535e-07,-214.717785708,-217.601045212,432.444143925,7.42441706385e-08,99.9908705245
1669,66.76,-217.606525443,-1.71824643989e-16,-9.57174424954e-07,432.450106431,9.62201213985e-07,-214.717785708,-217.6065264,432.450107393,7.33878167458e-08,99.9908303039
1670,66.8,-217.612039777,-1.6794192077e-16,-9.46345021188e-07,432.456097149,9.51340068029e-07,-214.717785708,-217.612040723,432.456098101,7.25395706375e-08,99.9907899608
1671,66.84,-217.617586759,-1.64147895793e-16,-9.3560806107e-07,432.46211447,9.4057075739e-07,-214.717785708,-217.617587695,432.46211541,7.16994053551e-08,99.9907494953
1672,66.88,-217.623165902,-1.60439506458e-16,-9.24963755817e-07,432.468157756,9.29893519344e-07,-214.717785708,-217.623166827,432.468158686,7.08673266082e-08,99.9907089073
1673,66.92,-217.628776715,-1.56813881683e-16,-9.1441282528e-07,432.474226372,9.1930910646e-07,-214.717785708,-217.62877763,432.474227291,7.00433684573e-08,99.9906681969
1674,66.96,-217.634418707,-1.53268362365e-16,-9.03956421995e-07,432.480319682,9.08818709935e-07,-214.717785708,-217.634419611,432.480320591,6.92275882156e-08,99.9906273642
1675,67,-217.640091385,-1.49800502682e-16,-8.93596043233e-07,432.48643705,8.98423870847e-07,-214.717785708,-217.640092279,432.486437949,6.84200607674e-08,99.9905864093
1676,67.04,-217.645794255,-1.46408068471e-16,-8.83333434809e-07,432.492577843,8.88126382949e-07,-214.717785708,-217.645795139,432.492578731,6.76208725165e-08,99.9905453321
1677,67.08,-217.651526821,-1.43089041776e-16,-8.73170490357e-07,432.498741424,8.77928190681e-07,-214.717785708,-217.651527694,432.498742302,6.68301151864e-08,99.9905041327
1678,67.12,-217.657288586,-1.39841626005e-16,-8.63109149527e-07,432.504927161,8.67831285924e-07,-214.717785708,-217.657289449,432.504928029,6.60478796936e-08,99.9904628112
1679,67.16,-217.663079051,-1.36664237046e-16,-8.53151298381e-07,432.51113442,8.57837607002e-07,-214.717785708,-217.663079904,432.511135278,6.52742503072e-08,99.9904213676
1680,67.2,-217.668897717,-1.33555470624e-16,-8.43298675402e-07,432.517362568,8.4794894351e-07,-214.717785708,-217.66889856,432.517363416,6.45092992999e-08,99.9903798021
1681,67.24,-217.674744083,-1.30514051165e-16,-8.33552786654e-07,432.523610974,8.38166850536e-07,-214.717785708,-217.674744917,432.523611813,6.3753082274e-08,99.9903381145
1682,67.28,-217.680617647,-1.27538779766e-16,-8.23914833497e-07,432.529879007,8.28492575568e-07,-214.717785708,-217.680618471,432.529879836,6.30056343221e-08,99.9902963051
1683,67.32,-217.686517906,-1.2462849793e-16,-8.14385655586e-07,432.536166038,8.18927000657e-07,-214.717785708,-217.68651872,432.536166857,6.22669671441e-08,99.9902543739
1684,67.36,-217.692444355,-1.21782070618e-16,-8.04965690814e-07,432.542471436,8.09470601481e-07,-214.717785708,-217.69244516,432.542472246,6.1537067204e-08,99.9902123209
1685,67.4,-217.698396489,-1.18998378058e-16,-7.95654952851e-07,432.548794575,8.00123424107e-07,-214.717785708,-217.698397285,432.548795376,6.08158949611e-08,99.9901701462
1686,67.44,-217.704373802,-1.16276302563e-16,-7.86453026231e-07,432.555134829,7.90885079591e-07,-214.717785708,-217.704374588,432.55513562,6.01033851747e-08,99.9901278499
1687,67.48,-217.710375786,-1.13614706105e-16,-7.77359078615e-07,432.561491572,7.81754756118e-07,-214.717785708,-217.710376564,432.561492353,5.93994482327e-08,99.990085432
1688,67.52,-217.716401934,-1.11012407672e-16,-7.68371889514e-07,432.567864179,7.72731247877e-07,-214.717785708,-217.716402702,432.567864952,5.87039724227e-08,99.9900428927
1689,67.56,-217.722451735,-1.08468174507e-16,-7.59489894113e-07,432.57425203,7.63812999142e-07,-214.717785708,-217.722452494,432.574252794,5.80168270216e-08,99.9900002319
1690,67.6,-217.72852468,-1.05980733858e-16,-7.50711239972e-07,432.580654503,7.54998161199e-07,-214.717785708,-217.72852543,432.580655258,5.73378660472e-08,99.9899574497
1691,67.64,-217.734620258,-1.03548798393e-16,-7.4203385344e-07,432.587070978,7.46284659027e-07,-214.717785708,-217.734621,432.587071724,5.66669324891e-08,99.9899145463
1692,67.68,-217.740737957,-1.01171090198e-16,-7.33455512221e-07,432.593500837,7.37670264295e-07,-214.717785708,-217.740738691,432.593501575,5.60038628228e-08,99.9898715217
1693,67.72,-217.746877266,-9.88463518879e-17,-7.24973920585e-07,432.599943466,7.29152671311e-07,-214.717785708,-217.74687799,432.599944195,5.53484916029e-08,99.9898283759
1694,67.76,-217.75303767,-9.65733452926e-17,-7.16586784127e-07,432.606398249,7.207295728e-07,-214.717785708,-217.753038386,432.60639897,5.47006559429e-08,99.9897851091
1695,67.8,-217.759218656,-9.43508483906e-17,-7.08291881331e-07,432.612864575,7.12398732596e-07,-214.717785708,-217.759219365,432.612865287,5.40601996955e-08,99.9897417214
1696,67.84,-217.765419711,-9.21776615973e-17,-7.00087129295e-07,432.619341832,7.0415805238e-07,-214.717785708,-217.765420411,432.619342536,5.34269771642e-08,99.9896982128
1697,67.88,-217.771640318,-9.0052625381e-17,-6.91970640891e-07,432.625829412,6.96005629691e-07,-214.717785708,-217.77164101,432.625830108,5.28008562002e-08,99.9896545833
1698,67.92,-217.777879963,-8.79746405774e-17,-6.83940770842e-07,432.632326709,6.87939804717e-07,-214.717785708,-217.777880647,432.632327397,5.21817205673e-08,99.9896108332
1699,67.96,-217.784138129,-8.59426795468e-17,-6.75996148687e-07,432.638833119,6.79959194007e-07,-214.717785708,-217.784138805,432.638833799,5.15694714939e-08,99.9895669624
1700,68,-217.790414301,-8.39557830669e-17,-6.68135697567e-07,432.645348038,6.72062710056e-07,-214.717785708,-217.790414969,432.64534871,5.09640283687e-08,99.989522971
1701,68.04,-217.796707961,-8.20130488771e-17,-6.60358638653e-07,432.651870868,6.64249566523e-07,-214.717785708,-217.796708622,432.651871532,5.03653285746e-08,99.9894788592
1702,68.08,-217.803018593,-8.01136239069e-17,-6.52664481691e-07,432.658401011,6.56519269334e-07,-214.717785708,-217.803019245,432.658401667,4.97733264858e-08,99.9894346271
1703,68.12,-217.809345678,-7.82567082837e-17,-6.45053002432e-07,432.664937871,6.48871594298e-07,-214.717785708,-217.809346323,432.66493852,4.91879916847e-08,99.9893902746
1704,68.16,-217.8156887,-7.64415683879e-17,-6.37524207805e-07,432.671480855,6.41306552121e-07,-214.717785708,-217.815689337,432.671481497,4.8609306484e-08,99.989345802
1705,68.2,-217.822047139,-7.46675474308e-17,-6.30078290066e-07,432.678029374,6.33824342193e-07,-214.717785708,-217.822047769,432.678030008,4.80372628694e-08,99.9893012093
1706,68.24,-217.828420478,-7.29340626534e-17,-6.22715571704e-07,432.68458284,6.26425297163e-07,-214.717785708,-217.828421101,432.684583466,4.74718590017e-08,99.9892564966
1707,68.28,-217.834808199,-7.12405878097e-17,-6.15436443685e-07,432.691140667,6.19109820907e-07,-214.717785708,-217.834808814,432.691141286,4.69130954378e-08,99.989211664
1708,68.32,-217.841209783,-6.95866300861e-17,-6.0824130015e-07,432.697702272,6.11878322921e-07,-214.717785708,-217.841210391,432.697702884,4.63609712385e-08,99.9891667116
1709,68.36,-217.84762471,-6.797171311e-17,-6.01130472738e-07,432.704267077,6.04731152134e-07,-214.717785708,-217.847625311,432.704267682,4.58154801324e-08,99.9891216395
1710,68.4,-217.854052463,-6.63953701435e-17,-5.94104167379e-07,432.710834504,5.97668532962e-07,-214.717785708,-217.854053058,432.710835102,4.52766069035e-08,99.9890764477
1711,68.44,-217.860492523,-6.48571406316e-17,-5.87162406018e-07,432.717403979,5.90690506167e-07,-214.717785708,-217.860493111,432.717404569,4.47443241621e-08,99.9890311365
1712,68.48,-217.866944372,-6.33565587308e-17,-5.80304975509e-07,432.72397493,5.83796877025e-07,-214.717785708,-217.866944952,432.723975514,4.4218589649e-08,99.9889857059
1713,68.52,-217.873407489,-6.18931285108e-17,-5.73531386011e-07,432.73054679,5.76987173285e-07,-214.717785708,-217.873408063,432.730547367,4.36993442009e-08,99.988940156
1714,68.56,-217.879881358,-6.046629208e-17,-5.66840841229e-07,432.737118993,5.70260615189e-07,-214.717785708,-217.879881925,432.737119563,4.31865104802e-08,99.9888944869
1715,68.6,-217.886365459,-5.90754038668e-17,-5.60232222429e-07,432.743690977,5.63616099311e-07,-214.717785708,-217.88636602,432.74369154,4.26799925345e-08,99.9888486987
1716,68.64,-217.892859275,-5.7719720616e-17,-5.53704087319e-07,432.750262182,5.57052197125e-07,-214.717785708,-217.892859829,432.750262739,4.21796762137e-08,99.9888027915
1717,68.68,-217.899362287,-5.63984055961e-17,-5.47254683794e-07,432.756832053,5.50567168339e-07,-214.717785708,-217.899362835,432.756832604,4.1685430438e-08,99.9887567655
1718,68.72,-217.905873978,-5.51105367543e-17,-5.40881977727e-07,432.763400038,5.44158988367e-07,-214.717785708,-217.905874519,432.763400582,4.11971092734e-08,99.9887106207
1719,68.76,-217.912393831,-5.3855109516e-17,-5.34583693573e-07,432.769965585,5.37825388893e-07,-214.717785708,-217.912394365,432.769966123,4.07145547407e-08,99.9886643573
1720,68.8,-217.918921328,-5.26310342571e-17,-5.28357366457e-07,432.77652815,5.31563910202e-07,-214.717785708,-217.918921856,432.776528681,4.02376002521e-08,99.9886179753
1721,68.84,-217.925455952,-5.14371374644e-17,-5.22200404153e-07,432.783087189,5.2537196352e-07,-214.717785708,-217.925456474,432.783087714,3.97660745385e-08,99.9885714749
1722,68.88,-217.931997187,-5.02721761355e-17,-5.16110156826e-07,432.789642163,5.19246901028e-07,-214.717785708,-217.931997704,432.789642682,3.92998059097e-08,99.9885248562
1723,68.92,-217.938544518,-4.91348666744e-17,-5.10083991725e-07,432.796192536,5.1318609064e-07,-214.717785708,-217.938545029,432.796193049,3.88386266729e-08,99.9884781193
1724,68.96,-217.94509743,-4.80239198284e-17,-5.04119369452e-07,432.802737774,5.07186992326e-07,-214.717785708,-217.945097934,432.802738282,3.83823775359e-08,99.9884312644
1725,69,-217.951655406,-4.69380704369e-17,-4.98213918489e-07,432.809277351,5.0124723283e-07,-214.717785708,-217.951655904,432.809277852,3.79309118213e-08,99.9883842915
1726,69.04,-217.958217933,-4.58760968639e-17,-4.92365505056e-07,432.815810739,4.95364675959e-07,-214.717785708,-217.958218426,432.815811234,3.74840993301e-08,99.9883372007
1727,69.08,-217.964784498,-4.48368341686e-17,-4.8657229593e-07,432.822337416,4.89537485965e-07,-214.717785708,-217.964784984,432.822337906,3.70418297029e-08,99.9882899923
1728,69.12,-217.971354587,-4.38191892715e-17,-4.80832812169e-07,432.828856866,4.83764181756e-07,-214.717785708,-217.971355068,432.82885735,3.6604015145e-08,99.9882426663
1729,69.16,-217.977927688,-4.28221623789e-17,-4.75145971714e-07,432.835368573,4.78043679786e-07,-214.717785708,-217.977928163,432.835369051,3.6170592406e-08,99.9881952228
1730,69.2,-217.984503289,-4.18448708309e-17,-4.69511118931e-07,432.841872026,4.72375323697e-07,-214.717785708,-217.984503758,432.841872498,3.57415239301e-08,99.9881476619
1731,69.24,-217.991080879,-4.08865666653e-17,-4.63928039467e-07,432.848366719,4.66758899293e-07,-214.717785708,-217.991081343,432.848367185,3.53167981279e-08,99.9880999839
1732,69.28,-217.997659949,-3.99466416595e-17,-4.58396959563e-07,432.854852147,4.61194634072e-07,-214.717785708,-217.997660408,432.854852609,3.48964287508e-08,99.9880521888
1733,69.32,-218.004239989,-3.90246209962e-17,-4.52918529778e-07,432.861327813,4.55683181297e-07,-214.717785708,-218.004240442,432.861328269,3.44804533757e-08,99.9880042767
1734,69.36,-218.01082049,-3.81201525765e-17,-4.4749379381e-07,432.86779322,4.50225589088e-07,-214.717785708,-218.010820938,432.86779367,3.40689310371e-08,99.9879562478
1735,69.4,-218.017400946,-3.72329987049e-17,-4.42124143435e-07,432.874247877,4.44823255437e-07,-214.717785708,-218.017401388,432.874248322,3.36619390714e-08,99.9879081022
1736,69.44,-218.023980848,-3.63630312051e-17,-4.36811260776e-07,432.880691296,4.39477870292e-07,-214.717785708,-218.023981285,432.880691735,3.32595692656e-08,99.98785984
1737,69.48,-218.030559693,-3.55102252615e-17,-4.31557049353e-07,432.887122993,4.34191346295e-07,-214.717785708,-218.030560124,432.887123428,3.2861923432e-08,99.9878114614
1738,69.52,-218.037136975,-3.46746463272e-17,-4.26363555854e-07,432.893542489,4.28965740262e-07,-214.717785708,-218.037137401,432.893542918,3.24691085529e-08,99.9877629665
1739,69.56,-218.04371219,-3.38564288289e-17,-4.2123288518e-07,432.899949308,4.23803168025e-07,-214.717785708,-218.043712611,432.899949732,3.20812316559e-08,99.9877143554
1740,69.6,-218.050284836,-3.30557510971e-17,-4.1616711186e-07,432.906342979,4.18705715654e-07,-214.717785708,-218.050285252,432.906343398,3.16983945911e-08,99.9876656284
1741,69.64,-218.056854412,-3.22728130783e-17,-4.11168191095e-07,432.912723034,4.13675350195e-07,-214.717785708,-218.056854823,432.912723447,3.13206888892e-08,99.9876167854
1742,69.68,-218.063420417,-3.15078202978e-17,-4.06237872589e-07,432.919089009,4.0871383301e-07,-214.717785708,-218.063420823,432.919089417,3.09481908804e-08,99.9875678267
1743,69.72,-218.069982352,-3.0760972077e-17,-4.01377620032e-07,432.925440445,4.03822638655e-07,-214.717785708,-218.069982754,432.925440849,3.05809572532e-08,99.9875187524
1744,69.76,-218.07653972,-3.0032448821e-17,-3.96588538913e-07,432.931776887,3.99002882134e-07,-214.717785708,-218.076540116,432.931777286,3.02190212198e-08,99.9874695626
1745,69.8,-218.083092023,-2.93223948475e-17,-3.91871315232e-07,432.938097885,3.94255257241e-07,-214.717785708,-218.083092415,432.938098279,2.98623894389e-08,99.9874202575
1746,69.84,-218.089638767,-2.86308980898e-17,-3.87226167594e-07,432.944402991,3.89579988477e-07,-214.717785708,-218.089639154,432.944403381,2.95110398147e-08,99.9873708372
1747,69.88,-218.096179458,-2.79579718455e-17,-3.8265281481e-07,432.950691764,3.84976798545e-07,-214.717785708,-218.09617984,432.950692149,2.9164920261e-08,99.9873213019
1748,69.92,-218.102713602,-2.7303543337e-17,-3.7815046047e-07,432.956963764,3.80444892802e-07,-214.717785708,-218.10271398,432.956964144,2.88239484826e-08,99.9872716517
1749,69.96,-218.109240708,-2.66674496999e-17,-3.73717795111e-07,432.963218558,3.75982961258e-07,-214.717785708,-218.109241082,432.963218934,2.84880127922e-08,99.9872218868
1750,70,-218.115760287,-2.60494377449e-17,-3.69353015766e-07,432.969455716,3.71589198028e-07,-214.717785708,-218.115760656,432.969456087,2.81569739398e-08,99.9871720073
1751,70.04,-218.12227185,-2.54491630589e-17,-3.65053862089e-07,432.975674813,3.67261337539e-07,-214.717785708,-218.122272215,432.97567518,2.78306679001e-08,99.9871220134
1752,70.08,-218.128774911,-2.48661872149e-17,-3.60817667828e-07,432.981875428,3.6299670633e-07,-214.717785708,-218.128775272,432.981875791,2.75089095173e-08,99.9870719051
1753,70.12,-218.135268983,-2.42999761353e-17,-3.56641426078e-07,432.988057143,3.58792288761e-07,-214.717785708,-218.13526934,432.988057502,2.71914968795e-08,99.9870216827
1754,70.16,-218.141753584,-2.37499042453e-17,-3.52521866247e-07,432.994219548,3.54644804444e-07,-214.717785708,-218.141753936,432.994219903,2.68782162666e-08,99.9869713464
1755,70.2,-218.14822823,-2.32152666251e-17,-3.48455540149e-07,433.000362233,3.50550794675e-07,-214.717785708,-218.148228578,433.000362584,2.65688474977e-08,99.9869208962
1756,70.24,-218.154692441,-2.26952970391e-17,-3.44438914065e-07,433.006484796,3.4650671478e-07,-214.717785708,-218.154692786,433.006485142,2.62631694956e-08,99.9868703323
1757,70.28,-218.161145739,-2.21891871528e-17,-3.40468463429e-07,433.012586836,3.42509029088e-07,-214.717785708,-218.161146079,433.012587179,2.59609658808e-08,99.9868196549
1758,70.32,-218.167587645,-2.1696103437e-17,-3.36540766831e-07,433.01866796,3.38554305357e-07,-214.717785708,-218.167587982,433.018668298,2.56620304082e-08,99.9867688642
1759,70.36,-218.174017685,-2.121520191e-17,-3.32652596374e-07,433.024727776,3.34639305606e-07,-214.717785708,-218.174018018,433.024728111,2.53661720663e-08,99.9867179603
1760,70.4,-218.180435385,-2.0745643663e-17,-3.28801001671e-07,433.030765899,3.30761070566e-07,-214.717785708,-218.180435713,433.03076623,2.50732196765e-08,99.9866669433
1761,70.44,-218.186840272,-2.02866136466e-17,-3.24983385003e-07,433.036781948,3.26916995125e-07,-214.717785708,-218.186840596,433.036782275,2.47830258458e-08,99.9866158134
1762,70.48,-218.193231876,-1.98373420255e-17,-3.21197565238e-07,433.042775545,3.23104892376e-07,-214.717785708,-218.193232197,433.042775868,2.44954701568e-08,99.9865645708
1763,70.52,-218.199609729,-1.93971243947e-17,-3.17441828367e-07,433.048746317,3.19323044185e-07,-214.717785708,-218.199610046,433.048746636,2.42104615019e-08,99.9865132157
1764,70.56,-218.205973364,-1.89653369054e-17,-3.13714962974e-07,433.054693897,3.15570236726e-07,-214.717785708,-218.205973678,433.054694212,2.39279394963e-08,99.9864617482
1765,70.6,-218.212322317,-1.85414449722e-17,-3.10016279626e-07,433.06061792,3.11845779984e-07,-214.717785708,-218.212322627,433.060618232,2.36478749317e-08,99.9864101684
1766,70.64,-218.218656126,-1.8125007407e-17,-3.06345613817e-07,433.066518028,3.08149510812e-07,-214.717785708,-218.218656432,433.066518336,2.337026926e-08,99.9863584767
1767,70.68,-218.224974328,-1.77156789116e-17,-3.02703312631e-07,433.072393866,3.04481779588e-07,-214.717785708,-218.224974631,433.07239417,2.30951531288e-08,99.986306673
1768,70.72,-218.231276467,-1.7313212202e-17,-2.9909020562e-07,433.078245083,3.00843420936e-07,-214.717785708,-218.231276766,433.078245383,2.28225840137e-08,99.9862547576
1769,70.76,-218.237562085,-1.691745835e-17,-2.95507560672e-07,433.084071333,2.97235709323e-07,-214.717785708,-218.23756238,433.08407163,2.25526430274e-08,99.9862027306
1770,70.8,-218.243830727,-1.65283627046e-17,-2.91957026079e-07,433.089872275,2.93660300854e-07,-214.717785708,-218.243831019,433.089872569,2.22854310014e-08,99.9861505923
1771,70.84,-218.250081941,-1.61459550614e-17,-2.88440560559e-07,433.095647573,2.90119163067e-07,-214.717785708,-218.25008223,433.095647863,2.20210639657e-08,99.9860983428
1772,70.88,-218.256315277,-1.57703354087e-17,-2.84960353529e-07,433.101396893,2.86614495043e-07,-214.717785708,-218.256315562,433.101397179,2.17596681645e-08,99.9860459823
1773,70.92,-218.262530287,-1.54016583452e-17,-2.81518738391e-07,433.107119907,2.83148640467e-07,-214.717785708,-218.262530568,433.10712019,2.15013747666e-08,99.9859935109
1774,70.96,-218.268726524,-1.50401187331e-17,-2.78118101724e-07,433.112816293,2.7972399651e-07,-214.717785708,-218.268726802,433.112816573,2.12463144383e-08,99.9859409288
1775,71,-218.274903544,-1.46859389618e-17,-2.74760791284e-07,433.118485731,2.7634292141e-07,-214.717785708,-218.274903819,433.118486007,2.09946119579e-08,99.9858882363
1776,71.04,-218.281060907,-1.43393562859e-17,-2.71449025684e-07,433.124127906,2.73007643733e-07,-214.717785708,-218.281061178,433.124128179,2.0746381048e-08,99.9858354334
1777,71.08,-218.287198172,-1.40006086635e-17,-2.68184808618e-07,433.129742508,2.69720176243e-07,-214.717785708,-218.28719844,433.129742778,2.05017195981e-08,99.9857825204
1778,71.12,-218.293314902,-1.36699192496e-17,-2.64969850526e-07,433.135329232,2.66482237334e-07,-214.717785708,-218.293315167,433.135329499,2.02607054375e-08,99.9857294975
1779,71.16,-218.299410664,-1.33474816047e-17,-2.61805500494e-07,433.140887776,2.63295182743e-07,-214.717785708,-218.299410925,433.14088804,2.00233928013e-08,99.9856763648
1780,71.2,-218.305485024,-1.30334480998e-17,-2.58692690814e-07,433.146417843,2.60159949927e-07,-214.717785708,-218.305485282,433.146418104,1.97898096078e-08,99.9856231225
1781,71.24,-218.311537552,-1.27279225754e-17,-2.55631896104e-07,433.151919141,2.57077016943e-07,-214.717785708,-218.311537808,433.151919399,1.95599556421e-08,99.9855697708
1782,71.28,-218.317567821,-1.24309562442e-17,-2.52623108137e-07,433.157391382,2.54046377069e-07,-214.717785708,-218.317568074,433.157391636,1.93338017018e-08,99.9855163098
1783,71.32,-218.323575406,-1.21425447939e-17,-2.49665826994e-07,433.162834282,2.51067529823e-07,-214.717785708,-218.323575656,433.162834533,1.91112897312e-08,99.9854627399
1784,71.36,-218.329559885,-1.18626253986e-17,-2.46759068618e-07,433.168247561,2.48139488548e-07,-214.717785708,-218.329560131,433.168247809,1.88923339299e-08,99.9854090611
1785,71.4,-218.335520836,-1.15910741426e-17,-2.4390138842e-07,433.173630946,2.4526080418e-07,-214.717785708,-218.33552108,433.173631191,1.86768227882e-08,99.9853552737
1786,71.44,-218.341457842,-1.13277056151e-17,-2.41090920117e-07,433.178984164,2.42429604308e-07,-214.717785708,-218.341458083,433.178984407,1.84646219686e-08,99.9853013778
1787,71.48,-218.347370488,-1.10722760919e-17,-2.38325428387e-07,433.184306951,2.39643646039e-07,-214.717785708,-218.347370727,433.18430719,1.82555779244e-08,99.9852473736
1788,71.52,-218.353258362,-1.08244900927e-17,-2.35602373324e-07,433.189599044,2.36900380645e-07,-214.717785708,-218.353258598,433.18959928,1.80495221229e-08,99.9851932614
1789,71.56,-218.359121053,-1.05840085768e-17,-2.32918984206e-07,433.194860185,2.34197027555e-07,-214.717785708,-218.359121286,433.194860419,1.78462757202e-08,99.9851390413
1790,71.6,-218.364958155,-1.03504568835e-17,-2.30272339863e-07,433.200090122,2.31530655024e-07,-214.717785708,-218.364958385,433.200090353,1.76456545256e-08,99.9850847135
1791,71.64,-218.370769262,-1.01234318189e-17,-2.2765945291e-07,433.205288605,2.2889826477e-07,-214.717785708,-218.370769489,433.205288834,1.74474740856e-08,99.9850302783
1792,71.68,-218.376553972,-9.90250888516e-18,-2.25077355183e-07,433.21045539,2.26296877845e-07,-214.717785708,-218.376554197,433.210455616,1.72515547186e-08,99.9849757357
1793,71.72,-218.382311886,-9.68725116165e-18,-2.22523181783e-07,433.215590236,2.23723619049e-07,-214.717785708,-218.382312109,433.215590459,1.70577263406e-08,99.9849210861
1794,71.76,-218.388042608,-9.47722033741e-18,-2.19994251095e-07,433.220692907,2.2117579723e-07,-214.717785708,-218.388042828,433.220693128,1.68658329308e-08,99.9848663296
1795,71.8,-218.393745743,-9.27198873891e-18,-2.1748813825e-07,433.225763171,2.18650978926e-07,-214.717785708,-218.39374596,433.225763389,1.66757365049e-08,99.9848114664
1796,71.84,-218.3994209,-9.07115032163e-18,-2.1500273966e-07,433.2308008,2.1614705308e-07,-214.717785708,-218.399421115,433.230801016,1.64873204792e-08,99.9847564967
1797,71.88,-218.405067692,-8.87432923611e-18,-2.12536326721e-07,433.235805571,2.13662284932e-07,-214.717785708,-218.405067904,433.235805785,1.63004923336e-08,99.9847014207
1798,71.92,-218.410685732,-8.68118616131e-18,-2.10087587229e-07,433.240777264,2.11195357638e-07,-214.717785708,-218.410685942,433.240777475,1.61151854995e-08,99.9846462387
1799,71.96,-218.416274638,-8.49142373715e-18,-2.07655653537e-07,433.245715663,2.08745400556e-07,-214.717785708,-218.416274845,433.245715872,1.59313604268e-08,99.9845909508
1800,72,-218.42183403,-8.30479215117e-18,-2.05240116779e-07,433.250620559,2.06312003482e-07,-214.717785708,-218.421834235,433.250620765,1.57490048018e-08,99.9845355572
1801,72.04,-218.427363531,-8.12109453182e-18,-2.0284102675e-07,433.255491742,2.03895216411e-07,-214.717785708,-218.427363734,433.255491946,1.55681329189e-08,99.9844800582
1802,72.08,-218.432862767,-7.94019056264e-18,-2.00458877338e-07,433.260329011,2.01495534797e-07,-214.717785708,-218.432862968,433.260329212,1.53887842276e-08,99.9844244539
1803,72.12,-218.438331368,-7.76199680033e-18,-1.98094577852e-07,433.265132166,1.99113870738e-07,-214.717785708,-218.438331566,433.265132365,1.52110211009e-08,99.9843687446
1804,72.16,-218.443768964,-7.58648353961e-18,-1.95749411169e-07,433.269901012,1.96751510999e-07,-214.717785708,-218.44376916,433.269901209,1.50349258945e-08,99.9843129305
1805,72.2,-218.449175191,-7.41366956334e-18,-1.93424980121e-07,433.274635359,1.94410063281e-07,-214.717785708,-218.449175385,433.274635553,1.48605973842e-08,99.9842570118
1806,72.24,-218.454549688,-7.24361648302e-18,-1.91123143916e-07,433.279335018,1.92091392426e-07,-214.717785708,-218.454549879,433.27933521,1.46881466899e-08,99.9842009888
1807,72.28,-218.459892093,-7.07642336278e-18,-1.88845946549e-07,433.283999808,1.89797548539e-07,-214.717785708,-218.459892282,433.283999998,1.45176928124e-08,99.9841448615
1808,72.32,-218.465202053,-6.91222090104e-18,-1.86595539341e-07,433.288629549,1.87530689181e-07,-214.717785708,-218.465202239,433.288629736,1.43493579207e-08,99.9840886303
1809,72.36,-218.470479213,-6.75116392691e-18,-1.8437409991e-07,433.293224065,1.85292998037e-07,-214.717785708,-218.470479397,433.29322425,1.41832625419e-08,99.9840322954
1810,72.4,-218.475723223,-6.59342182302e-18,-1.82183750174e-07,433.297783185,1.83086602702e-07,-214.717785708,-218.475723405,433.297783368,1.40195208079e-08,99.9839758569
1811,72.44,-218.480933738,-6.43916793689e-18,-1.80026476192e-07,433.302306741,1.80913494364e-07,-214.717785708,-218.480933918,433.302306922,1.38582359131e-08,99.9839193152
1812,72.48,-218.486110413,-6.28856978475e-18,-1.77904052662e-07,433.306794571,1.78775452141e-07,-214.717785708,-218.48611059,433.306794749,1.36994959369e-08,99.9838626703
1813,72.52,-218.491252907,-6.14178123315e-18,-1.75817974678e-07,433.311246513,1.76673974642e-07,-214.717785708,-218.491253083,433.311246689,1.35433701682e-08,99.9838059227
1814,72.56,-218.496360884,-5.99893644045e-18,-1.73769398951e-07,433.315662411,1.74610220969e-07,-214.717785708,-218.496361058,433.315662586,1.33899060602e-08,99.9837490724
1815,72.6,-218.501434009,-5.86014440894e-18,-1.71759096319e-07,433.320042113,1.72584963075e-07,-214.717785708,-218.501434181,433.320042286,1.32391269179e-08,99.9836921197
1816,72.64,-218.506471952,-5.72548333046e-18,-1.69787417046e-07,433.32438547,1.70598551009e-07,-214.717785708,-218.506472122,433.324385641,1.3091030396e-08,99.9836350648
1817,72.68,-218.511474384,-5.59499512861e-18,-1.67854270075e-07,433.328692337,1.68650892226e-07,-214.717785708,-218.511474552,433.328692506,1.29455878551e-08,99.983577908
1818,72.72,-218.516440982,-5.4686815372e-18,-1.65959117002e-07,433.332962572,1.66741445643e-07,-214.717785708,-218.516441148,433.332962739,1.28027445911e-08,99.9835206495
1819,72.76,-218.521371423,-5.34650282546e-18,-1.64100980939e-07,433.337196038,1.64869230576e-07,-214.717785708,-218.521371587,433.337196203,1.26624209243e-08,99.9834632894
1820,72.8,-218.526265391,-5.22837908503e-18,-1.62278469763e-07,433.341392599,1.63032850026e-07,-214.717785708,-218.526265553,433.341392762,1.25245141027e-08,99.9834058282
1821,72.84,-218.53112257,-5.11419290542e-18,-1.60489812667e-07,433.345552126,1.61230527314e-07,-214.717785708,-218.53112273,433.345552287,1.23889009472e-08,99.9833482659
1822,72.88,-218.535942649,-5.00379223105e-18,-1.58732908509e-07,433.349674489,1.59460154563e-07,-214.717785708,-218.535942807,433.349674649,1.22554411406e-08,99.9832906028
1823,72.92,-218.54072532,-4.89699317776e-18,-1.57005384196e-07,433.353759567,1.57719351329e-07,-214.717785708,-218.540725477,433.353759725,1.21239810402e-08,99.9832328391
1824,72.96,-218.54547028,-4.79358363282e-18,-1.55304661198e-07,433.357807238,1.56005531355e-07,-214.717785708,-218.545470435,433.357807394,1.19943578806e-08,99.9831749752
1825,73,-218.550177225,-4.69332858475e-18,-1.53628028013e-07,433.361817386,1.54315975258e-07,-214.717785708,-218.550177379,433.36181754,1.18664042227e-08,99.9831170111
1826,73.04,-218.55484586,-4.59597721549e-18,-1.51972716199e-07,433.365789896,1.52647906705e-07,-214.717785708,-218.554846012,433.365790048,1.17399525052e-08,99.9830589472
1827,73.08,-218.559475889,-4.50127067342e-18,-1.50335977409e-07,433.369724658,1.50998569577e-07,-214.717785708,-218.559476039,433.369724809,1.16148395529e-08,99.9830007837
1828,73.12,-218.564067021,-4.4089491329e-18,-1.48715158918e-07,433.373621566,1.49365303656e-07,-214.717785708,-218.56406717,433.373621715,1.14909109065e-08,99.9829425208
1829,73.16,-218.568618969,-4.31875749598e-18,-1.47107775372e-07,433.377480515,1.47745616584e-07,-214.717785708,-218.568619117,433.377480663,1.13680248444e-08,99.9828841588
1830,73.2,-218.57313145,-4.23045020947e-18,-1.45511574821e-07,433.381301406,1.46137250124e-07,-214.717785708,-218.573131595,433.381301552,1.12460559825e-08,99.9828256979
1831,73.24,-218.577604181,-4.14379616501e-18,-1.43924597336e-07,433.38508414,1.44538238951e-07,-214.717785708,-218.577604325,433.385084285,1.1124898355e-08,99.9827671384
1832,73.28,-218.582036887,-4.05858412273e-18,-1.42345224705e-07,433.388828625,1.42946960442e-07,-214.717785708,-218.582037029,433.388828768,1.10044678969e-08,99.9827084804
1833,73.32,-218.586429293,-3.97462808129e-18,-1.40772219813e-07,433.392534768,1.41362174077e-07,-214.717785708,-218.586429434,433.392534909,1.08847042687e-08,99.9826497243
1834,73.36,-218.59078113,-3.89177145128e-18,-1.392047546e-07,433.396202482,1.39783049418e-07,-214.717785708,-218.59078127,433.396202622,1.07655719818e-08,99.9825908703
1835,73.4,-218.595092132,-3.80988927761e-18,-1.37642425864e-07,433.399831682,1.38209181936e-07,-214.717785708,-218.595092269,433.399831821,1.06470608012e-08,99.9825319186
1836,73.44,-218.599362034,-3.72888873579e-18,-1.36085258636e-07,433.403422287,1.36640596439e-07,-214.717785708,-218.59936217,433.403422424,1.05291854222e-08,99.9824728696
1837,73.48,-218.603590579,-3.64870882812e-18,-1.34533697262e-07,433.406974218,1.35077738152e-07,-214.717785708,-218.603590713,433.406974353,1.04119844331e-08,99.9824137233
1838,73.52,-218.607777509,-3.5693200505e-18,-1.32988584564e-07,433.410487399,1.33521451803e-07,-214.717785708,-218.607777642,433.410487533,1.02955185983e-08,99.9823544802
1839,73.56,-218.611922574,-3.49072399314e-18,-1.31451129647e-07,433.413961757,1.3197294927e-07,-214.717785708,-218.611922705,433.413961889,1.01798685121e-08,99.9822951403
1840,73.6,-218.616025524,-3.41295214735e-18,-1.29922865113e-07,433.417397223,1.30433766613e-07,-214.717785708,-218.616025653,433.417397353,1.00651316869e-08,99.9822357041
1841,73.64,-218.620086114,-3.33606323489e-18,-1.28405594793e-07,433.420793728,1.28905711627e-07,-214.717785708,-218.620086242,433.420793857,9.95141915815e-09,99.9821761717
1842,73.68,-218.624104103,-3.26013908806e-18,-1.26901333472e-07,433.42415121,1.27390803423e-07,-214.717785708,-218.62410423,433.424151337,9.83885169978e-09,99.9821165434
1843,73.72,-218.628079254,-3.18527982973e-18,-1.2541224045e-07,433.427469606,1.25891205836e-07,-214.717785708,-218.628079379,433.427469732,9.72755575625e-09,99.9820568195
1844,73.76,-218.632011332,-3.11159920221e-18,-1.23940548961e-07,433.430748858,1.24409156656e-07,-214.717785708,-218.632011456,433.430748983,9.61765921014e-09,99.9819970002
1845,73.8,-218.635900108,-3.03922033248e-18,-1.22488493528e-07,433.43398891,1.22946894766e-07,-214.717785708,-218.63590023,433.433989033,9.50928710968e-09,99.9819370857
1846,73.84,-218.639745354,-2.96827155128e-18,-1.21058237346e-07,433.437189709,1.21506587292e-07,-214.717785708,-218.639745475,433.437189831,9.40255748449e-09,99.9818770764
1847,73.88,-218.643546848,-2.89888172425e-18,-1.19651801795e-07,433.440351204,1.20090258941e-07,-214.717785708,-218.643546968,433.440351324,9.29757737685e-09,99.9818169724
1848,73.92,-218.64730437,-2.83117502653e-18,-1.18271000267e-07,433.443473346,1.18699725701e-07,-214.717785708,-218.647304489,433.443473465,9.19443921079e-09,99.9817567741
1849,73.96,-218.651017706,-2.76526573455e-18,-1.16917378477e-07,433.446556092,1.1733653508e-07,-214.717785708,-218.651017823,433.446556209,9.09321761359e-09,99.9816964817
1850,74,-218.654686642,-2.70125382017e-18,-1.15592163243e-07,433.449599397,1.16001914813e-07,-214.717785708,-218.654686758,433.449599513,8.99396679175e-09,99.9816360955
1851,74.04,-218.658310972,-2.63922172692e-18,-1.14296221397e-07,433.452603221,1.14696731702e-07,-214.717785708,-218.658311087,433.452603336,8.89671854623e-09,99.9815756157
1852,74.08,-218.661890492,-2.57923206941e-18,-1.13030030017e-07,433.455567527,1.13421461792e-07,-214.717785708,-218.661890605,433.455567641,8.80148098988e-09,99.9815150426
1853,74.12,-218.665424999,-2.5213257037e-18,-1.1179365878e-07,433.458492279,1.12176172716e-07,-214.717785708,-218.665425111,433.458492391,8.70823800515e-09,99.9814543765
1854,74.16,-218.668914299,-2.46551990766e-18,-1.10586764878e-07,433.461377444,1.10960518672e-07,-214.717785708,-218.66891441,433.461377555,8.61694945444e-09,99.9813936176
1855,74.2,-218.672358198,-2.41180697775e-18,-1.0940860063e-07,433.464222992,1.09773748149e-07,-214.717785708,-218.672358308,433.464223101,8.52755213047e-09,99.9813327661
1856,74.24,-218.675756508,-2.36015384139e-18,-1.08258033519e-07,433.467028893,1.08614724076e-07,-214.717785708,-218.675756616,433.467029002,8.43996140984e-09,99.9812718225
1857,74.28,-218.679109042,-2.31050302039e-18,-1.07133577894e-07,433.469795122,1.07481955639e-07,-214.717785708,-218.679109149,433.46979523,8.3540735493e-09,99.9812107868
1858,74.32,-218.682415619,-2.26277470052e-18,-1.06033437101e-07,433.472521656,1.0637364051e-07,-214.717785708,-218.682415725,433.472521763,8.2697685421e-09,99.9811496595
1859,74.36,-218.685676063,-2.21686928449e-18,-1.04955554427e-07,433.475208473,1.05287715917e-07,-214.717785708,-218.685676168,433.475208578,8.18691343319e-09,99.9810884407
1860,74.4,-218.688890198,-2.17266995027e-18,-1.03897671023e-07,433.477855553,1.04221916719e-07,-214.717785708,-218.688890302,433.477855657,8.10536597846e-09,99.9810271308
1861,74.44,-218.692057856,-2.13004523696e-18,-1.02857388925e-07,433.480462879,1.03173838614e-07,-214.717785708,-218.692057959,433.480462983,8.02497852599e-09,99.98096573
1862,74.48,-218.69517887,-2.08885205692e-18,-1.01832237211e-07,433.483030437,1.02141004467e-07,-214.717785708,-218.695178972,433.483030539,7.9456019944e-09,99.9809042385
1863,74.52,-218.698253078,-2.04893944215e-18,-1.00819739293e-07,433.485558214,1.01120931748e-07,-214.717785708,-218.698253178,433.485558315,7.86708982536e-09,99.9808426567
1864,74.56,-218.701280321,-2.01015287125e-18,-9.98174792616e-08,433.488046198,1.00111198967e-07,-214.717785708,-218.701280421,433.488046298,7.78930179147e-09,99.9807809849
1865,74.6,-218.704260446,-1.97233862054e-18,-9.88231652443e-08,433.490494381,9.9109509122e-08,-214.717785708,-218.704260544,433.49049448,7.71210754964e-09,99.9807192232
1866,74.64,-218.707193301,-1.93534759799e-18,-9.78346879579e-08,433.492902756,9.81137483411e-08,-214.717785708,-218.707193399,433.492902854,7.63538984217e-09,99.980657372
1867,74.68,-218.71007874,-1.89903851987e-18,-9.68501729268e-08,433.495271318,9.71220381884e-08,-214.717785708,-218.710078837,433.495271416,7.55904726351e-09,99.9805954316
1868,74.72,-218.712916621,-1.86328070429e-18,-9.58680251595e-08,433.497600066,9.61327804174e-08,-214.717785708,-218.712916717,433.497600162,7.48299652731e-09,99.9805334022
1869,74.76,-218.715706804,-1.82795681988e-18,-9.48869653131e-08,433.499888996,9.51446931678e-08,-214.717785708,-218.715706899,433.499889091,7.40717418561e-09,99.9804712841
1870,74.8,-218.718449154,-1.79296561203e-18,-9.39060565562e-08,433.502138111,9.4156837817e-08,-214.717785708,-218.718449248,433.502138205,7.33153776802e-09,99.9804090776
1871,74.84,-218.721143542,-1.7582242439e-18,-9.2924721539e-08,433.504347414,9.31686359111e-08,-214.717785708,-218.721143634,433.504347507,7.25606632463e-09,99.980346783
1872,74.88,-218.723789838,-1.72366979171e-18,-9.19427491511e-08,433.506516908,9.21798758794e-08,-214.717785708,-218.72378993,433.506517,7.18076037164e-09,99.9802844005
1873,74.92,-218.726387921,-1.68925970601e-18,-9.09602910817e-08,433.508646601,9.11907095584e-08,-214.717785708,-218.726388012,433.508646692,7.10564125402e-09,99.9802219305
1874,74.96,-218.728937671,-1.65497144853e-18,-8.99778485092e-08,433.5107365,9.0201638844e-08,-214.717785708,-218.728937761,433.51073659,7.03074995284e-09,99.9801593732
1875,75,-218.731438973,-1.62080169907e-18,-8.8996249487e-08,433.512786615,8.92134930169e-08,-214.717785708,-218.731439062,433.512786704,6.95614537742e-09,99.9800967288
1876,75.04,-218.733891715,-1.58676537108e-18,-8.80166177357e-08,433.514796958,8.82273974487e-08,-214.717785708,-218.733891803,433.514797046,6.88190219302e-09,99.9800339978
1877,75.08,-218.736295791,-1.55289435531e-18,-8.70403336847e-08,433.516767543,8.7244734537e-08,-214.717785708,-218.736295878,433.51676763,6.8081082446e-09,99.9799711803
1878,75.12,-218.738651097,-1.5192357342e-18,-8.60689887722e-08,433.518698383,8.62670979009e-08,-214.717785708,-218.738651183,433.518698469,6.73486164613e-09,99.9799082766
1879,75.16,-218.740957533,-1.48584933145e-18,-8.51043342296e-08,433.520589496,8.5296241075e-08,-214.717785708,-218.740957618,433.520589581,6.66226761361e-09,99.9798452871
1880,75.2,-218.743215004,-1.452804762e-18,-8.41482257901e-08,433.522440899,8.43340221396e-08,-214.717785708,-218.743215088,433.522440984,6.59043512674e-09,99.979782212
1881,75.24,-218.745423418,-1.4201783557e-18,-8.32025658981e-08,433.524252613,8.33823458516e-08,-214.717785708,-218.745423502,433.524252696,6.51947350957e-09,99.9797190516
1882,75.28,-218.747582689,-1.38805027027e-18,-8.22692450476e-08,433.526024658,8.24431048942e-08,-214.717785708,-218.747582771,433.52602474,6.44948902329e-09,99.9796558062
1883,75.32,-218.749692732,-1.35650185679e-18,-8.13500838599e-08,433.527757057,8.1518121861e-08,-214.717785708,-218.749692813,433.527757139,6.38058156549e-09,99.9795924761
1884,75.36,-218.751753468,-1.32561312944e-18,-8.04467774962e-08,433.529449834,8.06090935824e-08,-214.717785708,-218.751753548,433.529449915,6.31284156921e-09,99.9795290616
1885,75.4,-218.753764821,-1.29546020205e-18,-7.95608439911e-08,433.531103016,7.97175393937e-08,-214.717785708,-218.7537649,433.531103095,6.24634719185e-09,99.9794655629
1886,75.44,-218.75572672,-1.26611275448e-18,-7.86935780624e-08,433.532716628,7.88447549002e-08,-214.717785708,-218.755726798,433.532716707,6.18116187802e-09,99.9794019803
1887,75.48,-218.757639097,-1.23763177889e-18,-7.78460118348e-08,433.534290699,7.79917726698e-08,-214.717785708,-218.757639175,433.534290777,6.11733237052e-09,99.9793383143
1888,75.52,-218.759501888,-1.21006784637e-18,-7.70188836915e-08,433.535825259,7.71593310579e-08,-214.717785708,-218.759501965,433.535825337,6.05488723036e-09,99.9792745649
1889,75.56,-218.761315035,-1.18345993533e-18,-7.62126161712e-08,433.53732034,7.63478520821e-08,-214.717785708,-218.761315111,433.537320416,5.99383591112e-09,99.9792107326
1890,75.6,-218.763078481,-1.15783465332e-18,-7.54273035121e-08,433.538775973,7.55574289587e-08,-214.717785708,-218.763078556,433.538776049,5.93416841528e-09,99.9791468176
1891,75.64,-218.764792174,-1.13320565106e-18,-7.46627091571e-08,433.540192193,7.47878236247e-08,-214.717785708,-218.764792249,433.540192268,5.87585554197e-09,99.9790828202
1892,75.68,-218.766456068,-1.10957319093e-18,-7.39182732522e-08,433.541569035,7.40384742772e-08,-214.717785708,-218.766456142,433.541569109,5.81884971605e-09,99.9790187408
1893,75.72,-218.768070118,-1.08692402998e-18,-7.31931298673e-08,433.542906534,7.33085126486e-08,-214.717785708,-218.768070191,433.542906607,5.76308636843e-09,99.9789545795
1894,75.76,-218.769634285,-1.06523181924e-18,-7.24861333133e-08,433.544204729,7.25967903819e-08,-214.717785708,-218.769634357,433.544204802,5.70848581816e-09,99.9788903368
1895,75.8,-218.771148533,-1.04445806103e-18,-7.17958925798e-08,433.545463658,7.19019135246e-08,-214.717785708,-218.771148605,433.54546373,5.65495558891e-09,99.9788260128
1896,75.84,-218.772612831,-1.02455344711e-18,-7.11208126163e-08,433.546683362,7.12222838684e-08,-214.717785708,-218.772612902,433.546683433,5.60239307865e-09,99.978761608
1897,75.88,-218.77402715,-1.00545931958e-18,-7.0459140984e-08,433.547863881,7.05561456702e-08,-214.717785708,-218.774027221,433.547863952,5.55068849071e-09,99.9786971225
1898,75.92,-218.775391468,-9.87109122865e-19,-6.98090183063e-08,433.549005258,6.99016361822e-08,-214.717785708,-218.775391538,433.549005328,5.49972792805e-09,99.9786325568
1899,75.96,-218.776705765,-9.69429928375e-19,-6.91685309015e-08,433.550107536,6.92568383646e-08,-214.717785708,-218.776705834,433.550107605,5.44939654932e-09,99.9785679111
1900,76,-218.777970024,-9.52344211271e-19,-6.8535763952e-08,433.55117076,6.8619834126e-08,-214.717785708,-218.777970093,433.551170829,5.39958168625e-09,99.9785031856
1901,76.04,-218.779184235,-9.35771948374e-19,-6.79088535692e-08,433.552194976,6.79887564424e-08,-214.717785708,-218.779184303,433.552195044,5.35017582625e-09,99.9784383808
1902,76.08,-218.78034839,-9.19632885659e-19,-6.72860361725e-08,433.553180231,6.73618387779e-08,-214.717785708,-218.780348457,433.553180298,5.30107937321e-09,99.9783734968
1903,76.12,-218.781462484,-9.03848693884e-19,-6.66656937546e-08,433.554126571,6.67374603868e-08,-214.717785708,-218.781462551,433.554126638,5.25220311064e-09,99.9783085341
1904,76.16,-218.782526519,-8.88344808941e-19,-6.60463938432e-08,433.555034047,6.6114186311e-08,-214.717785708,-218.782526585,433.555034113,5.20347030513e-09,99.9782434929
1905,76.2,-218.783540499,-8.73051966116e-19,-6.54269232297e-08,433.555902708,6.54908011406e-08,-214.717785708,-218.783540564,433.555902773,5.15481840239e-09,99.9781783735
1906,76.24,-218.784504431,-8.57907589917e-19,-6.48063147835e-08,433.556732605,6.48663358486e-08,-214.717785708,-218.784504496,433.55673267,5.10620028268e-09,99.9781131762
1907,76.28,-218.785418329,-8.4285715825e-19,-6.41838668706e-08,433.55752379,6.42400872111e-08,-214.717785708,-218.785418393,433.557523854,5.05758505706e-09,99.9780479014
1908,76.32,-218.786282208,-8.27855469822e-19,-6.3559155076e-08,433.558276316,6.36116295201e-08,-214.717785708,-218.786282272,433.55827638,5.00895839999e-09,99.9779825493
1909,76.36,-218.78709609,-8.12867591192e-19,-6.29320361348e-08,433.558990237,6.29808184974e-08,-214.717785708,-218.787096153,433.5589903,4.96032242648e-09,99.9779171203
1910,76.4,-218.787859997,-7.97869293005e-19,-6.23026441984e-08,433.559665609,6.23477875459e-08,-214.717785708,-218.787860059,433.559665671,4.91169513336e-09,99.9778516147
1911,76.44,-218.788573958,-7.82846978618e-19,-6.16713797931e-08,433.560302486,6.17129366923e-08,-214.717785708,-218.78857402,433.560302548,4.86310943388e-09,99.9777860327
1912,76.48,-218.789238006,-7.67797290951e-19,-6.10388920045e-08,433.560900926,6.10769147519e-08,-214.717785708,-218.789238067,433.560900987,4.81461182253e-09,99.9777203747
1913,76.52,-218.789852176,-7.52726597982e-19,-6.04060545346e-08,433.561460986,6.04405953559e-08,-214.717785708,-218.789852236,433.561461046,4.76626071375e-09,99.977654641
1914,76.56,-218.790416508,-7.37650405778e-19,-5.9773936344e-08,433.561982725,5.98050475582e-08,-214.717785708,-218.790416568,433.561982785,4.71812450328e-09,99.9775888319
1915,76.6,-218.790931047,-7.22592583891e-19,-5.91437676575e-08,433.562466203,5.91715018035e-08,-214.717785708,-218.790931107,433.562466262,4.67027940497e-09,99.9775229478
1916,76.64,-218.791395841,-7.07584268486e-19,-5.85169022045e-08,433.56291148,5.85413121346e-08,-214.717785708,-218.7913959,433.562911539,4.6228071191e-09,99.9774569889
1917,76.68,-218.791810941,-6.92662448146e-19,-5.78947766712e-08,433.563318618,5.79159156171e-08,-214.717785708,-218.791810999,433.563318676,4.57579239036e-09,99.9773909556
1918,76.72,-218.792176404,-6.77868400105e-19,-5.72788684254e-08,433.563687678,5.72967900383e-08,-214.717785708,-218.792176461,433.563687736,4.52932051522e-09,99.9773248481
1919,76.76,-218.792492288,-6.63246178249e-19,-5.66706526006e-08,433.564018725,5.66854109647e-08,-214.717785708,-218.792492345,433.564018781,4.48347485957e-09,99.9772586669
1920,76.8,-218.792758659,-6.48841234572e-19,-5.60715596153e-08,433.564311821,5.60832092347e-08,-214.717785708,-218.792758715,433.564311877,4.43833444766e-09,99.9771924122
1921,76.84,-218.792975583,-6.34699104316e-19,-5.54829341765e-08,433.564567032,5.54915299386e-08,-214.717785708,-218.792975638,433.564567088,4.39397168271e-09,99.9771260844
1922,76.88,-218.793143131,-6.20864047211e-19,-5.49059968105e-08,433.564784424,5.49115939327e-08,-214.717785708,-218.793143186,433.564784479,4.3504502578e-09,99.9770596838
1923,76.92,-218.793261381,-6.07377641631e-19,-5.43418089606e-08,433.564964063,5.43444629268e-08,-214.717785708,-218.793261435,433.564964117,4.30782331269e-09,99.9769932106
1924,76.96,-218.79333041,-5.94277463843e-19,-5.37912426497e-08,433.565106016,5.37910091385e-08,-214.717785708,-218.793330464,433.56510607,4.26613188728e-09,99.9769266653
1925,77,-218.793350302,-5.81596012719e-19,-5.32549555992e-08,433.565210353,5.32518904072e-08,-214.717785708,-218.793350356,433.565210406,4.22540371667e-09,99.9768600482
1926,77.04,-218.793321145,-5.69359932349e-19,-5.27333725342e-08,433.565277141,5.27275314935e-08,-214.717785708,-218.793321198,433.565277194,4.18565240417e-09,99.9767933595
1927,77.08,-218.793243029,-5.57589447426e-19,-5.22266732139e-08,433.565306451,5.22181121079e-08,-214.717785708,-218.793243081,433.565306503,4.14687699894e-09,99.9767265997
1928,77.12,-218.793116049,-5.46297893106e-19,-5.17347875423e-08,433.565298353,5.17235620229e-08,-214.717785708,-218.793116101,433.565298405,4.10906199342e-09,99.9766597691
1929,77.16,-218.792940304,-5.35491320796e-19,-5.12573979321e-08,433.56525292,5.12435634399e-08,-214.717785708,-218.792940355,433.565252971,4.0721777426e-09,99.9765928679
1930,77.2,-218.792715897,-5.25168289255e-19,-5.07939488886e-08,433.565170224,5.0777560576e-08,-214.717785708,-218.792715948,433.565170274,4.03618129407e-09,99.9765258966
1931,77.24,-218.792442933,-5.15319973299e-19,-5.03436635327e-08,433.565050337,5.03247761872e-08,-214.717785708,-218.792442984,433.565050387,4.00101760404e-09,99.9764588554
1932,77.28,-218.792121524,-5.0593061063e-19,-4.99055665139e-08,433.564893334,4.98842344821e-08,-214.717785708,-218.792121574,433.564893384,3.96662110112e-09,99.9763917447
1933,77.32,-218.791751784,-4.96978164945e-19,-4.94785125237e-08,433.56469929,4.94547896342e-08,-214.717785708,-218.791751833,433.564699339,3.9329175475e-09,99.9763245649
1934,77.36,-218.79133383,-4.88435045454e-19,-4.9061219434e-08,433.564468281,4.90351589213e-08,-214.717785708,-218.791333879,433.56446833,3.89982613668e-09,99.9762573163
1935,77.4,-218.790867784,-4.80268822835e-19,-4.86523049748e-08,433.564200382,4.86239594012e-08,-214.717785708,-218.790867832,433.564200431,3.86726175868e-09,99.9761899992
1936,77.44,-218.790353771,-4.7244301821e-19,-4.82503257781e-08,433.563895672,4.8219746953e-08,-214.717785708,-218.79035382,433.563895721,3.83513735884e-09,99.976122614
1937,77.48,-218.789791922,-4.64918078517e-19,-4.78538175482e-08,433.563554229,4.78210564426e-08,-214.717785708,-218.78979197,433.563554277,3.80336631363e-09,99.9760551611
1938,77.52,-218.789182369,-4.57652550109e-19,-4.7461335066e-08,433.563176132,4.74264417241e-08,-214.717785708,-218.789182417,433.563176179,3.77186474804e-09,99.9759876407
1939,77.56,-218.788525249,-4.50604319164e-19,-4.70714907448e-08,433.56276146,4.70345141942e-08,-214.717785708,-218.788525296,433.562761507,3.74055372213e-09,99.9759200532
1940,77.6,-218.787820703,-4.43731739984e-19,-4.66829905493e-08,433.562310294,4.66439787114e-08,-214.717785708,-218.78782075,433.562310341,3.70936122116e-09,99.975852399
1941,77.64,-218.787068875,-4.36994565675e-19,-4.62946662542e-08,433.561822717,4.62536658556e-08,-214.717785708,-218.787068921,433.561822763,3.67822389262e-09,99.9757846785
1942,77.68,-218.786269913,-4.30354740909e-19,-4.59055032163e-08,433.561298809,4.58625596998e-08,-214.717785708,-218.786269958,433.561298855,3.64708848433e-09,99.9757168919
1943,77.72,-218.785423969,-4.23777177621e-19,-4.5514663009e-08,433.560738656,4.54698204481e-08,-214.717785708,-218.785424014,433.560738701,3.61591294996e-09,99.9756490397
1944,77.76,-218.784531198,-4.17230559226e-19,-4.51215004332e-08,433.56014234,4.50748014537e-08,-214.717785708,-218.784531243,433.560142385,3.58466720072e-09,99.9755811222
1945,77.8,-218.783591761,-4.10688085721e-19,-4.47255745856e-08,433.559509946,4.46770603016e-08,-214.717785708,-218.783591805,433.559509991,3.55333349449e-09,99.9755131398
1946,77.84,-218.782605819,-4.04128011409e-19,-4.43266538727e-08,433.558841562,4.42763638387e-08,-214.717785708,-218.782605863,433.558841606,3.52190646597e-09,99.9754450928
1947,77.88,-218.781573539,-3.97533896309e-19,-4.3924715081e-08,433.558137272,4.38726872619e-08,-214.717785708,-218.781573583,433.558137316,3.49039281262e-09,99.9753769817
1948,77.92,-218.780495092,-3.90894625277e-19,-4.35199368188e-08,433.557397166,4.34662075772e-08,-214.717785708,-218.780495136,433.557397209,3.45881066128e-09,99.9753088067
1949,77.96,-218.779370652,-3.84204323043e-19,-4.31126877938e-08,433.556621331,4.30572918952e-08,-214.717785708,-218.779370695,433.556621374,3.42718864791e-09,99.9752405682
1950,78,-218.778200396,-3.77462248308e-19,-4.27035104736e-08,433.555809857,4.26464811168e-08,-214.717785708,-218.778200438,433.5558099,3.39556474943e-09,99.9751722667
1951,78.04,-218.776984504,-3.70672639296e-19,-4.22931007415e-08,433.554962834,4.22344696158e-08,-214.717785708,-218.776984547,433.554962876,3.36398491052e-09,99.9751039025
1952,78.08,-218.775723163,-3.63844416923e-19,-4.18822842148e-08,433.554080354,4.18220815863e-08,-214.717785708,-218.775723205,433.554080396,3.33250151102e-09,99.9750354759
1953,78.12,-218.77441656,-3.56990689517e-19,-4.14719899572e-08,433.553162509,4.14102447799e-08,-214.717785708,-218.774416601,433.55316255,3.30117172045e-09,99.9749669873
1954,78.16,-218.773064887,-3.50128102149e-19,-4.10632223569e-08,433.552209391,4.09999624038e-08,-214.717785708,-218.773064928,433.552209432,3.27005578541e-09,99.9748984372
1955,78.2,-218.771668339,-3.43276137048e-19,-4.06570319387e-08,433.551221096,4.05922839508e-08,-214.717785708,-218.77166838,433.551221137,3.23921529371e-09,99.9748298259
1956,78.24,-218.770227116,-3.36456444497e-19,-4.02544858385e-08,433.550197718,4.01882756908e-08,-214.717785708,-218.770227156,433.550197758,3.20871145678e-09,99.9747611538
1957,78.28,-218.76874142,-3.29692201246e-19,-3.98566386165e-08,433.549139353,3.97889915e-08,-214.717785708,-218.76874146,433.549139393,3.17860344866e-09,99.9746924213
1958,78.32,-218.767211457,-3.23007440389e-19,-3.94645040442e-08,433.548046098,3.93954446607e-08,-214.717785708,-218.767211497,433.548046138,3.14894683741e-09,99.9746236287
1959,78.36,-218.765637437,-3.16426321036e-19,-3.90790284796e-08,433.546918052,3.90085812412e-08,-214.717785708,-218.765637476,433.546918091,3.11979214112e-09,99.9745547764
1960,78.4,-218.764019572,-3.09972376723e-19,-3.87010664188e-08,433.545755312,3.86292556442e-08,-214.717785708,-218.764019611,433.545755351,3.09118353773e-09,99.9744858649
1961,78.44,-218.76235808,-3.03667824068e-19,-3.83313587614e-08,433.544557981,3.82582088658e-08,-214.717785708,-218.762358118,433.544558019,3.06315775426e-09,99.9744168946
1962,78.48,-218.760653179,-2.97532986832e-19,-3.7970514263e-08,433.543326157,3.78960499389e-08,-214.717785708,-218.760653217,433.543326195,3.03574315759e-09,99.9743478658
1963,78.52,-218.758905093,-2.91585825229e-19,-3.76189945681e-08,433.542059945,3.75432409571e-08,-214.717785708,-218.75890513,433.542059982,3.00895906582e-09,99.9742787789
1964,78.56,-218.757114049,-2.85841522927e-19,-3.72771031567e-08,433.540759446,3.72000860057e-08,-214.717785708,-218.757114086,433.540759483,2.98281529521e-09,99.9742096343
1965,78.6,-218.755280277,-2.80312109076e-19,-3.69449784727e-08,433.539424766,3.68667242707e-08,-214.717785708,-218.755280314,433.539424803,2.95731195385e-09,99.9741404324
1966,78.64,-218.75340401,-2.75006149207e-19,-3.6622591435e-08,433.538056009,3.65431275219e-08,-214.717785708,-218.753404047,433.538056046,2.9324394882e-09,99.9740711737
1967,78.68,-218.751485486,-2.69928565166e-19,-3.63097474207e-08,433.536653283,3.6229102069e-08,-214.717785708,-218.751485522,433.536653319,2.9081789828e-09,99.9740018586
1968,78.72,-218.749524944,-2.65080610985e-19,-3.60060926854e-08,433.535216694,3.59242951564e-08,-214.717785708,-218.74952498,433.53521673,2.88450270713e-09,99.9739324873
1969,78.76,-218.747522628,-2.60459970989e-19,-3.57111250542e-08,433.533746353,3.56282056281e-08,-214.717785708,-218.747522663,433.533746388,2.86137489704e-09,99.9738630604
1970,78.8,-218.745478784,-2.56060918127e-19,-3.54242086002e-08,433.532242368,3.53401985775e-08,-214.717785708,-218.745478819,433.532242403,2.83875275179e-09,99.9737935783
1971,78.84,-218.743393662,-2.51874500848e-19,-3.5144591932e-08,433.530704851,3.50595236002e-08,-214.717785708,-218.743393697,433.530704886,2.81658762115e-09,99.9737240413
1972,78.88,-218.741267517,-2.47888783144e-19,-3.48714296054e-08,433.529133914,3.47853361666e-08,-214.717785708,-218.741267551,433.529133949,2.79482635112e-09,99.97365445
1973,78.92,-218.739100603,-2.44089186039e-19,-3.46038060632e-08,433.527529671,3.4516721526e-08,-214.717785708,-218.739100638,433.527529706,2.77341275051e-09,99.9735848046
1974,78.96,-218.736893181,-2.40458944578e-19,-3.43407613944e-08,433.525892237,3.42527204334e-08,-214.717785708,-218.736893216,433.525892271,2.75228913544e-09,99.9735151056
1975,79,-218.734645514,-2.36979634533e-19,-3.40813181162e-08,433.524221727,3.39923559053e-08,-214.717785708,-218.734645549,433.524221761,2.73139790555e-09,99.9734453535
1976,79.04,-218.732357868,-2.33631695423e-19,-3.38245081554e-08,433.522518259,3.37346601741e-08,-214.717785708,-218.732357902,433.522518293,2.71068310381e-09,99.9733755486
1977,79.08,-218.730030512,-2.30394907261e-19,-3.35693992087e-08,433.520781952,3.34787010176e-08,-214.717785708,-218.730030546,433.520781986,2.69009191218e-09,99.9733056914
1978,79.12,-218.727663718,-2.27248837543e-19,-3.33151196929e-08,433.519012926,3.32236066796e-08,-214.717785708,-218.727663751,433.519012959,2.66957603691e-09,99.9732357823
1979,79.16,-218.725257762,-2.24173305849e-19,-3.30608815337e-08,433.5172113,3.29685886357e-08,-214.717785708,-218.725257795,433.517211333,2.64909294023e-09,99.9731658217
1980,79.2,-218.722812921,-2.21148887842e-19,-3.280600009e-08,433.515377199,3.27129615077e-08,-214.717785708,-218.722812954,433.515377232,2.62860688007e-09,99.9730958101
1981,79.24,-218.720329479,-2.18157424135e-19,-3.25499106012e-08,433.513510747,3.24561595143e-08,-214.717785708,-218.720329511,433.513510779,2.60808972617e-09,99.9730257478
1982,79.28,-218.717807718,-2.1518246626e-19,-3.22921806771e-08,433.511612067,3.21977489724e-08,-214.717785708,-218.71780775,433.511612099,2.58752152946e-09,99.9729556353
1983,79.32,-218.715247927,-2.12209611888e-19,-3.20325185147e-08,433.509681287,3.19374365293e-08,-214.717785708,-218.715247959,433.509681319,2.56689083101e-09,99.9728854731
1984,79.36,-218.712650397,-2.09226734706e-19,-3.17707766999e-08,433.507718536,3.1675072983e-08,-214.717785708,-218.712650429,433.507718568,2.5461947062e-09,99.9728152615
1985,79.4,-218.71001542,-2.06224151802e-19,-3.15069516041e-08,433.505723942,3.1410652708e-08,-214.717785708,-218.710015452,433.505723974,2.52543854944e-09,99.972745001
1986,79.44,-218.707343294,-2.03194762122e-19,-3.12411785331e-08,433.503697637,3.11443088468e-08,-214.717785708,-218.707343325,433.503697668,2.50463561377e-09,99.972674692
1987,79.48,-218.704634317,-2.00134147208e-19,-3.09737229154e-08,433.501639753,3.08763045537e-08,-214.717785708,-218.704634348,433.501639784,2.48380632854e-09,99.9726043349
1988,79.52,-218.701888791,-1.97040593074e-19,-3.07049679488e-08,433.499550424,3.06070207024e-08,-214.717785708,-218.701888822,433.499550454,2.46297742565e-09,99.9725339303
1989,79.56,-218.699107023,-1.93915000021e-19,-3.04353992369e-08,433.497429785,3.03369405838e-08,-214.717785708,-218.699107054,433.497429815,2.44218091056e-09,99.9724634784
1990,79.6,-218.69628932,-1.90760686882e-19,-3.01655870357e-08,433.495277973,3.00666322081e-08,-214.717785708,-218.69628935,433.495278003,2.4214529176e-09,99.9723929798
1991,79.64,-218.693435992,-1.87583131035e-19,-2.98961667771e-08,433.493095128,2.9796728882e-08,-214.717785708,-218.693436022,433.493095157,2.40083249079e-09,99.972322435
1992,79.68,-218.690547354,-1.84389686538e-19,-2.96278185466e-08,433.490881388,2.95279087403e-08,-214.717785708,-218.690547383,433.490881418,2.3803603317e-09,99.9722518442
1993,79.72,-218.687623721,-1.81189294222e-19,-2.93612461752e-08,433.488636896,2.92608738904e-08,-214.717785708,-218.68762375,433.488636926,2.36007755416e-09,99.972181208
1994,79.76,-218.684665412,-1.77992169426e-19,-2.9097156559e-08,433.486361796,2.899632978e-08,-214.717785708,-218.684665441,433.486361825,2.34002448261e-09,99.9721105268
1995,79.8,-218.681672749,-1.74809451478e-19,-2.88362397697e-08,433.484056231,2.87349653416e-08,-214.717785708,-218.681672778,433.48405626,2.32023952597e-09,99.972039801
1996,79.84,-218.678646058,-1.71652822389e-19,-2.85791504472e-08,433.481720349,2.8477434407e-08,-214.717785708,-218.678646086,433.481720378,2.30075815348e-09,99.9719690312
1997,79.88,-218.675585664,-1.68534125832e-19,-2.83264908949e-08,433.479354298,2.82243388117e-08,-214.717785708,-218.675585692,433.479354326,2.28161199347e-09,99.9718982176
1998,79.92,-218.672491897,-1.65465018536e-19,-2.8078796213e-08,433.476958228,2.79762135292e-08,-214.717785708,-218.672491925,433.476958256,2.26282807078e-09,99.9718273608
1999,79.96,-218.66936509,-1.62456665386e-19,-2.78365217199e-08,433.47453229,2.77335140873e-08,-214.717785708,-218.669365118,433.474532318,2.24442819364e-09,99.9717564612
2000,80,-218.666205577,-1.59519467856e-19,-2.76000328308e-08,433.472076639,2.74966064341e-08,-214.717785708,-218.666205605,433.472076667,2.22642849593e-09,99.9716855192
2001,80.04,-218.663013697,-1.5666281297e-19,-2.73695974925e-08,433.469591429,2.72657593478e-08,-214.717785708,-218.663013724,433.469591456,2.20883913632e-09,99.9716145353
2002,80.08,-218.659789788,-1.53894846107e-19,-2.71453812137e-08,433.467076817,2.70411394332e-08,-214.717785708,-218.659789816,433.467076844,2.19166415188e-09,99.9715435099
2003,80.12,-218.656534194,-1.5122228659e-19,-2.69274446837e-08,433.464532962,2.68228087011e-08,-214.717785708,-218.656534221,433.464532989,2.17490146123e-09,99.9714724435
2004,80.16,-218.653247259,-1.48650302492e-19,-2.67157439276e-08,433.461960025,2.66107246819e-08,-214.717785708,-218.653247286,433.461960052,2.15854301039e-09,99.9714013364
2005,80.2,-218.64992933,-1.46182441948e-19,-2.65101329095e-08,433.459358168,2.64047429872e-08,-214.717785708,-218.649929357,433.459358194,2.14257505292e-09,99.9713301892
2006,80.24,-218.646580758,-1.43820601472e-19,-2.6310368461e-08,433.456727555,2.62046221941e-08,-214.717785708,-218.646580784,433.456727582,2.12697855478e-09,99.9712590022
2007,80.28,-218.643201894,-1.41565014337e-19,-2.61161173896e-08,433.454068353,2.60100309034e-08,-214.717785708,-218.64320192,433.454068379,2.11172971285e-09,99.971187776
2008,80.32,-218.639793092,-1.39414261483e-19,-2.59269655957e-08,433.45138073,2.58205568032e-08,-214.717785708,-218.639793118,433.451380756,2.09680057501e-09,99.9711165108
2009,80.36,-218.63635471,-1.3736532389e-19,-2.57424289999e-08,433.448664856,2.56357175437e-08,-214.717785708,-218.636354736,433.448664882,2.08215974842e-09,99.9710452073
2010,80.4,-218.632887107,-1.35413691192e-19,-2.55619660489e-08,433.445920902,2.54549731962e-08,-214.717785708,-218.632887132,433.445920928,2.06777318174e-09,99.9709738657
2011,80.44,-218.629390643,-1.33553519134e-19,-2.53849915368e-08,433.443149043,2.52777400343e-08,-214.717785708,-218.629390668,433.443149069,2.05360500593e-09,99.9709024866
2012,80.48,-218.625865682,-1.31777809371e-19,-2.52108914475e-08,433.440349455,2.5103405339e-08,-214.717785708,-218.625865707,433.44034948,2.03961841701e-09,99.9708310703
2013,80.52,-218.62231259,-1.30078588364e-19,-2.50390385041e-08,433.437522315,2.49313429074e-08,-214.717785708,-218.622312615,433.43752234,2.02577658268e-09,99.9707596174
2014,80.56,-218.618731735,-1.28447085579e-19,-2.48688080804e-08,433.434667804,2.4760928924e-08,-214.717785708,-218.61873176,433.434667829,2.01204355274e-09,99.9706881282
2015,80.6,-218.615123486,-1.26873932431e-19,-2.46995941007e-08,433.431786104,2.45915578251e-08,-214.717785708,-218.615123511,433.431786128,1.99838515185e-09,99.9706166032
2016,80.64,-218.611488217,-1.25349400894e-19,-2.45308245224e-08,433.428877398,2.44226577581e-08,-214.717785708,-218.611488241,433.428877422,1.984769832e-09,99.9705450427
2017,80.68,-218.6078263,-1.23863675153e-19,-2.43619759764e-08,433.425941872,2.4253705213e-08,-214.717785708,-218.607826324,433.425941896,1.97116946184e-09,99.9704734473
2018,80.72,-218.604138112,-1.22407124212e-19,-2.41925871414e-08,433.422979716,2.40842383962e-08,-214.717785708,-218.604138136,433.42297974,1.95756003013e-09,99.9704018173
2019,80.76,-218.600424031,-1.20970541892e-19,-2.40222704492e-08,433.419991119,2.3913868937e-08,-214.717785708,-218.600424055,433.419991143,1.94392224154e-09,99.9703301532
2020,80.8,-218.596684438,-1.19545344811e-19,-2.38507217539e-08,433.416976274,2.37422915598e-08,-214.717785708,-218.596684462,433.416976298,1.93024198457e-09,99.9702584554
2021,80.84,-218.592919715,-1.18123745958e-19,-2.36777276451e-08,433.413935375,2.35692914063e-08,-214.717785708,-218.592919738,433.413935399,1.91651065431e-09,99.9701867242
2022,80.88,-218.589130245,-1.16698925838e-19,-2.3503170142e-08,433.41086862,2.33947487551e-08,-214.717785708,-218.589130268,433.410868644,1.90272531667e-09,99.9701149603
2023,80.92,-218.585316414,-1.15265201135e-19,-2.3327028581e-08,433.407776207,2.32186409494e-08,-214.717785708,-218.585316437,433.407776231,1.88888870614e-09,99.9700431638
2024,80.96,-218.58147861,-1.13818163859e-19,-2.31493785987e-08,433.404658338,2.30410414329e-08,-214.717785708,-218.581478633,433.404658361,1.87500905472e-09,99.9699713354
2025,81,-218.577617223,-1.12354758369e-19,-2.2970388226e-08,433.401515216,2.28621158973e-08,-214.717785708,-218.577617246,433.401515239,1.86109975601e-09,99.9698994753
2026,81.04,-218.573732645,-1.1087328554e-19,-2.27903112238e-08,433.398347047,2.26821156677e-08,-214.717785708,-218.573732667,433.39834707,1.84717887427e-09,99.9698275839
2027,81.08,-218.569825267,-1.09373352828e-19,-2.26094778998e-08,433.395154039,2.25013685698e-08,-214.717785708,-218.569825289,433.395154062,1.83326851463e-09,99.9697556618
2028,81.12,-218.565895485,-1.07855800175e-19,-2.2428283739e-08,433.391936402,2.23202676155e-08,-214.717785708,-218.565895507,433.391936424,1.81939407628e-09,99.9696837093
2029,81.16,-218.561943695,-1.06322616666e-19,-2.22471762489e-08,433.388694349,2.21392579126e-08,-214.717785708,-218.561943717,433.388694371,1.80558341472e-09,99.9696117268
2030,81.2,-218.557970296,-1.04776838825e-19,-2.20666404788e-08,433.385428094,2.19588222505e-08,-214.717785708,-218.557970318,433.385428116,1.79186594293e-09,99.9695397147
2031,81.24,-218.553975687,-1.03222412609e-19,-2.18871837131e-08,433.382137855,2.17794658547e-08,-214.717785708,-218.553975709,433.382137876,1.77827170251e-09,99.9694676734
2032,81.28,-218.54996027,-1.0166401563e-19,-2.17093198673e-08,433.378823851,2.16017008317e-08,-214.717785708,-218.549960291,433.378823872,1.76483043693e-09,99.9693956033
2033,81.32,-218.545924446,-1.00106858675e-19,-2.15335541183e-08,433.375486304,2.14260308368e-08,-214.717785708,-218.545924468,433.375486325,1.75157069754e-09,99.9693235048
2034,81.36,-218.541868622,-9.85564942493e-20,-2.13603682668e-08,433.372125439,2.12529364706e-08,-214.717785708,-218.541868643,433.37212546,1.73851901157e-09,99.9692513782
2035,81.4,-218.537793202,-9.70186473013e-20,-2.11902072746e-08,433.368741482,2.10828618472e-08,-214.717785708,-218.537793223,433.368741503,1.72569913708e-09,99.9691792241
2036,81.44,-218.533698594,-9.54990632654e-20,-2.10234673463e-08,433.365334662,2.09162027001e-08,-214.717785708,-218.533698615,433.365334683,1.71313142586e-09,99.9691070427
2037,81.48,-218.529585206,-9.40033605738e-20,-2.08604858525e-08,433.361905211,2.07532963186e-08,-214.717785708,-218.529585227,433.361905231,1.70083230966e-09,99.9690348345
2038,81.52,-218.525453449,-9.25368844445e-20,-2.07015333191e-08,433.358453362,2.05944135327e-08,-214.717785708,-218.52545347,433.358453382,1.68881392048e-09,99.9689625997
2039,81.56,-218.521303734,-9.11045732491e-20,-2.05468076275e-08,433.354979352,2.04397528996e-08,-214.717785708,-218.521303755,433.354979372,1.67708385017e-09,99.9688903389
2040,81.6,-218.517136474,-8.97108513645e-20,-2.03964304891e-08,433.35148342,2.0289437155e-08,-214.717785708,-218.517136495,433.35148344,1.66564504954e-09,99.9688180523
2041,81.64,-218.512952083,-8.83595504064e-20,-2.02504461667e-08,433.347965807,2.01435119058e-08,-214.717785708,-218.512952103,433.347965827,1.65449586244e-09,99.9687457404
2042,81.68,-218.508750975,-8.70538475756e-20,-2.01088223442e-08,433.344426756,2.00019464634e-08,-214.717785708,-218.508750995,433.344426776,1.64363018557e-09,99.9686734035
2043,81.72,-218.504533568,-8.57962100414e-20,-1.99714529896e-08,433.340866514,1.98646366568e-08,-214.717785708,-218.504533588,433.340866534,1.63303774157e-09,99.9686010419
2044,81.76,-218.500300279,-8.45883473263e-20,-1.98381630098e-08,433.33728533,1.97314094289e-08,-214.717785708,-218.500300298,433.33728535,1.62270445044e-09,99.9685286561
2045,81.8,-218.496051526,-8.34311845047e-20,-1.9708714466e-08,433.333683455,1.96020289893e-08,-214.717785708,-218.496051546,433.333683474,1.61261288256e-09,99.9684562464
2046,81.84,-218.49178773,-8.23248646344e-20,-1.95828140847e-08,433.330061142,1.94762042662e-08,-214.717785708,-218.491787749,433.330061161,1.60274277565e-09,99.968383813
2047,81.88,-218.487509311,-8.12687730093e-20,-1.94601217862e-08,433.326418648,1.93535973766e-08,-214.717785708,-218.487509331,433.326418667,1.59307159765e-09,99.9683113565
2048,81.92,-218.483216692,-8.02615658313e-20,-1.93402599535e-08,433.322756231,1.92338328344e-08,-214.717785708,-218.483216711,433.32275625,1.58357513812e-09,99.9682388771
2049,81.96,-218.478910294,-7.93011940534e-20,-1.92228231819e-08,433.319074153,1.91165072352e-08,-214.717785708,-218.478910314,433.319074172,1.57422811173e-09,99.9681663752
2050,82,-218.474590543,-7.83849325616e-20,-1.91073882708e-08,433.315372678,1.90011991829e-08,-214.717785708,-218.474590562,433.315372697,1.56500475941e-09,99.968093851
2051,82.04,-218.470257863,-7.75094355298e-20,-1.89935242398e-08,433.311652072,1.88874792519e-08,-214.717785708,-218.470257882,433.311652091,1.55587943445e-09,99.968021305
2052,82.08,-218.465912678,-7.66708282805e-20,-1.88808021649e-08,433.307912604,1.87749197868e-08,-214.717785708,-218.465912697,433.307912623,1.54682716293e-09,99.9679487375
2053,82.12,-218.461555417,-7.58648233572e-20,-1.8768804656e-08,433.304154546,1.86631043572e-08,-214.717785708,-218.461555436,433.304154565,1.53782416973e-09,99.9678761487
2054,82.16,-218.457186506,-7.50868360682e-20,-1.86571348242e-08,433.300378172,1.85516367077e-08,-214.717785708,-218.457186525,433.300378191,1.52884836322e-09,99.9678035391
2055,82.2,-218.452806373,-7.43320853984e-20,-1.85454246154e-08,433.296583759,1.84401490739e-08,-214.717785708,-218.452806392,433.296583777,1.51987977274e-09,99.9677309089
2056,82.24,-218.448415448,-7.35956895327e-20,-1.84333424085e-08,433.292771585,1.83283097672e-08,-214.717785708,-218.448415466,433.292771603,1.51090093452e-09,99.9676582584
2057,82.28,-218.444014158,-7.28727775037e-20,-1.83205997759e-08,433.288941933,1.82158299355e-08,-214.717785708,-218.444014177,433.288941951,1.50189722162e-09,99.9675855879
2058,82.32,-218.439602936,-7.21586263869e-20,-1.82069573004e-08,433.285095087,1.81024694015e-08,-214.717785708,-218.439602954,433.285095105,1.49285711435e-09,99.9675128978
2059,82.36,-218.435182211,-7.14488080791e-20,-1.80922293423e-08,433.281231335,1.79880414661e-08,-214.717785708,-218.435182229,433.281231353,1.48377240729e-09,99.9674401884
2060,82.4,-218.430752415,-7.07393156307e-20,-1.7976287658e-08,433.277350965,1.78724165644e-08,-214.717785708,-218.430752433,433.277350983,1.47463834927e-09,99.9673674599
2061,82.44,-218.426313979,-7.00266501133e-20,-1.78590637881e-08,433.273454271,1.77555246856e-08,-214.717785708,-218.426313997,433.273454288,1.46545371259e-09,99.9672947126
2062,82.48,-218.421867338,-6.93078744009e-20,-1.77405501492e-08,433.269541546,1.76373564925e-08,-214.717785708,-218.421867355,433.269541564,1.45622078832e-09,99.9672219468
2063,82.52,-218.417412922,-6.85806558132e-20,-1.76207997736e-08,433.265613089,1.75179630932e-08,-214.717785708,-218.417412939,433.265613107,1.44694530508e-09,99.9671491628
2064,82.56,-218.412951166,-6.78433115013e-20,-1.7499924652e-08,433.2616692,1.739745443e-08,-214.717785708,-218.412951183,433.261669217,1.43763626993e-09,99.9670763609
2065,82.6,-218.408482503,-6.70948483338e-20,-1.73780926607e-08,433.257710181,1.72759962611e-08,-214.717785708,-218.40848252,433.257710198,1.42830573179e-09,99.9670035414
2066,82.64,-218.404007368,-6.63349754291e-20,-1.72555230927e-08,433.253736337,1.71538057441e-08,-214.717785708,-218.404007385,433.253736354,1.41896846968e-09,99.9669307044
2067,82.68,-218.399526195,-6.55640754147e-20,-1.71324808672e-08,433.249747976,1.70311456871e-08,-214.717785708,-218.399526212,433.249747993,1.40964161064e-09,99.9668578503
2068,82.72,-218.395039419,-6.47831416046e-20,-1.70092695396e-08,433.245745409,1.69083175918e-08,-214.717785708,-218.395039436,433.245745426,1.40034418463e-09,99.9667849793
2069,82.76,-218.390547474,-6.39937023725e-20,-1.68862232794e-08,433.241728948,1.67856536632e-08,-214.717785708,-218.390547491,433.241728965,1.39109662608e-09,99.9667120917
2070,82.8,-218.386050797,-6.31977492492e-20,-1.67636980106e-08,433.23769891,1.66635079877e-08,-214.717785708,-218.386050814,433.237698927,1.3819202345e-09,99.9666391877
