step,time_au,e_ss,e_pp,e_ps,e_sb,e_pb,e_bb,e_hartree_check,e_external_check,norm_wp,norm_total
0,0,-217.076138318,0.742302472645,-12.3099125742,431.830598261,12.309913626,-214.717785708,-228.64374842,444.140511887,1,101
1,0.04,-217.076138126,0.731739912943,-12.2482581816,431.830598072,12.2482567696,-214.717785708,-228.592656395,444.078854841,0.999984566046,100.999984563
2,0.08,-217.076138118,0.702605172625,-12.1866130712,431.830598067,12.186604869,-214.717785708,-228.560146016,444.017202936,0.999969154046,100.999969148
3,0.12,-217.076138293,0.660611072977,-12.124978333,431.830598249,12.1249590029,-214.717785708,-228.540505553,443.955557252,0.999953767239,100.999953759
4,0.16,-217.076138652,0.612015457477,-12.0633544651,431.830598619,12.063319658,-214.717785708,-228.52747766,443.893918277,0.999938412282,100.999938401
5,0.2,-217.076139196,0.561941665817,-12.0017411768,431.830599181,12.0016865311,-214.717785708,-228.515938707,443.832285712,0.999923097174,100.999923084
6,0.24,-217.076139924,0.513703333197,-11.940137997,431.830599938,11.9400591372,-214.717785708,-228.502574587,443.770659075,0.999907828379,100.999907813
7,0.28,-217.076140837,0.469015226059,-11.8785443572,431.830600895,11.8784368933,-214.717785708,-228.485669968,443.709037789,0.999892610441,100.999892592
8,0.32,-217.076141935,0.428539661348,-11.8169596907,431.830602059,11.8168192162,-214.717785708,-228.464561965,443.647421275,0.999877443473,100.999877423
9,0.36,-217.076143221,0.392316715452,-11.7553836207,431.830603434,11.7552057114,-214.717785708,-228.439210126,443.585809146,0.999862325386,100.999862303
10,0.4,-217.076144693,0.360078524775,-11.6938157752,431.830605031,11.6935959869,-214.717785708,-228.409881944,443.524201017,0.999847250915,100.999847226
11,0.44,-217.076146355,0.331433848408,-11.6322558978,431.830606856,11.6319897639,-214.717785708,-228.376968404,443.46259662,0.99983221257,100.999832186
12,0.48,-217.076148207,0.30596073391,-11.5707037619,431.830608921,11.5703867908,-214.717785708,-228.340891235,443.400995711,0.999817201583,100.999817173
13,0.52,-217.076150251,0.28325805253,-11.5091591441,431.830611236,11.5087868154,-214.717785708,-228.302051343,443.339398051,0.999802207062,100.999802176
14,0.56,-217.076152491,0.262962955428,-11.4476218472,431.830613814,11.4471896078,-214.717785708,-228.260811383,443.277803422,0.999787217124,100.999787184
15,0.6,-217.07615493,0.244756887302,-11.3860916425,431.830616669,11.3855949015,-214.717785708,-228.217489685,443.21621157,0.99977221795,100.999772183
16,0.64,-217.076157572,0.228365186069,-11.3245682914,431.830619817,11.3240024143,-214.717785708,-228.172360677,443.154622231,0.999757193844,100.999757157
17,0.68,-217.076160422,0.213552106082,-11.2630515229,431.830623276,11.2624118242,-214.717785708,-228.125659839,443.0930351,0.999742127011,100.999742089
18,0.72,-217.076163489,0.200116705267,-11.2015410242,431.830627065,11.2008227585,-214.717785708,-228.077587808,443.031449823,0.999726996776,100.999726957
19,0.76,-217.076166779,0.1878875367,-11.1400364448,431.830631207,11.1392347964,-214.717785708,-228.028315688,442.969866003,0.999711779738,100.999711738
20,0.8,-217.076170305,0.176718210527,-11.0785373817,431.830635726,11.0776474509,-214.717785708,-227.977989476,442.908283177,0.999696449143,100.999696406
21,0.84,-217.076174078,0.166483642203,-11.0170433886,431.830640652,11.0160601766,-214.717785708,-227.926733825,442.846700829,0.999680975072,100.99968093
22,0.88,-217.076178116,0.157076443505,-10.955553979,431.830646017,10.9544723675,-214.717785708,-227.874655651,442.785118384,0.999665324702,100.999665278
23,0.92,-217.076182437,0.148404309677,-10.8940686385,431.830651856,10.8928833663,-214.717785708,-227.821846766,442.723535222,0.999649462783,100.999649415
24,0.96,-217.076187065,0.140387530023,-10.8325868494,431.830658211,10.831292483,-214.717785708,-227.768386385,442.661950694,0.999633352903,100.999633303
25,1,-217.07619203,0.132957041854,-10.7711081168,431.830665129,10.769699015,-214.717785708,-227.714343105,442.600364144,0.999616958713,100.999616908
26,1.04,-217.076197365,0.126052838463,-10.7096320083,431.830672663,10.7081022789,-214.717785708,-227.659776535,442.538774942,0.999600245853,100.999600193
27,1.08,-217.076203112,0.119622523914,-10.6481581968,431.830680874,10.6465016439,-214.717785708,-227.604738784,442.477182518,0.999583183935,100.99958313
28,1.12,-217.076209318,0.113620253977,-10.5866865084,431.830689832,10.5848965699,-214.717785708,-227.549275572,442.415586402,0.999565748623,100.999565693
29,1.16,-217.076216041,0.10800573528,-10.5252169743,431.830699614,10.5232866462,-214.717785708,-227.49342728,442.35398626,0.999547923846,100.999547867
30,1.2,-217.076223348,0.102743447468,-10.463749882,431.830710309,10.4616716292,-214.717785708,-227.437229782,442.292381938,0.999529703596,100.999529645
31,1.24,-217.076231315,0.0978019887277,-10.4022858244,431.830722018,10.4000514774,-214.717785708,-227.38071515,442.230773495,0.999511093604,100.999511034
32,1.28,-217.076240032,0.0931534834594,-10.3408257439,431.830734854,10.3384263796,-214.717785708,-227.323912292,442.169161233,0.999492112248,100.999492051
33,1.32,-217.076249601,0.0887731410726,-10.2793709641,431.830748943,10.2767967744,-214.717785708,-227.266847424,442.107545717,0.999472790618,100.999472728
34,1.36,-217.076260139,0.0846388278269,-10.2179232088,431.830764427,10.2151633581,-214.717785708,-227.20954452,442.045927786,0.999453171592,100.999453108
35,1.4,-217.076271778,0.080730736342,-10.1564846086,431.830781467,10.1535270891,-214.717785708,-227.15202565,441.984308556,0.999433307806,100.999433243
36,1.44,-217.076284665,0.0770310960794,-10.0950576997,431.830800237,10.0918891921,-214.717785708,-227.094311269,441.922689429,0.999413259247,100.999413193
37,1.48,-217.076298969,0.0735239109284,-10.0336454253,431.830820933,10.0302511818,-214.717785708,-227.036420483,441.861072114,0.999393090707,100.999393024
38,1.52,-217.076314873,0.0701947611555,-9.9722511438,431.830843769,9.96861490764,-214.717785708,-226.978371256,441.799458677,0.999372869642,100.999372801
39,1.56,-217.076332583,0.0670306042543,-9.91087863876,431.830868983,9.90698262116,-214.717785708,-226.920180618,441.737851604,0.99935266426,100.999352595
40,1.6,-217.076352326,0.0640196235986,-9.84953213047,431.830896831,9.84535706052,-214.717785708,-226.861864832,441.676253892,0.999332541306,100.999332471
41,1.64,-217.076374348,0.0611510894892,-9.78821627394,431.830927597,9.78374153351,-214.717785708,-226.803439533,441.61466913,0.999312563547,100.999312492
42,1.68,-217.076398923,0.0584152335047,-9.72693615833,431.830961584,9.72214000347,-214.717785708,-226.744919848,441.553101588,0.999292787043,100.999292714
43,1.72,-217.076426345,0.0558031527583,-9.66569731109,431.830999125,9.66055716874,-214.717785708,-226.686320504,441.491556294,0.99927325923,100.999273185
44,1.76,-217.076456936,0.0533067096745,-9.6045057171,431.831040575,9.59899853214,-214.717785708,-226.627655943,441.430039107,0.999254018335,100.999253943
45,1.8,-217.076491041,0.0509184576193,-9.54336785295,431.831086319,9.53747045073,-214.717785708,-226.568940437,441.368556769,0.999235093818,100.999235018
46,1.84,-217.076529036,0.0486315689871,-9.48229071054,431.831136767,9.47598013635,-214.717785708,-226.510188178,441.307116904,0.999216507089,100.99921643
47,1.88,-217.076571323,0.0464397705266,-9.42128180826,431.831192362,9.41453561168,-214.717785708,-226.45141336,441.245727973,0.99919827149,100.999198193
48,1.92,-217.076618332,0.0443372938001,-9.36034918287,431.831253572,9.35314563018,-214.717785708,-226.392630221,441.184399202,0.999180391874,100.999180312
49,1.96,-217.076670527,0.042318821111,-9.29950137786,431.831320899,9.29181959615,-214.717785708,-226.333853083,441.123140495,0.999162864652,100.999162784
50,2,-217.076728398,0.0403794464932,-9.23874744734,431.831394877,9.2305675232,-214.717785708,-226.275096399,441.0619624,0.999145679012,100.999145598
51,2.04,-217.07679247,0.0385146359933,-9.17809695843,431.831476069,9.16940002431,-214.717785708,-226.216374792,441.000876093,0.999128819074,100.999128737
52,2.08,-217.0768633,0.0367201920953,-9.11755998752,431.831565075,9.10832832614,-214.717785708,-226.157703095,440.939893401,0.999112265578,100.999112182
53,2.12,-217.076941477,0.0349922264509,-9.05714708986,431.831662525,9.04736427155,-214.717785708,-226.09909634,440.879026797,0.999095996414,100.999095912
54,2.16,-217.077027624,0.0333271290091,-8.99686924934,431.831769086,8.98652029467,-214.717785708,-226.040569744,440.818289381,0.999079986301,100.999079901
55,2.2,-217.077122399,0.0317215463993,-8.93673783748,431.831885458,8.9258093787,-214.717785708,-225.98213869,440.757694836,0.999064206839,100.99906412
56,2.24,-217.077226494,0.0301723589821,-8.87676458009,431.832012375,8.86524498728,-214.717785708,-225.923818715,440.697257362,0.999048627731,100.99904854
57,2.28,-217.077340634,0.0286766603699,-8.81696153636,431.832150606,8.80484098206,-214.717785708,-225.86562551,440.636991588,0.999033218407,100.99903313
58,2.32,-217.077465582,0.0272317417473,-8.75734106501,431.832300957,8.7446115204,-214.717785708,-225.807574906,440.576912477,0.999017948946,100.99901786
59,2.36,-217.077602134,0.0258350736374,-8.69791576815,431.832464267,8.68457094511,-214.717785708,-225.749682829,440.517035212,0.99900278975,100.999002699
60,2.4,-217.077751122,0.0244842934404,-8.63869843642,431.832641411,8.62473370274,-214.717785708,-225.691965265,440.457375114,0.998987710794,100.998987619
61,2.44,-217.077913412,0.0231771917207,-8.5797020007,431.832833299,8.5651142945,-214.717785708,-225.634438221,440.397947593,0.99897268172,100.998972589
62,2.48,-217.078089904,0.0219116999414,-8.52093950566,431.833040875,8.50572726215,-214.717785708,-225.57711771,440.338768138,0.998957672864,100.99895758
63,2.52,-217.078281536,0.0206858808616,-8.46242408639,431.833265119,8.44658717346,-214.717785708,-225.520019741,440.279852293,0.998942656361,100.998942562
64,2.56,-217.078489275,0.0194979171201,-8.4041689289,431.833507044,8.38770857755,-214.717785708,-225.463160287,440.221215621,0.998927606307,100.998927511
65,2.6,-217.078714127,0.0183461033007,-8.34618722759,431.833767695,8.32910594412,-214.717785708,-225.406555251,440.162873639,0.998912498158,100.998912402
66,2.64,-217.078957125,0.017228836871,-8.28849214249,431.834048151,8.27079359926,-214.717785708,-225.350220431,440.104841751,0.998897308413,100.998897212
67,2.68,-217.07921934,0.0161446099544,-8.23109677508,431.834349524,8.21278568862,-214.717785708,-225.294171505,440.047135213,0.998882015145,100.998881917
68,2.72,-217.07950187,0.0150920024814,-8.17401415284,431.834672956,8.15509616362,-214.717785708,-225.238424021,439.98976912,0.998866598948,100.9988665
69,2.76,-217.079805846,0.0140696741912,-8.11725720269,431.835019619,8.0977387679,-214.717785708,-225.182993375,439.932758387,0.998851043356,100.998850944
70,2.8,-217.080132428,0.0130763589458,-8.06083871938,431.835390714,8.04072702113,-214.717785708,-225.127894788,439.876117735,0.998835334496,100.998835234
71,2.84,-217.080482803,0.0121108584249,-8.00477132885,431.835787473,7.98407419199,-214.717785708,-225.073143274,439.819861665,0.998819460678,100.998819359
72,2.88,-217.080858189,0.0111720367985,-7.94906746322,431.836211151,7.9277932753,-214.717785708,-225.018753616,439.764004426,0.998803412494,100.99880331
73,2.92,-217.081259828,0.0102588165311,-7.89373934438,431.836663032,7.8718969743,-214.717785708,-224.964740356,439.708560006,0.998787183261,100.99878708
74,2.96,-217.081688987,0.0093701738879,-7.83879896037,431.837144424,7.81639767866,-214.717785708,-224.911117773,439.653542103,0.998770769073,100.998770665
75,3,-217.082146957,0.00850513630562,-7.78425804018,431.837656658,7.76130744691,-214.717785708,-224.857899861,439.598964105,0.998754168244,100.998754064
76,3.04,-217.082635053,0.00766277945415,-7.73012802723,431.838201088,7.70663799181,-214.717785708,-224.805100301,439.544839079,0.998737380687,100.998737275
77,3.08,-217.08315461,0.0068422250253,-7.67642006477,431.838779086,7.65240067692,-214.717785708,-224.75273245,439.491179763,0.99872040771,100.998720301
78,3.12,-217.083706983,0.00604263898911,-7.6231449902,431.839392048,7.59860651766,-214.717785708,-224.700809335,439.437998565,0.998703252037,100.998703145
79,3.16,-217.084293546,0.00526322928128,-7.5703133234,431.840041383,7.54526617189,-214.717785708,-224.64934364,439.385307555,0.998685917412,100.998685809
80,3.2,-217.08491569,0.00450324427807,-7.51793525356,431.84072852,7.49238992793,-214.717785708,-224.598347699,439.333118448,0.998668407684,100.998668299
81,3.24,-217.08557482,0.00376197050428,-7.46602062819,431.841454902,7.43998769661,-214.717785708,-224.547833477,439.281442598,0.998650726062,100.998650616
82,3.28,-217.086272357,0.00303873037897,-7.41457895503,431.842221984,7.38806901908,-214.717785708,-224.497812581,439.230291003,0.998632875048,100.998632764
83,3.32,-217.087009734,0.00233287998944,-7.36361941171,431.843031234,7.33664308305,-214.717785708,-224.448296265,439.179674317,0.998614856708,100.998614745
84,3.36,-217.087788395,0.00164380642149,-7.31315084545,431.843884132,7.28571872711,-214.717785708,-224.399295434,439.129602859,0.998596672429,100.99859656
85,3.4,-217.088609794,0.000970925766491,-7.26318176551,431.844782164,7.23530443484,-214.717785708,-224.350820633,439.080086599,0.998578322025,100.998578209
86,3.44,-217.089475393,0.000313680948317,-7.21372033749,431.845726826,7.18540832955,-214.717785708,-224.302882049,439.031135155,0.998559803092,100.998559689
87,3.48,-217.09038666,-0.000328460080954,-7.16477439448,431.846719618,7.13603818639,-214.717785708,-224.255489515,438.982757805,0.998541111376,100.998540997
88,3.52,-217.091345071,-0.000956005737534,-7.11635145971,431.847762047,7.08720145787,-214.717785708,-224.208652536,438.934963505,0.998522241742,100.998522126
89,3.56,-217.092352102,-0.00156944213767,-7.06845875946,431.84885562,7.03890529052,-214.717785708,-224.162380304,438.887760911,0.99850318854,100.998503072
90,3.6,-217.093409234,-0.00216923384982,-7.02110322232,431.850001848,6.99115652732,-214.717785708,-224.11668169,438.841158375,0.998483944921,100.998483828
91,3.64,-217.094517947,-0.00275582483915,-6.974291477,431.85120224,6.94396170694,-214.717785708,-224.071565249,438.795163947,0.998464502113,100.998464384
92,3.68,-217.095679723,-0.0033296395201,-6.92802986834,431.852458307,6.89732708013,-214.717785708,-224.027039231,438.749785387,0.998444849857,100.998444731
93,3.72,-217.09689604,-0.00389108398836,-6.88232448879,431.853771552,6.85125864193,-214.717785708,-223.983111613,438.705030194,0.998424977804,100.998424858
94,3.76,-217.098168374,-0.00444054744809,-6.83718120025,431.85514348,6.80576215523,-214.717785708,-223.939790122,438.660905635,0.998404876394,100.998404756
95,3.8,-217.099498197,-0.00497840326205,-6.79260563398,431.856575586,6.76084315323,-214.717785708,-223.897082234,438.617418739,0.998384536289,100.998384415
96,3.84,-217.100886972,-0.00550500990668,-6.74860318052,431.85806936,6.71650693123,-214.717785708,-223.854995162,438.574576292,0.998363947271,100.998363825
97,3.88,-217.102336159,-0.00602071170181,-6.70517899684,431.859626284,6.67275855461,-214.717785708,-223.813535867,438.532384839,0.99834309821,100.998342975
98,3.92,-217.103847206,-0.00652583951678,-6.66233803581,431.86124783,6.62960288797,-214.717785708,-223.772711082,438.490850718,0.998321978433,100.998321855
99,3.96,-217.105421555,-0.0070207115543,-6.62008507368,431.86293546,6.58704462217,-214.717785708,-223.73252734,438.449980082,0.998300578938,100.998300454
100,4,-217.107060633,-0.00750563393419,-6.57842471368,431.864690623,6.54508827796,-214.717785708,-223.692990981,438.409778901,0.99827889205,100.998278767
101,4.04,-217.108765858,-0.00798090135412,-6.53736137159,431.866514756,6.50373819182,-214.717785708,-223.654108131,438.370252948,0.998256910013,100.998256784
102,4.08,-217.110538633,-0.00844679761086,-6.49689927333,431.868409281,6.46299851353,-214.717785708,-223.615884704,438.331407794,0.998234624364,100.998234497
103,4.12,-217.112380349,-0.00890359614457,-6.45704247866,431.870375604,6.42287322906,-214.717785708,-223.578326423,438.293248833,0.998212026982,100.998211899
104,4.16,-217.114292377,-0.00935156049903,-6.4177949118,431.872415117,6.38336618985,-214.717785708,-223.54143885,438.255781306,0.998189111547,100.998188983
105,4.2,-217.116276076,-0.00979094440812,-6.3791603707,431.87452919,6.34448112102,-214.717785708,-223.505227392,438.219010311,0.998165873614,100.998165744
106,4.24,-217.118332785,-0.0102219923295,-6.34114251175,431.876719178,6.30622160554,-214.717785708,-223.469697289,438.182940784,0.998142309213,100.998142179
107,4.28,-217.120463824,-0.0106449413874,-6.30374483761,431.878986415,6.26859107213,-214.717785708,-223.434853603,438.147577487,0.998118413766,100.998118283
108,4.32,-217.122670494,-0.0110600246338,-6.26697070944,431.881332211,6.23159280779,-214.717785708,-223.400701228,438.112925019,0.998094182661,100.998094051
109,4.36,-217.124954074,-0.0114674698389,-6.23082337346,431.88375786,6.1952299844,-214.717785708,-223.367244918,438.078987844,0.998069612701,100.99806948
110,4.4,-217.127315825,-0.0118674926122,-6.19530597346,431.886264628,6.15950567151,-214.717785708,-223.334489291,438.0457703,0.998044702587,100.998044569
111,4.44,-217.129756983,-0.0122602962209,-6.16042153868,431.888853762,6.1244228249,-214.717785708,-223.302438818,438.013276587,0.998019451803,100.998019317
112,4.48,-217.132278762,-0.0126460785581,-6.12617296728,431.891526483,6.08998427151,-214.717785708,-223.271097808,437.981510754,0.997993859294,100.997993724
113,4.52,-217.134882352,-0.0130250343684,-6.09256302733,431.894283985,6.05619271291,-214.717785708,-223.240470414,437.950476698,0.997967923523,100.997967788
114,4.56,-217.137568918,-0.0133973540601,-6.05959437303,431.89712744,6.02305074415,-214.717785708,-223.210560645,437.920178184,0.997941643734,100.997941507
115,4.6,-217.140339598,-0.0137632233702,-6.02726955203,431.900057988,5.99056086342,-214.717785708,-223.181372373,437.890618851,0.997915020694,100.997914883
116,4.64,-217.143195505,-0.0141228229381,-5.99559099169,431.903076744,5.95872545977,-214.717785708,-223.152909319,437.861802204,0.997888055935,100.997887918
117,4.68,-217.146137724,-0.0144763273152,-5.9645609812,431.906184796,5.927546796,-214.717785708,-223.125175033,437.833731592,0.997860750472,100.997860611
118,4.72,-217.149167315,-0.014823903451,-5.93418167162,431.9093832,5.89702700897,-214.717785708,-223.09817289,437.806410209,0.997833104558,100.997832965
119,4.76,-217.152285306,-0.0151657121279,-5.90445509268,431.912672985,5.86716812654,-214.717785708,-223.071906111,437.779841111,0.997805118692,100.997804978
120,4.8,-217.155492699,-0.0155019104193,-5.87538316148,431.916055149,5.83797207637,-214.717785708,-223.046377771,437.754027225,0.997776794483,100.997776653
121,4.84,-217.158790466,-0.0158326522675,-5.84696766746,431.919530659,5.80944067014,-214.717785708,-223.021590786,437.728971329,0.997748134289,100.997747992
122,4.88,-217.162179549,-0.0161580904597,-5.81921024922,431.923100452,5.78157557739,-214.717785708,-222.997547889,437.704676029,0.997719140168,100.997718997
123,4.92,-217.165660861,-0.0164783746122,-5.79211238952,431.926765433,5.75437831538,-214.717785708,-222.974251625,437.681143748,0.997689813482,100.99768967
124,4.96,-217.169235283,-0.016793646153,-5.76567543564,431.930526475,5.72785026322,-214.717785708,-222.951704365,437.658376738,0.997660155616,100.997660011
125,5,-217.172903666,-0.0171040409343,-5.73990062223,431.93438442,5.70199267902,-214.717785708,-222.929908329,437.636377099,0.997630168821,100.997630023
126,5.04,-217.17666683,-0.0174096914812,-5.71478907111,431.938340076,5.67680669588,-214.717785708,-222.908865593,437.615146772,0.997599856098,100.99759971
127,5.08,-217.180525563,-0.0177107254675,-5.69034177068,431.942394218,5.65229329942,-214.717785708,-222.888578059,437.594687517,0.997569220389,100.997569073
128,5.12,-217.184480622,-0.0180072714738,-5.6665595588,431.946547589,5.62845330956,-214.717785708,-222.869047452,437.575000899,0.997538264136,100.997538116
129,5.16,-217.18853273,-0.0182994605087,-5.64344312872,431.950800898,5.60528738513,-214.717785708,-222.850275319,437.556088283,0.997506989689,100.997506841
130,5.2,-217.19268258,-0.0185874150188,-5.620993051,431.955154821,5.58279604523,-214.717785708,-222.832263046,437.537950866,0.997475399959,100.99747525
131,5.24,-217.19693083,-0.0188712480793,-5.59920978953,431.959609998,5.56097968753,-214.717785708,-222.815011868,437.520589685,0.997443498479,100.997443348
132,5.28,-217.201278109,-0.0191510735195,-5.57809369893,431.964167037,5.53983859242,-214.717785708,-222.798522882,437.504005629,0.997411288833,100.997411138
133,5.32,-217.20572501,-0.0194270029756,-5.55764500856,431.968826511,5.51937291723,-214.717785708,-222.782797022,437.488199428,0.997378774245,100.997378622
134,5.36,-217.210272094,-0.0196991410994,-5.5378638095,431.97358896,5.499582694,-214.717785708,-222.767835045,437.473171654,0.997345957821,100.997345805
135,5.4,-217.21491989,-0.0199675967765,-5.51875005397,431.978454887,5.48046783587,-214.717785708,-222.753637541,437.458922723,0.99731284303,100.99731269
136,5.44,-217.219668892,-0.0202324843777,-5.50030356451,431.983424763,5.46202814803,-214.717785708,-222.740204941,437.445452911,0.997279433759,100.997279279
137,5.48,-217.224519564,-0.0204939043101,-5.482524045,431.988499025,5.44426333727,-214.717785708,-222.727537513,437.432762362,0.997245733972,100.997245579
138,5.52,-217.229472333,-0.0207519417403,-5.46541108336,431.993678072,5.42717301253,-214.717785708,-222.715635359,437.420851085,0.997211747492,100.997211592
139,5.56,-217.234527598,-0.0210066903849,-5.44896414234,431.998962273,5.41075667263,-214.717785708,-222.704498431,437.409718946,0.997177478094,100.997177321
140,5.6,-217.239685721,-0.0212582552937,-5.43318254322,432.004351961,5.39501368349,-214.717785708,-222.69412652,437.399365644,0.997142929703,100.997142772
141,5.64,-217.244947034,-0.0215067292931,-5.41806545552,432.009847434,5.3799432571,-214.717785708,-222.684519219,437.389790691,0.997108106429,100.997107948
142,5.68,-217.250311834,-0.0217521912374,-5.40361190472,432.015448957,5.36554444537,-214.717785708,-222.67567593,437.380993402,0.99707301245,100.997072853
143,5.72,-217.255780389,-0.0219947294213,-5.38982079152,432.021156762,5.35181614758,-214.717785708,-222.66759591,437.372972909,0.997037651921,100.997037492
144,5.76,-217.26135293,-0.0222344406906,-5.37669090373,432.026971046,5.33875711855,-214.717785708,-222.660278275,437.365728164,0.997002028982,100.997001868
145,5.8,-217.267029661,-0.0224714035437,-5.3642209071,432.032891973,5.32636596616,-214.717785708,-222.653721971,437.359257939,0.996966147785,100.996965986
146,5.84,-217.27281075,-0.0227056790809,-5.35240932498,432.038919675,5.3146411436,-214.717785708,-222.647925754,437.353560819,0.996930012485,100.99692985
147,5.88,-217.278696337,-0.0229373450034,-5.34125453116,432.045054249,5.3035809538,-214.717785708,-222.642888213,437.348635203,0.996893627216,100.996893464
148,5.92,-217.284686526,-0.023166502055,-5.33075476571,432.051295761,5.29318357279,-214.717785708,-222.638607794,437.344479334,0.996856996117,100.996856832
149,5.96,-217.290781395,-0.023393234855,-5.32090815829,432.057644243,5.28344707876,-214.717785708,-222.635082788,437.341091322,0.996820123361,100.996819959
150,6,-217.296980987,-0.023617590447,-5.31171273394,432.064099696,5.27436946395,-214.717785708,-222.632311312,437.33846916,0.99678301305,100.996782847
151,6.04,-217.303285318,-0.0238396148565,-5.30316639619,432.070662088,5.2659486206,-214.717785708,-222.630291329,437.336610709,0.996745669069,100.996745503
152,6.08,-217.30969437,-0.0240593929841,-5.29526690829,432.077331358,5.2581823164,-214.717785708,-222.629020672,437.335513674,0.996708095095,100.996707928
153,6.12,-217.316208098,-0.024277026876,-5.28801189476,432.084107411,5.25106818011,-214.717785708,-222.62849702,437.335175591,0.99667029478,100.996670127
154,6.16,-217.322826427,-0.024492581744,-5.28139886229,432.090990121,5.2446037032,-214.717785708,-222.628717871,437.335593824,0.996632271833,100.996632103
155,6.2,-217.329549252,-0.024706081554,-5.27542521787,432.097979335,5.23878624508,-214.717785708,-222.629680551,437.33676558,0.996594029798,100.99659386
156,6.24,-217.336376439,-0.0249175644218,-5.2700882657,432.105074868,5.23361302992,-214.717785708,-222.631382269,437.338687898,0.996555571745,100.996555401
157,6.28,-217.343307826,-0.0251271186242,-5.2653851894,432.112276504,5.22908113962,-214.717785708,-222.633820134,437.341357644,0.996516900272,100.996516729
158,6.32,-217.350343224,-0.0253348455325,-5.26131304142,432.119583999,5.22518751819,-214.717785708,-222.63699111,437.344771517,0.996478017804,100.996477846
159,6.36,-217.357482413,-0.0255407982591,-5.25786875309,432.12699708,5.22192899422,-214.717785708,-222.640891965,437.348926074,0.996438926695,100.996438754
160,6.4,-217.364725151,-0.0257449810792,-5.25504915592,432.134515447,5.21930231056,-214.717785708,-222.645519288,437.353817758,0.996399628878,100.996399455
161,6.44,-217.372071165,-0.0259474140418,-5.2528509927,432.14213877,5.21730414042,-214.717785708,-222.650869572,437.35944291,0.99636012539,100.996359951
162,6.48,-217.379520157,-0.026148179238,-5.25127090805,432.149866692,5.21593107904,-214.717785708,-222.656939245,437.365797771,0.996320416344,100.996320241
163,6.52,-217.387071802,-0.0263473872901,-5.25030542945,432.157698828,5.21517961825,-214.717785708,-222.663724619,437.372878447,0.996280501264,100.996280325
164,6.56,-217.394725749,-0.0265451023034,-5.24995095924,432.165634768,5.21504612197,-214.717785708,-222.671221811,437.38068089,0.996240379139,100.996240202
165,6.6,-217.402481625,-0.0267413176393,-5.25020378694,432.173674074,5.21552681757,-214.717785708,-222.679426729,437.389200892,0.996200047843,100.99619987
166,6.64,-217.410339028,-0.0269360154105,-5.25106010894,432.181816285,5.21661780227,-214.717785708,-222.688335153,437.398434087,0.996159503411,100.996159325
167,6.68,-217.418297535,-0.0271292407342,-5.25251603254,432.190060911,5.21831505124,-214.717785708,-222.697942809,437.408375962,0.996118739841,100.99611856
168,6.72,-217.426356697,-0.0273211046698,-5.25456755567,432.198407439,5.22061441702,-214.717785708,-222.708245357,437.419021856,0.996077749311,100.996077569
169,6.76,-217.43451604,-0.0275117101687,-5.25721053875,432.20685533,5.22351162307,-214.717785708,-222.719238289,437.430366953,0.996036521991,100.996036341
170,6.8,-217.44277507,-0.0277010800794,-5.26044069573,432.215404023,5.22700226597,-214.717785708,-222.730916846,437.442406289,0.995995045042,100.995994863
171,6.84,-217.451133272,-0.0278891677125,-5.26425361067,432.224052934,5.23108183012,-214.717785708,-222.74327605,437.455134764,0.995953301408,100.995953118
172,6.88,-217.459590106,-0.0280759416027,-5.26864475316,432.232801456,5.23574569632,-214.717785708,-222.756310801,437.468547152,0.995911269191,100.995911085
173,6.92,-217.46814501,-0.0282614560689,-5.27360946055,432.241648957,5.24098911799,-214.717785708,-222.770015927,437.482638075,0.995868921419,100.995868737
174,6.96,-217.476797402,-0.0284458355806,-5.27914288686,432.250594784,5.24680716329,-214.717785708,-222.784386124,437.497401948,0.995826225231,100.99582604
175,7,-217.485546677,-0.0286291850202,-5.2852399575,432.259638263,5.25319465758,-214.717785708,-222.799415819,437.51283292,0.995783139991,100.995782954
176,7.04,-217.494392212,-0.0288115103641,-5.29189536323,432.268778697,5.26014616376,-214.717785708,-222.815099086,437.528924861,0.995739615125,100.995739428
177,7.08,-217.503333366,-0.0289927298627,-5.29910357765,432.278015373,5.26765599774,-214.717785708,-222.831429674,437.545671371,0.995695588658,100.9956954
178,7.12,-217.512369477,-0.0291727674256,-5.30685884546,432.287347556,5.27571823402,-214.717785708,-222.84840109,437.56306579,0.995650986246,100.995650797
179,7.16,-217.521499861,-0.0293516399022,-5.31515511348,432.296774489,5.28432666373,-214.717785708,-222.866006615,437.581101152,0.995605719501,100.99560553
180,7.2,-217.530723819,-0.0295294608723,-5.32398594225,432.306295396,5.29347472094,-214.717785708,-222.884239222,437.599770117,0.995559683052,100.995559492
181,7.24,-217.540040629,-0.0297063564652,-5.33334446244,432.315909482,5.30315542807,-214.717785708,-222.903091448,437.61906491,0.995512751242,100.99551256
182,7.28,-217.549449556,-0.0298823608209,-5.34322338642,432.325615934,5.31336138231,-214.717785708,-222.922555303,437.638977316,0.995464775788,100.995464583
183,7.32,-217.558949846,-0.0300573825488,-5.35361501451,432.335413924,5.3240847465,-214.717785708,-222.942622243,437.65949867,0.995415584434,100.995415391
184,7.36,-217.568540732,-0.0302312740983,-5.36451117428,432.345302606,5.33531719555,-214.717785708,-222.96328318,437.680619801,0.995364979416,100.995364785
185,7.4,-217.578221427,-0.0304039421079,-5.37590311576,432.355281116,5.34704982793,-214.717785708,-222.984528485,437.702330943,0.995312735111,100.99531254
186,7.44,-217.587991127,-0.0305754093757,-5.38778145288,432.365348572,5.35927311067,-214.717785708,-223.006347989,437.724621683,0.995258595877,100.9952584
187,7.48,-217.597849012,-0.0307457871637,-5.4001362029,432.375504076,5.37197690581,-214.717785708,-223.028731002,437.747480982,0.995202275537,100.995202079
188,7.52,-217.607794246,-0.0309151774854,-5.41295687005,432.385746714,5.38515054363,-214.717785708,-223.051666293,437.770897257,0.995143458697,100.995143261
189,7.56,-217.61782598,-0.0310835718745,-5.4262324746,432.396075556,5.39878286329,-214.717785708,-223.075142026,437.794858419,0.995081802798,100.995081604
190,7.6,-217.627943352,-0.0312508251699,-5.43995151311,432.406489662,5.41286219838,-214.717785708,-223.09914569,437.819351861,0.99501694047,100.995016741
191,7.64,-217.638145489,-0.0314167272636,-5.45410195058,432.416988078,5.42737637877,-214.717785708,-223.123664166,437.844364457,0.994948483152,100.994948283
192,7.68,-217.6484315,-0.031581115182,-5.46867134545,432.427569834,5.44231283318,-214.717785708,-223.14868396,437.869882667,0.994876027233,100.994875826
193,7.72,-217.658800481,-0.0317439483333,-5.48364708094,432.438233945,5.45765878639,-214.717785708,-223.17419151,437.895892731,0.994799162356,100.99479896
194,7.76,-217.669251512,-0.0319053082893,-5.49901656715,432.448979411,5.47340145341,-214.717785708,-223.200173387,437.922380865,0.994717480098,100.994717277
195,7.8,-217.679783662,-0.03206532345,-5.51476732664,432.45980522,5.4895281553,-214.717785708,-223.226616312,437.949333375,0.994630581874,100.994630378
196,7.84,-217.690395986,-0.0322240550641,-5.5308870293,432.470710346,5.50602639161,-214.717785708,-223.25350707,437.976736738,0.994538086652,100.994537882
197,7.88,-217.701087532,-0.0323814194555,-5.54736361301,432.481693757,5.5228839644,-214.717785708,-223.280832564,438.004577722,0.994439639347,100.994439434
198,7.92,-217.711857338,-0.0325372099294,-5.56418551919,432.49275441,5.54008917891,-214.717785708,-223.308580067,438.032843589,0.994334918899,100.994334712
199,7.96,-217.722704432,-0.0326912027939,-5.58134190371,432.50389125,5.55763102251,-214.717785708,-223.336737539,438.061522273,0.994223643369,100.994223436
200,8,-217.733627829,-0.0328432690371,-5.59882266318,432.515103212,5.57549920142,-214.717785708,-223.365293761,438.090602414,0.994105570309,100.994105362
201,8.04,-217.744626529,-0.0329934287568,-5.61661827764,432.526389218,5.59368402576,-214.717785708,-223.394238236,438.120073243,0.993980492997,100.993980284
202,8.08,-217.755699523,-0.0331418323177,-5.6347196281,432.537748174,5.61217624956,-214.717785708,-223.423560984,438.149924424,0.993848234023,100.993848024
203,8.12,-217.76684579,-0.0332886772329,-5.65311791311,432.549178981,5.63096695787,-214.717785708,-223.45325238,438.180145939,0.993708636283,100.993708425
204,8.16,-217.778064299,-0.0334340916293,-5.67180460014,432.560680527,5.65004746694,-214.717785708,-223.483302991,438.210727994,0.993561550354,100.993561338
205,8.2,-217.789354016,-0.0335780477651,-5.69077123898,432.572251698,5.66940912656,-214.717785708,-223.513703303,438.241660824,0.99340681858,100.993406606
206,8.24,-217.800713901,-0.0337203651378,-5.71000907973,432.583891372,5.68904298671,-214.717785708,-223.544443346,438.272934359,0.993244258684,100.993244045
207,8.28,-217.812142906,-0.0338607987186,-5.72950865804,432.595598423,5.7089394386,-214.717785708,-223.575512363,438.304537861,0.993073650271,100.993073436
208,8.32,-217.823639973,-0.0339991495251,-5.74925958138,432.607371713,5.72908799582,-214.717785708,-223.606898704,438.336459709,0.992894725654,100.99289451
209,8.36,-217.835204035,-0.0341353417017,-5.76925057666,432.619210096,5.74947727353,-214.717785708,-223.638589954,438.368687369,0.992707164637,100.992706948
210,8.4,-217.846834012,-0.0342694460838,-5.78946963082,432.631112412,5.77009507135,-214.717785708,-223.670573089,438.401207483,0.992510593411,100.992510376
211,8.44,-217.858528814,-0.0344016415408,-5.80990402774,432.643077495,5.79092843313,-214.717785708,-223.702834484,438.434005928,0.992304589229,100.992304371
212,8.48,-217.870287345,-0.0345321126594,-5.83054029273,432.65510417,5.8119636757,-214.717785708,-223.735359751,438.467067845,0.992088692023,100.992088473
213,8.52,-217.882108504,-0.0346609232611,-5.85136425883,432.667191258,5.833186507,-214.717785708,-223.768133686,438.500377765,0.991862421162,100.991862201
214,8.56,-217.893991189,-0.0347879475804,-5.87236141553,432.679337579,5.85458233,-214.717785708,-223.801140552,438.533919909,0.991625293079,100.991625072
215,8.6,-217.905934293,-0.0349129132578,-5.89351742463,432.691541953,5.87613666164,-214.717785708,-223.834364631,438.567678614,0.991376836002,100.991376614
216,8.64,-217.917936708,-0.0350355188868,-5.91481848112,432.703803193,5.89783545641,-214.717785708,-223.867790708,438.60163865,0.991116600551,100.991116377
217,8.68,-217.929997318,-0.0351555368565,-5.93625130135,432.716120109,5.9196651697,-214.717785708,-223.901404156,438.635785279,0.990844166065,100.990843942
218,8.72,-217.942114998,-0.0352728566083,-5.9578028501,432.728491501,5.94161259788,-214.717785708,-223.935190704,438.670104099,0.990559141541,100.990558917
219,8.76,-217.954288611,-0.0353874923328,-5.97946012886,432.74091616,5.96366468978,-214.717785708,-223.969136233,438.70458085,0.990261159519,100.990260934
220,8.8,-217.966517016,-0.0354995812175,-6.00121021476,432.75339287,5.98580848108,-214.717785708,-224.003226812,438.739201351,0.989949863662,100.989949637
221,8.84,-217.97879906,-0.035609348894,-6.02304040165,432.765920407,6.00803110751,-214.717785708,-224.03744881,438.773951514,0.989624894335,100.989624667
222,8.88,-217.991133591,-0.0357170083937,-6.04493812924,432.778497547,6.03031972306,-214.717785708,-224.071788729,438.80881727,0.989285877478,100.989285649
223,8.92,-218.003519456,-0.0358226226948,-6.06689059896,432.791123066,6.05266124443,-214.717785708,-224.106232677,438.84378431,0.988932419263,100.98893219
224,8.96,-218.015955503,-0.0359260265968,-6.08888435725,432.803795743,6.07504207365,-214.717785708,-224.140765887,438.878837817,0.988564105939,100.988563875
225,9,-218.028440583,-0.0360268787861,-6.11090526167,432.81651436,6.09744806634,-214.717785708,-224.175372724,438.913962426,0.988180507883,100.988180276
226,9.04,-218.040973543,-0.0361248103988,-6.13293894583,432.829277694,6.11986485428,-214.717785708,-224.2100373,438.949142549,0.987781188135,100.987780956
227,9.08,-218.053553226,-0.0362195646001,-6.15497144206,432.842084523,6.14227832634,-214.717785708,-224.244744232,438.984362849,0.987365715052,100.987365482
228,9.12,-218.066178465,-0.0363110510669,-6.176989473,432.854933614,6.16467492691,-214.717785708,-224.279478989,439.019608541,0.986933675395,100.986933441
229,9.16,-218.078848087,-0.0363993209789,-6.19898024861,432.867823728,6.18704160423,-214.717785708,-224.314227657,439.054865332,0.986484682291,100.986484447
230,9.2,-218.091560909,-0.0364845164676,-6.22093107977,432.880753619,6.20936556743,-214.717785708,-224.348976505,439.090119187,0.986018375094,100.986018139
231,9.24,-218.104315742,-0.0365668296853,-6.24282925551,432.893722036,6.23163415618,-214.717785708,-224.383711827,439.125356193,0.985534413218,100.985534176
232,9.28,-218.117111396,-0.0366464593048,-6.26466229866,432.906727727,6.25383494655,-214.717785708,-224.418420154,439.160562674,0.985032468227,100.98503223
233,9.32,-218.129946682,-0.0367235401228,-6.28641828251,432.919769442,6.27595592208,-214.717785708,-224.453088505,439.195725364,0.98451221665,100.984511977
234,9.36,-218.142820418,-0.0367980625833,-6.3080858204,432.932845939,6.29798545654,-214.717785708,-224.487704301,439.230831395,0.983973333876,100.983973094
235,9.4,-218.155731423,-0.0368698386513,-6.329653696,432.94595598,6.3199120722,-214.717785708,-224.522254958,439.265868052,0.983415490415,100.983415249
236,9.44,-218.168678524,-0.0369385482743,-6.35111049317,432.959098333,6.3417242074,-214.717785708,-224.556727565,439.300822541,0.982838353797,100.982838112
237,9.48,-218.181660543,-0.0370038414178,-6.37244459972,432.972271767,6.36341024816,-214.717785708,-224.591108984,439.335682016,0.982241597864,100.982241355
238,9.52,-218.194676302,-0.0370654420138,-6.39364460553,432.985475048,6.38495883391,-214.717785708,-224.62538635,439.370433882,0.981624915926,100.981624672
239,9.56,-218.207724613,-0.0371232166896,-6.41469976966,432.998706934,6.40635920132,-214.717785708,-224.659547599,439.405066135,0.98098803072,100.980987785
240,9.6,-218.220804281,-0.0371772011199,-6.43560021345,433.011966181,6.42760131915,-214.717785708,-224.693581696,439.4395675,0.980330696672,100.98033045
241,9.64,-218.233914105,-0.0372275914068,-6.45633675957,433.025251535,6.44867576322,-214.717785708,-224.727478456,439.473927298,0.97965269579,100.979652449
242,9.68,-218.247052876,-0.0372747017185,-6.47690057961,433.038561741,6.4695734527,-214.717785708,-224.761228158,439.508135193,0.978953831194,100.978953583
243,9.72,-218.260219386,-0.037318881476,-6.49728285056,433.051895541,6.49028538534,-214.717785708,-224.794821118,439.542180926,0.978233919862,100.978233671
244,9.76,-218.273412428,-0.0373603996306,-6.51747453152,433.065251682,6.51080244041,-214.717785708,-224.828247359,439.576054122,0.977492783899,100.977492534
245,9.8,-218.2866308,-0.0373993393239,-6.53746630644,433.078628919,6.53111528686,-214.717785708,-224.861496446,439.609744206,0.976730241829,100.976729991
246,9.84,-218.299873311,-0.0374355681178,-6.55724871842,433.092026017,6.55121444494,-214.717785708,-224.894557598,439.643240462,0.975946105171,100.975945853
247,9.88,-218.313138778,-0.0374688112198,-6.57681244827,433.10544175,6.57109049898,-214.717785708,-224.927420037,439.676532249,0.975140184264,100.975139931
248,9.92,-218.326426021,-0.0374987735644,-6.59614856922,433.118874898,6.59073434041,-214.717785708,-224.960073364,439.709609238,0.974312299989,100.974312046
249,9.96,-218.339733861,-0.0375252239117,-6.6152485923,433.132324245,6.61013727293,-214.717785708,-224.992507678,439.742461517,0.973462292705,100.973462037
250,10,-218.353061118,-0.0375480056713,-6.63410427908,433.145788571,6.62929092179,-214.717785708,-225.024713403,439.775079493,0.972590022597,100.972589766
251,10.04,-218.366406603,-0.0375670094486,-6.65270742134,433.159266654,6.64818707679,-214.717785708,-225.056681034,439.807453731,0.971695363913,100.971695107
252,10.08,-218.379769123,-0.0375821678226,-6.67104982287,433.172757267,6.66681765286,-214.717785708,-225.088401114,439.83957492,0.970778199743,100.970777941
253,10.12,-218.393147478,-0.0375934987126,-6.68912350685,433.186259178,6.68517480177,-214.717785708,-225.119864483,439.871433979,0.969838419936,100.969838161
254,10.16,-218.406540461,-0.0376011649072,-6.70692094637,433.199771149,6.7032510383,-214.717785708,-225.151062573,439.903022187,0.968875919191,100.968875659
255,10.2,-218.419946865,-0.037605487243,-6.72443510502,433.213291944,6.7210392366,-214.717785708,-225.181987457,439.93433118,0.96789059322,100.967890332
256,10.24,-218.433365482,-0.0376068707378,-6.74165928425,433.226820328,6.73853251432,-214.717785708,-225.212631637,439.965352843,0.966882336822,100.966882074
257,10.28,-218.446795111,-0.0376056590491,-6.75858695778,433.240355075,6.75572415055,-214.717785708,-225.242987728,439.996079226,0.965851049694,100.965850786
258,10.32,-218.460234562,-0.0376019883337,-6.77521173038,433.253894969,6.77260761932,-214.717785708,-225.27304828,440.026502589,0.964796648962,100.964796384
259,10.36,-218.473682653,-0.0375957309661,-6.79152739463,433.267438809,6.7891766744,-214.717785708,-225.302805779,440.056615483,0.963719079165,100.963718814
260,10.4,-218.487138218,-0.0375865659215,-6.80752797582,433.280985404,6.80542537085,-214.717785708,-225.33225276,440.086410775,0.96261831131,100.962618045
261,10.44,-218.500600092,-0.0375741215796,-6.8232077356,433.294533574,6.82134801411,-214.717785708,-225.36138195,440.115881588,0.961494332835,100.961494065
262,10.48,-218.514067117,-0.0375581031858,-6.8385612068,433.308082142,6.83693914026,-214.717785708,-225.390186427,440.145021282,0.960347138301,100.96034687
263,10.52,-218.527538131,-0.0375383516171,-6.85358328042,433.32162993,6.85219357666,-214.717785708,-225.418659763,440.173823507,0.959176728143,100.959176458
264,10.56,-218.541011969,-0.0375148312278,-6.86826926609,433.335175761,6.86710651846,-214.717785708,-225.446796066,440.202282279,0.957983112965,100.957982842
265,10.6,-218.55448746,-0.03748758064,-6.88261482758,433.348718451,6.88167351449,-214.717785708,-225.474589868,440.230391966,0.956766315393,100.956766044
266,10.64,-218.567963428,-0.0374566727749,-6.89661580592,433.362256817,6.89589034581,-214.717785708,-225.502035907,440.258147163,0.955526367363,100.955526094
267,10.68,-218.581438694,-0.037422215841,-6.91026811191,433.375789669,6.90975294462,-214.717785708,-225.529129022,440.285542614,0.954263307997,100.954263034
268,10.72,-218.594912073,-0.0373843867975,-6.92356780788,433.389315817,6.92325745702,-214.717785708,-225.555864268,440.312573274,0.952977186496,100.952976911
269,10.76,-218.60838238,-0.037343459904,-6.93651128919,433.40283407,6.93640037161,-214.717785708,-225.582237129,440.339234442,0.951668068315,100.951667792
270,10.8,-218.62184843,-0.037299792164,-6.94909541925,433.416343243,6.94917859717,-214.717785708,-225.608243641,440.36552184,0.950336037406,100.95033576
271,10.84,-218.635309048,-0.0372537416832,-6.96131749771,433.429842159,6.96158939832,-214.717785708,-225.633880287,440.391431557,0.948981190609,100.948980912
272,10.88,-218.64876307,-0.0372055431344,-6.9731750757,433.443329653,6.97363021703,-214.717785708,-225.659143689,440.41695987,0.94760362959,100.94760335
273,10.92,-218.662209346,-0.0371552170896,-6.9846658097,433.456804578,6.98529856827,-214.717785708,-225.684030373,440.442103146,0.946203458016,100.946203178
274,10.96,-218.675646739,-0.0371025758091,-6.99578743228,433.470265802,6.99659206909,-214.717785708,-225.708536747,440.466857871,0.944780786148,100.944780505
275,11,-218.689074123,-0.0370473131998,-7.00653777395,433.483712204,7.00750850989,-214.717785708,-225.73265921,440.491220714,0.943335738116,100.943335456
276,11.04,-218.702490376,-0.0369891086252,-7.01691482582,433.497142671,7.01804593498,-214.717785708,-225.75639431,440.515188606,0.941868455216,100.941868172
277,11.08,-218.715894379,-0.0369276981237,-7.0269168063,433.510556093,7.02820268689,-214.717785708,-225.779738883,440.53875878,0.940379093105,100.940378808
278,11.12,-218.729285011,-0.0368629097607,-7.03654219844,433.523951362,7.03797739152,-214.717785708,-225.802690119,440.561928754,0.938867815425,100.93886753
279,11.16,-218.742661148,-0.0367946675785,-7.04578979965,433.537327366,7.04736895074,-214.717785708,-225.825245615,440.584696317,0.937334788594,100.937334502
280,11.2,-218.756021662,-0.0367229787122,-7.0546587608,433.550682994,7.05637654514,-214.717785708,-225.847403402,440.607059539,0.935780180934,100.935779893
281,11.24,-218.769365424,-0.0366479232117,-7.06314858098,433.564017132,7.0649996263,-214.717785708,-225.869161928,440.629016758,0.934204165761,100.934203877
282,11.28,-218.782691298,-0.0365696568103,-7.07125906226,433.577328665,7.07323789977,-214.717785708,-225.890520018,440.650566565,0.932606926357,100.932606636
283,11.32,-218.795998149,-0.0364884209256,-7.07899020155,433.590616477,7.08109126215,-214.717785708,-225.911476771,440.671707739,0.93098865844,100.930988367
284,11.36,-218.809284836,-0.036404540083,-7.0863420325,433.603879451,7.08855968896,-214.717785708,-225.932031409,440.69243914,0.929349566568,100.929349274
285,11.4,-218.822550223,-0.0363183947675,-7.09331447929,433.617116474,7.09564311777,-214.717785708,-225.952183097,440.712759592,0.92768985707,100.927689564
286,11.44,-218.835793176,-0.0362303655049,-7.09990733233,433.63032644,7.10234142434,-214.717785708,-225.971930874,440.732667864,0.926009733955,100.926009439
287,11.48,-218.849012573,-0.0361407454435,-7.10612043168,433.643508251,7.10865457629,-214.717785708,-225.99127375,440.752162828,0.924309402384,100.924309107
288,11.52,-218.862207305,-0.036049650428,-7.11195394814,433.656660831,7.11458286797,-214.717785708,-226.010210903,440.771243698,0.922589077691,100.922588781
289,11.56,-218.875376278,-0.0359569856252,-7.11740856579,433.669783115,7.12012706168,-214.717785708,-226.02874183,440.789910177,0.920848991576,100.920848694
290,11.6,-218.888518416,-0.0358625032112,-7.1224854531,433.68287406,7.12528833994,-214.717785708,-226.046866372,440.8081624,0.919089389395,100.91908909
291,11.64,-218.901632652,-0.0357659173271,-7.12718604466,433.695932634,7.1300680955,-214.717785708,-226.064584614,440.82600073,0.917310520886,100.917310221
292,11.68,-218.914717929,-0.0356669985322,-7.13151180398,433.708957815,7.13446772437,-214.717785708,-226.081896731,440.84342554,0.915512632795,100.915512332
293,11.72,-218.92777319,-0.0355656077145,-7.13546412778,433.721948586,7.13848857093,-214.717785708,-226.098802925,440.860437157,0.913695969918,100.913695668
294,11.76,-218.94079738,-0.0354616825545,-7.13904439073,433.73490393,7.14213200963,-214.717785708,-226.115303453,440.87703594,0.911860782131,100.911860479
295,11.8,-218.953789442,-0.035355200133,-7.14225404446,433.747822834,7.14539956239,-214.717785708,-226.131398687,440.893222396,0.910007329915,100.910007025
296,11.84,-218.966748319,-0.0352461396862,-7.14509470909,433.76070428,7.14829297966,-214.717785708,-226.147089167,440.90899726,0.908135884604,100.908135579
297,11.88,-218.979672949,-0.0351344689201,-7.14756824435,433.773547256,7.15081427407,-214.717785708,-226.162375663,440.92436153,0.906246724969,100.906246418
298,11.92,-218.992562274,-0.0350201655369,-7.14967679748,433.786350745,7.15296571982,-214.717785708,-226.177259237,440.939316465,0.904340133102,100.904339825
299,11.96,-219.00541523,-0.0349032649089,-7.15142278286,433.799113737,7.15474979589,-214.717785708,-226.191741278,440.953863533,0.902416390813,100.902416082
300,12,-219.018230756,-0.0347839071258,-7.15280876257,433.811835216,7.15616905857,-214.717785708,-226.205823426,440.968004274,0.900475776691,100.900475466
301,12.04,-219.031007786,-0.0346623580438,-7.15383729546,433.824514169,7.15722601298,-214.717785708,-226.21950744,440.981740182,0.898518565447,100.898518254
302,12.08,-219.043745256,-0.0345389970572,-7.1545108662,433.837149585,7.15792308374,-214.717785708,-226.232795119,440.995072668,0.896545031933,100.896544719
303,12.12,-219.056442105,-0.0344142733372,-7.1548319251,433.849740456,7.15826269944,-214.717785708,-226.245688303,441.008003156,0.894555458184,100.894555145
304,12.16,-219.069097279,-0.0342886248193,-7.15480297807,433.862285786,7.15824741362,-214.717785708,-226.258188882,441.0205332,0.892550137203,100.892549822
305,12.2,-219.081709738,-0.0341623640505,-7.15442664458,433.87478459,7.15787996669,-214.717785708,-226.270298747,441.032664557,0.890529368878,100.890529053
306,12.24,-219.094278455,-0.0340355766833,-7.15370567537,433.887235901,7.15716327367,-214.717785708,-226.282019707,441.044399175,0.888493450685,100.888493134
307,12.28,-219.106802423,-0.0339081049694,-7.15264299598,433.899638771,7.15610041241,-214.717785708,-226.293353524,441.055739184,0.886442671539,100.886442353
308,12.32,-219.11928065,-0.0337796442163,-7.15124178916,433.91199227,7.15469465089,-214.717785708,-226.304302084,441.066686921,0.884377314644,100.884376995
309,12.36,-219.131712157,-0.0336498879204,-7.14950552172,433.924295482,7.15294945088,-214.717785708,-226.314867567,441.077244933,0.882297666557,100.882297346
310,12.4,-219.144095974,-0.0335186233133,-7.14743781902,433.936547502,7.15086836782,-214.717785708,-226.325052416,441.087415869,0.880204024159,100.880203702
311,12.44,-219.156431135,-0.0333857418668,-7.14504222017,433.948747429,7.14845486799,-214.717785708,-226.334859097,441.097202297,0.878096694513,100.878096372
312,12.48,-219.168716677,-0.0332511992377,-7.14232197828,433.960894367,7.14571219461,-214.717785708,-226.344289854,441.106606562,0.87597598954,100.875975665
313,12.52,-219.180951635,-0.0331149694489,-7.13928006085,433.972987421,7.14264340504,-214.717785708,-226.353346665,441.115630826,0.873842220442,100.873841895
314,12.56,-219.193135044,-0.0329770160386,-7.1359193662,433.985025696,7.13925157878,-214.717785708,-226.362031426,441.124277275,0.871695694509,100.871695368
315,12.6,-219.205265939,-0.0328372867735,-7.13224302269,433.997008298,7.13554006582,-214.717785708,-226.370346249,441.132548364,0.8695367137,100.869536386
316,12.64,-219.217343359,-0.0326957340333,-7.12825461578,434.008934338,7.13151263795,-214.717785708,-226.378293709,441.140446976,0.867365574491,100.867365246
317,12.68,-219.229366342,-0.0325523582278,-7.12395825686,434.020802928,7.12717348709,-214.717785708,-226.385876957,441.147976415,0.865182570177,100.86518224
318,12.72,-219.241333928,-0.0324072531802,-7.11935845628,434.032613184,7.12252706912,-214.717785708,-226.393099638,441.155140253,0.862987995857,100.862987665
319,12.76,-219.253245159,-0.0322606164601,-7.11445980734,434.044364222,7.11757782647,-214.717785708,-226.399965583,441.161942049,0.860782152953,100.860781821
320,12.8,-219.265099075,-0.0321127072933,-7.10926656889,434.056055162,7.11232987016,-214.717785708,-226.406478351,441.168385032,0.858565349089,100.858565016
321,12.84,-219.276894716,-0.0319637800004,-7.10378234425,434.067685122,7.10678677228,-214.717785708,-226.412640841,441.174471894,0.856337892732,100.856337558
322,12.88,-219.288631126,-0.0318140449126,-7.09801007977,434.079253224,7.10095162779,-214.717785708,-226.41845525,441.180204852,0.854100086746,100.854099751
323,12.92,-219.300307349,-0.0316636850963,-7.09195245704,434.090758594,7.09482741872,-214.717785708,-226.423923491,441.185586013,0.851852225774,100.851851889
324,12.96,-219.311922442,-0.0315129041453,-7.08561250498,434.102200371,7.08841751682,-214.717785708,-226.429047851,441.190617887,0.849594598682,100.84959426
325,13,-219.323475471,-0.0313619456132,-7.07899409192,434.113577701,7.08172603869,-214.717785708,-226.433831508,441.19530374,0.84732749337,100.847327154
326,13.04,-219.334965518,-0.0312110487871,-7.07210202198,434.124889754,7.07475784402,-214.717785708,-226.438278589,441.199647598,0.845051200693,100.84505086
327,13.08,-219.346391686,-0.0310603737319,-7.06494168823,434.136135712,7.06751817613,-214.717785708,-226.442393748,441.203653888,0.842766016223,100.842765674
328,13.12,-219.357753091,-0.0309099567509,-7.05751844348,434.147314782,7.06001211504,-214.717785708,-226.446181491,441.207326897,0.840472239662,100.840471897
329,13.16,-219.369048869,-0.0307597043412,-7.04983696663,434.158426182,7.05224409127,-214.717785708,-226.44964554,441.210670273,0.838170171434,100.838169827
330,13.2,-219.380278163,-0.0306093898312,-7.04190090007,434.169469145,7.04421767334,-214.717785708,-226.452788453,441.213686818,0.835860106732,100.835859761
331,13.24,-219.391440127,-0.0304586540915,-7.03371294666,434.180442912,7.03593574327,-214.717785708,-226.455611728,441.216378655,0.833542329756,100.833541983
332,13.28,-219.402533916,-0.0303070588157,-7.02527544151,434.191346728,7.02740102474,-214.717785708,-226.458116417,441.218747753,0.831217112378,100.831216765
333,13.32,-219.41355869,-0.0301542134172,-7.01659116467,434.202179842,7.01861674043,-214.717785708,-226.460304068,441.220796582,0.828884719109,100.82888437
334,13.36,-219.424513607,-0.0299999257797,-7.00766398129,434.212941503,7.0095870613,-214.717785708,-226.462177514,441.222528565,0.826545415587,100.826545065
335,13.4,-219.435397825,-0.0298442889625,-6.99849893038,434.223630962,7.00031707317,-214.717785708,-226.463741045,441.223948036,0.824199475141,100.824199124
336,13.44,-219.446210507,-0.0296876391674,-6.98910167811,434.234247473,6.99081224365,-214.717785708,-226.464999824,441.225059716,0.821847179523,100.821846827
337,13.48,-219.456950816,-0.0295303917905,-6.97947763178,434.244790292,6.98107767679,-214.717785708,-226.465958839,441.225867968,0.819488814027,100.81948846
338,13.52,-219.467617921,-0.0293728383623,-6.96963119683,434.255258681,6.97111755975,-214.717785708,-226.466621956,441.226376241,0.817124660086,100.817124305
339,13.56,-219.478210997,-0.0292150139904,-6.95956557495,434.26565191,6.96093510068,-214.717785708,-226.466991586,441.226587011,0.81475498882,100.814754633
340,13.6,-219.488729222,-0.0290567020709,-6.94928319127,434.27596925,6.95053297658,-214.717785708,-226.467069115,441.226502227,0.812380058186,100.812379701
341,13.64,-219.499171774,-0.0288975665649,-6.93878651596,434.286209978,6.93991404904,-214.717785708,-226.466855857,441.226124027,0.810000115353,100.809999757
342,13.68,-219.509537836,-0.0287373470197,-6.92807886257,434.296373369,6.9290819841,-214.717785708,-226.466354046,441.225455353,0.80761540397,100.807615044
343,13.72,-219.51982659,-0.0285760320739,-6.9171647463,434.306458703,6.918041451,-214.717785708,-226.465567368,441.224500154,0.805226172514,100.805225811
344,13.76,-219.530037219,-0.0284139346264,-6.90604959356,434.316465259,6.90679777694,-214.717785708,-226.464500747,441.223263036,0.802832678091,100.802832316
345,13.8,-219.54016891,-0.0282516307017,-6.89473893113,434.326392322,6.89535622072,-214.717785708,-226.463159472,441.221748543,0.80043518287,100.800434819
346,13.84,-219.550220857,-0.0280897872991,-6.8832374954,434.336239182,6.88372126277,-214.717785708,-226.461548139,441.219960445,0.798033946297,100.798033581
347,13.88,-219.56019226,-0.0279289566703,-6.87154879147,434.346005138,6.87189633912,-214.717785708,-226.459670008,441.217901477,0.795629219505,100.795628853
348,13.92,-219.570082333,-0.0277694203396,-6.85967535863,434.355689502,6.85988417388,-214.717785708,-226.457527112,441.215573676,0.793221245428,100.793220878
349,13.96,-219.579890307,-0.0276111367517,-6.84761957052,434.365291602,6.84768750062,-214.717785708,-226.455121014,441.212979103,0.790810262367,100.790809894
350,14,-219.589615429,-0.0274538131508,-6.83538446614,434.374810785,6.83530971965,-214.717785708,-226.452453708,441.210120505,0.788396506142,100.788396136
351,14.04,-219.599256966,-0.0272970747894,-6.8229741122,434.384246417,6.82275509574,-214.717785708,-226.449528153,441.207001513,0.785980208621,100.785979838
352,14.08,-219.608814202,-0.0271406408168,-6.81039333519,434.393597878,6.81002842601,-214.717785708,-226.446348178,441.203626304,0.783561595121,100.783561223
353,14.12,-219.61828643,-0.0269843965796,-6.79764704007,434.402864564,6.79713442214,-214.717785708,-226.442917867,441.199998986,0.781140884583,100.781140511
354,14.16,-219.627672957,-0.0268283284749,-6.78473955199,434.412045879,6.78407719808,-214.717785708,-226.439240837,441.196123077,0.778718293649,100.778717919
355,14.2,-219.636973092,-0.0266723983299,-6.77167435518,434.421141233,6.77086015117,-214.717785708,-226.435319846,441.192001384,0.776294042144,100.776293666
356,14.24,-219.646186152,-0.0265164660724,-6.75845432491,434.430150042,6.75748625581,-214.717785708,-226.431156943,441.187636298,0.773868355998,100.773867979
357,14.28,-219.655311454,-0.0263603161693,-6.74508227006,434.439071721,6.74395855968,-214.717785708,-226.42675404,441.183030281,0.771441465209,100.771441087
358,14.32,-219.664348315,-0.0262037657297,-6.73156142499,434.44790569,6.73028055614,-214.717785708,-226.422113506,441.178186247,0.769013597016,100.769013217
359,14.36,-219.673296058,-0.0260467777804,-6.71789558451,434.456651369,6.71645620147,-214.717785708,-226.41723842,441.173107571,0.766584967166,100.766584586
360,14.4,-219.682154004,-0.0258894991021,-6.70408883389,434.46530818,6.70248959872,-214.717785708,-226.412132337,441.167797779,0.764155774423,100.764155392
361,14.44,-219.690921482,-0.0257321858637,-6.69014508624,434.47387555,6.68838458198,-214.717785708,-226.406798754,441.162260132,0.761726202859,100.761725819
362,14.48,-219.699597823,-0.025575056176,-6.67606777004,434.482352911,6.67414450504,-214.717785708,-226.401240649,441.156497416,0.759296432064,100.759296047
363,14.52,-219.70818237,-0.0254181674631,-6.66185986802,434.490739704,6.6597723642,-214.717785708,-226.395460405,441.150512069,0.756866648901,100.756866263
364,14.56,-219.71667447,-0.025261402092,-6.64752423623,434.499035377,6.64527113037,-214.717785708,-226.389460108,441.144306507,0.754437051927,100.754436664
365,14.6,-219.725073479,-0.0251045639486,-6.6330639587,434.507239381,6.63064404496,-214.717785708,-226.383242002,441.137883426,0.752007845211,100.752007456
366,14.64,-219.733378755,-0.0249475085538,-6.6184824999,434.515351176,6.61589469065,-214.717785708,-226.376808764,441.131245867,0.749579227479,100.749578837
367,14.68,-219.741589661,-0.0247902180363,-6.60378359737,434.523370221,6.60102683908,-214.717785708,-226.370163476,441.12439706,0.747151386455,100.747150995
368,14.72,-219.74970556,-0.024632789109,-6.58897099556,434.531295979,6.58604420427,-214.717785708,-226.363309345,441.117340183,0.744724502288,100.744724109
369,14.76,-219.75772582,-0.0244753661075,-6.57404817638,434.539127913,6.570950237,-214.717785708,-226.356249362,441.11007815,0.742298754269,100.74229836
370,14.8,-219.765649809,-0.024318081238,-6.55901822867,434.546865491,6.55574805294,-214.717785708,-226.348986119,441.102613544,0.739874322203,100.739873927
371,14.84,-219.773476903,-0.024161053107,-6.54388391802,434.554508183,6.54044051415,-214.717785708,-226.341521874,441.094948698,0.737451380507,100.737450984
372,14.88,-219.78120648,-0.0240044500208,-6.52864792512,434.562055465,6.52503042625,-214.717785708,-226.333858855,441.087085891,0.735030091599,100.735029693
373,14.92,-219.788837927,-0.0238485696401,-6.51331312031,434.569506818,6.50952075078,-214.717785708,-226.325999617,441.079027569,0.732610606408,100.732610207
374,14.96,-219.796370641,-0.023693852165,-6.49788268559,434.576861735,6.49391469051,-214.717785708,-226.317947179,441.070776426,0.730193072694,100.730192672
375,15,-219.803804034,-0.0235407692544,-6.48235999089,434.584119723,6.47821558162,-214.717785708,-226.309704795,441.062335305,0.72777764464,100.727777242
376,15.04,-219.811137534,-0.023389623255,-6.46674831143,434.591280303,6.46242666744,-214.717785708,-226.301275469,441.053706971,0.725364486474,100.725364083
377,15.08,-219.818370588,-0.0232403863335,-6.45105060539,434.598343016,6.44655093079,-214.717785708,-226.292661579,441.044893946,0.722953768229,100.722953363
378,15.12,-219.825502659,-0.0230927065622,-6.43526952962,434.605307418,6.43059112084,-214.717785708,-226.283864895,441.035898538,0.720545657221,100.720545251
379,15.16,-219.832533228,-0.0229460800369,-6.41940765768,434.612173081,6.41454993144,-214.717785708,-226.274886966,441.026723012,0.718140310314,100.718139902
380,15.2,-219.839461787,-0.0228000611476,-6.40346770236,434.61893959,6.39843016432,-214.717785708,-226.265729551,441.017369754,0.71573787075,100.715737461
381,15.24,-219.846287839,-0.0226543826227,-6.38745255635,434.625606537,6.38223473787,-214.717785708,-226.256394778,441.007841275,0.713338470814,100.71333806
382,15.28,-219.853010892,-0.022508946359,-6.37136512218,434.632173522,6.36596653591,-214.717785708,-226.24688496,440.998140058,0.710942238444,100.710941826
383,15.32,-219.859630459,-0.0223637325425,-6.35520808199,434.638640147,6.34962823,-214.717785708,-226.237202274,440.988268377,0.708549303167,100.708548889
384,15.36,-219.866146059,-0.0222187096734,-6.33898379491,434.645006018,6.33322222045,-214.717785708,-226.227348563,440.978228239,0.706159796784,100.706159382
385,15.4,-219.872557211,-0.0220738087448,-6.32269441494,434.651270744,6.31675075455,-214.717785708,-226.217325435,440.968021499,0.70377384867,100.703773432
386,15.44,-219.87886344,-0.0219289723243,-6.30634216849,434.657433935,6.30021616171,-214.717785708,-226.207134581,440.957650097,0.701391581256,100.701391163
387,15.48,-219.885064272,-0.0217842335368,-6.28992960613,434.663495203,6.28362105374,-214.717785708,-226.196778111,440.947116257,0.699013111761,100.699012692
388,15.52,-219.891159236,-0.0216397550344,-6.27345963524,434.669454163,6.26696833738,-214.717785708,-226.186258626,440.936422501,0.696638559765,100.696638139
389,15.56,-219.897147868,-0.0214957805572,-6.25693526095,434.675310434,6.25026098292,-214.717785708,-226.17557891,440.925571417,0.694268052867,100.69426763
390,15.6,-219.903029708,-0.021352513367,-6.2403591801,434.681063641,6.23350167324,-214.717785708,-226.164741402,440.914565314,0.691901723263,100.691901299
391,15.64,-219.908804307,-0.0212099995376,-6.22373353741,434.686713414,6.21669260085,-214.717785708,-226.153747844,440.903406015,0.689539697185,100.689539271
392,15.68,-219.914471224,-0.0210681058031,-6.20706007809,434.692259396,6.19983561439,-214.717785708,-226.142599408,440.892095011,0.687182087072,100.68718166
393,15.72,-219.920030029,-0.0209266184906,-6.19034062513,434.697701236,6.18293264617,-214.717785708,-226.131297273,440.880633882,0.684828993955,100.684828565
394,15.76,-219.9254803,-0.020785393314,-6.17357749972,434.703038589,6.16598607615,-214.717785708,-226.119843193,440.869024665,0.68248051684,100.682480086
395,15.8,-219.930821619,-0.0206444390753,-6.1567734951,434.708271118,6.14899868719,-214.717785708,-226.108239553,440.857269805,0.680136758615,100.680136326
396,15.84,-219.936053575,-0.020503870416,-6.1399313773,434.713398486,6.13197320021,-214.717785708,-226.096488823,440.845371686,0.677797822537,100.677797389
397,15.88,-219.94117576,-0.0203637736571,-6.12305332176,434.718420362,6.11491177263,-214.717785708,-226.084592856,440.833332135,0.675463804352,100.675463369
398,15.92,-219.94618777,-0.0202241017541,-6.10614079196,434.723336416,6.0978159178,-214.717785708,-226.072552664,440.821152334,0.673134790228,100.673134353
399,15.96,-219.951089205,-0.0200846902767,-6.08919500665,434.728146322,6.0806869599,-214.717785708,-226.060368901,440.808833282,0.670810864055,100.670810425
400,16,-219.955879668,-0.0199453894782,-6.0722176326,434.732849755,6.06352667133,-214.717785708,-226.04804269,440.796376426,0.668492117116,100.668491676
401,16.04,-219.960558769,-0.0198062187753,-6.05521113741,434.737446394,6.04633757069,-214.717785708,-226.035576125,440.783783965,0.666178650436,100.666178208
402,16.08,-219.965126121,-0.0196674352622,-6.03817850948,434.741935923,6.02912263033,-214.717785708,-226.022972066,440.771058553,0.663870567819,100.663870124
403,16.12,-219.969581345,-0.0195294716757,-6.02112256548,434.746318029,6.0118846219,-214.717785708,-226.010233383,440.758202651,0.661567966726,100.661567521
404,16.16,-219.973924069,-0.019392789564,-6.00404538886,434.750592407,5.99462561217,-214.717785708,-225.997362248,440.74521802,0.659270934999,100.659270487
405,16.2,-219.978153931,-0.0192577411632,-5.98694831263,434.754758762,5.97734697775,-214.717785708,-225.984359985,440.73210574,0.656979554159,100.656979105
406,16.24,-219.982270584,-0.0191245073655,-5.96983241668,434.75881681,5.96004988552,-214.717785708,-225.971227508,440.718866695,0.654693903418,100.654693452
407,16.28,-219.986273694,-0.0189931151563,-5.95269913256,434.76276628,5.94273584718,-214.717785708,-225.957965942,440.705502127,0.652414059406,100.652413606
408,16.32,-219.990162948,-0.0188634967938,-5.93555050973,434.76660692,5.92540694209,-214.717785708,-225.944576955,440.692013862,0.650140092741,100.650139638
409,16.36,-219.993938049,-0.0187355451848,-5.91838897073,434.770338493,5.90806556938,-214.717785708,-225.931062565,440.678404062,0.647872066415,100.647871609
410,16.4,-219.997598716,-0.0186091229842,-5.90121674911,434.773960775,5.8907139238,-214.717785708,-225.917424588,440.664674699,0.645610038978,100.64560958
411,16.44,-220.001144681,-0.018484014611,-5.88403543601,434.777473555,5.87335359029,-214.717785708,-225.903664132,440.650827146,0.64335407051,100.64335361
412,16.48,-220.004575686,-0.0183598793824,-5.86684599061,434.780876632,5.85598557582,-214.717785708,-225.889781556,440.636862208,0.64110422679,100.641103764
413,16.52,-220.007891481,-0.0182362939146,-5.8496492251,434.78416981,5.83861077419,-214.717785708,-225.875777,440.622780584,0.638860578749,100.638860114
414,16.56,-220.011091823,-0.0181128992557,-5.83244640961,434.787352898,5.82123052716,-214.717785708,-225.861651132,440.608583425,0.636623197974,100.636622731
415,16.6,-220.014176475,-0.0179895580605,-5.81523953452,434.79042571,5.80384685471,-214.717785708,-225.847405567,440.594272564,0.63439215176,100.634391683
416,16.64,-220.017145201,-0.0178663948387,-5.7980310169,434.793388061,5.78646216474,-214.717785708,-225.833042613,440.579850225,0.632167501214,100.63216703
417,16.68,-220.019997774,-0.0177436724625,-5.78082306133,434.796239769,5.76907864611,-214.717785708,-225.818564508,440.565318416,0.629949303391,100.62994883
418,16.72,-220.022733968,-0.0176215854977,-5.76361715388,434.798980658,5.75169779523,-214.717785708,-225.803972708,440.550678453,0.627737615023,100.62773714
419,16.76,-220.025353564,-0.0175001218806,-5.74641406811,434.801610549,5.73432042936,-214.717785708,-225.789267754,440.535930978,0.625532493721,100.625532016
420,16.8,-220.027856344,-0.0173790986968,-5.72921436645,434.804129271,5.71694716773,-214.717785708,-225.774449809,440.521076438,0.623333994544,100.623333515
421,16.84,-220.030242099,-0.0172583449426,-5.71201900881,434.806536653,5.69957901268,-214.717785708,-225.759519452,440.506115665,0.621142164479,100.621141683
422,16.88,-220.03251062,-0.017137886305,-5.69482961619,434.808832529,5.68221760166,-214.717785708,-225.744478123,440.491050131,0.618957040412,100.618956557
423,16.92,-220.034661709,-0.0170179814007,-5.67764821049,434.811016738,5.66486495816,-214.717785708,-225.729327901,440.475881696,0.61677865382,100.616778168
424,16.96,-220.036695172,-0.0168989724463,-5.6604766408,434.813089124,5.64752293818,-214.717785708,-225.714070786,440.460612062,0.614607038958,100.614606551
425,17,-220.03861083,-0.0167810575004,-5.64331612288,434.81504954,5.63019277949,-214.717785708,-225.69870801,440.44524232,0.612442237204,100.612441747
426,17.04,-220.040408511,-0.0166641555369,-5.62616723062,434.816897851,5.61287508549,-214.717785708,-225.683239897,440.429772936,0.610284293615,100.610283801
427,17.08,-220.042088057,-0.0165479674432,-5.60903036013,434.818633927,5.59557027416,-214.717785708,-225.667666385,440.414204201,0.608133249841,100.608132754
428,17.12,-220.043649318,-0.0164321857772,-5.59190634779,434.820257649,5.57827919074,-214.717785708,-225.651987852,440.39853684,0.605989141708,100.605988644
429,17.16,-220.04509215,-0.0163166938853,-5.57479679327,434.821768901,5.56100344125,-214.717785708,-225.636205637,440.382772342,0.603852004678,100.603851504
430,17.2,-220.046416416,-0.0162016087412,-5.55770381921,434.823167571,5.5437451686,-214.717785708,-225.620321844,440.366912739,0.601721881004,100.601721378
431,17.24,-220.047621983,-0.0160871448456,-5.54062940088,434.824453552,5.52650638687,-214.717785708,-225.604338529,440.350959939,0.599598819319,100.599598314
432,17.28,-220.048708724,-0.0159734113491,-5.52357474714,434.825626739,5.50928834739,-214.717785708,-225.588256883,440.334915087,0.597482864912,100.597482357
433,17.32,-220.049676516,-0.0158603008071,-5.50654022012,434.826687033,5.49209143514,-214.717785708,-225.572077037,440.318778468,0.595374049571,100.595373539
434,17.36,-220.050525244,-0.015747552406,-5.48952589106,434.827634335,5.47491571417,-214.717785708,-225.555798687,440.302550049,0.593272391639,100.593271879
435,17.4,-220.051254795,-0.0156349371537,-5.47253231551,434.828468551,5.45776171818,-214.717785708,-225.539422047,440.28623027,0.591177906912,100.591177392
436,17.44,-220.051865063,-0.0155224251856,-5.45556090022,434.829189593,5.44063084888,-214.717785708,-225.522948389,440.269820442,0.589090619407,100.589090101
437,17.48,-220.052355949,-0.0154102169407,-5.43861354271,434.829797371,5.42352503685,-214.717785708,-225.506379709,440.253322408,0.587010560492,100.58701004
438,17.52,-220.052727356,-0.0152986268125,-5.42169182712,434.830291802,5.40644592792,-214.717785708,-225.48971781,440.23673773,0.584937757032,100.584937234
439,17.56,-220.052979195,-0.0151879202102,-5.4047964506,434.830672808,5.38939427316,-214.717785708,-225.472963566,440.220067081,0.582872221499,100.582871695
440,17.6,-220.053111383,-0.0150782369652,-5.38792737605,434.830940313,5.37237004708,-214.717785708,-225.456116996,440.20331036,0.580813955983,100.580813427
441,17.64,-220.053123847,-0.0149696566141,-5.37108459293,434.831094251,5.35537320494,-214.717785708,-225.439178096,440.186467456,0.57876296782,100.578762436
442,17.68,-220.053016522,-0.0148623341533,-5.35426884882,434.831134563,5.33840444787,-214.717785708,-225.422147705,440.169539011,0.576719281698,100.576718747
443,17.72,-220.052789358,-0.0147565638701,-5.33748174172,434.831061202,5.32146536082,-214.717785708,-225.405027664,440.152526563,0.57468293541,100.574682398
444,17.76,-220.052442321,-0.0146526827344,-5.32072511352,434.830874134,5.30455782719,-214.717785708,-225.387820117,440.135431962,0.572653962452,100.572653422
445,17.8,-220.05197539,-0.0145508689046,-5.30400027396,434.83057334,5.28768323081,-214.717785708,-225.370526533,440.118256571,0.570632378401,100.570631835
446,17.84,-220.051388564,-0.0144509927661,-5.2873076994,434.830158815,5.27084210461,-214.717785708,-225.353147256,440.101000919,0.56861818488,100.568617638
447,17.88,-220.050681856,-0.0143526359417,-5.2706474141,434.829630565,5.25403447226,-214.717785708,-225.335681906,440.083665038,0.566611387353,100.566610838
448,17.92,-220.049855289,-0.0142552611834,-5.25401967404,434.828988611,5.23726053618,-214.717785708,-225.318130225,440.066249147,0.564612008352,100.564611456
449,17.96,-220.048908899,-0.0141584234936,-5.23742535034,434.828232977,5.22052110934,-214.717785708,-225.300492673,440.048754086,0.562620081268,100.562619525
450,18,-220.047842726,-0.0140619072959,-5.22086571814,434.827363697,5.20381746128,-214.717785708,-225.282770352,440.031181158,0.560635629039,100.56063507
451,18.04,-220.04665682,-0.0139657254964,-5.20434188935,434.826380807,5.18715077069,-214.717785708,-225.264964435,440.013531578,0.55865864823,100.558658086
452,18.08,-220.045351235,-0.0138699961215,-5.1878544078,434.825284349,5.17052168381,-214.717785708,-225.247075639,439.995806033,0.556689115394,100.55668855
453,18.12,-220.04392603,-0.0137747863018,-5.17140333221,434.824074368,5.15393032857,-214.717785708,-225.229104148,439.978004697,0.554727011514,100.554726443
454,18.16,-220.04238127,-0.0136800314289,-5.15498868019,434.822750912,5.13737671059,-214.717785708,-225.211049981,439.960127623,0.55277234183,100.55277177
455,18.2,-220.040717023,-0.0135855806183,-5.13861081807,434.821314031,5.1208611163,-214.717785708,-225.192913422,439.942175147,0.550825131379,100.550824556
456,18.24,-220.038933366,-0.01349132498,-5.12227048718,434.819763779,5.10438420826,-214.717785708,-225.174695178,439.924147987,0.548885399606,100.548884821
457,18.28,-220.037030376,-0.0133973013988,-5.10596851632,434.818100212,5.08794681037,-214.717785708,-225.156396194,439.906047022,0.54695313858,100.546952556
458,18.32,-220.03500814,-0.0133036839968,-5.08970553067,434.816323391,5.07154963395,-214.717785708,-225.138017355,439.887873025,0.545028317436,100.545027731
459,18.36,-220.032866748,-0.0132106671948,-5.07348191078,434.814433381,5.05519317898,-214.717785708,-225.119559326,439.86962656,0.543110910957,100.543110321
460,18.4,-220.030606297,-0.0131183344587,-5.05729798272,434.812430251,5.0388778338,-214.717785708,-225.101022614,439.851308085,0.541200925903,100.541200333
461,18.44,-220.028226887,-0.0130266206209,-5.04115421472,434.810314072,5.02260402214,-214.717785708,-225.082407723,439.832918094,0.53929839884,100.539297802
462,18.48,-220.025728626,-0.0129354015416,-5.02505123671,434.808084919,5.00637226004,-214.717785708,-225.063715264,439.814457179,0.537403365375,100.537402765
463,18.52,-220.023111626,-0.0128446401022,-5.00898970342,434.805742874,4.990183119,-214.717785708,-225.044945969,439.795925993,0.535515828323,100.535515224
464,18.56,-220.020376007,-0.0127544642115,-4.9929701623,434.803288021,4.97403717539,-214.717785708,-225.026100634,439.777325196,0.533635754706,100.533635147
465,18.6,-220.017521901,-0.0126650999826,-4.97699304205,434.800720455,4.9579349884,-214.717785708,-225.007180043,439.758655444,0.531763105166,100.531762493
466,18.64,-220.014549451,-0.0125767027907,-4.96105872768,434.798040281,4.94187707332,-214.717785708,-224.988184882,439.739917355,0.529897868812,100.529897253
467,18.68,-220.011458811,-0.012489222299,-4.94516761,434.795247613,4.92586383939,-214.717785708,-224.969115643,439.721111453,0.5280400707,100.528039451
468,18.72,-220.008250145,-0.0124024180735,-4.92932005795,434.792342573,4.90989553938,-214.717785708,-224.949972621,439.702238112,0.526189744162,100.52618912
469,18.76,-220.004923626,-0.0123160211103,-4.91351636836,434.789325288,4.89397231456,-214.717785708,-224.930756016,439.683297603,0.524346892846,100.524346265
470,18.8,-220.001479433,-0.0122299160816,-4.89775677025,434.786195892,4.87809433879,-214.717785708,-224.911466119,439.664290231,0.522511477227,100.522510845
471,18.84,-219.997917748,-0.0121441990968,-4.88204148465,434.782954522,4.86226194178,-214.717785708,-224.892103431,439.645216464,0.520683438265,100.520682802
472,18.88,-219.99423876,-0.0120590630607,-4.86637077065,434.779601318,4.84647557779,-214.717785708,-224.872668594,439.626076895,0.518862737501,100.518862097
473,18.92,-219.990442664,-0.0119746033953,-4.85074491414,434.776136423,4.83073565237,-214.717785708,-224.853162181,439.606872075,0.517049378699,100.517048734
474,18.96,-219.98652966,-0.011890707489,-4.83516419785,434.772559986,4.81504238363,-214.717785708,-224.833584565,439.58760237,0.515243393235,100.515242744
475,19,-219.982499954,-0.0118071250876,-4.81962891708,434.768872161,4.79939586545,-214.717785708,-224.813935996,439.568268027,0.513444803364,100.51344415
476,19.04,-219.97835376,-0.0117236616166,-4.80413943344,434.765073106,4.78379629613,-214.717785708,-224.794216855,439.548869402,0.51165359551,100.511652937
477,19.08,-219.974091294,-0.0116403271218,-4.78869618096,434.76116298,4.76824413967,-214.717785708,-224.774427802,439.52940712,0.509869725267,100.509869062
478,19.12,-219.96971278,-0.0115573105522,-4.77329957236,434.757141948,4.75274002469,-214.717785708,-224.754569663,439.509881973,0.508093148016,100.508092481
479,19.16,-219.965218447,-0.0114748011485,-4.75794988546,434.753010179,4.73728445269,-214.717785708,-224.734643134,439.490294631,0.506323848645,100.506323177
480,19.2,-219.960608527,-0.0113928144411,-4.74264728483,434.748767842,4.72187761873,-214.717785708,-224.714648627,439.470645461,0.504561847027,100.50456117
481,19.24,-219.95588326,-0.0113111833617,-4.72739202396,434.744415113,4.70651957282,-214.717785708,-224.694586467,439.450934686,0.502807177099,100.502806495
482,19.28,-219.951042889,-0.0112297370777,-4.71218465294,434.73995217,4.69121060003,-214.717785708,-224.674457279,439.43116277,0.501059857338,100.501059171
483,19.32,-219.946087663,-0.0111485245024,-4.69702596863,434.735379197,4.67595141649,-214.717785708,-224.654262156,439.411330613,0.499319874197,100.499319183
484,19.36,-219.941017839,-0.0110678920672,-4.68191664425,434.730696381,4.66074289632,-214.717785708,-224.634002375,439.391439277,0.497587187948,100.497586491
485,19.4,-219.93583368,-0.0109883432836,-4.66685682312,434.725903917,4.64558550871,-214.717785708,-224.613678847,439.371489426,0.495861754269,100.495861053
486,19.44,-219.930535459,-0.0109102891778,-4.65184610038,434.721002007,4.63047900987,-214.717785708,-224.593291849,439.351481017,0.494143546234,100.494142839
487,19.48,-219.92512346,-0.010833882669,-4.6368840305,434.715990863,4.61542278466,-214.717785708,-224.572841373,439.331413647,0.492432563339,100.492431851
488,19.52,-219.919597978,-0.010759046107,-4.62197078514,434.710870706,4.60041662869,-214.717785708,-224.552327809,439.311287334,0.490728822777,100.490728105
489,19.56,-219.913959325,-0.0106856353242,-4.60710733626,434.705641772,4.58546125746,-214.717785708,-224.531752296,439.29110303,0.489032338109,100.489031615
490,19.6,-219.908207826,-0.0106135809166,-4.5922948735,434.700304311,4.57055796732,-214.717785708,-224.51111628,439.270862278,0.487343097775,100.48734237
491,19.64,-219.902343821,-0.010542877295,-4.57753386404,434.694858581,4.55570762379,-214.717785708,-224.490420562,439.250566205,0.485661057473,100.485660324
492,19.68,-219.896367659,-0.0104734282141,-4.56282358975,434.689304855,4.54090985297,-214.717785708,-224.469664677,439.230214708,0.483986153721,100.483985414
493,19.72,-219.890279701,-0.0104049091518,-4.54816268316,434.683643409,4.52616325588,-214.717785708,-224.448847293,439.209806665,0.482318332395,100.482317587
494,19.76,-219.884080312,-0.0103368229778,-4.53355032047,434.677874529,4.51146660267,-214.717785708,-224.427967455,439.189341132,0.48065757361,100.480656823
495,19.8,-219.877769866,-0.0102687507629,-4.51898707201,434.671998504,4.49682002908,-214.717785708,-224.407025689,439.168818533,0.479003893699,100.479003137
496,19.84,-219.871348742,-0.0102005952166,-4.50447460536,434.666015627,4.48222513658,-214.717785708,-224.386023942,439.148240764,0.477357320054,100.477356557
497,19.88,-219.864817322,-0.0101325939237,-4.49001439273,434.659926197,4.46768378763,-214.717785708,-224.364964309,439.127609985,0.47571785555,100.475717087
498,19.92,-219.858175996,-0.0100650724934,-4.4756064755,434.653730515,4.45319654922,-214.717785708,-224.343847544,439.106927065,0.474085459152,100.474084684
499,19.96,-219.851425155,-0.0099981390552,-4.46124936032,434.647428886,4.4387621256,-214.717785708,-224.322672655,439.086191012,0.472460058313,100.472459277
500,20,-219.844565197,-0.00993158101483,-4.44694119506,434.641021617,4.4243783386,-214.717785708,-224.301437973,439.065399956,0.47084158462,100.470840797
501,20.04,-219.837596524,-0.00986505394681,-4.43268128107,434.634509019,4.41004390234,-214.717785708,-224.280142859,439.044552922,0.469230006265,100.469229212
502,20.08,-219.830519542,-0.00979839841536,-4.4184706724,434.627891407,4.39575953048,-214.717785708,-224.258788613,439.023650938,0.467625333882,100.467624533
503,20.12,-219.823334663,-0.00973180673828,-4.40431136291,434.621169099,4.3815274361,-214.717785708,-224.237377833,439.002696535,0.466027596897,100.46602679
504,20.16,-219.816042304,-0.00966568858267,-4.39020472556,434.614342416,4.36734960379,-214.717785708,-224.215912718,438.98169202,0.464436808554,100.464435995
505,20.2,-219.808642886,-0.00960034427031,-4.37615045983,434.607411685,4.35322622036,-214.717785708,-224.194393691,438.960637905,0.462852943503,100.462852123
506,20.24,-219.801136839,-0.00953572415531,-4.36214685596,434.600377237,4.33915551392,-214.717785708,-224.172819419,438.939532751,0.461275940635,100.461275113
507,20.28,-219.793524596,-0.00947148119633,-4.34819211226,434.59323941,4.32513510975,-214.717785708,-224.151188189,438.918374519,0.459705726681,100.459704892
508,20.32,-219.785806595,-0.00940727193317,-4.33428564575,434.585998542,4.31116381832,-214.717785708,-224.129499513,438.89716236,0.45814224514,100.458141403
509,20.36,-219.777983281,-0.00934305116471,-4.32042842083,434.578654978,4.29724247628,-214.717785708,-224.107754753,438.875897454,0.456585474801,100.456584626
510,20.4,-219.770055099,-0.00927911902872,-4.30662214242,434.571209065,4.28337325061,-214.717785708,-224.08595636,438.854582316,0.455035428965,100.455034572
511,20.44,-219.762022502,-0.00921589352237,-4.29286801148,434.563661154,4.26955801072,-214.717785708,-224.064106407,438.833219164,0.453492135832,100.453491272
512,20.48,-219.753885947,-0.00915360500272,-4.27916597658,434.5560116,4.2557970282,-214.717785708,-224.042205528,438.811808628,0.45195560957,100.451954738
513,20.52,-219.745645899,-0.00909215751001,-4.2655149404,434.548260765,4.24208892452,-214.717785708,-224.020252997,438.79034969,0.450425827613,100.450424948
514,20.56,-219.737302834,-0.00903124868966,-4.25191364253,434.540409022,4.228431792,-214.717785708,-223.998247725,438.768840814,0.448902728552,100.448901841
515,20.6,-219.728857237,-0.00897062742994,-4.23836151365,434.53245675,4.21482456955,-214.717785708,-223.976189378,438.747281319,0.447386234286,100.447385339
516,20.64,-219.720309604,-0.00891027364272,-4.22485893597,434.524404339,4.20126767381,-214.717785708,-223.954078813,438.725672012,0.445876284473,100.445875381
517,20.68,-219.711660438,-0.00885036981458,-4.21140685156,434.516252186,4.18776254363,-214.717785708,-223.93191766,438.70401473,0.444372861633,100.44437195
518,20.72,-219.702910252,-0.0087911124112,-4.19800610539,434.508000697,4.17431057084,-214.717785708,-223.90970747,438.682311268,0.44287598988,100.44287507
519,20.76,-219.694059563,-0.00873253255506,-4.1846569932,434.499650278,4.16091223919,-214.717785708,-223.887449088,438.660562517,0.441385707354,100.441384779
520,20.8,-219.685108889,-0.00867446671206,-4.17135923113,434.491201341,4.14756699606,-214.717785708,-223.865142587,438.638768338,0.439902029838,100.439901093
521,20.84,-219.676058756,-0.00861667960558,-4.15811223757,434.482654302,4.13427377585,-214.717785708,-223.842787673,438.616928078,0.438424928247,100.438423982
522,20.88,-219.66690969,-0.0085590228776,-4.14491546645,434.474009577,4.12103168645,-214.717785708,-223.82038418,438.595041263,0.436954332842,100.436953378
523,20.92,-219.657662225,-0.00850150799778,-4.13176860503,434.465267589,4.1078404071,-214.717785708,-223.797932338,438.573107996,0.435490160032,100.435489196
524,20.96,-219.648316898,-0.00844426199945,-4.11867160989,434.456428767,4.09470017351,-214.717785708,-223.77543277,438.55112894,0.434032345214,100.434031372
525,21,-219.638874253,-0.0083874249036,-4.10562464683,434.447493542,4.08161151007,-214.717785708,-223.752886325,438.529105052,0.432580863709,100.432579881
526,21.04,-219.629334841,-0.00833106571868,-4.09262798839,434.438462353,4.06857492314,-214.717785708,-223.730293895,438.507037276,0.431135729977,100.431134738
527,21.08,-219.619699215,-0.00827515083882,-4.07968188567,434.429335641,4.05559066986,-214.717785708,-223.707656251,438.484926311,0.429696976867,100.429695975
528,21.12,-219.609967933,-0.00821955720349,-4.06678643976,434.420113854,4.0426586381,-214.717785708,-223.68497393,438.462772492,0.428264625883,100.428263614
529,21.16,-219.60014156,-0.00816411670744,-4.05394153121,434.41079744,4.02977837225,-214.717785708,-223.662247208,438.440575812,0.42683866315,100.426837642
530,21.2,-219.590220663,-0.00810868509107,-4.0411468567,434.401386852,4.01694927037,-214.717785708,-223.639476205,438.418336123,0.425419032962,100.425418001
531,21.24,-219.580205813,-0.00805321620974,-4.02840205178,434.391882549,4.00417088414,-214.717785708,-223.616661081,438.396053433,0.424005652691,100.424004611
532,21.28,-219.570097587,-0.00799779895855,-4.01570681341,434.38228499,3.99144313679,-214.717785708,-223.593802199,438.373728127,0.422598442222,100.42259739
533,21.32,-219.559896563,-0.00794261670732,-4.00306095047,434.37259464,3.97876628491,-214.717785708,-223.57090013,438.351360925,0.421197353036,100.42119629
534,21.36,-219.549603325,-0.00788783636525,-3.9904643732,434.362811967,3.9661406356,-214.717785708,-223.547955535,438.328952603,0.419802381272,100.419801307
535,21.4,-219.53921846,-0.00783349685729,-3.97791709135,434.352937442,3.95356624705,-214.717785708,-223.524969048,438.306503689,0.418413557058,100.418412472
536,21.44,-219.528742559,-0.00777948860197,-3.96541925069,434.342971541,3.94104287221,-214.717785708,-223.501941298,438.284014413,0.417030915379,100.417029819
537,21.48,-219.518176217,-0.00772566227671,-3.95297114003,434.332914743,3.92857019212,-214.717785708,-223.478873019,438.261484935,0.415654464164,100.415653356
538,21.52,-219.507520035,-0.0076720064812,-3.94057306605,434.322767534,3.91614810843,-214.717785708,-223.455765107,438.238915642,0.414284166748,100.414283047
539,21.56,-219.496774617,-0.00761876882424,-3.92822509224,434.312530402,3.90377678982,-214.717785708,-223.432618478,438.216307191,0.412919947612,100.412918816
540,21.6,-219.485940577,-0.00756641991558,-3.91592680439,434.302203844,3.89145638947,-214.717785708,-223.409433801,438.193660234,0.411561717518,100.411560574
541,21.64,-219.475018534,-0.00751546084229,-3.90367733324,434.291788365,3.87918668075,-214.717785708,-223.386211328,438.170975046,0.410209404591,100.410208249
542,21.68,-219.464009119,-0.00746618187275,-3.89147572889,434.28128448,3.86696698302,-214.717785708,-223.36295103,438.148251463,0.408862976258,100.408861808
543,21.72,-219.452912973,-0.00741852172292,-3.87932151098,434.270692713,3.85479652745,-214.717785708,-223.339653006,438.125489241,0.407522442608,100.407521262
544,21.76,-219.441730749,-0.00737212085657,-3.8672150273,434.260013601,3.84267501813,-214.717785708,-223.316317897,438.102688619,0.406187840607,100.406186647
545,21.8,-219.430463111,-0.00732652959572,-3.85515732313,434.249247691,3.8306029281,-214.717785708,-223.292946964,438.079850619,0.404859206269,100.404858
546,21.84,-219.419110731,-0.00728141950701,-3.84314953522,434.238395538,3.81858123805,-214.717785708,-223.269541685,438.056976776,0.403536546694,100.403535327
547,21.88,-219.407674287,-0.00723666367667,-3.83119216054,434.227457706,3.80661075502,-214.717785708,-223.246103112,438.034068461,0.402219824502,100.402218591
548,21.92,-219.396154466,-0.00719227417579,-3.81928466009,434.216434762,3.79469148489,-214.717785708,-223.2226314,438.011126247,0.40090896271,100.400907716
549,21.96,-219.384551955,-0.00714828305818,-3.80742565001,434.205327282,3.78282249694,-214.717785708,-223.199125888,437.988149779,0.39960386892,100.399602608
550,22,-219.372867447,-0.00710465604626,-3.79561355972,434.194135841,3.77100235823,-214.717785708,-223.175585663,437.965138199,0.398304467445,100.398303193
551,22.04,-219.361101638,-0.00706127450111,-3.78384736849,434.182861021,3.75922983616,-214.717785708,-223.152010281,437.942090857,0.397010723035,100.397009434
552,22.08,-219.349255229,-0.00701797357236,-3.7721270264,434.171503406,3.74750444541,-214.717785708,-223.128400229,437.919007852,0.395722644205,100.39572134
553,22.12,-219.33732892,-0.00697460612637,-3.76045338275,434.160063585,3.73582658244,-214.717785708,-223.104756909,437.895890167,0.394440265417,100.394438947
554,22.16,-219.325323417,-0.00693110488734,-3.74882770151,434.148542148,3.72419725019,-214.717785708,-223.081082223,437.872739398,0.393163618251,100.393162284
555,22.2,-219.313239428,-0.00688751933177,-3.73725099784,434.136939691,3.71261753397,-214.717785708,-223.057377945,437.849557225,0.391892705521,100.391891356
556,22.24,-219.301077662,-0.00684400530958,-3.72572346645,434.12525681,3.70108802643,-214.717785708,-223.033645134,437.826344836,0.390627488652,100.390626124
557,22.28,-219.288838834,-0.0068007588313,-3.71424423653,434.113494107,3.68960840018,-214.717785708,-223.00988383,437.803102507,0.389367891904,100.389366511
558,22.32,-219.276523661,-0.0067579172161,-3.70281159836,434.101652186,3.67817733418,-214.717785708,-222.986093176,437.77982952,0.388113821233,100.388112424
559,22.36,-219.264132861,-0.00671548326316,-3.69142367089,434.089731655,3.66679292816,-214.717785708,-222.962272016,437.756524583,0.386865191389,100.386863778
560,22.4,-219.25166716,-0.00667332720419,-3.68007923926,434.077733124,3.65545351065,-214.717785708,-222.938419726,437.733186635,0.38562195125,100.385620521
561,22.44,-219.239127282,-0.00663127353159,-3.66877832905,434.065657209,3.64415845876,-214.717785708,-222.914536884,437.709815668,0.384384095912,100.384382648
562,22.48,-219.226513957,-0.00658921843386,-3.65752216225,434.053504528,3.63290853628,-214.717785708,-222.890625338,437.686413064,0.383151658249,100.383150194
563,22.52,-219.213827918,-0.00654719937005,-3.64631247538,434.041275704,3.62170548511,-214.717785708,-222.866687593,437.662981189,0.381924682574,100.3819232
564,22.56,-219.201069904,-0.00650537229556,-3.63515056684,434.028971366,3.61055105845,-214.717785708,-222.842725843,437.639522425,0.380703193195,100.380701693
565,22.6,-219.188240658,-0.00646391687264,-3.62403659998,434.016592148,3.59944604008,-214.717785708,-222.818741174,437.616038188,0.379487173523,100.379485655
566,22.64,-219.175340924,-0.0064229349364,-3.61296951099,434.004138689,3.5883897925,-214.717785708,-222.79473337,437.592528482,0.378276564607,100.378275028
567,22.68,-219.162371454,-0.00638240307977,-3.60194750246,433.99161163,3.57738053641,-214.717785708,-222.77070136,437.568992167,0.37707128117,100.377069726
568,22.72,-219.149332998,-0.0063421984474,-3.59096881272,433.979011616,3.56641615171,-214.717785708,-222.746644009,437.545427768,0.375871236169,100.375869661
569,22.76,-219.136226307,-0.00630217284882,-3.58003239332,433.966339295,3.55549507012,-214.717785708,-222.722560873,437.521834365,0.374676364344,100.37467477
570,22.8,-219.123052136,-0.0062622311568,-3.56913825051,433.953595315,3.54461686941,-214.717785708,-222.698452618,437.498212184,0.373486638009,100.373485024
571,22.84,-219.109811241,-0.00622237899666,-3.55828737078,433.94078033,3.53378236946,-214.717785708,-222.67432099,437.474562699,0.372302070461,100.372300437
572,22.88,-219.096504381,-0.00618272643431,-3.5474812756,433.927894996,3.52299323245,-214.717785708,-222.650168383,437.450888228,0.371122704288,100.37112105
573,22.92,-219.083132322,-0.00614345081736,-3.53672135324,433.914939976,3.51225122755,-214.717785708,-222.625997126,437.427191203,0.369948586434,100.369946911
574,22.96,-219.069695835,-0.00610472999981,-3.52600821545,433.90191594,3.5015574351,-214.717785708,-222.60180878,437.403473375,0.368779739078,100.368778043
575,23,-219.056195698,-0.00606666665333,-3.51534136504,433.888823567,3.49091171315,-214.717785708,-222.577603729,437.37973528,0.367616139855,100.367614422
576,23.04,-219.042632696,-0.00602923574181,-3.50471935403,433.875663542,3.48031267404,-214.717785708,-222.553381286,437.355976216,0.366457721601,100.366455982
577,23.08,-219.029007622,-0.005992284871,-3.49414037305,433.862436558,3.46975820651,-214.717785708,-222.52914028,437.332194764,0.365304391368,100.36530263
578,23.12,-219.015321273,-0.0059555933805,-3.48360298012,433.849143315,3.45924631905,-214.717785708,-222.504879847,437.308389634,0.36415605846,100.364154275
579,23.16,-219.00157445,-0.0059189652076,-3.47310661306,433.835784517,3.44877591908,-214.717785708,-222.480600028,437.284560436,0.363012658577,100.363010852
580,23.2,-218.987767954,-0.00588231117696,-3.46265167213,433.822360871,3.43834717675,-214.717785708,-222.456301938,437.260708047,0.361874165935,100.361872336
581,23.24,-218.973902591,-0.00584567871226,-3.45223919794,433.808873086,3.42796132989,-214.717785708,-222.431987468,437.236834415,0.360740591943,100.360738738
582,23.28,-218.959979166,-0.00580921410704,-3.44187034361,433.795321873,3.41762004671,-214.717785708,-222.407658724,437.21294192,0.359611972758,100.359610095
583,23.32,-218.945998483,-0.00577308074836,-3.43154587402,433.781707947,3.40732464527,-214.717785708,-222.383317438,437.189032593,0.358488348971,100.358486447
584,23.36,-218.93196135,-0.00573737924459,-3.4212658573,433.768032024,3.39707550324,-214.717785708,-222.358964586,437.165107527,0.357369742169,100.357367816
585,23.4,-218.917868575,-0.0057021077081,-3.41102962018,433.754294823,3.38687188327,-214.717785708,-222.334600303,437.141166706,0.35625613603,100.356254184
586,23.44,-218.90372097,-0.00566717288981,-3.4008359604,433.740497069,3.37671221174,-214.717785708,-222.310224104,437.11720928,0.355147470723,100.355145493
587,23.48,-218.889519353,-0.00563243729116,-3.39068353926,433.726639491,3.36659466367,-214.717785708,-222.285835329,437.093234154,0.354043655084,100.354041652
588,23.52,-218.875264542,-0.0055977765676,-3.38057131298,433.712722823,3.356517799,-214.717785708,-222.261433632,437.069240622,0.352944592325,100.352942563
589,23.56,-218.86095736,-0.00556312439742,-3.37049883581,433.698747803,3.34648100295,-214.717785708,-222.237019321,437.045228806,0.351850207739,100.351848151
590,23.6,-218.846598633,-0.00552849143023,-3.3604663155,433.684715174,3.33648458719,-214.717785708,-222.21259344,437.021199761,0.350760466334,100.350758383
591,23.64,-218.832189185,-0.00549395454743,-3.3504744147,433.67062568,3.32652955109,-214.717785708,-222.188157554,436.997155231,0.349675374496,100.349673263
592,23.68,-218.817729846,-0.00545962026358,-3.34052390794,433.656480069,3.31661712025,-214.717785708,-222.163713374,436.973097189,0.348594967675,100.348592828
593,23.72,-218.803221444,-0.00542557375546,-3.33061535159,433.642279091,3.30674823819,-214.717785708,-222.139262369,436.949027329,0.347519290438,100.347517122
594,23.76,-218.788664812,-0.00539183300236,-3.32074888592,433.628023501,3.29692318677,-214.717785708,-222.114805531,436.924946688,0.346448375343,100.346446178
595,23.8,-218.774060783,-0.00535832982628,-3.31092420484,433.613714055,3.28714146159,-214.717785708,-222.090343318,436.900855516,0.345382225521,100.345379999
596,23.84,-218.759410193,-0.00532493073708,-3.30114066101,433.599351513,3.27740194232,-214.717785708,-222.065875785,436.876753455,0.344320805378,100.344318549
597,23.88,-218.744713878,-0.00529149186444,-3.29139744869,433.584936636,3.26770328947,-214.717785708,-222.041402818,436.852639926,0.343264043426,100.343261756
598,23.92,-218.729972674,-0.00525792172321,-3.28169380854,433.57047019,3.25804440356,-214.717785708,-222.016924405,436.828514593,0.342211848392,100.342209531
599,23.96,-218.715187421,-0.00522421800941,-3.27202920199,433.555952941,3.24842475363,-214.717785708,-221.992440841,436.804377694,0.34116413397,100.341161785
600,24,-218.700358955,-0.00519046031167,-3.26240340597,433.541385659,3.23884444602,-214.717785708,-221.967952821,436.780230105,0.340120842337,100.340118461
601,24.04,-218.685488116,-0.00515676842551,-3.25281650137,433.526769116,3.22930403807,-214.717785708,-221.943461386,436.756073154,0.339081956355,100.339079543
602,24.08,-218.670575746,-0.00512325390956,-3.24326877362,433.512104087,3.21980422348,-214.717785708,-221.918967773,436.73190831,0.338047496172,100.33804505
603,24.12,-218.655622684,-0.00508999037282,-3.23376058098,433.49739135,3.21034554986,-214.717785708,-221.894473256,436.707736899,0.337017503656,100.337015024
604,24.16,-218.640629776,-0.00505701255408,-3.22429224401,433.482631684,3.20092826413,-214.717785708,-221.869979032,436.683559948,0.335992022181,100.335989509
605,24.2,-218.625597863,-0.00502433930523,-3.21486396754,433.467825873,3.19155227982,-214.717785708,-221.84548617,436.659378153,0.334971078093,100.33496853
606,24.24,-218.610527793,-0.00499200906515,-3.20547577334,433.452974703,3.18221720956,-214.717785708,-221.820995575,436.635191912,0.333954667109,100.333952085
607,24.28,-218.595420411,-0.00496011485163,-3.19612743553,433.438078963,3.1729224313,-214.717785708,-221.796507962,436.611001394,0.332942747797,100.33294013
608,24.32,-218.58027657,-0.00492882114909,-3.18681845426,433.423139449,3.16366720142,-214.717785708,-221.772023845,436.58680665,0.331935245101,100.331932591
609,24.36,-218.565097123,-0.00489834169556,-3.17754811917,433.408156961,3.15445082348,-214.717785708,-221.747543584,436.562607784,0.33093206573,100.330929375
610,24.4,-218.549882932,-0.0048688720774,-3.16831566749,433.393132308,3.1452728197,-214.717785708,-221.723067471,436.538405128,0.329933122042,100.329930395
611,24.44,-218.534634865,-0.00484050643611,-3.15912047056,433.378066308,3.1361330094,-214.717785708,-221.698595842,436.514199317,0.328938354972,100.32893559
612,24.48,-218.519353796,-0.0048131909099,-3.14996216252,433.362959784,3.12703144397,-214.717785708,-221.674129149,436.489991228,0.327947745615,100.327944942
613,24.52,-218.504040606,-0.00478674134374,-3.14084067269,433.347813569,3.11796825408,-214.717785708,-221.64966802,436.465781823,0.326961311201,100.326958469
614,24.56,-218.488696178,-0.00476090288041,-3.13175618995,433.332628499,3.10894353161,-214.717785708,-221.625213271,436.441572031,0.325979089733,100.325976209
615,24.6,-218.4733214,-0.00473541260085,-3.12270909795,433.317405418,3.09995731958,-214.717785708,-221.600765911,436.417362738,0.325001121487,100.3249982
616,24.64,-218.457917159,-0.00471004577687,-3.11369987554,433.30214517,3.09100966205,-214.717785708,-221.576327081,436.393154832,0.324027433066,100.324024471
617,24.68,-218.442484344,-0.00468464352436,-3.10472893049,433.286848602,3.08210060179,-214.717785708,-221.551897918,436.368949204,0.32305802528,100.323055023
618,24.72,-218.427023842,-0.00465912318622,-3.09579637881,433.271516565,3.07323007392,-214.717785708,-221.527479344,436.344746639,0.322092865485,100.322089821
619,24.76,-218.411536542,-0.0046334737476,-3.08690186676,433.256149909,3.0643977692,-214.717785708,-221.503071882,436.320547678,0.321131887447,100.321128801
620,24.8,-218.396023332,-0.00460774028771,-3.07804455745,433.240749489,3.05560309455,-214.717785708,-221.47867563,436.296352583,0.320175002307,100.320171873
621,24.84,-218.380485103,-0.00458200047605,-3.06922332194,433.225316158,3.0468452834,-214.717785708,-221.454290425,436.272161442,0.319222119399,100.319218946
622,24.88,-218.364922741,-0.00455633583342,-3.0604370516,433.209850775,3.03812358849,-214.717785708,-221.429916128,436.247974363,0.318273168952,100.318269952
623,24.92,-218.349337134,-0.00453080330946,-3.05168494703,433.194354196,3.02943744245,-214.717785708,-221.405552885,436.223791638,0.317328116743,100.317324855
624,24.96,-218.333729171,-0.00450541591711,-3.04296668567,433.178827282,3.02078653452,-214.717785708,-221.381201272,436.199613817,0.316386965676,100.316383658
625,25,-218.318099737,-0.00448014064475,-3.03428245641,433.163270894,3.01217083353,-214.717785708,-221.356862334,436.175441727,0.315449746581,100.315446393
626,25.04,-218.302449718,-0.00445491517306,-3.02563288637,433.147685893,3.00359059276,-214.717785708,-221.332537519,436.151276486,0.314516503786,100.314513103
627,25.08,-218.28678,-0.00442967643771,-3.01701886767,433.132073145,2.99504631291,-214.717785708,-221.308228544,436.127119457,0.313587279321,100.313583831
628,25.12,-218.271091468,-0.00440438879811,-3.00844128148,433.116433513,2.9865386047,-214.717785708,-221.283937138,436.102972118,0.312662097262,100.312658601
629,25.16,-218.255385007,-0.00437905987077,-2.99990066719,433.100767866,2.97806794764,-214.717785708,-221.259664734,436.078835813,0.311740950576,100.311737405
630,25.2,-218.239661503,-0.00435373888617,-2.99139695836,433.085077071,2.96963443874,-214.717785708,-221.235412201,436.054711509,0.310823795433,100.310820201
631,25.24,-218.223921842,-0.0043285011122,-2.98292941596,433.069361999,2.96123766122,-214.717785708,-221.211179759,436.03059966,0.309910557336,100.309906912
632,25.28,-218.208166909,-0.00430342623462,-2.97449680408,433.053623522,2.95287674181,-214.717785708,-221.186967139,436.006500264,0.309001148143,100.308997452
633,25.32,-218.192397587,-0.00427857783449,-2.96609773166,433.037862513,2.944550562,-214.717785708,-221.162773897,435.982413075,0.308095487076,100.308091739
634,25.36,-218.176614762,-0.0042539890366,-2.95773102002,433.022079846,2.93625803293,-214.717785708,-221.138599771,435.958337879,0.307193517407,100.307189717
635,25.4,-218.160819315,-0.00422965753481,-2.94939598082,433.006276397,2.92799835329,-214.717785708,-221.114444953,435.93427475,0.306295214428,100.306291361
636,25.44,-218.14501213,-0.00420554976095,-2.94109255174,432.990453044,2.91977119732,-214.717785708,-221.090310231,435.910224241,0.305400585124,100.305396678
637,25.48,-218.129194091,-0.00418161098215,-2.93282128077,432.974610668,2.91157679015,-214.717785708,-221.066196983,435.886187458,0.304509661668,100.3045057
638,25.52,-218.113366085,-0.00415777893437,-2.92458316258,432.958750153,2.90341583431,-214.717785708,-221.042107027,435.862165987,0.303622489832,100.303618473
639,25.56,-218.097528999,-0.00413400043929,-2.91637934732,432.942872386,2.89528928844,-214.717785708,-221.018042347,435.838161674,0.302739113179,100.30273504
640,25.6,-218.08168372,-0.00411024879417,-2.90821078306,432.926978256,2.88719806032,-214.717785708,-220.994004752,435.814176316,0.301859556099,100.301855426
641,25.64,-218.065831134,-0.00408653541788,-2.90007789322,432.911068654,2.87914271157,-214.717785708,-220.969995562,435.790211365,0.300983811196,100.300979623
642,25.68,-218.049972124,-0.00406290764567,-2.89198039478,432.895144469,2.87112325481,-214.717785708,-220.946015427,435.766267724,0.300111835992,100.300107589
643,25.72,-218.034107574,-0.00403942977094,-2.88391731933,432.879206592,2.8631390823,-214.717785708,-220.922064323,435.742345674,0.299243559971,100.299239254
644,25.76,-218.018238361,-0.0040161548467,-2.87588723274,432.863255913,2.85518904114,-214.717785708,-220.898141749,435.718444954,0.298378898776,100.298374532
645,25.8,-218.002365364,-0.00399310325031,-2.86788858965,432.847293322,2.84727166322,-214.717785708,-220.874247057,435.694564985,0.297517770711,100.297513343
646,25.84,-217.986489457,-0.00397026205509,-2.85992012014,432.831319708,2.8393855256,-214.717785708,-220.850379839,435.670705234,0.296660111646,100.296655622
647,25.88,-217.970611515,-0.00394760546332,-2.85198113517,432.815335963,2.83152964328,-214.717785708,-220.826540256,435.646865606,0.295805885721,100.295801333
648,25.92,-217.954732412,-0.00392512072133,-2.84407166168,432.799342977,2.82370373936,-214.717785708,-220.802729195,435.623046717,0.294955089788,100.294950474
649,25.96,-217.938853022,-0.00390281940192,-2.83619237574,432.783341644,2.81590827037,-214.717785708,-220.778948217,435.599249915,0.294107749966,100.294103069
650,26,-217.92297422,-0.00388072635459,-2.828344371,432.767332862,2.80814420988,-214.717785708,-220.755199317,435.575477072,0.293263910462,100.293259165
651,26.04,-217.907096884,-0.00385885886728,-2.82052884086,432.75131753,2.80041271275,-214.717785708,-220.731484583,435.551730242,0.292423617535,100.292418805
652,26.08,-217.891221893,-0.00383721763793,-2.8127467544,432.735296553,2.79271479974,-214.717785708,-220.707805865,435.528011353,0.291586903332,100.291582024
653,26.12,-217.875350131,-0.00381579754915,-2.80499858677,432.719270842,2.78505112186,-214.717785708,-220.684164515,435.504321964,0.290753774091,100.290748827
654,26.16,-217.859482479,-0.00379460214415,-2.79728415492,432.703241307,2.77742178901,-214.717785708,-220.660561236,435.480663096,0.289924205242,100.289919189
655,26.2,-217.843619821,-0.00377364009073,-2.78960260935,432.687208863,2.76982626141,-214.717785708,-220.63699607,435.457035124,0.289098143823,100.289093058
656,26.24,-217.827763038,-0.00375290393711,-2.7819526097,432.671174424,2.76226337018,-214.717785708,-220.613468552,435.433437794,0.288275517084,100.28827036
657,26.28,-217.811913012,-0.0037323538944,-2.7743326488,432.655138904,2.75473154373,-214.717785708,-220.589978014,435.409870448,0.287456245248,100.287451016
658,26.32,-217.79607062,-0.00371192544966,-2.76674142022,432.639103218,2.74722921623,-214.717785708,-220.566523966,435.386332435,0.286640255689,100.286634954
659,26.36,-217.780236738,-0.00369155576994,-2.75917810268,432.623068279,2.73975525917,-214.717785708,-220.543106396,435.362823538,0.285827495418,100.28582212
660,26.4,-217.764412237,-0.00367120699548,-2.75164248618,432.607034997,2.73230924195,-214.717785708,-220.519725931,435.339344239,0.285017939157,100.285012489
661,26.44,-217.748597987,-0.00365087080741,-2.74413494358,432.591004284,2.72489143556,-214.717785708,-220.496383802,435.315895719,0.284211591216,100.284206066
662,26.48,-217.732794854,-0.00363055894532,-2.73665629664,432.574977048,2.71750262927,-214.717785708,-220.473081709,435.292479677,0.283408480782,100.283402878
663,26.52,-217.717003699,-0.00361029599461,-2.72920761417,432.558954198,2.71014389311,-214.717785708,-220.449821609,435.269098092,0.282608651578,100.282602972
664,26.56,-217.701225385,-0.00359012184068,-2.72178995614,432.542936644,2.70281635436,-214.717785708,-220.426605463,435.245752999,0.281812148179,100.281806389
665,26.6,-217.685460771,-0.00357009346403,-2.71440409015,432.526925295,2.69552096455,-214.717785708,-220.403434954,435.222446259,0.281019002141,100.281013164
666,26.64,-217.669710716,-0.00355027133952,-2.70705025161,432.510921061,2.68825823281,-214.717785708,-220.380311239,435.199179294,0.280229221308,100.280223302
667,26.68,-217.653976082,-0.00353069160758,-2.69972804183,432.494924855,2.68102799608,-214.717785708,-220.357234815,435.175952851,0.279442784687,100.279436784
668,26.72,-217.638257726,-0.00351134425988,-2.69243651481,432.478937591,2.67382936747,-214.717785708,-220.334205585,435.152766959,0.278659643811,100.27865356
669,26.76,-217.622556508,-0.00349217716017,-2.68517441511,432.462960183,2.66666094425,-214.717785708,-220.3112231,435.129621127,0.277879729952,100.277873562
670,26.8,-217.606873282,-0.00347312434695,-2.67794046544,432.446993544,2.65952119901,-214.717785708,-220.288286872,435.106514743,0.277102965593,100.277096713
671,26.84,-217.591208903,-0.00345413607264,-2.67073360969,432.431038586,2.65240886237,-214.717785708,-220.265396648,435.083447448,0.276329277858,100.276322939
672,26.88,-217.575564219,-0.00343518807996,-2.66355317402,432.415096221,2.64532314231,-214.717785708,-220.242552581,435.060419363,0.275558611049,100.275552185
673,26.92,-217.559940077,-0.003416268818,-2.65639895384,432.399167358,2.63826376956,-214.717785708,-220.2197553,435.037431128,0.274790935348,100.274784421
674,26.96,-217.544337324,-0.00339736478663,-2.64927123118,432.383252909,2.63123096343,-214.717785708,-220.19700592,435.014483872,0.274026249456,100.274019645
675,27,-217.528756801,-0.0033784635737,-2.64217070091,432.367353781,2.62422538343,-214.717785708,-220.174305965,434.991579164,0.273264576676,100.273257882
676,27.04,-217.51319935,-0.00335957134035,-2.63509828771,432.351470884,2.61724802854,-214.717785708,-220.151657209,434.968718912,0.272505955835,100.272499169
677,27.08,-217.49766581,-0.0033407215557,-2.62805488578,432.335605125,2.6103000089,-214.717785708,-220.129061417,434.945905134,0.27175042956,100.27174355
678,27.12,-217.482157017,-0.00332195867503,-2.62104110923,432.319757411,2.60338220767,-214.717785708,-220.106520085,434.923139619,0.270998032505,100.270991058
679,27.16,-217.466673805,-0.00330330763326,-2.6140571433,432.303928647,2.59649497852,-214.717785708,-220.084034256,434.900423626,0.270248781528,100.270241712
680,27.2,-217.451217005,-0.00328475647239,-2.60710272812,432.288119737,2.58963804135,-214.717785708,-220.061604489,434.877757779,0.269502669276,100.269495503
681,27.24,-217.435787443,-0.00326626647967,-2.60017723607,432.272331583,2.58281060976,-214.717785708,-220.039230946,434.855142193,0.268759662317,100.268752398
682,27.28,-217.420385944,-0.00324779686056,-2.59327978334,432.256565086,2.57601162897,-214.717785708,-220.016913525,434.832576715,0.268019704492,100.268012342
683,27.32,-217.405013329,-0.00322931931768,-2.58640935087,432.240821144,2.569239973,-214.717785708,-219.994651999,434.810061117,0.267282725126,100.267275262
684,27.36,-217.389670415,-0.00321081263242,-2.57956492997,432.225100654,2.56249455952,-214.717785708,-219.972446157,434.787595214,0.266548650391,100.266541085
685,27.4,-217.374358014,-0.00319225063811,-2.57274569929,432.209404513,2.55577445901,-214.717785708,-219.950295964,434.765178972,0.265817415153,100.265809747
686,27.44,-217.359076939,-0.00317360392912,-2.56595119166,432.193733613,2.54907906576,-214.717785708,-219.928201734,434.742812679,0.265088972605,100.265081201
687,27.48,-217.343827995,-0.00315485908435,-2.55918137743,432.178088847,2.54240827796,-214.717785708,-219.906164231,434.720497125,0.264363299957,100.264355423
688,27.52,-217.328611988,-0.00313603757807,-2.55243662113,432.162471103,2.53576254711,-214.717785708,-219.884184647,434.69823365,0.26364039958,100.263632415
689,27.56,-217.313429718,-0.00311719468949,-2.54571753933,432.14688127,2.52914271596,-214.717785708,-219.862264452,434.676023986,0.26292029578,100.262912203
690,27.6,-217.298281983,-0.00309839937087,-2.53902483269,432.131320232,2.52254971968,-214.717785708,-219.840405215,434.653869952,0.262203027659,100.262194826
691,27.64,-217.283169577,-0.00307971699704,-2.53235914748,432.115788874,2.51598431977,-214.717785708,-219.818608441,434.631773194,0.261488638819,100.261480326
692,27.68,-217.268093289,-0.00306121501351,-2.5257209688,432.100288076,2.50944698086,-214.717785708,-219.796875473,434.609735057,0.260777165545,100.260768741
693,27.72,-217.253053907,-0.00304298762821,-2.51911052355,432.084818717,2.50293785863,-214.717785708,-219.775207419,434.587756576,0.260068626172,100.260060088
694,27.76,-217.238052216,-0.00302517358095,-2.51252769916,432.069381677,2.4964567952,-214.717785708,-219.753605088,434.565838472,0.259363014627,100.259354361
695,27.8,-217.223088996,-0.00300794151401,-2.50597202291,432.053977831,2.49000328208,-214.717785708,-219.732068961,434.543981114,0.258660299772,100.25865153
696,27.84,-217.20816503,-0.00299144016589,-2.49944274059,432.038608059,2.4835764624,-214.717785708,-219.710599211,434.522184522,0.257960429994,100.257951542
697,27.88,-217.1932811,-0.00297573843357,-2.49293897707,432.02327324,2.47717526489,-214.717785708,-219.689195815,434.500448505,0.257263340919,100.257254334
698,27.92,-217.178437987,-0.00296079398344,-2.48645990984,432.007974254,2.47079865988,-214.717785708,-219.667858691,434.478772914,0.256568964307,100.256559836
699,27.96,-217.163636477,-0.0029464739778,-2.48000489029,431.992711984,2.46444590882,-214.717785708,-219.646587841,434.457157893,0.255877237281,100.255867987
700,28,-217.148877353,-0.00293261128763,-2.47357349848,431.977487315,2.45811667193,-214.717785708,-219.625383463,434.435603987,0.255188111255,100.255178737
701,28.04,-217.134161398,-0.00291905289026,-2.46716556013,431.962301129,2.45181095269,-214.717785708,-219.604246011,434.414112082,0.254501559032,100.25449206
702,28.08,-217.119489394,-0.00290567685836,-2.46078115093,431.94715431,2.44552897844,-214.717785708,-219.583176222,434.392683288,0.253817577675,100.253807951
703,28.12,-217.104862116,-0.00289239165967,-2.45442057943,431.932047737,2.43927112489,-214.717785708,-219.562175087,434.371318862,0.253136185749,100.253126431
704,28.16,-217.090280338,-0.0028791375441,-2.44808432374,431.916982288,2.43303789581,-214.717785708,-219.541243799,434.350020183,0.252457416068,100.252447531
705,28.2,-217.075744829,-0.00286588832406,-2.44177291909,431.901958836,2.42682987874,-214.717785708,-219.520383636,434.328788715,0.251781306869,100.251771291
706,28.24,-217.061256352,-0.00285264085723,-2.43548682836,431.886978253,2.42064761173,-214.717785708,-219.499595821,434.307625865,0.251107893735,100.251097744
707,28.28,-217.046815668,-0.00283939223773,-2.42922633926,431.872041406,2.41449139751,-214.717785708,-219.478881399,434.286532803,0.2504372025,100.250426918
708,28.32,-217.032423531,-0.00282612164114,-2.42299151083,431.857149159,2.4083611796,-214.717785708,-219.458241164,434.265510338,0.249769242524,100.249758822
709,28.36,-217.018080693,-0.0028127930186,-2.41678216431,431.842302371,2.40225656408,-214.717785708,-219.437675651,434.244558935,0.249104001262,100.249093443
710,28.4,-217.003787901,-0.00279937571184,-2.41059790273,431.827501901,2.39617695786,-214.717785708,-219.417185179,434.223678859,0.248441442774,100.248430745
711,28.44,-216.989545896,-0.00278586293923,-2.40443814977,431.8127486,2.39012170989,-214.717785708,-219.396769909,434.20287031,0.247781512162,100.247770673
712,28.48,-216.975355418,-0.00277227137291,-2.39830220755,431.798043318,2.38409016795,-214.717785708,-219.376429897,434.182133486,0.247124144634,100.247113162
713,28.52,-216.961217201,-0.00275862488744,-2.39218933433,431.783386902,2.37808167032,-214.717785708,-219.35616516,434.161468572,0.246469275423,100.246458148
714,28.56,-216.947131972,-0.00274494086047,-2.38609883849,431.768780192,2.37209556751,-214.717785708,-219.335975752,434.140875759,0.245816847523,100.245805573
715,28.6,-216.933100457,-0.00273123241228,-2.38003017793,431.754224027,2.3661313332,-214.717785708,-219.315861868,434.12035536,0.24516681718,100.245155395
716,28.64,-216.919123375,-0.00271752088197,-2.37398304274,431.73971924,2.36018871235,-214.717785708,-219.295823939,434.099907953,0.244519158575,100.244507586
717,28.68,-216.905201439,-0.0027038407293,-2.36795739264,431.725266663,2.35426778596,-214.717785708,-219.275862673,434.079534449,0.243873867411,100.243862143
718,28.72,-216.89133536,-0.00269022741504,-2.36195343132,431.710867121,2.34836888588,-214.717785708,-219.255979018,434.059236007,0.24323096082,100.243219083
719,28.76,-216.877525842,-0.00267669861053,-2.35597153076,431.696521436,2.34249242229,-214.717785708,-219.236174071,434.039013858,0.242590471547,100.242578438
720,28.8,-216.863773586,-0.00266324775598,-2.35001214408,431.682230427,2.33663875824,-214.717785708,-219.216448978,434.018869185,0.241952437989,100.241940247
721,28.84,-216.850079288,-0.00264985638439,-2.34407573746,431.667994906,2.33080820182,-214.717785708,-219.196804882,433.998803108,0.241316894503,100.241304545
722,28.88,-216.836443641,-0.00263651213057,-2.33816273393,431.653815685,2.32500105072,-214.717785708,-219.177242887,433.978816736,0.240683865149,100.240671354
723,28.92,-216.822867332,-0.00262321448977,-2.3322734376,431.63969357,2.3192175642,-214.717785708,-219.157763984,433.958911134,0.240053360249,100.240040686
724,28.96,-216.809351045,-0.00260996472067,-2.32640793224,431.625629361,2.31345782335,-214.717785708,-219.138368942,433.939087185,0.239425373308,100.239412534
725,29,-216.795895462,-0.002596753774,-2.32056600185,431.611623859,2.30772158545,-214.717785708,-219.119058217,433.919345445,0.238799878024,100.238786872
726,29.04,-216.782501256,-0.00258356409654,-2.31474713798,431.597677858,2.30200827921,-214.717785708,-219.099831958,433.899686137,0.238176828413,100.238163654
727,29.08,-216.769169098,-0.00257038606983,-2.30895064614,431.583792147,2.29631717025,-214.717785708,-219.08069013,433.880109317,0.237556164794,100.237542819
728,29.12,-216.755899653,-0.00255723401203,-2.30317578799,431.56996751,2.29064756808,-214.717785708,-219.061632675,433.860615079,0.236937824187,100.236924306
729,29.16,-216.742693578,-0.00254414601333,-2.29742187806,431.556204728,2.28499891789,-214.717785708,-219.042659602,433.841203645,0.236321750185,100.236308057
730,29.2,-216.729551527,-0.00253116635364,-2.29168831745,431.542504573,2.27937075584,-214.717785708,-219.02377101,433.821875329,0.235707898502,100.235694029
731,29.24,-216.716474149,-0.00251832455061,-2.28597462085,431.528867818,2.27376265609,-214.717785708,-219.004967094,433.802630474,0.235096238944,100.23508219
732,29.28,-216.703462092,-0.00250562681035,-2.28028048971,431.515295229,2.26817429464,-214.717785708,-218.986248208,433.783469524,0.234486757039,100.234472527
733,29.32,-216.690515998,-0.00249306301973,-2.27460590479,431.501787572,2.26260560055,-214.717785708,-218.967614965,433.764393172,0.233879456328,100.233865043
734,29.36,-216.677636508,-0.00248061849717,-2.26895114943,431.488345608,2.25705683569,-214.717785708,-218.949068276,433.745402444,0.233274358405,100.23325976
735,29.4,-216.664824259,-0.0024682779366,-2.26331671417,431.474970095,2.25152849213,-214.717785708,-218.930609252,433.726498588,0.232671497509,100.232656712
736,29.44,-216.652079884,-0.00245602029369,-2.25770313737,431.461661788,2.24602107607,-214.717785708,-218.912239042,433.707682864,0.232070910699,100.232055936
737,29.48,-216.639404009,-0.00244381520444,-2.252110891,431.448421433,2.24053495814,-214.717785708,-218.893958715,433.688956391,0.231472628582,100.231457462
738,29.52,-216.626797256,-0.00243163015224,-2.24654035922,431.435249773,2.2350703872,-214.717785708,-218.875769245,433.67032016,0.230876670562,100.23086131
739,29.56,-216.614260239,-0.00241944429976,-2.24099184765,431.422147545,2.22962757857,-214.717785708,-218.857671531,433.651775124,0.230283043769,100.230267487
740,29.6,-216.601793568,-0.00240725571183,-2.23546553091,431.40911548,2.22420670976,-214.717785708,-218.839666354,433.633322189,0.229691741857,100.229675986
741,29.64,-216.589397845,-0.00239507488772,-2.229961333,431.396154302,2.21880777513,-214.717785708,-218.821754253,433.614962077,0.229102742078,100.229086786
742,29.68,-216.577073668,-0.00238291197182,-2.22447884108,431.38326473,2.21343043244,-214.717785708,-218.803935421,433.596695162,0.228516003641,100.228499844
743,29.72,-216.564821626,-0.0023707713359,-2.2190173525,431.370447477,2.20807401169,-214.717785708,-218.78620975,433.578521489,0.227931471496,100.227915107
744,29.76,-216.552642305,-0.0023586587831,-2.21357604215,431.35770325,2.20273770486,-214.717785708,-218.768577005,433.560440954,0.227349085694,100.227332513
745,29.8,-216.540536283,-0.00234659292216,-2.20815413466,431.345032748,2.19742078247,-214.717785708,-218.75103701,433.54245353,0.22676879169,100.226752009
746,29.84,-216.528504134,-0.00233460789061,-2.20275098496,431.332436666,2.19212267819,-214.717785708,-218.733589726,433.524559344,0.226190546651,100.226173552
747,29.88,-216.516546426,-0.00232274398917,-2.19736608418,431.319915693,2.18684294408,-214.717785708,-218.716235254,433.506758637,0.22561432121,100.225597111
748,29.92,-216.504663724,-0.0023110353321,-2.19199908293,431.307470513,2.18158121893,-214.717785708,-218.698973842,433.489051732,0.225040099881,100.225022672
749,29.96,-216.492856587,-0.00229950492272,-2.18664987592,431.295101803,2.17633731307,-214.717785708,-218.681805968,433.471439116,0.224467882605,100.224450235
750,30,-216.48112557,-0.0022881666306,-2.18131868275,431.282810241,2.17111134632,-214.717785708,-218.664732419,433.453921587,0.223897685913,100.223879816
751,30.04,-216.469471227,-0.00227702489322,-2.17600602161,431.270596497,2.16590377838,-214.717785708,-218.647754274,433.436500275,0.223329540189,100.223311446
752,30.08,-216.457894108,-0.00226606803481,-2.17071255605,431.25846124,2.16071525765,-214.717785708,-218.630872732,433.419176498,0.222763482034,100.22274516
753,30.12,-216.446394759,-0.00225526264198,-2.16543890876,431.246405136,2.15554639061,-214.717785708,-218.614088931,433.401951527,0.222199544931,100.222180993
754,30.16,-216.434973725,-0.00224455886165,-2.1601855559,431.234428846,2.15039760344,-214.717785708,-218.59740384,433.384826449,0.221637752621,100.221618968
755,30.2,-216.423631545,-0.00223390700471,-2.15495282156,431.222533026,2.14526915801,-214.717785708,-218.580818273,433.367802184,0.221078116714,100.221059097
756,30.24,-216.412368751,-0.0022232752033,-2.14974089287,431.210718327,2.14016122064,-214.717785708,-218.564332919,433.350879548,0.220520636406,100.220501378
757,30.28,-216.401185871,-0.00221265580141,-2.1445497785,431.198985394,2.1350738464,-214.717785708,-218.547948305,433.33405924,0.219965297712,100.219945799
758,30.32,-216.390083428,-0.00220205670269,-2.13937922662,431.187334863,2.13000686427,-214.717785708,-218.531664711,433.317341727,0.219412072217,100.21939233
759,30.36,-216.379061937,-0.00219148665703,-2.13422869169,431.175767365,2.12495978611,-214.717785708,-218.515482116,433.300727152,0.218860917713,100.21884093
760,30.4,-216.368121909,-0.00218094813695,-2.12909741048,431.164283525,2.11993185921,-214.717785708,-218.499400268,433.284215384,0.218311782539,100.218291546
761,30.44,-216.357263847,-0.00217044219526,-2.12398455242,431.152883957,2.11492224615,-214.717785708,-218.483418842,433.267806203,0.217764612725,100.217744124
762,30.48,-216.346488248,-0.00215997604039,-2.11888935262,431.141569272,2.10993019854,-214.717785708,-218.467537576,433.25149947,0.217219359177,100.217198616
763,30.52,-216.335795601,-0.00214956156854,-2.11381117423,431.13034007,2.10495511895,-214.717785708,-218.451756337,433.235295188,0.216675982717,100.216654983
764,30.56,-216.325186392,-0.00213920490621,-2.1087495278,431.119196946,2.0999965357,-214.717785708,-218.436075124,433.219193482,0.216134456694,100.216113197
765,30.6,-216.314661096,-0.00212889912761,-2.10370410701,431.108140489,2.09505410053,-214.717785708,-218.420494102,433.20319459,0.215594768031,100.215573245
766,30.64,-216.304220184,-0.00211863023176,-2.09867485341,431.097171278,2.0901276681,-214.717785708,-218.405013667,433.187298946,0.215056917344,100.215035128
767,30.68,-216.29386412,-0.00210839231793,-2.09366199935,431.086289887,2.08521739557,-214.717785708,-218.389634511,433.171507283,0.214520918009,100.21449886
768,30.72,-216.283593361,-0.0020981972554,-2.08866603215,431.075496882,2.08032374848,-214.717785708,-218.37435759,433.15582063,0.213986793828,100.213964464
769,30.76,-216.27340836,-0.00208806858798,-2.08368757954,431.064792821,2.07544737335,-214.717785708,-218.359184008,433.140240195,0.213454575123,100.213431971
770,30.8,-216.263309565,-0.00207802465375,-2.07872727306,431.054178261,2.07058891365,-214.717785708,-218.344114863,433.124767174,0.212924293448,100.212901411
771,30.84,-216.253297418,-0.00206806650646,-2.07378564694,431.043653749,2.06574888235,-214.717785708,-218.329151132,433.109402631,0.212395975516,100.212372812
772,30.88,-216.24337236,-0.00205818123585,-2.06886308281,431.033219829,2.06092762986,-214.717785708,-218.314293624,433.094147459,0.21186963752,100.21184619
773,30.92,-216.233534825,-0.00204835561452,-2.06395977338,431.02287704,2.05612535088,-214.717785708,-218.299542954,433.079002391,0.211345281484,100.211321547
774,30.96,-216.223785243,-0.00203858526227,-2.05907568641,431.012625914,2.05134205961,-214.717785708,-218.284899515,433.063967973,0.210822894718,100.21079887
775,31,-216.214124039,-0.00202887137301,-2.05421054331,431.002466976,2.0465775329,-214.717785708,-218.270363454,433.049044509,0.210302451898,100.210278134
776,31.04,-216.204551632,-0.00201921209164,-2.04936383953,430.992400745,2.04183128662,-214.717785708,-218.255934683,433.034232032,0.209783918056,100.209759303
777,31.08,-216.195068431,-0.00200960089517,-2.04453491044,430.98242773,2.03710263531,-214.717785708,-218.241612942,433.019530365,0.209267251038,100.209242336
778,31.12,-216.185674841,-0.0020000343362,-2.03972301539,430.972548432,2.03239081105,-214.717785708,-218.227397891,433.004939243,0.208752403743,100.208727186
779,31.16,-216.17637126,-0.00199051891182,-2.03492741099,430.962763346,2.02769506984,-214.717785708,-218.213289189,432.990458416,0.208239327699,100.208213803
780,31.2,-216.167158076,-0.00198106656035,-2.03014741079,430.953072959,2.02301474433,-214.717785708,-218.199286553,432.976087703,0.207727978697,100.207702144
781,31.24,-216.158035676,-0.00197168103562,-2.02538244921,430.94347775,2.01834926919,-214.717785708,-218.185389806,432.961827019,0.207218322977,100.207192175
782,31.28,-216.149004439,-0.00196234884733,-2.02063215587,430.933978193,2.01369823056,-214.717785708,-218.171598943,432.947676423,0.206710341147,100.206683877
783,31.32,-216.140064739,-0.00195304501461,-2.01589641569,430.924574754,2.00906144521,-214.717785708,-218.1579142,432.933636199,0.206204028222,100.206177244
784,31.36,-216.131216946,-0.0019437487508,-2.01117537841,430.915267893,2.00443901502,-214.717785708,-218.144336073,432.919706908,0.205699390796,100.205672283
785,31.4,-216.122461422,-0.0019344541434,-2.00646940614,430.906058062,1.99983130052,-214.717785708,-218.130865282,432.905889363,0.205196443896,100.205169009
786,31.44,-216.113798524,-0.00192516674966,-2.00177898697,430.896945705,1.99523881805,-214.717785708,-218.117502677,432.892184523,0.204695209018,100.204667444
787,31.48,-216.105228601,-0.00191589163546,-1.99710465651,430.887931258,1.99066212437,-214.717785708,-218.104249149,432.878593383,0.204195712564,100.204167614
788,31.52,-216.096751999,-0.00190662594285,-1.99244694467,430.879015151,1.98610174621,-214.717785708,-218.09110557,432.865116897,0.203697982799,100.203669546
789,31.56,-216.088369056,-0.00189736262667,-1.98780633015,430.870197805,1.98155815139,-214.717785708,-218.078072749,432.851755956,0.203202044717,100.203173267
790,31.6,-216.080080103,-0.00188809933285,-1.98318317743,430.861479633,1.97703171289,-214.717785708,-218.06515138,432.838511346,0.202707914339,100.202678792
791,31.64,-216.071885466,-0.00187884128136,-1.97857766031,430.852861042,1.97252263686,-214.717785708,-218.052341968,432.825383679,0.202215594875,100.202186124
792,31.68,-216.063785465,-0.00186959473524,-1.97398970879,430.844342431,1.96803088648,-214.717785708,-218.039644769,432.812373317,0.201725076099,100.201695253
793,31.72,-216.055780412,-0.00186035866966,-1.96941901604,430.835924189,1.96355616316,-214.717785708,-218.027059787,432.799480352,0.201236336329,100.201206158
794,31.76,-216.047870612,-0.00185112363994,-1.96486510456,430.827606699,1.95909797033,-214.717785708,-218.01458684,432.786704669,0.2007493454,100.200718807
795,31.8,-216.040056365,-0.00184187806999,-1.96032741061,430.819390335,1.95465571811,-214.717785708,-218.002225653,432.774046053,0.200264067386,100.200233166
796,31.84,-216.032337962,-0.00183261447504,-1.95580534169,430.811275465,1.95022880032,-214.717785708,-217.989975918,432.761504265,0.199780462885,100.199749194
797,31.88,-216.024715689,-0.00182332947214,-1.95129829791,430.803262447,1.94581661557,-214.717785708,-217.977837316,432.749079062,0.199298491334,100.199266852
798,31.92,-216.017189825,-0.00181401866517,-1.94680568872,430.795351631,1.9414185679,-214.717785708,-217.965809532,432.736770199,0.198818113857,100.198786099
799,31.96,-216.009760644,-0.00180467256069,-1.94232698269,430.787543359,1.93703410446,-214.717785708,-217.9538923,432.724577464,0.198339296798,100.198306903
800,32,-216.002428414,-0.00179527801121,-1.93786179295,430.779837967,1.93266280595,-214.717785708,-217.942085485,432.712500773,0.197862015495,100.197829239
801,32.04,-215.995193394,-0.0017858237501,-1.93340995837,430.77223578,1.92830448389,-214.717785708,-217.930389176,432.700540263,0.197386257295,100.197353094
802,32.08,-215.98805584,-0.00177630499261,-1.92897156984,430.764737115,1.92395921859,-214.717785708,-217.918803715,432.688696334,0.196912022491,100.196878469
803,32.12,-215.981015998,-0.00176672408011,-1.92454692389,430.757342284,1.91962731145,-214.717785708,-217.907329646,432.676969595,0.196439322532,100.196405374
804,32.16,-215.97407411,-0.00175708870955,-1.92013643391,430.750051586,1.91530918672,-214.717785708,-217.895967633,432.665360773,0.195968176236,100.195933828
805,32.2,-215.967230409,-0.00174741149546,-1.91574055068,430.742865317,1.91100530453,-214.717785708,-217.884718371,432.653870621,0.195498605897,100.195463855
806,32.24,-215.960485123,-0.0017377130597,-1.91135972344,430.735783759,1.90671612097,-214.717785708,-217.87358256,432.64249988,0.195030634821,100.194995476
807,32.28,-215.953838473,-0.00172802819128,-1.90699438944,430.72880719,1.9024420805,-214.717785708,-217.862560891,432.63124927,0.194564286127,100.194528716
808,32.32,-215.947290672,-0.00171841330481,-1.90264495428,430.721935878,1.89818359804,-214.717785708,-217.85165404,432.620119476,0.194099581131,100.194063596
809,32.36,-215.940841929,-0.00170895302947,-1.89831173688,430.715170083,1.89394100316,-214.717785708,-217.840862619,432.609111086,0.193636535954,100.19360013
810,32.4,-215.934492444,-0.00169976213013,-1.89399489181,430.708510059,1.88971445959,-214.717785708,-217.830187098,432.598224518,0.193175156977,100.193138327
811,32.44,-215.928242414,-0.00169097594321,-1.88969435041,430.70195605,1.8855039025,-214.717785708,-217.81962774,432.587459953,0.192715437519,100.192678179
812,32.48,-215.92209203,-0.00168272279624,-1.88540981843,430.695508297,1.88130903215,-214.717785708,-217.809184571,432.576817329,0.192257357801,100.192219666
813,32.52,-215.916041479,-0.00167508169299,-1.88114083415,430.689167032,1.87712937038,-214.717785708,-217.798857395,432.566296403,0.191800888173,100.191762759
814,32.56,-215.910090947,-0.00166804624221,-1.87688685565,430.682932486,1.87296435165,-214.717785708,-217.788645849,432.555896838,0.191345993628,100.191307423
815,32.6,-215.904240614,-0.00166152268368,-1.87264733545,430.676804882,1.86881340613,-214.717785708,-217.778549473,432.545618288,0.190892637495,100.19085362
816,32.64,-215.898490661,-0.00165536724918,-1.86842175868,430.670784437,1.86467600535,-214.717785708,-217.768567787,432.535460442,0.190440783614,100.190401316
817,32.68,-215.892841259,-0.00164943503045,-1.86420965097,430.664871363,1.86055167045,-214.717785708,-217.758700345,432.525423034,0.189990397725,100.189950474
818,32.72,-215.887292579,-0.00164360938292,-1.86001058249,430.659065865,1.85643996987,-214.717785708,-217.748946771,432.515505835,0.18954144908,100.189501065
819,32.76,-215.881844782,-0.00163780718704,-1.85582419291,430.653368138,1.85234053779,-214.717785708,-217.739306782,432.505708676,0.189093912623,100.189053064
820,32.8,-215.876498024,-0.00163197365398,-1.85165024178,430.647778371,1.84825312426,-214.717785708,-217.729780239,432.496031496,0.188647771349,100.188606454
821,32.84,-215.871252452,-0.00162607693579,-1.8474886622,430.642296744,1.84417765485,-214.717785708,-217.720367192,432.486474399,0.188203018197,100.188161227
822,32.88,-215.86610821,-0.0016201038545,-1.84333958267,430.636923427,1.8401142582,-214.717785708,-217.711067897,432.477037685,0.187759656732,100.187717386
823,32.92,-215.861065432,-0.00161405460857,-1.83920329338,430.631658583,1.83606323182,-214.717785708,-217.70188278,432.467721815,0.187317699938,100.187274946
824,32.96,-215.856124245,-0.001607935894,-1.8350801664,430.626502366,1.83202495575,-214.717785708,-217.692812348,432.458527322,0.186877166975,100.186833925
825,33,-215.851284772,-0.00160175489263,-1.83097056977,430.621454921,1.82799980056,-214.717785708,-217.683857097,432.449454721,0.186438078883,100.186394344
826,33.04,-215.846547127,-0.0015955169007,-1.8268748187,430.616516383,1.82398807781,-214.717785708,-217.675017463,432.440504461,0.186000455015,100.185956222
827,33.08,-215.841911417,-0.00158922668367,-1.82279317452,430.611686882,1.81999004373,-214.717785708,-217.666293818,432.431676926,0.185564311522,100.185519575
828,33.12,-215.837377743,-0.00158289080428,-1.81872586161,430.606966537,1.81600592085,-214.717785708,-217.657686496,432.422972458,0.185129661398,100.185084417
829,33.16,-215.8329462,-0.00157651788083,-1.81467305874,430.602355459,1.81203588973,-214.717785708,-217.649195776,432.414391348,0.184696514209,100.184650757
830,33.2,-215.828616874,-0.00157011622367,-1.81063484974,430.59785375,1.80808003578,-214.717785708,-217.64082184,432.405933786,0.184264874085,100.184218599
831,33.24,-215.824389848,-0.00156369091587,-1.8066111623,430.593461504,1.80413828414,-214.717785708,-217.632564702,432.397599788,0.183834736552,100.183787939
832,33.28,-215.820265198,-0.00155724285917,-1.80260174219,430.589178808,1.8002103733,-214.717785708,-217.624424183,432.389389181,0.183406086363,100.18335876
833,33.32,-215.816242992,-0.00155077055008,-1.79860618588,430.585005738,1.79629589086,-214.717785708,-217.616399948,432.381301628,0.182978898065,100.182931039
834,33.36,-215.812323294,-0.00154427319001,-1.79462401163,430.580942363,1.79239434881,-214.717785708,-217.608491579,432.373336711,0.182553139118,100.182504742
835,33.4,-215.808506159,-0.00153775293183,-1.79065472783,430.576988743,1.78850525398,-214.717785708,-217.60069864,432.365493997,0.182128773918,100.182079833
836,33.44,-215.804791638,-0.00153121483525,-1.7866978718,430.573144932,1.78462814586,-214.717785708,-217.593020725,432.357773077,0.18170576724,100.181656277
837,33.48,-215.801179773,-0.00152466491311,-1.78275302279,430.569410971,1.7807626068,-214.717785708,-217.58545746,432.350173578,0.18128408664,100.181234043
838,33.52,-215.797670599,-0.00151810822125,-1.77881980923,430.565786898,1.77690826661,-214.717785708,-217.578008516,432.342695165,0.180863704083,100.180813101
839,33.56,-215.794264145,-0.00151154857765,-1.77489792339,430.562272739,1.77306481662,-214.717785708,-217.570673617,432.335337556,0.180444596938,100.180393429
840,33.6,-215.790960435,-0.00150498956836,-1.77098714323,430.558868513,1.76923203253,-214.717785708,-217.563452568,432.328100545,0.180026748462,100.17997501
841,33.64,-215.787759484,-0.00149843540998,-1.76708735512,430.55557423,1.76540979883,-214.717785708,-217.556345274,432.320984029,0.179610148244,100.179557834
842,33.68,-215.784661302,-0.00149189098466,-1.76319857214,430.552389894,1.76159812794,-214.717785708,-217.549351765,432.313988022,0.1791947932,100.179141898
843,33.72,-215.781665894,-0.00148536144465,-1.75932094032,430.549315499,1.75779716578,-214.717785708,-217.542472196,432.307112665,0.178780688886,100.178727207
844,33.76,-215.778773257,-0.00147885192803,-1.75545472164,430.546351031,1.75400717307,-214.717785708,-217.535706831,432.300358204,0.178367849675,100.178313776
845,33.8,-215.775983384,-0.00147236756163,-1.75160024813,430.543496469,1.75022847825,-214.717785708,-217.529055999,432.293724947,0.177956296363,100.177901625
846,33.84,-215.773296258,-0.00146591368826,-1.74775786032,430.540751781,1.74646141597,-214.717785708,-217.522520032,432.287213197,0.177546051545,100.177490777
847,33.88,-215.770711857,-0.00145949592932,-1.7439278569,430.53811693,1.74270627799,-214.717785708,-217.51609921,432.280823208,0.177137134974,100.177081251
848,33.92,-215.768230156,-0.00145311933624,-1.74011047446,430.535591869,1.73896329408,-214.717785708,-217.50979375,432.274555163,0.176729561207,100.176673063
849,33.96,-215.765851121,-0.00144678644016,-1.7363058897,430.533176545,1.73523263482,-214.717785708,-217.503603797,432.26840918,0.176323339792,100.176266221
850,34,-215.763574715,-0.00144049539015,-1.73251421966,430.530870896,1.73151441174,-214.717785708,-217.49752943,432.262385308,0.175918476191,100.175860731
851,34.04,-215.761400895,-0.00143423976054,-1.72873550461,430.528674855,1.72780866019,-214.717785708,-217.491570639,432.256483515,0.175514971617,100.175456594
852,34.08,-215.759329612,-0.00142801028132,-1.72496968378,430.526588345,1.72411531542,-214.717785708,-217.485727306,432.25070366,0.175112821655,100.175053806
853,34.12,-215.757360812,-0.00142179740313,-1.72121658644,430.524611282,1.7204342042,-214.717785708,-217.479999196,432.245045487,0.174712014933,100.174652356
854,34.16,-215.755494431,-0.00141559372738,-1.71747594736,430.522743574,1.71676506073,-214.717785708,-217.474385972,432.239508635,0.17431253294,100.174252224
855,34.2,-215.753730399,-0.00140939613016,-1.71374743529,430.520985119,1.71310755494,-214.717785708,-217.46888723,432.234092674,0.173914350912,100.173853386
856,34.24,-215.75206864,-0.00140320745123,-1.71003067817,430.519335806,1.70946131693,-214.717785708,-217.463502526,432.228797123,0.17351743934,100.173455813
857,34.28,-215.750509069,-0.00139703699312,-1.70632528371,430.517795517,1.70582595646,-214.717785708,-217.45823139,432.223621473,0.173121766202,100.173059472
858,34.32,-215.749051597,-0.0013908989723,-1.7026308657,430.516364125,1.70220108837,-214.717785708,-217.453073362,432.218565213,0.172727300212,100.172664332
859,34.36,-215.747696127,-0.00138480895939,-1.69894707949,430.515041496,1.69858636791,-214.717785708,-217.448028015,432.213627864,0.172334014448,100.172270366
860,34.4,-215.746442557,-0.00137877945667,-1.69527365391,430.513827488,1.69498152308,-214.717785708,-217.44309499,432.208809011,0.17194188869,100.171877554
861,34.44,-215.745290783,-0.0013728163109,-1.69161040367,430.512721955,1.69138636739,-214.717785708,-217.438274003,432.204108322,0.171550909272,100.171485882
862,34.48,-215.744240695,-0.00136691757018,-1.68795722157,430.511724741,1.68780079192,-214.717785708,-217.433564834,432.199525533,0.171161067278,100.171095341
863,34.52,-215.743292178,-0.00136107531531,-1.68431406634,430.510835688,1.68422475275,-214.717785708,-217.42896732,432.19506044,0.170772357352,100.170705926
864,34.56,-215.742445114,-0.00135527898322,-1.68068096054,430.510054627,1.68065826901,-214.717785708,-217.424481354,432.190712896,0.170384778493,100.170317636
865,34.6,-215.741699378,-0.00134951786422,-1.67705799735,430.509381386,1.67710143053,-214.717785708,-217.420106893,432.186482817,0.169998335949,100.169930476
866,34.64,-215.741054838,-0.00134378219219,-1.67344534324,430.508815783,1.67355440202,-214.717785708,-217.415843964,432.182370185,0.169613041931,100.169544458
867,34.68,-215.740511358,-0.00133806408596,-1.66984322816,430.508357628,1.67001741377,-214.717785708,-217.41169265,432.178375042,0.16922891393,100.169159599
868,34.72,-215.740068794,-0.00133235895588,-1.66625192428,430.508006724,1.6664907395,-214.717785708,-217.407653077,432.174497463,0.168845971469,100.16877592
869,34.76,-215.739726995,-0.00132666630979,-1.66267171713,430.507762865,1.66297466572,-214.717785708,-217.403725379,432.17073753,0.168464232986,100.168393437
870,34.8,-215.739485806,-0.00132098868574,-1.65910286927,430.507625837,1.65946945414,-214.717785708,-217.399909664,432.167095291,0.168083713654,100.168012168
871,34.84,-215.739345063,-0.00131532881716,-1.65554557898,430.507595418,1.65597530061,-214.717785708,-217.396205971,432.163570719,0.167704423808,100.167632121
872,34.88,-215.739304599,-0.00130968673736,-1.65199994762,430.507671381,1.65249230362,-214.717785708,-217.392614233,432.160163685,0.167326367769,100.167253302
873,34.92,-215.739364238,-0.0013040587756,-1.6484659735,430.507853488,1.64902045918,-214.717785708,-217.38913427,432.156873948,0.166949543618,100.166875708
874,34.96,-215.7395238,-0.00129843876838,-1.64494357531,430.508141497,1.64555968493,-214.717785708,-217.385765814,432.153701182,0.166573944364,100.166499331
875,35,-215.739783096,-0.00129282004102,-1.64143262562,430.508535155,1.64210985369,-214.717785708,-217.382508542,432.150645009,0.16619955969,100.166124163
876,35.04,-215.740141934,-0.00128719683533,-1.63793296669,430.509034205,1.6386708089,-214.717785708,-217.379362098,432.147705014,0.16582637661,100.165750189
877,35.08,-215.740600113,-0.00128156530422,-1.63444439977,430.509638379,1.63524235266,-214.717785708,-217.376326078,432.144880732,0.165454378331,100.165377394
878,35.12,-215.741157426,-0.00127592463666,-1.63096666503,430.510347403,1.63182422399,-214.717785708,-217.373400015,432.142171627,0.165083542688,100.165005754
879,35.16,-215.741813661,-0.00127027786557,-1.62749943775,430.511160995,1.62841609398,-214.717785708,-217.370583377,432.139577089,0.164713842371,100.164635242
880,35.2,-215.742568602,-0.0012646315218,-1.62404235073,430.512078866,1.62501758965,-214.717785708,-217.367875585,432.137096456,0.164345247789,100.164265829
881,35.24,-215.743422025,-0.00125899464194,-1.62059503393,430.513100718,1.62162833671,-214.717785708,-217.365276054,432.134729055,0.163977731135,100.163897488
882,35.28,-215.744373701,-0.00125337894514,-1.61715715605,430.514226247,1.61824800345,-214.717785708,-217.362784236,432.132474251,0.163611269418,100.163530194
883,35.32,-215.745423395,-0.00124780107777,-1.61372845965,430.515455143,1.61487633472,-214.717785708,-217.360399655,432.130331478,0.163245845509,100.16316393
884,35.36,-215.746570866,-0.00124228508526,-1.61030878412,430.516787086,1.61151317089,-214.717785708,-217.358121935,432.128300257,0.162881447945,100.162798686
885,35.4,-215.747815869,-0.00123686131851,-1.60689806781,430.518221754,1.60815844685,-214.717785708,-217.355950798,432.126380201,0.162518070554,100.162434455
886,35.44,-215.749158153,-0.00123155920276,-1.60349632432,430.519758817,1.6048121689,-214.717785708,-217.353886037,432.124570986,0.162155712067,100.162071235
887,35.48,-215.750597465,-0.00122639594973,-1.6001036042,430.52139794,1.60147438075,-214.717785708,-217.351927466,432.122872321,0.161794375318,100.16170903
888,35.52,-215.752133548,-0.00122136813876,-1.59671997048,430.523138783,1.59814514301,-214.717785708,-217.350074887,432.121283926,0.161434066161,100.161347846
889,35.56,-215.75376614,-0.00121645269536,-1.59334550848,430.524981002,1.59482454368,-214.717785708,-217.348328101,432.119805546,0.161074792968,100.160987689
890,35.6,-215.755494976,-0.00121161672129,-1.58998036011,430.526924248,1.59151272993,-214.717785708,-217.346686953,432.118436978,0.160716567112,100.160628573
891,35.64,-215.757319787,-0.00120682868037,-1.58662474625,430.528968165,1.5882099278,-214.717785708,-217.345151362,432.117178093,0.160359403466,100.160270512
892,35.68,-215.759240298,-0.00120206437609,-1.5832789471,430.531112392,1.58491642172,-214.717785708,-217.34372131,432.116028813,0.16000331934,100.159913522
893,35.72,-215.76125623,-0.00119730755439,-1.57994324494,430.533356561,1.58163249756,-214.717785708,-217.342396783,432.114989059,0.159648331348,100.159557621
894,35.76,-215.763367297,-0.001192548438,-1.57661786213,430.535700299,1.57835838032,-214.717785708,-217.341177707,432.114058679,0.159294451623,100.159202821
895,35.8,-215.765573206,-0.00118778220546,-1.57330292512,430.538143224,1.57509419715,-214.717785708,-217.340063914,432.113237422,0.158941685488,100.158849127
896,35.84,-215.767873662,-0.00118300743887,-1.56999845985,430.540684951,1.57183997302,-214.717785708,-217.339055129,432.112524924,0.158590031536,100.158496537
897,35.88,-215.77026836,-0.00117822436299,-1.56670440533,430.543325083,1.56859564672,-214.717785708,-217.33815099,432.111920729,0.15823948323,100.158145045
898,35.92,-215.772756993,-0.00117343357892,-1.56342063406,430.54606322,1.56536109337,-214.717785708,-217.33735106,432.111424313,0.157890030488,100.157794641
899,35.96,-215.775339247,-0.00116863619991,-1.56014697691,430.548898954,1.56213614794,-214.717785708,-217.33665486,432.111035102,0.157541660488,100.157445312
900,36,-215.778014803,-0.00116383520724,-1.55688324816,430.551831871,1.55892062589,-214.717785708,-217.336061886,432.110752497,0.157194358026,100.157097043
901,36.04,-215.780783337,-0.00115903641525,-1.55362925712,430.554861549,1.55571433113,-214.717785708,-217.335571631,432.110575881,0.156848105868,100.156749816
902,36.08,-215.783644519,-0.00115424732445,-1.55038479456,430.557987562,1.55251704385,-214.717785708,-217.335183561,432.110504606,0.156502885062,100.156403613
903,36.12,-215.786598014,-0.00114947398278,-1.54714960346,430.561209476,1.54932849688,-214.717785708,-217.334897091,432.110537973,0.156158674928,100.156058413
904,36.16,-215.78964348,-0.00114471815041,-1.54392336409,430.564526852,1.54614836576,-214.717785708,-217.334711562,432.110675217,0.15581545306,100.155714193
905,36.2,-215.792780571,-0.00113997718338,-1.54070571841,430.567939244,1.54297629302,-214.717785708,-217.334626266,432.110915537,0.155473196171,100.155370929
906,36.24,-215.796008936,-0.00113524670462,-1.53749632767,430.571446202,1.5398119415,-214.717785708,-217.33464051,432.111258143,0.15513188227,100.155028601
907,36.28,-215.799328219,-0.00113052374767,-1.53429492933,430.575047269,1.53665504727,-214.717785708,-217.334753672,432.111702316,0.154791493459,100.15468719
908,36.32,-215.802738056,-0.00112580821826,-1.53110136146,430.578741982,1.53350544422,-214.717785708,-217.334965226,432.112247427,0.154452017938,100.154346683
909,36.36,-215.806238081,-0.00112110273621,-1.52791555086,430.582529872,1.53036305527,-214.717785708,-217.335274735,432.112892928,0.154113450228,100.154007077
910,36.4,-215.809827921,-0.00111641236928,-1.52473748615,430.586410464,1.52722786792,-214.717785708,-217.335681819,432.113638332,0.153775789875,100.153668369
911,36.44,-215.813507196,-0.001111744938,-1.52156719735,430.590383276,1.52409991349,-214.717785708,-217.336186138,432.114483189,0.153439039763,100.153330564
912,36.48,-215.817275524,-0.00110711092776,-1.51840474683,430.594447821,1.52097925671,-214.717785708,-217.336787382,432.115427077,0.153103205014,100.152993665
913,36.52,-215.821132518,-0.00110252169101,-1.51525022504,430.598603608,1.51786599167,-214.717785708,-217.337485265,432.116469599,0.152768292587,100.152657681
914,36.56,-215.825077786,-0.00109798586961,-1.51210374864,430.60285014,1.51476024126,-214.717785708,-217.33827952,432.117610381,0.152434311204,100.152322619
915,36.6,-215.829110933,-0.00109350577712,-1.50896546608,430.607186918,1.51166216238,-214.717785708,-217.339169905,432.118849081,0.152101271267,100.15198849
916,36.64,-215.83323156,-0.0010890762811,-1.50583557034,430.611613439,1.50857195505,-214.717785708,-217.340156206,432.120185394,0.151769184705,100.151655306
917,36.68,-215.837439265,-0.00108468719521,-1.50271430396,430.616129193,1.50548986338,-214.717785708,-217.341238256,432.121619057,0.151438064636,100.15132308
918,36.72,-215.841733643,-0.00108032726872,-1.49960193684,430.620733671,1.50241615276,-214.717785708,-217.342415907,432.123149823,0.151107924457,100.150991825
919,36.76,-215.846114285,-0.00107598681022,-1.49649871374,430.625426354,1.49935106218,-214.717785708,-217.343688986,432.124777416,0.150778775984,100.150661553
920,36.8,-215.850580777,-0.00107165815334,-1.49340479534,430.630206723,1.49629475152,-214.717785708,-217.345057231,432.126501475,0.150450626975,100.150332272
921,36.84,-215.855132702,-0.00106733550487,-1.49032022648,430.635074251,1.49324727178,-214.717785708,-217.346520264,432.128321522,0.150123479068,100.150003983
922,36.88,-215.859769636,-0.00106301537859,-1.4872449472,430.640028405,1.49020857222,-214.717785708,-217.348077598,432.130236977,0.149797327218,100.149676681
923,36.92,-215.86449115,-0.00105869721124,-1.48417883173,430.645068649,1.48717853286,-214.717785708,-217.349728679,432.132247182,0.149472160886,100.149350357
924,36.96,-215.869296811,-0.00105438333698,-1.48112172464,430.65019444,1.48415699756,-214.717785708,-217.351472919,432.134351437,0.149147966172,100.149024995
925,37,-215.874186179,-0.00105007832098,-1.47807345468,430.655405229,1.48114378998,-214.717785708,-217.353309712,432.136549019,0.148824727692,100.14870058
926,37.04,-215.879158809,-0.00104578821547,-1.47503383045,430.660700464,1.4781387137,-214.717785708,-217.355238428,432.138839178,0.148502429499,100.148377097
927,37.08,-215.884214253,-0.00104151986013,-1.47200263468,430.666079587,1.47514154895,-214.717785708,-217.357258408,432.141221136,0.148181055198,100.148054528
928,37.12,-215.889352057,-0.00103727971388,-1.46897962703,430.671542035,1.47215205454,-214.717785708,-217.359368964,432.143694089,0.14786058782,100.147732858
929,37.16,-215.894571763,-0.00103307189646,-1.46596455115,430.677087242,1.46916997349,-214.717785708,-217.361569386,432.146257215,0.14754100983,100.147412067
930,37.2,-215.899872911,-0.00102889618164,-1.46295713981,430.682714639,1.46619503837,-214.717785708,-217.363858947,432.148909678,0.147222303326,100.147092139
931,37.24,-215.905255035,-0.00102474753443,-1.45995712137,430.688423654,1.46322697914,-214.717785708,-217.366236904,432.151650633,0.146904450514,100.146773056
932,37.28,-215.910717668,-0.00102061811298,-1.45696423834,430.694213709,1.46026554144,-214.717785708,-217.368702525,432.154479251,0.14658743469,100.1464548
933,37.32,-215.916260341,-0.00101650073346,-1.45397828029,430.700084225,1.45731051647,-214.717785708,-217.371255122,432.157394741,0.146271241842,100.146137358
934,37.36,-215.921882576,-0.00101239158626,-1.45099911572,430.706034616,1.45436176978,-214.717785708,-217.373894084,432.160396386,0.14595586244,100.145820721
935,37.4,-215.927583896,-0.00100829070914,-1.44802670105,430.712064295,1.45141925114,-214.717785708,-217.376618888,432.163483546,0.14564129254,100.145504883
936,37.44,-215.933363815,-0.00100420038512,-1.44506106039,430.718172666,1.44848297981,-214.717785708,-217.379429076,432.166655646,0.145327533552,100.145189847
937,37.48,-215.939221846,-0.00100012271805,-1.44210225347,430.724359134,1.44555301806,-214.717785708,-217.382324222,432.169912152,0.14501459081,100.144875617
938,37.52,-215.945157496,-0.000996057774309,-1.43915035721,430.730623097,1.44262945331,-214.717785708,-217.385303911,432.173252551,0.144702471794,100.144562202
939,37.56,-215.951170267,-0.000992003196062,-1.43620547021,430.736963951,1.43971239674,-214.717785708,-217.388367741,432.176676347,0.144391184828,100.14424961
940,37.6,-215.957259662,-0.000987955352111,-1.43326772537,430.743381087,1.43680198855,-214.717785708,-217.391515343,432.180183075,0.144080738506,100.143937848
941,37.64,-215.963425176,-0.000983911118821,-1.43033729004,430.749873894,1.43389839526,-214.717785708,-217.394746378,432.183772289,0.143771141587,100.143626926
942,37.68,-215.969666304,-0.000979868943162,-1.42741434961,430.756441758,1.43100179661,-214.717785708,-217.398060523,432.187443554,0.143462403052,100.143316853
943,37.72,-215.975982534,-0.000975828550622,-1.42449908947,430.76308406,1.42811237316,-214.717785708,-217.401457452,432.191196433,0.143154532223,100.143007638
944,37.76,-215.982373353,-0.000971789843986,-1.42159168951,430.769800178,1.42523030338,-214.717785708,-217.404936832,432.195030481,0.142847538832,100.142699291
945,37.8,-215.988838241,-0.000967751986661,-1.4186923264,430.776589487,1.42235576456,-214.717785708,-217.40849832,432.198945251,0.142541432701,100.142391821
946,37.84,-215.995376678,-0.000963713221456,-1.41580116551,430.783451358,1.41948892264,-214.717785708,-217.412141556,432.202940281,0.142236222663,100.142085238
947,37.88,-216.001988136,-0.00095967124782,-1.41291833384,430.790385161,1.4166299055,-214.717785708,-217.415866141,432.207015066,0.141931914778,100.141779546
948,37.92,-216.008672088,-0.000955623608698,-1.41004388794,430.797390259,1.41377877251,-214.717785708,-217.419671599,432.211169031,0.141628510543,100.141474749
949,37.96,-216.015427998,-0.000951567874642,-1.40717780013,430.804466015,1.41093550014,-214.717785708,-217.423557366,432.215401515,0.141326005953,100.141170841
950,38,-216.022255329,-0.000947501930401,-1.40431997112,430.811611789,1.40809999063,-214.717785708,-217.427522802,432.219711779,0.141024391826,100.140867814
951,38.04,-216.029153539,-0.000943424386035,-1.40147025386,430.818826935,1.4052720923,-214.717785708,-217.431567217,432.224099027,0.14072365511,100.140565654
952,38.08,-216.036122084,-0.000939334414684,-1.39862846768,430.826110807,1.40245161584,-214.717785708,-217.435689886,432.228562423,0.140423780496,100.140264345
953,38.12,-216.043160415,-0.000935230692123,-1.39579439987,430.833462756,1.39963834326,-214.717785708,-217.439890046,432.233101099,0.140124751822,100.139963873
954,38.16,-216.050267981,-0.000931110404522,-1.39296780985,430.840882128,1.3968320384,-214.717785708,-217.444166901,432.237714166,0.139826553047,100.139664221
955,38.2,-216.057444228,-0.000926969492089,-1.39014844843,430.848368268,1.39403246493,-214.717785708,-217.448519646,432.242400733,0.139529168752,100.139365372
956,38.24,-216.064688598,-0.000922803945557,-1.3873360838,430.855920518,1.39123940417,-214.717785708,-217.452947486,432.247159922,0.139232584162,100.139067314
957,38.28,-216.072000532,-0.000918610849337,-1.38453051273,430.863538217,1.38845265894,-214.717785708,-217.457449656,432.251990876,0.138936784848,100.13877003
958,38.32,-216.079379465,-0.000914388241522,-1.38173154856,430.871220702,1.38567204164,-214.717785708,-217.462025402,432.256892743,0.138641756436,100.138473506
959,38.36,-216.086824831,-0.000910134139597,-1.378939003,430.878967306,1.38289736213,-214.717785708,-217.466673968,432.261864668,0.138347484803,100.138177729
960,38.4,-216.094336058,-0.000905845890764,-1.37615268794,430.886777363,1.38012843407,-214.717785708,-217.471394592,432.266905797,0.138053956953,100.137882686
961,38.44,-216.101912571,-0.000901520528184,-1.37337244418,430.8946502,1.3773651018,-214.717785708,-217.476186536,432.272015302,0.13776116241,100.137588365
962,38.48,-216.109553795,-0.00089715557666,-1.370598176,430.902585145,1.37460727029,-214.717785708,-217.481049126,432.277192415,0.137469094592,100.13729476
963,38.52,-216.117259147,-0.000892749269887,-1.3678298645,430.910581523,1.37185491805,-214.717785708,-217.48598176,432.282436441,0.137177751639,100.13700187
964,38.56,-216.125028044,-0.000888300028722,-1.3650675538,430.918638657,1.36910808909,-214.717785708,-217.490983898,432.287746746,0.136887136402,100.136709696
965,38.6,-216.1328599,-0.000883806227885,-1.36231133001,430.926755866,1.36636687706,-214.717785708,-217.496055036,432.293122743,0.136597255613,100.136418247
966,38.64,-216.140754125,-0.000879267371083,-1.35956131325,430.93493247,1.36363141505,-214.717785708,-217.501194705,432.298563885,0.136308118558,100.13612753
967,38.68,-216.148710126,-0.000874686649111,-1.35681766128,430.943167784,1.36090187016,-214.717785708,-217.506402474,432.304069654,0.136019735669,100.135837557
968,38.72,-216.156727308,-0.00087007385004,-1.35408056479,430.951461122,1.35817843235,-214.717785708,-217.511677946,432.309639554,0.135732117405,100.135548337
969,38.76,-216.164805071,-0.00086544798547,-1.35135022277,430.959811797,1.35546129272,-214.717785708,-217.517020742,432.315273089,0.135445273573,100.135259882
970,38.8,-216.172942815,-0.000860840241335,-1.34862681181,430.968219119,1.35275062202,-214.717785708,-217.522430468,432.320969741,0.135159213078,100.134972198
971,38.84,-216.181139935,-0.000856298111705,-1.34591047496,430.976682396,1.35004656526,-214.717785708,-217.527906708,432.326728962,0.134873944028,100.134685295
972,38.88,-216.189395823,-0.00085188947348,-1.34320133865,430.985200937,1.34734925543,-214.717785708,-217.533449051,432.332550192,0.13458947405,100.13439918
973,38.92,-216.19770987,-0.000847701823922,-1.34049953732,430.993774047,1.34465883071,-214.717785708,-217.539057109,432.338432878,0.134305810603,100.134113861
974,38.96,-216.206081463,-0.00084383022101,-1.33780521696,431.002401033,1.34197543511,-214.717785708,-217.54473051,432.344376468,0.134022960867,100.133829344
975,39,-216.214509989,-0.000840351657237,-1.33511851053,431.0110812,1.33929919801,-214.717785708,-217.550468851,432.350380398,0.133740930928,100.133545636
976,39.04,-216.222994836,-0.000837294870346,-1.33243950591,431.019813855,1.33663020644,-214.717785708,-217.556271636,432.356444061,0.133459724358,100.133262741
977,39.08,-216.231535389,-0.000834624946598,-1.32976823053,431.028598305,1.33396848797,-214.717785708,-217.562138244,432.362566793,0.133179340804,100.132980657
978,39.12,-216.240131036,-0.000832256447059,-1.32710465388,431.037433858,1.33131400724,-214.717785708,-217.568067946,432.368747865,0.132899775286,100.132699379
979,39.16,-216.248781163,-0.000830086304887,-1.32444868922,431.046319822,1.32866666632,-214.717785708,-217.574059939,432.374986489,0.132621018409,100.132418899
980,39.2,-216.257485155,-0.000828022834085,-1.32180018336,431.055255506,1.32602630229,-214.717785708,-217.580113361,432.381281808,0.132343057199,100.132139204
981,39.24,-216.266242395,-0.000825997416961,-1.31915890924,431.064240215,1.32339269031,-214.717785708,-217.586227302,432.387632905,0.132065876125,100.131860277
982,39.28,-216.275052264,-0.00082396359026,-1.31652458596,431.073273257,1.32076556555,-214.717785708,-217.592400814,432.394038823,0.131789458186,100.131582102
983,39.32,-216.283914139,-0.000821892626562,-1.31389692777,431.082353937,1.31814466215,-214.717785708,-217.598632959,432.400498599,0.131513786129,100.131304661
984,39.36,-216.292827396,-0.00081976924142,-1.3112756904,431.091481559,1.31552974721,-214.717785708,-217.604922855,432.407011307,0.13123884362,100.131027939
985,39.4,-216.301791407,-0.000817587387996,-1.30866067969,431.100655428,1.31292062666,-214.717785708,-217.611269674,432.413576054,0.130964615888,100.130751919
986,39.44,-216.310805543,-0.000815346139616,-1.30605172121,431.109874844,1.31031712315,-214.717785708,-217.61767261,432.420191968,0.130691089478,100.130476589
987,39.48,-216.319869171,-0.000813046643245,-1.30344862671,431.119139111,1.307719051,-214.717785708,-217.624130845,432.426858162,0.130418251457,100.130201936
988,39.52,-216.328981659,-0.000810690968353,-1.30085119205,431.128447529,1.30512621343,-214.717785708,-217.630643542,432.433573742,0.130146088947,100.129927947
989,39.56,-216.338142369,-0.000808282298147,-1.29825922464,431.137799397,1.30253842199,-214.717785708,-217.637209876,432.440337819,0.129874589553,100.129654609
990,39.6,-216.347350663,-0.000805824966273,-1.29567256802,431.147194017,1.29995551703,-214.717785708,-217.643829056,432.447149534,0.129603742439,100.129381912
991,39.64,-216.356605901,-0.000803323528354,-1.29309110157,431.156630686,1.29737737297,-214.717785708,-217.650500327,432.454008059,0.129333539343,100.129109847
992,39.68,-216.365907442,-0.000800781561902,-1.29051472898,431.166108703,1.29480389604,-214.717785708,-217.657222952,432.460912599,0.129063975136,100.128838409
993,39.72,-216.37525464,-0.000798201443843,-1.28794338549,431.175627367,1.29223503317,-214.717785708,-217.663996226,432.4678624,0.128795048143,100.128567597
994,39.76,-216.38464685,-0.000795585341856,-1.28537706906,431.185185975,1.28967079474,-214.717785708,-217.670819504,432.474856769,0.128526760503,100.128297412
995,39.8,-216.394083424,-0.00079293630188,-1.28281586478,431.194783825,1.28711126948,-214.717785708,-217.677692225,432.481895094,0.128259118277,100.12802786
996,39.84,-216.403563714,-0.000790258250794,-1.28025993013,431.204420214,1.28455660949,-214.717785708,-217.684613902,432.488976824,0.127992130695,100.127758951
997,39.88,-216.413087066,-0.000787555010688,-1.27770944606,431.214094441,1.2820069899,-214.717785708,-217.691584067,432.496101431,0.127725808494,100.127490695
998,39.92,-216.422652828,-0.000784829515033,-1.27516457355,431.223805801,1.27946257243,-214.717785708,-217.698602231,432.503268374,0.12746016213,100.127223104
999,39.96,-216.432260343,-0.000782084065293,-1.27262544644,431.233553593,1.27692349633,-214.717785708,-217.705667873,432.510477089,0.127195200838,100.126956185
1000,40,-216.441908955,-0.00077932114447,-1.27009219018,431.243337113,1.27438989005,-214.717785708,-217.712780466,432.517727003,0.126930932694,100.126689947
1001,40.04,-216.451598006,-0.000776543657386,-1.26756493163,431.253155658,1.27186187884,-214.717785708,-217.719939481,432.525017537,0.126667364969,100.126424397
1002,40.08,-216.461326837,-0.000773754284216,-1.26504378455,431.263008528,1.2693395761,-214.717785708,-217.727144376,432.532348104,0.126404504083,100.126159542
1003,40.12,-216.47109479,-0.000770954817227,-1.26252883263,431.272895018,1.26682307292,-214.717785708,-217.734394578,432.539718091,0.126142355279,100.125895387
1004,40.16,-216.480901203,-0.000768146370868,-1.26002013821,431.282814428,1.26431244435,-214.717785708,-217.741689488,432.547126872,0.125880922613,100.125631936
1005,40.2,-216.490745414,-0.000765330333556,-1.25751777074,431.292766055,1.26180776792,-214.717785708,-217.749028515,432.554573823,0.12562020933,100.125369192
1006,40.24,-216.500626759,-0.000762509153435,-1.25502181805,431.302749198,1.25930912802,-214.717785708,-217.756411086,432.562058326,0.125360217947,100.125107157
1007,40.28,-216.510544573,-0.000759686150749,-1.25253235553,431.312763157,1.2568165895,-214.717785708,-217.763836614,432.569579747,0.125100949376,100.124845833
1008,40.32,-216.520498189,-0.00075686435564,-1.25004939381,431.322807232,1.25433015678,-214.717785708,-217.771304447,432.577137389,0.124842401398,100.124585217
1009,40.36,-216.53048694,-0.000754045312105,-1.24757285104,431.332880723,1.25184975274,-214.717785708,-217.778813837,432.584730476,0.124584567601,100.124325302
1010,40.4,-216.540510157,-0.00075122894677,-1.24510257173,431.342982931,1.24937523292,-214.717785708,-217.786363958,432.592358164,0.124327437557,100.124066079
1011,40.44,-216.55056717,-0.000748414631718,-1.24263836681,431.353113157,1.24690641593,-214.717785708,-217.793953952,432.600019573,0.124070997904,100.123807534
1012,40.48,-216.560657308,-0.000745602454766,-1.24018003469,431.363270706,1.24444310073,-214.717785708,-217.801582945,432.607713807,0.123815233399,100.123549651
1013,40.52,-216.570779898,-0.000742793687605,-1.23772735433,431.37345488,1.24198506511,-214.717785708,-217.809250046,432.615439945,0.123560127547,100.123292414
1014,40.56,-216.580934268,-0.000739990406602,-1.23528007928,431.383664982,1.23953206646,-214.717785708,-217.816954337,432.623197049,0.123305663261,100.123035806
1015,40.6,-216.591119741,-0.000737194870568,-1.23283795958,431.393900319,1.23708386288,-214.717785708,-217.824694896,432.630984182,0.12305182402,100.122779811
1016,40.64,-216.601335645,-0.000734408942881,-1.23040078006,431.404160197,1.23464024397,-214.717785708,-217.832470834,432.638800441,0.122798595164,100.122524413
1017,40.68,-216.611581302,-0.000731633429356,-1.2279683782,431.414443921,1.23220104331,-214.717785708,-217.840281314,432.646644965,0.122545964434,100.1222696
1018,40.72,-216.62185604,-0.000728867499277,-1.22554062305,431.424750803,1.22976612111,-214.717785708,-217.84812553,432.654516924,0.122293921412,100.122015362
1019,40.76,-216.632159182,-0.000726108771489,-1.22311737907,431.435080151,1.22733533697,-214.717785708,-217.85600267,432.662415488,0.122042456549,100.12176169
1020,40.8,-216.642490053,-0.000723354341649,-1.22069849361,431.445431277,1.22490854212,-214.717785708,-217.8639119,432.670339819,0.121791560839,100.121508574
1021,40.84,-216.652847975,-0.000720602288095,-1.21828381918,431.455803494,1.22248559799,-214.717785708,-217.871852396,432.678289092,0.121541226401,100.121256006
1022,40.88,-216.663232271,-0.000717852838899,-1.21587324469,431.466196114,1.2200664005,-214.717785708,-217.879823368,432.686262514,0.121291447323,100.12100398
1023,40.92,-216.673642261,-0.000715108660383,-1.21346670675,431.47660845,1.21765088877,-214.717785708,-217.887824076,432.694259339,0.121042220083,100.120752493
1024,40.96,-216.684077266,-0.000712374278382,-1.21106418173,431.487039819,1.21523904057,-214.717785708,-217.895853822,432.702278859,0.120793543622,100.120501544
1025,41,-216.694536604,-0.000709655001989,-1.20866568248,431.497489535,1.2128308725,-214.717785708,-217.903911941,432.710320407,0.120545419619,100.120251135
1026,41.04,-216.705019594,-0.000706955660031,-1.20627127268,431.507956916,1.21042645265,-214.717785708,-217.911997823,432.718383369,0.120297853118,100.120001269
1027,41.08,-216.715525558,-0.00070427925002,-1.20388108188,431.518441284,1.20802591138,-214.717785708,-217.92011092,432.726467195,0.120050852846,100.119751957
1028,41.12,-216.726053816,-0.000701625771772,-1.20149529599,431.528941959,1.20562943099,-214.717785708,-217.928250738,432.73457139,0.119804430534,100.119503209
1029,41.16,-216.736603691,-0.000698991927092,-1.19911412193,431.539458267,1.20323721572,-214.717785708,-217.936416805,432.742695483,0.119558599366,100.11925504
1030,41.2,-216.747174504,-0.000696372162964,-1.19673775336,431.549989535,1.20084946345,-214.717785708,-217.944608629,432.750838998,0.119313372403,100.119007461
1031,41.24,-216.757765577,-0.000693760631292,-1.19436636194,431.56053509,1.19846635716,-214.717785708,-217.9528257,432.759001448,0.119068761733,100.118760485
1032,41.28,-216.768376234,-0.000691152985674,-1.19200010986,431.571094264,1.19608807135,-214.717785708,-217.961067497,432.767182336,0.118824778249,100.118514122
1033,41.32,-216.779005795,-0.000688547082928,-1.18963915817,431.581666388,1.19371477466,-214.717785708,-217.969333501,432.775381163,0.118581431479,100.118268383
1034,41.36,-216.789653582,-0.000685942372397,-1.18728365641,431.592250794,1.19134661966,-214.717785708,-217.97762318,432.783597414,0.118338729209,100.118023275
1035,41.4,-216.800318914,-0.000683338641169,-1.18493372553,431.602846818,1.1889837305,-214.717785708,-217.985935978,432.791830548,0.118096677243,100.117778804
1036,41.44,-216.811001111,-0.000680735236816,-1.18258945599,431.613453793,1.18662620393,-214.717785708,-217.994271303,432.800079997,0.117855279667,100.117534974
1037,41.48,-216.821699495,-0.000678131399596,-1.18025092394,431.624071058,1.18427412283,-214.717785708,-218.002628551,432.808345181,0.117614539472,100.117291787
1038,41.52,-216.832413385,-0.000675527282876,-1.17791820524,431.634697951,1.18192756576,-214.717785708,-218.011007117,432.816625517,0.117374458879,100.117049246
1039,41.56,-216.843142097,-0.000672924696768,-1.17559136756,431.645333813,1.17958659852,-214.717785708,-218.01940639,432.824920411,0.117135039,100.116807353
1040,41.6,-216.853884952,-0.000670327154439,-1.17327044432,431.655977984,1.17725125312,-214.717785708,-218.027825724,432.833229238,0.116896279025,100.116566105
1041,41.64,-216.864641268,-0.000667739688945,-1.17095541305,431.66662981,1.17492151121,-214.717785708,-218.03626442,432.841551321,0.116658175509,100.116325501
1042,41.68,-216.875410362,-0.00066516892287,-1.16864619431,431.677288634,1.17259730273,-214.717785708,-218.044721725,432.849885937,0.116420722069,100.116085532
1043,41.72,-216.886191555,-0.000662622988505,-1.16634266562,431.687953806,1.17027851428,-214.717785708,-218.053196843,432.85823232,0.11618390939,100.115846191
1044,41.76,-216.896984168,-0.000660110298698,-1.16404467295,431.698624675,1.1679649955,-214.717785708,-218.061688951,432.866589671,0.115947725385,100.115607464
1045,41.8,-216.907787523,-0.00065763684572,-1.1617520319,431.709300596,1.16565656038,-214.717785708,-218.070197192,432.874957157,0.115712155576,100.115369338
1046,41.84,-216.918600946,-0.000655203354839,-1.15946452726,431.719980925,1.16335299082,-214.717785708,-218.078720677,432.883333916,0.115477183843,100.115131796
1047,41.88,-216.929423764,-0.000652804511495,-1.15718192308,431.730665023,1.16105404973,-214.717785708,-218.087258491,432.891719073,0.115242793517,100.114894821
1048,41.92,-216.940255302,-0.000650431115949,-1.15490398314,431.741352253,1.15875950065,-214.717785708,-218.095809716,432.900111753,0.115008968485,100.114658398
1049,41.96,-216.951094891,-0.000648073520842,-1.1526304896,431.75204198,1.15646912404,-214.717785708,-218.104373454,432.908511104,0.114775694004,100.114422511
1050,42,-216.96194186,-0.000645723960656,-1.15036124985,431.762733574,1.15418272413,-214.717785708,-218.112948833,432.916916298,0.114542957167,100.114187148
1051,42.04,-216.972795537,-0.000643377041376,-1.14809609325,431.773426406,1.15190012882,-214.717785708,-218.121535007,432.925326535,0.114310747117,100.113952298
1052,42.08,-216.983655253,-0.00064102933161,-1.14583486733,431.784119848,1.1496211884,-214.717785708,-218.13013115,432.933741037,0.114079055035,100.113717952
1053,42.12,-216.994520339,-0.000638679009298,-1.14357743908,431.794813277,1.14734577593,-214.717785708,-218.138736457,432.942159053,0.113847873888,100.113484103
1054,42.16,-217.005390126,-0.000636325693525,-1.14132369899,431.805506069,1.14507378742,-214.717785708,-218.14735015,432.950579856,0.113617198042,100.113250745
1055,42.2,-217.016263945,-0.000633970200161,-1.13907356282,431.816197602,1.1428051413,-214.717785708,-218.155971478,432.959002743,0.113387023043,100.113017873
1056,42.24,-217.027141129,-0.000631614195089,-1.13682697148,431.826887258,1.14053977928,-214.717785708,-218.164599714,432.967427037,0.113157345817,100.112785486
1057,42.28,-217.03802101,-0.000629259979259,-1.13458389341,431.83757442,1.13827767153,-214.717785708,-218.173234164,432.975852092,0.112928165216,100.11255358
1058,42.32,-217.048902923,-0.000626910443319,-1.13234433187,431.848258474,1.13601882469,-214.717785708,-218.181874165,432.984277298,0.112699482532,100.112322159
1059,42.36,-217.059786201,-0.00062456881867,-1.13010833346,431.858938806,1.1337632884,-214.717785708,-218.190519103,432.992702094,0.112471301721,100.112091225
1060,42.4,-217.07067018,-0.00062223785232,-1.12787599171,431.869614808,1.13151115694,-214.717785708,-218.19916841,433.001125965,0.112243629386,100.111860785
1061,42.44,-217.081554198,-0.00061991863341,-1.12564744346,431.880285872,1.12926256674,-214.717785708,-218.20782156,433.009548439,0.112016474703,100.111630848
1062,42.48,-217.092437592,-0.000617609910903,-1.12342286063,431.890951395,1.12701769165,-214.717785708,-218.216478062,433.017969087,0.111789849291,100.111401427
1063,42.52,-217.103319702,-0.000615308587075,-1.12120244129,431.901610777,1.12477673646,-214.717785708,-218.225137452,433.026387514,0.111563766734,100.111172534
1064,42.56,-217.114199871,-0.000613011143427,-1.11898640085,431.91226342,1.12253992661,-214.717785708,-218.233799283,433.034803346,0.111338241592,100.110944183
1065,42.6,-217.12507744,-0.000610714977819,-1.11677496154,431.922908727,1.12030749382,-214.717785708,-218.242463117,433.043216221,0.111113288091,100.110716391
1066,42.64,-217.135951753,-0.000608418787863,-1.11456833957,431.933546108,1.1180796604,-214.717785708,-218.251128511,433.051625768,0.110888919026,100.110489168
1067,42.68,-217.146822151,-0.000606121964254,-1.11236673225,431.94417497,1.11585662686,-214.717785708,-218.259795005,433.060031597,0.110665145215,100.110262525
1068,42.72,-217.157687981,-0.000603823683857,-1.11017030911,431.954794726,1.11363856566,-214.717785708,-218.268462114,433.068433292,0.11044197543,100.110036473
1069,42.76,-217.168548588,-0.000601522511334,-1.10797920906,431.965404792,1.11142561975,-214.717785708,-218.277129319,433.076830412,0.110219416456,100.109811016
1070,42.8,-217.179403318,-0.00059921674233,-1.10579354214,431.976004584,1.10921790338,-214.717785708,-218.285796077,433.085222487,0.10999747307,100.109586161
1071,42.84,-217.190251522,-0.000596904976263,-1.10361339232,431.986593523,1.10701550314,-214.717785708,-218.294461819,433.093609026,0.10977614804,100.109361909
1072,42.88,-217.20109255,-0.000594586325268,-1.10143881854,431.997171031,1.1048184789,-214.717785708,-218.303125955,433.101989509,0.109555442298,100.109138262
1073,42.92,-217.211925754,-0.000592260260988,-1.09926985393,432.007736533,1.10262686517,-214.717785708,-218.311787869,433.110363398,0.109335355275,100.108915219
1074,42.96,-217.222750491,-0.000589926508697,-1.09710650489,432.018289457,1.10044067231,-214.717785708,-218.320446922,433.118730129,0.109115885126,100.108692778
1075,43,-217.233566114,-0.000587585242281,-1.09494875107,432.028829234,1.09825988646,-214.717785708,-218.32910245,433.12708912,0.108897028653,100.108470936
1076,43.04,-217.244371981,-0.00058523756462,-1.09279654536,432.039355295,1.09608446739,-214.717785708,-218.337753764,433.135439763,0.108678780949,100.108249687
1077,43.08,-217.255167451,-0.000582886165185,-1.09064981176,432.049867079,1.09391434412,-214.717785708,-218.346400149,433.143781423,0.108461134979,100.108029026
1078,43.12,-217.265951882,-0.000580536065749,-1.08850844041,432.060364021,1.09174940959,-214.717785708,-218.355040858,433.152113431,0.108244081327,100.107808943
1079,43.16,-217.276724635,-0.000578195422684,-1.08637228293,432.070845565,1.08958951715,-214.717785708,-218.363675113,433.160435083,0.108027608201,100.107589425
1080,43.2,-217.287485074,-0.000575876255117,-1.08424115272,432.081311155,1.08743448206,-214.717785708,-218.372302103,433.168745637,0.107811701718,100.107370459
1081,43.24,-217.298232563,-0.000573594546043,-1.08211483304,432.091760238,1.08528408927,-214.717785708,-218.380920991,433.177044327,0.107596346471,100.107152029
1082,43.28,-217.30896647,-0.000571368672527,-1.07999309028,432.102192266,1.08313810571,-214.717785708,-218.389530929,433.185330371,0.107381526288,100.106934119
1083,43.32,-217.319686166,-0.000569215318819,-1.07787568705,432.112606693,1.08099629284,-214.717785708,-218.398131068,433.193602986,0.107167225059,100.106716713
1084,43.36,-217.330391022,-0.000567143648102,-1.07576239132,432.123002978,1.07885841683,-214.717785708,-218.406720557,433.201861395,0.106953427468,100.106499796
1085,43.4,-217.341080416,-0.000565150872258,-1.073652983,432.133380585,1.07672425684,-214.717785708,-218.41529855,433.210104842,0.106740119578,100.106283354
1086,43.44,-217.351753727,-0.000563222747691,-1.07154726168,432.14373898,1.07459361392,-214.717785708,-218.423864212,433.218332594,0.106527289325,100.106067374
1087,43.48,-217.362410338,-0.000561339123217,-1.06944505641,432.154077636,1.0724663202,-214.717785708,-218.432416734,433.226543956,0.106314926906,100.105851847
1088,43.52,-217.373049634,-0.000559480555529,-1.06734623295,432.164396026,1.07034224486,-214.717785708,-218.440955348,433.234738271,0.106103024955,100.105636766
1089,43.56,-217.383671003,-0.000557632077394,-1.06525069338,432.174693629,1.06822129284,-214.717785708,-218.449479329,433.242914922,0.105891578363,100.105422125
1090,43.6,-217.394273836,-0.000555783690202,-1.0631583682,432.184969927,1.06610339697,-214.717785708,-218.457987988,433.251073324,0.105680583812,100.10520792
1091,43.64,-217.404857524,-0.000553929325932,-1.06106920765,432.195224403,1.06398850992,-214.717785708,-218.466480661,433.259212913,0.105470039303,100.104994151
1092,43.68,-217.415421464,-0.00055206564388,-1.05898317947,432.205456547,1.06187660207,-214.717785708,-218.474956709,433.267333149,0.105259944028,100.104780816
1093,43.72,-217.42596505,-0.000550191108894,-1.0569002742,432.215665846,1.05976766654,-214.717785708,-218.483415516,433.275433513,0.105050298608,100.104567915
1094,43.76,-217.436487684,-0.000548305368226,-1.05482051238,432.225851797,1.05766172611,-214.717785708,-218.491856502,433.283513523,0.104841105476,100.104355451
1095,43.8,-217.446988764,-0.000546408827913,-1.05274394786,432.236013893,1.05555883689,-214.717785708,-218.500279121,433.29157273,0.104632369099,100.104143429
1096,43.84,-217.457467694,-0.00054450236045,-1.0506706667,432.246151635,1.05345908813,-214.717785708,-218.508682863,433.299610723,0.104424095969,100.103931855
1097,43.88,-217.467923878,-0.000542587129943,-1.04860078605,432.256264524,1.05136260146,-214.717785708,-218.517067251,433.307627125,0.10421629453,100.103720738
1098,43.92,-217.478356721,-0.00054066452426,-1.04653445562,432.266352065,1.04926953221,-214.717785708,-218.525431841,433.315621597,0.104008975126,100.103510087
1099,43.96,-217.488765632,-0.00053873615166,-1.0444718594,432.276413766,1.04718007023,-214.717785708,-218.533776228,433.323593837,0.103802149917,100.103299915
1100,44,-217.499150024,-0.000536803786311,-1.04241321217,432.286449138,1.04509443574,-214.717785708,-218.54210004,433.331543574,0.103595832499,100.103090235
1101,44.04,-217.509509311,-0.000534869147836,-1.04035874867,432.296457694,1.04301286806,-214.717785708,-218.550402929,433.339470562,0.103390037178,100.102881062
1102,44.08,-217.519842911,-0.000532933618692,-1.03830870822,432.306438951,1.04093561017,-214.717785708,-218.558684553,433.347374561,0.103184778037,100.10267241
1103,44.12,-217.530150244,-0.000530998225422,-1.03626331968,432.316392428,1.0388628938,-214.717785708,-218.566944562,433.355255322,0.102980068061,100.102464292
1104,44.16,-217.540430734,-0.00052906404859,-1.03422278959,432.326317649,1.03679492796,-214.717785708,-218.575182587,433.363112577,0.102775918484,100.102256719
1105,44.2,-217.550683804,-0.000527132776749,-1.03218729382,432.336214139,1.03473189088,-214.717785708,-218.583398231,433.37094603,0.102572338372,100.1020497
1106,44.24,-217.560908884,-0.00052520691508,-1.03015697254,432.346081428,1.03267392536,-214.717785708,-218.591591063,433.378755353,0.102369334419,100.101843241
1107,44.28,-217.571105402,-0.000523289383107,-1.02813192977,432.355919046,1.03062113814,-214.717785708,-218.599760622,433.386540185,0.102166910979,100.101637348
1108,44.32,-217.581272793,-0.000521382607514,-1.0261122368,432.365726531,1.02857360309,-214.717785708,-218.607906412,433.394300134,0.101965070298,100.101432022
1109,44.36,-217.59141049,-0.00051948753643,-1.02409793661,432.375503419,1.02653136529,-214.717785708,-218.616027914,433.402034784,0.1017638128,100.101227263
1110,44.4,-217.601517934,-0.000517603164238,-1.02208904555,432.385249254,1.02449444307,-214.717785708,-218.624124583,433.409743697,0.101563137251,100.101023072
1111,44.44,-217.611594567,-0.000515726935231,-1.02008555225,432.394963583,1.02246282763,-214.717785708,-218.632195846,433.417426411,0.10136304079,100.100819443
1112,44.48,-217.621639834,-0.000513855794957,-1.01808741788,432.404645955,1.02043648358,-214.717785708,-218.640241108,433.425082438,0.101163518971,100.100616374
1113,44.52,-217.631653184,-0.000511987199809,-1.01609458038,432.414295922,1.01841535254,-214.717785708,-218.648259751,433.432711274,0.100964565958,100.100413858
1114,44.56,-217.641634068,-0.000510119536744,-1.01410695954,432.42391304,1.01639935723,-214.717785708,-218.656251147,433.440312397,0.100766174736,100.100211889
1115,44.6,-217.651581939,-0.000508251929921,-1.01212445678,432.433496868,1.01438840081,-214.717785708,-218.664214648,433.447885268,0.100568337104,100.100010457
1116,44.64,-217.661496255,-0.000506383818053,-1.01014694751,432.443046966,1.01238235994,-214.717785708,-218.672149587,433.455429326,0.100371043365,100.099809554
1117,44.68,-217.671376475,-0.000504514756923,-1.00817427276,432.4525629,1.01038107748,-214.717785708,-218.680055262,433.462943978,0.100174281995,100.099609167
1118,44.72,-217.681222059,-0.000502644650794,-1.00620623911,432.462044237,1.0083843628,-214.717785708,-218.687930943,433.4704286,0.0999780396971,100.099409284
1119,44.76,-217.691032474,-0.000500774251232,-1.00424262969,432.471490546,1.00639200207,-214.717785708,-218.695775878,433.477882548,0.0997823019843,100.09920989
1120,44.8,-217.700807186,-0.000498905626118,-1.002283219,432.4809014,1.0044037723,-214.717785708,-218.703589311,433.485305173,0.0995870539981,100.09901097
1121,44.84,-217.710545668,-0.000497042449523,-1.00032778292,432.490276376,1.00241945149,-214.717785708,-218.711370493,433.492695827,0.0993922811802,100.098812509
1122,44.88,-217.720247393,-0.000495190077621,-0.998376102874,432.499615052,1.00043882376,-214.717785708,-218.719118685,433.500053876,0.0991979696857,100.098614494
1123,44.92,-217.729911839,-0.000493355262262,-0.996427970641,432.508917011,0.998461684672,-214.717785708,-218.726833165,433.507378696,0.0990041067503,100.098416912
1124,44.96,-217.739538488,-0.000491545181744,-0.994483199028,432.518181839,0.996487851214,-214.717785708,-218.734513232,433.51466969,0.0988106812038,100.098219752
1125,45,-217.749126825,-0.000489765604706,-0.992541635,432.527409126,0.994517173245,-214.717785708,-218.742158226,433.5219263,0.0986176840247,100.098023004
1126,45.04,-217.758676339,-0.000488018704439,-0.990603166675,432.536598467,0.992549539632,-214.717785708,-218.749767524,433.529148007,0.0984251086498,100.097826662
1127,45.08,-217.768186522,-0.000486301847192,-0.988667720331,432.545749459,0.990584876087,-214.717785708,-218.757340544,433.536334335,0.0982329509186,100.097630722
1128,45.12,-217.777656872,-0.000484608428582,-0.986735252427,432.554861705,0.988623139019,-214.717785708,-218.764876733,433.543484844,0.0980412088156,100.097435182
1129,45.16,-217.78708689,-0.000482930298164,-0.984805744304,432.563934812,0.986664311423,-214.717785708,-218.772375565,433.550599123,0.0978498822259,100.097240041
1130,45.2,-217.796476082,-0.00048126012081,-0.98287920142,432.572968389,0.984708401786,-214.717785708,-218.779836544,433.557676791,0.0976589727262,100.097045302
1131,45.24,-217.805823957,-0.000479592519777,-0.980955652792,432.581962049,0.982755442443,-214.717785708,-218.787259202,433.564717492,0.0974684833034,100.096850967
1132,45.28,-217.815130028,-0.000477924116791,-0.979035147649,432.590915409,0.980805485656,-214.717785708,-218.7946431,433.571720895,0.0972784180317,100.09665704
1133,45.32,-217.824393811,-0.000476253126641,-0.977117752475,432.599828089,0.978858601041,-214.717785708,-218.801987817,433.57868669,0.0970887819503,100.096463526
1134,45.36,-217.833614828,-0.000474578942307,-0.975203553504,432.60869971,0.976914878678,-214.717785708,-218.80929296,433.585614589,0.0968995812983,100.096270432
1135,45.4,-217.842792601,-0.000472901831098,-0.973292663906,432.617529898,0.974974436287,-214.717785708,-218.816558167,433.592504334,0.0967108239091,100.096077765
1136,45.44,-217.851926658,-0.00047122268468,-0.971385228593,432.62631828,0.973037423373,-214.717785708,-218.823783109,433.599355704,0.0965225193442,100.095885534
1137,45.48,-217.861016528,-0.000469542697172,-0.969481421217,432.635064488,0.971104017605,-214.717785708,-218.830967492,433.606168506,0.0963346785795,100.095693752
1138,45.52,-217.870061744,-0.000467862925318,-0.967581436182,432.643768156,0.969174416784,-214.717785708,-218.838111043,433.612942573,0.0961473135129,100.095502429
1139,45.56,-217.879061842,-0.000466183918041,-0.965685483052,432.65242892,0.967248833575,-214.717785708,-218.845213509,433.619677754,0.09596043669,100.095311579
1140,45.6,-217.888016362,-0.000464505730601,-0.963793785699,432.66104642,0.9653274948,-214.717785708,-218.852274654,433.626373915,0.095774061282,100.095121213
1141,45.64,-217.896924848,-0.000462828399838,-0.961906580144,432.6696203,0.963410639152,-214.717785708,-218.859294257,433.633030939,0.09558820092,100.094931347
1142,45.68,-217.905786847,-0.000461152576396,-0.960024104223,432.678150205,0.96149850684,-214.717785708,-218.866272104,433.639648712,0.0954028690492,100.094741993
1143,45.72,-217.914601909,-0.000459479943819,-0.958146580705,432.686635784,0.959591323067,-214.717785708,-218.87320797,433.646227107,0.09521807796,100.094553164
1144,45.76,-217.923369589,-0.00045781330963,-0.956274203139,432.695076688,0.957689284274,-214.717785708,-218.880101606,433.652765973,0.0950338380076,100.094364869
1145,45.8,-217.932089445,-0.000456156406637,-0.954407131232,432.703472573,0.955792553362,-214.717785708,-218.886952732,433.659265127,0.0948501573303,100.094177118
1146,45.84,-217.940761037,-0.000454513328356,-0.952545493026,432.711823097,0.953901261059,-214.717785708,-218.893761044,433.665724358,0.0946670418924,100.093989916
1147,45.88,-217.949383932,-0.000452887486763,-0.950689385913,432.720127921,0.95201550626,-214.717785708,-218.900526206,433.672143428,0.0944844954959,100.093803266
1148,45.92,-217.9579577,-0.000451280342808,-0.948838873478,432.728386712,0.950135353062,-214.717785708,-218.907247853,433.678522065,0.0943025196912,100.093617171
1149,45.96,-217.966481914,-0.000449690648037,-0.946993983001,432.736599138,0.948260829232,-214.717785708,-218.913925587,433.684859967,0.0941211138302,100.09343163
1150,46,-217.974956154,-0.000448114852251,-0.945154709005,432.744764873,0.946391930481,-214.717785708,-218.920558978,433.691156803,0.0939402754109,100.09324664
1151,46.04,-217.983380005,-0.000446548492423,-0.94332102086,432.752883594,0.944528627841,-214.717785708,-218.927147574,433.697412222,0.0937600004878,100.093062197
1152,46.08,-217.991753055,-0.000444987634582,-0.941492867213,432.760954982,0.942670871291,-214.717785708,-218.93369091,433.703625853,0.0935802838088,100.092878297
1153,46.12,-218.000074898,-0.000443429617761,-0.939670173907,432.76897872,0.940818587364,-214.717785708,-218.940188502,433.709797307,0.0934011186746,100.092694931
1154,46.16,-218.008345131,-0.000441873064084,-0.937852840342,432.776954494,0.938971676129,-214.717785708,-218.946639844,433.71592617,0.0932224968862,100.092512093
1155,46.2,-218.016563353,-0.000440317539584,-0.936040740996,432.784881993,0.937130013618,-214.717785708,-218.953044412,433.722012007,0.0930444090377,100.092329772
1156,46.24,-218.02472917,-0.000438763259427,-0.93423373181,432.79276091,0.9352934584,-214.717785708,-218.959401665,433.728054368,0.0928668449384,100.092147959
1157,46.28,-218.032842188,-0.000437211050701,-0.932431654272,432.800590938,0.933461854985,-214.717785708,-218.965711054,433.734052793,0.0926897937095,100.091966642
1158,46.32,-218.040902021,-0.00043566247633,-0.930634332554,432.808371775,0.931635030105,-214.717785708,-218.971972016,433.740006805,0.0925132434469,100.09178581
1159,46.36,-218.048908283,-0.000434119771459,-0.928841568027,432.816103121,0.929812786975,-214.717785708,-218.978183971,433.745915908,0.092337180884,100.091605449
1160,46.4,-218.056860593,-0.000432585317359,-0.927053139911,432.823784679,0.927994906333,-214.717785708,-218.984346318,433.751779586,0.0921615915767,100.091425545
1161,46.44,-218.064758574,-0.000431060754695,-0.925268815089,432.831416157,0.926181156662,-214.717785708,-218.99045845,433.757597314,0.0919864606217,100.091246083
1162,46.48,-218.072601855,-0.000429546210315,-0.923488361156,432.838997264,0.924371307159,-214.717785708,-218.996519762,433.763368571,0.0918117734267,100.091067048
1163,46.52,-218.080390067,-0.000428040157116,-0.921711554991,432.846527715,0.922565136033,-214.717785708,-219.002529662,433.769092851,0.091637516124,100.090888426
1164,46.56,-218.088122849,-0.000426540044328,-0.919938185993,432.854007226,0.920762433761,-214.717785708,-219.008487575,433.77476966,0.0914636757213,100.090710206
1165,46.6,-218.095799841,-0.000425043304469,-0.918168059334,432.861435519,0.91896300681,-214.717785708,-219.014392944,433.780398526,0.0912902403699,100.090532373
1166,46.64,-218.103420692,-0.000423548169128,-0.916401002919,432.868812316,0.917166685035,-214.717785708,-219.020245243,433.785979001,0.0911171998721,100.090354919
1167,46.68,-218.110985052,-0.000422054026109,-0.91463687519,432.876137345,0.915373329371,-214.717785708,-219.026043981,433.791510674,0.0909445461333,100.090177835
1168,46.72,-218.118492576,-0.000420561367909,-0.912875568376,432.883410334,0.913582834547,-214.717785708,-219.031788705,433.796993168,0.0907722732516,100.090001116
1169,46.76,-218.125942922,-0.000419071401864,-0.911117006451,432.890631015,0.911795126644,-214.717785708,-219.037479,433.802426142,0.0906003773241,100.089824756
1170,46.8,-218.133335755,-0.000417585354698,-0.909361142249,432.897799124,0.910010160378,-214.717785708,-219.043114482,433.807809284,0.0904288563157,100.089648756
1171,46.84,-218.14067074,-0.000416103699534,-0.90760795732,432.904914398,0.90822791944,-214.717785708,-219.048694801,433.813142318,0.0902577101156,100.089473113
1172,46.88,-218.14794755,-0.000414625781402,-0.905857462511,432.91197658,0.906448417318,-214.717785708,-219.054219638,433.818424998,0.0900869405165,100.08929783
1173,46.92,-218.15516586,-0.000413150164154,-0.904109694934,432.918985415,0.904671693994,-214.717785708,-219.059688705,433.823657109,0.0899165508322,100.08912291
1174,46.96,-218.162325352,-0.000411675448486,-0.902364711085,432.92594065,0.902897808612,-214.717785708,-219.065101739,433.828838459,0.0897465452948,100.088948358
1175,47,-218.169425713,-0.000410200911634,-0.900622581275,432.932842037,0.901126833833,-214.717785708,-219.070458495,433.833968871,0.089576928711,100.088774178
1176,47.04,-218.176466631,-0.000408726531934,-0.898883390066,432.939689329,0.899358856625,-214.717785708,-219.075758747,433.839048186,0.0894077066399,100.088600375
1177,47.08,-218.1834478,-0.000407252503621,-0.897147241334,432.946482284,0.897593983614,-214.717785708,-219.081002294,433.844076268,0.0892388858227,100.088426958
1178,47.12,-218.19036892,-0.000405778699257,-0.895414262061,432.953220662,0.895832344689,-214.717785708,-219.08618896,433.849053006,0.0890704743536,100.088253932
1179,47.16,-218.197229691,-0.000404304510787,-0.893684600986,432.959904225,0.894074091154,-214.717785708,-219.091318597,433.853978316,0.0889024814205,100.088081309
1180,47.2,-218.204029821,-0.000402829145163,-0.891958423735,432.966532741,0.892319390599,-214.717785708,-219.096391074,433.858852131,0.0887349169074,100.087909096
1181,47.24,-218.210769022,-0.000401352013955,-0.890235908383,432.973105978,0.890568422738,-214.717785708,-219.101406282,433.863674401,0.0885677912068,100.087737306
1182,47.28,-218.217447008,-0.000399872792716,-0.888517242697,432.979623709,0.888821377136,-214.717785708,-219.106364124,433.868445086,0.0884011152185,100.087565949
1183,47.32,-218.224063501,-0.00039839115084,-0.886802620962,432.98608571,0.887078450264,-214.717785708,-219.111264513,433.87316416,0.0882349002271,100.087395035
1184,47.36,-218.230618224,-0.000396906539319,-0.885092238712,432.992491758,0.88533984002,-214.717785708,-219.116107369,433.877831598,0.0880691574906,100.087224577
1185,47.4,-218.237110908,-0.000395418279065,-0.883386286371,432.998841635,0.883605739,-214.717785708,-219.120892613,433.882447374,0.0879038977185,100.087054585
1186,47.44,-218.243541287,-0.0003939257552,-0.881684943635,433.005135125,0.881876328776,-214.717785708,-219.125620157,433.887011454,0.0877391306941,100.086885069
1187,47.48,-218.249909101,-0.000392428424098,-0.879988374373,433.011372017,0.880151774983,-214.717785708,-219.130289904,433.891523792,0.087574865038,100.086716037
1188,47.52,-218.256214094,-0.000390925680751,-0.878296720405,433.0175521,0.878432221314,-214.717785708,-219.13490174,433.895984322,0.0874111078971,100.086547496
1189,47.56,-218.262456016,-0.000389416835871,-0.8766100944,433.023675168,0.876717782331,-214.717785708,-219.139455527,433.900392951,0.0872478644853,100.086379452
1190,47.6,-218.268634619,-0.000387901218263,-0.874928575,433.029741017,0.875008538295,-214.717785708,-219.143951095,433.904749556,0.0870851377242,100.086211908
1191,47.64,-218.274749662,-0.000386378217089,-0.873252207066,433.035749447,0.873304535309,-214.717785708,-219.148388248,433.909053983,0.0869229282847,100.086044863
1192,47.68,-218.280800908,-0.000384847217186,-0.871581006272,433.04170026,0.87160579016,-214.717785708,-219.152766762,433.91330605,0.0867612350063,100.085878318
1193,47.72,-218.286788123,-0.000383307529481,-0.869914964173,433.047593261,0.869912295679,-214.717785708,-219.157086394,433.917505556,0.0866000553355,100.08571227
1194,47.76,-218.292711077,-0.000381758390612,-0.868254050708,433.053428258,0.86822402317,-214.717785708,-219.161346886,433.921652281,0.0864393854825,100.085546713
1195,47.8,-218.298569545,-0.000380199027281,-0.86659821437,433.059205063,0.866540922226,-214.717785708,-219.165547958,433.925745985,0.086279220354,100.085381645
1196,47.84,-218.304363308,-0.000378628696959,-0.864947382152,433.06492349,0.864862920523,-214.717785708,-219.169689318,433.92978641,0.0861195535433,100.085217057
1197,47.88,-218.310092149,-0.000377046617168,-0.863301460544,433.070583355,0.863189925128,-214.717785708,-219.173770657,433.933773281,0.0859603775257,100.085052943
1198,47.92,-218.31575586,-0.000375451836069,-0.861660337322,433.07618448,0.861521824801,-214.717785708,-219.177791649,433.937706305,0.0858016839277,100.084889294
1199,47.96,-218.321354234,-0.000373843183494,-0.860023883942,433.081726688,0.859858492508,-214.717785708,-219.181751961,433.94158518,0.0856434636768,100.084726101
1200,48,-218.32688707,-0.000372219351201,-0.858391958725,433.087209803,0.858199788189,-214.717785708,-219.185651248,433.945409591,0.0854857070215,100.084563354
1201,48.04,-218.332354171,-0.000370579013804,-0.856764410233,433.092633655,0.856545561596,-214.717785708,-219.18948916,433.949179217,0.0853284035622,100.084401043
1202,48.08,-218.337755345,-0.000368920862916,-0.855141078763,433.097998076,0.854895653715,-214.717785708,-219.193265344,433.95289373,0.0851715423545,100.084239157
1203,48.12,-218.343090405,-0.000367243520509,-0.853521794711,433.103302901,0.853249895548,-214.717785708,-219.196979443,433.956552797,0.0850151119945,100.084077684
1204,48.16,-218.348359168,-0.00036554544149,-0.851906375913,433.108547968,0.851608105908,-214.717785708,-219.20063109,433.960156074,0.0848591006062,100.083916613
1205,48.2,-218.353561457,-0.000363824943085,-0.850294628337,433.113733117,0.849970092107,-214.717785708,-219.204219911,433.963703209,0.0847034958401,100.08375593
1206,48.24,-218.358697099,-0.000362080374144,-0.848686352341,433.118858191,0.848335655834,-214.717785708,-219.207745531,433.967193847,0.0845482850808,100.083595624
1207,48.28,-218.363765923,-0.000360310326312,-0.847081351867,433.123923037,0.84670460209,-214.717785708,-219.211207585,433.970627639,0.0843934559127,100.083435682
1208,48.32,-218.368767767,-0.000358513817206,-0.845479441788,433.128927504,0.845076746694,-214.717785708,-219.214605723,433.974004251,0.0842389966616,100.083276093
1209,48.36,-218.373702471,-0.000356690524825,-0.843880451603,433.133871445,0.843451920381,-214.717785708,-219.217939613,433.977323366,0.0840848967891,100.083116845
1210,48.4,-218.37856988,-0.000354841273089,-0.842284227897,433.138754714,0.841829971454,-214.717785708,-219.221208949,433.980584686,0.083931147094,100.082957929
1211,48.44,-218.383369844,-0.000352968936537,-0.840690638225,433.14357717,0.840210769539,-214.717785708,-219.224413452,433.983787939,0.0837777398378,100.082799338
1212,48.48,-218.388102218,-0.000351079842154,-0.839099575555,433.148338672,0.838594209848,-214.717785708,-219.227552874,433.986932882,0.0836246688846,100.082641066
1213,48.52,-218.392766861,-0.000349185709302,-0.83751096019,433.153039085,0.83698021515,-214.717785708,-219.230627007,433.9900193,0.0834719298168,100.082483107
1214,48.56,-218.397363636,-0.000347306125744,-0.835924738599,433.157678275,0.835368734805,-214.717785708,-219.23363568,433.99304701,0.0833195199586,100.08232546
1215,48.6,-218.401892411,-0.000345471215861,-0.834340882403,433.162256112,0.833759743709,-214.717785708,-219.236578765,433.996015856,0.0831674383339,100.082168123
1216,48.64,-218.40635306,-0.000343723152717,-0.832759390292,433.166772468,0.832153243659,-214.717785708,-219.239456173,433.998925712,0.0830156856331,100.082011097
1217,48.68,-218.41074546,-0.000342113795825,-0.831180290876,433.17122722,0.830549265309,-214.717785708,-219.242267864,434.001776485,0.0828642641735,100.081854385
1218,48.72,-218.415069492,-0.000340695522572,-0.829603641376,433.175620247,0.828947866081,-214.717785708,-219.245013829,434.004568113,0.082713177731,100.081697989
1219,48.76,-218.419325046,-0.000339505507493,-0.828029520249,433.179951432,0.827349122613,-214.717785708,-219.247694072,434.007300555,0.0825624311944,100.081541916
1220,48.8,-218.423512015,-0.000338550192624,-0.826458018122,433.184220664,0.825753122338,-214.717785708,-219.250308583,434.009973786,0.0824120301806,100.081386169
1221,48.84,-218.427630299,-0.000337800578699,-0.824889233309,433.188427834,0.824159960279,-214.717785708,-219.252857333,434.012587794,0.0822619808316,100.081230756
1222,48.88,-218.431679805,-0.000337203157347,-0.823323273454,433.192572838,0.822569741919,-214.717785708,-219.255340282,434.01514258,0.0821122898528,100.081075684
1223,48.92,-218.435660448,-0.000336699099886,-0.821760258859,433.196655575,0.820982587119,-214.717785708,-219.257757406,434.017638162,0.0819629646414,100.080920959
1224,48.96,-218.439572145,-0.000336239119881,-0.820200322751,433.200675949,0.819398630248,-214.717785708,-219.260108707,434.020074579,0.0818140133231,100.08076659
1225,49,-218.44341482,-0.000335788457978,-0.818643608789,433.204633865,0.817818017174,-214.717785708,-219.262394217,434.022451882,0.0816654446797,100.080612585
1226,49.04,-218.447188401,-0.000335325205759,-0.817090269517,433.208529232,0.816240903158,-214.717785708,-219.264613996,434.024770136,0.0815172680642,100.080458953
1227,49.08,-218.45089282,-0.000334836787937,-0.815540467054,433.212361963,0.814667453089,-214.717785708,-219.266768124,434.027029416,0.0813694933331,100.080305706
1228,49.12,-218.454528013,-0.000334316837371,-0.813994372779,433.216131972,0.813097840903,-214.717785708,-219.268856703,434.029229813,0.081222130704,100.080152852
1229,49.16,-218.458093923,-0.00033376287058,-0.812452162909,433.219839177,0.8115322451,-214.717785708,-219.270879848,434.031371422,0.0810751904692,100.080000402
1230,49.2,-218.461590493,-0.000333174674526,-0.810914011807,433.223483498,0.809970842088,-214.717785708,-219.272837679,434.03345434,0.080928682668,100.079848366
1231,49.24,-218.465017674,-0.000332553276388,-0.809380087916,433.227064859,0.808413802124,-214.717785708,-219.274730315,434.035478661,0.0807826168847,100.079696753
1232,49.28,-218.46837542,-0.000331900372937,-0.807850553795,433.230583186,0.806861289334,-214.717785708,-219.276557875,434.037444475,0.0806370021905,100.079545573
1233,49.32,-218.471663691,-0.000331218043753,-0.806325565891,433.234038408,0.80531346151,-214.717785708,-219.278320475,434.039351869,0.0804918470389,100.079394834
1234,49.36,-218.47488245,-0.000330508547592,-0.804805269131,433.237430456,0.803770464776,-214.717785708,-219.280018228,434.041200921,0.0803471589466,100.079244543
1235,49.4,-218.478031665,-0.00032977411346,-0.803289787451,433.240759267,0.802232424186,-214.717785708,-219.281651227,434.042991691,0.0802029440413,100.079094707
1236,49.44,-218.481111309,-0.000329016783097,-0.801779216741,433.244024777,0.80069943665,-214.717785708,-219.283219543,434.044724214,0.0800592067388,100.07894533
1237,49.48,-218.484121359,-0.000328238385927,-0.800273624621,433.247226928,0.799171570685,-214.717785708,-219.284723222,434.046398498,0.0799159497085,100.078796414
1238,49.52,-218.487061797,-0.000327440625239,-0.798773054496,433.250365662,0.797648870496,-214.717785708,-219.286162293,434.048014533,0.079773174016,100.07864796
1239,49.56,-218.48993261,-0.000326625148182,-0.797277527924,433.253440928,0.796131358439,-214.717785708,-219.287536763,434.049572286,0.0796308792392,100.078499968
1240,49.6,-218.492733789,-0.000325793509027,-0.795787043413,433.256452674,0.794619033857,-214.717785708,-219.288846626,434.051071707,0.0794890635211,100.078352437
1241,49.64,-218.495465331,-0.000324947072574,-0.794301575651,433.259400852,0.793111872236,-214.717785708,-219.290091853,434.052512725,0.0793477236951,100.078205362
1242,49.68,-218.498127235,-0.000324086979189,-0.792821079056,433.26228542,0.791609828675,-214.717785708,-219.291272401,434.053895248,0.0792068555575,100.07805874
1243,49.72,-218.500719507,-0.000323214222425,-0.791345493781,433.265106334,0.790112843904,-214.717785708,-219.292388215,434.055219178,0.0790664541339,100.077912565
1244,49.76,-218.503242156,-0.000322329755606,-0.789874748524,433.267863558,0.788620847223,-214.717785708,-219.293439234,434.056484405,0.0789265137339,100.077766832
1245,49.8,-218.505695195,-0.000321434514656,-0.788408758105,433.270557054,0.787133754139,-214.717785708,-219.294425388,434.057690808,0.0787870278091,100.077621535
1246,49.84,-218.508078645,-0.000320529357129,-0.786947420231,433.273186792,0.785651463043,-214.717785708,-219.295346594,434.058838255,0.0786479888717,100.077476664
1247,49.88,-218.510392528,-0.000319615025988,-0.785490617054,433.275752741,0.784173856636,-214.717785708,-219.29620276,434.059926598,0.0785093886678,100.077332213
1248,49.92,-218.512636873,-0.000318692204112,-0.784038221262,433.278254876,0.782700808042,-214.717785708,-219.296993786,434.060955684,0.0783712185006,100.077188172
1249,49.96,-218.514811713,-0.000317761596422,-0.782590100876,433.280693173,0.78123218578,-214.717785708,-219.297719576,434.061925359,0.0782334694182,100.077044533
1250,50,-218.516917087,-0.000316823947859,-0.781146118479,433.283067612,0.779767853124,-214.717785708,-219.29838003,434.062835465,0.0780961321492,100.076901286
1251,50.04,-218.518953036,-0.000315879985787,-0.779706127268,433.285378175,0.778307664057,-214.717785708,-219.298975043,434.063685839,0.077959196964,100.076758421
1252,50.08,-218.520919605,-0.000314930353373,-0.778269969825,433.287624849,0.776851461829,-214.717785708,-219.299504505,434.064476311,0.0778226537043,100.076615928
1253,50.12,-218.522816845,-0.000313975610554,-0.776837481877,433.289807623,0.775399082643,-214.717785708,-219.299968302,434.065206705,0.0776864919946,100.076473796
1254,50.16,-218.52464481,-0.000313016294836,-0.775408497559,433.291926488,0.773950361078,-214.717785708,-219.300366324,434.065876849,0.0775507014398,100.076332015
1255,50.2,-218.52640356,-0.000312052964655,-0.773982852051,433.29398144,0.772505132961,-214.717785708,-219.300698465,434.066486573,0.0774152717048,100.076190575
1256,50.24,-218.528093157,-0.00031108620636,-0.772560382308,433.295972477,0.771063236129,-214.717785708,-219.300964626,434.067035713,0.0772801926164,100.076049466
1257,50.28,-218.529713671,-0.000310116626907,-0.771140930124,433.2978996,0.769624513234,-214.717785708,-219.301164717,434.067524114,0.0771454544782,100.075908676
1258,50.32,-218.531265173,-0.00030914479536,-0.769724349064,433.299762815,0.768188818402,-214.717785708,-219.301298667,434.067951633,0.077011048545,100.075768199
1259,50.36,-218.532747743,-0.000308171134171,-0.768310511481,433.301562128,0.766756024271,-214.717785708,-219.301366426,434.068318152,0.0768769673712,100.075628025
1260,50.4,-218.534161462,-0.000307195898754,-0.766899310927,433.30329755,0.765326024713,-214.717785708,-219.301367969,434.068623575,0.0767432048385,100.07548815
1261,50.44,-218.535506419,-0.000306219342944,-0.765490660106,433.304969096,0.763898733017,-214.717785708,-219.301303299,434.068867829,0.0766097559882,100.075348567
1262,50.48,-218.536782705,-0.000305241935138,-0.764084489051,433.306576783,0.762474079932,-214.717785708,-219.301172436,434.069050863,0.0764766169548,100.075209273
1263,50.52,-218.537990416,-0.000304264380689,-0.76268074688,433.30812063,0.761052015089,-214.717785708,-219.300975427,434.069172645,0.0763437851089,100.075070266
1264,50.56,-218.539129653,-0.000303287377204,-0.761279405241,433.309600661,0.759632510312,-214.717785708,-219.300712345,434.069233171,0.076211259227,100.074931543
1265,50.6,-218.54020052,-0.000302311291334,-0.759880459168,433.311016903,0.758215560688,-214.717785708,-219.30038329,434.069232464,0.0760790394633,100.074793105
1266,50.64,-218.541203128,-0.000301336038922,-0.758483924151,433.312369386,0.756801181944,-214.717785708,-219.299988388,434.069170568,0.0759471271436,100.074654953
1267,50.68,-218.54213759,-0.000300361300192,-0.757089832591,433.313658143,0.755389406994,-214.717785708,-219.299527784,434.06904755,0.0758155245954,100.07451709
1268,50.72,-218.543004026,-0.000299386939508,-0.755698232657,433.31488321,0.753980284631,-214.717785708,-219.299001645,434.068863495,0.0756842351264,100.074379518
1269,50.76,-218.543802557,-0.000298413353324,-0.754309188588,433.316044627,0.752573879671,-214.717785708,-219.298410158,434.068618507,0.0755532630082,100.074242242
1270,50.8,-218.544533308,-0.000297441532627,-0.752922779163,433.317142437,0.75117027141,-214.717785708,-219.297753529,434.068312708,0.0754226132857,100.074105266
1271,50.84,-218.545196412,-0.000296472774979,-0.751539093633,433.318176684,0.749769549536,-214.717785708,-219.297031978,434.067946233,0.0752922914628,100.073968596
1272,50.88,-218.545792001,-0.000295508137992,-0.75015822831,433.319147418,0.748371810566,-214.717785708,-219.296245737,434.067519229,0.0751623033251,100.073832238
1273,50.92,-218.546320216,-0.000294547912487,-0.748780287038,433.320054692,0.746977158103,-214.717785708,-219.29539505,434.06703185,0.0750326550562,100.073696198
1274,50.96,-218.5467812,-0.000293591472191,-0.747405384536,433.320898561,0.745585706253,-214.717785708,-219.294480176,434.066484268,0.074903353489,100.073560482
1275,51,-218.547175104,-0.000292637629173,-0.746033648441,433.321679086,0.744197582071,-214.717785708,-219.29350139,434.065876668,0.0747744061965,100.073425098
1276,51.04,-218.54750208,-0.000291685235079,-0.744665217571,433.322396328,0.742812924267,-214.717785708,-219.292458982,434.065209252,0.0746458213197,100.073290054
1277,51.08,-218.547762285,-0.000290733632947,-0.743300238224,433.323050353,0.741431879589,-214.717785708,-219.291353257,434.064482233,0.0745176073202,100.073155359
1278,51.12,-218.547955882,-0.000289782811889,-0.741938861815,433.323641232,0.74005460016,-214.717785708,-219.290184526,434.063695832,0.074389772864,100.07302102
1279,51.16,-218.548083033,-0.000288833406433,-0.74058124435,433.324169034,0.738681242576,-214.717785708,-219.288953111,434.062850276,0.0742623268077,100.072887047
1280,51.2,-218.548143908,-0.000287886682065,-0.739227545094,433.324633835,0.737311966472,-214.717785708,-219.28765934,434.061945801,0.0741352780858,100.072753448
1281,51.24,-218.548138679,-0.000286944440577,-0.73787792261,433.325035712,0.735946930667,-214.717785708,-219.286303546,434.060982643,0.0740086354208,100.072620232
1282,51.28,-218.548067522,-0.000286008674639,-0.736532529792,433.325374748,0.734586288194,-214.717785708,-219.28488606,434.059961036,0.0738824070228,100.072487407
1283,51.32,-218.547930618,-0.000285080949812,-0.735191510916,433.325651027,0.733230183107,-214.717785708,-219.283407209,434.05888121,0.0737566004781,100.072354981
1284,51.36,-218.547728152,-0.000284161772073,-0.733855001106,433.325864638,0.731878749696,-214.717785708,-219.281867314,434.057743387,0.073631222788,100.07222296
1285,51.4,-218.547460315,-0.000283250345642,-0.732523125361,433.326015672,0.730532111669,-214.717785708,-219.28026669,434.056547784,0.0735062803209,100.072091351
1286,51.44,-218.547127302,-0.00028234492775,-0.731195994774,433.326104226,0.729190378942,-214.717785708,-219.278605642,434.055294605,0.0733817785361,100.071960158
1287,51.48,-218.546729315,-0.000281443547613,-0.729873701246,433.3261304,0.727853642897,-214.717785708,-219.27688446,434.053984043,0.0732577216278,100.071829387
1288,51.52,-218.546266556,-0.000280544614782,-0.728556314264,433.326094296,0.726521973242,-214.717785708,-219.275103414,434.052616269,0.073134112358,100.071699039
1289,51.56,-218.545739233,-0.00027964713868,-0.727243881476,433.325996021,0.725195418199,-214.717785708,-219.273262761,434.051191439,0.0730109521586,100.071569116
1290,51.6,-218.545147557,-0.000278750621901,-0.725936431215,433.325835683,0.723874006601,-214.717785708,-219.271362739,434.049709689,0.072888241324,100.071439619
1291,51.64,-218.544491744,-0.000277854831904,-0.724633974225,433.325613394,0.722557749519,-214.717785708,-219.269403573,434.048171144,0.0727659790952,100.071310545
1292,51.68,-218.54377201,-0.000276959626345,-0.723336504292,433.325329271,0.721246641113,-214.717785708,-219.267385474,434.046575912,0.0726441636598,100.071181894
1293,51.72,-218.542988579,-0.00027606493691,-0.722043999658,433.32498343,0.719940660237,-214.717785708,-219.265308644,434.044924091,0.0725227922393,100.071053661
1294,51.76,-218.542141676,-0.000275170919239,-0.720756426079,433.324575995,0.718639773379,-214.717785708,-219.263173273,434.043215768,0.0724018613207,100.070925845
1295,51.8,-218.54123153,-0.000274278180507,-0.719473739646,433.324107088,0.717343937221,-214.717785708,-219.260979548,434.041451025,0.0722813668684,100.07079844
1296,51.84,-218.540258373,-0.000273387974164,-0.71819588698,433.323576839,0.716053098734,-214.717785708,-219.258727648,434.039629937,0.0721613043299,100.070671441
1297,51.88,-218.539222442,-0.00027250228666,-0.71692280306,433.322985377,0.714767193211,-214.717785708,-219.256417748,434.03775257,0.0720416684691,100.070544844
1298,51.92,-218.538123977,-0.000271623731721,-0.715654409597,433.322332838,0.713486142816,-214.717785708,-219.25405001,434.035818981,0.0719224532582,100.070418642
1299,51.96,-218.53696322,-0.000270755123878,-0.714390616098,433.321619359,0.712209857479,-214.717785708,-219.251624591,434.033829217,0.0718036519823,100.070292828
1300,52,-218.535740421,-0.00026989869438,-0.713131322616,433.320845083,0.710938237206,-214.717785708,-219.249141642,434.03178332,0.0716852574677,100.070167395
1301,52.04,-218.534455831,-0.000269055214856,-0.711876421493,433.320010154,0.70967117359,-214.717785708,-219.246601307,434.029681328,0.0715672622167,100.070042335
1302,52.08,-218.533109708,-0.00026822356741,-0.710625797117,433.319114723,0.708408549874,-214.717785708,-219.244003729,434.027523273,0.0714496583769,100.069917641
1303,52.12,-218.531702315,-0.000267401136342,-0.709379325374,433.318158944,0.707150241029,-214.717785708,-219.241349041,434.025309185,0.0713324376791,100.069793304
1304,52.16,-218.530233917,-0.000266584780216,-0.708136874645,433.317142974,0.705896115159,-214.717785708,-219.238637377,434.023039089,0.0712155914916,100.069669314
1305,52.2,-218.528704786,-0.000265771719739,-0.706898307969,433.316066973,0.704646035558,-214.717785708,-219.235868866,434.020713008,0.0710991109703,100.069545663
1306,52.24,-218.527115194,-0.000264959938608,-0.705663484543,433.314931106,0.703399861844,-214.717785708,-219.233043639,434.018330968,0.0709829871613,100.069422343
1307,52.28,-218.525465419,-0.000264148206825,-0.70443226006,433.313735542,0.702157450095,-214.717785708,-219.230161827,434.015892992,0.0708672110038,100.069299343
1308,52.32,-218.523755739,-0.000263335975971,-0.703204487672,433.312480451,0.700918653945,-214.717785708,-219.227223562,434.013399104,0.0707517733549,100.069176654
1309,52.36,-218.521986437,-0.000262523249326,-0.701980021506,433.311166006,0.699683328242,-214.717785708,-219.224228982,434.010849334,0.0706366651868,100.069054268
1310,52.4,-218.5201578,-0.000261710440619,-0.700758722122,433.309792385,0.698451334404,-214.717785708,-219.221178233,434.00824372,0.0705218779311,100.068932175
1311,52.44,-218.518270118,-0.000260898214301,-0.699540461265,433.308359769,0.697222544846,-214.717785708,-219.218071477,434.005582314,0.0704074037835,100.068810367
1312,52.48,-218.516323681,-0.000260087268075,-0.698325124027,433.306868341,0.695996844898,-214.717785708,-219.214908893,434.002865186,0.0702932358253,100.068688838
1313,52.52,-218.514318788,-0.000259278046096,-0.697112609026,433.305318288,0.694774133076,-214.717785708,-219.211690675,434.000092421,0.0701793680002,100.068567581
1314,52.56,-218.512255738,-0.000258470490898,-0.695902828466,433.303709801,0.693554321461,-214.717785708,-219.208417037,433.997264123,0.0700657950961,100.06844659
1315,52.6,-218.510134835,-0.000257664008433,-0.694695708816,433.302043075,0.692337336599,-214.717785708,-219.205088208,433.994380411,0.0699525127961,100.068325862
1316,52.64,-218.507956387,-0.000256857693051,-0.693491191211,433.300318306,0.691123119838,-214.717785708,-219.201704436,433.991441425,0.0698395177277,100.068205393
1317,52.68,-218.505720704,-0.000256050643801,-0.692289230862,433.298535695,0.689911626515,-214.717785708,-219.198265986,433.988447322,0.0697268074271,100.068085179
1318,52.72,-218.503428101,-0.000255242153443,-0.691089796162,433.296695448,0.688702824995,-214.717785708,-219.194773139,433.985398273,0.069614380251,100.06796522
1319,52.76,-218.501078891,-0.000254431720348,-0.689892868811,433.294797771,0.687496696939,-214.717785708,-219.191226191,433.982294468,0.069502235341,100.067845514
1320,52.8,-218.498673394,-0.000253619006365,-0.688698444953,433.292842875,0.686293238566,-214.717785708,-219.187625458,433.979136114,0.0693903726729,100.067726061
1321,52.84,-218.496211931,-0.000252803861241,-0.687506535842,433.290830975,0.685092461233,-214.717785708,-219.183971271,433.975923436,0.0692787931022,100.067606862
1322,52.88,-218.493694827,-0.000251986423173,-0.68631716673,433.288762287,0.683894390126,-214.717785708,-219.18026398,433.972656677,0.0691674983006,100.067487918
1323,52.92,-218.491122408,-0.000251167253947,-0.685130374444,433.286637032,0.682699061846,-214.717785708,-219.17650395,433.969336094,0.0690564905944,100.067369231
1324,52.96,-218.488495008,-0.000250347503779,-0.683946205232,433.284455434,0.681506522514,-214.717785708,-219.17269156,433.965961957,0.0689457728103,100.067250805
1325,53,-218.485812958,-0.000249529116184,-0.682764713831,433.28221772,0.680316827029,-214.717785708,-219.168827201,433.962534547,0.0688353482127,100.067132641
1326,53.04,-218.483076599,-0.000248715023317,-0.681585963325,433.279924122,0.679130038743,-214.717785708,-219.164911277,433.95905416,0.0687252205095,100.067014744
1327,53.08,-218.480286268,-0.000247909189909,-0.68041002505,433.277574872,0.677946228895,-214.717785708,-219.160944203,433.955521101,0.0686153938595,100.066897117
1328,53.12,-218.477442312,-0.000247116279845,-0.679236978613,433.275170209,0.676765476275,-214.717785708,-219.156926407,433.951935685,0.0685058728614,100.066779766
1329,53.16,-218.474545076,-0.000246340740265,-0.678066912442,433.272710375,0.675587867834,-214.717785708,-219.152858329,433.948298243,0.0683966625586,100.066662694
1330,53.2,-218.471594912,-0.000245585410218,-0.676899924496,433.270195616,0.674413499728,-214.717785708,-219.148740422,433.944609116,0.0682877684732,100.066545907
1331,53.24,-218.468592175,-0.000244850308507,-0.67573612187,433.267626181,0.67324247719,-214.717785708,-219.144573147,433.940868658,0.0681791966138,100.066429412
1332,53.28,-218.465537223,-0.000244132474846,-0.674575618554,433.265002324,0.672074912384,-214.717785708,-219.140356974,433.937077237,0.0680709533922,100.066313214
1333,53.32,-218.462430418,-0.000243427108456,-0.673418532173,433.262324304,0.670910921205,-214.717785708,-219.136092378,433.933235225,0.0679630454562,100.066197319
1334,53.36,-218.459272126,-0.00024272923377,-0.672264981274,433.259592381,0.669750620775,-214.717785708,-219.131779836,433.929343001,0.067855479508,100.066081735
1335,53.4,-218.456062714,-0.000242034856619,-0.671115083728,433.25680682,0.668594128093,-214.717785708,-219.127419832,433.925400948,0.0677482621696,100.065966468
1336,53.44,-218.452802552,-0.000241341265643,-0.669968955476,433.253967891,0.667441558761,-214.717785708,-219.123012849,433.92140945,0.0676413998838,100.065851523
1337,53.48,-218.449492015,-0.000240646816779,-0.668826708797,433.251075865,0.666293024844,-214.717785708,-219.11855937,433.91736889,0.0675348988097,100.065736908
1338,53.52,-218.446131477,-0.000239950614357,-0.66768845046,433.248131018,0.66514863255,-214.717785708,-219.114059878,433.913279651,0.067428764712,100.065622627
1339,53.56,-218.442721316,-0.000239252280627,-0.66655428066,433.245133628,0.664008481138,-214.717785708,-219.109514849,433.909142109,0.0673230028813,100.065508685
1340,53.6,-218.439261911,-0.000238551831537,-0.665424292749,433.242083976,0.662872663079,-214.717785708,-219.104924756,433.90495664,0.0672176181004,100.065395088
1341,53.64,-218.435753645,-0.00023784959697,-0.664298572545,433.238982349,0.661741263788,-214.717785708,-219.100290067,433.900723612,0.0671126146067,100.06528184
1342,53.68,-218.432196903,-0.000237146132384,-0.663177196302,433.235829032,0.660614359471,-214.717785708,-219.095611246,433.896443392,0.0670079959974,100.065168943
1343,53.72,-218.428592073,-0.000236442119347,-0.662060228015,433.232624319,0.659492013926,-214.717785708,-219.090888743,433.892116333,0.066903765095,100.0650564
1344,53.76,-218.424939545,-0.000235738257259,-0.660947717782,433.229368503,0.65837427657,-214.717785708,-219.086123001,433.88774278,0.0667999238509,100.064944214
1345,53.8,-218.421239712,-0.000235035126169,-0.659839702104,433.226061882,0.657261182933,-214.717785708,-219.081314449,433.883323065,0.0666964733481,100.064832384
1346,53.84,-218.41749297,-0.00023433304602,-0.658736205251,433.222704758,0.656152756514,-214.717785708,-219.076463509,433.878857514,0.0665934138774,100.064720912
1347,53.88,-218.413699718,-0.000233632038699,-0.657637240267,433.219297434,0.655049010041,-214.717785708,-219.07157059,433.874346444,0.0664907450249,100.064609796
1348,53.92,-218.409860355,-0.000232931976373,-0.656542809371,433.215840218,0.653949945704,-214.717785708,-219.066636097,433.869790163,0.066388465737,100.064499035
1349,53.96,-218.405975284,-0.000232232864294,-0.6554529047,433.212333421,0.652855555616,-214.717785708,-219.061660422,433.865188976,0.0662865743883,100.064388629
1350,54,-218.402044908,-0.000231535112132,-0.654367509929,433.208777357,0.651765823432,-214.717785708,-219.056643953,433.86054318,0.0661850688726,100.064278573
1351,54.04,-218.398069634,-0.000230839674589,-0.653286601884,433.205172343,0.650680726167,-214.717785708,-219.051587076,433.855853069,0.0660839466836,100.064168865
1352,54.08,-218.39404987,-0.000230148002378,-0.652210150764,433.201518699,0.649600234422,-214.717785708,-219.046490169,433.851118933,0.0659832049281,100.064059504
1353,54.12,-218.389986026,-0.000229461770725,-0.651138118806,433.19781675,0.648524310637,-214.717785708,-219.041353607,433.84634106,0.0658828402634,100.063950484
1354,54.16,-218.385878517,-0.000228782402983,-0.650070458711,433.194066822,0.647452907026,-214.717785708,-219.036177758,433.841519729,0.0657828488197,100.063841802
1355,54.2,-218.381727758,-0.000228110537463,-0.649007113206,433.190269246,0.646385965102,-214.717785708,-219.030962981,433.836655211,0.0656832261758,100.063733453
1356,54.24,-218.377534168,-0.000227445719094,-0.647948015736,433.186424357,0.64532341688,-214.717785708,-219.025709629,433.831747774,0.0655839673965,100.063625433
1357,54.28,-218.373298168,-0.000226786546889,-0.646893091351,433.182532494,0.644265186356,-214.717785708,-219.020418045,433.82679768,0.0654850670936,100.063517735
1358,54.32,-218.369020181,-0.00022613120844,-0.645842257267,433.178593997,0.643211190228,-214.717785708,-219.015088569,433.821805187,0.0653865194791,100.063410354
1359,54.36,-218.364700634,-0.000225478057552,-0.644795423498,433.174609213,0.642161338285,-214.717785708,-219.009721535,433.816770551,0.0652883184175,100.063303283
1360,54.4,-218.360339953,-0.00022482595298,-0.643752494013,433.170578489,0.641115534377,-214.717785708,-219.004317273,433.811694024,0.0651904574903,100.063196516
1361,54.44,-218.355938569,-0.000224174343881,-0.642713368102,433.166502177,0.640073677903,-214.717785708,-218.998876111,433.806575855,0.0650929300558,100.063090046
1362,54.48,-218.351496913,-0.000223523215957,-0.641677941238,433.162380632,0.639035664827,-214.717785708,-218.993398377,433.801416297,0.0649957292812,100.062983866
1363,54.52,-218.347015417,-0.000222872964063,-0.640646105387,433.158214209,0.638001387812,-214.717785708,-218.987884396,433.796215597,0.0648988481554,100.062877968
1364,54.56,-218.342494517,-0.000222224192002,-0.639617749589,433.154003271,0.636970736341,-214.717785708,-218.98233449,433.790974007,0.0648022795282,100.062772346
1365,54.6,-218.337934647,-0.000221577431183,-0.638592761482,433.149748179,0.635943597934,-214.717785708,-218.976748986,433.785691777,0.0647060162066,100.062666992
1366,54.64,-218.333336247,-0.00022093284295,-0.637571029476,433.145449301,0.634919860459,-214.717785708,-218.97112821,433.780369162,0.0646100510834,100.062561899
1367,54.68,-218.328699756,-0.000220290069014,-0.636552444704,433.141107007,0.633899414532,-214.717785708,-218.965472491,433.775006422,0.0645143772597,100.06245706
1368,54.72,-218.324025614,-0.000219648355799,-0.635536902518,433.13672167,0.632882155328,-214.717785708,-218.959782165,433.769603825,0.064418988151,100.062352468
1369,54.76,-218.319314266,-0.000219006873013,-0.634524304102,433.132293665,0.631867984108,-214.717785708,-218.954057577,433.76416165,0.0643238776033,100.062248116
1370,54.8,-218.314566154,-0.000218364985056,-0.633514558494,433.127823374,0.630856809991,-214.717785708,-218.948299078,433.758680184,0.0642290400184,100.062144
1371,54.84,-218.309781727,-0.000217722295547,-0.632507584284,433.123311176,0.629848551519,-214.717785708,-218.942507033,433.753159728,0.0641344704384,100.062040113
1372,54.88,-218.30496143,-0.000217078492733,-0.631503309919,433.118757459,0.628843137014,-214.717785708,-218.936681819,433.747600596,0.0640401645372,100.061936452
1373,54.92,-218.300105715,-0.000216433171946,-0.630501672641,433.114162609,0.627840503565,-214.717785708,-218.930823821,433.742003112,0.0639461185396,100.061833012
1374,54.96,-218.295215033,-0.000215785791033,-0.629502617421,433.109527018,0.626840595867,-214.717785708,-218.924933436,433.736367614,0.0638523291522,100.06172979
1375,55,-218.290289838,-0.000215135760693,-0.628506097059,433.10485108,0.625843366218,-214.717785708,-218.91901107,433.730694446,0.0637587935676,100.061626783
1376,55.04,-218.285330584,-0.000214482541524,-0.627512073135,433.100135191,0.624848775547,-214.717785708,-218.91305714,433.724983967,0.0636655095111,100.061523988
1377,55.08,-218.280337729,-0.000213825660684,-0.626520516518,433.095379752,0.62385679414,-214.717785708,-218.907072071,433.719236546,0.0635724752574,100.061421404
1378,55.12,-218.27531173,-0.000213164688872,-0.625531406857,433.090585164,0.622867401258,-214.717785708,-218.901056302,433.713452566,0.0634796895935,100.061319029
1379,55.16,-218.270253048,-0.000212499236657,-0.624544731897,433.085751834,0.621880584302,-214.717785708,-218.895010279,433.707632418,0.0633871517803,100.061216863
1380,55.2,-218.26516214,-0.000211828963278,-0.62356048766,433.080880169,0.620896338753,-214.717785708,-218.888934456,433.701776507,0.0632948615676,100.061114905
1381,55.24,-218.260039467,-0.000211153585574,-0.622578679208,433.075970579,0.619914668897,-214.717785708,-218.882829299,433.695885248,0.0632028192353,100.061013155
1382,55.28,-218.25488549,-0.000210472904632,-0.621599320701,433.07102348,0.618935588104,-214.717785708,-218.876695283,433.689959068,0.0631110255844,100.060911613
1383,55.32,-218.249700671,-0.000209786858281,-0.620622434143,433.066039286,0.617959117773,-214.717785708,-218.870532892,433.683998403,0.0630194818499,100.060810281
1384,55.36,-218.244485475,-0.00020909560067,-0.619648047779,433.061018416,0.616985285698,-214.717785708,-218.864342618,433.678003702,0.062928189601,100.060709161
1385,55.4,-218.239240366,-0.000208399634011,-0.618676195548,433.055961293,0.616014125355,-214.717785708,-218.858124961,433.671975418,0.0628371507133,100.060608254
1386,55.44,-218.23396581,-0.000207700031603,-0.617706917766,433.05086834,0.615045676583,-214.717785708,-218.851880427,433.665914017,0.0627463674136,100.060507561
1387,55.48,-218.228662274,-0.000206998779342,-0.616740261885,433.045739985,0.614079986545,-214.717785708,-218.845609535,433.659819972,0.0626558423257,100.060407086
1388,55.52,-218.223330227,-0.00020629922954,-0.615776282393,433.040576657,0.613117109807,-214.717785708,-218.839312809,433.653693766,0.0625655784634,100.060306832
1389,55.56,-218.217970138,-0.000205606586425,-0.61481504026,433.035378787,0.612157107637,-214.717785708,-218.832990785,433.647535895,0.0624755792023,100.060206801
1390,55.6,-218.212582477,-0.000204928193135,-0.613856602882,433.030146811,0.611200047494,-214.717785708,-218.826644008,433.641346859,0.0623858482786,100.060106997
1391,55.64,-218.207167714,-0.000204273181701,-0.612901044445,433.024881167,0.610246002919,-214.717785708,-218.820273032,433.63512717,0.062296389803,100.060007424
1392,55.68,-218.201726322,-0.000203650985525,-0.611948445492,433.019582294,0.609295052862,-214.717785708,-218.813878419,433.628877347,0.0622072082119,100.059908087
1393,55.72,-218.196258774,-0.000203068680277,-0.610998890808,433.014250637,0.608347279622,-214.717785708,-218.807460734,433.622597917,0.0621183081209,100.05980899
1394,55.76,-218.190765545,-0.000202528184116,-0.610052466352,433.008886642,0.607402766047,-214.717785708,-218.80102054,433.616289408,0.0620296941498,100.059710137
1395,55.8,-218.185247111,-0.000202025135842,-0.6091092568,433.003490759,0.606461593522,-214.717785708,-218.794558393,433.609952352,0.0619413708154,100.059611533
1396,55.84,-218.17970395,-0.000201550499556,-0.608169344374,432.99806344,0.605523841291,-214.717785708,-218.788074845,433.603587281,0.0618533425053,100.059513182
1397,55.88,-218.174136542,-0.000201093872283,-0.6072328081,432.992605142,0.604589586142,-214.717785708,-218.781570444,433.597194729,0.0617656134468,100.059415088
1398,55.92,-218.168545367,-0.000200646296301,-0.606299722556,432.987116324,0.603658901312,-214.717785708,-218.775045735,433.590775225,0.0616781876128,100.059317254
1399,55.96,-218.162930905,-0.000200201360438,-0.605370156472,432.981597445,0.602731854969,-214.717785708,-218.768501263,433.5843293,0.0615910686102,100.059219686
1400,56,-218.157293639,-0.00019975499378,-0.604444172404,432.97604897,0.60180850951,-214.717785708,-218.761937566,433.577857479,0.0615042596492,100.059122384
1401,56.04,-218.151634051,-0.000199304834359,-0.603521827683,432.970471363,0.6008889221,-214.717785708,-218.755355183,433.571360285,0.0614177636017,100.059025353
1402,56.08,-218.145952623,-0.000198849646257,-0.602603175198,432.964865092,0.599973145201,-214.717785708,-218.748754647,433.564838237,0.0613315830463,100.058928595
1403,56.12,-218.140249837,-0.000198388897402,-0.601688262499,432.959230627,0.599061225723,-214.717785708,-218.742136489,433.558291853,0.0612457202007,100.058832111
1404,56.16,-218.134526178,-0.00019792248389,-0.600777129671,432.95356844,0.598153203103,-214.717785708,-218.73550123,433.551721643,0.0611601767818,100.058735903
1405,56.2,-218.128782127,-0.000197450554557,-0.599869807936,432.947879004,0.59724910804,-214.717785708,-218.728849385,433.545128112,0.0610749539231,100.058639973
1406,56.24,-218.123018168,-0.000196973400418,-0.598966320175,432.942162796,0.596348962974,-214.717785708,-218.722181461,433.538511759,0.0609900522252,100.05854432
1407,56.28,-218.117234785,-0.00019649139164,-0.598066682445,432.936420292,0.595452783484,-214.717785708,-218.715497959,433.531873076,0.0609054718676,100.058448946
1408,56.32,-218.111432463,-0.000196004948274,-0.597170904683,432.930651973,0.594560578953,-214.717785708,-218.708799373,433.525212552,0.0608212126616,100.058353848
1409,56.36,-218.105611687,-0.000195514526425,-0.596278990272,432.924858321,0.5936723522,-214.717785708,-218.702086192,433.518530673,0.0607372740235,100.058259027
1410,56.4,-218.099772943,-0.000195020605295,-0.595390935802,432.919039819,0.592788099313,-214.717785708,-218.695358899,433.511827918,0.060653654961,100.058164482
1411,56.44,-218.093916715,-0.000194523676177,-0.594506732106,432.913196952,0.591907810659,-214.717785708,-218.688617971,433.505104763,0.0605703541444,100.058070211
1412,56.48,-218.088043489,-0.000194024239167,-0.593626365774,432.907330208,0.591031472282,-214.717785708,-218.681863879,433.498361681,0.0604873700087,100.057976212
1413,56.52,-218.082153748,-0.000193522805551,-0.59274981941,432.901440076,0.590159066101,-214.717785708,-218.67509709,433.491599143,0.0604047007707,100.057882484
1414,56.56,-218.076247976,-0.00019301989762,-0.591877070239,432.895527047,0.589290568567,-214.717785708,-218.668318066,433.484817616,0.0603223443346,100.057789024
1415,56.6,-218.070326657,-0.000192516022184,-0.59100808854,432.889591613,0.588425949204,-214.717785708,-218.661527261,433.478017562,0.0602402981866,100.05769583
1416,56.64,-218.064390274,-0.000192011602394,-0.590142837384,432.883634268,0.58756517044,-214.717785708,-218.654725123,433.471199438,0.0601585593798,100.057602898
1417,56.68,-218.05843931,-0.000191506927121,-0.589281273382,432.877655508,0.586708188385,-214.717785708,-218.64791209,433.464363697,0.0600771245916,100.057510225
1418,56.72,-218.052474251,-0.000191002215067,-0.588423346987,432.871655832,0.585854953135,-214.717785708,-218.6410886,433.457510785,0.0599959901565,100.057417807
1419,56.76,-218.046495579,-0.000190497781965,-0.587569001914,432.865635737,0.585005408159,-214.717785708,-218.634255079,433.450641145,0.0599151520319,100.057325641
1420,56.8,-218.04050378,-0.000189994160243,-0.586718174898,432.859595726,0.584159489997,-214.717785708,-218.627411949,433.443755216,0.0598346057756,100.057233721
1421,56.84,-218.034499338,-0.000189492030082,-0.585870797066,432.8535363,0.583317129504,-214.717785708,-218.620559627,433.436853429,0.0597543466241,100.057142042
1422,56.88,-218.028482737,-0.000188991966621,-0.585026796235,432.847457962,0.582478254021,-214.717785708,-218.613698525,433.429936216,0.0596743696371,100.0570506
1423,56.92,-218.022454461,-0.000188494157285,-0.584186098122,432.841361219,0.581642788538,-214.717785708,-218.606829053,433.423004008,0.0595946697831,100.05695939
1424,56.96,-218.016414995,-0.000187998288558,-0.583348625588,432.835246578,0.58081065507,-214.717785708,-218.599951619,433.416057233,0.0595152419018,100.056868405
1425,57,-218.010364823,-0.000187503693668,-0.582514297377,432.829114547,0.579981771676,-214.717785708,-218.593066624,433.409096318,0.0594360806293,100.056777641
1426,57.04,-218.004304428,-0.000187009658367,-0.581683028495,432.822965636,0.579156053074,-214.717785708,-218.586174466,433.402121689,0.0593571804212,100.056687092
1427,57.08,-217.998234294,-0.000186515685479,-0.580854732441,432.816800356,0.578333412906,-214.717785708,-218.579275542,433.395133769,0.0592785356881,100.056596753
1428,57.12,-217.992154903,-0.000186021616423,-0.580029323434,432.81061922,0.577513765757,-214.717785708,-218.572370248,433.388132986,0.059200140929,100.056506616
1429,57.16,-217.986066737,-0.000185527664301,-0.579206717047,432.804422741,0.576697027547,-214.717785708,-218.565458982,433.381119768,0.0591219907614,100.056416678
1430,57.2,-217.979970278,-0.000185034443709,-0.578386829905,432.798211432,0.575883115113,-214.717785708,-218.558542143,433.374094547,0.0590440798905,100.056326933
1431,57.24,-217.973866005,-0.000184542988412,-0.577569580345,432.79198581,0.575071946876,-214.717785708,-218.551620129,433.367057757,0.0589664031432,100.056237375
1432,57.28,-217.967754398,-0.000184054664511,-0.576754890635,432.785746391,0.574263445013,-214.717785708,-218.544693344,433.360009836,0.0588889556078,100.056147999
1433,57.32,-217.961635936,-0.00018357089757,-0.575942689138,432.779493693,0.573457537435,-214.717785708,-218.537762196,433.35295123,0.0588117327737,100.056058802
1434,57.36,-217.955511098,-0.000183092734936,-0.575132910619,432.773228234,0.572654157895,-214.717785708,-218.530827101,433.345882391,0.0587347305523,100.055969777
1435,57.4,-217.949380362,-0.000182620418092,-0.574325494809,432.766950534,0.571853244633,-214.717785708,-218.523888478,433.338803779,0.0586579451843,100.055880923
1436,57.44,-217.943244208,-0.000182153231091,-0.573520385116,432.760661116,0.571054739487,-214.717785708,-218.516946746,433.331715856,0.0585813731593,100.055792234
1437,57.48,-217.937103113,-0.000181689762586,-0.572717528709,432.754360502,0.570258588399,-214.717785708,-218.510002331,433.324619091,0.0585050112281,100.055703709
1438,57.52,-217.930957553,-0.000181228417562,-0.571916877231,432.748049216,0.569464742228,-214.717785708,-218.503055659,433.317513959,0.0584288564543,100.055615343
1439,57.56,-217.924808007,-0.000180767859109,-0.571118386723,432.741727783,0.568673156441,-214.717785708,-218.496107162,433.31040094,0.0583529062065,100.055527134
1440,57.6,-217.918654949,-0.000180307212266,-0.5703220167,432.735396729,0.56788379001,-214.717785708,-218.489157273,433.303280519,0.0582771580859,100.055439079
1441,57.64,-217.912498855,-0.000179846080267,-0.569527729895,432.729056578,0.567096605207,-214.717785708,-218.482206431,433.296153183,0.0582016098888,100.055351177
1442,57.68,-217.906340199,-0.000179384469903,-0.568735493569,432.722707858,0.566311569083,-214.717785708,-218.475255077,433.289019427,0.0581262596737,100.055263424
1443,57.72,-217.900179455,-0.000178922661371,-0.567945281348,432.716351095,0.565528655242,-214.717785708,-218.468303659,433.28187975,0.0580511058708,100.05517582
1444,57.76,-217.894017095,-0.000178461021403,-0.567157073757,432.709986816,0.564747844034,-214.717785708,-218.46135263,433.27473466,0.0579761473164,100.055088364
1445,57.8,-217.887853591,-0.000177999779534,-0.56637085713,432.70361555,0.563969121162,-214.717785708,-218.454402448,433.267584671,0.0579013831842,100.055001053
1446,57.84,-217.881689412,-0.000177538852388,-0.565586622505,432.697237823,0.563192476635,-214.717785708,-218.447453574,433.2604303,0.0578268129113,100.054913888
1447,57.88,-217.875525028,-0.000177077828771,-0.564804365908,432.690854165,0.562417905468,-214.717785708,-218.440506472,433.253272071,0.057752436215,100.054826869
1448,57.92,-217.869360907,-0.000176616128257,-0.564024089527,432.684465105,0.561645409164,-214.717785708,-218.433561612,433.246110514,0.0576782531717,100.054739994
1449,57.96,-217.863197513,-0.000176153198299,-0.563245802008,432.678071172,0.560874995924,-214.717785708,-218.426619468,433.238946168,0.0576042642427,100.054653266
1450,58,-217.857035312,-0.000175688603511,-0.562469517258,432.671672895,0.560106679098,-214.717785708,-218.419680518,433.231779574,0.0575304701971,100.054566683
1451,58.04,-217.850874768,-0.000175222002655,-0.561695253084,432.665270803,0.559340475654,-214.717785708,-218.412745243,433.224611279,0.0574568720166,100.054480248
1452,58.08,-217.844716341,-0.00017475312083,-0.560923031352,432.658865426,0.55857640651,-214.717785708,-218.405814126,433.217441833,0.0573834708938,100.054393961
1453,58.12,-217.838560495,-0.000174281784187,-0.560152879477,432.652457293,0.557814498278,-214.717785708,-218.398887656,433.210271792,0.0573102683247,100.054307823
1454,58.16,-217.832407688,-0.000173807987647,-0.559384831483,432.646046935,0.557054784319,-214.717785708,-218.391966328,433.203101719,0.0572372661827,100.054221838
1455,58.2,-217.826258381,-0.000173331956613,-0.558618927364,432.639634878,0.556297303891,-214.717785708,-218.385050641,433.195932182,0.0571644666853,100.054136005
1456,58.24,-217.820113031,-0.000172854225052,-0.557855211457,432.633221654,0.555542100423,-214.717785708,-218.378141097,433.188763755,0.0570918722901,100.054050329
1457,58.28,-217.813972095,-0.000172375772222,-0.557093731405,432.626807791,0.55478922068,-214.717785708,-218.371238203,433.181597012,0.0570194856192,100.053964811
1458,58.32,-217.807836028,-0.000171898214374,-0.556334538054,432.620393817,0.554038714941,-214.717785708,-218.364342464,433.174432532,0.056947309448,100.053879455
1459,58.36,-217.801705283,-0.00017142398678,-0.555577685182,432.613980261,0.553290636692,-214.717785708,-218.357454392,433.167270898,0.0568753466942,100.053794262
1460,58.4,-217.795580312,-0.000170956385461,-0.554823228074,432.607567652,0.552545040819,-214.717785708,-218.350574497,433.160112693,0.0568036003387,100.053709237
1461,58.44,-217.789461566,-0.000170499274983,-0.554071221615,432.601156518,0.551801981255,-214.717785708,-218.343703287,433.152958499,0.0567320733048,100.053624382
1462,58.48,-217.783349494,-0.000170056306176,-0.553321719285,432.594747387,0.551061509859,-214.717785708,-218.33684127,433.145808897,0.0566607683852,100.053539699
1463,58.52,-217.777244544,-0.000169629756264,-0.552574773339,432.588340788,0.550323676822,-214.717785708,-218.329988947,433.138664465,0.0565896882512,100.053455191
1464,58.56,-217.771147162,-0.0001692195419,-0.551830434989,432.581937249,0.549588531148,-214.717785708,-218.323146817,433.13152578,0.0565188354855,100.053370862
1465,58.6,-217.765057794,-0.000168823122494,-0.551088753461,432.575537298,0.548856119911,-214.717785708,-218.316315371,433.124393418,0.0564482125619,100.053286712
1466,58.64,-217.758976885,-0.000168436477744,-0.550349774488,432.569141465,0.548126486856,-214.717785708,-218.309495096,433.117267951,0.0563778217803,100.053202745
1467,58.68,-217.752904876,-0.000168055493678,-0.549613539761,432.562750276,0.547399672004,-214.717785708,-218.302686472,433.110149948,0.056307665229,100.053118962
1468,58.72,-217.746842212,-0.000167676891518,-0.548880087808,432.556364261,0.546675712733,-214.717785708,-218.295889976,433.103039974,0.0562377448164,100.053035366
1469,58.76,-217.740789331,-0.000167298445177,-0.548149455099,432.549983945,0.545954644924,-214.717785708,-218.289106084,433.09593859,0.0561680623206,100.052951958
1470,58.8,-217.734746673,-0.000166918794892,-0.54742167586,432.543609855,0.545236502518,-214.717785708,-218.282335268,433.088846357,0.0560986193748,100.05286874
1471,58.84,-217.728714675,-0.000166537182785,-0.546696780689,432.537242516,0.54452131572,-214.717785708,-218.275577993,433.081763832,0.0560294173852,100.052785712
1472,58.88,-217.722693772,-0.00016615324518,-0.54597479543,432.530882452,0.543809109683,-214.717785708,-218.268834721,433.074691562,0.0559604574574,100.052702877
1473,58.92,-217.716684397,-0.000165766888762,-0.545255741416,432.524530186,0.543099904901,-214.717785708,-218.262105905,433.067630091,0.0558917404008,100.052620235
1474,58.96,-217.710686979,-0.000165378226147,-0.544539636555,432.518186241,0.54239371856,-214.717785708,-218.255391994,433.06057996,0.055823266792,100.052537786
1475,59,-217.704701948,-0.00016498752816,-0.543826495946,432.511851137,0.541690565178,-214.717785708,-218.248693432,433.053541702,0.055755037021,100.052455531
1476,59.04,-217.69872973,-0.000164595166811,-0.543116331557,432.505525393,0.540990456077,-214.717785708,-218.242010657,433.046515849,0.0556870512852,100.05237347
1477,59.08,-217.69277075,-0.000164201546424,-0.542409151739,432.499209528,0.540293398732,-214.717785708,-218.235344103,433.039502927,0.0556193095645,100.052291602
1478,59.12,-217.686825431,-0.000163807041418,-0.541704961391,432.49290406,0.539599397073,-214.717785708,-218.228694199,433.032503457,0.0555518116264,100.052209928
1479,59.16,-217.680894194,-0.000163411980383,-0.5410037625,432.486609502,0.538908452329,-214.717785708,-218.222061369,433.025517954,0.0554845570546,100.052128448
1480,59.2,-217.674977459,-0.000163016707682,-0.54030555416,432.48032637,0.538220563174,-214.717785708,-218.21544603,433.018546934,0.0554175452556,100.05204716
1481,59.24,-217.669075642,-0.000162621687358,-0.53961033176,432.474055177,0.537535724718,-214.717785708,-218.208848596,433.011590902,0.0553507754172,100.051966063
1482,59.28,-217.663189158,-0.000162227545517,-0.538918086091,432.467796433,0.536853927301,-214.717785708,-218.202269472,433.004650361,0.0552842464549,100.051885158
1483,59.32,-217.657318419,-0.000161834965783,-0.538228803111,432.461550649,0.536175156149,-214.717785708,-218.195709057,432.997725805,0.0552179569896,100.051804441
1484,59.36,-217.651463834,-0.000161444456629,-0.537542464232,432.455318332,0.535499391772,-214.717785708,-218.189167743,432.990817724,0.0551519053582,100.051723912
1485,59.4,-217.645625811,-0.000161056119992,-0.536859046305,432.449099991,0.534826610102,-214.717785708,-218.182645913,432.983926601,0.0550860896211,100.051643568
1486,59.44,-217.639804754,-0.00016066958137,-0.536178521053,432.442896129,0.534156781931,-214.717785708,-218.176143945,432.977052911,0.0550205075467,100.051563407
1487,59.48,-217.634001067,-0.000160284144685,-0.535500854646,432.436707251,0.533489872479,-214.717785708,-218.169662206,432.970197124,0.054955156602,100.051483428
1488,59.52,-217.62821515,-0.000159899067429,-0.534826008257,432.43053386,0.532825842069,-214.717785708,-218.163201058,432.963359702,0.0548900339867,100.051403626
1489,59.56,-217.622447404,-0.000159513769866,-0.534153939477,432.424376456,0.532164647754,-214.717785708,-218.156760858,432.956541104,0.0548251367077,100.051323998
1490,59.6,-217.616698226,-0.000159127879373,-0.533484603653,432.418235536,0.531506244713,-214.717785708,-218.150341957,432.949741781,0.0547604616498,100.051244543
1491,59.64,-217.610968009,-0.000158741164859,-0.532817954393,432.412111598,0.530850586558,-214.717785708,-218.143944705,432.942962185,0.0546960056065,100.051165256
1492,59.68,-217.605257147,-0.000158353486099,-0.532153943485,432.406005136,0.530197624948,-214.717785708,-218.137569444,432.936202761,0.0546317652798,100.051086134
1493,59.72,-217.599566028,-0.000157964834133,-0.531492520942,432.399916641,0.529547309551,-214.717785708,-218.131216514,432.92946395,0.0545677372826,100.051007174
1494,59.76,-217.59389504,-0.000157575444298,-0.530833635484,432.393846603,0.528899588696,-214.717785708,-218.124886251,432.922746191,0.0545039181592,100.050928372
1495,59.8,-217.588244565,-0.000157185916705,-0.530177235091,432.38779551,0.52825441013,-214.717785708,-218.118578986,432.91604992,0.054440304415,100.050849724
1496,59.84,-217.582614986,-0.000156797304655,-0.529523267265,432.381763847,0.527611721273,-214.717785708,-218.112295051,432.909375568,0.0543768925394,100.050771228
1497,59.88,-217.577006682,-0.000156411153671,-0.528871679205,432.375752098,0.526971469145,-214.717785708,-218.106034773,432.902723567,0.0543136790278,100.05069288
1498,59.92,-217.57142003,-0.000156029430335,-0.528222418299,432.369760743,0.526333600616,-214.717785708,-218.099798478,432.896094343,0.0542506604146,100.050614675
1499,59.96,-217.565855404,-0.000155654231511,-0.527575432933,432.363790261,0.52569806316,-214.717785708,-218.093586491,432.889488324,0.0541878333122,100.050536612
1500,60,-217.560313174,-0.000155287232,-0.526930673119,432.357841129,0.525064805582,-214.717785708,-218.087399134,432.882905934,0.0541251944402,100.050458686
1501,60.04,-217.55479371,-0.000154929049088,-0.526288090589,432.351913821,0.52443377821,-214.717785708,-218.08123673,432.8763476,0.0540627406371,100.050380894
1502,60.08,-217.549297379,-0.000154578910716,-0.525647638556,432.346008812,0.523804932717,-214.717785708,-218.075099596,432.869813745,0.0540004688698,100.050303233
1503,60.12,-217.543824544,-0.000154234914992,-0.525009271647,432.340126571,0.523178222201,-214.717785708,-218.068988051,432.863304793,0.0539383762508,100.050225701
1504,60.16,-217.53837557,-0.00015389473368,-0.524372946189,432.334267566,0.522553601679,-214.717785708,-218.062902411,432.856821168,0.0538764600573,100.050148294
1505,60.2,-217.532950817,-0.000153556284105,-0.523738620492,432.328432265,0.521931028557,-214.717785708,-218.056842993,432.850363293,0.0538147177297,100.05007101
1506,60.24,-217.527550642,-0.000153218040368,-0.523106254811,432.322621129,0.521310462555,-214.717785708,-218.050810115,432.843931592,0.0537531468487,100.049993847
1507,60.28,-217.522175402,-0.00015287903028,-0.522475811059,432.31683462,0.520691865191,-214.717785708,-218.044804092,432.837526485,0.0536917451074,100.049916802
1508,60.32,-217.516825449,-0.000152538723653,-0.521847252657,432.311073195,0.520075199389,-214.717785708,-218.038825241,432.831148395,0.0536305102992,100.049839873
1509,60.36,-217.511501134,-0.000152196931205,-0.521220544703,432.30533731,0.519460429627,-214.717785708,-218.032873875,432.824797739,0.0535694403201,100.049763058
1510,60.4,-217.506202802,-0.000151853727599,-0.520595654327,432.299627414,0.518847522458,-214.717785708,-218.02695031,432.818474937,0.0535085331801,100.049686355
1511,60.44,-217.500930798,-0.00015150937668,-0.519972551104,432.293943958,0.518236447053,-214.717785708,-218.021054858,432.812180405,0.0534477870209,100.049609762
1512,60.48,-217.495685462,-0.000151164234978,-0.519351207518,432.288287386,0.517627175561,-214.717785708,-218.015187834,432.805914562,0.0533872001488,100.049533277
1513,60.52,-217.490467132,-0.00015081862303,-0.518731599504,432.282658141,0.517019683434,-214.717785708,-218.00934955,432.799677824,0.053326771078,100.049456899
1514,60.56,-217.485276141,-0.000150472696812,-0.518113706879,432.277056661,0.51641394975,-214.717785708,-218.003540321,432.793470611,0.0532664985603,100.049380626
1515,60.6,-217.480112823,-0.000150126398392,-0.517497513414,432.271483383,0.515809957459,-214.717785708,-217.997760463,432.787293341,0.0532063815857,100.049304458
1516,60.64,-217.474977506,-0.000149779541228,-0.516883006623,432.265938739,0.515207693448,-214.717785708,-217.992010292,432.781146433,0.0531464193636,100.049228393
1517,60.68,-217.469870516,-0.000149431988394,-0.516270177653,432.26042316,0.514607148516,-214.717785708,-217.986290125,432.775030308,0.0530866113164,100.049152432
1518,60.72,-217.464792177,-0.000149083822563,-0.515659021466,432.25493707,0.51400831739,-214.717785708,-217.980600282,432.768945387,0.0530269570957,100.049076572
1519,60.76,-217.459742809,-0.000148735450323,-0.515049537121,432.249480892,0.51341119878,-214.717785708,-217.974941082,432.762892091,0.0529674565994,100.049000816
1520,60.8,-217.454722729,-0.000148387648554,-0.514441727747,432.244055046,0.512815795274,-214.717785708,-217.969312845,432.756870841,0.052908109959,100.048925162
1521,60.84,-217.449732251,-0.000148041548643,-0.513835600168,432.238659947,0.512222113026,-214.717785708,-217.963715892,432.75088206,0.052848917504,100.048849611
1522,60.88,-217.444771683,-0.000147698499734,-0.513231164543,432.233296008,0.511630161406,-214.717785708,-217.958150546,432.744926169,0.0527898797349,100.048774163
1523,60.92,-217.439841333,-0.000147359760699,-0.51262843428,432.227963637,0.511039952784,-214.717785708,-217.952617127,432.73900359,0.0527309973275,100.048698819
1524,60.96,-217.434941505,-0.000147026081634,-0.512027426045,432.222663241,0.510451502394,-214.717785708,-217.947115957,432.733114743,0.0526722711476,100.04862358
1525,61,-217.4300725,-0.00014669738108,-0.511428159489,432.217395222,0.509864828143,-214.717785708,-217.941647357,432.72726005,0.052613702246,100.048548447
1526,61.04,-217.425234618,-0.000146372748122,-0.510830656728,432.21215998,0.509279950394,-214.717785708,-217.936211647,432.72143993,0.0525552918308,100.048473422
1527,61.08,-217.420428154,-0.000146050796714,-0.510234941998,432.20695791,0.5086968919,-214.717785708,-217.930809147,432.715654802,0.0524970412468,100.048398504
1528,61.12,-217.415653403,-0.000145730136192,-0.50964104164,432.201789406,0.508115677847,-214.717785708,-217.925440175,432.709905084,0.0524389519762,100.048323696
1529,61.16,-217.410910655,-0.00014540968854,-0.509048984058,432.196654856,0.507536335677,-214.717785708,-217.920105049,432.704191191,0.0523810256344,100.048249
1530,61.2,-217.406200198,-0.000145088781975,-0.508458799136,432.191554645,0.506958894401,-214.717785708,-217.914804086,432.698513539,0.0523232639251,100.048174417
1531,61.24,-217.401522316,-0.000144767105069,-0.507870517263,432.186489154,0.506383383641,-214.717785708,-217.9095376,432.692872537,0.0522656685641,100.048099949
1532,61.28,-217.39687729,-0.000144444602161,-0.507284168622,432.18145876,0.505809832969,-214.717785708,-217.904305903,432.687268593,0.0522082412214,100.048025597
1533,61.32,-217.392265398,-0.00014412135987,-0.506699783153,432.176463836,0.505238271868,-214.717785708,-217.899109302,432.681702108,0.0521509835177,100.047951363
1534,61.36,-217.387686915,-0.000143797543306,-0.506117390844,432.17150475,0.504668729924,-214.717785708,-217.893948104,432.67617348,0.0520938970531,100.047877249
1535,61.4,-217.383142114,-0.000143473424171,-0.505537021693,432.166581868,0.50410123672,-214.717785708,-217.888822609,432.670683105,0.052036983413,100.047803256
1536,61.44,-217.378631261,-0.000143149474032,-0.504958705244,432.16169555,0.503535821354,-214.717785708,-217.883733116,432.665231372,0.0519802441349,100.047729385
1537,61.48,-217.374154622,-0.000142826428259,-0.504382470274,432.156846152,0.502972512115,-214.717785708,-217.878679918,432.659818664,0.0519236806772,100.047655639
1538,61.52,-217.369712456,-0.00014250522091,-0.50380834504,432.152034026,0.502411336653,-214.717785708,-217.873663307,432.654445363,0.0518672944289,100.047582018
1539,61.56,-217.365305022,-0.000142186758767,-0.503236357732,432.147259521,0.501852322297,-214.717785708,-217.868683567,432.649111843,0.0518110867493,100.047508524
1540,61.6,-217.360932573,-0.000141871606279,-0.502666536414,432.142522981,0.501295495892,-214.717785708,-217.863740981,432.643818477,0.0517550589805,100.047435158
1541,61.64,-217.356595359,-0.000141559742124,-0.502098908269,432.137824746,0.500740883111,-214.717785708,-217.858835827,432.638565629,0.0516992124139,100.047361922
1542,61.68,-217.352293628,-0.000141250551186,-0.501533498823,432.133165152,0.500188507915,-214.717785708,-217.853968378,432.63335366,0.051643548247,100.047288816
1543,61.72,-217.348027626,-0.000140943077405,-0.500970331834,432.128544533,0.49963839269,-214.717785708,-217.849138901,432.628182926,0.0515880675776,100.047215842
1544,61.76,-217.343797594,-0.000140636376264,-0.500409429627,432.123963216,0.499090558702,-214.717785708,-217.84434766,432.623053775,0.0515327714277,100.047143
1545,61.8,-217.339603771,-0.000140329766157,-0.499850813057,432.119421525,0.498545026015,-214.717785708,-217.839594914,432.617966551,0.0514776607415,100.047070292
1546,61.84,-217.335446393,-0.000140022912244,-0.499294500781,432.114919779,0.498001812695,-214.717785708,-217.834880917,432.612921592,0.0514227363349,100.046997718
1547,61.88,-217.331325694,-0.000139715808155,-0.498740508534,432.110458293,0.497460934049,-214.717785708,-217.830205918,432.607919227,0.0513679988385,100.04692528
1548,61.92,-217.327241901,-0.000139408735244,-0.49818884928,432.106037377,0.496922402745,-214.717785708,-217.825570159,432.602959779,0.0513134486961,100.046852976
1549,61.96,-217.323195241,-0.000139102214659,-0.497639534121,432.101657336,0.496386229607,-214.717785708,-217.820973877,432.598043565,0.0512590862196,100.046780809
1550,62,-217.319185934,-0.000138796903246,-0.497092572937,432.097318471,0.495852424067,-214.717785708,-217.816417304,432.593170895,0.0512049116346,100.046708777
1551,62.04,-217.315214199,-0.000138493391921,-0.49654797405,432.093021079,0.495320993668,-214.717785708,-217.811900667,432.588342073,0.0511509250659,100.046636882
1552,62.08,-217.31128025,-0.000138191960846,-0.496005743335,432.088765451,0.494791943181,-214.717785708,-217.807424185,432.583557394,0.0510971264862,100.046565122
1553,62.12,-217.307384296,-0.000137892436865,-0.495465883752,432.084551876,0.494265274311,-214.717785708,-217.802988072,432.57881715,0.0510435156901,100.046493498
1554,62.16,-217.303526546,-0.000137594268065,-0.494928395545,432.080380635,0.493740986129,-214.717785708,-217.798592536,432.574121621,0.0509900923161,100.04642201
1555,62.2,-217.299707204,-0.000137296781377,-0.494393276394,432.076252009,0.493219075377,-214.717785708,-217.794237777,432.569471084,0.050936855868,100.046350656
1556,62.24,-217.295926471,-0.000136999462618,-0.493860520932,432.07216627,0.492699535995,-214.717785708,-217.789923992,432.564865806,0.0508838056885,100.046279436
1557,62.28,-217.292184546,-0.000136702115988,-0.493330120006,432.068123688,0.492182358342,-214.717785708,-217.785651368,432.560306046,0.0508309409061,100.04620835
1558,62.32,-217.288481624,-0.000136404870066,-0.492802060655,432.064124526,0.49166752907,-214.717785708,-217.781420089,432.555792055,0.0507782604172,100.046137396
1559,62.36,-217.284817894,-0.000136108062484,-0.492276326976,432.060169045,0.491155031868,-214.717785708,-217.777230329,432.551324077,0.0507257629278,100.046066573
1560,62.4,-217.281193545,-0.000135812040004,-0.491752900955,432.056257499,0.490644848147,-214.717785708,-217.773082258,432.546902347,0.0506734470061,100.045995879
1561,62.44,-217.277608758,-0.000135516941798,-0.491231762346,432.052390137,0.490136956837,-214.717785708,-217.768976038,432.542527094,0.0506213110852,100.045925313
1562,62.48,-217.274063714,-0.00013522258877,-0.490712887893,432.048567205,0.489631333686,-214.717785708,-217.764911825,432.538198538,0.0505693534273,100.045854873
1563,62.52,-217.270558589,-0.000134928569833,-0.49019625108,432.044788942,0.489127951228,-214.717785708,-217.760889768,432.533916893,0.0505175721157,100.045784558
1564,62.56,-217.267093555,-0.00013463447062,-0.489681823051,432.041055585,0.488626779875,-214.717785708,-217.756910013,432.529682365,0.050465965112,100.045714364
1565,62.6,-217.263668784,-0.000134340072904,-0.48916957395,432.037367363,0.488127789251,-214.717785708,-217.752972698,432.525495153,0.0504145303386,100.04564429
1566,62.64,-217.260284441,-0.000134045389082,-0.488659473495,432.033724503,0.487630948609,-214.717785708,-217.749077959,432.521355452,0.0503632657118,100.045574335
1567,62.68,-217.256940688,-0.000133750531869,-0.488151490623,432.030127224,0.487136226296,-214.717785708,-217.745225929,432.517263451,0.0503121691147,100.045504495
1568,62.72,-217.253637686,-0.000133455529107,-0.487645593113,432.026575743,0.486643589309,-214.717785708,-217.741416734,432.513219332,0.0502612383673,100.045434768
1569,62.76,-217.250375589,-0.000133160222674,-0.487141747896,432.023070269,0.486153003728,-214.717785708,-217.737650497,432.509223273,0.050210471244,100.045365153
1570,62.8,-217.247154549,-0.000132864325844,-0.486639921711,432.019611009,0.485664435504,-214.717785708,-217.733927335,432.505275444,0.0501598655189,100.045295647
1571,62.84,-217.243974715,-0.000132567576643,-0.486140081188,432.016198162,0.485177850609,-214.717785708,-217.730247364,432.501376012,0.0501094189804,100.045226248
1572,62.88,-217.240836233,-0.000132269835239,-0.485642192324,432.012831924,0.484693214422,-214.717785708,-217.726610696,432.497525139,0.050059129399,100.045156953
1573,62.92,-217.237739245,-0.000131971040949,-0.485146220187,432.009512486,0.484210491337,-214.717785708,-217.723017436,432.493722978,0.0500089945016,100.045087761
1574,62.96,-217.234683888,-0.000131671097009,-0.484652129567,432.006240033,0.483729645395,-214.717785708,-217.719467689,432.489969679,0.0499590120035,100.045018668
1575,63,-217.231670297,-0.000131369815587,-0.484159886075,432.003014745,0.483250641458,-214.717785708,-217.715961553,432.486265387,0.0499091796763,100.044949674
1576,63.04,-217.228698603,-0.00013106696939,-0.483669456603,431.999836797,0.482773445737,-214.717785708,-217.712499126,432.482610243,0.0498594953838,100.044880774
1577,63.08,-217.225768933,-0.000130762367729,-0.483180808816,431.996706359,0.48229802525,-214.717785708,-217.709080504,432.479004385,0.0498099570559,100.044811969
1578,63.12,-217.222881411,-0.000130455860311,-0.482693910531,431.993623596,0.481824347143,-214.717785708,-217.705705777,432.475447943,0.049760562647,100.044743255
1579,63.16,-217.220036156,-0.000130147283802,-0.482208729933,431.990588667,0.481352378885,-214.717785708,-217.702375033,432.471941046,0.0497113101417,100.04467463
1580,63.2,-217.217233284,-0.000129836439441,-0.48172523647,431.987601727,0.480882089222,-214.717785708,-217.699088357,432.468483817,0.0496621976065,100.044606093
1581,63.24,-217.214472908,-0.000129523123886,-0.481243401404,431.984662926,0.48041344875,-214.717785708,-217.695845832,432.465076374,0.0496132232252,100.044537641
1582,63.28,-217.211755135,-0.000129207151431,-0.480763197434,431.981772406,0.479946429497,-214.717785708,-217.69264754,432.461718835,0.0495643852779,100.044469273
1583,63.32,-217.209080071,-0.000128888337125,-0.480284597974,431.978930307,0.479481004163,-214.717785708,-217.689493557,432.458411311,0.0495156820949,100.044400987
1584,63.36,-217.206447816,-0.000128566482164,-0.47980757708,431.976136763,0.479017146061,-214.717785708,-217.68638396,432.455153909,0.0494671120471,100.044332782
1585,63.4,-217.20385847,-0.000128241386297,-0.4793321101,431.973391901,0.478554829812,-214.717785708,-217.683318821,432.451946731,0.0494186735802,100.044264656
1586,63.44,-217.201312126,-0.000127912857167,-0.47885817418,431.970695846,0.478094031845,-214.717785708,-217.680298213,432.448789878,0.0493703652451,100.044196607
1587,63.48,-217.198808875,-0.00012758070066,-0.47838574796,431.968048715,0.47763473008,-214.717785708,-217.677322204,432.445683445,0.0493221856849,100.044128634
1588,63.52,-217.196348807,-0.000127244713712,-0.477914810985,431.965450621,0.47717690332,-214.717785708,-217.674390862,432.442627524,0.0492741336051,100.044060736
1589,63.56,-217.193932004,-0.000126904687089,-0.477445343848,431.962901671,0.47672053141,-214.717785708,-217.671504252,432.439622202,0.0492262077807,100.043992911
1590,63.6,-217.191558548,-0.000126560406564,-0.476977329228,431.960401967,0.476265596294,-214.717785708,-217.668662437,432.436667563,0.0491784071141,100.043925159
1591,63.64,-217.189228514,-0.000126211651683,-0.476510752847,431.957951606,0.475812082988,-214.717785708,-217.665865479,432.433763689,0.0491307306911,100.043857478
1592,63.68,-217.186941977,-0.0001258581943,-0.476045603472,431.95555068,0.475359979571,-214.717785708,-217.663113438,432.43091066,0.0490831777831,100.043789868
1593,63.72,-217.184699003,-0.000125499794221,-0.47558187221,431.953199276,0.474909276454,-214.717785708,-217.660406375,432.428108552,0.0490357478081,100.043722329
1594,63.76,-217.18249966,-0.000125136195237,-0.475119552113,431.950897473,0.474459965966,-214.717785708,-217.657744348,432.425357439,0.0489884403051,100.043654858
1595,63.8,-217.180344008,-0.000124767124562,-0.47465863853,431.948645349,0.474012042725,-214.717785708,-217.655127414,432.422657392,0.0489412549501,100.043587457
1596,63.84,-217.178232107,-0.000124392291941,-0.474199129607,431.946442974,0.473565504146,-214.717785708,-217.652555628,432.420008478,0.0488941915807,100.043520126
1597,63.88,-217.176164011,-0.00012401138576,-0.473741026109,431.944290412,0.473120350273,-214.717785708,-217.650029048,432.417410763,0.0488472501864,100.043452863
1598,63.92,-217.174139772,-0.000123624067186,-0.473284330688,431.942187725,0.472676583036,-214.717785708,-217.647547727,432.414864308,0.0488004308661,100.043385669
1599,63.96,-217.172159438,-0.000123229965102,-0.472829047424,431.940134966,0.472234205795,-214.717785708,-217.645111715,432.412369172,0.0487537338027,100.043318545
1600,64,-217.170223054,-0.000122828673825,-0.47237518211,431.938132185,0.471793223623,-214.717785708,-217.642721064,432.409925409,0.0487071592762,100.04325149
1601,64.04,-217.168330659,-0.000122419751681,-0.471922742731,431.936179427,0.471353643788,-214.717785708,-217.640375821,432.40753307,0.0486607076883,100.043184505
1602,64.08,-217.166482291,-0.0001220027171,-0.471471739338,431.934276729,0.47091547563,-214.717785708,-217.638076033,432.405192205,0.0486143795545,100.043117591
1603,64.12,-217.164677983,-0.000121577041884,-0.47102218333,431.932424127,0.470478729835,-214.717785708,-217.635821743,432.402902857,0.0485681754633,100.043050748
1604,64.16,-217.162917765,-0.000121142144494,-0.470574086935,431.930621647,0.470043417912,-214.717785708,-217.633612994,432.400665065,0.0485220960483,100.042983977
1605,64.2,-217.161201662,-0.000120697385956,-0.470127463448,431.928869314,0.469609552434,-214.717785708,-217.631449823,432.398478867,0.0484761420001,100.042917278
1606,64.24,-217.159529698,-0.000120242067945,-0.469682327804,431.927167145,0.469177147624,-214.717785708,-217.629332268,432.396344293,0.0484303140962,100.042850652
1607,64.28,-217.157901892,-0.000119775430649,-0.469238696651,431.925515152,0.468746219429,-214.717785708,-217.627260364,432.394261372,0.0483846132023,100.0427841
1608,64.32,-217.156318259,-0.00011929664998,-0.468796587745,431.923913343,0.468316784916,-214.717785708,-217.625234143,432.392230128,0.0483390402365,100.042717623
1609,64.36,-217.154778811,-0.000118804837291,-0.468356019264,431.92236172,0.46788886159,-214.717785708,-217.623253635,432.390250582,0.048293596131,100.042651221
1610,64.4,-217.153283556,-0.000118299046319,-0.467917009651,431.920860279,0.467462467239,-214.717785708,-217.621318865,432.388322747,0.0482482818221,100.042584897
1611,64.44,-217.151832499,-0.000117778291611,-0.467479577772,431.919409013,0.467037620108,-214.717785708,-217.619429855,432.386446633,0.0482030982558,100.04251865
1612,64.48,-217.150425641,-0.000117241583013,-0.467043742787,431.918007906,0.466614338779,-214.717785708,-217.617586625,432.384622245,0.0481580463767,100.042452482
1613,64.52,-217.149062979,-0.000116687985141,-0.466609523594,431.916656941,0.466192641621,-214.717785708,-217.615789191,432.382849582,0.0481131270949,100.042386394
1614,64.56,-217.147744507,-0.000116116719731,-0.466176938388,431.915356092,0.465772546369,-214.717785708,-217.614037563,432.381128638,0.0480683412641,100.042320386
1615,64.6,-217.146470216,-0.000115527340004,-0.465746004852,431.914105329,0.465354070332,-214.717785708,-217.612331748,432.3794594,0.0480236896968,100.042254459
1616,64.64,-217.145240092,-0.000114920020315,-0.465316740723,431.912904619,0.464937230994,-214.717785708,-217.610671753,432.37784185,0.0479791731989,100.042188614
1617,64.68,-217.144054118,-0.000114296023431,-0.464889164033,431.911753921,0.464522046291,-214.717785708,-217.609057578,432.376275967,0.0479347925837,100.042122852
1618,64.72,-217.142912274,-0.00011365843061,-0.464463292757,431.910653189,0.464108534299,-214.717785708,-217.607489225,432.374761723,0.0478905486529,100.042057174
1619,64.76,-217.141814536,-0.000113013230055,-0.464039144315,431.909602372,0.463696712763,-214.717785708,-217.605966693,432.373299085,0.0478464421716,100.041991581
1620,64.8,-217.140760875,-0.000112370803149,-0.463616735503,431.908601415,0.463286599032,-214.717785708,-217.604489982,432.371888014,0.0478024738697,100.041926072
1621,64.84,-217.139751261,-0.000111747619689,-0.463196082817,431.907650255,0.462878210299,-214.717785708,-217.603059092,432.370528466,0.047758644459,100.04186065
1622,64.88,-217.138785659,-0.000111167434175,-0.462777202671,431.906748828,0.462471563591,-214.717785708,-217.601674029,432.369220392,0.047714954636,100.041795314
1623,64.92,-217.137864028,-0.000110660544636,-0.462360111245,431.905897062,0.462066675209,-214.717785708,-217.6003348,432.367963737,0.0476714050566,100.041730065
1624,64.96,-217.136986327,-0.000110259370768,-0.461944824226,431.905094882,0.461663559937,-214.717785708,-217.599041411,432.366758442,0.0476279963051,100.041664905
1625,65,-217.136152509,-0.000109989900196,-0.461531356674,431.904342207,0.461262230525,-214.717785708,-217.597793856,432.365604438,0.0475847288837,100.041599832
1626,65.04,-217.135362526,-0.000109861887982,-0.461119722699,431.903638954,0.460862697477,-214.717785708,-217.59659211,432.364501652,0.0475416032157,100.041534849
1627,65.08,-217.134616326,-0.000109863757627,-0.460709934457,431.902985036,0.460464968819,-214.717785708,-217.595436124,432.363450005,0.0474986196355,100.041469955
1628,65.12,-217.133913859,-0.0001099666111,-0.460302000671,431.90238036,0.46006904967,-214.717785708,-217.594325827,432.36244941,0.0474557783549,100.04140515
1629,65.16,-217.133255072,-0.000110135091169,-0.459895925585,431.901824831,0.45967494193,-214.717785708,-217.593261132,432.361499773,0.0474130794312,100.041340435
1630,65.2,-217.132639907,-0.000110337698496,-0.459491709101,431.901318348,0.45928264447,-214.717785708,-217.592241954,432.360600993,0.0473705227643,100.041275809
1631,65.24,-217.132068308,-0.000110551413541,-0.459089347792,431.900860807,0.458892153752,-214.717785708,-217.591268207,432.35975296,0.0473281081216,100.041211272
1632,65.28,-217.13154021,-0.000110761378292,-0.45868883589,431.900452096,0.458503464359,-214.717785708,-217.590339808,432.358955561,0.0472858351592,100.041146825
1633,65.32,-217.131055549,-0.000110958814496,-0.458290165718,431.900092102,0.458116569106,-214.717785708,-217.589456673,432.358208672,0.0472437034207,100.041082465
1634,65.36,-217.130614253,-0.000111139011194,-0.457893327732,431.899780705,0.457731458898,-214.717785708,-217.58861872,432.357512164,0.0472017123255,100.041018194
1635,65.4,-217.13021625,-0.000111299810746,-0.457498310629,431.89951778,0.457348122757,-214.717785708,-217.587825861,432.356865902,0.047159861172,100.04095401
1636,65.44,-217.129861462,-0.000111440594412,-0.45710510159,431.899303196,0.456966548043,-214.717785708,-217.587078004,432.356269744,0.0471181491539,100.040889912
1637,65.48,-217.129549808,-0.000111561640028,-0.45671368638,431.89913682,0.45658672056,-214.717785708,-217.586375056,432.355723541,0.047076575366,100.0408259
1638,65.52,-217.129281203,-0.000111663719075,-0.456324049127,431.899018513,0.456208624353,-214.717785708,-217.585716916,432.355227137,0.0470351387893,100.040761973
1639,65.56,-217.12905556,-0.000111747850562,-0.455936172061,431.898948129,0.455832241458,-214.717785708,-217.58510348,432.35478037,0.0469938382751,100.040698129
1640,65.6,-217.128872786,-0.000111815153281,-0.455550035555,431.89892552,0.455457551968,-214.717785708,-217.584534637,432.354383072,0.0469526725518,100.040634367
1641,65.64,-217.128732788,-0.000111866758786,-0.455165618476,431.898950532,0.455084534399,-214.717785708,-217.584010273,432.354035066,0.0469116402524,100.040570686
1642,65.68,-217.128635466,-0.000111903762818,-0.454782898481,431.899023006,0.45471316601,-214.717785708,-217.583530268,432.353736172,0.046870739937,100.040507084
1643,65.72,-217.12858072,-0.00011192719996,-0.454401852049,431.899142781,0.454343422835,-214.717785708,-217.583094499,432.353486204,0.0468299700943,100.04044356
1644,65.76,-217.128568445,-0.000111938032169,-0.454022454424,431.899309687,0.453975279638,-214.717785708,-217.582702837,432.353284967,0.0467893291377,100.040380113
1645,65.8,-217.128598532,-0.000111937145117,-0.453644679789,431.899523553,0.453608710096,-214.717785708,-217.582355149,432.353132263,0.0467488154177,100.04031674
1646,65.84,-217.12867087,-0.000111925348829,-0.453268501628,431.899784202,0.453243687166,-214.717785708,-217.582051297,432.353027889,0.0467084272476,100.04025344
1647,65.88,-217.128785344,-0.000111903381186,-0.452893893012,431.900091453,0.452880183385,-214.717785708,-217.581791141,432.352971636,0.0466681629237,100.040190212
1648,65.92,-217.128941837,-0.000111871913346,-0.45252082665,431.900445119,0.452518170922,-214.717785708,-217.581574536,432.35296329,0.0466280207274,100.040127054
1649,65.96,-217.129140227,-0.00011183155601,-0.452149274944,431.900845012,0.452157621627,-214.717785708,-217.581401334,432.353002634,0.0465879989258,100.040063963
1650,66,-217.12938039,-0.000111782865275,-0.451779210271,431.901290936,0.451798507313,-214.717785708,-217.581271383,432.353089444,0.0465480957885,100.040000939
1651,66.04,-217.129662198,-0.000111726347386,-0.451410605354,431.901782693,0.451440800137,-214.717785708,-217.58118453,432.353223493,0.0465083096142,100.039937979
1652,66.08,-217.129985522,-0.000111662462902,-0.451043433391,431.902320079,0.451084472735,-214.717785708,-217.581140618,432.353404552,0.046468638741,100.039875082
1653,66.12,-217.130350227,-0.00011159163127,-0.450677667815,431.902902888,0.450729497983,-214.717785708,-217.581139486,432.353632386,0.0464290815304,100.039812246
1654,66.16,-217.130756176,-0.00011151423595,-0.450313282032,431.903530907,0.450375848731,-214.717785708,-217.581180972,432.353906756,0.0463896363475,100.03974947
1655,66.2,-217.13120323,-0.000111430629164,-0.44995024948,431.904203921,0.450023497852,-214.717785708,-217.58126491,432.354227419,0.046350301561,100.039686752
1656,66.24,-217.131691246,-0.000111341135325,-0.449588543913,431.904921709,0.44967241853,-214.717785708,-217.581391131,432.354594128,0.0463110755621,100.039624091
1657,66.28,-217.132220077,-0.000111246053468,-0.449228139546,431.905684049,0.449322584421,-214.717785708,-217.581559462,432.355006633,0.0462719567771,100.039561484
1658,66.32,-217.132789574,-0.000111145659896,-0.448869010933,431.906490711,0.448973969534,-214.717785708,-217.58176973,432.35546468,0.0462329436607,100.039498931
1659,66.36,-217.133399583,-0.000111040211864,-0.448511132899,431.907341463,0.448626548164,-214.717785708,-217.582021757,432.355968012,0.0461940346888,100.039436429
1660,66.4,-217.134049951,-0.000110929951754,-0.448154480846,431.90823607,0.448280295181,-214.717785708,-217.582315362,432.356516366,0.0461552283748,100.039373978
1661,66.44,-217.134740517,-0.00011081511038,-0.447799031279,431.909174292,0.447935186549,-214.717785708,-217.582650364,432.357109478,0.0461165233014,100.039311575
1662,66.48,-217.135471122,-0.000110695908779,-0.447444762053,431.910155883,0.447591199577,-214.717785708,-217.58302658,432.357747083,0.0460779181388,100.039249221
1663,66.52,-217.136241601,-0.000110572559257,-0.447091652148,431.911180597,0.447248312715,-214.717785708,-217.583443826,432.35842891,0.0460394116321,100.039186912
1664,66.56,-217.137051788,-0.000110445266852,-0.446739681383,431.912248182,0.446906505252,-214.717785708,-217.583901914,432.359154688,0.04600100258,100.039124649
1665,66.6,-217.137901512,-0.000110314231162,-0.44638883049,431.913358382,0.446565757394,-214.717785708,-217.584400657,432.35992414,0.0459626898355,100.039062429
1666,66.64,-217.138790602,-0.000110179647327,-0.446039081523,431.914510939,0.446226050669,-214.717785708,-217.584939863,432.360736989,0.0459244723297,100.039000252
1667,66.68,-217.139718881,-0.000110041706194,-0.445690418086,431.915705588,0.445887368159,-214.717785708,-217.585519341,432.361592956,0.0458863490889,100.038938117
1668,66.72,-217.14068617,-0.000109900594076,-0.445342825127,431.916942064,0.445549694314,-214.717785708,-217.586138896,432.362491758,0.0458483192258,100.038876024
1669,66.76,-217.141692287,-0.000109756491404,-0.444996288616,431.918220096,0.445213014626,-214.717785708,-217.586798332,432.363433111,0.0458103819189,100.03881397
1670,66.8,-217.142737047,-0.000109609573948,-0.444650795593,431.919539411,0.44487731567,-214.717785708,-217.587497452,432.364416727,0.0457725364112,100.038751956
1671,66.84,-217.143820261,-0.000109460018484,-0.444306334548,431.920899731,0.444542585472,-214.717785708,-217.588236056,432.365442317,0.0457347820309,100.03868998
1672,66.88,-217.14494174,-0.000109308000449,-0.443962895643,431.922300776,0.444208813717,-214.717785708,-217.589013944,432.36650959,0.0456971182054,100.038628042
1673,66.92,-217.14610129,-0.000109153681804,-0.443620470449,431.923742261,0.443875991506,-214.717785708,-217.589830914,432.367618253,0.0456595444485,100.038566142
1674,66.96,-217.147298715,-0.00010899721583,-0.443279051583,431.925223899,0.443544111012,-214.717785708,-217.590686764,432.36876801,0.0456220603394,100.038504279
1675,67,-217.148533818,-0.000108838770893,-0.442938632791,431.926745399,0.443213165547,-214.717785708,-217.59158129,432.369958565,0.0455846655235,100.038442453
1676,67.04,-217.149806398,-0.00010867852695,-0.442599209488,431.928306467,0.442883150074,-214.717785708,-217.592514286,432.371189617,0.0455473597421,100.038380663
1677,67.08,-217.151116251,-0.00010851663359,-0.442260779165,431.929906805,0.4425540616,-214.717785708,-217.593485547,432.372460867,0.0455101428581,100.03831891
1678,67.12,-217.152463171,-0.000108353194521,-0.441923341208,431.931546113,0.442225899044,-214.717785708,-217.594494866,432.373772012,0.0454730148515,100.038257193
1679,67.16,-217.15384695,-0.000108188320219,-0.441586896462,431.933224087,0.441898662856,-214.717785708,-217.595542034,432.37512275,0.0454359757959,100.038195512
1680,67.2,-217.155267375,-0.000108022185747,-0.441251447146,431.934940419,0.441572354908,-214.717785708,-217.596626844,432.376512774,0.0453990258481,100.038133868
1681,67.24,-217.156724232,-0.000107855004326,-0.440916997194,431.936694801,0.441246978754,-214.717785708,-217.597749084,432.37794178,0.0453621652606,100.03807226
1682,67.28,-217.158217305,-0.000107686928947,-0.44058355241,431.938486919,0.440922539744,-214.717785708,-217.598908544,432.379409459,0.0453253943879,100.038010689
1683,67.32,-217.159746373,-0.000107517993336,-0.440251119988,431.940316457,0.440599044599,-214.717785708,-217.600105011,432.380915502,0.0452887136649,100.037949156
1684,67.36,-217.161311215,-0.000107348173062,-0.439919707756,431.942183097,0.440276500765,-214.717785708,-217.601338271,432.382459598,0.0452521235667,100.037887661
1685,67.4,-217.162911606,-0.000107177520739,-0.439589323909,431.944086517,0.439954916183,-214.717785708,-217.602608107,432.384041433,0.0452156245921,100.037826204
1686,67.44,-217.164547318,-0.000107006246043,-0.439259977438,431.946026392,0.439634299645,-214.717785708,-217.603914302,432.385660691,0.0451792172804,100.037764785
1687,67.48,-217.166218121,-0.000106834655641,-0.438931678607,431.948002395,0.439314661149,-214.717785708,-217.605256635,432.387317056,0.0451429022342,100.037703406
1688,67.52,-217.167923784,-0.000106662990144,-0.438604438781,431.950014197,0.438996011668,-214.717785708,-217.606634885,432.389010209,0.0451066801097,100.037642068
1689,67.56,-217.16966407,-0.000106491284658,-0.438278269737,431.952061465,0.438678362499,-214.717785708,-217.608048831,432.390739828,0.0450705515829,100.03758077
1690,67.6,-217.171438743,-0.000106319368214,-0.437953183202,431.954143864,0.438361724927,-214.717785708,-217.609498245,432.392505589,0.0450345173275,100.037519513
1691,67.64,-217.173247564,-0.000106147012571,-0.43762919108,431.956261056,0.43804611054,-214.717785708,-217.610982902,432.394307167,0.044998578028,100.037458298
1692,67.68,-217.175090293,-0.00010597412661,-0.437306305907,431.958412702,0.437731531719,-214.717785708,-217.612502573,432.396144234,0.0449627344029,100.037397126
1693,67.72,-217.176966685,-0.000105800870296,-0.436984540876,431.960598459,0.437418001596,-214.717785708,-217.614057026,432.398016461,0.0449269872014,100.037335997
1694,67.76,-217.178876493,-0.000105627631682,-0.436663909349,431.962817982,0.437105533481,-214.717785708,-217.61564603,432.399923515,0.0448913371726,100.037274913
1695,67.8,-217.180819469,-0.000105454882938,-0.436344424517,431.965070923,0.436794140399,-214.717785708,-217.617269349,432.401865063,0.0448557850433,100.037213873
1696,67.84,-217.182795362,-0.000105282972965,-0.436026099599,431.967356932,0.436483835225,-214.717785708,-217.618926744,432.403840768,0.0448203315299,100.037152879
1697,67.88,-217.184803917,-0.000105111953429,-0.435708948217,431.969675659,0.436174631065,-214.717785708,-217.620617977,432.405850291,0.0447849773635,100.037091931
1698,67.92,-217.186844881,-0.000104941545382,-0.435392984264,431.97202675,0.435866541233,-214.717785708,-217.622342807,432.407893291,0.0447497232886,100.037031031
1699,67.96,-217.188917997,-0.000104771277208,-0.435078221196,431.974409848,0.435559578706,-214.717785708,-217.62410099,432.409969426,0.0447145700289,100.036970178
1700,68,-217.191023008,-0.000104600704807,-0.434764671457,431.976824596,0.435253755647,-214.717785708,-217.62589228,432.412078351,0.0446795182543,100.036909373
1701,68.04,-217.193159651,-0.000104429585713,-0.434452346576,431.979270633,0.434949083516,-214.717785708,-217.627716427,432.414219717,0.0446445685805,100.036848617
1702,68.08,-217.195327665,-0.000104257953259,-0.434141257695,431.981747598,0.434645573516,-214.717785708,-217.629573181,432.416393172,0.0446097215917,100.036787911
1703,68.12,-217.197526783,-0.000104086119478,-0.433831415791,431.984255127,0.434343236726,-214.717785708,-217.631462285,432.418598363,0.0445749778481,100.036727255
1704,68.16,-217.199756738,-0.00010391463345,-0.433522831347,431.986792853,0.434042083681,-214.717785708,-217.633383484,432.420834936,0.0445403378664,100.03666665
1705,68.2,-217.202017257,-0.000103744173473,-0.433215513977,431.989360408,0.433742123926,-214.717785708,-217.635336515,432.423102532,0.0445058021006,100.036606095
1706,68.24,-217.204308069,-0.000103575351905,-0.432909472548,431.991957423,0.433443366074,-214.717785708,-217.637321117,432.425400789,0.0444713709525,100.036545592
1707,68.28,-217.206628899,-0.000103408482566,-0.432604715636,431.994583527,0.433145818239,-214.717785708,-217.639337023,432.427729345,0.0444370448019,100.036485141
1708,68.32,-217.208979472,-0.00010324343263,-0.432301251625,431.997238346,0.43284948819,-214.717785708,-217.641383967,432.430087835,0.0444028240184,100.036424742
1709,68.36,-217.211359511,-0.000103079664609,-0.431999088187,431.999921508,0.432554382966,-214.717785708,-217.643461678,432.432475891,0.0443687089377,100.036364396
1710,68.4,-217.213768736,-0.000102916452958,-0.431698231668,432.002632636,0.432260508403,-214.717785708,-217.645569885,432.434893145,0.0443346998302,100.036304103
1711,68.44,-217.21620687,-0.000102753135896,-0.431398687069,432.005371354,0.431967869185,-214.717785708,-217.64770831,432.437339224,0.0443007968972,100.036243862
1712,68.48,-217.218673628,-0.000102589262025,-0.431100458554,432.008137284,0.431676469334,-214.717785708,-217.649876676,432.439813753,0.0442670002939,100.036183675
1713,68.52,-217.221168728,-0.000102424602629,-0.430803549815,432.010930044,0.431386312517,-214.717785708,-217.652074702,432.442316357,0.0442333101421,100.036123541
1714,68.56,-217.223691883,-0.000102259099546,-0.430507963819,432.013749255,0.431097401748,-214.717785708,-217.654302106,432.444846656,0.0441997265121,100.036063461
1715,68.6,-217.226242804,-0.000102092834339,-0.430213702301,432.016594532,0.430809738874,-214.717785708,-217.656558599,432.447404271,0.0441662493937,100.036003434
1716,68.64,-217.228821201,-0.000101926058185,-0.429920765689,432.019465492,0.430523324487,-214.717785708,-217.658843893,432.449988816,0.0441328786916,100.035943461
1717,68.68,-217.231426781,-0.000101759255244,-0.429629153559,432.022361748,0.430238158313,-214.717785708,-217.661157693,432.452599907,0.0440996142494,100.035883541
1718,68.72,-217.234059248,-0.000101593168065,-0.429338864993,432.025282915,0.429954239507,-214.717785708,-217.663499706,432.455237154,0.0440664558688,100.035823673
1719,68.76,-217.236718306,-0.000101428718985,-0.429049898345,432.028228603,0.429671566345,-214.717785708,-217.665869633,432.45790017,0.0440334032965,100.035763859
1720,68.8,-217.239403658,-0.000101266804652,-0.428762250621,432.031198425,0.429390135584,-214.717785708,-217.668267175,432.460588561,0.0440004561939,100.035704098
1721,68.84,-217.242115003,-0.000101108008115,-0.428475917188,432.03419199,0.429109942159,-214.717785708,-217.670692028,432.463301932,0.043967614128,100.035644388
1722,68.88,-217.244852042,-0.000100952356264,-0.428190892034,432.037208909,0.428830979476,-214.717785708,-217.673143887,432.466039889,0.0439348765928,100.03558473
1723,68.92,-217.247614474,-0.000100799281374,-0.427907168154,432.04024879,0.428553239884,-214.717785708,-217.675622441,432.46880203,0.0439022430368,100.035525123
1724,68.96,-217.250401995,-0.000100647836126,-0.42762473755,432.043311243,0.42827671479,-214.717785708,-217.67812738,432.471587958,0.0438697128665,100.035465567
1725,69,-217.253214302,-0.000100497027243,-0.427343590948,432.046395875,0.428001394467,-214.717785708,-217.68065839,432.474397269,0.0438372854301,100.035406062
1726,69.04,-217.25605109,-0.000100346071722,-0.427063717767,432.049502293,0.427727268057,-214.717785708,-217.683215154,432.477229561,0.0438049600122,100.035346605
1727,69.08,-217.258912053,-0.000100194492208,-0.426785106551,432.052630103,0.427454323973,-214.717785708,-217.685797355,432.480084427,0.0437727358531,100.035287197
1728,69.12,-217.261796884,-0.000100042089166,-0.426507745482,432.055778912,0.427182550353,-214.717785708,-217.688404671,432.482961463,0.0437406121702,100.035227837
1729,69.16,-217.264705271,-9.98888467291e-05,-0.426231622446,432.058948325,0.42691193507,-214.717785708,-217.691036783,432.48586026,0.0437085881572,100.035168524
1730,69.2,-217.267636905,-9.97348088969e-05,-0.425956724675,432.062137945,0.426642465336,-214.717785708,-217.693693364,432.48878041,0.0436766629615,100.035109257
1731,69.24,-217.270591471,-9.95799682843e-05,-0.425683038491,432.065347376,0.426374127441,-214.717785708,-217.69637409,432.491721503,0.0436448356734,100.035050036
1732,69.28,-217.273568656,-9.9424219567e-05,-0.425410549491,432.068576221,0.426106906965,-214.717785708,-217.699078629,432.494683128,0.0436131053403,100.03499086
1733,69.32,-217.276568142,-9.92674063552e-05,-0.425139242972,432.071824083,0.425840789222,-214.717785708,-217.701806652,432.497664873,0.0435814709911,100.034931727
1734,69.36,-217.279589612,-9.91094337243e-05,-0.424869104113,432.075090565,0.425575759442,-214.717785708,-217.704557826,432.500666324,0.0435499316438,100.034872637
1735,69.4,-217.282632748,-9.89503814839e-05,-0.424600117824,432.078375267,0.425311802599,-214.717785708,-217.707331816,432.503687069,0.0435184862949,100.034813589
1736,69.44,-217.285697228,-9.87905812328e-05,-0.424332268629,432.081677791,0.425048903296,-214.717785708,-217.710128287,432.506726694,0.0434871339139,100.034754582
1737,69.48,-217.288782731,-9.86306678341e-05,-0.4240655409,432.084997739,0.424787045988,-214.717785708,-217.712946903,432.509784785,0.0434558734606,100.034695614
1738,69.52,-217.291888934,-9.84716079812e-05,-0.42379991926,432.08833471,0.424526215363,-214.717785708,-217.715787325,432.512860926,0.0434247039098,100.034636686
1739,69.56,-217.295015513,-9.8314657562e-05,-0.423535388719,432.091688307,0.424266396422,-214.717785708,-217.718649216,432.515954703,0.0433936242591,100.034577795
1740,69.6,-217.298162141,-9.81611752659e-05,-0.423271934423,432.095058129,0.424007574164,-214.717785708,-217.721532237,432.519065703,0.0433626335156,100.034518942
1741,69.64,-217.301328494,-9.80122705767e-05,-0.423009541338,432.098443778,0.423749733215,-214.717785708,-217.724436047,432.522193511,0.0433317306829,100.034460124
1742,69.68,-217.304514243,-9.78683971512e-05,-0.422748194212,432.101844855,0.423492857812,-214.717785708,-217.727360306,432.525337713,0.0433009147679,100.034401342
1743,69.72,-217.307719062,-9.7729128978e-05,-0.422487877781,432.105260963,0.423236932088,-214.717785708,-217.730304669,432.528497895,0.0432701848007,100.034342594
1744,69.76,-217.310942622,-9.75933027833e-05,-0.422228576896,432.108691704,0.422981940319,-214.717785708,-217.733268792,432.531673644,0.0432395398448,100.03428388
1745,69.8,-217.314184596,-9.74594498747e-05,-0.421970276417,432.11213668,0.422727866917,-214.717785708,-217.736252332,432.534864547,0.043208978989,100.034225198
1746,69.84,-217.317444654,-9.73262302382e-05,-0.421712961101,432.115595495,0.422474696354,-214.717785708,-217.739254941,432.538070191,0.0431785013356,100.034166548
1747,69.88,-217.320722467,-9.71926532908e-05,-0.421456615729,432.119067752,0.422222413262,-214.717785708,-217.742276275,432.541290165,0.0431481060011,100.034107929
1748,69.92,-217.324017703,-9.70580980144e-05,-0.42120122541,432.122553055,0.421971002683,-214.717785708,-217.745315986,432.544524058,0.0431177921251,100.03404934
1749,69.96,-217.327330031,-9.6922252579e-05,-0.420946775763,432.126051009,0.421720450208,-214.717785708,-217.748373729,432.547771459,0.0430875588739,100.03399078
1750,70,-217.330659118,-9.67850446532e-05,-0.420693252829,432.129561216,0.421470741882,-214.717785708,-217.751449156,432.551031958,0.04305740543,100.033932249
1751,70.04,-217.33400463,-9.66465792988e-05,-0.42044064291,432.133083282,0.421221864051,-214.717785708,-217.75454192,432.554305146,0.0430273309834,100.033873747
1752,70.08,-217.337366233,-9.6507094493e-05,-0.42018893259,432.136616811,0.420973803402,-214.717785708,-217.757651673,432.557590615,0.0429973347367,100.033815271
1753,70.12,-217.340743589,-9.636693053e-05,-0.419938108961,432.140161409,0.420726547166,-214.717785708,-217.760778065,432.560887957,0.0429674159198,100.033756822
1754,70.16,-217.344136362,-9.62264769214e-05,-0.419688159821,432.143716681,0.420480083256,-214.717785708,-217.763920748,432.564196765,0.0429375737999,100.033698398
1755,70.2,-217.347544213,-9.60860617914e-05,-0.41943907369,432.147282234,0.420234400206,-214.717785708,-217.767079372,432.567516634,0.0429078076795,100.03364
1756,70.24,-217.350966802,-9.59458113832e-05,-0.419190839724,432.150857674,0.419989487061,-214.717785708,-217.770253587,432.570847161,0.0428781168934,100.033581626
1757,70.28,-217.354403791,-9.58055717722e-05,-0.418943447703,432.154442609,0.419745333422,-214.717785708,-217.773443044,432.574187942,0.0428485008163,100.033523277
1758,70.32,-217.357854839,-9.56649635775e-05,-0.418696888114,432.158036648,0.419501929631,-214.717785708,-217.776647393,432.577538578,0.0428189588736,100.033464951
1759,70.36,-217.361319609,-9.55235353089e-05,-0.418451152207,432.1616394,0.419259266893,-214.717785708,-217.779866284,432.580898667,0.0427894905443,100.033406648
1760,70.4,-217.364797757,-9.53809006423e-05,-0.418206231943,432.165250475,0.419017337229,-214.717785708,-217.78309937,432.584267812,0.0427600953509,100.033348368
1761,70.44,-217.368288945,-9.52367781731e-05,-0.417962119943,432.168869484,0.418776133365,-214.717785708,-217.786346302,432.587645618,0.0427307728494,100.03329011
1762,70.48,-217.371792829,-9.50909559341e-05,-0.417718809526,432.17249604,0.418535648743,-214.717785708,-217.789606729,432.591031688,0.0427015226301,100.033231874
1763,70.52,-217.375309066,-9.49432613108e-05,-0.417476294844,432.176129753,0.41829587763,-214.717785708,-217.792880304,432.594425631,0.0426723443261,100.03317366
1764,70.56,-217.378837312,-9.47935842493e-05,-0.417234570935,432.179770238,0.418056815194,-214.717785708,-217.796166676,432.597827053,0.0426432376177,100.033115467
1765,70.6,-217.382377222,-9.46419377893e-05,-0.416993633688,432.183417109,0.417818457461,-214.717785708,-217.799465498,432.601235567,0.0426142022269,100.033057296
1766,70.64,-217.385928453,-9.44885221098e-05,-0.416753479781,432.187069982,0.417580801266,-214.717785708,-217.802776421,432.604650783,0.0425852379128,100.032999145
1767,70.68,-217.389490658,-9.43337903204e-05,-0.416514106692,432.190728471,0.417343844278,-214.717785708,-217.806099098,432.608072315,0.0425563444742,100.032941016
1768,70.72,-217.393063491,-9.41785349891e-05,-0.416275512719,432.194392196,0.417107585043,-214.717785708,-217.809433183,432.611499781,0.042527521755,100.032882907
1769,70.76,-217.396646608,-9.40239872554e-05,-0.416037696914,432.198060773,0.416872022917,-214.717785708,-217.812778329,432.614932796,0.0424987696427,100.032824819
1770,70.8,-217.40023966,-9.3871866257e-05,-0.415800658943,432.201733823,0.416637157876,-214.717785708,-217.816134191,432.618370981,0.0424700880596,100.032766752
1771,70.84,-217.403842301,-9.37242679964e-05,-0.415564399004,432.205410968,0.416402990344,-214.717785708,-217.819500425,432.621813958,0.0424414769562,100.032708705
1772,70.88,-217.407454184,-9.35832875531e-05,-0.41532891787,432.209091828,0.416169521129,-214.717785708,-217.822876685,432.625261349,0.0424129363165,100.03265068
1773,70.92,-217.411074961,-9.3450400477e-05,-0.415094216893,432.212776029,0.415936751373,-214.717785708,-217.826262628,432.62871278,0.0423844661657,100.032592675
1774,70.96,-217.414704286,-9.33258692846e-05,-0.414860297818,432.216463196,0.415704682401,-214.717785708,-217.829657909,432.632167879,0.0423560665686,100.032534691
1775,71,-217.418341812,-9.32085698858e-05,-0.414627162455,432.220152959,0.415473315538,-214.717785708,-217.833062183,432.635626274,0.0423277376195,100.032476729
1776,71.04,-217.421987196,-9.30964126457e-05,-0.414394812495,432.223844946,0.415242652089,-214.717785708,-217.836475105,432.639087598,0.0422994794342,100.032418788
1777,71.08,-217.425640093,-9.29870864606e-05,-0.414163249618,432.22753879,0.415012693544,-214.717785708,-217.83989633,432.642551483,0.0422712921533,100.032360869
1778,71.12,-217.429300158,-9.2878649307e-05,-0.413932475718,432.231234123,0.414783441812,-214.717785708,-217.843325512,432.646017565,0.0422431759471,100.032302971
1779,71.16,-217.432967047,-9.27697337255e-05,-0.413702492982,432.234930581,0.414554899245,-214.717785708,-217.846762309,432.64948548,0.0422151310114,100.032245096
1780,71.2,-217.436640414,-9.2659481272e-05,-0.413473303767,432.238627799,0.414327068444,-214.717785708,-217.850206377,432.652954868,0.0421871575503,100.032187243
1781,71.24,-217.440319915,-9.25474054623e-05,-0.413244910488,432.242325417,0.41409995209,-214.717785708,-217.853657372,432.656425369,0.0421592557614,100.032129413
1782,71.28,-217.444005203,-9.24332801778e-05,-0.413017315691,432.246023073,0.413873552966,-214.717785708,-217.857114952,432.659896626,0.0421314258355,100.032071606
1783,71.32,-217.447695932,-9.23170672676e-05,-0.412790522168,432.249720409,0.413647874076,-214.717785708,-217.860578772,432.663368283,0.0421036679633,100.032013821
1784,71.36,-217.451391757,-9.21988706614e-05,-0.412564532921,432.253417066,0.413422918624,-214.717785708,-217.864048489,432.666839985,0.0420759823357,100.031956061
1785,71.4,-217.455092331,-9.20789003969e-05,-0.412339350963,432.257112689,0.413198689848,-214.717785708,-217.867523761,432.670311379,0.0420483691344,100.031898324
1786,71.44,-217.458797309,-9.19574338111e-05,-0.412114979205,432.260806924,0.412975190898,-214.717785708,-217.871004245,432.673782115,0.0420208285243,100.03184061
1787,71.48,-217.462506344,-9.18347618153e-05,-0.41189142058,432.264499419,0.412752424926,-214.717785708,-217.874489599,432.677251844,0.0419933606598,100.031782921
1788,71.52,-217.466219092,-9.17111181969e-05,-0.411668678209,432.268189822,0.412530395246,-214.717785708,-217.877979481,432.680720217,0.0419659656962,100.031725257
1789,71.56,-217.469935206,-9.15866248797e-05,-0.411446755357,432.271877784,0.412309105297,-214.717785708,-217.881473548,432.68418689,0.0419386437903,100.031667617
1790,71.6,-217.473654344,-9.14613085458e-05,-0.411225655146,432.27556296,0.412088558426,-214.717785708,-217.88497146,432.687651518,0.041911395088,100.031610001
1791,71.64,-217.477376159,-9.13352052553e-05,-0.411005380354,432.279245003,0.411868757722,-214.717785708,-217.888472874,432.691113761,0.0418842197113,100.031552411
1792,71.68,-217.481100307,-9.12084984722e-05,-0.410785933522,432.28292357,0.411649706125,-214.717785708,-217.891977449,432.694573276,0.0418571177626,100.031494845
1793,71.72,-217.484826442,-9.10816073418e-05,-0.410567317238,432.28659832,0.411431406647,-214.717785708,-217.895484841,432.698029727,0.0418300893379,100.031437305
1794,71.76,-217.488554221,-9.09551718745e-05,-0.41034953422,432.290268913,0.411213862387,-214.717785708,-217.898994711,432.701482775,0.0418031345319,100.031379791
1795,71.8,-217.492283299,-9.08299239191e-05,-0.41013258707,432.293935012,0.410997076232,-214.717785708,-217.902506716,432.704932088,0.0417762534263,100.031322302
1796,71.84,-217.496013331,-9.07064685231e-05,-0.409916477979,432.297596281,0.410781050515,-214.717785708,-217.906020515,432.708377332,0.041749446076,100.031264839
1797,71.88,-217.499743975,-9.05850521491e-05,-0.409701208662,432.301252388,0.410565786943,-214.717785708,-217.909535769,432.711818175,0.0417227125092,100.031207401
1798,71.92,-217.50347489,-9.04654427719e-05,-0.409486780501,432.304903002,0.41035128678,-214.717785708,-217.913052135,432.715254289,0.0416960527411,100.031149989
1799,71.96,-217.507205733,-9.03470133429e-05,-0.409273194571,432.308547796,0.410137550967,-214.717785708,-217.916569275,432.718685347,0.0416694667801,100.031092604
1800,72,-217.510936167,-9.02289885001e-05,-0.409060451422,432.312186442,0.409924580009,-214.717785708,-217.920086847,432.722111022,0.0416429546164,100.031035244
1801,72.04,-217.514665851,-9.01107043073e-05,-0.40884855085,432.315818618,0.409712373812,-214.717785708,-217.923604513,432.725530992,0.0416165162039,100.03097791
1802,72.08,-217.518394447,-8.99917562437e-05,-0.408637491965,432.319444002,0.409500931735,-214.717785708,-217.927121931,432.728944934,0.0415901514572,100.030920603
1803,72.12,-217.522121618,-8.98720186342e-05,-0.408427273499,432.323062275,0.409290252861,-214.717785708,-217.930638763,432.732352528,0.0415638602633,100.030863321
1804,72.16,-217.525847024,-8.97515788683e-05,-0.408217894034,432.326673119,0.409080336157,-214.717785708,-217.93415467,432.735753455,0.041537642493,100.030806065
1805,72.2,-217.529570329,-8.96306195975e-05,-0.408009351914,432.33027622,0.408871180333,-214.717785708,-217.937669312,432.7391474,0.0415114979956,100.030748835
1806,72.24,-217.533291195,-8.9509272651e-05,-0.407801645036,432.333871264,0.408662783583,-214.717785708,-217.94118235,432.742534048,0.0414854265882,100.030691631
1807,72.28,-217.537009287,-8.93874952713e-05,-0.407594770854,432.337457942,0.408455143573,-214.717785708,-217.944693445,432.745913086,0.0414594280573,100.030634452
1808,72.32,-217.540724268,-8.9265039726e-05,-0.407388726623,432.341035945,0.408248257712,-214.717785708,-217.948202259,432.749284203,0.0414335021768,100.030577299
1809,72.36,-217.544435803,-8.91415388208e-05,-0.407183509588,432.344604968,0.408042123409,-214.717785708,-217.951708454,432.752647091,0.041407648721,100.030520171
1810,72.4,-217.548143557,-8.90166334754e-05,-0.406979116872,432.348164707,0.407836738011,-214.717785708,-217.955211691,432.756001445,0.0413818674593,100.030463068
1811,72.44,-217.551847197,-8.88900360707e-05,-0.406775545211,432.351714861,0.407632098529,-214.717785708,-217.958711632,432.759346959,0.041356158138,100.03040599
1812,72.48,-217.55554639,-8.87615028345e-05,-0.406572790881,432.355255132,0.407428201532,-214.717785708,-217.962207942,432.762683334,0.0413305204721,100.030348937
1813,72.52,-217.559240802,-8.86307824611e-05,-0.406370849931,432.358785224,0.407225043337,-214.717785708,-217.965700283,432.766010267,0.0413049541566,100.030291908
1814,72.56,-217.562930105,-8.84976085644e-05,-0.406169718413,432.362304842,0.407022620244,-214.717785708,-217.969188321,432.769327463,0.0412794588801,100.030234903
1815,72.6,-217.566613967,-8.83617319272e-05,-0.405969392317,432.365813696,0.406820928489,-214.717785708,-217.972671721,432.772634625,0.0412540343218,100.030177922
1816,72.64,-217.57029206,-8.82229479088e-05,-0.405769867289,432.369311496,0.406619963982,-214.717785708,-217.976150151,432.77593146,0.0412286801359,100.030120965
1817,72.68,-217.573964059,-8.80811038024e-05,-0.405571138501,432.372797957,0.406419722175,-214.717785708,-217.979623278,432.779217679,0.0412033959428,100.030064032
1818,72.72,-217.577629635,-8.79361075434e-05,-0.405373200836,432.376272792,0.406220198253,-214.717785708,-217.983090772,432.78249299,0.0411781813397,100.030007121
1819,72.76,-217.581288464,-8.77879543578e-05,-0.405176049181,432.379735722,0.40602138741,-214.717785708,-217.986552302,432.785757109,0.0411530359171,100.029950234
1820,72.8,-217.584940222,-8.7636774653e-05,-0.404979678455,432.383186466,0.405823284899,-214.717785708,-217.990007537,432.789009751,0.0411279592607,100.029893368
1821,72.84,-217.588584582,-8.74829133659e-05,-0.404784083367,432.386624747,0.405625885816,-214.717785708,-217.993456149,432.792250633,0.0411029509396,100.029836525
1822,72.88,-217.592221224,-8.73270560454e-05,-0.404589258253,432.390050292,0.405429184951,-214.717785708,-217.996897809,432.795479477,0.0410780104961,100.029779704
1823,72.92,-217.595849824,-8.71704065989e-05,-0.404395197198,432.393462829,0.405233176921,-214.717785708,-218.000332192,432.798696006,0.0410531374543,100.029722904
1824,72.96,-217.599470062,-8.7014895875e-05,-0.404201894318,432.396862087,0.405037856422,-214.717785708,-218.003758971,432.801899943,0.0410283313364,100.029666125
1825,73,-217.603081617,-8.6863341656e-05,-0.404009343812,432.4002478,0.404843218242,-214.717785708,-218.007177824,432.805091018,0.0410035916672,100.029609366
1826,73.04,-217.606684171,-8.67193910123e-05,-0.403817539737,432.403619704,0.404649256957,-214.717785708,-218.01058843,432.808268961,0.0409789179641,100.029552627
1827,73.08,-217.610277406,-8.65870300624e-05,-0.403626475786,432.406977538,0.404455966609,-214.717785708,-218.013990468,432.811433504,0.0409543097278,100.029495909
1828,73.12,-217.613861006,-8.64695849381e-05,-0.403436145329,432.410321043,0.404263340626,-214.717785708,-218.017383621,432.814584384,0.0409297664494,100.029439209
1829,73.16,-217.617434658,-8.63685243276e-05,-0.403246541561,432.413649965,0.404071371944,-214.717785708,-218.020767568,432.817721337,0.0409052876284,100.029382529
1830,73.2,-217.62099805,-8.6282754147e-05,-0.403057657433,432.416964051,0.403880053055,-214.717785708,-218.02414199,432.820844105,0.0408808727798,100.029325867
1831,73.24,-217.624550873,-8.62089700744e-05,-0.402869485289,432.420263055,0.403689375867,-214.717785708,-218.027506568,432.823952431,0.0408565214237,100.029269223
1832,73.28,-217.628092821,-8.6142896377e-05,-0.402682016571,432.42354673,0.403499331621,-214.717785708,-218.030860981,432.827046061,0.0408322330698,100.029212597
1833,73.32,-217.631623589,-8.60805823124e-05,-0.402495241945,432.426814834,0.403309911064,-214.717785708,-218.034204911,432.830124745,0.0408080072157,100.029155989
1834,73.36,-217.635142872,-8.60190716052e-05,-0.402309151757,432.430067129,0.403121104847,-214.717785708,-218.037538043,432.833188234,0.0407838433581,100.029099397
1835,73.4,-217.638650368,-8.59564317961e-05,-0.40212373641,432.433303376,0.402932903796,-214.717785708,-218.040860061,432.83623628,0.0407597410016,100.029042822
1836,73.44,-217.642145776,-8.58915093891e-05,-0.401938986401,432.436523343,0.402745298877,-214.717785708,-218.044170654,432.839268642,0.0407356996528,100.028986263
1837,73.48,-217.645628796,-8.58236741563e-05,-0.401754892187,432.439726797,0.402558281026,-214.717785708,-218.047469512,432.842285078,0.0407117188091,100.02892972
1838,73.52,-217.649099128,-8.57526260865e-05,-0.401571444218,432.44291351,0.402371841167,-214.717785708,-218.050756325,432.845285351,0.0406877979601,100.028873192
1839,73.56,-217.652556475,-8.56782668984e-05,-0.401388633191,432.446083254,0.402185970461,-214.717785708,-218.054030786,432.848269225,0.0406639366031,100.028816679
1840,73.6,-217.656000542,-8.56006227813e-05,-0.40120645028,432.449235807,0.402000660522,-214.717785708,-218.057292592,432.851236468,0.0406401342559,100.028760181
1841,73.64,-217.659431034,-8.55198016356e-05,-0.401024887103,432.452370946,0.401815903382,-214.717785708,-218.060541441,432.85418685,0.040616390455,100.028703697
1842,73.68,-217.66284766,-8.54359701616e-05,-0.400843935531,432.455488454,0.401631691306,-214.717785708,-218.063777031,432.857120145,0.0405927047458,100.028647227
1843,73.72,-217.666250128,-8.53493381439e-05,-0.400663587653,432.458588113,0.401448016767,-214.717785708,-218.066999065,432.86003613,0.0405690766815,100.028590771
1844,73.76,-217.669638148,-8.52601443856e-05,-0.40048383597,432.461669711,0.40126487264,-214.717785708,-218.070207244,432.862934584,0.0405455058358,100.028534328
1845,73.8,-217.673011432,-8.51686471388e-05,-0.400304673601,432.464733037,0.401082252409,-214.717785708,-218.073401275,432.86581529,0.0405219918143,100.028477898
1846,73.84,-217.676369693,-8.50751225814e-05,-0.400126094244,432.467777883,0.400900150132,-214.717785708,-218.076580862,432.868678033,0.0404985342522,100.02842148
1847,73.88,-217.679712643,-8.49798690614e-05,-0.399948091933,432.470804042,0.400718560214,-214.717785708,-218.079745715,432.871522602,0.0404751328004,100.028365075
1848,73.92,-217.683039999,-8.48832017853e-05,-0.399770660905,432.473811313,0.400537477275,-214.717785708,-218.082895543,432.874348791,0.0404517871188,100.028308682
1849,73.96,-217.686351478,-8.47854134177e-05,-0.399593795728,432.476799495,0.400356896256,-214.717785708,-218.086030059,432.877156392,0.0404284968842,100.028252301
1850,74,-217.6896468,-8.46867053532e-05,-0.399417491509,432.479768391,0.40017681261,-214.717785708,-218.089148978,432.879945204,0.0404052618024,100.028195932
1851,74.04,-217.692925688,-8.45871501617e-05,-0.399241743898,432.482717806,0.399997222318,-214.717785708,-218.092252019,432.882715028,0.0403820816096,100.028139575
1852,74.08,-217.696187866,-8.44867466966e-05,-0.399066548886,432.485647548,0.399818121751,-214.717785708,-218.095338901,432.88546567,0.0403589560626,100.028083229
1853,74.12,-217.699433059,-8.43855515804e-05,-0.398891902659,432.488557427,0.399639507566,-214.717785708,-218.098409347,432.888196935,0.0403358849299,100.028026895
1854,74.16,-217.702660995,-8.42838005063e-05,-0.398717801674,432.491447257,0.39946137678,-214.717785708,-218.10146308,432.890908634,0.040312867995,100.027970572
1855,74.2,-217.705871403,-8.41819383643e-05,-0.398544242861,432.494316853,0.399283726901,-214.717785708,-218.104499828,432.89360058,0.0402899050641,100.02791426
1856,74.24,-217.709064015,-8.40805300403e-05,-0.398371223649,432.497166035,0.399106555867,-214.717785708,-218.107519319,432.896272591,0.0402669959661,100.027857959
1857,74.28,-217.712238563,-8.39800765085e-05,-0.398198741752,432.499994622,0.398929861778,-214.717785708,-218.110521285,432.898924484,0.040244140541,100.02780167
1858,74.32,-217.715394783,-8.38808102101e-05,-0.398026794924,432.502802441,0.398753642639,-214.717785708,-218.113505458,432.901556083,0.0402213386315,100.027745391
1859,74.36,-217.718532411,-8.37825796968e-05,-0.397855380894,432.505589316,0.398577896356,-214.717785708,-218.116471574,432.904167213,0.0401985900846,100.027689124
1860,74.4,-217.721651188,-8.36849041732e-05,-0.397684497494,432.50835508,0.398402620931,-214.717785708,-218.11941937,432.9067577,0.0401758947634,100.027632867
1861,74.44,-217.724750855,-8.35871695384e-05,-0.397514142759,432.511099563,0.398227814642,-214.717785708,-218.122348585,432.909327377,0.0401532525513,100.027576622
1862,74.48,-217.727831157,-8.34888372834e-05,-0.3973443149,432.513822601,0.39805347605,-214.717785708,-218.12525896,432.911876078,0.0401306633468,100.027520388
1863,74.52,-217.730891838,-8.33895469568e-05,-0.397175012256,432.516524034,0.397879603961,-214.717785708,-218.12815024,432.914403638,0.0401081270558,100.027464164
1864,74.56,-217.733932647,-8.32890930129e-05,-0.397006233392,432.5192037,0.397706197481,-214.717785708,-218.131022169,432.916909897,0.040085643593,100.027407952
1865,74.6,-217.736953332,-8.3187342246e-05,-0.396837977306,432.521861442,0.397533256185,-214.717785708,-218.133874497,432.919394699,0.0400632128926,100.027351751
1866,74.64,-217.739953646,-8.30841737682e-05,-0.396670243564,432.524497108,0.397360780217,-214.717785708,-218.136706974,432.921857888,0.0400408349143,100.027295561
1867,74.68,-217.742933341,-8.29794886601e-05,-0.396503032234,432.527110543,0.397188770227,-214.717785708,-218.139519353,432.924299313,0.0400185096389,100.027239382
1868,74.72,-217.745892171,-8.28732820348e-05,-0.396336343741,432.5297016,0.397017227228,-214.717785708,-218.142311388,432.926718827,0.0399962370584,100.027183215
1869,74.76,-217.748829893,-8.27657327865e-05,-0.396170178794,432.53227013,0.396846152526,-214.717785708,-218.145082838,432.929116282,0.0399740171726,100.027127059
1870,74.8,-217.751746266,-8.26572773649e-05,-0.396004538435,432.534815989,0.396675547777,-214.717785708,-218.147833461,432.931491537,0.0399518499925,100.027070915
1871,74.84,-217.754641049,-8.25486665572e-05,-0.395839424078,432.537339036,0.396505415026,-214.717785708,-218.150563022,432.933844452,0.0399297355444,100.027014782
1872,74.88,-217.757514008,-8.24409975898e-05,-0.395674837422,432.539839131,0.396335756603,-214.717785708,-218.153271286,432.936174888,0.0399076738674,100.026958662
1873,74.92,-217.760364907,-8.23356653314e-05,-0.395510780303,432.542316138,0.39616657494,-214.717785708,-218.155958023,432.938482713,0.0398856650066,100.026902553
1874,74.96,-217.763193516,-8.22341514497e-05,-0.395347254598,432.544769921,0.395997872409,-214.717785708,-218.158623005,432.940767793,0.0398637090106,100.026846457
1875,75,-217.765999605,-8.21376334036e-05,-0.395184262219,432.54720035,0.39582965126,-214.717785708,-218.161266005,432.943030001,0.0398418059368,100.026790373
1876,75.04,-217.768782948,-8.20465477718e-05,-0.395021805073,432.549607297,0.395661913579,-214.717785708,-218.1638868,432.94526921,0.0398199558547,100.026734302
1877,75.08,-217.771543321,-8.19603703394e-05,-0.39485988492,432.551990636,0.395494661196,-214.717785708,-218.166485167,432.947485297,0.0397981588432,100.026678243
1878,75.12,-217.774280504,-8.18777979855e-05,-0.394698503173,432.554350245,0.395327895613,-214.717785708,-218.169060885,432.949678141,0.0397764149826,100.026622198
1879,75.16,-217.776994276,-8.17972297188e-05,-0.394537660823,432.556686005,0.395161618021,-214.717785708,-218.171613734,432.951847623,0.0397547243489,100.026566165
1880,75.2,-217.779684422,-8.17172291157e-05,-0.394377358567,432.558997799,0.394995829453,-214.717785708,-218.174143498,432.953993628,0.0397330870146,100.026510146
1881,75.24,-217.782350727,-8.16367433357e-05,-0.394217597021,432.561285511,0.394830530964,-214.717785708,-218.176649961,432.956116042,0.0397115030533,100.026454141
1882,75.28,-217.784992979,-8.15551055383e-05,-0.394058376868,432.563549031,0.394665723726,-214.717785708,-218.179132911,432.958214755,0.0396899725397,100.026398149
1883,75.32,-217.787610968,-8.14719607945e-05,-0.393899698892,432.565788249,0.39450140903,-214.717785708,-218.181592139,432.960289658,0.0396684955469,100.026342172
1884,75.36,-217.790204486,-8.13871953708e-05,-0.393741563966,432.568003057,0.394337588275,-214.717785708,-218.184027438,432.962340645,0.0396470721439,100.026286208
1885,75.4,-217.79277333,-8.1300873636e-05,-0.393583973085,432.570193351,0.394174262997,-214.717785708,-218.186438604,432.964367614,0.0396257023975,100.026230259
1886,75.44,-217.795317298,-8.12131675526e-05,-0.393426927411,432.572359027,0.394011434926,-214.717785708,-218.188825438,432.966370462,0.039604386376,100.026174324
1887,75.48,-217.797836189,-8.11242744241e-05,-0.393270428286,432.574499986,0.393849105967,-214.717785708,-218.191187742,432.968349092,0.0395831241498,100.026118404
1888,75.52,-217.800329807,-8.10343402583e-05,-0.39311447716,432.576616129,0.393687278119,-214.717785708,-218.193525318,432.970303408,0.039561915787,100.026062499
1889,75.56,-217.802797956,-8.09434281594e-05,-0.392959075501,432.578707361,0.393525953404,-214.717785708,-218.195837975,432.972233315,0.0395407613499,100.026006608
1890,75.6,-217.805240443,-8.08515655857e-05,-0.392804224756,432.580773589,0.39336513386,-214.717785708,-218.198125519,432.974138723,0.0395196608946,100.025950733
1891,75.64,-217.807657077,-8.07588570774e-05,-0.392649926348,432.58281472,0.393204821576,-214.717785708,-218.200387762,432.976019542,0.0394986144711,100.025894874
1892,75.68,-217.81004767,-8.06655991233e-05,-0.392496181685,432.584830667,0.393045018668,-214.717785708,-218.202624517,432.977875686,0.0394776221213,100.02583903
1893,75.72,-217.812412035,-8.05723303875e-05,-0.392342992107,432.586821343,0.39288572719,-214.717785708,-218.2048356,432.97970707,0.0394566838744,100.025783201
1894,75.76,-217.81474999,-8.04797825352e-05,-0.392190358809,432.588786662,0.392726948992,-214.717785708,-218.207020829,432.981513611,0.0394357997421,100.025727389
1895,75.8,-217.817061353,-8.03887255658e-05,-0.392038282761,432.590726544,0.392568685594,-214.717785708,-218.209180025,432.98329523,0.0394149697185,100.025671592
1896,75.84,-217.819345947,-8.02997339231e-05,-0.391886764635,432.592640909,0.39241093809,-214.717785708,-218.211313011,432.985051847,0.0393941937813,100.025615812
1897,75.88,-217.821603595,-8.02129600945e-05,-0.391735804739,432.59452968,0.392253707084,-214.717785708,-218.213419613,432.986783387,0.0393734718933,100.025560047
1898,75.92,-217.823834125,-8.01280485856e-05,-0.391585402955,432.596392782,0.39209699267,-214.717785708,-218.215499656,432.988489775,0.0393528040026,100.025504299
1899,75.96,-217.826037366,-8.00442671574e-05,-0.391435558709,432.598230145,0.391940794489,-214.717785708,-218.217552969,432.990170939,0.0393321900428,100.025448567
1900,76,-217.828213151,-7.99607817336e-05,-0.391286271009,432.600041697,0.391785111831,-214.717785708,-218.219579383,432.991826809,0.0393116299337,100.025392851
1901,76.04,-217.830361316,-7.98769055794e-05,-0.391137538526,432.601827373,0.391629943757,-214.717785708,-218.221578732,432.993457317,0.0392911235813,100.025337151
1902,76.08,-217.832481699,-7.97922157774e-05,-0.390989359675,432.603587107,0.391475289182,-214.717785708,-218.223550851,432.995062396,0.0392706708767,100.025281468
1903,76.12,-217.834574141,-7.97065571521e-05,-0.390841732683,432.605320835,0.391321146926,-214.717785708,-218.225495581,432.996641982,0.0392502716958,100.025225801
1904,76.16,-217.836638486,-7.96200044575e-05,-0.39069465564,432.607028498,0.391167515747,-214.717785708,-218.227412761,432.998196014,0.0392299258992,100.025170151
1905,76.2,-217.838674578,-7.95328215327e-05,-0.390548126547,432.608710036,0.391014394355,-214.717785708,-218.229302237,432.99972443,0.0392096333347,100.025114516
1906,76.24,-217.840682266,-7.94454065314e-05,-0.390402143333,432.610365392,0.390861781376,-214.717785708,-218.231163854,433.001227173,0.0391893938388,100.025058898
1907,76.28,-217.842661401,-7.93581872681e-05,-0.390256703837,432.61199451,0.390709675279,-214.717785708,-218.232997463,433.002704186,0.0391692072373,100.025003296
1908,76.32,-217.844611836,-7.92714615362e-05,-0.390111805765,432.61359734,0.390558074278,-214.717785708,-218.234802913,433.004155414,0.0391490733452,100.02494771
1909,76.36,-217.846533427,-7.91852525185e-05,-0.38996744664,432.615173829,0.390406976284,-214.717785708,-218.236580059,433.005580806,0.0391289919665,100.02489214
1910,76.4,-217.848426034,-7.90992839327e-05,-0.389823623754,432.616723931,0.390256378915,-214.717785708,-218.238328757,433.00698031,0.0391089628964,100.024836586
1911,76.44,-217.850289517,-7.90131107407e-05,-0.389680334127,432.618247598,0.390106279548,-214.717785708,-218.240048864,433.008353878,0.0390889859214,100.024781048
1912,76.48,-217.852123741,-7.89263240654e-05,-0.389537574508,432.619744787,0.389956675381,-214.717785708,-218.241740242,433.009701463,0.0390690608184,100.024725526
1913,76.52,-217.853928574,-7.88386992271e-05,-0.389395341427,432.621215456,0.389807563507,-214.717785708,-218.243402754,433.01102302,0.0390491873543,100.024670019
1914,76.56,-217.855703886,-7.87502119689e-05,-0.38925363131,432.622659566,0.389658940962,-214.717785708,-218.245036267,433.012318507,0.0390293652878,100.024614528
1915,76.6,-217.85744955,-7.86609384875e-05,-0.389112440552,432.624077077,0.389510804742,-214.717785708,-218.246640652,433.013587881,0.0390095943708,100.024559052
1916,76.64,-217.859165442,-7.85709108157e-05,-0.38897176551,432.625467953,0.389363151739,-214.717785708,-218.248215778,433.014831105,0.038989874349,100.024503591
1917,76.68,-217.86085144,-7.84800171802e-05,-0.388831602424,432.626832162,0.389215978663,-214.717785708,-218.249761523,433.01604814,0.0389702049591,100.024448146
1918,76.72,-217.862507426,-7.8388012324e-05,-0.388691947345,432.62816967,0.389069282021,-214.717785708,-218.251277762,433.017238952,0.0389505859286,100.024392715
1919,76.76,-217.864133284,-7.82946192357e-05,-0.388552796174,432.629480447,0.388923058201,-214.717785708,-218.252764375,433.018403505,0.0389310169777,100.0243373
1920,76.8,-217.865728902,-7.81996212956e-05,-0.388414144764,432.630764465,0.388777303582,-214.717785708,-218.254221246,433.019541768,0.0389114978247,100.024281899
1921,76.84,-217.867294168,-7.81028629081e-05,-0.388275989005,432.632021697,0.388632014587,-214.717785708,-218.25564826,433.020653712,0.0388920281886,100.024226512
1922,76.88,-217.868828977,-7.80041833643e-05,-0.388138324832,432.63325212,0.388487187662,-214.717785708,-218.257045306,433.021739307,0.0388726077888,100.02417114
1923,76.92,-217.870333224,-7.79033730087e-05,-0.388001148213,432.634455709,0.388342819267,-214.717785708,-218.258412276,433.022798529,0.0388532363457,100.024115782
1924,76.96,-217.871806806,-7.78001922058e-05,-0.387864455187,432.635632446,0.388198905934,-214.717785708,-218.259749062,433.023831352,0.0388339135835,100.024060438
1925,77,-217.873249624,-7.76944095504e-05,-0.38772824193,432.636782309,0.388055444342,-214.717785708,-218.261055561,433.024837753,0.0388146392333,100.024005107
1926,77.04,-217.874661581,-7.75858076736e-05,-0.387592504772,432.637905283,0.387912431318,-214.717785708,-218.262331671,433.025817714,0.0387954130333,100.023949791
1927,77.08,-217.87604258,-7.74741658029e-05,-0.387457240121,432.63900135,0.387769863766,-214.717785708,-218.263577294,433.026771214,0.0387762347238,100.023894488
1928,77.12,-217.87739253,-7.73592549388e-05,-0.387322444392,432.640070499,0.387627738595,-214.717785708,-218.264792334,433.027698238,0.0387571040439,100.023839198
1929,77.16,-217.878711341,-7.72408457787e-05,-0.387188114028,432.641112717,0.38748605275,-214.717785708,-218.265976696,433.028598769,0.0387380207323,100.023783922
1930,77.2,-217.879998927,-7.71187090582e-05,-0.387054245591,432.642127992,0.387344803298,-214.717785708,-218.267130291,433.029472796,0.0387189845321,100.023728659
1931,77.24,-217.881255205,-7.69926090725e-05,-0.386920835803,432.643116318,0.387203987466,-214.717785708,-218.268253034,433.030320305,0.0386999951928,100.023673409
1932,77.28,-217.882480096,-7.68623001583e-05,-0.386787881491,432.644077686,0.387063602589,-214.717785708,-218.26934484,433.031141289,0.0386810524674,100.023618172
1933,77.32,-217.883673523,-7.67275244239e-05,-0.386655379508,432.645012092,0.386923646031,-214.717785708,-218.27040563,433.031935738,0.0386621561071,100.023562948
1934,77.36,-217.884835413,-7.65880089009e-05,-0.386523326755,432.645919532,0.386784115209,-214.717785708,-218.271435328,433.032703647,0.038643305863,100.023507737
1935,77.4,-217.885965693,-7.64434655354e-05,-0.386391720293,432.646800004,0.386645007702,-214.717785708,-218.272433857,433.033445012,0.0386245014912,100.023452538
1936,77.44,-217.887064295,-7.62935950957e-05,-0.386260557416,432.647653507,0.386506321331,-214.717785708,-218.273401146,433.034159828,0.0386057427575,100.023397351
1937,77.48,-217.888131152,-7.61380958411e-05,-0.386129835615,432.648480042,0.386368054123,-214.717785708,-218.274337126,433.034848097,0.0385870294348,100.023342177
1938,77.52,-217.889166201,-7.59766807065e-05,-0.3859995525,432.649279613,0.386230204238,-214.717785708,-218.27524173,433.035509817,0.038568361298,100.023287015
1939,77.56,-217.890169382,-7.5809108064e-05,-0.385869705806,432.650052223,0.386092769988,-214.717785708,-218.276114896,433.036144993,0.038549738125,100.023231865
1940,77.6,-217.891140635,-7.56352340337e-05,-0.385740293515,432.650797878,0.385955749955,-214.717785708,-218.276956564,433.036753628,0.0385311597022,100.023176727
1941,77.64,-217.892079907,-7.54550992509e-05,-0.385611313955,432.651516585,0.385819143095,-214.717785708,-218.277766676,433.037335728,0.0385126258303,100.023121601
1942,77.68,-217.892987144,-7.52690689972e-05,-0.385482765756,432.652208352,0.385682948715,-214.717785708,-218.278545178,433.037891301,0.0384941363219,100.023066487
1943,77.72,-217.893862297,-7.50780528706e-05,-0.38535464774,432.65287319,0.385547166369,-214.717785708,-218.279292022,433.038420356,0.0384756909952,100.023011385
1944,77.76,-217.894705319,-7.48838324489e-05,-0.385226958876,432.653511109,0.385411795844,-214.717785708,-218.280007162,433.038922905,0.0384572896739,100.022956295
1945,77.8,-217.895516166,-7.46895063362e-05,-0.38509969838,432.654122123,0.385276837262,-214.717785708,-218.280690554,433.03939896,0.0384389321938,100.022901216
1946,77.84,-217.896294798,-7.44999907478e-05,-0.384972865827,432.654706245,0.385142291177,-214.717785708,-218.281342164,433.039848536,0.0384206184125,100.022846149
1947,77.88,-217.897041174,-7.43223573181e-05,-0.384846461126,432.655263491,0.385008158493,-214.717785708,-218.281961958,433.04027165,0.038402348209,100.022791094
1948,77.92,-217.89775526,-7.41655792951e-05,-0.384720484378,432.655793879,0.384874440212,-214.717785708,-218.28254991,433.040668319,0.0383841214777,100.022736051
1949,77.96,-217.898437023,-7.40391890447e-05,-0.384594935761,432.656297428,0.384741137145,-214.717785708,-218.283105998,433.041038565,0.0383659381227,100.022681019
1950,78,-217.899086432,-7.39507560402e-05,-0.38446981548,432.656774157,0.384608249724,-214.717785708,-218.283630198,433.041382407,0.038347798059,100.022626
1951,78.04,-217.899703461,-7.3903057957e-05,-0.384345123673,432.657224092,0.384475777874,-214.717785708,-218.284122488,433.04169987,0.0383297012152,100.022570992
1952,78.08,-217.900288088,-7.38926446485e-05,-0.384220860119,432.657647257,0.38434372091,-214.717785708,-218.28458284,433.041990978,0.0383116475304,100.022515996
1953,78.12,-217.900840294,-7.39110181667e-05,-0.38409702387,432.65804368,0.384212077458,-214.717785708,-218.285011228,433.042255758,0.0382936369454,100.022461012
1954,78.16,-217.901360064,-7.39477848282e-05,-0.383973613072,432.658413391,0.384080845541,-214.717785708,-218.285407625,433.042494236,0.0382756693958,100.022406041
1955,78.2,-217.901847388,-7.39936815476e-05,-0.383850625158,432.65875642,0.383950022822,-214.717785708,-218.285772006,433.042706443,0.0382577448136,100.022351081
1956,78.24,-217.902302257,-7.40419584068e-05,-0.383728057239,432.659072801,0.383819606926,-214.717785708,-218.286104356,433.042892408,0.0382398631344,100.022296134
1957,78.28,-217.902724666,-7.40882841761e-05,-0.383605906402,432.659362567,0.383689595608,-214.717785708,-218.28640466,433.043052163,0.0382220242995,100.022241199
1958,78.32,-217.903114612,-7.41301147253e-05,-0.383484169792,432.659625754,0.383559986756,-214.717785708,-218.286672912,433.043185741,0.0382042282515,100.022186276
1959,78.36,-217.903472096,-7.41660933338e-05,-0.383362844629,432.659862398,0.383430778339,-214.717785708,-218.286909107,433.043293176,0.0381864749289,100.022131366
1960,78.4,-217.90379712,-7.41956050961e-05,-0.383241928302,432.660072536,0.383301968481,-214.717785708,-218.287113244,433.043374505,0.0381687642706,100.022076469
1961,78.44,-217.904089688,-7.42184791671e-05,-0.383121418545,432.660256208,0.383173555624,-214.717785708,-218.287285325,433.043429764,0.0381510962254,100.022021584
1962,78.48,-217.90434981,-7.42348027539e-05,-0.383001313503,432.660413454,0.383045538593,-214.717785708,-218.287425358,433.043458992,0.0381334707562,100.021966711
1963,78.52,-217.904577495,-7.4244804786e-05,-0.382881611636,432.660544314,0.382917916502,-214.717785708,-218.287533352,433.04346223,0.0381158878352,100.021911852
1964,78.56,-217.904772757,-7.42487844638e-05,-0.382762311585,432.66064883,0.382790688624,-214.717785708,-218.287609318,433.043439519,0.0380983474364,100.021857005
1965,78.6,-217.904935612,-7.42470688441e-05,-0.382643412169,432.660727046,0.382663854388,-214.717785708,-218.287653271,433.043390901,0.0380808495368,100.021802172
1966,78.64,-217.905066078,-7.42399882104e-05,-0.382524912502,432.660779007,0.382537413499,-214.717785708,-218.287665231,433.043316421,0.038063394124,100.021747351
1967,78.68,-217.905164177,-7.42278627257e-05,-0.38240681205,432.660804758,0.382411365997,-214.717785708,-218.287645217,433.043216124,0.0380459812004,100.021692544
1968,78.72,-217.905229933,-7.42109960373e-05,-0.382289110519,432.660804346,0.38228571215,-214.717785708,-218.287593255,433.043090058,0.0380286107765,100.021637751
1969,78.76,-217.905263374,-7.41896733669e-05,-0.382171807692,432.660777818,0.382160452291,-214.717785708,-218.287509371,433.04293827,0.0380112828621,100.021582971
1970,78.8,-217.905264529,-7.41641626548e-05,-0.382054903403,432.660725224,0.3820355868,-214.717785708,-218.287393597,433.042760811,0.0379939974648,100.021528205
1971,78.84,-217.905233431,-7.41347176238e-05,-0.381938397661,432.660646614,0.381911116227,-214.717785708,-218.287245964,433.04255773,0.0379767545993,100.021473453
1972,78.88,-217.905170116,-7.41015817239e-05,-0.381822290768,432.660542039,0.381787041403,-214.717785708,-218.287066508,433.042329081,0.0379595542934,100.021418714
1973,78.92,-217.90507462,-7.40649918574e-05,-0.381706583249,432.660411552,0.38166336338,-214.717785708,-218.286855268,433.042074915,0.0379423965839,100.02136399
1974,78.96,-217.904946983,-7.40251812034e-05,-0.381591275689,432.660255206,0.381540083266,-214.717785708,-218.286612284,433.041795289,0.0379252815072,100.021309281
1975,79,-217.904787248,-7.39823809335e-05,-0.381476368659,432.660073055,0.381417202152,-214.717785708,-218.286337599,433.041490257,0.0379082090949,100.021254586
1976,79.04,-217.90459546,-7.39368200444e-05,-0.3813618628,432.659865156,0.381294721198,-214.717785708,-218.28603126,433.041159877,0.0378911793796,100.021199906
1977,79.08,-217.904371668,-7.38887229491e-05,-0.381247758918,432.659631565,0.381172641732,-214.717785708,-218.285693315,433.040804207,0.0378741924011,100.02114524
1978,79.12,-217.904115922,-7.38383090727e-05,-0.381134057938,432.65937234,0.381050965197,-214.717785708,-218.285323818,433.040423305,0.0378572482025,100.02109059
1979,79.16,-217.903828278,-7.37857986494e-05,-0.381020760739,432.65908754,0.380929692996,-214.717785708,-218.284922824,433.040017233,0.0378403468209,100.021035955
1980,79.2,-217.903508793,-7.37314135766e-05,-0.380907868079,432.658777225,0.380808826407,-214.717785708,-218.284490393,433.039586051,0.0378234882829,100.020981336
1981,79.24,-217.903157529,-7.36753568764e-05,-0.380795380696,432.658441455,0.380688366677,-214.717785708,-218.284026585,433.039129822,0.0378066726111,100.020926732
1982,79.28,-217.902774548,-7.36177889435e-05,-0.380683299438,432.658080294,0.380568315156,-214.717785708,-218.283531465,433.038648609,0.0377898998328,100.020872144
1983,79.32,-217.902359916,-7.35588463057e-05,-0.380571625264,432.657693804,0.380448673317,-214.717785708,-218.2830051,433.038142477,0.0377731699805,100.020817572
1984,79.36,-217.901913701,-7.3498702444e-05,-0.380460359114,432.657282048,0.380329442644,-214.717785708,-218.282447559,433.037611491,0.0377564830842,100.020763017
1985,79.4,-217.901435974,-7.34375992466e-05,-0.380349501829,432.656845094,0.380210624534,-214.717785708,-218.281858914,433.037055718,0.0377398391654,100.020708477
1986,79.44,-217.900926808,-7.33757898683e-05,-0.380239054238,432.656383005,0.38009222033,-214.717785708,-218.281239238,433.036475226,0.0377232382415,100.020653954
1987,79.48,-217.900386279,-7.33134274975e-05,-0.380129017273,432.655895851,0.379974231425,-214.717785708,-218.28058861,433.035870083,0.0377066803339,100.020599447
1988,79.52,-217.899814466,-7.3250501913e-05,-0.38001939196,432.655383699,0.379856659265,-214.717785708,-218.279907108,433.035240358,0.0376901654696,100.020544958
1989,79.56,-217.899211448,-7.31868934722e-05,-0.379910179271,432.654846618,0.379739505268,-214.717785708,-218.279194814,433.034586123,0.0376736936743,100.020490485
1990,79.6,-217.89857731,-7.31225162295e-05,-0.379801380015,432.654284679,0.379622770769,-214.717785708,-218.278451813,433.03390745,0.0376572649651,100.020436029
1991,79.64,-217.897912139,-7.30574533046e-05,-0.379692994912,432.653697953,0.379506457102,-214.717785708,-218.277678191,433.03320441,0.0376408793535,100.02038159
1992,79.68,-217.897216021,-7.2992002139e-05,-0.379585024767,432.653086513,0.379390565727,-214.717785708,-218.276874038,433.032477078,0.0376245368524,100.020327169
1993,79.72,-217.896489049,-7.29266068664e-05,-0.379477470529,432.65245043,0.379275098217,-214.717785708,-218.276039447,433.031725529,0.0376082374783,100.020272766
1994,79.76,-217.895731316,-7.28617021882e-05,-0.379370333164,432.651789781,0.379160056067,-214.717785708,-218.275174511,433.030949837,0.0375919812434,100.02021838
1995,79.8,-217.894942918,-7.27975288111e-05,-0.379263613466,432.651104638,0.379045440479,-214.717785708,-218.274279329,433.030150079,0.0375757681487,100.020164011
1996,79.84,-217.894123954,-7.27340133663e-05,-0.379157312005,432.65039508,0.378931252341,-214.717785708,-218.273354,433.029326332,0.0375595981849,100.020109661
1997,79.88,-217.893274525,-7.2670791305e-05,-0.379051429205,432.649661183,0.378817492371,-214.717785708,-218.272398625,433.028478675,0.0375434713419,100.020055329
1998,79.92,-217.892394738,-7.26073626974e-05,-0.378945965425,432.648903026,0.378704161274,-214.717785708,-218.271413311,433.027607187,0.0375273876135,100.020001015
1999,79.96,-217.8914847,-7.25432780689e-05,-0.378840920948,432.648120688,0.378591259774,-214.717785708,-218.270398165,433.026711948,0.0375113469921,100.01994672
2000,80,-217.890544521,-7.2478250737e-05,-0.378736295935,432.64731425,0.378478788579,-214.717785708,-218.269353296,433.025793039,0.0374953494622,100.019892442
2001,80.04,-217.889574314,-7.24121791613e-05,-0.378632090491,432.646483793,0.378366748426,-214.717785708,-218.268278817,433.024850542,0.0374793949996,100.019838184
2002,80.08,-217.888574194,-7.23451379438e-05,-0.378528304823,432.645629399,0.378255140209,-214.717785708,-218.267174844,433.023884539,0.0374634835795,100.019783944
2003,80.12,-217.887544277,-7.22773909461e-05,-0.378424939343,432.644751149,0.378143965048,-214.717785708,-218.266041494,433.022895114,0.0374476151813,100.019729722
2004,80.16,-217.886484684,-7.22094213766e-05,-0.378321994607,432.643849129,0.378033224204,-214.717785708,-218.264878888,433.021882353,0.0374317897853,100.01967552
2005,80.2,-217.885395537,-7.21419260328e-05,-0.378219471176,432.642923421,0.3779229189,-214.717785708,-218.26368715,433.02084634,0.0374160073647,100.019621337
2006,80.24,-217.884276959,-7.20757186192e-05,-0.378117369537,432.641974112,0.377813050206,-214.717785708,-218.262466404,433.019787162,0.0374002678849,100.019567172
2007,80.28,-217.883129076,-7.20115286374e-05,-0.378015690129,432.641001287,0.377703619033,-214.717785708,-218.261216777,433.018704906,0.03738457131,100.019513027
2008,80.32,-217.881952017,-7.19497527968e-05,-0.377914433351,432.640005035,0.377594626121,-214.717785708,-218.2599384,433.017599661,0.0373689176081,100.019458901
2009,80.36,-217.880745915,-7.18902825725e-05,-0.377813599463,432.638985444,0.377486071965,-214.717785708,-218.258631405,433.016471516,0.0373533067495,100.019404795
2010,80.4,-217.879510905,-7.18325269236e-05,-0.377713188422,432.637942605,0.377377956717,-214.717785708,-218.257295926,433.015320562,0.037337738699,100.019350708
2011,80.44,-217.878247125,-7.17756334898e-05,-0.37761319983,432.636876607,0.377270280208,-214.717785708,-218.2559321,433.014146888,0.0373222134135,100.01929664
2012,80.48,-217.876954715,-7.17187725874e-05,-0.377513633063,432.635787544,0.377163042122,-214.717785708,-218.254540067,433.012950586,0.0373067308458,100.019242593
2013,80.52,-217.875633818,-7.16613310566e-05,-0.377414487443,432.634675509,0.377056242175,-214.717785708,-218.253119966,433.011731751,0.0372912909496,100.019188564
2014,80.56,-217.874284578,-7.16029698407e-05,-0.37731576231,432.633540594,0.376949880182,-214.717785708,-218.251671943,433.010490474,0.0372758936782,100.019134556
2015,80.6,-217.872907142,-7.15435894889e-05,-0.377217456992,432.632382895,0.376843956012,-214.717785708,-218.250196143,433.009226851,0.0372605389785,100.019080568
2016,80.64,-217.871501659,-7.14832493976e-05,-0.377119570782,432.631202508,0.376738469538,-214.717785708,-218.248692713,433.007940977,0.0372452267883,100.019026599
2017,80.68,-217.870068281,-7.14220603653e-05,-0.377022102995,432.629999528,0.376633420643,-214.717785708,-218.247161806,433.006632948,0.0372299570393,100.018972651
2018,80.72,-217.86860716,-7.13600728419e-05,-0.376925053016,432.628774052,0.37652880925,-214.717785708,-218.245603573,433.005302861,0.0372147296616,100.018918722
2019,80.76,-217.867118454,-7.12972025548e-05,-0.37682842027,432.627526179,0.376424635282,-214.717785708,-218.244018172,433.003950814,0.037199544583,100.018864814
2020,80.8,-217.865602322,-7.12332342218e-05,-0.376732204113,432.626256007,0.376320898586,-214.717785708,-218.242405759,433.002576905,0.0371844017235,100.018810925
2021,80.84,-217.864058923,-7.11679011862e-05,-0.376636403778,432.624963636,0.37621759891,-214.717785708,-218.240766495,433.001181235,0.0371693009922,100.018757057
2022,80.88,-217.862488422,-7.11009846655e-05,-0.37654101844,432.623649166,0.376114735979,-214.717785708,-218.239100541,432.999763902,0.03715424229,100.018703209
2023,80.92,-217.860890982,-7.1032377083e-05,-0.376446047334,432.6223127,0.376012309596,-214.717785708,-218.237408062,432.998325009,0.0371392255149,100.018649382
2024,80.96,-217.859266769,-7.09621109246e-05,-0.376351489811,432.620954338,0.375910319677,-214.717785708,-218.235689221,432.996864657,0.0371242505637,100.018595574
2025,81,-217.85761595,-7.08903917986e-05,-0.376257345294,432.619574184,0.375808766214,-214.717785708,-218.233944186,432.99538295,0.0371093173293,100.018541787
2026,81.04,-217.855938696,-7.08176563257e-05,-0.37616361322,432.618172341,0.375707649223,-214.717785708,-218.232173127,432.99387999,0.0370944256987,100.01848802
2027,81.08,-217.854235178,-7.07446437385e-05,-0.376070293029,432.616748915,0.375606968753,-214.717785708,-218.230376216,432.992355884,0.0370795755553,100.018434274
2028,81.12,-217.852505571,-7.0672451151e-05,-0.375977384195,432.61530401,0.375506724903,-214.717785708,-218.228553628,432.990810735,0.0370647667831,100.018380547
2029,81.16,-217.850750053,-7.06025151186e-05,-0.37588488621,432.613837733,0.37540691777,-214.717785708,-218.226705541,432.989244651,0.037049999268,100.018326841
2030,81.2,-217.848968801,-7.05364348642e-05,-0.375792798486,432.612350192,0.375307547296,-214.717785708,-218.224832136,432.987657739,0.0370352728936,100.018273156
2031,81.24,-217.847161998,-7.04755933387e-05,-0.375701120241,432.610841495,0.375208613092,-214.717785708,-218.222933593,432.986050108,0.037020587537,100.01821949
2032,81.28,-217.845329827,-7.04206790885e-05,-0.375609850418,432.609311752,0.375110114323,-214.717785708,-218.221010099,432.984421866,0.0370059430683,100.018165845
2033,81.32,-217.843472477,-7.03713709987e-05,-0.375518987626,432.607761074,0.375012049691,-214.717785708,-218.219061836,432.982773123,0.0369913393539,100.01811222
2034,81.36,-217.841590136,-7.03264267983e-05,-0.375428530085,432.606189574,0.374914417481,-214.717785708,-218.217088992,432.981103991,0.036976776258,100.018058616
2035,81.4,-217.839682995,-7.02841476433e-05,-0.375338475592,432.604597366,0.374817215633,-214.717785708,-218.215091754,432.979414582,0.0369622536405,100.018005032
2036,81.44,-217.837751248,-7.02429112886e-05,-0.375248821558,432.602984565,0.374720441825,-214.717785708,-218.213070313,432.977705006,0.0369477713543,100.017951467
2037,81.48,-217.835795092,-7.02014781525e-05,-0.37515956514,432.601351286,0.374624093592,-214.717785708,-218.211024858,432.97597538,0.036933329245,100.017897924
2038,81.52,-217.833814722,-7.01590308932e-05,-0.375070703392,432.599697647,0.374528168424,-214.717785708,-218.208955585,432.974225815,0.0369189271535,100.0178444
2039,81.56,-217.831810339,-7.01150901663e-05,-0.374982233376,432.598023765,0.374432663842,-214.717785708,-218.206862688,432.972456429,0.0369045649177,100.017790896
2040,81.6,-217.829782143,-7.00694262218e-05,-0.374894152203,432.596329758,0.374337577415,-214.717785708,-218.204746365,432.970667336,0.0368902423715,100.017737413
2041,81.64,-217.827730335,-7.00219966859e-05,-0.374806457044,432.594615747,0.374242906769,-214.717785708,-218.202606814,432.968858654,0.0368759593443,100.017683949
2042,81.68,-217.825655119,-6.99728986509e-05,-0.374719145138,432.592881852,0.374148649601,-214.717785708,-218.200444237,432.967030501,0.0368617156618,100.017630505
2043,81.72,-217.823556702,-6.99223180895e-05,-0.374632213816,432.591128192,0.374054803711,-214.717785708,-218.198258838,432.965182996,0.0368475111483,100.017577082
2044,81.76,-217.821435292,-6.98704675442e-05,-0.374545660503,432.589354892,0.373961366984,-214.717785708,-218.196050823,432.963316259,0.0368333456281,100.017523678
2045,81.8,-217.819291098,-6.98175213251e-05,-0.374459482693,432.587562072,0.373868337363,-214.717785708,-218.193820398,432.96143041,0.036819218924,100.017470294
2046,81.84,-217.817124334,-6.97635799306e-05,-0.374373677921,432.585749858,0.373775712831,-214.717785708,-218.191567775,432.959525571,0.0368051308571,100.01741693
2047,81.88,-217.814935212,-6.9708699378e-05,-0.374288243758,432.583918374,0.373683491436,-214.717785708,-218.189293165,432.957601866,0.0367910812474,100.017363585
2048,81.92,-217.81272395,-6.96529849247e-05,-0.374203177824,432.582067746,0.373591671333,-214.717785708,-218.186996781,432.955659417,0.0367770699161,100.01731026
2049,81.96,-217.810490763,-6.95966964824e-05,-0.374118477817,432.5801981,0.373500250806,-214.717785708,-218.184678837,432.95369835,0.036763096686,100.017256954
2050,82,-217.80823587,-6.95402967401e-05,-0.374034141529,432.578309563,0.373409228239,-214.717785708,-218.182339552,432.951718791,0.0367491613814,100.017203668
2051,82.04,-217.805959492,-6.94844006934e-05,-0.373950166858,432.576402265,0.37331860208,-214.717785708,-218.179979143,432.949720867,0.0367352638282,100.017150402
2052,82.08,-217.80366185,-6.94296257232e-05,-0.373866551807,432.574476334,0.373228370782,-214.717785708,-218.177597832,432.947704705,0.0367214038555,100.017097155
2053,82.12,-217.80134317,-6.93763845118e-05,-0.373783294433,432.572531901,0.373138532734,-214.717785708,-218.17519584,432.945670434,0.0367075812971,100.017043927
2054,82.16,-217.799003675,-6.93247119397e-05,-0.373700392776,432.570569099,0.373049086189,-214.717785708,-218.172773393,432.943618185,0.0366937959908,100.016990718
2055,82.2,-217.796643595,-6.92742330074e-05,-0.373617844772,432.568588061,0.372960029227,-214.717785708,-218.170330714,432.94154809,0.0366800477769,100.016937529
2056,82.24,-217.794263158,-6.92243086921e-05,-0.373535648231,432.56658892,0.372871359808,-214.717785708,-218.167868031,432.93946028,0.0366663364971,100.016884359
2057,82.28,-217.791862595,-6.91742753062e-05,-0.373453800862,432.564571812,0.372783075865,-214.717785708,-218.16538557,432.937354888,0.036652661995,100.016831208
2058,82.32,-217.789442139,-6.91236403689e-05,-0.373372300327,432.562536874,0.372695175383,-214.717785708,-218.162883563,432.93523205,0.036639024115,100.016778077
2059,82.36,-217.787002023,-6.90721630856e-05,-0.373291144276,432.560484244,0.372607656435,-214.717785708,-218.160362239,432.9330919,0.0366254227007,100.016724964
2060,82.4,-217.784542484,-6.90198380351e-05,-0.373210330372,432.558414058,0.372520517175,-214.717785708,-218.157821834,432.930934576,0.0366118575936,100.01667187
2061,82.44,-217.782063758,-6.89668242451e-05,-0.373129856337,432.556326458,0.372433755844,-214.717785708,-218.155262581,432.928760214,0.0365983286338,100.016618796
2062,82.48,-217.779566084,-6.8913338068e-05,-0.373049720003,432.554221583,0.372347370764,-214.717785708,-218.152684718,432.926568954,0.0365848356621,100.01656574
2063,82.52,-217.777049703,-6.88595233093e-05,-0.372969919314,432.552099574,0.372261360296,-214.717785708,-218.150088481,432.924360935,0.0365713785208,100.016512704
2064,82.56,-217.774514854,-6.88053448391e-05,-0.372890452258,432.549960575,0.372175722759,-214.717785708,-218.147474112,432.922136298,0.0365579570516,100.016459686
2065,82.6,-217.77196178,-6.87505732541e-05,-0.372811316789,432.547804729,0.372090456388,-214.717785708,-218.144841848,432.919895185,0.0365445710941,100.016406687
2066,82.64,-217.769390726,-6.86948781886e-05,-0.372732510795,432.545632179,0.372005559368,-214.717785708,-218.142191931,432.917637739,0.0365312204857,100.016353707
2067,82.68,-217.766801934,-6.86379560725e-05,-0.37265403215,432.543443074,0.371921029921,-214.717785708,-218.139524604,432.915364104,0.0365179050643,100.016300746
2068,82.72,-217.764195653,-6.85795901288e-05,-0.372575878758,432.541237558,0.371836866339,-214.717785708,-218.136840111,432.913074425,0.0365046246688,100.016247803
2069,82.76,-217.761572129,-6.85196138247e-05,-0.372498048563,432.539015781,0.371753066958,-214.717785708,-218.134138697,432.910768848,0.0364913791369,100.016194879
2070,82.8,-217.758931612,-6.84578402165e-05,-0.372420539519,432.536777891,0.371669630093,-214.717785708,-218.131420609,432.908447521,0.0364781683027,100.016141973
2071,82.84,-217.756274352,-6.83940338675e-05,-0.372343349591,432.534524037,0.371586554046,-214.717785708,-218.128686096,432.906110591,0.0364649919975,100.016089086
2072,82.88,-217.753600604,-6.83279386691e-05,-0.372266476791,432.532254373,0.371503837168,-214.717785708,-218.125935409,432.90375821,0.0364518500526,100.016036218
2073,82.92,-217.75091062,-6.82593147344e-05,-0.372189919203,432.529969048,0.371421477886,-214.717785708,-218.123168798,432.901390526,0.0364387423009,100.015983368
2074,82.96,-217.748204656,-6.81879463792e-05,-0.372113674959,432.527668218,0.371339474676,-214.717785708,-218.120386519,432.899007692,0.0364256685742,100.015930536
2075,83,-217.745482969,-6.81136329209e-05,-0.372037742195,432.525352035,0.371257826008,-214.717785708,-218.117588825,432.896609861,0.0364126287002,100.015877723
2076,83.04,-217.742745817,-6.80361883028e-05,-0.371962119039,432.523020656,0.371176530342,-214.717785708,-218.114775972,432.894197187,0.0363996225025,100.015824927
2077,83.08,-217.739993458,-6.79554495437e-05,-0.371886803669,432.520674237,0.371095586191,-214.717785708,-218.111948217,432.891769823,0.0363866498036,100.01577215
2078,83.12,-217.73722615,-6.78712851256e-05,-0.371811794353,432.518312936,0.37101499217,-214.717785708,-218.109105815,432.889327928,0.036373710427,100.015719391
2079,83.16,-217.734444153,-6.77836097196e-05,-0.371737089425,432.51593691,0.370934746967,-214.717785708,-218.106249026,432.886871657,0.0363608041961,100.01566665
2080,83.2,-217.731647728,-6.76924161627e-05,-0.371662687233,432.513546321,0.370854849307,-214.717785708,-218.103378108,432.88440117,0.0363479309308,100.015613927
2081,83.24,-217.728837138,-6.7597831556e-05,-0.371588586143,432.511141328,0.37077529796,-214.717785708,-218.100493322,432.881916626,0.0363350904476,100.015561222
2082,83.28,-217.726012644,-6.75002082458e-05,-0.371514784595,432.508722094,0.370696091807,-214.717785708,-218.097594929,432.879418185,0.0363222825635,100.015508534
2083,83.32,-217.723174513,-6.74002638071e-05,-0.371441281138,432.50628878,0.370617229897,-214.717785708,-218.094683194,432.87690601,0.0363095070988,100.015455864
2084,83.36,-217.720323009,-6.72992773803e-05,-0.371368074383,432.503841552,0.370538711398,-214.717785708,-218.091758382,432.874380263,0.036296763874,100.015403212
2085,83.4,-217.717458398,-6.71993249314e-05,-0.371295162909,432.501380574,0.370460535499,-214.717785708,-218.08882076,432.87184111,0.0362840527062,100.015350577
2086,83.44,-217.714580947,-6.71034742141e-05,-0.371222545216,432.498906012,0.370382701339,-214.717785708,-218.085870596,432.869288714,0.0362713734069,100.01529796
2087,83.48,-217.711690925,-6.7015761963e-05,-0.371150219764,432.496418034,0.370305207971,-214.717785708,-218.082908161,432.866723242,0.0362587257858,100.01524536
2088,83.52,-217.708788601,-6.69407123827e-05,-0.371078184998,432.493916809,0.370228054294,-214.717785708,-218.079933727,432.864144863,0.0362461096537,100.015192777
2089,83.56,-217.705874245,-6.68822782943e-05,-0.371006439282,432.491402506,0.370151238856,-214.717785708,-218.076947567,432.861553745,0.0362335248198,100.015140211
2090,83.6,-217.702948129,-6.68424865958e-05,-0.370934980708,432.488875298,0.370074759622,-214.717785708,-218.073949952,432.858950058,0.036220971085,100.015087662
2091,83.64,-217.700010524,-6.6820518251e-05,-0.370863806906,432.486335359,0.36999861386,-214.717785708,-218.070941151,432.856333973,0.0362084482401,100.015035131
2092,83.68,-217.697061704,-6.68129166277e-05,-0.370792914931,432.483782863,0.369922798216,-214.717785708,-218.067921432,432.853705661,0.0361959560687,100.014982615
2093,83.72,-217.694101945,-6.68148787154e-05,-0.370722301248,432.481217988,0.369847308894,-214.717785708,-218.064891061,432.851065297,0.0361834943511,100.014930117
2094,83.76,-217.691131524,-6.68217781356e-05,-0.370651961773,432.478640912,0.369772141793,-214.717785708,-218.061850307,432.848413054,0.0361710628625,100.014877635
2095,83.8,-217.688150716,-6.68300633274e-05,-0.370581891952,432.476051815,0.369697292549,-214.717785708,-218.058799438,432.845749108,0.0361586613669,100.01482517
2096,83.84,-217.685159802,-6.68373826365e-05,-0.370512086894,432.473450878,0.369622756598,-214.717785708,-218.055738727,432.843073635,0.0361462896143,100.01477272
2097,83.88,-217.682159061,-6.68423224613e-05,-0.370442541555,432.470838283,0.369548529293,-214.717785708,-218.052668445,432.840386813,0.0361339473451,100.014720287
2098,83.92,-217.679148772,-6.68441045682e-05,-0.370373250899,432.468214213,0.369474606017,-214.717785708,-218.049588867,432.83768882,0.0361216342946,100.01466787
2099,83.96,-217.676129215,-6.68423532716e-05,-0.370304209942,432.465578853,0.369400982201,-214.717785708,-218.046500268,432.834979835,0.0361093501942,100.014615468
2100,84,-217.673100673,-6.68369362835e-05,-0.370235413693,432.462932387,0.36932765325,-214.717785708,-218.043402923,432.832260041,0.0360970947669,100.014563082
2101,84.04,-217.670063425,-6.68278644049e-05,-0.370166857113,432.460275003,0.369254614492,-214.717785708,-218.04029711,432.829529618,0.0360848677243,100.014510712
2102,84.08,-217.667017753,-6.68152307578e-05,-0.370098535137,432.457606889,0.369181861207,-214.717785708,-218.037183103,432.82678875,0.03607266877,100.014458356
2103,84.12,-217.663963939,-6.67991754958e-05,-0.370030442741,432.454928232,0.3691093887,-214.717785708,-218.034061181,432.824037621,0.0360604976043,100.014406016
2104,84.16,-217.660902267,-6.67798675138e-05,-0.369962574937,432.452239223,0.369037192301,-214.717785708,-218.030931622,432.821276416,0.0360483539248,100.01435369
2105,84.2,-217.65783302,-6.67574963574e-05,-0.369894926693,432.449540054,0.36896526728,-214.717785708,-218.027794704,432.818505322,0.0360362374212,100.014301379
2106,84.24,-217.654756483,-6.6732269073e-05,-0.369827492864,432.446830917,0.368893608785,-214.717785708,-218.024650709,432.815724526,0.0360241477722,100.014249082
2107,84.28,-217.651672942,-6.67044075528e-05,-0.369760268226,432.444112005,0.368822211867,-214.717785708,-218.021499915,432.812934217,0.0360120846473,100.014196799
2108,84.32,-217.648582682,-6.6674143453e-05,-0.369693247564,432.441383514,0.368751071574,-214.717785708,-218.018342603,432.810134586,0.0360000477135,100.01414453
2109,84.36,-217.645485988,-6.66417126888e-05,-0.369626425689,432.438645639,0.368680182975,-214.717785708,-218.015179055,432.807325822,0.0359880366362,100.014092275
2110,84.4,-217.642383146,-6.66073559657e-05,-0.36955979738,432.435898578,0.368609541096,-214.717785708,-218.01200955,432.804508119,0.0359760510761,100.014040033
2111,84.44,-217.639274441,-6.65713236686e-05,-0.369493357302,432.433142529,0.368539140854,-214.717785708,-218.00883437,432.80168167,0.0359640906847,100.013987804
2112,84.48,-217.636160159,-6.65338651217e-05,-0.369427100038,432.430377691,0.368468977064,-214.717785708,-218.005653793,432.798846668,0.035952155106,100.013935588
2113,84.52,-217.633040586,-6.6495188482e-05,-0.369361020157,432.427604267,0.368399044508,-214.717785708,-218.002468101,432.796003311,0.0359402439811,100.013883384
2114,84.56,-217.629916008,-6.64554223103e-05,-0.369295112235,432.424822457,0.368329337956,-214.717785708,-217.999277576,432.793151795,0.0359283569497,100.013831193
2115,84.6,-217.626786712,-6.64146354415e-05,-0.369229370767,432.422032465,0.368259852116,-214.717785708,-217.996082497,432.790292317,0.0359164936471,100.013779014
2116,84.64,-217.623652984,-6.63729248013e-05,-0.369163790082,432.419234496,0.368190581584,-214.717785708,-217.992883147,432.787425077,0.0359046536994,100.013726847
2117,84.68,-217.620515115,-6.63305063928e-05,-0.369098364369,432.416428755,0.368121520875,-214.717785708,-217.98967981,432.784550276,0.0358928367251,100.013674692
2118,84.72,-217.617373391,-6.62877273042e-05,-0.369033087804,432.41361545,0.368052664488,-214.717785708,-217.986472766,432.781668114,0.0358810423399,100.013622547
2119,84.76,-217.614228101,-6.62449701875e-05,-0.368967954623,432.410794788,0.367984006926,-214.717785708,-217.983262301,432.778778795,0.0358692701599,100.013570414
2120,84.8,-217.611079535,-6.62024957964e-05,-0.368902959072,432.40796698,0.367915542599,-214.717785708,-217.980048697,432.775882523,0.0358575197989,100.013518291
2121,84.84,-217.607927981,-6.61603157158e-05,-0.368838095297,432.405132235,0.367847265725,-214.717785708,-217.976832237,432.772979501,0.0358457908642,100.013466179
2122,84.88,-217.604773728,-6.61181781512e-05,-0.368773357288,432.402290767,0.367779170327,-214.717785708,-217.973613204,432.770069937,0.0358340829565,100.013414077
2123,84.92,-217.601617066,-6.60756786077e-05,-0.368708738931,432.399442787,0.367711250358,-214.717785708,-217.970391881,432.767154037,0.035822395676,100.013361985
2124,84.96,-217.598458285,-6.60324206466e-05,-0.368644234066,432.396588511,0.367643499809,-214.717785708,-217.967168551,432.764232011,0.0358107286252,100.013309902
2125,85,-217.595297673,-6.59881301926e-05,-0.36857983649,432.393728155,0.367575912728,-214.717785708,-217.963943498,432.761304068,0.0357990814063,100.013257828
2126,85.04,-217.592135522,-6.594269091e-05,-0.368515539931,432.390861935,0.367508483174,-214.717785708,-217.960717005,432.758370418,0.0357874536166,100.013205763
2127,85.08,-217.588972121,-6.58961433647e-05,-0.368451338083,432.387990069,0.367441205226,-214.717785708,-217.957489355,432.755431274,0.0357758448477,100.013153707
2128,85.12,-217.58580776,-6.58487002556e-05,-0.368387224715,432.385112776,0.367374073051,-214.717785708,-217.954260834,432.752486849,0.035764254691,100.013101659
2129,85.16,-217.582642729,-6.58007824768e-05,-0.368323193742,432.382230277,0.367307080956,-214.717785708,-217.951031723,432.749537358,0.0357526827421,100.013049619
2130,85.2,-217.579477315,-6.57530355516e-05,-0.368259239196,432.379342791,0.367240223337,-214.717785708,-217.947802308,432.746583015,0.0357411285993,100.012997587
2131,85.24,-217.576311809,-6.5706275156e-05,-0.368195355129,432.376450542,0.367173494558,-214.717785708,-217.94457287,432.743624037,0.0357295918591,100.012945562
2132,85.28,-217.573146498,-6.56613300573e-05,-0.368131535557,432.373553754,0.367106888853,-214.717785708,-217.941343695,432.740660642,0.0357180721146,100.012893544
2133,85.32,-217.569981671,-6.56187999553e-05,-0.368067774465,432.37065265,0.367040400302,-214.717785708,-217.938115065,432.73769305,0.0357065689587,100.012841533
2134,85.36,-217.566817618,-6.55788224431e-05,-0.368004065813,432.367747458,0.366974022828,-214.717785708,-217.934887263,432.73472148,0.035695081987,100.012789529
2135,85.4,-217.563654627,-6.55409915389e-05,-0.367940403449,432.364838404,0.366907750163,-214.717785708,-217.931660572,432.731746154,0.0356836107971,100.01273753
2136,85.44,-217.560492987,-6.5504502985e-05,-0.367876781008,432.361925718,0.366841575826,-214.717785708,-217.928435273,432.728767294,0.0356721549845,100.012685537
2137,85.48,-217.557332987,-6.54684410339e-05,-0.367813191893,432.35900963,0.366775493167,-214.717785708,-217.925211647,432.725785123,0.0356607141409,100.01263355
2138,85.52,-217.554174915,-6.54320304031e-05,-0.367749629393,432.356090371,0.3667094955,-214.717785708,-217.921989976,432.722799866,0.0356492878578,100.012581567
2139,85.56,-217.551019058,-6.53947506158e-05,-0.367686086817,432.353168173,0.366643576232,-214.717785708,-217.918770539,432.719811749,0.0356378757307,100.01252959
2140,85.6,-217.547865704,-6.53563382302e-05,-0.367622557553,432.350243269,0.366577728912,-214.717785708,-217.915553618,432.716820998,0.0356264773597,100.012477617
2141,85.64,-217.544715141,-6.53167454374e-05,-0.367559035041,432.347315894,0.366511947208,-214.717785708,-217.912339493,432.713827842,0.035615092346,100.012425648
2142,85.68,-217.541567657,-6.52760925519e-05,-0.367495512766,432.344386284,0.366446224883,-214.717785708,-217.909128446,432.710832509,0.0356037202907,100.012373683
2143,85.72,-217.53842354,-6.52346194562e-05,-0.367431984314,432.341454673,0.366380555828,-214.717785708,-217.905920759,432.707835229,0.0355923607977,100.012321722
2144,85.76,-217.535283075,-6.51926206492e-05,-0.36736844345,432.3385213,0.366314934091,-214.717785708,-217.902716711,432.704836234,0.0355810134778,100.012269763
2145,85.8,-217.532146551,-6.51503455523e-05,-0.367304884122,432.335586403,0.366249353837,-214.717785708,-217.899516585,432.701835757,0.0355696779487,100.012217808
2146,85.84,-217.529014253,-6.51078836724e-05,-0.367241300392,432.332650221,0.366183809254,-214.717785708,-217.896320661,432.69883403,0.0355583538318,100.012165855
2147,85.88,-217.525886466,-6.5065102662e-05,-0.367177686362,432.329712994,0.366118294499,-214.717785708,-217.893129217,432.695831288,0.0355470407493,100.012113905
2148,85.92,-217.522763475,-6.5021694042e-05,-0.367114036165,432.326774963,0.366052803744,-214.717785708,-217.889942533,432.692827767,0.0355357383265,100.012061956
2149,85.96,-217.519645566,-6.49772989348e-05,-0.367050343998,432.323836372,0.365987331268,-214.717785708,-217.886760887,432.689823704,0.0355244461964,100.012010009
2150,86,-217.51653302,-6.49316187708e-05,-0.366986604158,432.320897464,0.365921871508,-214.717785708,-217.883584556,432.686819335,0.0355131639998,100.011958064
2151,86.04,-217.513426121,-6.48844389466e-05,-0.366922811047,432.317958481,0.365856419037,-214.717785708,-217.880413817,432.6838149,0.035501891383,100.011906119
2152,86.08,-217.510325151,-6.48355796522e-05,-0.366858959179,432.315019671,0.365790968542,-214.717785708,-217.877248946,432.68081064,0.0354906279957,100.011854176
2153,86.12,-217.507230392,-6.47848449146e-05,-0.366795043219,432.312081279,0.365725514835,-214.717785708,-217.87409022,432.677806794,0.0354793734921,100.011802233
2154,86.16,-217.504142123,-6.4732020503e-05,-0.366731058029,432.309143551,0.365660052907,-214.717785708,-217.870937913,432.674803604,0.0354681275347,100.01175029
2155,86.2,-217.501060625,-6.46769109327e-05,-0.36666699867,432.306206736,0.365594577945,-214.717785708,-217.8677923,432.671801314,0.0354568897948,100.011698347
2156,86.24,-217.497986177,-6.46193746276e-05,-0.366602860365,432.303271081,0.3655290853,-214.717785708,-217.864653657,432.668800167,0.0354456599499,100.011646403
2157,86.28,-217.494919058,-6.45593399947e-05,-0.366538638463,432.300336837,0.365463570459,-214.717785708,-217.861522256,432.665800408,0.0354344376808,100.011594459
2158,86.32,-217.491859548,-6.44968208906e-05,-0.366474328456,432.297404254,0.365398029064,-214.717785708,-217.858398373,432.662802283,0.0354232226733,100.011542514
2159,86.36,-217.488807923,-6.44319525057e-05,-0.366409926015,432.294473582,0.365332456963,-214.717785708,-217.855282281,432.659806039,0.0354120146207,100.011490568
2160,86.4,-217.485764462,-6.43650543895e-05,-0.366345427008,432.291545074,0.36526685023,-214.717785708,-217.852174254,432.656811924,0.0354008132251,100.01143862
2161,86.44,-217.482729439,-6.42967253698e-05,-0.366280827458,432.288618981,0.365201205134,-214.717785708,-217.849074563,432.653820186,0.0353896181957,100.011386671
2162,86.48,-217.479703131,-6.422797021e-05,-0.366216123505,432.285695556,0.365135518107,-214.717785708,-217.845983482,432.650831075,0.0353784292466,100.01133472
2163,86.52,-217.476685811,-6.41603277982e-05,-0.366151311392,432.282775055,0.365069785724,-214.717785708,-217.842901282,432.647844841,0.035367246097,100.011282766
2164,86.56,-217.473677753,-6.40959193794e-05,-0.366086387494,432.279857731,0.365004004692,-214.717785708,-217.839828236,432.644861735,0.0353560684738,100.01123081
2165,86.6,-217.47067923,-6.40372869224e-05,-0.366021348323,432.276943839,0.364938171778,-214.717785708,-217.836764615,432.641882011,0.0353448961117,100.011178851
2166,86.64,-217.467690513,-6.39869106685e-05,-0.365956190497,432.274033637,0.364872283676,-214.717785708,-217.833710691,432.63890592,0.035333728752,100.01112689
2167,86.68,-217.464711874,-6.39464620998e-05,-0.365890910647,432.271127381,0.364806336855,-214.717785708,-217.830666731,432.635933718,0.0353225661386,100.011074925
2168,86.72,-217.461743582,-6.39161223829e-05,-0.365825505323,432.26822533,0.364740327476,-214.717785708,-217.827633004,432.632965657,0.0353114080177,100.011022957
2169,86.76,-217.458785907,-6.38944221066e-05,-0.36575997087,432.265327744,0.364674251391,-214.717785708,-217.824609772,432.630001995,0.0353002541384,100.010970985
2170,86.8,-217.455839115,-6.38787821968e-05,-0.365694303339,432.262434882,0.36460810421,-214.717785708,-217.821597297,432.627042986,0.0352891042536,100.010919009
2171,86.84,-217.452903476,-6.38664154487e-05,-0.36562849845,432.259547007,0.364541881379,-214.717785708,-217.818595841,432.624088888,0.0352779581176,100.010867029
2172,86.88,-217.449979257,-6.38550206488e-05,-0.365562551646,432.256664379,0.364475578246,-214.717785708,-217.815605664,432.621139958,0.0352668154834,100.010815045
2173,86.92,-217.447066725,-6.38430032986e-05,-0.365496458221,432.253787263,0.364409190138,-214.717785708,-217.812627026,432.618196453,0.0352556761016,100.010763056
2174,86.96,-217.444166144,-6.38293738507e-05,-0.365430213442,432.250915921,0.364342712424,-214.717785708,-217.809660187,432.615258633,0.0352445397216,100.010711062
2175,87,-217.44127778,-6.38135683052e-05,-0.365363812625,432.248050616,0.364276140543,-214.717785708,-217.806705406,432.612326756,0.0352334060925,100.010659063
2176,87.04,-217.438401896,-6.37953001461e-05,-0.365297251143,432.245191612,0.364209469992,-214.717785708,-217.803762942,432.609401082,0.0352222749617,100.010607059
2177,87.08,-217.435538755,-6.37744578646e-05,-0.365230524422,432.242339176,0.36414269631,-214.717785708,-217.800833054,432.606481872,0.0352111460746,100.010555049
2178,87.12,-217.432688618,-6.37510434208e-05,-0.36516362795,432.23949357,0.364075815086,-214.717785708,-217.797915997,432.603569385,0.0352000191739,100.010503033
2179,87.16,-217.429851745,-6.37251391359e-05,-0.365096557304,432.236655061,0.364008821967,-214.717785708,-217.795012027,432.600663883,0.0351888940018,100.010451011
2180,87.2,-217.427028394,-6.36968878151e-05,-0.365029308152,432.233823915,0.363941712666,-214.717785708,-217.792121399,432.597765627,0.0351777703003,100.010398983
2181,87.24,-217.424218823,-6.36664770401e-05,-0.364961876238,432.231000397,0.363874482953,-214.717785708,-217.789244366,432.59487488,0.0351666478109,100.010346948
2182,87.28,-217.421423287,-6.36341269356e-05,-0.364894257361,432.228184775,0.363807128643,-214.717785708,-217.786381179,432.591991903,0.0351555262745,100.010294907
2183,87.32,-217.41864204,-6.36000839745e-05,-0.364826447375,432.225377315,0.363739645611,-214.717785708,-217.783532088,432.58911696,0.0351444054317,100.010242858
2184,87.36,-217.415875335,-6.35646124458e-05,-0.364758442197,432.222578284,0.363672029792,-214.717785708,-217.780697342,432.586250314,0.0351332850241,100.010190802
2185,87.4,-217.413123425,-6.3527963442e-05,-0.364690237806,432.21978795,0.363604277169,-214.717785708,-217.777877191,432.583392227,0.0351221647937,100.010138738
2186,87.44,-217.410386559,-6.34903194386e-05,-0.364621830223,432.217006581,0.363536383731,-214.717785708,-217.77507188,432.580542965,0.0351110444821,100.010086666
2187,87.48,-217.407664988,-6.34517548549e-05,-0.364553215491,432.214234445,0.363468345466,-214.717785708,-217.772281655,432.577702791,0.0350999238298,100.010034586
2188,87.52,-217.40495896,-6.34122642948e-05,-0.364484389653,432.211471811,0.363400158389,-214.717785708,-217.769506762,432.574871969,0.0350888025778,100.009982497
2189,87.56,-217.402268723,-6.33718611934e-05,-0.364415348752,432.208718946,0.363331818577,-214.717785708,-217.766747444,432.572050765,0.0350776804684,100.009930399
2190,87.6,-217.399594522,-6.33306892954e-05,-0.364346088844,432.20597612,0.363263322195,-214.717785708,-217.764003942,432.569239442,0.0350665572448,100.009878293
2191,87.64,-217.396936603,-6.32890787956e-05,-0.36427660602,432.203243601,0.363194665479,-214.717785708,-217.761276498,432.566438267,0.0350554326512,100.009826177
2192,87.68,-217.394295207,-6.3247512382e-05,-0.364206896444,432.200521659,0.363125844707,-214.717785708,-217.758565351,432.563647504,0.035044306432,100.009774052
2193,87.72,-217.391670577,-6.32065032086e-05,-0.364136956382,432.197810563,0.363056856168,-214.717785708,-217.75587074,432.560867419,0.0350331783332,100.009721916
2194,87.76,-217.389062951,-6.31664196409e-05,-0.364066782175,432.195110581,0.362987696107,-214.717785708,-217.753192899,432.558098277,0.0350220481029,100.009669771
2195,87.8,-217.386472567,-6.3127330708e-05,-0.363996370181,432.192421984,0.362918360665,-214.717785708,-217.750532065,432.555340345,0.0350109154899,100.009617615
2196,87.84,-217.383899663,-6.3088962935e-05,-0.363925716693,432.189745042,0.362848845843,-214.717785708,-217.747888468,432.552593888,0.0349997802424,100.009565448
2197,87.88,-217.381344472,-6.30508075597e-05,-0.3638548179,432.187080023,0.362779147538,-214.717785708,-217.745262341,432.549859171,0.0349886421088,100.009513271
2198,87.92,-217.378807229,-6.30123166726e-05,-0.363783669904,432.184427199,0.362709261617,-214.717785708,-217.742653911,432.547136461,0.0349775008382,100.009461082
2199,87.96,-217.376288165,-6.29730697096e-05,-0.363712268752,432.181786839,0.362639183993,-214.717785708,-217.740063407,432.544426023,0.0349663561813,100.009408881
2200,88,-217.373787514,-6.29328322772e-05,-0.363640610469,432.179159212,0.362568910651,-214.717785708,-217.737491057,432.541728123,0.0349552078891,100.009356669
2201,88.04,-217.371305504,-6.28915123215e-05,-0.363568691097,432.176544589,0.362498437638,-214.717785708,-217.734937086,432.539043026,0.0349440557124,100.009304445
2202,88.08,-217.368842364,-6.28490652684e-05,-0.363496506733,432.173943238,0.362427761062,-214.717785708,-217.73240172,432.536370999,0.0349328994014,100.009252208
2203,88.12,-217.366398322,-6.28054047931e-05,-0.363424053575,432.17135543,0.362356877106,-214.717785708,-217.729885181,432.533712307,0.0349217387086,100.009199958
2204,88.16,-217.363973601,-6.27603656197e-05,-0.363351327933,432.168781432,0.36228578204,-214.717785708,-217.72738769,432.531067214,0.0349105733891,100.009147696
2205,88.2,-217.361568426,-6.27137348327e-05,-0.363278326197,432.166221515,0.362214472213,-214.717785708,-217.724909466,432.528435987,0.0348994031997,100.00909542
2206,88.24,-217.359183018,-6.26653216018e-05,-0.363205044802,432.163675946,0.362142944028,-214.717785708,-217.722450728,432.52581889,0.034888227897,100.009043131
2207,88.28,-217.356817596,-6.26150156163e-05,-0.363131480248,432.161144993,0.362071193959,-214.717785708,-217.720011691,432.523216187,0.0348770472368,100.008990828
2208,88.32,-217.354472376,-6.25628170777e-05,-0.363057629134,432.158628925,0.361999218578,-214.717785708,-217.717592568,432.520628143,0.0348658609761,100.008938511
2209,88.36,-217.352147576,-6.25088628225e-05,-0.362983488184,432.156128008,0.361927014588,-214.717785708,-217.715193573,432.518055023,0.0348546688745,100.00888618
2210,88.4,-217.349843408,-6.24534742997e-05,-0.36290905421,432.15364251,0.361854578802,-214.717785708,-217.712814915,432.515497089,0.0348434706938,100.008833833
2211,88.44,-217.347560085,-6.23972288307e-05,-0.362834324063,432.151172697,0.361781908112,-214.717785708,-217.710456806,432.512954605,0.0348322661957,100.008781472
2212,88.48,-217.345297818,-6.23410380231e-05,-0.362759294623,432.148718835,0.361708999471,-214.717785708,-217.708119454,432.510427835,0.0348210551426,100.008729096
2213,88.52,-217.343056817,-6.22861936265e-05,-0.362683962835,432.14628119,0.361635849901,-214.717785708,-217.705803066,432.50791704,0.0348098373004,100.008676704
2214,88.56,-217.340837287,-6.22343020731e-05,-0.362608325727,432.143860026,0.361562456471,-214.717785708,-217.703507847,432.505422483,0.0347986124397,100.008624296
2215,88.6,-217.338639436,-6.21870219825e-05,-0.362532380388,432.141455609,0.361488816189,-214.717785708,-217.701234004,432.502944425,0.0347873803343,100.008571872
2216,88.64,-217.336463466,-6.21456069963e-05,-0.362456123889,432.139068202,0.361414925856,-214.717785708,-217.698981736,432.500483128,0.034776140757,100.008519432
2217,88.68,-217.334309579,-6.21104295845e-05,-0.362379553196,432.13669807,0.361340781964,-214.717785708,-217.696751242,432.498038852,0.0347648934778,100.008466975
2218,88.72,-217.332177973,-6.20807796071e-05,-0.362302665091,432.134345477,0.361266380696,-214.717785708,-217.694542719,432.495611857,0.0347536382653,100.008414501
2219,88.76,-217.330068849,-6.20551139016e-05,-0.3622254561,432.132010685,0.361191717984,-214.717785708,-217.69235636,432.493202403,0.0347423748884,100.00836201
2220,88.8,-217.327982401,-6.2031611939e-05,-0.362147922431,432.129693957,0.36111678956,-214.717785708,-217.690192355,432.490810747,0.0347311031141,100.008309501
2221,88.84,-217.325918826,-6.20086803933e-05,-0.362070059968,432.127395557,0.361041590983,-214.717785708,-217.688050894,432.488437148,0.0347198227035,100.008256974
2222,88.88,-217.323878317,-6.19851716062e-05,-0.361991864349,432.125115744,0.360966117676,-214.717785708,-217.685932166,432.486081862,0.0347085334096,100.008204429
2223,88.92,-217.321861066,-6.19603575897e-05,-0.361913331094,432.12285478,0.360890365006,-214.717785708,-217.683836358,432.483745145,0.0346972349804,100.008151866
2224,88.96,-217.319867265,-6.19338207771e-05,-0.361834455713,432.120612925,0.360814328358,-214.717785708,-217.681763654,432.481427253,0.034685927161,100.008099283
2225,89,-217.317897099,-6.19053591806e-05,-0.361755233748,432.118390437,0.360738003138,-214.717785708,-217.679714238,432.47912844,0.0346746096938,100.008046682
2226,89.04,-217.315950756,-6.18749239597e-05,-0.361675660738,432.116187574,0.360661384736,-214.717785708,-217.677688292,432.476848959,0.034663282315,100.007994061
2227,89.08,-217.314028419,-6.18425781508e-05,-0.361595732204,432.114004594,0.360584468508,-214.717785708,-217.675685994,432.474589063,0.0346519447541,100.00794142
2228,89.12,-217.312130269,-6.18084600422e-05,-0.361515443678,432.111841753,0.360507249811,-214.717785708,-217.673707521,432.472349002,0.0346405967359,100.007888759
2229,89.16,-217.310256485,-6.17727464562e-05,-0.361434790739,432.109699304,0.360429724051,-214.717785708,-217.671753048,432.470129028,0.0346292379836,100.007836078
2230,89.2,-217.308407245,-6.17356317517e-05,-0.361353768994,432.107577503,0.360351886674,-214.717785708,-217.66982275,432.467929389,0.034617868219,100.007783375
2231,89.24,-217.306582725,-6.16973383194e-05,-0.36127237402,432.105476601,0.360273733119,-214.717785708,-217.667916796,432.465750334,0.0346064871591,100.007730651
2232,89.28,-217.304783097,-6.16581442447e-05,-0.361190601328,432.10339685,0.360195258785,-214.717785708,-217.666035357,432.463592109,0.034595094515,100.007677906
2233,89.32,-217.303008534,-6.16183822166e-05,-0.36110844641,432.101338502,0.360116459049,-214.717785708,-217.664178599,432.461454961,0.0345836899938,100.007625139
2234,89.36,-217.301259205,-6.15783716455e-05,-0.361025904811,432.099301804,0.360037329283,-214.717785708,-217.662346688,432.459339133,0.0345722733025,100.007572349
2235,89.4,-217.299535276,-6.15383015939e-05,-0.36094297212,432.097287005,0.359957864816,-214.717785708,-217.660539786,432.45724487,0.0345608441472,100.007519537
2236,89.44,-217.297836912,-6.14981391504e-05,-0.360859643891,432.095294353,0.359878060855,-214.717785708,-217.658758054,432.455172414,0.0345494022306,100.007466701
2237,89.48,-217.296164276,-6.14576353461e-05,-0.360775915549,432.093324092,0.359797912447,-214.717785708,-217.657001649,432.453122005,0.0345379472488,100.007413842
2238,89.52,-217.294517528,-6.14164301947e-05,-0.360691782382,432.091376468,0.359717414538,-214.717785708,-217.655270727,432.451093883,0.0345264788933,100.00736096
2239,89.56,-217.292896828,-6.13741827204e-05,-0.360607239596,432.089451723,0.359636562072,-214.717785708,-217.653565442,432.449088285,0.0345149968539,100.007308053
2240,89.6,-217.291302333,-6.13306453969e-05,-0.360522282369,432.0875501,0.359555350043,-214.717785708,-217.651885946,432.44710545,0.03450350082,100.007255121
2241,89.64,-217.289734198,-6.12856678132e-05,-0.360436905852,432.085671837,0.359473773467,-214.717785708,-217.650232389,432.445145611,0.0344919904766,100.007202164
2242,89.68,-217.288192576,-6.12391781886e-05,-0.360351105175,432.083817175,0.359391827362,-214.717785708,-217.64860492,432.443209003,0.0344804655036,100.007149182
2243,89.72,-217.286677616,-6.11911937595e-05,-0.360264875502,432.081986351,0.35930950678,-214.717785708,-217.647003683,432.441295858,0.0344689255772,100.007096174
2244,89.76,-217.285189468,-6.11418688433e-05,-0.360178212104,432.080179599,0.359226806873,-214.717785708,-217.645428822,432.439406406,0.0344573703751,100.007043139
2245,89.8,-217.283728275,-6.10915573238e-05,-0.360091110371,432.078397155,0.359143722922,-214.717785708,-217.643880477,432.437540878,0.034445799578,100.006990078
2246,89.84,-217.28229418,-6.10408659668e-05,-0.360003565752,432.076639249,0.359060250275,-214.717785708,-217.642358787,432.4356995,0.0344342128678,100.00693699
2247,89.88,-217.280887325,-6.09906785469e-05,-0.359915573693,432.074906114,0.35897638428,-214.717785708,-217.64086389,432.433882498,0.0344226099243,100.006883874
2248,89.92,-217.279507848,-6.09421104487e-05,-0.359827129632,432.073197978,0.358892120246,-214.717785708,-217.639395919,432.432090098,0.0344109904268,100.006830731
2249,89.96,-217.278155884,-6.08963359329e-05,-0.359738229058,432.071515069,0.358807453433,-214.717785708,-217.63795501,432.430322522,0.0343993540572,100.006777559
2250,90,-217.276831569,-6.08542771586e-05,-0.359648867506,432.069857612,0.35872237899,-214.717785708,-217.636541291,432.428579991,0.0343877005011,100.006724358
2251,90.04,-217.275535033,-6.08162636859e-05,-0.359559040459,432.068225832,0.358636891845,-214.717785708,-217.63515489,432.426862724,0.0343760294444,100.006671129
2252,90.08,-217.274266407,-6.07818655734e-05,-0.359468743203,432.066619953,0.358550986613,-214.717785708,-217.633795932,432.42517094,0.0343643405687,100.006617869
2253,90.12,-217.273025818,-6.07500389547e-05,-0.359377970737,432.065040195,0.358464657616,-214.717785708,-217.632464538,432.423504852,0.0343526335512,100.00656458
2254,90.16,-217.271813391,-6.07195047563e-05,-0.359286717796,432.063486778,0.358377898991,-214.717785708,-217.631160829,432.421864677,0.0343409080681,100.006511261
2255,90.2,-217.270629252,-6.06891160255e-05,-0.359194978911,432.06195992,0.358290704794,-214.717785708,-217.62988492,432.420250625,0.0343291637953,100.006457911
2256,90.24,-217.269473521,-6.06580345867e-05,-0.359102748471,432.060459837,0.358203069027,-214.717785708,-217.628636927,432.418662906,0.0343174004065,100.006404529
2257,90.28,-217.268346317,-6.06257324224e-05,-0.359010020759,432.058986743,0.358114985633,-214.717785708,-217.627416964,432.417101728,0.0343056175696,100.006351117
2258,90.32,-217.267247759,-6.05919293242e-05,-0.358916790016,432.057540849,0.358026448533,-214.717785708,-217.62622514,432.415567298,0.0342938149472,100.006297672
2259,90.36,-217.266177959,-6.05565351636e-05,-0.35882305053,432.056122367,0.357937451708,-214.717785708,-217.625061566,432.414059819,0.0342819922007,100.006244194
2260,90.4,-217.265137029,-6.05196046357e-05,-0.358728796692,432.054731503,0.357847989258,-214.717785708,-217.623926346,432.412579492,0.0342701489935,100.006190684
2261,90.44,-217.26412508,-6.04812961509e-05,-0.358634022974,432.053368463,0.357758055386,-214.717785708,-217.622819585,432.411126519,0.0342582849904,100.006137141
2262,90.48,-217.263142219,-6.04418260838e-05,-0.358538723888,432.052033451,0.357667644344,-214.717785708,-217.621741385,432.409701095,0.0342463998542,100.006083563
2263,90.52,-217.262188551,-6.04014075638e-05,-0.358442893978,432.050726667,0.357576750396,-214.717785708,-217.620691846,432.408303418,0.0342344932453,100.006029952
2264,90.56,-217.261264178,-6.03601755508e-05,-0.358346527873,432.049448311,0.357485367847,-214.717785708,-217.619671066,432.406933679,0.0342225648252,100.005976306
2265,90.6,-217.260369201,-6.03181301846e-05,-0.358249620312,432.048198579,0.357393491072,-214.717785708,-217.61867914,432.40559207,0.0342106142592,100.005922626
2266,90.64,-217.259503718,-6.02751430061e-05,-0.358152166109,432.046977666,0.357301114517,-214.717785708,-217.617716159,432.40427878,0.034198641217,100.00586891
2267,90.68,-217.258667824,-6.02310350148e-05,-0.358054160092,432.045785763,0.357208232687,-214.717785708,-217.616782215,432.402993996,0.0341866453692,100.005815158
2268,90.72,-217.257861614,-6.0185683274e-05,-0.35795559709,432.044623061,0.357114840162,-214.717785708,-217.615877397,432.401737902,0.0341746263867,100.005761369
2269,90.76,-217.257085178,-6.01391043317e-05,-0.357856472016,432.043489747,0.357020931662,-214.717785708,-217.615001789,432.400510679,0.0341625839433,100.005707545
2270,90.8,-217.256338604,-6.00915014597e-05,-0.357756779957,432.042386005,0.356926502104,-214.717785708,-217.614155475,432.399312507,0.0341505177194,100.005653683
2271,90.84,-217.255621977,-6.00432921361e-05,-0.357656516181,432.041312018,0.356831546588,-214.717785708,-217.613338537,432.398143565,0.0341384274016,100.005599784
2272,90.88,-217.254935382,-5.9995117132e-05,-0.357555676084,432.040267966,0.356736060315,-214.717785708,-217.612551053,432.397004026,0.0341263126804,100.005545847
2273,90.92,-217.254278897,-5.99477985312e-05,-0.357454255134,432.039254025,0.356640038521,-214.717785708,-217.6117931,432.395894064,0.0341141732485,100.005491872
2274,90.96,-217.253652601,-5.99022045907e-05,-0.357352248879,432.038270371,0.356543476429,-214.717785708,-217.611064752,432.394813847,0.0341020088022,100.005437858
2275,91,-217.25305657,-5.98590177371e-05,-0.357249652965,432.037317176,0.356446369229,-214.717785708,-217.610366082,432.393763545,0.0340898190443,100.005383805
2276,91.04,-217.252490875,-5.98184835115e-05,-0.357146463088,432.036394609,0.356348712001,-214.717785708,-217.609697157,432.392743321,0.0340776036834,100.005329713
2277,91.08,-217.251955589,-5.97802857575e-05,-0.35704267487,432.03550284,0.356250499655,-214.717785708,-217.609058044,432.391753339,0.0340653624306,100.005275581
2278,91.12,-217.251450778,-5.97436519114e-05,-0.356938283762,432.034642031,0.356151726907,-214.717785708,-217.608448805,432.390793758,0.0340530949969,100.00522141
2279,91.16,-217.250976509,-5.97076340414e-05,-0.356833285037,432.033812347,0.356052388364,-214.717785708,-217.607869501,432.389864736,0.0340408010946,100.005167197
2280,91.2,-217.250532845,-5.96713865021e-05,-0.356727673881,432.033013948,0.355952478627,-214.717785708,-217.607320191,432.388966426,0.0340284804394,100.005112944
2281,91.24,-217.250119849,-5.96343067364e-05,-0.356621445466,432.032246989,0.355851992363,-214.717785708,-217.606800928,432.388098982,0.0340161327508,100.00505865
2282,91.28,-217.249737577,-5.95960468616e-05,-0.356514594993,432.031511626,0.355750924314,-214.717785708,-217.606311768,432.387262551,0.0340037577498,100.005004314
2283,91.32,-217.249386088,-5.95564680617e-05,-0.356407117705,432.030808011,0.355649269315,-214.717785708,-217.605852762,432.38645728,0.0339913551573,100.004949936
2284,91.36,-217.249065435,-5.9515575682e-05,-0.35629900893,432.030136291,0.355547022319,-214.717785708,-217.60542396,432.385683313,0.0339789246959,100.004895516
2285,91.4,-217.248775671,-5.94734420357e-05,-0.356190264141,432.029496612,0.355444178445,-214.717785708,-217.605025408,432.384940791,0.0339664660928,100.004841053
2286,91.44,-217.248516843,-5.94301350736e-05,-0.35608087898,432.028889117,0.355340732983,-214.717785708,-217.604657152,432.38422985,0.033953979081,100.004786547
2287,91.48,-217.248289,-5.9385685319e-05,-0.355970849215,432.028313946,0.355236681358,-214.717785708,-217.604319234,432.383550628,0.0339414633976,100.004731998
2288,91.52,-217.248092185,-5.93401132704e-05,-0.3558601707,432.027771235,0.355132019115,-214.717785708,-217.604011695,432.382903254,0.0339289187825,100.004677405
2289,91.56,-217.24792644,-5.92935075064e-05,-0.35574883938,432.027261117,0.355026741947,-214.717785708,-217.603734573,432.382287859,0.0339163449792,100.004622768
2290,91.6,-217.247791805,-5.92461109785e-05,-0.355636851361,432.026783724,0.354920845743,-214.717785708,-217.603487902,432.38170457,0.0339037417381,100.004568087
2291,91.64,-217.247688316,-5.91983660869e-05,-0.355524202951,432.026339182,0.354814326599,-214.717785708,-217.603271717,432.381153508,0.033891108818,100.004513361
2292,91.68,-217.247616006,-5.9150887802e-05,-0.355410890654,432.025927615,0.354707180755,-214.717785708,-217.603086048,432.380634796,0.0338784459851,100.004458591
2293,91.72,-217.247574907,-5.91043537568e-05,-0.35529691112,432.025549145,0.35459940451,-214.717785708,-217.602930923,432.380148549,0.0338657530114,100.004403774
2294,91.76,-217.247565047,-5.90593210931e-05,-0.355182261111,432.02520389,0.354490994146,-214.717785708,-217.602806368,432.379694884,0.0338530296743,100.004348913
2295,91.8,-217.247586451,-5.90160259785e-05,-0.355066937481,432.024891964,0.354381945892,-214.717785708,-217.602712405,432.37927391,0.0338402757574,100.004294005
2296,91.84,-217.247639142,-5.89742719577e-05,-0.354950937123,432.024613481,0.354272255903,-214.717785708,-217.602649054,432.378885737,0.0338274910521,100.004239051
2297,91.88,-217.247723141,-5.89334924841e-05,-0.354834256894,432.024368549,0.354161920259,-214.717785708,-217.602616331,432.37853047,0.0338146753553,100.004184051
2298,91.92,-217.247838465,-5.88929603527e-05,-0.354716893558,432.024157275,0.354050934987,-214.717785708,-217.602614252,432.37820821,0.0338018284675,100.004129004
2299,91.96,-217.24798513,-5.88520142825e-05,-0.354598843815,432.02397976,0.353939296131,-214.717785708,-217.602642826,432.377919057,0.0337889501931,100.00407391
2300,92,-217.24816315,-5.88101883259e-05,-0.354480104382,432.023836106,0.35382699984,-214.717785708,-217.602702065,432.377663106,0.0337760403409,100.004018768
2301,92.04,-217.248372537,-5.87672280542e-05,-0.354360672074,432.023726407,0.353714042445,-214.717785708,-217.602791976,432.377440449,0.0337630987265,100.00396358
2302,92.08,-217.248613298,-5.87230433914e-05,-0.354240543842,432.023650757,0.35360042048,-214.717785708,-217.602912565,432.377251177,0.0337501251719,100.003908343
2303,92.12,-217.248885441,-5.86776509621e-05,-0.354119716785,432.023609245,0.353486130681,-214.717785708,-217.603063835,432.377095375,0.0337371195048,100.003853058
2304,92.16,-217.249188969,-5.86311441826e-05,-0.353998188158,432.023601956,0.353371169991,-214.717785708,-217.603245788,432.376973126,0.0337240815587,100.003797725
2305,92.2,-217.249523885,-5.85837087525e-05,-0.3538759554,432.023628974,0.353255535581,-214.717785708,-217.603458424,432.376884509,0.0337110111748,100.003742343
2306,92.24,-217.249890186,-5.85356626793e-05,-0.353753016161,432.023690376,0.353139224856,-214.717785708,-217.603701738,432.376829601,0.0336979082038,100.003686912
2307,92.28,-217.25028787,-5.84874669954e-05,-0.353629368308,432.023786239,0.35302223542,-214.717785708,-217.603975726,432.376808475,0.033684772505,100.003631433
2308,92.32,-217.250716929,-5.84396589711e-05,-0.353505009915,432.023916635,0.352904565005,-214.717785708,-217.604280379,432.3768212,0.0336716039458,100.003575904
2309,92.36,-217.251177355,-5.83927045313e-05,-0.353379939242,432.024081631,0.3527862114,-214.717785708,-217.604615687,432.376867842,0.0336584024011,100.003520326
2310,92.4,-217.251669133,-5.83468259276e-05,-0.353254154694,432.024281293,0.352667172395,-214.717785708,-217.604981635,432.376948465,0.0336451677535,100.003464698
2311,92.44,-217.25219225,-5.83018987895e-05,-0.353127654775,432.024515683,0.352547445756,-214.717785708,-217.605378207,432.377063129,0.0336318998935,100.003409021
2312,92.48,-217.252746688,-5.82574911892e-05,-0.353000438013,432.024784859,0.352427029229,-214.717785708,-217.605805383,432.377211888,0.0336185987193,100.003353294
2313,92.52,-217.253332425,-5.82130304883e-05,-0.352872502924,432.025088876,0.352305920572,-214.717785708,-217.606263141,432.377394797,0.0336052641353,100.003297516
2314,92.56,-217.253949442,-5.81679971533e-05,-0.352743848016,432.025427786,0.35218411763,-214.717785708,-217.606751458,432.377611904,0.0335918960521,100.003241688
2315,92.6,-217.254597712,-5.81220449414e-05,-0.352614471847,432.025801636,0.352061618405,-214.717785708,-217.607270305,432.377863255,0.0335784943865,100.00318581
2316,92.64,-217.255277209,-5.80750271388e-05,-0.352484373084,432.026210471,0.351938421117,-214.717785708,-217.607819657,432.378148892,0.0335650590629,100.003129881
2317,92.68,-217.255987905,-5.80269754421e-05,-0.352353550551,432.026654331,0.351814524232,-214.717785708,-217.608399482,432.378468855,0.0335515900138,100.003073902
2318,92.72,-217.256729768,-5.79780779413e-05,-0.352222003254,432.027133252,0.351689926459,-214.717785708,-217.609009749,432.378823179,0.0335380871794,100.003017871
2319,92.76,-217.257502764,-5.79286611017e-05,-0.352089730408,432.027647268,0.351564626734,-214.717785708,-217.609650423,432.379211895,0.0335245505089,100.00296179
2320,92.8,-217.258306857,-5.78791428288e-05,-0.351956731459,432.028196407,0.351438624185,-214.717785708,-217.610321467,432.379635032,0.0335109799606,100.002905657
2321,92.84,-217.259142007,-5.78299253522e-05,-0.351823006089,432.028780696,0.35131191807,-214.717785708,-217.611022843,432.380092614,0.0334973755017,100.002849474
2322,92.88,-217.260008171,-5.77812476259e-05,-0.351688554179,432.029400156,0.351184507701,-214.717785708,-217.611754506,432.380584663,0.0334837371081,100.002793239
2323,92.92,-217.260905305,-5.77330749621e-05,-0.351553375747,432.030054805,0.351056392397,-214.717785708,-217.612516413,432.381111197,0.0334700647629,100.002736953
2324,92.96,-217.26183336,-5.76851048736e-05,-0.351417470883,432.030744658,0.350927571489,-214.717785708,-217.613308515,432.38167223,0.0334563584573,100.002680615
2325,93,-217.262792286,-5.76368968787e-05,-0.351280839714,432.031469727,0.350798044367,-214.717785708,-217.614130762,432.382267771,0.0334426181898,100.002624226
2326,93.04,-217.263782031,-5.75880492622e-05,-0.351143482397,432.032230018,0.350667810544,-214.717785708,-217.614983101,432.382897829,0.0334288439669,100.002567786
2327,93.08,-217.26480254,-5.75383278085e-05,-0.351005399142,432.033025536,0.350536869709,-214.717785708,-217.615865478,432.383562406,0.0334150358019,100.002511294
2328,93.12,-217.265853758,-5.74877093679e-05,-0.350866590258,432.033856279,0.350405221765,-214.717785708,-217.616777836,432.384261501,0.0334011937152,100.00245475
2329,93.16,-217.266935624,-5.7436361154e-05,-0.350727056217,432.034722244,0.350272866846,-214.717785708,-217.617720117,432.384995111,0.0333873177355,100.002398155
2330,93.2,-217.268048079,-5.73845782096e-05,-0.350586797706,432.035623423,0.350139805306,-214.717785708,-217.618692261,432.385763229,0.0333734079005,100.002341509
2331,93.24,-217.269191056,-5.73326792341e-05,-0.350445815642,432.036559804,0.350006037656,-214.717785708,-217.619694204,432.386565841,0.0333594642565,100.00228481
2332,93.28,-217.270364489,-5.72808739813e-05,-0.350304111155,432.03753137,0.349871564493,-214.717785708,-217.620725881,432.387402935,0.0333454868575,100.00222806
2333,93.32,-217.271568309,-5.72291595009e-05,-0.350161685538,432.038538104,0.34973638645,-214.717785708,-217.621787223,432.38827449,0.0333314757646,100.002171259
2334,93.36,-217.272802442,-5.71773156603e-05,-0.35001854019,432.039579981,0.349600504204,-214.717785708,-217.622878159,432.389180485,0.0333174310467,100.002114405
2335,93.4,-217.274066813,-5.7125015262e-05,-0.34987467657,432.040656975,0.349463918519,-214.717785708,-217.623998615,432.390120893,0.0333033527809,100.002057501
2336,93.44,-217.275361347,-5.70719834483e-05,-0.349730096173,432.041769055,0.349326630297,-214.717785708,-217.625148515,432.391095685,0.0332892410515,100.002000544
2337,93.48,-217.276685963,-5.70181129879e-05,-0.349584800542,432.042916186,0.349188640605,-214.717785708,-217.626327782,432.392104827,0.0332750959494,100.001943537
2338,93.52,-217.278040581,-5.69634849558e-05,-0.34943879132,432.04409833,0.349049950687,-214.717785708,-217.627536335,432.393148281,0.0332609175712,100.001886478
2339,93.56,-217.279425116,-5.69083017245e-05,-0.349292070316,432.045315445,0.348910561962,-214.717785708,-217.628774094,432.394226007,0.0332467060211,100.001829367
2340,93.6,-217.280839482,-5.68527670731e-05,-0.349144639551,432.046567483,0.348770475987,-214.717785708,-217.630040975,432.395337959,0.0332324614108,100.001772206
2341,93.64,-217.282283591,-5.67969643373e-05,-0.348996501238,432.047854396,0.348629694404,-214.717785708,-217.631336889,432.39648409,0.0332181838594,100.001714993
2342,93.68,-217.283757349,-5.67407996793e-05,-0.348847657714,432.049176128,0.348488218892,-214.717785708,-217.632661747,432.397664347,0.0332038734914,100.001657729
2343,93.72,-217.285260663,-5.66840546695e-05,-0.348698111367,432.050532623,0.348346051176,-214.717785708,-217.634015458,432.398878674,0.0331895304364,100.001600414
2344,93.76,-217.286793436,-5.66265169268e-05,-0.348547864612,432.051923817,0.348203193078,-214.717785708,-217.635397927,432.400127011,0.0331751548299,100.001543048
2345,93.8,-217.288355569,-5.65680956218e-05,-0.348396919919,432.053349647,0.348059646573,-214.717785708,-217.636809057,432.401409294,0.0331607468144,100.001485632
2346,93.84,-217.289946962,-5.65088444862e-05,-0.34824527986,432.054810042,0.347915413792,-214.717785708,-217.638248751,432.402725456,0.0331463065388,100.001428165
2347,93.88,-217.291567512,-5.64488868692e-05,-0.348092947136,432.056304928,0.347770496982,-214.717785708,-217.639716908,432.404075425,0.0331318341566,100.001370647
2348,93.92,-217.293217112,-5.63883006369e-05,-0.347939924594,432.057834229,0.347624898459,-214.717785708,-217.641213424,432.405459128,0.0331173298259,100.001313079
2349,93.96,-217.294895653,-5.63270429685e-05,-0.347786215216,432.059397863,0.347478620601,-214.717785708,-217.642738195,432.406876484,0.0331027937104,100.00125546
2350,94,-217.296603025,-5.62649692958e-05,-0.347631822092,432.060995746,0.347331665881,-214.717785708,-217.644291112,432.408327412,0.0330882259809,100.001197792
2351,94.04,-217.298339114,-5.62019299097e-05,-0.347476748378,432.062627787,0.347184036885,-214.717785708,-217.645872065,432.409811824,0.0330736268153,100.001140073
2352,94.08,-217.300103806,-5.61378603641e-05,-0.347320997273,432.064293896,0.347035736311,-214.717785708,-217.647480941,432.411329632,0.0330589963966,100.001082305
2353,94.12,-217.301896982,-5.60727882338e-05,-0.347164572048,432.065993974,0.346886766956,-214.717785708,-217.649117627,432.412880741,0.0330443349116,100.001024487
2354,94.16,-217.303718523,-5.6006758531e-05,-0.347007476101,432.067727921,0.346737131707,-214.717785708,-217.650782006,432.414465053,0.0330296425519,100.00096662
2355,94.2,-217.305568305,-5.59397528607e-05,-0.346849712983,432.069495633,0.346586833554,-214.717785708,-217.652473958,432.416082466,0.0330149195157,100.000908703
2356,94.24,-217.307446205,-5.58716766271e-05,-0.34669128636,432.071297001,0.346435875572,-214.717785708,-217.654193363,432.417732876,0.0330001660074,100.000850737
2357,94.28,-217.309352095,-5.58024194675e-05,-0.34653219994,432.073131913,0.346284260914,-214.717785708,-217.655940097,432.419416174,0.0329853822355,100.000792723
2358,94.32,-217.311285845,-5.57319212747e-05,-0.346372457458,432.075000254,0.3461319928,-214.717785708,-217.657714035,432.421132247,0.0329705684119,100.000734659
2359,94.36,-217.313247325,-5.56601745615e-05,-0.346212062717,432.076901902,0.345979074529,-214.717785708,-217.659515048,432.422880977,0.0329557247519,100.000676547
2360,94.4,-217.3152364,-5.55871688789e-05,-0.346051019652,432.078836736,0.345825509501,-214.717785708,-217.661343007,432.424662245,0.0329408514764,100.000618387
2361,94.44,-217.317252935,-5.55128474561e-05,-0.345889332322,432.080804626,0.345671301214,-214.717785708,-217.66319778,432.426475927,0.0329259488126,100.000560179
2362,94.48,-217.31929679,-5.54371236219e-05,-0.345727004854,432.082805441,0.345516453237,-214.717785708,-217.665079232,432.428321894,0.0329110169916,100.000501923
2363,94.52,-217.321367825,-5.53599275953e-05,-0.345564041408,432.084839046,0.345360969198,-214.717785708,-217.666987226,432.430200016,0.0328960562476,100.00044362
2364,94.56,-217.323465897,-5.5281221278e-05,-0.345400446196,432.086905303,0.34520485279,-214.717785708,-217.668921624,432.432110156,0.0328810668178,100.000385269
2365,94.6,-217.325590861,-5.52009683148e-05,-0.345236223538,432.089004068,0.345048107799,-214.717785708,-217.670882285,432.434052175,0.0328660489447,100.00032687
2366,94.64,-217.327742568,-5.5119107443e-05,-0.345071377864,432.091135194,0.344890738105,-214.717785708,-217.672869065,432.436025932,0.0328510028761,100.000268425
2367,94.68,-217.32992087,-5.50355644999e-05,-0.344905913671,432.093298531,0.344732747662,-214.717785708,-217.674881819,432.438031278,0.0328359288641,100.000209934
2368,94.72,-217.332125614,-5.49502776714e-05,-0.344739835484,432.095493924,0.344574140471,-214.717785708,-217.6769204,432.440068065,0.0328208271628,100.000151395
2369,94.76,-217.334356646,-5.48631965728e-05,-0.344573147882,432.097721217,0.344414920583,-214.717785708,-217.678984657,432.442136138,0.0328056980285,100.000092811
2370,94.8,-217.336613808,-5.47742631612e-05,-0.344405855533,432.099980246,0.344255092135,-214.717785708,-217.681074438,432.444235338,0.0327905417225,100.000034181
2371,94.84,-217.338896943,-5.46834085167e-05,-0.344237963203,432.102270847,0.344094659357,-214.717785708,-217.68318959,432.446365506,0.0327753585116,99.9999755051
2372,94.88,-217.34120589,-5.45905662694e-05,-0.344069475725,432.10459285,0.343933626558,-214.717785708,-217.685329956,432.448526476,0.0327601486664,99.9999167839
2373,94.92,-217.343540485,-5.44956761379e-05,-0.343900397968,432.106946082,0.343771998084,-214.717785708,-217.687495379,432.45071808,0.0327449124593,99.9998580177
2374,94.96,-217.345900564,-5.43986746992e-05,-0.343730734847,432.109330366,0.343609778324,-214.717785708,-217.689685697,432.452940144,0.0327296501644,99.9997992067
2375,95,-217.348285959,-5.42994933268e-05,-0.343560491352,432.111745523,0.343446971738,-214.717785708,-217.69190075,432.455192494,0.03271436206,99.9997403512
2376,95.04,-217.350696501,-5.4198064637e-05,-0.343389672563,432.114191367,0.343283582885,-214.717785708,-217.694140372,432.45747495,0.0326990484296,99.9996814514
2377,95.08,-217.353132019,-5.40943228747e-05,-0.343218283634,432.116667712,0.343119616392,-214.717785708,-217.696404397,432.459787329,0.0326837095605,99.9996225078
2378,95.12,-217.35559234,-5.3988199584e-05,-0.343046329754,432.119174367,0.342955076924,-214.717785708,-217.698692658,432.462129444,0.0326683457412,99.9995635205
2379,95.16,-217.358077289,-5.38796242836e-05,-0.342873816146,432.121711135,0.342789969175,-214.717785708,-217.701004984,432.464501104,0.0326529572615,99.9995044899
2380,95.2,-217.360586686,-5.37685265137e-05,-0.342700748087,432.124277819,0.342624297902,-214.717785708,-217.703341202,432.466902117,0.0326375444142,99.9994454162
2381,95.24,-217.363120353,-5.36548342908e-05,-0.34252713094,432.126874217,0.342458067945,-214.717785708,-217.705701138,432.469332285,0.0326221074967,99.9993862998
2382,95.28,-217.365678107,-5.35384737478e-05,-0.342352970136,432.129500122,0.342291284213,-214.717785708,-217.708084615,432.471791407,0.0326066468101,99.9993271411
2383,95.32,-217.368259764,-5.34193707528e-05,-0.342178271132,432.132155327,0.342123951647,-214.717785708,-217.710491455,432.474279278,0.0325911626562,99.9992679402
2384,95.36,-217.370865139,-5.32974494816e-05,-0.342003039403,432.134839617,0.341956075207,-214.717785708,-217.712921476,432.476795692,0.0325756553376,99.9992086976
2385,95.4,-217.373494043,-5.31726290064e-05,-0.341827280468,432.137552777,0.341787659898,-214.717785708,-217.715374496,432.479340437,0.0325601251588,99.9991494135
2386,95.44,-217.376146286,-5.30448226463e-05,-0.341650999925,432.140294587,0.341618710805,-214.717785708,-217.717850331,432.481913297,0.0325445724289,99.9990900883
2387,95.48,-217.378821676,-5.29139403574e-05,-0.34147420344,432.143064823,0.341449233079,-214.717785708,-217.720348794,432.484514056,0.0325289974607,99.9990307223
2388,95.52,-217.38152002,-5.27798903827e-05,-0.341296896713,432.14586326,0.341279231908,-214.717785708,-217.722869697,432.487142492,0.0325134005679,99.9989713158
2389,95.56,-217.384241121,-5.26425775569e-05,-0.34111908546,432.148689667,0.341108712497,-214.717785708,-217.725412849,432.48979838,0.0324977820645,99.9989118692
2390,95.6,-217.386984782,-5.25019007339e-05,-0.340940775434,432.151543811,0.340937680085,-214.717785708,-217.727978059,432.492481491,0.0324821422658,99.9988523827
2391,95.64,-217.389750802,-5.23577523393e-05,-0.340761972451,432.154425455,0.34076613998,-214.717785708,-217.730565132,432.495191595,0.0324664814905,99.9987928569
2392,95.68,-217.39253898,-5.22100184446e-05,-0.340582682381,432.157334358,0.340594097542,-214.717785708,-217.733173872,432.497928456,0.0324508000601,99.9987332919
2393,95.72,-217.395349111,-5.2058577866e-05,-0.340402911109,432.160270278,0.340421558153,-214.717785708,-217.735804081,432.500691837,0.0324350982961,99.9986736881
2394,95.76,-217.398180991,-5.1903301297e-05,-0.340222664514,432.163232968,0.340248527186,-214.717785708,-217.738455559,432.503481495,0.0324193765186,99.9986140458
2395,95.8,-217.401034412,-5.17440505387e-05,-0.340041948491,432.166222178,0.340075010029,-214.717785708,-217.741128105,432.506297188,0.0324036350479,99.9985543655
2396,95.84,-217.403909165,-5.15806775201e-05,-0.339860768978,432.169237654,0.339901012116,-214.717785708,-217.743821514,432.509138666,0.032387874206,99.9984946474
2397,95.88,-217.406805038,-5.14130234418e-05,-0.339679131958,432.17227914,0.339726538928,-214.717785708,-217.746535583,432.512005678,0.0323720943172,99.998434892
2398,95.92,-217.409721819,-5.12409178516e-05,-0.339497043423,432.175346376,0.339551595955,-214.717785708,-217.749270103,432.514897972,0.0323562957053,99.9983750994
2399,95.96,-217.412659293,-5.10641774393e-05,-0.339314509351,432.1784391,0.339376188676,-214.717785708,-217.752024866,432.517815289,0.0323404786922,99.9983152702
2400,96,-217.415617243,-5.08826046934e-05,-0.339131535721,432.181557046,0.339200322568,-214.717785708,-217.754799661,432.520757368,0.0323246435989,99.9982554046
2401,96.04,-217.41859545,-5.06959865077e-05,-0.338948128542,432.184699944,0.339024003142,-214.717785708,-217.757594274,432.523723948,0.0323087907473,99.9981955031
2402,96.08,-217.421593694,-5.05040927349e-05,-0.338764293861,432.187867524,0.338847235946,-214.717785708,-217.760408492,432.52671476,0.0322929204608,99.9981355658
2403,96.12,-217.424611754,-5.03066745638e-05,-0.338580037734,432.191059509,0.338670026538,-214.717785708,-217.763242098,432.529729535,0.0322770330621,99.9980755933
2404,96.16,-217.427649404,-5.01034626246e-05,-0.338395366199,432.194275621,0.338492380458,-214.717785708,-217.766094874,432.532768002,0.0322611288718,99.9980155858
2405,96.2,-217.430706421,-4.98941648486e-05,-0.338210285284,432.19751558,0.338314303235,-214.717785708,-217.7689666,432.535829883,0.0322452082085,99.9979555437
2406,96.24,-217.433782576,-4.9678464096e-05,-0.338024801042,432.200779101,0.338135800426,-214.717785708,-217.771857055,432.538914902,0.0322292713911,99.9978954673
2407,96.28,-217.436877641,-4.94560155336e-05,-0.337838919561,432.204065898,0.33795687762,-214.717785708,-217.774766016,432.542022775,0.0322133187399,99.997835357
2408,96.32,-217.439991384,-4.92264436988e-05,-0.337652646938,432.20737568,0.337777540419,-214.717785708,-217.777693257,432.545153221,0.0321973505741,99.9977752132
2409,96.36,-217.443123574,-4.89893391915e-05,-0.337465989255,432.210708155,0.337597794406,-214.717785708,-217.780638552,432.54830595,0.0321813672107,99.9977150362
2410,96.4,-217.446273976,-4.87442549563e-05,-0.337278952584,432.214063028,0.337417645156,-214.717785708,-217.783601673,432.551480673,0.0321653689646,99.9976548264
2411,96.44,-217.449442355,-4.84907021153e-05,-0.337091543017,432.21744,0.337237098265,-214.717785708,-217.786582389,432.554677098,0.0321493561503,99.997594584
2412,96.48,-217.452628474,-4.82281453217e-05,-0.336903766681,432.22083877,0.337056159362,-214.717785708,-217.789580469,432.557894929,0.0321333290832,99.9975343095
2413,96.52,-217.455832093,-4.79559976195e-05,-0.336715629724,432.224259035,0.336874834101,-214.717785708,-217.792595679,432.561133869,0.0321172880784,99.9974740031
2414,96.56,-217.459052973,-4.76736147915e-05,-0.336527138288,432.227700487,0.336693128126,-214.717785708,-217.795627785,432.564393615,0.0321012334485,99.9974136654
2415,96.6,-217.462290871,-4.73802891842e-05,-0.336338298513,432.231162818,0.336511047083,-214.717785708,-217.79867655,432.567673865,0.0320851655044,99.9973532965
