step,time_au,energy_total,energy_kinetic,energy_hartree,energy_xc,energy_external,energy_nonlocal,energy_ion,energy_ion_kinetic,energy_exact_exchange,energy_nvxc,energy_eigenvalues,current_x,current_y,current_z,density_l2,norm_wp,correction_ev,e_total_raw_ev,e_total_corrected_ev,wp_kinetic_bare_ev,energy_total_corrected
0,0.0,216.44247391187,15.249834641251,-228.643748621153,-14.304124252776,444.140512144549,0,0,0,0,-18.5954333433306,-16.4925837998358,-3.82436715595493e-05,0.0001409840788801,-3.48642482451417,0.0,1.0,0.0,5889.699704410825,5889.699704410825,248.1774285539035,216.44247391187
1,0.04,216.441964864216,15.2524711626242,-228.58232914994,-14.2967662303948,444.068589081927,0,0,0,0,-18.5857030293486,-16.4292794926618,-3.79785984411139e-05,0.0001412491375987,-3.50673271680837,0.0366180144590512,0.999968335838,0.007860600198774567,5889.68585251862,5889.677991918421,248.24125455988465,216.4416759924842
2,0.08,216.441475671825,15.2605027396112,-228.539344924253,-14.2763574415195,443.996675297986,0,0,0,0,-18.5587160497934,-16.3801866708254,-3.75483351869252e-05,0.000141679386244,-3.52696735002053,0.132012074071026,0.999936734319,0.015719465072099318,5889.67254091564,5889.656821450568,248.4517722876215,216.44089799213342
3,0.12,216.441015102641,15.2722067708508,-228.509209690854,-14.2467539572355,443.92477197988,0,0,0,0,-18.5195754446325,-16.3409585677072,-3.7424315047139e-05,0.0001418033914877,-3.54714240590572,0.250257708124521,0.999905211106,0.02358211981079478,5889.660008189794,5889.636426069983,248.76210168383824,216.44014847571464
4,0.16,216.440561453661,15.2858370491291,-228.485776149839,-14.2123793095296,443.852879863901,0,0,0,0,-18.4741502150794,-16.3069155186936,-3.75664582404985e-05,0.0001416612334249,-3.56729370658407,0.355820934752753,0.999873776892,0.031449266716893666,5889.647663772291,5889.616214505574,249.12472518657844,216.43940571441578
5,0.2,216.440120385602,15.2998331816593,-228.463940365246,-14.1767712332329,443.780998802422,0,0,0,0,-18.4271212250712,-16.2740908428563,-3.77261723219585e-05,0.0001415015044165,-3.58745821993882,0.431563980063754,0.999842435895,0.0393179957796988,5889.635661699085,5889.596343703305,249.49718512907162,216.4386754758947
6,0.24,216.439675392691,15.313237975886,-228.440368085378,-14.1423227494768,443.709128251659,0,0,0,0,-18.3816568165051,-16.2399415857777,-3.78049964336132e-05,0.0001414226650981,-3.60763938741797,0.478048067791646,0.999811185565,0.047184844970029526,5889.623552825216,5889.576367980247,249.85343832528176,216.43794138160573
7,0.28,216.439210752971,15.3255457938619,-228.413312325445,-14.1102902591506,443.637267543704,0,0,0,0,-18.3394203166007,-16.2031428114963,-3.7822999555816e-05,0.0001414046464255,-3.6278508752638,0.503981165436629,0.999780020971,0.05504640291063534,5889.610909334445,5889.555862931535,250.17972897946345,216.43718783495757
8,0.32,216.438749418234,15.3365162445437,-228.382073692106,-14.0811088472097,443.565415713006,0,0,0,0,-18.3009866226255,-16.1631114129837,-3.78163517757167e-05,0.0001414112781167,-3.64808803535608,0.517910878166988,0.99974893133,0.06290084105500267,5889.598355776841,5889.535454935786,250.46951746106706,216.43643785494007
9,0.36,216.438268912836,15.346201890807,-228.34659101195,-14.0549139670559,443.493572001035,0,0,0,0,-18.2665261889171,-16.1198432658265,-3.78073484315857e-05,0.0001414202647184,-3.66834159395217,0.524885663389203,0.999717903245,0.07074845063914241,5889.585280558981,5889.514532108342,250.72423371474696,216.43566895520652
10,0.4,216.437791340474,15.3546443040237,-228.307122250829,-14.0314663119729,443.421735599252,0,0,0,0,-18.2357095289658,-16.0734836769099,-3.78004090862732e-05,0.0001414271864057,-3.68860790279799,0.52752730027023,0.999686919177,0.07859067469338546,5889.572285153095,5889.493694478402,250.94500745029853,216.43490318642358
11,0.44,216.437305396554,15.3620070874303,-228.264055181481,-14.010552316887,443.349905807492,0,0,0,0,-18.2082413394667,-16.0243497367828,-3.77965495152774e-05,0.000141431027371,-3.70887488173715,0.527590266562618,0.999655957506,0.08643129045079195,5889.559061945514,5889.472630655064,251.13628671133432,216.43412910518646
12,0.48,216.436814364315,15.368422033246,-228.217812658098,-13.991876999528,443.278081988696,0,0,0,0,-18.1837287890882,-15.9727629708487,-3.77949136426981e-05,0.0001414326437825,-3.7291403850349,0.526430814913737,0.999624994184,0.09427493512080642,5889.54570027772,5889.4514253426,251.30165307043072,216.43334982431983
13,0.52,216.436322712474,15.3740073760041,-228.168797234185,-13.9751508861018,443.206263456757,0,0,0,0,-18.161788146591,-15.9190270549904,-3.77941812025675e-05,0.000141433355917,-3.7493978585923,0.524916484240228,0.999593999745,0.10212792099054505,5889.532321749697,5889.430193828706,251.44431751297932,216.43256958056844
14,0.56,216.435822753864,15.3789024889747,-228.117373694879,-13.9601555906237,443.134449550393,0,0,0,0,-18.1421291320417,-15.8634424779449,-3.77946130714925e-05,0.0001414329030899,-3.76964443041149,0.523369749326857,0.999562940768,0.1099982208426351,5889.518717182977,5889.408718962134,251.56806458835814,216.43178039377096
15,0.6,216.435322697006,15.3831813726631,-228.063862042946,-13.946636128478,443.062639495767,0,0,0,0,-18.1244147980756,-15.8062389734858,-3.77951838415133e-05,0.0001414323109675,-3.78987846998248,0.521838858631242,0.999531777585,0.117895029984191,5889.505109942792,5889.387214912807,251.6748987519875,216.43099013452704
16,0.64,216.434815201161,15.3869486257394,-228.008537779766,-13.9344280808227,442.99083243601,0,0,0,0,-18.108427097626,-15.7476457113167,-3.7796314452418e-05,0.0001414311587921,-3.81009656879428,0.52036419238518,0.999500463169,0.12583007306368996,5889.49130027746,5889.365470204397,251.76765456107836,216.4301910312248
17,0.68,216.434302786882,15.3902663343783,-227.951637157753,-13.9233537643444,442.919027374601,0,0,0,0,-18.0939313037749,-15.6878393273629,-3.7797639545575e-05,0.0001414298119084,-3.83029885588414,0.519022447370687,0.999468942394,0.13381686465265777,5889.4773567747225,5889.34353991007,251.8480079708443,216.4293851077659
18,0.72,216.433784194928,15.3931937076448,-227.893360983266,-13.9132716620324,442.847223132582,0,0,0,0,-18.0807405151123,-15.6269764679185,-3.7799063606332e-05,0.0001414283659146,-3.85048291494304,0.51786253942202,0.999437149371,0.14187180623404447,5889.463245168885,5889.321373362651,251.91755377549134,216.4285705021659
19,0.76,216.433255284283,15.3957903023835,-227.83388024077,-13.9040731247272,442.775418347397,0,0,0,0,-18.0687110098387,-15.565197168953,-3.78008641188281e-05,0.0001414265434776,-3.87064847120528,0.5168628976108,0.999405007295,0.15001426571789084,5889.448852777165,5889.298838511447,251.97789328215697,216.42774236165135
20,0.8,216.432718122977,15.398086718876,-227.77334044865,-13.8956395704878,442.703611423239,0,0,0,0,-18.0576866068424,-15.5026072509944,-3.78025659391997e-05,0.0001414248197799,-3.8907947282947,0.515977735702261,0.999372426694,0.15826652183476975,5889.434235873523,5889.275969351688,252.02983695807467,216.42690193552392
21,0.84,216.432166990079,15.4001301908767,-227.711865452849,-13.8878982938176,442.631800545869,0,0,0,0,-18.0475711375304,-15.4393128164028,-3.78046167548837e-05,0.0001414227471931,-3.91092064614796,0.515189047872107,0.999339305716,0.1666543842833405,5889.419238783498,5889.252584399215,252.07464438159587,216.42604255436365
22,0.88,216.431602005918,15.4019444760766,-227.649561175822,-13.8807649812794,442.559983686943,0,0,0,0,-18.0382535889767,-15.3753929521016,-3.7806679943753e-05,0.0001414206624935,-3.93102639848622,0.51450171236102,0.999305531371,0.1752061987002894,5889.403864781409,5889.228658582709,252.11293380349372,216.42516329681658
23,0.92,216.431020088446,15.4035573216074,-227.586518200018,-13.8741776768428,442.4881586437,0,0,0,0,-18.0296522905969,-15.3109216058941,-3.78088869069697e-05,0.0001414184344997,-3.95111082907534,0.513914483172121,0.999270981756,0.18395272324783785,5889.3880300004585,5889.204077277211,252.14542965068446,216.42425995049317
24,0.96,216.430417813273,15.4049946921174,-227.522814439309,-13.8680855553375,442.416323115802,0,0,0,0,-18.0217001901944,-15.2459638934346,-3.78113159374209e-05,0.0001414159851166,-3.97117399582924,0.513406272381526,0.999235531059,0.19292576434289882,5889.371641258248,5889.178715493905,252.17280683236464,216.4233279221391
25,1.0,216.429794710105,15.4062703140577,-227.458517175138,-13.8624332281301,442.344474799315,0,0,0,0,-18.0143244914434,-15.1805701550226,-3.78137286910992e-05,0.0001414135527934,-3.99121514372245,0.512954282521373,0.999199055222,0.20215651119186184,5889.354685757426,5889.152529246234,252.19540789601368,216.42236559527817
26,1.04,216.429146418224,15.4074086825028,-227.393684799326,-13.8571889854427,442.27261152049,0,0,0,0,-18.0074832855003,-15.1147929609428,-3.7816433523158e-05,0.0001414108293401,-4.0112335603646,0.51255100205024,0.999161439835,0.2116740063455204,5889.337044836811,5889.125370830466,252.2138706121899,216.4213675418983
27,1.08,216.428472829582,15.4084210952667,-227.32836846168,-13.8523111833295,442.200731379325,0,0,0,0,-18.0011218638741,-15.0486705086159,-3.78191385446035e-05,0.000141408106854,-4.03122869234272,0.512198192561802,0.999122588488,0.2215025195156063,5889.318715556268,5889.097213036753,252.2284784599842,216.420332762056
28,1.12,216.42777188429,15.4093251873299,-227.262613270187,-13.8477729350141,442.128832902161,0,0,0,0,-17.9952047927638,-14.9822414361372,-3.78220246332106e-05,0.0001414052044698,-4.05119904260756,0.511893181245011,0.999082431054,0.23165987394894816,5889.299641863363,5889.067981989414,252.23969386881285,216.41925854087012
29,1.16,216.42704277929,15.4101367153786,-227.196459493542,-13.8435496284535,442.056915185907,0,0,0,0,-17.9896996526535,-14.9155390255106,-3.78250320168164e-05,0.0001414021818559,-4.07114360639861,0.511624587278609,0.999040931528,0.24215528684157822,5889.279801905773,5889.037646618931,252.24793682993663,216.41814373655686
30,1.2,216.426286727583,15.4108673893206,-227.12994347674,-13.839615205581,441.984978020583,0,0,0,0,-17.9845722283446,-14.8485902645125,-3.78280679695628e-05,0.000141399131579,-4.0910603881898,0.511382035785154,0.998998093539,0.25298790908993474,5889.2592286909385,5889.006240781849,252.25352735725437,216.4169895933213
31,1.24,216.425503425206,15.4115362604087,-227.063098412266,-13.8359564027052,441.913021979769,0,0,0,0,-17.9798049626014,-14.7814243819764,-3.7831295375321e-05,0.0001413958907106,-4.11094743069559,0.511163352036254,0.998953964018,0.26414620096428576,5889.2379139476025,5888.973767746638,252.2569960060504,216.41579623127754
32,1.28,216.424696080372,15.4121548621088,-226.995955026087,-13.8325522313619,441.841048475713,0,0,0,0,-17.9753703211042,-14.7140623624371,-3.78344964023257e-05,0.0001413926769815,-4.13080242468514,0.510970222874076,0.998908633717,0.27560740665126743,5889.21594497569,5888.940337569039,252.25868006800468,216.41456769489943
33,1.32,216.423866639847,15.4127410255537,-226.928542038999,-13.8293921230664,441.769059776359,0,0,0,0,-17.9712543407217,-14.6465276082297,-3.78378369088061e-05,0.0001413893242757,-4.15062248233673,0.510800962873003,0.998862234795,0.28733854874658277,5889.1933747494,5888.906036200654,252.25909852267824,216.4133071428502
34,1.36,216.423018751691,15.4133103078709,-226.860886601418,-13.8264639450281,441.697058990265,0,0,0,0,-17.9674410557678,-14.5788398061454,-3.78412009315972e-05,0.0001413859483196,-4.17040496683038,0.510649300945649,0.998814935869,0.29929744483872556,5889.170302537502,5888.871005092663,252.25871777935092,216.41201977336482
35,1.4,216.422156909391,15.4138772745008,-226.793014579635,-13.8237558252009,441.625050039726,0,0,0,0,-17.963914880324,-14.5110166288003,-3.78445919601433e-05,0.0001413825454368,-4.19014651061905,0.510510239536587,0.998766934399,0.3114346627862693,5889.146850614005,5888.835415951219,252.25798462333975,216.41071189652814
36,1.44,216.421284765663,15.4144604293066,-226.724950778549,-13.8212625146426,441.553037629548,0,0,0,0,-17.960668841159,-14.4430775244899,-3.78480690236537e-05,0.0001413790564394,-4.20984408819966,0.51038353203827,0.998718448157,0.3236958432817044,5889.123118374376,5888.799422531094,252.2574580520989,216.40938916272378
37,1.48,216.420407931027,15.4150726560764,-226.656719141511,-13.8189728307276,441.481027247189,0,0,0,0,-17.9576882954864,-14.3750373733378,-3.78515044720398e-05,0.0001413756087674,-4.22949436949177,0.510270621831929,0.99866970594,0.3360237269375674,5889.099258488637,5888.7632347617,252.25754715435897,216.40805928671548
38,1.52,216.419530490038,15.4157309074432,-226.588342871863,-13.8168827450425,441.4090251995,0,0,0,0,-17.9549679006831,-14.3069139959313,-3.78550237059778e-05,0.0001413720767058,-4.24909399151746,0.510170445900087,0.998620938778,0.3483607014044218,5889.075382103193,5888.727021401789,252.25877221412807,216.40672847027304
39,1.56,216.418657368577,15.4164483371234,-226.51984457588,-13.814985083767,441.3370386911,0,0,0,0,-17.952498249339,-14.2387228468958,-3.78585144405537e-05,0.0001413685723016,-4.2686399012649,0.510079274774027,0.998572371932,0.3606505424953161,5889.051623258093,5888.690972715598,252.2615488799063,216.40540370547822
40,1.6,216.417793141723,15.4172367865268,-226.451246361216,-13.813273229907,441.265075946319,0,0,0,0,-17.9502706747709,-14.1704794148987,-3.78620292994256e-05,0.000141365042769,-4.28812861822396,0.509994514358972,0.99852421731,0.37284040210388336,5889.028106447578,5888.655266045474,252.2662538427769,216.40409150954213
41,1.64,216.416941267592,15.4181087395837,-226.382569920634,-13.8117438863517,441.193146334994,0,0,0,0,-17.948280823697,-14.1022008878606,-3.78655649068014e-05,0.0001413614913135,-4.30755721422372,0.509916547592024,0.998476666955,0.384882522450878,5889.004925771776,5888.620043249325,252.27327631824252,216.40279709564683
42,1.68,216.416105905562,15.4190707340321,-226.313836625416,-13.8103887078812,441.121260504827,0,0,0,0,-17.9465178088423,-14.0339019328279,-3.78690700282886e-05,0.0001413579690239,-4.32692236185418,0.509846529089556,0.998429887371,0.3967353886492218,5888.982194413127,5888.585459024478,252.28283760600118,216.40152614881424
43,1.72,216.415289380208,15.4201310792878,-226.245067594305,-13.8092045856302,441.049430480856,0,0,0,0,-17.9449775393224,-13.9656003670643,-3.7872617521876e-05,0.0001413544028622,-4.34622086952687,0.509783752023181,0.998384015872,0.408364949866843,5888.959975626541,5888.551610676674,252.2951998878934,216.40028224496442
44,1.76,216.414494270676,15.4212929817326,-226.176283796414,-13.8081846265209,440.977669711878,0,0,0,0,-17.943651022219,-13.8973124760808,-3.78761271706019e-05,0.0001413508729584,-4.36544958817939,0.509725834764894,0.998339159292,0.41974464379323595,5888.938339594153,5888.51859495036,252.31047913468055,216.3990689393903
45,1.8,216.413722337534,15.4225581292284,-226.107506149544,-13.8073226956783,440.905993053529,0,0,0,0,-17.942530253454,-13.8290555428121,-3.78796568660858e-05,0.0001413473212988,-4.38460480720165,0.509671320825548,0.998295394573,0.4308553825615494,5888.917334223461,5888.4864788408995,252.3287426669554,216.39788869412604
46,1.84,216.412974273142,15.4239276643309,-226.038755605137,-13.8066144322628,440.834416646211,0,0,0,0,-17.9416095296858,-13.7608484812307,-3.7883175752286e-05,0.0001413437785893,-4.40368318693965,0.509620743991169,0.998252770735,0.44168509322290295,5888.896978354536,5888.455293261313,252.35003610250303,216.39674264520423
47,1.88,216.412251195129,15.4253979659714,-225.970053225149,-13.8060512704165,440.762957724723,0,0,0,0,-17.9408776990133,-13.6927086366821,-3.78866798130774e-05,0.0001413402486974,-4.42268065746385,0.509575014518966,0.998211310748,0.45222803833346525,5888.877302399616,5888.425074361283,252.37426925727095,216.39563212110116
48,1.92,216.411552618648,15.4269674552607,-225.901420216604,-13.8056290015732,440.691634381565,0,0,0,0,-17.9403292597185,-13.6246564044414,-3.78901944376221e-05,0.000141336706116,-4.44159323904155,0.509533657265229,0.998171013581,0.46248461364787635,5888.858293165342,5888.395808551694,252.40140154945755,216.39455662242614
49,1.96,216.41087845897,15.428630851293,-225.832877962857,-13.8053397760931,440.620465346627,0,0,0,0,-17.9399539893414,-13.5567108681502,-3.78936799245255e-05,0.0001413331904811,-4.46041683654492,0.509495072056165,0.998131856826,0.47246040872295214,5888.839948346118,5888.367487937395,252.43128663725145,216.39351585903762
50,2.0,216.410227943237,15.4303829875877,-225.764448051182,-13.8051768500045,440.549469856836,0,0,0,0,-17.9397431020682,-13.4888923374773,-3.78971726888936e-05,0.0001413296652773,-4.47914681916249,0.509458371078605,0.99809380025,0.4821654923212963,5888.822246911408,5888.340081419086,252.46377698894773,216.3925086880575
51,2.04,216.409599725983,15.4322190166538,-225.696152284158,-13.8051346082531,440.47866760174,0,0,0,0,-17.9396892735121,-13.4212222459419,-3.79006442864914e-05,0.0001413261588439,-4.4977790709303,0.509424056097241,0.998056790212,0.4916133124589367,5888.805152249218,5888.313538936759,252.4987305479008,216.3915332698143
52,2.08,216.408992962744,15.4341311410493,-225.628012685337,-13.8052042431524,440.408078750185,0,0,0,0,-17.9397810439668,-13.3537207967943,-3.79041078303327e-05,0.0001413226580131,-4.51630883940473,0.509392838104571,0.998020763371,0.5008195891875684,5888.788641380511,5888.287821791323,252.5359228849054,216.3905881821427
53,2.12,216.40840576725,15.4361138269448,-225.560051464152,-13.8053805842797,440.337723988737,0,0,0,0,-17.9400116680742,-13.2864105073906,-3.79075603816307e-05,0.0001413191656681,-4.5347316742432,0.509364404846345,0.997985649168,0.5098019629429312,5888.772662977266,5888.262861014323,252.57518941205484,216.38967089049865
54,2.16,216.407836808577,15.4381588277933,-225.492290961523,-13.8056555786772,440.267624520984,0,0,0,0,-17.9403706652827,-13.2193126111915,-3.79109960353774e-05,0.0001413156876145,-4.55304314687254,0.509337652661701,0.997951371215,0.5185793810846981,5888.757180823197,5888.238601442112,252.61629057765043,216.38877936765556
55,2.2,216.407284396471,15.440258221947,-225.424753600872,-13.8060222498987,440.197802025295,0,0,0,0,-17.9408489520558,-13.15244910655,-3.79144215189142e-05,0.0001413122169346,-4.57123833821577,0.509312001119202,0.997917848596,0.527171932289978,5888.74214892415,5888.21497699186,252.6589946823113,216.38791118511418
56,2.24,216.406746572839,15.4424045752344,-225.357461838367,-13.8064746971187,440.12827853309,0,0,0,0,-17.9414388391516,-13.0858426138253,-3.79178292125331e-05,0.0001413087610843,-4.58931289141157,0.509287858392345,0.997884998046,0.5356003096753199,5888.7275139977,5888.191913688025,252.70308283307654,216.38706362432347
57,2.28,216.406221947903,15.4445884168194,-225.290438133505,-13.8070046067287,440.059076271317,0,0,0,0,-17.9421295119862,-13.0195144691188,-3.79212245335165e-05,0.0001413053145717,-4.60726174310905,0.509265768530774,0.997852736231,0.5438850911600763,5888.713238226061,5888.1693531349,252.748280972524,216.38623453928074
58,2.32,216.405708454643,15.4468026574042,-225.223704906125,-13.8076067792454,439.990217482609,0,0,0,0,-17.9429141931898,-12.9534875777282,-3.79245993557881e-05,0.0001413018854269,-4.62508007304845,0.509245531361712,0.997820981319,0.5520465968538032,5888.699265362754,5888.1472187659,252.79438024536765,216.38542111621584
59,2.36,216.405204608331,15.449038746353,-225.157284476619,-13.808273917577,439.921724256174,0,0,0,0,-17.9437833879112,-12.8877835376804,-3.79279637086259e-05,0.0001412984634822,-4.64276307994139,0.5092263801186,0.997789653299,0.560104588924851,5888.685555006274,5888.1254504173485,252.84113272441672,216.38462114415444
60,2.4,216.404708749516,15.4512890875774,-225.091199015847,-13.8089997575533,439.853618435338,0,0,0,0,-17.9447289419591,-12.8224242830196,-3.79313014550697e-05,0.0001412950647535,-4.66030548556551,0.509207919689453,0.997758673726,0.5680784783559443,5888.672062000657,5888.103983522301,252.8883169361878,216.3838322503051
61,2.44,216.40421912088,15.4535470797291,-225.025470498988,-13.8097790433705,439.78592158351,0,0,0,0,-17.945744009252,-12.7574319528089,-3.79346292277282e-05,0.000141291672546,-4.67770263869552,0.509190457944911,0.997727966268,0.5759871935459765,5888.658738526846,5888.0827513333,252.93573907776567,216.38305198174396
62,2.48,216.4037344766,15.4558050150932,-224.960120690885,-13.8106048577026,439.718655010095,0,0,0,0,-17.946819592092,-12.6928274691923,-3.79379307823955e-05,0.0001412883030673,-4.6949493320273,0.509174398813413,0.997697458053,0.5838487114682611,5888.64555068427,5888.061701972802,252.98317630146144,216.38227843200644
63,2.52,216.403253162926,15.4580572544181,-224.895171138806,-13.8114727505527,439.651839797866,0,0,0,0,-17.9479498923532,-12.6286326837733,-3.79412116132529e-05,0.0001412849506973,-4.71204064138748,0.509159613660059,0.997667081215,0.5916798620519681,5888.632453472101,5888.040773610049,253.03046329025474,216.38150932885407
64,2.56,216.402774045718,15.4602972881669,-224.830643151645,-13.8123768720434,439.585496781239,0,0,0,0,-17.9491272990363,-12.5648682724588,-3.7944476839824e-05,0.0001412816101491,-4.7289717816264,0.50914557095921,0.9976367736,0.5994959674932201,5888.619416028814,5888.019920061321,253.07741264068193,216.3807429750664
65,2.6,216.402295965715,15.4625194736595,-224.766557784486,-13.8133122259458,439.519646502487,0,0,0,0,-17.9503453094729,-12.5015549391023,-3.79477036384766e-05,0.0001412783041425,-4.74573753798679,0.509131999477547,0.997606478703,0.6073109662012826,5888.606406809314,5887.999095843113,253.12386199744802,216.37997769915552
66,2.64,216.401817782685,15.4647191104379,-224.702935817037,-13.814274660245,439.454309149529,0,0,0,0,-17.9515985166764,-12.4387133466714,-3.79509233891528e-05,0.0001412750012376,-4.76233328735999,0.509119121711767,0.997576145875,0.6151373670834716,5888.593394786306,5887.978257419222,253.16967614081202,216.37921190119542
67,2.68,216.401338829616,15.4668909751734,-224.639797751797,-13.8152589222333,439.389504528473,0,0,0,0,-17.9528800888133,-12.3763630793992,-3.79540977204264e-05,0.0001412717397002,-4.77875393211987,0.509107226229539,0.997545731262,0.6229859153382067,5888.58036180947,5887.9573758941315,253.21470744414046,216.37844451929539
68,2.72,216.400858236989,15.4690316012519,-224.577163818832,-13.8162616170929,439.325252071662,0,0,0,0,-17.9541856037033,-12.314524208259,-3.79572550253909e-05,0.0001412684909985,-4.7949945875794,0.509096225136178,0.997515199179,0.6308653933682603,5888.567284217987,5887.936418824619,253.2588580953622,216.37767436118907
69,2.76,216.40037562455,15.471137146316,-224.515053960737,-13.8172784069694,439.26157084594,0,0,0,0,-17.9555094185536,-12.2532157457235,-3.79603805370673e-05,0.0001412652698379,-4.81105053838532,0.509085751416265,0.99748452293,0.6387822713063244,5888.554151664622,5887.915369393316,253.30202240727732,216.37690080884948
70,2.8,216.399890671087,15.4732046167111,-224.453487811437,-13.8183056957605,439.198479561574,0,0,0,0,-17.9568468535188,-12.1924565587391,-3.79634643398163e-05,0.000141262086196,-4.82691669623347,0.509075623037533,0.997453684725,0.646740808651408,5888.540955408748,5887.894214600097,253.34412002510646,216.3761233845309
71,2.84,216.399403178089,15.4752317635678,-224.392484656737,-13.8193404787379,439.135996549997,0,0,0,0,-17.9581939969277,-12.132265220725,-3.79665379181724e-05,0.0001412589086654,-4.84258849625804,0.509065999279219,0.997422675344,0.6547431332986636,5888.527690048606,5887.872946915308,253.38509301012957,216.37534181152358
72,2.88,216.398913340426,15.4772161108999,-224.332063400689,-13.820379101968,439.074139732183,0,0,0,0,-17.9595460971062,-12.0726593354348,-3.79695536850988e-05,0.00014125578484,-4.8580610010512,0.509057078446059,0.997391494041,0.6627891977201564,5888.514360886881,5887.851571689161,253.42487942859603,216.37455628644423
73,2.92,216.398421265288,15.4791564868759,-224.272242537803,-13.8214192700205,439.012926586236,0,0,0,0,-17.9609001646964,-12.0136565914793,-3.79725621434026e-05,0.0001412526642673,-4.87332942692648,0.509048793239469,0.997360148665,0.6708768550472146,5888.50097084036,5887.830093985313,253.46345493572954,216.37376699537882
74,2.96,216.397927454365,15.4810514880144,-224.213040112152,-13.8224580276942,438.952374106197,0,0,0,0,-17.9622523567183,-11.9552736347622,-3.79755239565144e-05,0.0001412495864413,-4.88838916095424,0.509040889844617,0.997328655258,0.6790018531156559,5888.487533560724,5887.808531707608,253.5007909830897,216.37297459628144
75,3.0,216.397432433635,15.4829004238219,-224.154473679639,-13.8234930882947,438.892498777746,0,0,0,0,-17.9635996978859,-11.897526798573,-3.79784560305495e-05,0.0001412465346096,-4.90323529432946,0.509033251492233,0.997297036839,0.6871582103046879,5888.474063360562,5887.786905150257,253.53688014116562,216.37217983495057
76,3.04,216.396936826718,15.484703057548,-224.096560266645,-13.8245225220694,438.833316557884,0,0,0,0,-17.9649396770973,-11.8404318960018,-3.79813732946746e-05,0.0001412434938336,-4.91786338992777,0.509025994736495,0.99726532189,0.6953385829107301,5888.460577209438,5887.765238626527,253.57172867010362,216.37138360488242
77,3.08,216.396441468002,15.4864589844373,-224.039316344161,-13.825544041634,438.774842869359,0,0,0,0,-17.9662693207966,-11.7840038664766,-3.79842350691673e-05,0.0001412405046799,-4.93226877766245,0.5090192515489,0.99723354302,0.7035345591634462,5888.447097812209,5887.743563253046,253.60533929993653,216.37058704959188
78,3.12,216.395947071831,15.488168622827,-223.982757818357,-13.8265563350075,438.717092602369,0,0,0,0,-17.9675869209383,-11.7282574969163,-3.79871008623701e-05,0.000141237507782,-4.94644696335788,0.509012964491589,0.99720173582,0.7117370246799816,5888.433644607163,5887.721907582483,253.63773782725954,216.36979121837024
79,3.16,216.395454537784,15.4898320619871,-223.926900017348,-13.8275576084252,438.66008010157,0,0,0,0,-17.9688901461591,-11.6732066666347,-3.79899101920235e-05,0.0001412345640754,-4.96039367375567,0.509006956011936,0.99716993738,0.7199364543369663,5888.420242073092,5887.700305618755,253.6689414627799,216.3689973608384
80,3.2,216.394964667823,15.4914497965046,-223.871757683903,-13.828546600407,438.603819155628,0,0,0,0,-17.9701773558825,-11.6188649269007,-3.7992709715548e-05,0.0001412316273779,-4.9741044753292,0.509001154849403,0.997138184346,0.7281234625143014,5888.406912032493,5887.678788569979,253.69897826103323,216.3682066238735
81,3.24,216.394478210889,15.4930224642255,-223.81734496784,-13.8295222731868,438.54832298769,0,0,0,0,-17.9714472005911,-11.565245356862,-3.79954845345715e-05,0.0001412287128029,-4.98757538853757,0.508995649095771,0.997106511168,0.7362892305191783,5888.39367486509,5887.657385634571,253.72787955296417,216.3674200804976
82,3.28,216.39399593777,15.4945504503448,-223.763675429692,-13.8304833445306,438.493604261648,0,0,0,0,-17.972698014588,-11.5123603517495,-3.79982154078492e-05,0.0001412258395844,-5.0008023451601,0.508990524956467,0.99707494903,0.7444257487954841,5888.380551545091,5887.636125796296,253.75566892664733,216.36663879584435
83,3.32,216.393518404065,15.4960345830811,-223.710762053236,-13.8314292243783,438.439675098598,0,0,0,0,-17.9739290301358,-11.4602221536594,-3.8000952675467e-05,0.0001412229574986,-5.01378148398032,0.508985731883409,0.997043525318,0.7525260081315779,5888.367557191116,5887.615031182984,253.78238095833308,216.36586358309657
84,3.36,216.393046186053,15.4974753104911,-223.658617246956,-13.8323589561579,438.386547078675,0,0,0,0,-17.9751390051091,-11.4088422996951,-3.80036263455759e-05,0.0001412201368286,-5.02650918691969,0.508981145096641,0.997012262875,0.7605841252256806,5888.354707484516,5887.594123359291,253.80803868347624,216.36509523474075
85,3.4,216.392579674439,15.4988732452229,-223.607252843465,-13.8332719644357,438.334231237117,0,0,0,0,-17.9763271918627,-11.3582320519993,-3.80063093918423e-05,0.0001412173048692,-5.03898178494873,0.508976723759151,0.996981178931,0.7685956592321976,5888.342013056914,5887.573417397682,253.83266810059862,216.36433430467972
86,3.44,216.392119140473,15.5002289700808,-223.556680101399,-13.8341677887082,438.282738060499,0,0,0,0,-17.9774929923284,-11.3084022540672,-3.8008947920699e-05,0.0001412145156385,-5.05119600435767,0.508972534896445,0.996950284429,0.7765577690155158,5888.329481289399,5887.552923520384,253.85629271706722,216.36358116857346
87,3.48,216.391664786777,15.5015428279444,-223.506909725942,-13.8350458192799,438.232077504054,0,0,0,0,-17.9786356153728,-11.2593632209226,-3.80115461898088e-05,0.0001412117649222,-5.06314856365666,0.508968632704445,0.996919584423,0.784469095147885,5888.317117695597,5887.532648600449,253.87892794943969,216.36283607900194
88,3.52,216.391216629429,15.5028153765899,-223.457951905456,-13.83590587095,438.182259029246,0,0,0,0,-17.9797548204829,-11.2111250658329,-3.80141418614883e-05,0.00014120901518,-5.07483637673722,0.508964972823379,0.996889079186,0.7923295161351174,5888.304922713012,5887.512593196877,253.9005937397117,216.36209905650807
89,3.56,216.390774667978,15.5040468923733,-223.40981634085,-13.8367475198306,438.133291636285,0,0,0,0,-17.980850058102,-11.1636973604769,-3.80166902980829e-05,0.0001412063112129,-5.08625655458246,0.508961469024199,0.996858764918,0.8001399272233439,5888.292896329372,5887.492756402148,253.92130126905013,216.36137006774106
90,3.6,216.390338764411,15.5052377342234,-223.362512266698,-13.8375705910676,438.085183887953,0,0,0,0,-17.9819211016401,-11.1170894234138,-3.80192632658575e-05,0.0001412035813477,-5.09740620940376,0.508958101719256,0.996828633612,0.8079023052955111,5888.281034789151,5887.473132483856,253.94106279457603,216.36064890203886
91,3.64,216.389908711275,15.5063882000015,-223.316048469606,-13.8383749466023,438.037943927482,0,0,0,0,-17.9829677725799,-11.071310206901,-3.80217604775821e-05,0.0001412009258951,-5.10828275034008,0.508954921240682,0.996798672934,0.8156197277418,5888.2693324472675,5887.453712719525,253.95988771858498,216.35993523885645
92,3.68,216.389484257434,15.5074984630234,-223.270433321698,-13.8391603934457,437.991579509555,0,0,0,0,-17.9839898212818,-11.0263682766661,-3.80242299430456e-05,0.0001411982968538,-5.11888359366551,0.508951957521012,0.996768867139,0.8232961336660076,5888.25778246996,5887.434486336294,253.97778109941805,216.35922868229844
93,3.72,216.389065068515,15.5085688209984,-223.225674826486,-13.8399269700553,437.946098044058,0,0,0,0,-17.9849872984308,-10.9822719833042,-3.80266683765347e-05,0.0001411956975601,-5.12920631302671,0.508949170485114,0.996739198843,0.8309358941749516,5888.246375758478,5887.415439864303,253.99475085190915,216.3585287373566
94,3.76,216.388650833036,15.5095994376426,-223.181780652019,-13.8406745817261,437.901506629139,0,0,0,0,-17.9859600822262,-10.9390292793686,-3.80290501797675e-05,0.0001411931536662,-5.13924859706222,0.508946502495745,0.996709650267,0.838543472724954,5888.235103836964,5887.396560364239,254.0108010558887,216.35783492851996
95,3.8,216.388241188479,15.5105905757685,-223.138758143071,-13.8414033094849,437.857812065267,0,0,0,0,-17.9869082788769,-10.8966478984053,-3.80314527992879e-05,0.0001411905877534,-5.14900815181262,0.508943950481272,0.996680203105,0.846123479125465,5888.2239568408,5887.377833361675,254.02593824243297,216.3571467238631
96,3.84,216.387835773219,15.5115424601282,-223.096614321592,-13.8421132224512,437.815020857134,0,0,0,0,-17.9878319793461,-10.8551352472002,-3.80337778924991e-05,0.0001411880981648,-5.1584828871277,0.508941552990154,0.99665083785,0.8536808290946866,5888.21292492967,5887.359244100576,254.04016750090605,216.3564635811118
97,3.88,216.387434218126,15.5124553043769,-223.055355902487,-13.842804412837,437.773139229072,0,0,0,0,-17.988731304686,-10.8144984403818,-3.80361152181648e-05,0.0001411855950813,-5.16767071549182,0.508939321368881,0.996621534059,0.8612206789629365,5888.201998059035,5887.340777380072,254.05349327787587,216.35578494164434
98,3.92,216.38703614626,15.513329395583,-223.01498932943,-13.8434770785152,437.732173158622,0,0,0,0,-17.9896065131036,-10.7747443611372,-3.80383987263834e-05,0.0001411831444554,-5.17656968525875,0.508937216984889,0.996592271854,0.8687480506955314,5888.1911659718335,5887.322417921138,254.06592205063663,216.35511024396692
99,3.96,216.386641227779,15.5141649878383,-222.975520807008,-13.8441313589273,437.692128405876,0,0,0,0,-17.9904577871965,-10.7358795887892,-3.80406380956606e-05,0.0001411807364523,-5.185177897226,0.508935201919714,0.996563033223,0.8762674902761667,5888.180419692609,5887.304152202332,254.07745977299007,216.35443899117567
100,4.0,216.386249132409,15.5149624364124,-222.936956310479,-13.8447675147763,437.653010521252,0,0,0,0,-17.9912854668943,-10.6979105101659,-3.8042883049269e-05,0.0001411783209705,-5.19349349002354,0.508933285954119,0.996533801816,0.883783131877211,5888.169750234147,5887.28596710227,254.08811546202668,216.35377070106864
101,4.04,216.385859566792,15.5157220686279,-222.899301577135,-13.8453857599703,437.614824835269,0,0,0,0,-17.9920898315665,-10.6608432232652,-3.80450349270672e-05,0.0001411759959704,-5.20151474467428,0.508931500913208,0.996504561723,0.8912989972471915,5888.15914961377,5887.267850616523,254.09789738248293,216.35310493249122
102,4.08,216.38547223847,15.5164442642964,-222.862562109147,-13.8459863760984,437.57757645942,0,0,0,0,-17.9928712484093,-10.624683610654,-3.80472191277746e-05,0.0001411736353298,-5.20923994584427,0.508929845618209,0.99647529699,0.8988191265488534,5888.148609873291,5887.249790746742,254.10681510669193,216.35244124451222
103,4.12,216.385086882739,15.5171294383805,-222.826743200344,-13.8465696650485,437.541270309751,0,0,0,0,-17.9936301109753,-10.5894373249071,-3.8049308053257e-05,0.0001411713671417,-5.21666750661919,0.508928281790792,0.996445992688,0.906347304118839,5888.138123809747,5887.231776505629,254.11487931480133,216.35177923335578
104,4.16,216.384703280077,15.5177780754054,-222.791849968152,-13.8471359621663,437.50591113499,0,0,0,0,-17.9943668562717,-10.5551098068838,-3.80513797906225e-05,0.000141169117128,-5.22379585096832,0.50892678571531,0.996416636343,0.9138866970351116,5888.127685449641,5887.213798752606,254.12210309146144,216.35111856311198
105,4.2,216.384321231949,15.5183908409893,-222.757887364516,-13.8476857689639,437.471503524439,0,0,0,0,-17.9950821368761,-10.5217063609674,-3.80534090219216e-05,0.0001411669183504,-5.2306234590881,0.50892538261036,0.996387218012,0.9214398466582284,5888.1172893905605,5887.195849543902,254.12850496563206,216.35045894185257
106,4.24,216.383940575576,15.5189684122146,-222.724860162059,-13.8482195666728,437.438051892093,0,0,0,0,-17.9957765792204,-10.4892320704959,-3.80553093116457e-05,0.0001411648649469,-5.23714891235603,0.508924113453116,0.996357728955,0.9290089909909965,5888.10693120306,5887.1779222120695,254.1341039715392,216.34980012455335
107,4.28,216.383561134724,15.5195111984465,-222.692772944481,-13.8487375842572,437.405560465015,0,0,0,0,-17.996450481978,-10.4576917662729,-3.80572466055429e-05,0.000141162792189,-5.24337079881308,0.508922975162145,0.996328160599,0.9365963009751521,5888.096606091573,5887.160009790598,254.13891182720477,216.3491418551998
108,4.32,216.383182804536,15.5200187800602,-222.661630120245,-13.8492391497328,437.374033294453,0,0,0,0,-17.9971029734107,-10.4270897573888,-3.80590131184484e-05,0.0001411609003644,-5.24928783025522,0.508921901422038,0.996298505073,0.9442036864204008,5888.086311202792,5887.142107516372,254.1429178798007,216.34848395875062
109,4.36,216.382805552343,15.5204905838942,-222.631435944218,-13.8497233667076,437.343474279374,0,0,0,0,-17.9977328893467,-10.3974300571258,-3.80609548916747e-05,0.0001411588304426,-5.25489870123226,0.508920826628097,0.996268756539,0.9518325215973256,5888.076045647749,5887.1242131261515,254.14610776189167,216.34782635203334
110,4.4,216.382429304672,15.520927279207,-222.602194518699,-13.8501906315209,437.313887175684,0,0,0,0,-17.9983407443967,-10.3687169607534,-3.80629506778482e-05,0.0001411566920623,-5.26020217059385,0.508919774503023,0.996238911554,0.9594836945878118,5888.065807427141,5887.106323732553,254.14850123149074,216.34716892893854
111,4.44,216.382053974378,15.5213304342711,-222.573909773762,-13.8506422662587,437.285275580128,0,0,0,0,-17.9989282565595,-10.3409548888784,-3.80648182837727e-05,0.0001411546659714,-5.26519706432214,0.508918823051854,0.996208967886,0.9671578787518563,5888.055594169635,5887.088436290883,254.15014254722269,216.34651157757574
112,4.48,216.381679520401,15.5217011215419,-222.546585449941,-13.8510790620305,437.257642910831,0,0,0,0,-17.9994964542072,-10.3141478647672,-3.80669223065881e-05,0.0001411523963258,-5.26988221273256,0.508917991033238,0.996178923131,0.974855744647062,5888.045404757927,5887.07054901328,254.151062437204,216.34585423224232
113,4.52,216.381305952289,15.5220395437436,-222.520225092477,-13.8515009040811,437.230992405104,0,0,0,0,-18.0000451885702,-10.288299388813,-3.80686719672698e-05,0.0001411504810915,-5.27425656388468,0.508917233125586,0.996148774661,0.9825779319149706,5888.035239451834,5887.052661519919,254.15126790275033,216.34519687897995
114,4.56,216.380933257927,15.5223457494958,-222.494832055922,-13.8519075676961,437.205327132049,0,0,0,0,-18.0005741675639,-10.2634127578768,-3.80706171930226e-05,0.0001411483696426,-5.27831902755325,0.508916519805708,0.996118520726,0.9903248398604017,5888.02509792169,5887.034773081829,254.15076183142017,216.34453949099944
115,4.6,216.380561434055,15.5226198383148,-222.470409500895,-13.8522988990915,437.180649995726,0,0,0,0,-18.0010831910989,-10.2394910872301,-3.80726545538605e-05,0.0001411461618364,-5.28206857999655,0.508915870584086,0.996088161039,0.9980964998567262,5888.014980078785,5887.016883578928,254.14954884226592,216.3438820638878
116,4.64,216.380190493927,15.5228619001877,-222.446960369727,-13.85267475212,437.156963715586,0,0,0,0,-18.0015720690463,-10.216537259658,-3.80740763314377e-05,0.0001411445636739,-5.2855042382321,0.508915316055375,0.996057695938,1.0058927825055504,5888.004886283778,5886.998993501273,254.14763334993518,216.34322461565435
117,4.68,216.379820426369,15.5230720548037,-222.424487358455,-13.853035071879,437.1342708019,0,0,0,0,-18.00204072964,-10.1945539636843,-3.80762362113213e-05,0.0001411422220408,-5.28862501933885,0.508914849149893,0.996027125076,1.0137137354936478,5887.994816232612,5886.981102497118,254.14502015009572,216.34256713337268
118,4.72,216.379451229968,15.5232503236339,-222.402992905429,-13.8533797347066,437.11257354647,0,0,0,0,-18.0024890119835,-10.1735435998622,-3.80780332985957e-05,0.0001411402394115,-5.29143004801694,0.508914434621883,0.995996447167,1.0215596352911587,5887.984769886834,5886.963210251543,254.14171106536367,216.34190960546968
119,4.76,216.379082881695,15.5233967041295,-222.382479199993,-13.8537086519904,437.091874029549,0,0,0,0,-18.0029168007202,-10.1535083518629,-3.80791701404592e-05,0.0001411389146798,-5.29391839732251,0.508914050194872,0.995965660943,1.029430751120168,5887.974746619796,5886.945315868676,254.13770730436735,216.3412519990226
120,4.8,216.378715383986,15.5235110840641,-222.362948186186,-13.8540216329234,437.072174119031,0,0,0,0,-18.0033238477882,-10.1344501010621,-3.80816358528158e-05,0.0001411362599676,-5.29608921089672,0.508913707517152,0.995934766017,1.0373271144132712,5887.964746497782,5886.927419383368,254.13300717659604,216.34059431531227
121,4.84,216.37834873,15.5235934222186,-222.344401543623,-13.8543185943749,437.05347544578,0,0,0,0,-18.0037100453084,-10.1163705067934,-3.8083246194243e-05,0.0001411344604183,-5.29794166220322,0.508913439937757,0.995903762539,1.045248625708695,5887.95476933464,5886.909520708931,254.1276107752528,216.33993655115293
122,4.88,216.377982888183,15.5236436463065,-222.326840664542,-13.8545994632855,437.035779369705,0,0,0,0,-18.0040752986409,-10.0992709687822,-3.80840702929583e-05,0.0001411334473012,-5.29947493328182,0.50891325315711,0.995872650231,1.0531952903439976,5887.944814271743,5886.891618981399,254.12151712545838,216.3392786747944
123,4.92,216.377617875876,15.5236614704003,-222.310266645934,-13.8548639085935,437.019086960003,0,0,0,0,-18.0044191781196,-10.0831524641305,-3.80868038817279e-05,0.0001411305251398,-5.30068832140919,0.508913118582528,0.995841428044,1.0611672859828525,5887.934881780962,5886.873714494979,254.11471934303094,216.3386206970486
124,4.96,216.377253643313,15.5236469574459,-222.294680304177,-13.8551120088369,437.003398998881,0,0,0,0,-18.0047417863725,-10.0680158818517,-3.80884904162439e-05,0.0001411286505306,-5.30158108608981,0.508913023254721,0.995810094904,1.0691648348589928,5887.9249705080965,5886.855805673237,254.1072199189841,216.33796255998269
125,5.0,216.376890167576,15.5236000286062,-222.280082199075,-13.8553436505983,436.988715988643,0,0,0,0,-18.0050429770572,-10.0538617690551,-3.808872373953e-05,0.0001411282293734,-5.30215258571902,0.508912967326461,0.995778650537,1.0771879375325442,5887.915079829515,5886.8378918919825,254.09901743803766,216.33730424065803
126,5.04,216.376527487789,15.5235204085774,-222.266472637059,-13.8555584246464,436.975038140918,0,0,0,0,-18.0053222193863,-10.0406902667014,-3.80915497455328e-05,0.0001411252156462,-5.30240224012621,0.508912945958303,0.995747095354,1.0852363957180542,5887.905210809837,5886.819974414118,254.09010517671695,216.33664578548547
127,5.08,216.376165550352,15.5234084034074,-222.253851653552,-13.8557565526266,436.962365353123,0,0,0,0,-18.0055798022789,-10.0285015307779,-3.80941027108202e-05,0.0001411224751604,-5.30232952905275,0.508912970644546,0.995715429647,1.0933101076802747,5887.895361990531,5886.802051882851,254.0804920717499,216.33598714460376
128,5.12,216.375804334391,15.5232641361682,-222.242219006217,-13.8559379884436,436.950697192883,0,0,0,0,-18.0058156673673,-10.0172953259744,-3.80936060476498e-05,0.0001411227844802,-5.30193410133387,0.508913051194361,0.995683653159,1.1014090905233087,5887.885532803587,5886.784123713063,254.07018186256434,216.33532829651026
129,5.16,216.375443864655,15.5230873951993,-222.231574188583,-13.8561022505147,436.940032908554,0,0,0,0,-18.0060291898647,-10.0070709731169,-3.80953921612004e-05,0.0001411208110817,-5.30121563042163,0.508913178281322,0.995651765465,1.1095333644266243,5887.87572392246,5886.7661905580335,254.05916912752062,216.33466926521248
130,5.2,216.375084112775,15.5228785233228,-222.221916445888,-13.8562494228575,436.930371458197,0,0,0,0,-18.0062204796677,-9.99782777109676,-3.80993907073957e-05,0.0001411166254324,-5.30017394707565,0.508913364251738,0.995619766592,1.1176828988518397,5887.8659345751885,5886.748251676337,254.0474635087629,216.33401002346358
131,5.24,216.37472503473,15.5226380710028,-222.213244791351,-13.8563797827669,436.921711537845,0,0,0,0,-18.0063898984588,-9.98956486276118,-3.80994648581711e-05,0.0001411163645849,-5.29880899655353,0.508913622011194,0.995587657064,1.1258575611638393,5887.856163563902,5886.730306002738,254.03508017512186,216.33335053211687
132,5.28,216.37436663919,15.5223659473088,-222.205558015551,-13.8564928927756,436.914051600207,0,0,0,0,-18.0065368786075,-9.98228089551137,-3.80988784171873e-05,0.0001411167645266,-5.29712083014839,0.508913900595195,0.995555437379,1.1340571485478241,5887.846411124522,5886.712353975974,254.0220167448749,216.33269080729568
133,5.32,216.374008958296,15.5220620492373,-222.198854671135,-13.8565882862954,436.907389866488,0,0,0,0,-18.0066608138399,-9.97597424567089,-3.81030875700412e-05,0.000141112368683,-5.29510969423291,0.508914151824364,0.995523107633,1.1422815585509043,5887.836678131651,5886.6943965731,254.00827041157766,216.33203088490603
134,5.36,216.37365191714,15.5217271534055,-222.193133058262,-13.8566665206837,436.901724342681,0,0,0,0,-18.0067624288873,-9.97064345904326,-3.81062523572583e-05,0.0001411090169068,-5.29277586850469,0.508914423982215,0.995490667777,1.1505308323474408,5887.826962546937,5886.676431714589,253.99386205117614,216.33137068852682
135,5.4,216.373295469402,15.5213615521459,-222.188391236098,-13.8567276871207,436.897052840474,0,0,0,0,-18.0068418431509,-9.96628666896737,-3.8104276455061e-05,0.0001411108052552,-5.2901197539803,0.508914784210116,0.995458118093,1.1588048680295464,5887.817263109949,5886.658458241919,253.9787992699343,216.33071017558308
136,5.44,216.372939685849,15.5209644832049,-222.184627034538,-13.8567707583915,436.893372995574,0,0,0,0,-18.0068977214847,-9.96290131711554,-3.81047768830399e-05,0.0001411101161913,-5.2871418106372,0.508915224478702,0.995425459253,1.1671033332660476,5887.807581746356,5886.64047841309,253.96306116060794,216.3300494290548
137,5.48,216.37258455046,15.5205360054739,-222.181838046118,-13.8567956861008,436.890682277205,0,0,0,0,-18.006930000195,-9.96048499421939,-3.81104706951022e-05,0.000141104232759,-5.28384251925436,0.508915722427665,0.995392692007,1.1754259757105157,5887.797918020204,5886.622492044493,253.9466491050883,216.32938844219447
138,5.52,216.372229972429,15.5200769616636,-222.180021622948,-13.8568033473044,436.888977981018,0,0,0,0,-18.0069398197974,-9.95903541167427,-3.81125915974591e-05,0.0001411019220167,-5.28022244557131,0.508916282862485,0.995359816962,1.1837726771817558,5887.788269460535,5886.604496783353,253.9295854570684,216.32872712853924
139,5.56,216.371875942747,15.5195870419391,-222.179174888379,-13.8567934159665,436.888257205153,0,0,0,0,-18.0069267573469,-9.95854960025827,-3.81094100252628e-05,0.0001411049137305,-5.2762820902769,0.508916862240064,0.995326834669,1.1921431885098546,5887.778635822203,5886.586492633693,253.91186107207565,216.3280654882369
140,5.6,216.371522526766,15.5190650638807,-222.179294726755,-13.8567646239421,436.888516813583,0,0,0,0,-18.0068891638505,-9.95902398518165,-3.81103971161484e-05,0.0001411037362338,-5.2720219677813,0.508917383492843,0.99529374578,1.2005371215447784,5887.769018883525,5886.56848176198,253.89344323397634,216.3274036009037
141,5.64,216.371169707508,15.5185111788652,-222.180377754587,-13.8567171162648,436.889753399495,0,0,0,0,-18.0068272271967,-9.9604552413196,-3.81170295013005e-05,0.0001410969129869,-5.26744257984766,0.508917871298304,0.99526055106,1.2089542268227247,5887.759418182507,5886.550463955684,253.87433543991315,216.3267414587292
142,5.68,216.370817368148,15.5179266468063,-222.182420328091,-13.8566522146978,436.89196326413,0,0,0,0,-18.0067426667316,-9.96284024797125,-3.81193875330588e-05,0.000141094364385,-5.26254440838379,0.508918441082768,0.995227251293,1.2173943927002902,5887.74983054018,5886.5324361474795,253.85457093302463,216.3260789489914
143,5.72,216.370465499577,15.5173112558435,-222.185418586122,-13.8565695825023,436.895142412358,0,0,0,0,-18.0066350462543,-9.96617504907896,-3.81153915865809e-05,0.0001410981700971,-5.25732802000731,0.508919125026975,0.995193847218,1.2258573291110384,5887.7402557086725,5886.5143983795615,253.83414278201965,216.32541607324086
144,5.76,216.370114187021,15.5166636326171,-222.189368465268,-13.8564675382944,436.899286557966,0,0,0,0,-18.0065021795655,-9.97045497515014,-3.81151058650468e-05,0.0001410982651805,-5.25179398678598,0.5089198464361,0.995160339535,1.2343426020418355,5887.730696007105,5886.496353405063,253.81301267597934,216.32475293265338
145,5.8,216.369763410884,15.5159841029183,-222.194265669113,-13.8563461535208,436.9043911306,0,0,0,0,-18.0063441587777,-9.9756757686399,-3.8122055817406e-05,0.0001410911239757,-5.24594297667831,0.508920586588314,0.995126728884,1.2428500132359173,5887.721150902241,5886.478300889005,253.7911884492196,216.32408951491868
146,5.84,216.369413046113,15.515274663328,-222.200105651899,-13.8562072536122,436.910451288296,0,0,0,0,-18.006163358595,-9.98183357247305,-3.81266521526342e-05,0.0001410863363985,-5.23977576755975,0.508921420530554,0.995093015815,1.2513796097456344,5887.711616991217,5886.460237381471,253.7687228741652,216.3234256932547
147,5.88,216.369063036512,15.5145359152811,-222.20688365024,-13.8560511770193,436.91746194849,0,0,0,0,-18.0059602213362,-9.98892378540439,-3.81232183621305e-05,0.0001410895791974,-5.23329323915358,0.50892233859514,0.995059200772,1.259931282726893,5887.70209274486,5886.442161462133,253.74563048686505,216.32276141546532
148,5.92,216.368713455607,15.5137662735277,-222.214594713264,-13.8558759409908,436.925417836334,0,0,0,0,-18.0057321691612,-9.99694076933772,-3.81198627968711e-05,0.0001410927434323,-5.22649644323492,0.508923186396746,0.995025284142,1.268504643547962,5887.692580163916,5886.424075520368,253.721866617161,216.32209676935852
149,5.96,216.3683643311,15.512965069041,-222.223233692285,-13.8556805775059,436.93431353185,0,0,0,0,-18.005477941985,-10.0058790451509,-3.8124663351299e-05,0.0001410877508632,-5.2193865055559,0.508923875106744,0.994991266218,1.277099447429186,5887.683080002194,5886.405980554765,253.697411679263,216.3214317916318
150,6.0,216.368015531511,15.5121343036657,-222.232795223865,-13.8554670391241,436.944143490835,0,0,0,0,-18.0052000791377,-10.0157339826373,-3.81322969255225e-05,0.0001410799251249,-5.21196462747635,0.508924537279509,0.994957147023,1.2857158813231124,5887.673588681941,5886.3878728006175,253.67231822895957,216.32076634393476
151,6.04,216.367666914744,15.5112758361722,-222.24327374674,-13.8552372057505,436.954902031062,0,0,0,0,-18.0049010279174,-10.0265007450638,-3.8132893005434e-05,0.000141079137463,-5.20423206227085,0.508925359428822,0.994922926131,1.2943542309000695,5887.664102336528,5886.369748105628,253.64663427888576,216.32010027367323
152,6.08,216.367318474109,15.5103885216306,-222.254663528377,-13.8549898194644,436.966583300319,0,0,0,0,-18.0045791541719,-10.0381732172606,-3.81276768089628e-05,0.0001410841627701,-5.19619006251355,0.508926336201734,0.994888602686,1.3030144784755406,5887.654620783911,5886.351606305436,253.6203261326351,216.31943357480708
153,6.12,216.366970260115,15.5094700064746,-222.266958655329,-13.8547223379197,436.979181246889,0,0,0,0,-18.0042311504748,-10.0507446445384,-3.81267045893782e-05,0.0001410849445208,-5.18783991401248,0.508927318207552,0.994854175585,1.3116964967123412,5887.64514539851,5886.333448901798,253.5933276406768,216.3187663025249
154,6.16,216.36662219914,15.5085206126966,-222.280153005106,-13.8544350095946,436.992689601144,0,0,0,0,-18.0038573385637,-10.0642090506535,-3.81334710154494e-05,0.000141077988268,-5.17918287600179,0.508928267677624,0.99481964348,1.3204005898797866,5887.635674176968,5886.315273587088,253.56564533805113,216.31809837202294
155,6.2,216.366274079063,15.5075433935358,-222.29424025562,-13.8541309226869,437.007101863833,0,0,0,0,-18.0034617363104,-10.0785612818435,-3.81401125293418e-05,0.0001410711584624,-5.17022019061046,0.50892931712152,0.994785004454,1.3291275934583355,5887.626201347178,5886.29707375372,253.5373592011077,216.3174295404769
156,6.24,216.365925723136,15.5065400752692,-222.309213933375,-13.853811716949,437.022411298191,0,0,0,0,-18.0030464796125,-10.0937955522386,-3.81392069428234e-05,0.0001410718779719,-5.16095313146241,0.50893053239406,0.994750255645,1.337878401323783,5887.616722099583,5886.278843698259,253.50851236617012,216.31675959828945
157,6.28,216.365577084084,15.5055087869021,-222.325067437533,-13.8534752008934,437.038610935608,0,0,0,0,-18.0026087192292,-10.1099046299126,-3.81340693936503e-05,0.000141076831047,-5.15138301078175,0.508931741679949,0.994715393214,1.346653643783112,5887.607235147764,5886.2605815039815,253.4790502005754,216.31608847502224
158,6.32,216.365228131556,15.5044469335746,-222.341794003964,-13.8531184029871,437.055693604933,0,0,0,0,-18.0021445882119,-10.126880856809,-3.81335822214636e-05,0.0001410771334628,-5.14151123994277,0.508932709004672,0.994680412568,1.3554540329829456,5887.597739665829,5886.242285632846,253.44889880633778,216.3154161141533
159,6.36,216.364878685395,15.5033553211467,-222.359386659251,-13.8527419580452,437.073651981545,0,0,0,0,-18.0016549105977,-10.1447176336418,-3.81399891718993e-05,0.0001410705393977,-5.13133931766962,0.508933441584957,0.99464530831,1.3642809723004337,5887.588230751457,5886.223949779156,253.41807649717836,216.3147422839526
160,6.4,216.364528416898,15.5022378030448,-222.377838236359,-13.8523497860065,437.092478636218,0,0,0,0,-18.0011447867588,-10.1634093395559,-3.81465063619786e-05,0.0001410638308466,-5.12086880002813,0.508934214226789,0.994610073689,1.3731366565050644,5887.57869946018,5886.205562803675,253.38668328810311,216.3140665750607
161,6.44,216.364177001383,15.5010967393827,-222.397141443184,-13.8519443542544,437.112166059439,0,0,0,0,-18.0006174294239,-10.1829497769784,-3.81466677837232e-05,0.0001410634710763,-5.11010131832628,0.508935259731436,0.994574699983,1.3820235708975803,5887.569136956956,5886.187113386059,253.3547774478564,216.31338857146264
162,6.48,216.363824206618,15.4999301096218,-222.417288900253,-13.8515236532779,437.132706650528,0,0,0,0,-18.0000702256341,-10.2033311766083,-3.81422245111916e-05,0.0001410677048629,-5.09903852997913,0.508936513859446,0.994539176329,1.3909441012052115,5887.559536922427,5886.168592821221,253.32229789411875,216.31270795325239
163,6.52,216.363469814538,15.4987339728637,-222.438273095478,-13.8510837419828,437.154092679135,0,0,0,0,-17.999498046538,-10.2245450182219,-3.81403495515032e-05,0.0001410693552408,-5.08768210386392,0.508937725768579,0.994503489826,1.3999008583845547,5887.549893422743,5886.149992564358,253.28913164927312,216.31202440641422
164,6.56,216.363113456103,15.4975073980157,-222.460086303964,-13.850623876094,437.176316238146,0,0,0,0,-17.9988999216158,-10.2465837121467,-3.81446891802074e-05,0.000141064775035,-5.07603370092255,0.508938790353252,0.994467625229,1.408897489367134,5887.540196415814,5886.131298926446,253.25524723784767,216.31133742788575
165,6.6,216.362754550841,15.4962538710924,-222.482720568222,-13.850147960346,437.199369208316,0,0,0,0,-17.9982809310441,-10.2694410967494,-3.81514373053821e-05,0.0001410577738695,-5.06409492091974,0.508939886433095,0.994431563925,1.417939160701078,5887.5304301061915,5886.11249094549,253.22073166234037,216.31064624732787
166,6.64,216.362392407296,15.4949773880158,-222.506167763385,-13.8496604607668,437.223243243432,0,0,0,0,-17.9976468875071,-10.2931111336962,-3.81544363931889e-05,0.0001410545159088,-5.05186735806951,0.508941242583652,0.99439528278,1.4270322732917486,5887.520575678401,5886.093543405109,253.18568363670892,216.30994993805567
167,6.68,216.362026333386,15.4936777516129,-222.53041966583,-13.8491615240972,437.247929771701,0,0,0,0,-17.9969979835891,-10.3175863446525,-3.81521445804996e-05,0.0001410565501972,-5.03935260133023,0.508942817660278,0.994358753475,1.4361839128269147,5887.510614299932,5886.074430387105,253.15008641984937,216.30924754759295
168,6.72,216.361655626573,15.4923503521472,-222.555467933227,-13.8486467959126,437.273420003565,0,0,0,0,-17.9963285533267,-10.3428577409245,-3.81487649455983e-05,0.0001410596791899,-5.0265522462242,0.508944278208862,0.994321942077,1.4454019089176482,5887.50052685375,5886.055124944832,253.113802755547,216.3085380856687
169,6.76,216.361279423495,15.4909907693941,-222.581303998837,-13.848112286588,437.299704939527,0,0,0,0,-17.9956334040698,-10.3689163824711,-3.8149329582034e-05,0.0001410588736521,-5.01346792244035,0.508945315113648,0.99428480794,1.4546958108348274,5887.490289846581,5886.035594035746,253.07669973334518,216.3078203379918
170,6.8,216.36089654111,15.4895992577006,-222.607918977341,-13.8475591184994,437.32677537925,0,0,0,0,-17.9949139951104,-10.3957549239067,-3.81543100202528e-05,0.000141053662043,-5.0001012193098,0.508945974485727,0.994247301622,1.4640781166700472,5887.47987108621,5886.01579296954,253.03876915046962,216.3070926622238
171,6.84,216.360505449197,15.4881801836027,-222.635303666461,-13.8469929944647,437.35462192652,0,0,0,0,-17.9941777468533,-10.4233674811427,-3.81596442416359e-05,0.0001410481038718,-4.98645371741353,0.508946641082276,0.994209362533,1.4735647992741114,5887.469228933203,5885.9956641339295,253.00011062449974,216.30635294115226
172,6.88,216.360104355565,15.4867368387373,-222.663448616645,-13.8464188359585,437.383234969431,0,0,0,0,-17.993431063304,-10.4517479456797,-3.81614443360931e-05,0.0001410460832133,-4.97252694247976,0.508947681704333,0.994170917083,1.4831749710611366,5887.458314619561,5885.9751396485,252.96079025983047,216.30559868021788
173,6.92,216.359691268777,15.4852668332647,-222.692344156593,-13.8458360227062,437.412604614811,0,0,0,0,-17.9926731372273,-10.4808884630095,-3.81595118461885e-05,0.0001410477946383,-4.95832231144741,0.508949115616109,0.994131876918,1.4929305928347019,5887.447073955521,5885.954143362686,252.9207161512396,216.30482708093908
174,6.96,216.359263917722,15.4837626013759,-222.721980301673,-13.8452389626217,437.442720580641,0,0,0,0,-17.9918966922346,-10.5107795986917,-3.81570748238828e-05,0.0001410500071124,-4.94384114081186,0.508950622828659,0.9940921361,1.5028572459034264,5887.435445141005,5885.932587895102,252.87965246347434,216.304034932109
175,7.0,216.358819575854,15.4822165527027,-222.752346589238,-13.8446224743708,437.473572086761,0,0,0,0,-17.9910949871842,-10.541412028557,-3.81576481892083e-05,0.0001410492041376,-4.92908454782097,0.508951874657129,0.994051566837,1.5129860231570142,5887.423353982919,5885.910367959762,252.83735829406297,216.30321836453908
176,7.04,216.358354855596,15.480626248159,-222.783431950627,-13.8439872275601,437.505147785624,0,0,0,0,-17.9902688941477,-10.5727783136989,-3.81615964692236e-05,0.0001410450206021,-4.91405350415857,0.508952874371268,0.994010014746,1.5233555680689141,5887.4107083005965,5885.887352732528,252.7937259392111,216.30237257053085
177,7.08,216.357865606455,15.4789944802403,-222.81522468214,-13.8433399240401,437.537435732395,0,0,0,0,-17.9894271324774,-10.6048730300934,-3.81661954888636e-05,0.0001410401799891,-4.89874881948949,0.508953960922582,0.993967294758,1.5340131441866458,5887.397395153371,5885.8633820091845,252.74878083467078,216.30149166268797
178,7.12,216.35734697218,15.4773237980043,-222.847712463115,-13.8426877126969,437.570423349987,0,0,0,0,-17.9885790009082,-10.6376909885924,-3.81686925526091e-05,0.0001410374329547,-4.8831710968368,0.508955466903065,0.993923187286,1.5450147232130857,5887.383282395922,5885.838267672709,252.70253179959334,216.30056872783726
179,7.16,216.356793377735,15.4756105673272,-222.88088231413,-13.8420322213285,437.604097345866,0,0,0,0,-17.9877266140852,-10.6712253467103,-3.81683289536103e-05,0.0001410375345527,-4.8673207507936,0.508957373160759,0.993877433261,1.5564252510385785,5887.368218323791,5885.811793072752,252.65480957704983,216.2995958042252
180,7.2,216.356198444804,15.4738432811277,-222.914720458295,-13.8413679675174,437.638443589489,0,0,0,0,-17.9868628386991,-10.7054670628602,-3.81665467289098e-05,0.0001410390385195,-4.85119786949719,0.50895926829588,0.993829727521,1.568320002738723,5887.352029374161,5885.783709371422,252.60522064337658,216.2985637472278
181,7.24,216.355554836996,15.4720066332367,-222.949212138686,-13.8406866526423,437.673446995088,0,0,0,0,-17.9859768818555,-10.7404062104467,-3.81660074298039e-05,0.0001410392797478,-4.83480223458198,0.508960648683233,0.99377971178,1.5807869974057356,5887.334515913665,5885.753728916259,252.5532565543158,216.29746198581208
182,7.28,216.354854007884,15.4700885225851,-222.98434146245,-13.8399844845111,437.70909143226,0,0,0,0,-17.9850638149943,-10.7760343561205,-3.81682150409328e-05,0.0001410367518809,-4.81813327430421,0.508961332866818,0.993726968835,1.5939296156029656,5887.315445382179,5885.721515766576,252.4984818004602,216.29627817438538
183,7.32,216.354086072415,15.4680837880887,-223.020091302848,-13.8392660520998,437.745359639275,0,0,0,0,-17.9841296097135,-10.8123457961396,-3.81721158529134e-05,0.0001410325063719,-4.80119000105862,0.50896163344654,0.993671018247,1.6078683268066871,5887.294548793709,5885.686680466902,252.44063261009993,216.29499800072298
184,7.36,216.353239801493,15.4659913805879,-223.056443243043,-13.8385414409224,437.782233104871,0,0,0,0,-17.9831873813179,-10.8493366034683,-3.81756319954112e-05,0.0001410286169969,-4.78397105703258,0.508962120984085,0.993611312386,1.622741217221785,5887.27152058899,5885.648779371768,252.37953832227984,216.29360516115452
185,7.4,216.352302710408,15.4638071051892,-223.093377541854,-13.8378187941439,437.819691941216,0,0,0,0,-17.9822477137484,-10.8870021877246,-3.81775144487752e-05,0.0001410263257619,-4.76647460974572,0.508963201107384,0.9935472324,1.638703740516155,5887.2460210417585,5885.607317301242,252.3149239271144,216.29208145815292
186,7.44,216.351261139263,15.4615175923909,-223.130873129392,-13.8370981435078,437.857714819772,0,0,0,0,-17.9813106421187,-10.9253352936186,-3.81775704833944e-05,0.0001410258158081,-4.74869843445395,0.508964848502402,0.993478085456,1.6559282914611584,5887.217678447285,5885.561750155824,252.246247256757,216.29040689643017
187,7.48,216.350100292712,15.4590998766623,-223.168907636777,-13.836370961606,437.896279014433,0,0,0,0,-17.9803650767751,-10.9643258557029,-3.81767154558317e-05,0.0001410261614363,-4.73063993433879,0.508966650607938,0.993403105158,1.6746038974909456,5887.1860902037,5885.511486306209,252.17268904848143,216.2885597340102
188,7.52,216.348804354175,15.4565270397536,-223.207457421609,-13.835625781359,437.935360517389,0,0,0,0,-17.9793961128326,-11.0039626603481,-3.81768551756362e-05,0.0001410254479395,-4.71229613572714,0.50896811753523,0.993321455664,1.6949360362164683,5887.150825919937,5885.45588988372,252.09330747069387,216.2865166031499
189,7.56,216.347356526615,15.453776988243,-223.246497562471,-13.8348570531882,437.974934154031,0,0,0,0,-17.9783965432569,-11.0442360529848,-3.8179185064833e-05,0.0001410224738676,-4.69366379719008,0.50896906264854,0.993232238758,1.717146318362262,5887.11142852534,5885.394282206978,252.00727701174083,216.2842525627683
190,7.6,216.345739213571,15.4508375924895,-223.286001902603,-13.8340701620961,438.014973685781,0,0,0,0,-17.9773733746018,-11.0851393558839,-3.81828478911125e-05,0.0001410180933525,-4.67473935935403,0.508969755887411,0.993134503746,1.7414708823170282,5887.067419195817,5885.3259483135,251.91402871866265,216.28174133847867
191,7.64,216.343934458014,15.4477040969459,-223.325943279341,-13.8332783362116,438.055451976621,0,0,0,0,-17.9763438010684,-11.1266676887284,-3.81863121895101e-05,0.0001410138359051,-4.65551910911272,0.50897071292255,0.993027261323,1.7681564096629308,5887.0183092957195,5885.250152886057,251.81318251177177,216.27895590787094
192,7.68,216.341924451697,15.4443713299387,-223.366293979006,-13.8324942009592,438.096341301723,0,0,0,0,-17.9753242246549,-11.1688152799099,-3.81889441573006e-05,0.0001410103322646,-4.63599931251879,0.508972311907946,0.992909502436,1.7974538601375447,5886.963614237966,5885.166160377828,251.70434117094723,216.27586924009782
193,7.72,216.339692117365,15.4408260535825,-223.40702629564,-13.8317214242291,438.137613783652,0,0,0,0,-17.9743194024277,-11.2115728423606,-3.8190550363141e-05,0.0001410077702359,-4.61617633884707,0.50897452361438,0.9927802212,1.8296110840078827,5886.902869326776,5885.073258242768,251.5868902647422,216.27245514957482
194,7.76,216.337221614064,15.4370446098739,-223.448113002798,-13.8309518460163,438.179241853004,0,0,0,0,-17.9733187246282,-11.2549266438159,-3.81910507350387e-05,0.0001410062221904,-4.59604689577518,0.508976887652186,0.992638439371,1.8648659337721323,5886.8356435078385,5884.970777574066,251.4599421817414,216.26868905442987
195,7.8,216.334498851516,15.4329974770528,-223.489527650239,-13.8301696313095,438.221198656011,0,0,0,0,-17.972301616366,-11.2988595745014,-3.81913828737207e-05,0.0001410047431525,-4.57560806390815,0.508978747136887,0.992483230539,1.903440767464151,5886.761553365159,5884.858112597694,251.32246663064916,216.26454869287784
196,7.84,216.331511922682,15.4286593518703,-223.53124478302,-13.8293610759472,438.263458429779,0,0,0,0,-17.9712502795973,-11.3433539796099,-3.81931997269062e-05,0.0001410016752742,-4.55485748739186,0.508979655052997,0.992313743792,1.945538312479081,5886.6802748917025,5884.734736579224,251.17356932982486,216.26001470778533
197,7.88,216.328251357355,15.424019235645,-223.573240266558,-13.828524519653,438.305996907922,0,0,0,0,-17.9701625684252,-11.3883948144714,-3.81968243990083e-05,0.0001409966932187,-4.53379348687758,0.508979691338545,0.992129226554,1.9913380091333308,5886.5915503900105,5884.600212380878,251.0127692486303,216.2550710346352
198,7.92,216.324710494247,15.4190828502325,-223.615491766871,-13.8276723311559,438.348791742041,0,0,0,0,-17.9690545587804,-11.4339703707543,-3.82008862205835e-05,0.0001409911657317,-4.51241513256328,0.508979421075973,0.991929044009,2.04099189791777,5886.495198597206,5884.454206699288,250.84006707374394,216.24970542475447
199,7.96,216.3208857535,15.4138661348799,-223.657979196373,-13.8268239955107,438.391822810504,0,0,0,0,-17.967951560295,-11.4800702957971,-3.8204392927362e-05,0.0001409860807471,-4.49072238782939,0.508979534175514,0.991712690674,2.094620680456649,5886.391122100389,5884.296501419933,250.65577128152148,216.24390986258226
200,8.0,216.316776688968,15.4083843105656,-223.700684878434,-13.8259950288693,438.435072285705,0,0,0,0,-17.9668737173994,-11.5266822518499,-3.82075745108671e-05,0.0001409812008285,-4.46871601210057,0.508980468156778,0.991479791052,2.1523114054382226,5886.27930875931,5884.126997353872,250.46020297937056,216.23768070299218
201,8.04,216.312385738365,15.4026429042295,-223.743593374162,-13.8251882427468,438.478524451044,0,0,0,0,-17.9658246706143,-11.5737892686362,-3.82104599871863e-05,0.0001409764871857,-4.44639754521738,0.508982223657634,0.991230089315,2.2141180398503932,5886.159824907545,5883.945706867695,250.25345197057268,216.23101840044805
202,8.08,216.307717688855,15.3966349239999,-223.786691113105,-13.8243914898255,438.522165367786,0,0,0,0,-17.9647886369033,-11.6213691968475,-3.82124512851318e-05,0.0001409725278582,-4.42376916069289,0.508984382916407,0.990963429443,2.2800655759861193,5886.032800810462,5883.752735234475,250.03529693948784,216.223926823664
203,8.12,216.30277909517,15.3903451713496,-223.829965948446,-13.8235826004619,438.565982472728,0,0,0,0,-17.9637368249291,-11.6693963780316,-3.82138893372977e-05,0.0001409689740433,-4.40083346364632,0.508986310757675,0.9906797264,2.3501580053305258,5885.898414831402,5883.548256826071,249.8053157707322,216.21641238068767
204,8.16,216.297577386592,15.3837612253317,-223.873406595292,-13.8227413200679,438.60996407662,0,0,0,0,-17.9626429393423,-11.7178457127393,-3.8216376568815e-05,0.0001409642192795,-4.37759334799289,0.508987508403001,0.990378928563,2.424390344662722,5885.756869131426,5883.332478786763,249.56317263498516,216.208482683931
205,8.2,216.292119839584,15.376884808923,-223.917001872913,-13.8218617895083,438.654098693082,0,0,0,0,-17.9614993850719,-11.766696860802,-3.8220746970757e-05,0.0001409574289705,-4.35405167184815,0.508987935837338,0.990060974084,2.502762764882361,5885.608361713178,5883.105598948296,249.3089123463942,216.20014500357664
206,8.24,216.286412677817,15.3697353435673,-223.960739824639,-13.8209570663958,438.698374225284,0,0,0,0,-17.9603231290496,-11.8159357103618,-3.82258418738324e-05,0.000140949760954,-4.33021106816009,0.508988043802487,0.989725747003,2.5852931882664136,5885.453061931372,5882.867768743105,249.04304310258541,216.191404904664
207,8.28,216.280460389684,15.3623427733398,-224.004606953922,-13.8200526104186,438.742777180685,0,0,0,0,-17.9591472307555,-11.8655522788948,-3.82302402235582e-05,0.0001409426312711,-4.30607370130531,0.508988483489729,0.989373039505,2.6720254918588737,5885.291091921402,5882.619066429543,248.7663319873154,216.18226526313444
208,8.32,216.274265316258,15.3547340860372,-224.048587795401,-13.8191730913047,438.787292116927,0,0,0,0,-17.9580037113805,-11.9155365685445,-3.82342301775824e-05,0.0001409357412176,-4.28164110455497,0.508989740889894,0.989002524472,2.7630328888026296,5885.122515387109,5882.3594824983065,248.4794346909467,216.17272572952757
209,8.36,216.267827237404,15.3469217681706,-224.092664834778,-13.8183310958375,438.831901399849,0,0,0,0,-17.9569088995575,-11.9658753470175,-3.82387097152282e-05,0.0001409281792987,-4.25691418327119,0.508991921966078,0.988613740278,2.8584180257499585,5884.947326338314,5882.088908312564,248.18258187582882,216.1627823115134
210,8.4,216.261143274448,15.3388978034696,-224.136818599194,-13.8175211394719,438.876585209645,0,0,0,0,-17.9558556654403,-12.0165504230193,-3.8243201729774e-05,0.0001409204133116,-4.23189317755588,0.508994709730056,0.98820608975,2.958310497065256,5884.7654464423085,5881.807135945243,247.8754193140684,216.15242736791294
211,8.44,216.254208239744,15.3306347085442,-224.181027744499,-13.816720425507,438.921321701206,0,0,0,0,-17.9548144105183,-12.0675385755207,-3.82465706874591e-05,0.0001409135851133,-4.20657782420571,0.508997452812109,0.987778855495,3.06286206186959,5884.576734536055,5881.513872474185,247.55704187728188,216.14165013403522
212,8.48,216.247015283828,15.3220948339272,-224.225269174902,-13.8158976932309,438.966087318033,0,0,0,0,-17.9537445563043,-12.1188137773215,-3.82492117324695e-05,0.0001409073363394,-4.18096746380284,0.508999408625845,0.987331231548,3.1722405414603965,5884.381004236144,5881.2087636946835,247.22625347786854,216.13043759309735
213,8.52,216.23955676345,15.3132458987069,-224.269518419038,-13.8150280524901,439.010857336272,0,0,0,0,-17.9526138025243,-12.170351388299,-3.82529742612457e-05,0.0001408998969713,-4.15506123604422,0.50900010992632,0.986862366569,3.2866236201054684,5884.178047559149,5880.891423939043,246.88199596934268,216.11877557207276
214,8.56,216.231824977457,15.3040760296203,-224.313750406077,-13.8141072921182,439.055606646032,0,0,0,0,-17.9514166980619,-12.2221327645032,-3.82587067455616e-05,0.0001408905360562,-4.12885837253206,0.508999641331627,0.986371410248,3.4061928405341186,5883.967654946024,5880.561462105489,246.52376341442337,216.1066496982362
215,8.6,216.223813026162,15.2945979074601,-224.357940465204,-13.8131550227867,439.100310606692,0,0,0,0,-17.9501787096971,-12.2741464483503,-3.82650259470787e-05,0.0001408807578984,-4.10235839517616,0.508998592750532,0.985857554727,3.5311260010534555,5883.749638646722,5880.218512645669,246.15172112262528,216.09404653793337
216,8.64,216.215515618259,15.2848396007609,-224.402065118233,-13.8122045673594,439.14494570309,0,0,0,0,-17.9489430887608,-12.3263849774944,-3.82700409571937e-05,0.0001408725162241,-4.0755613827885,0.508997730640051,0.98532006559,3.6615874502701815,5883.523854677474,5879.862267227204,245.76646501949364,216.08095476015825
217,8.68,216.206929424906,15.274829554775,-224.446102348994,-13.8112875916606,439.189489810786,0,0,0,0,-17.9477509226963,-12.3788399136151,-3.82739911868536e-05,0.0001408655124449,-4.04846798443743,0.508997662310785,0.984758298979,3.797718877604586,5883.290212455876,5879.492493578271,245.36862235767478,216.0673658290787
218,8.72,216.198052935491,15.2645844218682,-224.490031429,-13.8104221521227,439.233922094745,0,0,0,0,-17.9466256315015,-12.4314979786684,-3.82788582938516e-05,0.0001408575575593,-4.02107935042532,0.508998671733228,0.984171702061,3.939634240325157,5883.048670876079,5879.109036635754,244.9585262256927,216.05327404623026
219,8.76,216.188885819365,15.2541032255979,-224.533832638244,-13.8096074903843,439.278222722396,0,0,0,0,-17.945566221409,-12.4843397013994,-3.82850652952544e-05,0.0001408479210881,-3.99339700883421,0.50900067650284,0.983559795865,4.0874207192548395,5882.7992209406675,5878.711800221413,244.53605656184604,216.0386758771278
220,8.8,216.179428335472,15.2433656888635,-224.577487079861,-13.8088228211428,439.322372547612,0,0,0,0,-17.9445457140093,-12.5373393623754,-3.8290818993355e-05,0.0001408381023327,-3.96542265416708,0.509003228368574,0.98292214419,4.241144328668755,5882.541869695867,5878.300725367198,244.1005898945082,216.02356915473536
221,8.84,216.16968081115,15.2323360557516,-224.620976439149,-13.8080315785299,439.366352773077,0,0,0,0,-17.9435166568512,-12.5904665682262,-3.82950828152019e-05,0.0001408289688223,-3.93715808536771,0.509005620238161,0.982258317529,4.400859005558852,5882.276626048995,5877.875767043436,243.65109507220942,216.00795222424304
222,8.88,216.159643185386,15.2209752077574,-224.66428243619,-13.807194106623,439.410144520442,0,0,0,0,-17.9424275939064,-12.6436902227643,-3.82992500568859e-05,0.0001408191192576,-3.90860501486563,0.509007172996247,0.981567862318,4.566618696980135,5882.0034883398075,5877.436869642827,243.18645128142413,215.99182304212022
223,8.92,216.149314692567,15.2092583783294,-224.707386040542,-13.8062859884906,439.45372834327,0,0,0,0,-17.9412468521853,-12.6969840275587,-3.83053991852297e-05,0.0001408065761617,-3.87976495846734,0.509007588292605,0.980850282432,4.738490508597042,5881.722435734912,5876.983945226315,242.70591653139326,215.9751783766661
224,8.96,216.13869365754,15.1971886300511,-224.750266919752,-13.8053119514242,439.497083898666,0,0,0,0,-17.9399805826634,-12.7503307511254,-3.8313934152222e-05,0.000140791059138,-3.85063917116783,0.509007113245861,0.980105035168,4.916564032614875,5881.433422651073,5876.516858618458,242.20948389619736,215.95801326027487
225,9.0,216.127777885076,15.184795535334,-224.792903599255,-13.8043040840507,439.540190033048,0,0,0,0,-17.9386704348288,-12.8037215393688,-3.83231893809704e-05,0.0001407743235985,-3.82122865118883,0.509006383730617,0.979331541398,5.100950691953414,5881.136389353067,5876.035438661113,241.6978450082653,215.9403214030007
226,9.04,216.116565209466,15.1721211308647,-224.835274321777,-13.8033069250826,439.583025325461,0,0,0,0,-17.9373741988643,-12.8571514418564,-3.83308551604285e-05,0.000140758725538,-3.79153441226436,0.509006091556286,0.978529208388,5.291772696347676,5880.83127690895,5875.539504212602,241.17201829820974,215.9220961480096
227,9.08,216.105053919224,15.1592031037252,-224.877358061002,-13.8023599491102,439.625568825611,0,0,0,0,-17.9361430820598,-12.9106142871037,-3.83369033400155e-05,0.0001407443097201,-3.7615576805851,0.509006724282068,0.977697460918,5.489146743319224,5880.518038746817,5875.028892003498,240.63290793113833,215.90333149526077
228,9.12,216.093242979122,15.1460634970726,-224.919135086493,-13.8014860373185,439.667800605861,0,0,0,0,-17.9350067586414,-12.9640991927828,-3.83441956927123e-05,0.0001407282156266,-3.7313001206386,0.509008470407532,0.976835771831,5.693169208374885,5880.196646696679,5874.503477488304,240.08101186250087,215.8840228677916
229,9.16,216.081131948269,15.1327039802089,-224.960586931391,-13.800687032612,439.709701932063,0,0,0,0,-17.9339676110664,-13.0175890453226,-3.83540414177843e-05,0.0001407091281267,-3.70076387701087,0.509011213076987,0.975943681757,5.903906673061434,5879.86708876128,5873.963182088219,239.51630324536066,215.86416737788434
230,9.2,216.068721008681,15.1191038144375,-225.001696120648,-13.7999418571366,439.751255172028,0,0,0,0,-17.9329982881352,-13.0710594317375,-3.83640255617773e-05,0.0001406894538083,-3.66995144975844,0.509014529068605,0.975020802303,6.121391487403384,5879.529369893528,5873.407978406125,238.93818014722007,215.84376401871353
231,9.24,216.056010841858,15.1052221448061,-225.042446080902,-13.7992089145907,439.792443692545,0,0,0,0,-17.9320448209281,-13.1244793203706,-3.83718551342948e-05,0.0001406714784002,-3.63886564306047,0.509017722517931,0.974066804603,6.345623414604752,5879.183508637983,5872.837885223378,238.34552696090293,215.82281348048122
232,9.28,216.043002592238,15.0910079550444,-225.082821265896,-13.7984359391267,439.833251842216,0,0,0,0,-17.9310394007292,-13.1778144090437,-3.83783040721287e-05,0.0001406544245876,-3.60750939859444,0.509019995048523,0.973081399799,6.576578923725915,5878.829536136389,5872.252957212663,237.73697655905877,215.80131777237156
233,9.32,216.029697819808,15.0764191968815,-225.122807167044,-13.7975791033475,439.873664893317,0,0,0,0,-17.9299251723694,-13.2310335986546,-3.83856308363642e-05,0.0001406360345765,-3.57588575993918,0.509020770199463,0.972064317815,6.814229212325667,5878.467494838154,5871.653265625829,237.11141281064084,215.77927951284173
234,9.36,216.016098266088,15.0614432586918,-225.16238995743,-13.7966238340061,439.913668798832,0,0,0,0,-17.928683243618,-13.2841160206273,-3.83950370233881e-05,0.000140615109592,-3.54399777249336,0.50901999521116,0.971015289544,7.058561525456229,5878.097432132451,5871.038870606995,236.4685054835936,215.7567009121474
235,9.4,216.002206029152,15.0461041604204,-225.20155595044,-13.7955920243667,439.953249843538,0,0,0,0,-17.9273420341369,-13.3370529802583,-3.84065691897408e-05,0.0001405916067005,-3.51184836249468,0.509018172237585,0.969934037904,7.309591124110768,5877.719405110783,5870.409813986672,235.80889285359785,215.73358350753142
236,9.44,215.988023760858,15.0304527281724,-225.240291345551,-13.794532091165,439.992394469402,0,0,0,0,-17.9259643638879,-13.3898443300109,-3.8419026890203e-05,0.0001405667287635,-3.47944036261577,0.509016087432185,0.968820283021,7.5673570545617395,5877.333485933879,5869.766128879318,235.13391761250668,215.70992851592777
237,9.48,215.973554962553,15.0145462579781,-225.278582551653,-13.7934982233896,440.031089479617,0,0,0,0,-17.9246205257737,-13.442491529982,-3.84293207918438e-05,0.0001405435636276,-3.44677654065747,0.509014469271053,0.96767376212,7.831903786054335,5876.939769878246,5869.107866092191,234.44509161092242,215.68573780446872
238,9.52,215.958804035624,14.9984314991412,-225.316416911516,-13.7925330804019,440.069322528401,0,0,0,0,-17.9233658451907,-13.4949923983088,-3.8436513180305e-05,0.0001405230406633,-3.4138598434595,0.5090137999053,0.966494256521,8.103260673927482,5876.538376711723,5868.4351160377955,233.74365369185156,215.66101469575256
239,9.56,215.94377599763,14.9821375671079,-225.353783346768,-13.7916607951235,440.107082572414,0,0,0,0,-17.9222316153716,-13.5473395486507,-3.84448859040172e-05,0.0001405008606815,-3.38069360470644,0.509014298834931,0.965281613644,8.381428814197303,5876.129442969045,5867.748014154848,233.0303905098547,215.63576416706033
240,9.6,215.928476407866,14.9656737564839,-225.390672544554,-13.790884806917,440.144360002854,0,0,0,0,-17.9212222903455,-13.5995197610906,-3.84576692987212e-05,0.0001404737674,-3.34728170543859,0.509015961702605,0.964035755371,8.666374464097654,5875.713119926335,5867.046745462238,232.3055840324101,215.60999301771093
241,9.64,215.912910877177,14.9490286906341,-225.427076656461,-13.7901875769658,440.181146419969,0,0,0,0,-17.9203151172055,-13.6515138811794,-3.84718556460095e-05,0.000140444737765,-3.3136286093472,0.509018556200506,0.9627566721,8.958026594227162,5875.289560262462,5866.331533668235,231.56899124585075,215.58370946883173
242,9.68,215.897084850867,14.9321679395434,-225.462988721089,-13.7895285628735,440.217434195287,0,0,0,0,-17.9194575060861,-13.703295521636,-3.84832737039333e-05,0.0001404179145023,-3.27973919128671,0.509021584070032,0.961444406817,9.25627477799469,5874.858912151694,5865.6026373736995,230.81978199697917,215.55692302382906
243,9.72,215.881003459662,14.9150379575914,-225.498402027632,-13.7888484538835,440.253215983586,0,0,0,0,-17.9185725210464,-13.7548318480145,-3.84920891253242e-05,0.000140393114052,-3.24561858083044,0.509024317658111,0.960099033239,9.560974528206785,5874.421315208198,5864.860340679991,230.05664139261546,215.52964412323544
244,9.76,215.864671398618,14.8975826105641,-225.533309561396,-13.7880859448237,440.288484294274,0,0,0,0,-17.9175806412589,-13.8060889702739,-3.85011440876169e-05,0.0001403674954253,-3.21127187335746,0.509026011691093,0.958720631703,9.871967826776409,5873.976897190954,5864.104929364178,229.2781992917904,215.50188326916452
245,9.8,215.84809348684,14.8797665633524,-225.567703658021,-13.7872006349985,440.323231216506,0,0,0,0,-17.9164294678759,-13.8570392885837,-3.85118743542432e-05,0.0001403396476635,-3.17670406673137,0.509026249069555,0.95730926925,10.18911408932845,5873.52578923449,5863.336675145161,228.48363548239115,215.47365044710185
246,9.84,215.831274808721,14.861595338235,-225.60157600836,-13.7861929262725,440.357448405118,0,0,0,0,-17.9151195385022,-13.9076687881102,-3.85238579248791e-05,0.0001403100319529,-3.14192004198551,0.509025184479985,0.95586499273,10.512319423779386,5873.068129692183,5862.555810268404,227.67319529629995,215.44495419191082
247,9.88,215.814221325013,14.8431151739058,-225.634918023581,-13.7851031714405,440.391127346129,0,0,0,0,-17.9137032111618,-13.9579768747561,-3.85376991372668e-05,0.0001402780795596,-3.10692461799503,0.509023449501569,0.954387838939,10.841541850692995,5872.60408076436,5861.762538913667,226.84817945398117,215.41580200705937
248,9.92,215.796940209172,14.8243948195019,-225.667721323046,-13.7839930343058,440.424259747021,0,0,0,0,-17.9122604741615,-14.0079700835171,-3.85536359302251e-05,0.0001402435724797,-3.07172280698493,0.509021799921969,0.952877854951,11.176771496238846,5872.1338376507,5860.957066154461,226.0104678498619,215.38620142886
249,9.96,215.779439261943,14.8055027978028,-225.699978031792,-13.7829233284714,440.456837824404,0,0,0,0,-17.9108701993416,-14.0576550009406,-3.85674665748444e-05,0.0001402107163221,-3.03631976622115,0.509020809551872,0.951335115188,11.518001600696763,5871.657612620286,5860.139611019589,225.16192983636674,215.3561605064729
250,10.0,215.761726574824,14.7864901638182,-225.731680775521,-13.7819371826836,440.48885436921,0,0,0,0,-17.9095883102783,-14.1070323637311,-3.85757967471507e-05,0.0001401829001243,-3.00072091356994,0.509020785750032,0.949759725862,11.86520454693649,5871.175625853994,5859.310421307057,224.30397944965426,215.32568834630683
251,10.04,215.743809621836,14.7673879714922,-225.762822558639,-13.781058467216,440.520302676199,0,0,0,0,-17.9084457558529,-14.1560971040603,-3.85836722477443e-05,0.0001401550689509,-2.96493184883888,0.509021848322312,0.948151818043,12.218326810005378,5870.688080730293,5858.469753920288,223.43751200298468,215.2947943893886
252,10.08,215.725694860307,14.7482092857312,-225.793396783837,-13.7802941444979,440.551176502911,0,0,0,0,-17.9074515602519,-14.2048394549016,-3.85978893866574e-05,0.0001401204135797,-2.92895818743878,0.509024003662798,0.946511537048,12.57729044707602,5870.19515296203,5857.617862514954,222.5629576165623,215.26348795739233
253,10.12,215.707387445984,14.7289493594724,-225.82339744392,-13.7796345645852,440.581470095017,0,0,0,0,-17.9065932048488,-14.2532453482508,-3.8616399357732e-05,0.0001400809623548,-2.89280560853081,0.509027119390366,0.944839032847,12.941991840814529,5869.696982844225,5856.75499100341,221.68028744078904,215.23177801393174
254,10.16,215.688890601402,14.7095818233844,-225.852819284889,-13.7790501209522,440.611178183859,0,0,0,0,-17.9058322951879,-14.3012957075481,-3.86323703583016e-05,0.0001400435174551,-2.8564796129144,0.509030837183436,0.943134451484,13.312293827464302,5869.193658066522,5855.881364239058,220.78891815185355,215.19967282221705
255,10.2,215.670205769735,14.6900533855202,-225.881657744749,-13.7784857517598,440.640295880724,0,0,0,0,-17.9050974180062,-14.3489638387662,-3.8643850741843e-05,0.0001400099982796,-2.81998563447094,0.509034530140791,0.941397928689,13.688013613271302,5868.685217899686,5854.997204286415,219.88758033850704,215.16718054296882
256,10.24,215.65133274193,14.6702929974531,-225.909908706249,-13.7778700963544,440.66881854708,0,0,0,0,-17.9042960189804,-14.3962182602273,-3.86539908884052e-05,0.0001399772322453,-2.78332889855734,0.509037397359974,0.93962959137,14.068930789221392,5868.171656655096,5854.102725865874,218.97456035968713,215.13430906701606
257,10.28,215.632271151677,14.6502329451209,-225.93756827746,-13.7771353089958,440.696741793011,0,0,0,0,-17.9033401050774,-14.443028486551,-3.86658444881201e-05,0.0001399421643696,-2.74651450860629,0.509038719690648,0.937829571843,14.454814897476144,5867.652964364947,5853.198149467471,218.04824686322394,215.10106649721814
258,10.32,215.613022083513,14.6298366481877,-225.964632737683,-13.7762434508676,440.724061623876,0,0,0,0,-17.9021804747163,-14.4893737903118,-3.86793713436204e-05,0.0001399048527376,-2.70954775144395,0.509038191094502,0.935998030047,14.845468925942738,5867.129170540997,5852.283701615054,217.10784339935825,215.06746115817305
259,10.36,215.59358910062,14.6091176802001,-225.991098618584,-13.7752045593233,440.750774598328,0,0,0,0,-17.9008301600828,-14.5352498012839,-3.86928761280866e-05,0.0001398670171969,-2.6724337667274,0.509036086496067,0.934135169923,15.240766954104979,5866.600372142364,5851.359605188259,216.15384738389008,215.03350124055638
260,10.4,215.573979079099,14.5881338573134,-226.016962785499,-13.7740698265814,440.776877833865,0,0,0,0,-17.8993555736186,-14.5806656610488,-3.87073801599109e-05,0.00013982765616,-2.63517823798607,0.509033102836717,0.93224123929,15.640655975386744,5866.066756277287,5850.4261003019,215.18788651120073,214.9991955684249
261,10.44,215.554200864143,14.566965864935,-226.04222245955,-13.7729114107127,440.802368869471,0,0,0,0,-17.8978503037107,-14.6256378428424,-3.87254511065347e-05,0.0001397842086407,-2.59778705881903,0.509030024362631,0.930316516063,16.045130351302213,5865.528563635729,5849.4834332844275,214.21216226352212,214.9645531941823
262,10.48,215.534264289231,14.5456886110064,-226.066875246058,-13.7717946293779,440.82724555366,0,0,0,0,-17.8963990489401,-14.6701802314045,-3.87440022503758e-05,0.0001397397558618,-2.56026587562144,0.509027457747584,0.928361293065,16.454186123286238,5864.98606180028,5848.531875676994,213.2287161409274,214.9295840967819
263,10.52,215.514178664903,14.5243570966034,-226.090919183594,-13.7707652880046,440.851506039898,0,0,0,0,-17.8950612068553,-14.7143004696069,-3.87561806259044e-05,0.0001397011348682,-2.52262109382965,0.509025746527192,0.926375871146,16.86779346737415,5864.43950412364,5847.571710656266,212.2390731255568,214.8942986827744
264,10.56,215.493951626241,14.5030039727933,-226.114352775797,-13.7698484274648,440.87514885671,0,0,0,0,-17.8938692388136,-14.7580003854363,-3.87632567327828e-05,0.0001396670457251,-2.48485852686288,0.509025024932423,0.924360559651,17.28588677261806,5863.889098366972,5846.6032115943535,211.24418553967104,214.8587069983996
265,10.6,215.473590343523,14.48164314103,-226.13717495281,-13.7690507973836,440.898172952687,0,0,0,0,-17.8928318805971,-14.8012754892563,-3.87748118144254e-05,0.0001396278646435,-2.44698363004069,0.509025328790065,0.922315676661,17.70836647504477,5863.335039643477,5845.626673168433,210.2445294750009,214.82281987284412
266,10.64,215.453100411831,14.4602845723465,-226.159384975897,-13.7683768438397,440.920577659221,0,0,0,0,-17.8919549131469,-14.8441223788731,-3.87945728477866e-05,0.0001395798143821,-2.40900262942954,0.509026679226591,0.920241547438,18.135126569278405,5862.777480203093,5844.642353633814,209.24048048855815,214.78664679681563
267,10.68,215.432486243936,14.438922990664,-226.180982473079,-13.7678169779349,440.942362704286,0,0,0,0,-17.8912258960079,-14.8865333668049,-3.88160399948327e-05,0.000139529347859,-2.37092053775402,0.50902904157833,0.918138505532,18.56602815371676,5862.216540123433,5843.650511969717,208.2320320866116,214.75019728762499
268,10.72,215.41175098602,14.4175278296097,-226.201967644165,-13.7673375244796,440.963528325056,0,0,0,0,-17.8906011518137,-14.9284922419996,-3.88331394743934e-05,0.0001394825103483,-2.33274255259211,0.509032191033574,0.916006898396,19.0008709169782,5861.652305016471,5842.651434099493,207.2185513227326,214.71348185276165
269,10.76,215.390894312186,14.3960467308841,-226.222341430331,-13.7668863266597,440.984075338292,0,0,0,0,-17.8900130720384,-14.9699786120199,-3.88463866151685e-05,0.0001394387836401,-2.29447501032042,0.509035607845589,0.913847094082,19.439392431420053,5861.084766014098,5841.645373582678,206.1988750684876,214.6765098103668
270,10.8,215.369914562344,14.3743965668739,-226.242105505267,-13.7663815972184,441.004005097956,0,0,0,0,-17.8893555712971,-15.010960637286,-3.8858769280914e-05,0.0001393952035575,-2.25612304748674,0.509038510338227,0.911659481279,19.881239947278754,5860.513877942964,5840.632637995685,205.17109430568564,214.6392924636652
271,10.84,215.34880938883,14.3524957927701,-226.261261991522,-13.7657437028002,441.023319290381,0,0,0,0,-17.8885253658569,-15.0514074256577,-3.88721768243677e-05,0.0001393499309591,-2.21769259797669,0.509040120876725,0.909444460506,20.326042528425194,5859.939576919877,5839.613534391452,204.13336262780996,214.6018410966443
272,10.88,215.327577387439,14.3302983525241,-226.279813005252,-13.7649276062727,441.04201964644,0,0,0,0,-17.8874640704826,-15.091301226124,-3.88871678695599e-05,0.000139302470605,-2.17919074351471,0.509040038165126,0.907202434944,20.77349863513144,5859.361824734474,5838.588326099342,203.08473107806606,214.56416538647983
273,10.92,215.306222016454,14.3078004326559,-226.297760392083,-13.7639258667143,441.060107842596,0,0,0,0,-17.8861620251737,-15.1306352455206,-3.89027629480352e-05,0.0001392538919509,-2.14062306327849,0.509038425459015,0.904933808874,21.22340428242354,5858.780715491428,5837.557311209004,202.0253030765807,214.5262762877644
274,10.96,215.284750237462,14.2850590161773,-226.315105749758,-13.7627886268815,441.077585597924,0,0,0,0,-17.8846842805199,-15.1694245103167,-3.8918264345195e-05,0.0001392050199769,-2.10199569953839,0.509035878451114,0.902638994449,21.67571349210413,5858.19643862517,5836.520725133066,200.9566778788937,214.48818245175258
275,11.0,215.263172775185,14.2621625653412,-226.331850611137,-13.7615939961406,441.094454817121,0,0,0,0,-17.8831321560748,-15.2076934450649,-3.89355705107644e-05,0.0001391540772788,-2.06331556164219,0.509033098588601,0.900318420067,22.130476084677447,5857.609285970251,5835.478809885573,199.88121453611967,214.4498927722966
276,11.04,215.241502562243,14.2391951914741,-226.347996718553,-13.7604136693128,441.110717758635,0,0,0,0,-17.8815986092712,-15.2454626551722,-3.89558694391609e-05,0.0001390999443662,-2.02458807597877,0.509030674902526,0.897972532507,22.587748255288616,5857.019609441183,5834.431861185894,198.8011464248459,214.4114181168829
277,11.08,215.21975060004,14.2162286902972,-226.36354623506,-13.7593089773659,441.126377122169,0,0,0,0,-17.8801631677525,-15.2827513269951,-3.89749080665506e-05,0.0001390468783024,-1.98581902636882,0.50902900858138,0.895601791956,23.047570332717882,5856.42770840142,5833.380138068703,197.71838690482565,214.37276800486026
278,11.12,215.197926669904,14.1933010863791,-226.378501839804,-13.7583086064164,441.141436029746,0,0,0,0,-17.878863015261,-15.3195662519459,-3.89871733174501e-05,0.0001390003643527,-1.94701457602742,0.509028261832193,0.893206663743,23.50990288699941,5855.833849014452,5832.323946127453,196.6340097483584,214.3339536665811
279,11.16,215.176038264559,14.1704295243473,-226.39286678591,-13.7574224821218,441.155898008244,0,0,0,0,-17.8777110152164,-15.3559088527032,-3.89951539904906e-05,0.0001389578891416,-1.90817985417978,0.509028407339348,0.890787612267,23.974655794756153,5855.238235167685,5831.263579372929,195.5485713080964,214.29498590674243
280,11.2,215.154091266969,14.1476238004918,-226.406644868144,-13.7566545992603,441.169766933882,0,0,0,0,-17.8767123444201,-15.3917801596428,-3.90076739602789e-05,0.0001389106129418,-1.86932031937408,0.509029374526797,0.888345100206,24.441722842424028,5854.641026944722,5830.199304102299,194.46244426101958,214.25587451158492
281,11.24,215.132092175452,14.1248902403796,-226.419840305812,-13.7560046962064,441.183046937091,0,0,0,0,-17.8758666464827,-15.4271792035896,-3.90275362889347e-05,0.00013885571641,-1.83044160174791,0.509031166965439,0.885879591496,24.91099072905967,5854.042401173804,5829.131410444745,193.37591391505163,214.21663014315936
282,11.28,215.110046183381,14.1022414319925,-226.432457599353,-13.7554799561527,441.195742306895,0,0,0,0,-17.8751832601103,-15.4621102067679,-3.90487228270286e-05,0.0001387991926513,-1.7915492936723,0.509033833051015,0.883391556001,25.38236778894523,5853.442499173808,5828.060131384863,192.28941410330685,214.17726136349182
283,11.32,215.087956812328,14.0796666577162,-226.444501340428,-13.755065862351,441.20785735739,0,0,0,0,-17.8746433570236,-15.4965687861305,-3.90663714713423e-05,0.0001387458730226,-1.75264934523001,0.509037301684585,0.880881470941,25.85569005378219,5852.841416771587,5826.985726717805,191.20281677999293,214.13777771987816
284,11.36,215.065824102003,14.0571239117557,-226.455976007766,-13.7547200864389,441.219396284452,0,0,0,0,-17.8741920404968,-15.5305400861543,-3.90813500963386e-05,0.0001386948667221,-1.71374750372691,0.509041258749258,0.878349815477,26.330688109694055,5852.239155047708,5825.908466938014,190.11524835097603,214.09818915280587
285,11.4,215.043643018305,14.0345474399504,-226.466885817747,-13.754381674882,441.230363070983,0,0,0,0,-17.8737503015243,-15.5640040574765,-3.90955473873634e-05,0.0001386442763562,-1.67485010596883,0.509045127628158,0.875797062715,26.807003408318636,5851.635577017303,5824.828573608985,189.02527877681553,214.0585038045833
286,11.44,215.021405850199,14.0118403754406,-226.477234740522,-13.7539613268194,441.240761542099,0,0,0,0,-17.873202319675,-15.5969279074137,-3.9109002186325e-05,0.0001385940695932,-1.63596346776807,0.509048136351804,0.873223676162,27.284155089631117,5851.030472852423,5823.746317762792,187.93075463196593,214.01873163545554
287,11.48,214.999104072582,13.9889141766537,-226.487026740171,-13.7533789996663,441.250595635766,0,0,0,0,-17.8724442889648,-15.6292826718655,-3.91219864318677e-05,0.0001385439955311,-1.59709306007306,0.509049544478575,0.870630115273,27.76166629539328,5850.423610573202,5822.661944277808,186.82974618036758,213.9788816445369
288,11.52,214.976732571765,13.965720219357,-226.496266078181,-13.7525912925442,441.259869723133,0,0,0,0,-17.8714199408978,-15.6610533977981,-3.91360825262564e-05,0.0001384924917185,-1.55824476225447,0.509048967410663,0.868016847398,28.23917750720199,5849.81485102907,5821.575673521868,185.72129358684938,213.938961930196
289,11.56,214.954293259345,13.9422589470014,-226.504957499665,-13.7515969640476,441.268588776056,0,0,0,0,-17.8701276575884,-15.692239503501,-3.91518506021283e-05,0.0001384390116075,-1.51942408225403,0.509046584440689,0.865384355778,28.716492147580265,5849.204246237236,5820.487754089655,184.60560955571626,213.898981628119
290,11.6,214.93179470364,13.9185950441602,-226.513106210267,-13.7504524095252,441.276758279272,0,0,0,0,-17.8686405925635,-15.7228638724407,-3.91682710194753e-05,0.0001383845787117,-1.48063564188709,0.509043046229365,0.862733136751,29.193651264221387,5848.592029353504,5819.398378089282,183.4844166483859,213.858947798149
291,11.64,214.909250789076,13.8948239758579,-226.520717634949,-13.7492394618187,441.284383909986,0,0,0,0,-17.8670648774717,-15.7529585363973,-3.91849514404013e-05,0.0001383295719855,-1.4418843891127,0.50903912652027,0.860063688924,29.67083177869165,5847.978578192352,5818.30774641366,182.36013824292976,213.81886782296425
292,11.68,214.886677118683,13.8710366101227,-226.527797133932,-13.7480335803927,441.291471222885,0,0,0,0,-17.8654983483911,-15.7825519005898,-3.92024867924607e-05,0.000138273378123,-1.40317530478797,0.509035441438555,0.85737650396,30.1482227532662,5847.364317333851,5817.216094580585,181.23505973765566,213.7787503576843
293,11.72,214.86408746771,13.8473114339418,-226.534349861944,-13.7468996502674,441.29802554598,0,0,0,0,-17.8640251503418,-15.8116696890082,-3.92207349436559e-05,0.0001382161206524,-1.36451332550739,0.509032371536933,0.854672066771,30.6259933475419,5846.74962162162,5816.123628274077,180.11114896964156,213.73860296105744
294,11.76,214.841492072796,13.8236919807855,-226.540380801786,-13.7458711857777,441.304052079574,0,0,0,0,-17.8626887310241,-15.8403254388422,-3.92370569387854e-05,0.0001381604174421,-1.32590375814525,0.50903007447208,0.851950862513,31.104196252786462,5846.134769608792,5815.030573356006,178.98953871083452,213.69843393335444
295,11.8,214.81889717751,13.8001872572634,-226.545894923284,-13.7449512562996,441.30955609983,0,0,0,0,-17.8614930406805,-15.8685208297508,-3.92484735535105e-05,0.0001381092280182,-1.28735212236194,0.509028539153368,0.849213382735,31.582755534994238,5845.519931191535,5813.937175656541,177.8705507852153,213.65825230866741
296,11.84,214.796306770211,13.776796739272,-226.550897403478,-13.7441357307983,441.314543165215,0,0,0,0,-17.8604327377826,-15.8962561389961,-3.92579197982523e-05,0.000138059605787,-1.24886413549729,0.509027677336318,0.846460126925,32.06155807443644,5844.905214898625,5812.843656824189,176.7542852132237,213.6180662324289
297,11.88,214.773725092779,13.7535196797856,-226.555393846141,-13.7434199957174,441.319019254853,0,0,0,0,-17.8595018402588,-15.9235316161306,-3.92722509370314e-05,0.0001380047053089,-1.21044542700458,0.509027432282866,0.843691600198,32.54049009258713,5844.290736157495,5811.750246064908,175.64083691099705,213.57788412780255
298,11.92,214.751158044619,13.7303658333537,-226.559390417928,-13.7428081561597,441.322990785353,0,0,0,0,-17.8587056481567,-15.9503512796118,-3.92917151542387e-05,0.000137944321111,-1.17210118313206,0.509027853593236,0.840908308949,33.01948434137305,5843.676655499133,5810.65717115776,174.53053994486078,213.5377143655145
299,11.96,214.728612658257,13.7073591677224,-226.562893786784,-13.7423171704941,441.326464447813,0,0,0,0,-17.8580661685508,-15.9767259070992,-3.93103519207689e-05,0.0001378844849506,-1.13383618907196,0.509029072972212,0.838110755167,33.49854156208574,5843.063164288317,5809.564622726231,173.424046758354,213.4975639508488
300,12.0,214.706094130955,13.6845085152046,-226.565910820031,-13.7419504422212,441.329446878003,0,0,0,0,-17.8575878247361,-16.00266103868,-3.93260139018164e-05,0.0001378274213109,-1.0956550678818,0.509031184129064,0.835299430125,33.97760571787665,5842.4504039497515,5808.472798231875,172.32165447086496,213.45744014038368
301,12.04,214.68360263688,13.6617891512743,-226.56844818261,-13.7416826559312,441.331944324147,0,0,0,0,-17.8572377788015,-16.0281506858543,-3.93411973332356e-05,0.000137770692124,-1.05756204043056,0.509034115754776,0.832474810867,34.456475033864166,5841.83837922276,5807.3819041888955,171.22289301931153,213.41735052337634
302,12.08,214.661132295289,13.6391495815029,-226.570512055021,-13.7414677384528,441.333962507259,0,0,0,0,-17.8569563083301,-16.0531818429608,-3.93570110247676e-05,0.0001377132137483,-1.01956129429492,0.509037554469841,0.829637363914,34.93481974633348,5841.226930084175,5806.292110337842,170.12669226677124,213.37730133767687
303,12.12,214.638671418643,13.6165060511702,-226.572108096286,-13.7412332820228,441.335506745782,0,0,0,0,-17.8566495301445,-16.0777303182605,-3.93718888215756e-05,0.0001376565488895,-0.981657594588038,0.509040918444301,0.826787554702,35.41214380293764,5840.615738499863,5805.203594696925,169.03127099911953,213.33729912533397
304,12.16,214.616204254865,13.5937531343964,-226.573241624106,-13.7408895236586,441.336582268233,0,0,0,0,-17.8562010302495,-16.1017637259545,-3.93843798378331e-05,0.0001376021387136,-0.943855870563844,0.509043442891429,0.82392585463,35.88782147157263,5840.004375833974,5804.116554362402,167.93438874650573,213.29735112950152
305,12.2,214.593715902577,13.5708003433235,-226.573917877793,-13.7403611021564,441.337194539203,0,0,0,0,-17.8555130894797,-16.1252552121464,-3.93957083226452e-05,0.0001375487521462,-0.906161205635339,0.509044441137708,0.821052739027,36.3612673597554,5839.392436599362,5803.031169239606,166.83417224656353,213.25746396157865
306,12.24,214.57119766485,13.5475972905638,-226.574142279933,-13.7396068200972,441.337349474316,0,0,0,0,-17.8545322865351,-16.1481907951066,-3.94087149181955e-05,0.0001374935262388,-0.86857886926928,0.509043639131932,0.818168677815,36.83206835826973,5838.779684140532,5801.947615782262,165.72966806685406,213.2176441061202
307,12.28,214.548650489882,13.5241520566638,-226.573920702932,-13.7386343987597,441.33705353491,0,0,0,0,-17.8532686235146,-16.1705762038448,-3.94241096346088e-05,0.0001374357198135,-0.831113781858421,0.509041325250589,0.815274128101,37.30009285533483,5838.166144259269,5800.866051403934,164.62123235962412,213.177897347968
308,12.32,214.526085883717,13.5005354638666,-226.573259666384,-13.7375035994545,441.336313685688,0,0,0,0,-17.8517996098746,-16.1924393568372,-3.94405202723023e-05,0.0001373767114259,-0.793770360203254,0.509038149356997,0.812369535999,37.76553499275065,5837.5521300509745,5799.786595058224,163.5106020877896,213.13822805858635
309,12.36,214.503522260991,13.4768498924245,-226.572166278731,-13.7362985180689,441.335137165367,0,0,0,0,-17.850234313437,-16.2138183154045,-3.94570238587328e-05,0.0001373174670339,-0.756552430503624,0.509034760032513,0.809455345561,38.22877603991341,5836.938142603419,5798.709366563506,162.40018493758686,213.09864064121928
310,12.4,214.480979313981,13.453192779023,-226.57064780363,-13.7350967353954,441.333531073983,0,0,0,0,-17.8486733244418,-16.2347479219937,-3.94725609751728e-05,0.0001372590795624,-0.719463419944029,0.509031618412291,0.806532006587,38.69020347239258,5836.324717770753,5797.63451429836,161.29224731883377,213.05914054867915
311,12.44,214.458474758547,13.4296441880236,-226.568711007909,-13.733960352141,441.331501930574,0,0,0,0,-17.8471971599952,-16.2552564902931,-3.94868179982646e-05,0.0001372018726419,-0.682506697913469,0.50902903200761,0.80359997604,39.15014262125378,5835.71233762608,5796.562195004826,160.18864477740422,213.01973354112965
312,12.48,214.436021784248,13.4062572574896,-226.566361673479,-13.7329292564804,441.329055456718,0,0,0,0,-17.8458575453318,-16.2753630798251,-3.95020594612819e-05,0.0001371435782,-0.645686018703277,0.509027197192851,0.800659714336,39.60879887439696,5835.101361075581,5795.492562201184,159.09061977276988,212.98042526026362
313,12.52,214.413627003096,13.3830465730184,-226.563604597895,-13.7320117322089,441.326196760181,0,0,0,0,-17.8446652059273,-16.2950728184772,-3.95178815619305e-05,0.0001370845965271,-0.609005707367597,0.509026157556467,0.797711680321,40.066184063851054,5834.491968041269,5794.425783977417,157.99855900895633,212.94122188327404
314,12.56,214.39129143962,13.3599983448731,-226.560444122342,-13.7311936474781,441.322930864567,0,0,0,0,-17.8436018047088,-16.3143814564908,-3.952940340326e-05,0.0001370298123466,-0.572470365683608,0.509025782420055,0.794756326803,40.52215884714452,5833.884186401996,5793.362027554851,156.91222836658434,212.90212955543134
315,12.6,214.369013974703,13.3370907246987,-226.556884928211,-13.7304551382879,441.319263316504,0,0,0,0,-17.8426415950073,-16.3332830880404,-3.95376013013338e-05,0.0001369782609716,-0.536084848440702,0.509025860940447,0.791794096349,40.976537272820195,5833.277985705037,5792.3014484322175,155.83122155762152,212.86315399120858
316,12.64,214.34679527278,13.3143119657045,-226.552932739082,-13.7297845306948,441.315200576853,0,0,0,0,-17.841769439093,-16.3517761914115,-3.95504873060822e-05,0.0001369219480851,-0.499853731089194,0.509026267754374,0.788825418154,41.429188410172486,5832.673384030592,5791.24419562042,154.7553525891079,212.8243006666555
317,12.68,214.324640469296,13.2916754610805,-226.548594624429,-13.7291903883946,441.310750021039,0,0,0,0,-17.8409964322021,-16.3698696487585,-3.95687689636932e-05,0.0001368601868222,-0.463780849725638,0.509027054685427,0.785850708825,41.88012770362729,5832.070521121235,5790.190393417608,153.6849730437919,212.78557414964484
318,12.72,214.302558715953,13.2692145045397,-226.543878721336,-13.7286965830117,441.305919515762,0,0,0,0,-17.8403535285375,-16.3875801946665,-3.95846705340565e-05,0.0001368007724626,-0.427869424476304,0.509028388735722,0.782870378003,42.32949494855367,5831.469646007462,5789.1401510589085,152.62085111311137,212.7469784544936
319,12.76,214.2805588185,13.2469586557536,-226.538793400794,-13.7283231405759,441.300716704116,0,0,0,0,-17.8398667009971,-16.4049233162192,-3.95962880503089e-05,0.0001367456238063,-0.392122207636053,0.50903041754872,0.779884835054,42.777419516581915,5830.870998305908,5788.093578789326,151.56366337553197,212.7085176326309
320,12.8,214.258644757389,13.2249122443526,-226.533346172745,-13.728069585423,441.295148271205,0,0,0,0,-17.8395353321887,-16.4219048869171,-3.96087681633461e-05,0.0001366896037913,-0.356541993106439,0.509033180073595,0.776894491453,43.223887994602286,5830.274686330188,5787.050798335586,150.51354267711346,212.6701961574315
321,12.84,214.236813867718,13.2030497142885,-226.527542857213,-13.7279125359628,441.289219546605,0,0,0,0,-17.8393291101836,-16.4385196468065,-3.96238705183667e-05,0.0001366309610725,-0.321131995050375,0.509036581499598,0.773899757214,43.66870603997531,5829.680637564628,5786.011931524653,149.46998988485385,212.63201850595382
322,12.88,214.215056260528,13.1813170415721,-226.521387535336,-13.7278079687124,441.282934723004,0,0,0,0,-17.839190964844,-16.4547523908558,-3.96390753192406e-05,0.0001365722242506,-0.285896046212862,0.509040372249602,0.770901035084,44.11149610530563,5829.088582916944,5784.977086811638,148.4319146494277,212.5939886638497
323,12.92,214.193354383723,13.1596294119345,-226.514883416954,-13.7276892847257,441.276297673468,0,0,0,0,-17.8390345419629,-16.4705771887727,-3.96524378814711e-05,0.0001365153447258,-0.250838444897469,0.509044099433672,0.767898717295,44.55167167998779,5828.498044770279,5783.946373090292,147.39759788356233,212.55611063289064
324,12.96,214.171684783251,13.1378805655722,-226.508034236016,-13.7274745506624,441.269313004358,0,0,0,0,-17.8387535969403,-16.4859615926545,-3.96632604710864e-05,0.0001364610329026,-0.215963333151603,0.509047095839641,0.764893186444,44.98848427260571,5827.9083849073695,5782.9199006347635,146.36489929018035,212.518388465577
325,13.0,214.150023370708,13.1159666171812,-226.500845431241,-13.7270846063515,441.261986791119,0,0,0,0,-17.8382454833911,-16.5008753454011,-3.9672436409495e-05,0.0001364084468188,-0.181274561359976,0.509048622615144,0.761884818643,45.421168388499375,5827.318947849357,5781.897779460857,145.33176105366235,212.480826204915
326,13.04,214.128353019311,13.0938181879025,-226.493324475331,-13.7264672895703,441.254326596309,0,0,0,0,-17.8374425583187,-16.5153012360436,-3.96826883002829e-05,0.0001363549470923,-0.146775214465654,0.5090481939586,0.758873986646,45.84915270173482,5826.729267552737,5780.880114851002,144.2968712132508,212.44342771996259
327,13.08,214.106670162569,13.071428322935,-226.485480174454,-13.7256187248343,441.246340738923,0,0,0,0,-17.836339788401,-16.5292444904476,-3.96955851469348e-05,0.0001362989155068,-0.112467634929678,0.509045872917282,0.755861062264,46.272259008797995,5826.139246968348,5779.86698795955,143.26022375654674,212.40619599308724
328,13.12,214.084986621671,13.0488553747943,-226.477321253475,-13.7245846383794,441.23803713873,0,0,0,0,-17.8349964665012,-16.5427319459833,-3.97096807532186e-05,0.0001362415708761,-0.0783541010794292,0.5090422414705,0.75284641725,46.69074681451015,5825.549207767125,5778.858460952615,142.22315155992138,212.36913330885147
329,13.16,214.063325198132,13.0261998450188,-226.468854859301,-13.7234420582988,441.229422270713,0,0,0,0,-17.8335124868821,-16.5558025710412,-3.97240173814974e-05,0.000136183754925,-0.0444370183217999,0.509038061394072,0.749830420866,47.10518285034505,5824.959770409896,5777.854587559551,141.18782628932257,212.3322416417727
330,13.2,214.041711925853,13.0035679523389,-226.460085651373,-13.7222710954125,441.2205007203,0,0,0,0,-17.8319917368184,-16.5684936391514,-3.97392839455941e-05,0.000136124851995,-0.010719425590817,0.509033948246414,0.746813433382,47.51620869978077,5824.371643315189,5776.855434615409,140.15649974794562,212.29552344799373
331,13.24,214.020170084258,12.9810477195491,-226.45101596452,-13.7211372596835,441.211275588912,0,0,0,0,-17.8305191562954,-16.5808334197196,-3.97530226305487e-05,0.0001360674258088,0.0227950871443797,0.509030271750564,0.743795798532,47.92437794569134,5823.785459948397,5775.861082002706,139.1310164276016,212.258981663143
332,13.28,213.998717473847,12.9587029504031,-226.441647112608,-13.720087997755,441.201749633806,0,0,0,0,-17.829156261012,-16.5928420863147,-3.97622247017965e-05,0.0001360145551121,0.056102663932509,0.509027207940174,0.740777840745,48.33010667640129,5823.201704685795,5774.871598009394,138.1126990439938,212.2226187967564
333,13.32,213.97736533609,12.9365693059269,-226.431981295306,-13.7191492998079,441.191926625277,0,0,0,0,-17.8279367445054,-16.6045316973107,-3.97715180423216e-05,0.0001359616366454,0.0891995877853742,0.509024805814597,0.737759870466,48.733634436732125,5822.620683423365,5773.887048986633,137.1022806207065,212.18643728719414
334,13.36,213.956117398072,12.914653324111,-226.42202315558,-13.7183250011331,441.181812230674,0,0,0,0,-17.8268655755301,-16.6159078380399,-3.97869325771697e-05,0.0001359026321777,0.122082958073088,0.50902302545089,0.73474219504,49.13500351631182,5822.0424975802525,5772.907494063941,136.09989852067525,212.15043930742598
335,13.4,213.93497017642,12.8929335064083,-226.411780109647,-13.7175971295396,441.171413909198,0,0,0,0,-17.8259194451216,-16.6269693332484,-3.98028392846463e-05,0.0001358431530988,0.154750496407326,0.509021753694848,0.731725128387,49.53405321227246,5821.467052369053,5771.93299915678,135.10513015383805,212.11462727980046
336,13.44,213.913915667581,12.8713712786947,-226.401261195096,-13.7169342294529,441.160739813435,0,0,0,0,-17.8250575654734,-16.6377103803015,-3.98104481618051e-05,0.0001357919829999,0.187200510324153,0.509020831533553,0.728708993508,49.93048894943692,5820.894130001994,5770.963641052557,134.1172227498055,212.07900402620274
337,13.48,213.892946920366,12.849933694901,-226.390475015604,-13.716309022958,441.149797264027,0,0,0,0,-17.8242445747493,-16.6481265423812,-3.98152848433274e-05,0.000135743608294,0.219431435631294,0.509020118231993,0.725694116707,50.32404591298508,5820.323541327591,5769.999495414606,133.13554783999112,212.04357232720912
338,13.52,213.872063742004,12.8286140959059,-226.379427856689,-13.7157140958312,441.138591598619,0,0,0,0,-17.823470859085,-16.6582197458199,-3.98287792790792e-05,0.0001356866206501,0.251441117082868,0.509019563316467,0.72268081694,50.714649139457364,5819.755281100275,5769.040631960818,132.1600030207752,212.0083347449049
339,13.56,213.851274636092,12.8074400799126,-226.368122987516,-13.7151684818874,441.127126025582,0,0,0,0,-17.822761093122,-16.6680014787653,-3.98478747283414e-05,0.0001356240974088,0.283226850965582,0.509019224279607,0.719669395915,51.102486633421485,5819.189580714709,5768.087094081287,131.1911548340172,211.97329287384653
340,13.6,213.830593065696,12.7864563648857,-226.356561515012,-13.7147043473444,441.115402563166,0,0,0,0,-17.8221569822893,-16.6774869554096,-3.98604614946181e-05,0.0001355681644716,0.3147852868233,0.50901922090987,0.71666013426,51.487891720049895,5818.626806519577,5767.138914799528,130.22988945267258,211.93844792762587
341,13.64,213.810030746114,12.7656988381898,-226.344744346239,-13.7143473267828,441.103423580946,0,0,0,0,-17.8216917670085,-16.6866879737113,-3.98662742277713e-05,0.0001355190997987,0.346112972091806,0.509019694826593,0.713653296589,51.87114686851597,5818.067277304376,5766.19613043586,129.2769028579868,211.90380124099008
342,13.68,213.789593599106,12.7451813971513,-226.332674246076,-13.7141066990272,441.091193147058,0,0,0,0,-17.8213774817853,-16.695610909362,-3.98752306035722e-05,0.0001354669929083,0.377206949581465,0.509020799047182,0.710649143605,52.252374326362364,5817.511154208403,5765.2587798820405,128.33245261132382,211.86935424318483
343,13.72,213.769281035313,12.7248942689354,-226.320356896553,-13.7139737854781,441.078717448409,0,0,0,0,-17.8212028771675,-16.7042568853213,-3.98897941091544e-05,0.000135409382409,0.408064959825581,0.509022660912951,0.707647943885,52.63151172155948,5816.958421194382,5764.326909472823,127.39633696528632,211.83510863698095
344,13.76,213.749086276271,12.7048076158324,-226.307800372464,-13.713924995817,441.066004028719,0,0,0,0,-17.8211373716741,-16.712623128316,-3.99044205638398e-05,0.0001353518139604,0.43868573633479,0.509025289032851,0.704649976834,53.00833085368377,5816.408893810913,5763.400562957228,126.46797419434633,211.80106603012533
345,13.8,213.728995112057,12.6848680198877,-226.295013294276,-13.713919845819,441.053060232264,0,0,0,0,-17.8211284768251,-16.7206997262106,-3.99165326340777e-05,0.0001352968691384,0.469068171279686,0.509028473111361,0.701655524382,53.38240245020752,5815.862185386296,5762.479782936089,125.54634204767383,211.76722798816968
346,13.84,213.708984537251,12.6649949128085,-226.282002680705,-13.7138994156426,441.03989172079,0,0,0,0,-17.8210997933039,-16.7284664317677,-3.99271545076196e-05,0.0001352435327929,0.499210942823077,0.509031750048443,0.698664858162,53.75305963128748,5815.317669911169,5761.564610279882,124.62991722106224,211.73359601307635
347,13.88,213.689023538722,12.6450854254698,-226.268772733539,-13.7137910916988,441.02650193849,0,0,0,0,-17.8209571674675,-16.7358936436271,-3.99362421237505e-05,0.0001351918665869,0.52911213160087,0.509034462490518,0.695678232766,54.11942834990695,5814.774503475251,5760.6550751253435,123.71677719595952,211.70017121234997
348,13.92,213.669077933261,12.6250287519654,-226.255325201475,-13.7135184356282,441.012892818399,0,0,0,0,-17.8206014836016,-16.7429459636369,-3.99435418375768e-05,0.0001351421483456,0.558768843908389,0.509035926045617,0.692695889644,54.480537984177566,5814.2317559060475,5759.75121792187,122.80488107860019,211.6669550724785
349,13.96,213.64912078574,12.604742152183,-226.241661039638,-13.7130266210833,440.999066294278,0,0,0,0,-17.8199616475873,-16.749596765325,-3.99510233759199e-05,0.0001350924214112,0.588178196614045,0.509035705932397,0.689718066455,54.83562056913755,5813.688694261395,5758.853073692257,121.89275011824174,211.63394888052585
350,14.0,213.629142823613,12.5842041029634,-226.227782325139,-13.7123046429648,440.985025688754,0,0,0,0,-17.8190233839156,-16.755841176573,-3.99612072345048e-05,0.0001350401349871,0.617337540898348,0.509033856895805,0.6867450024,55.184403723886554,5813.145066222463,5757.960662498577,120.98007616208912,211.60115337375967
351,14.04,213.60915585162,12.5634623081289,-226.213693310871,-13.7113893062706,440.970776160633,0,0,0,0,-17.8178344095834,-16.7616996522548,-3.99733981866128e-05,0.0001349859361758,0.646244971771916,0.509030910510419,0.68377693464,55.52720473051716,5812.601193012591,5757.0739882820735,120.06784450253909,211.56856869701798
352,14.08,213.589187361963,12.542613870453,-226.199400107948,-13.7103504350671,440.956324034526,0,0,0,0,-17.8164852666873,-16.7672113703014,-3.99848525305264e-05,0.0001349325936652,0.674899581279121,0.509027570437064,0.680814090045,55.86478749299951,5812.057822732698,5756.1930352396985,119.15793672711266,211.53619426954947
353,14.12,213.569269936802,12.5217659502206,-226.184909289575,-13.7092622149329,440.94167549109,0,0,0,0,-17.8150721555667,-16.7724174952998,-3.99960867292958e-05,0.0001348796486874,0.703300497245082,0.509024366529271,0.67785668066,56.198038382286555,5811.515841988515,5755.317803606228,118.25238479403087,211.50403009998197
354,14.16,213.549433611161,12.5010130123631,-226.170226320754,-13.7081885224802,440.926835442032,0,0,0,0,-17.8136779084486,-16.7773534784514,-4.00094707371443e-05,0.0001348247618677,0.731446798147204,0.509021541309085,0.674904907909,56.52776830926513,5810.976068074676,5754.44829976541,117.35295054650274,211.47207642291394
355,14.2,213.529702317044,12.4804269594005,-226.155354759985,-13.7071771156021,440.91180723323,0,0,0,0,-17.8123644505083,-16.7820453484032,-4.00223263281337e-05,0.0001347706204663,0.759336826836354,0.509019151563509,0.671958973219,56.85461763362242,5810.43915221418,5753.584534580557,116.46095265197643,211.4403336375647
356,14.24,213.510092883602,12.4600541030602,-226.140296619391,-13.7062578470923,440.896593247026,0,0,0,0,-17.8111704848011,-16.7865084126163,-4.00286005465356e-05,0.0001347232798228,0.786968167164812,0.509017220935458,0.669019087089,57.179018127088995,5809.905552351547,5752.726534224458,115.57722217751223,211.40880270576656
357,14.28,213.490615597969,12.4399199198729,-226.12505357302,-13.7054467130136,440.88119596413,0,0,0,0,-17.8101167486852,-16.7907513968845,-4.00308526198696e-05,0.0001346801840374,0.814338579007178,0.509015807905622,0.666085469305,57.50122566909047,5809.375548413956,5751.874322744865,114.70219881024889,211.37748451125807
358,14.32,213.47127358966,12.4200271632284,-226.10962818812,-13.7047441644234,440.865618778974,0,0,0,0,-17.8092038222832,-16.7947761195837,-4.00402360639807e-05,0.00013463018578,0.84144595538328,0.509014960996976,0.663158338433,57.821296319294355,5808.849225559844,5751.027929240549,113.83590323941677,211.34638012339943
359,14.36,213.452062431795,12.4003570970868,-226.094024422333,-13.704136331696,440.849866088738,0,0,0,0,-17.8084137166393,-16.7985794400329,-4.00582678989286e-05,0.0001345717766522,0.868289061022983,0.509014643131578,0.660237896363,58.1390913338207,5808.326463327673,5750.187371993852,112.9779658996611,211.31549021405422
360,14.4,213.432969635212,12.3808692381825,-226.078247168695,-13.70359512614,440.833942691864,0,0,0,0,-17.8077100129451,-16.8021529187611,-4.00720062046416e-05,0.0001345179054903,0.894867212265477,0.509014697211454,0.657324318734,58.45426796495747,5807.806921870033,5749.352653905075,112.12762961528745,211.28481488980663
361,14.44,213.41397709888,12.3615070972201,-226.062301233495,-13.7030817234538,440.817852958609,0,0,0,0,-17.807042372906,-16.8054819698349,-4.00741006241331e-05,0.0001344759221267,0.921179584620511,0.509014896763506,0.654417759421,58.76632430571622,5807.290108632784,5748.523784327068,111.28386174336188,211.25435449436745
362,14.48,213.395070114671,12.3422264097703,-226.046190483359,-13.7025661766996,440.801600364959,0,0,0,0,-17.8063719704617,-16.8085556559414,-4.00745095433096e-05,0.0001344358557543,0.947225171001058,0.50901506167897,0.65151836765,59.074857840586134,5806.775623387377,5747.7007655467905,110.44586393235909,211.22410911178102
363,14.52,213.376246590487,12.3230208396461,-226.029917689599,-13.7020442098008,440.785187650241,0,0,0,0,-17.8056932614165,-16.8113745866825,-4.0085798770536e-05,0.0001343851209454,0.973002299387614,0.509015151033511,0.648626305539,59.379812924307465,5806.263409204926,5746.883596280618,109.61352340212095,211.19407869487492
364,14.56,213.357519462606,12.3039272736905,-226.013485069423,-13.7015401392309,440.768617397569,0,0,0,0,-17.8050377722654,-16.8139530979364,-4.01048026207248e-05,0.000134326867952,0.998509166651586,0.509015269460942,0.645741752096,59.68154582383269,5805.753818099485,5746.072272275653,108.78749103541844,211.16426308735808
365,14.6,213.338909181632,12.2850027421817,-225.996895079332,-13.7010910769377,440.75189259572,0,0,0,0,-17.8044536217104,-16.816312416857,-4.01171781537796e-05,0.0001342754361183,1.02374426194119,0.509015589530588,0.642864890714,59.980619264337335,5805.247406560333,5745.2667872959955,107.96875816946688,211.1346620600654
366,14.64,213.320433182944,12.2662924033182,-225.980150901887,-13.7007251332591,440.735016814772,0,0,0,0,-17.8039772546944,-16.8184691876603,-4.01188263361891e-05,0.0001342349319484,1.0487063902951,0.509016264087897,0.639995891624,60.277499645094856,5804.744649028297,5744.467149383202,107.15808856807928,211.10527590851865
367,14.68,213.302102019763,12.2478213895948,-225.963256363324,-13.7004569635513,440.717993957043,0,0,0,0,-17.8036276770957,-16.8204345728617,-4.01208188847156e-05,0.0001341942964973,1.07339497811748,0.50901739403031,0.637134905043,60.572473127194755,5804.245832671151,5743.673359543956,106.35588115381613,211.07610466971275
368,14.72,213.283920003838,12.2295974422107,-225.946215409238,-13.7002898323556,440.700827803221,0,0,0,0,-17.8034091259174,-16.8222146397151,-4.01310997929967e-05,0.0001341455986319,1.09780941613998,0.509019033241835,0.634282069819,60.86566263672953,5803.751074817557,5742.885412180828,105.56222512531181,211.04714813794592
369,14.76,213.265886553468,12.2116145208206,-225.929031501042,-13.7002180990105,440.683521632701,0,0,0,0,-17.8033142888591,-16.8238102706371,-4.01450583654983e-05,0.0001340934555126,1.12194877474245,0.509021199809906,0.631437526943,61.157055057946344,5803.260359638627,5742.103304580681,104.77697113491597,211.01840621351226
370,14.8,213.247995754828,12.1938529090582,-225.911707328241,-13.7002279558551,440.666078129866,0,0,0,0,-17.8033252660092,-16.8252176241276,-4.01561550281346e-05,0.000134044403019,1.1458118661685,0.509023877839383,0.628601423402,61.44649621598021,5802.773526210986,5741.327029995006,103.99973887417092,210.98987864840865
371,14.84,213.230233891199,12.1762719613164,-225.894245009951,-13.700292660792,440.648499600626,0,0,0,0,-17.8034073819182,-16.8264248771123,-4.01643706678407e-05,0.0001339984489262,1.16939706399918,0.509026994161433,0.625773902496,61.73361325242923,5802.290201283698,5740.556588031268,103.22979700724505,210.96156542820964
372,14.88,213.212577990442,12.1588088316148,-225.876646671031,-13.7003725437683,440.630788373626,0,0,0,0,-17.8035091980212,-16.8274139137244,-4.01725177289379e-05,0.0001339527712797,1.19270301744013,0.509030365103773,0.622955091028,62.01779561858411,5801.809759753022,5739.791964134438,102.4660474007355,210.93346601802781
373,14.92,213.194994538509,12.1413754905761,-225.85891502849,-13.7004130797627,440.612947156185,0,0,0,0,-17.8035600143574,-16.8281596231527,-4.01807888479252e-05,0.0001339071814714,1.21572878569116,0.509033620718571,0.620145097007,62.29815625431653,5801.331289655261,5739.033133400944,101.70698298029426,210.90557950267376
374,14.96,213.177441036596,12.1238621381113,-225.841053551874,-13.7003466496024,440.594979099961,0,0,0,0,-17.8034721563033,-16.828629827374,-4.01871733785272e-05,0.0001338637138363,1.23847375733399,0.509036186285741,0.617344021172,62.57355603430231,5800.853634539054,5738.280078504752,100.950756916335,210.87790524542748
375,15.0,213.159874873166,12.1061614112256,-225.823066044083,-13.7001080236078,440.576887529631,0,0,0,0,-17.8031610485325,-16.8287932836934,-4.01915334410656e-05,0.000133822536184,1.26093770333195,0.509037427907523,0.614551972957,62.842847243056674,5800.375634885421,5737.532787642364,100.19559849802381,210.85044281251842
376,15.04,213.142266834969,12.0882026336201,-225.804955901591,-13.699655415242,440.558675518181,0,0,0,0,-17.8025725054272,-16.8286296136801,-4.01966866615015e-05,0.0001337808271568,1.28312007530646,0.509036946623729,0.611769077851,63.105235451892376,5799.89649576134,5736.791260309447,99.44038328085009,210.82319218541264
377,15.08,213.124613448925,12.0699844222312,-225.78672558787,-13.6989910072524,440.540345621817,0,0,0,0,-17.8017093475775,-16.8281412995969,-4.02047102368798e-05,0.000133736449604,1.30502003352844,0.509034827437917,0.608995470681,63.36064136158743,5799.41612265949,5736.055481297903,98.68515762682998,210.79615280522287
378,15.12,213.106937724435,12.0515749973371,-225.768376731793,-13.6981605262011,440.521899985092,0,0,0,0,-17.8006308597976,-16.8273545111831,-4.02144191836387e-05,0.0001336905787287,1.32663652351181,0.509031596000631,0.606231280197,63.609732383573416,5798.935141697562,5735.3254093139885,97.93111427229341,210.76932315443204
379,15.16,213.08927732167,12.0330774622837,-225.749910748066,-13.6972301010483,440.503340708501,0,0,0,0,-17.7994227888815,-16.8263061273707,-4.02235919392322e-05,0.0001336455360943,1.3479683122052,0.509027913214724,0.603476615725,63.85357603427795,5798.454577661009,5734.601001626731,97.17999365298598,210.74270166270585
380,15.2,213.07167147962,12.0145955192474,-225.731329481898,-13.6962647338105,440.484670176081,0,0,0,0,-17.7981694218273,-16.8250331359557,-4.02317077315883e-05,0.0001336019253519,1.36901462433917,0.509024297914451,0.600731564604,64.09328079511995,5797.975498297131,5733.8822175020105,96.43351048892269,210.71628683309297
381,15.24,213.054153372932,11.9962138002191,-225.712635392022,-13.6953161127932,440.465891077529,0,0,0,0,-17.7969377850481,-16.8235659754923,-4.02400618211763e-05,0.0001335584709659,1.38977501854364,0.509021041024838,0.597996201549,64.32977964886359,5797.498806334055,5733.169026685192,95.69303579899767,210.69007755375605
382,15.28,213.036748799981,11.9779955998153,-225.693831167631,-13.6944217335597,440.447006101356,0,0,0,0,-17.7957765044193,-16.8219276662726,-4.02499610547896e-05,0.0001335138164516,1.41024920650108,0.509018260585393,0.595270602814,64.56379569323754,5797.025203781321,5732.461408088083,94.95957014610177,210.66407304971833
383,15.32,213.019476414127,11.9599847805188,-225.674919136872,-13.6936067904523,440.428017560932,0,0,0,0,-17.7947182519257,-16.8201345014458,-4.02595919213258e-05,0.0001334696883277,1.4304369637479,0.509015978524291,0.59255485456,64.7958538425865,5796.555198222706,5731.75934438012,94.23378380989666,210.63827268409332
384,15.36,213.002347143108,11.942204269348,-225.655900958665,-13.6928834293821,440.408927261808,0,0,0,0,-17.7937787717813,-16.8181944290239,-4.0264307570312e-05,0.0001334306638361,1.4503378623431,0.50901416556909,0.589849049137,65.02625725964668,5796.08908701711,5731.062829757463,93.51599925060816,210.61267624359388
385,15.4,212.985365538152,11.9246613433745,-225.636777870691,-13.6922546834453,440.389736748913,0,0,0,0,-17.7929619928411,-16.8161102005708,-4.02644861135585e-05,0.0001333963455604,1.46995129403571,0.509012769267461,0.587153273339,65.25514067240248,5795.626994009752,5730.371853337349,92.80628129930496,210.5872833282858
386,15.44,212.968531562568,11.9073526996364,-225.617551341177,-13.6917175837687,440.370447787877,0,0,0,0,-17.7922640616273,-16.8138820197186,-4.02688266805707e-05,0.0001333580567188,1.4892764743515,0.509011736021307,0.584467600295,65.4825230808772,5795.168918202221,5729.686395121344,92.10452218289856,210.56209320324012
387,15.48,212.951840806173,11.8902654905263,-225.598223628221,-13.6912637797316,440.351062723599,0,0,0,0,-17.7916741470919,-16.8115085262794,-4.02820333617262e-05,0.0001333111285112,1.50831272771415,0.509011021587942,0.581792093495,65.70831499406921,5794.714739587325,5729.006424593256,91.41046246568604,210.5371047470076
388,15.52,212.935281640866,11.8733702535603,-225.578797765683,-13.6908752485527,440.331584401541,0,0,0,0,-17.7911688797331,-16.8089838880414,-4.0296159315735e-05,0.0001332635357793,1.52705977225795,0.509010574039679,0.579126819342,65.93223214520917,5794.264141748318,5728.331909603109,90.72358527259267,210.5123167780983
389,15.56,212.91883203038,11.8566125803367,-225.559276875661,-13.6905192946962,440.3120156204,0,0,0,0,-17.7907058683635,-16.8062931793342,-4.03021723073033e-05,0.0001332243280269,1.54551750712074,0.509010302343763,0.576471855007,66.1536926003345,5793.816525047834,5727.6628324475,90.04299322187427,210.48772864592414
390,15.6,212.9024640489,11.8399245540026,-225.539663252706,-13.690155727148,440.292358474752,0,0,0,0,-17.7902330026722,-16.8034153381716,-4.03016100090397e-05,0.0001331919788192,1.56368581510243,0.509010077483467,0.573827282413,66.37194169655015,5793.37112958574,5726.99918788919,89.36759525069897,210.46334015802023
391,15.64,212.886156914614,11.823256941274,-225.519957948178,-13.6897562068343,440.272614128352,0,0,0,0,-17.7897135379254,-16.8003345407995,-4.03025025571092e-05,0.000133158466311,1.58156436404454,0.509009786465333,0.571193173624,66.5864251872544,5792.9273898601305,5726.340964672876,88.6966092504203,210.43915090076175
392,15.68,212.869909629339,11.8066093352286,-225.500161277099,-13.6893217193944,440.252783290605,0,0,0,0,-17.7891487521117,-16.7970519322724,-4.03107034788455e-05,0.000133117943445,1.59915258014674,0.509009399229477,0.568569582585,66.79715085311626,5792.48527870906,5725.688127855944,88.03001977927563,210.41515959003132
393,15.72,212.853741726271,11.7900299698147,-225.480273949869,-13.6888814031504,440.232867109476,0,0,0,0,-17.7885764262083,-16.7935862710667,-4.03246147667076e-05,0.0001330720148592,1.61644993278324,0.509008979541284,0.565956552005,67.00470224905432,5792.045327657867,5725.040625408813,87.36855821270983,210.39136431377707
394,15.76,212.837681189463,11.7735845253216,-225.460297940328,-13.688473164714,440.212867769183,0,0,0,0,-17.7880457082946,-16.7899622677075,-4.03355563545528e-05,0.0001330293695732,1.63345607999141,0.509008623898445,0.563354128175,67.20988279746388,5791.608298191418,5724.398415393954,86.71320942496851,210.36776353082323
395,15.8,212.821750890667,11.7573240255494,-225.440236315316,-13.6881250478705,440.192788228304,0,0,0,0,-17.7875929618537,-16.7861992957289,-4.03378004367964e-05,0.000132995745028,1.65017087342114,0.509008394759453,0.560762367831,67.41333724573371,5791.174812681784,5723.76147543605,86.06471724800312,210.3443564188921
396,15.84,212.805963240856,11.7412736484309,-225.420092081901,-13.6878495534385,440.172631227765,0,0,0,0,-17.7872343978445,-16.7823073849009,-4.03371067592237e-05,0.0001329653863268,1.66659444093403,0.509008317738256,0.558181329854,67.61541344491057,5790.7452088487435,5723.129795403833,85.42341903033748,210.32114260566635
397,15.88,212.790323600298,11.7254424187148,-225.399866969234,-13.6876502068347,440.152398357652,0,0,0,0,-17.786974586265,-16.778290386431,-4.03419566691305e-05,0.0001329298062245,1.68272704375793,0.509008435956202,0.555611061105,67.81627275310146,5790.319632552619,5722.503359799517,84.78939948016952,210.29812152161293
398,15.92,212.774835357249,11.7098357917129,-225.37956118172,-13.687529242996,440.132089990252,0,0,0,0,-17.7868164253103,-16.7741504800821,-4.03512940707271e-05,0.0001328900430138,1.69856861034421,0.509008850178265,0.553051592167,68.01603798481658,5789.898175992551,5721.882138007734,84.16268509104772,210.27529204163778
399,15.96,212.759500534989,11.6944566724477,-225.359174388761,-13.6874879461725,440.111706197476,0,0,0,0,-17.786761586102,-16.7698890748533,-4.035952275229e-05,0.0001328516695439,1.714118556409,0.509009695384181,0.55050294812,68.2148028449573,5789.480894224793,5721.266091379835,83.54326221832208,210.25265274542926
400,16.0,212.744316984198,11.6792983472979,-225.338707189074,-13.6875221161529,440.091247942127,0,0,0,0,-17.7868046253554,-16.7655050165015,-4.0365618974693e-05,0.0001328156901293,1.72937634292371,0.509011079942967,0.547965163606,68.4125417081573,5789.067728763368,5720.65518705521,82.93097476482524,210.23020242538215
401,16.04,212.729276107742,11.6643393055795,-225.318161880169,-13.6876188975294,440.070717579861,0,0,0,0,-17.7869288667016,-16.7609931199204,-4.03712769229986e-05,0.0001327803999152,1.74434206727158,0.509013040252798,0.545438287364,68.60904148626123,5788.658445668346,5720.049404182085,82.32545118888713,210.20794031520794
402,16.08,212.714362594699,11.64954385265,-225.297541908759,-13.6877575951745,440.050118245982,0,0,0,0,-17.7871074682239,-16.7563447235572,-4.03773787075577e-05,0.0001327449143032,1.75901605538189,0.509015521099678,0.542922372721,68.8039056053864,5788.252628308316,5719.448722702929,81.72611708458552,210.18586567780594
403,16.12,212.699552721432,11.6348595477332,-225.276850437414,-13.6879089920987,440.029452603211,0,0,0,0,-17.7873025469009,-16.7515463818249,-4.03839711903533e-05,0.0001327091897415,1.77339835825508,0.50901834877883,0.540417464397,68.9965192139084,5787.849631130237,5718.853111916329,81.13216033519764,210.16397738492
404,16.16,212.684810173813,11.6202079944581,-225.256089163133,-13.6880306029266,440.008721945415,0,0,0,0,-17.78745901854,-16.7465747796869,-4.03900450542225e-05,0.0001326742446424,1.78748903790573,0.509021182315251,0.537923593978,69.18592862702354,5787.448465976353,5718.262537349329,80.54240141830996,210.1422741696924
405,16.2,212.670085158568,11.6054829643222,-225.235258279833,-13.6880658688766,439.987926342956,0,0,0,0,-17.7875035505285,-16.7413952589463,-4.03941293585691e-05,0.0001326415675013,1.80128824900931,0.509023499171441,0.535440785928,69.3708083146013,5787.047777902666,5717.676969588065,79.95527588152407,210.12075495118347
406,16.24,212.655323414538,11.5905701148314,-225.214357541671,-13.6879548344508,439.967065675828,0,0,0,0,-17.7873584069655,-16.7359692904405,-4.03962592566076e-05,0.0001326111434119,1.81479582481592,0.509024717321295,0.532969065279,69.54970144628126,5786.6460903878315,5717.09638894155,79.36913085297451,210.09941900576285
407,16.28,212.64048444045,11.5753869378473,-225.193387548066,-13.6876556845943,439.946140735263,0,0,0,0,-17.7869693737139,-16.7302700078227,-4.03985895638991e-05,0.0001325808210919,1.82801130111657,0.509024474612487,0.530508458169,69.72152781736507,5786.242301336079,5716.520773518714,78.78280422119231,210.07826552894858
408,16.32,212.625557990758,11.5599178253976,-225.172350263793,-13.687163140676,439.925153569829,0,0,0,0,-17.7863296029666,-16.7242952353534,-4.04032929800258e-05,0.0001325484013362,1.84093473826449,0.509022879640933,0.528058985587,69.88604573264405,5785.836131951901,5715.950086219257,78.19611622899069,210.0572931573297
409,16.36,212.610567482836,11.5442198170051,-225.151248409216,-13.6865107694942,439.904106844542,0,0,0,0,-17.7854826073704,-16.718069187064,-4.04099843642929e-05,0.0001325142430379,1.85356693112158,0.509020474080541,0.525620658413,70.0439488567026,5785.4282194544985,5715.384270597796,77.60992793813398,210.03649981657662
410,16.4,212.595558675758,11.5283963051946,-225.130084196452,-13.685756140538,439.883002707553,0,0,0,0,-17.7845030280495,-16.7116315979899,-4.04167257387383e-05,0.0001324803122437,1.86590851633685,0.509017906986748,0.5231934804,70.19654832812198,5785.0198090117,5714.823260683578,77.02574298410862,210.01588308230893
411,16.44,212.5805812213,11.5125555230308,-225.108858381758,-13.6849579513207,439.861842031348,0,0,0,0,-17.7834669722624,-16.7050206029824,-4.04229093858589e-05,0.0001324472395518,1.8779596262988,0.509015620062656,0.520777457452,70.34524519080725,5784.612251717146,5714.267006526339,76.44510573213856,209.9954411188882
412,16.48,212.565676248749,11.4967844104361,-225.087570383591,-13.6841623936618,439.840624615566,0,0,0,0,-17.7824343354841,-16.6982639784806,-4.04288879672229e-05,0.0001324146789109,1.88972016242985,0.509013774957965,0.518372605104,70.49118834323856,5784.206666755742,5713.715478412503,75.86923278367853,209.9751728343607
413,16.52,212.550873920238,11.4811448360159,-225.06621941395,-13.683401701612,439.819350199784,0,0,0,0,-17.7814469166648,-16.6913802482102,-4.04341446233275e-05,0.0001323831406803,1.90119001628265,0.509012358801598,0.515978947368,70.63521790616191,5783.8038748809295,5713.168656974767,75.29896723323056,209.9550775169911
414,16.56,212.536195487296,11.4656790997268,-225.044805789859,-13.6826973389907,439.798019516419,0,0,0,0,-17.7805325520723,-16.6843826995154,-4.04381301483424e-05,0.0001323531597263,1.9123692845493,0.509011297164875,0.513596507523,70.77793111609739,5783.404454376269,5712.626523260172,74.73486270793993,209.93515447027107
415,16.6,212.521655166614,11.4504148102794,-225.023331431011,-13.6820627928947,439.776634580241,0,0,0,0,-17.7797087359397,-16.6772821524245,-4.04427252170696e-05,0.0001323228412762,1.9232583982962,0.509010508111746,0.511225298594,70.91974210624126,5783.008792097628,5712.089049991388,74.17725637227018,209.91540269177716
416,16.64,212.507260199015,11.435365052782,-225.001799156223,-13.6815036867518,439.755197989208,0,0,0,0,-17.7789827619132,-16.6700860050776,-4.04493411776615e-05,0.0001322907669227,1.93385806358498,0.509009920953243,0.508865321679,71.06087950344146,5782.617085077834,5711.556205574393,73.62627585355999,209.8958210204505
417,16.68,212.49301135889,11.4205295631512,-224.980211302796,-13.6810186615108,439.733711760045,0,0,0,0,-17.7783528666965,-16.662796944822,-4.04539274231771e-05,0.0001322609874037,1.94416888464626,0.509009489253776,0.506516573495,71.20139632750495,5782.22935438914,5711.027958061635,73.08186123146707,209.8764082822402
418,16.72,212.478905823518,11.4059005421722,-224.958568708086,-13.6806025843197,439.712176573752,0,0,0,0,-17.7778123928145,-16.6554132185735,-4.04534757569072e-05,0.0001322365133912,1.95419105460413,0.509009201061523,0.504179056007,71.3412427157489,5781.845523221396,5710.504280505647,72.54385044150203,209.85716348684508
419,16.76,212.464941400729,11.391471340364,-224.936870814487,-13.6802511191098,439.690591993961,0,0,0,0,-17.777355715501,-16.6479314450231,-4.04541389169502e-05,0.0001322111933584,1.96392453104223,0.509009079808678,0.501852778557,71.4803808584042,5781.465531922618,5709.985151064214,72.01210044329721,209.8380858315785
420,16.8,212.451118084759,11.3772403076123,-224.915116802318,-13.6799629049157,439.668957484381,0,0,0,0,-17.7769810689075,-16.6403500412314,-4.04619397627188e-05,0.0001321790047802,1.97336936827601,0.50900916898125,0.499537749673,71.61883882574683,5781.089380335959,5709.470541510212,71.48653781145482,209.81917427911284
421,16.84,212.43743179999,11.3631983206233,-224.893306884201,-13.6797330952276,439.647273458795,0,0,0,0,-17.7766821689124,-16.6326667376465,-4.04722892879027e-05,0.000132144537469,1.98252596477394,0.509009495945126,0.497233965986,71.75654307823237,5780.716957558203,5708.9604144799705,70.96698680174006,209.80042745635853
422,16.88,212.423864478181,11.3493087831368,-224.871442790852,-13.6795431038612,439.625541589757,0,0,0,0,-17.7764349180514,-16.6248719368071,-4.04779105152935e-05,0.0001321150698363,1.9913950235695,0.509010030318326,0.494941409441,71.89304194514943,5780.347771927472,5708.4547299823225,70.45290224635131,209.78184389366726
423,16.92,212.410381598111,11.3355028072044,-224.849527096389,-13.6793582732859,439.603764160582,0,0,0,0,-17.7761943797693,-16.6169457502407,-4.04790152564205e-05,0.000132090393304,1.99997726352927,0.509010667816033,0.492660056659,72.02742969708831,5779.980884073496,5707.9534543764075,69.94331524911887,209.76342235476014
424,16.96,212.396943373666,11.3217016270731,-224.827561893713,-13.6791393051787,439.581942945485,0,0,0,0,-17.7759095945332,-16.6088637405185,-4.04797140854418e-05,0.000132066406807,2.0082732312751,0.509011262120742,0.490389892005,72.15864588587334,5779.615211360968,5707.456565475094,69.43714421682479,209.7451620242752
425,17.0,212.383524770103,11.3078567370205,-224.805547800849,-13.6788626042613,439.560078438193,0,0,0,0,-17.7755499632851,-16.6006101429365,-4.04814679710494e-05,0.0001320416693496,2.01628319320276,0.509011697063509,0.488130911441,72.28603086310353,5779.250072559835,5706.964041696731,68.93373114010946,209.72706210910135
426,17.04,212.370129642057,11.2939776682444,-224.783484038262,-13.6785339897388,439.538170001813,0,0,0,0,-17.7751230315046,-16.592188169504,-4.04847419353521e-05,0.0001320157444126,2.02400728295719,0.509011951168062,0.485883113343,72.40972464818233,5778.885572560055,5706.475847911873,68.43319751105702,209.70912131825526
427,17.08,212.356787888516,11.2801252293465,-224.761369542995,-13.6781846582317,439.516216860396,0,0,0,0,-17.7746692543206,-16.5836187841132,-4.0491416856647e-05,0.0001319867850719,2.03144577985608,0.50901210147626,0.483646486348,72.53059093303081,5778.522524954535,5705.991934021504,67.93633534010637,209.69133781063204
428,17.12,212.343538094726,11.2663760971964,-224.739204314569,-13.6778529210612,439.494219233159,0,0,0,0,-17.774238311855,-16.5749293269155,-4.05000834218302e-05,0.0001319562437479,2.03859923033082,0.509012265943922,0.481421008195,72.64973284589999,5778.161979701294,5705.512246855394,67.44412748004683,209.6737096322618
429,17.16,212.330408678516,11.2527852461324,-224.716989984686,-13.6775653517845,439.472178768853,0,0,0,0,-17.7738646605694,-16.5661404794312,-4.05041982078684e-05,0.0001319307200044,2.04546842017621,0.509012536961064,0.479206657824,72.76796361833188,5777.804710088849,5705.036746470517,66.95725505341574,209.65623531526532
430,17.2,212.317410721455,11.2393724647003,-224.694729142979,-13.6773305045827,439.450097904317,0,0,0,0,-17.7735593906491,-16.5572608893714,-4.05016698048426e-05,0.0001319123651657,2.05205410076107,0.509012955374259,0.477003427676,72.88560670880551,5777.451017662051,5704.565410953245,66.47593133135658,209.6389140543317
431,17.24,212.304544258109,11.226135657405,-224.672423882613,-13.677146082866,439.427978566183,0,0,0,0,-17.7733195226663,-16.5482908690747,-4.05002227011526e-05,0.000131893489717,2.05835679121703,0.509013530800857,0.474811321222,73.00267597017087,5777.100903361487,5704.098227391317,66.00008421885728,209.62174537494403
432,17.28,212.291808966816,11.2130725918674,-224.650074665416,-13.6770101415427,439.405821181908,0,0,0,0,-17.773142533341,-16.5392297166756,-4.05054084028635e-05,0.0001318685118678,2.06437681919193,0.509014276503268,0.472630335826,73.11918359698802,5776.754358434292,5703.635174837304,65.52964011097393,209.6047285072985
433,17.32,212.279208900344,11.2001902432802,-224.627680415972,-13.6769257244196,439.383624797455,0,0,0,0,-17.773032369262,-16.5300792910894,-4.05118400607356e-05,0.0001318426946034,2.07011448530839,0.509015222102317,0.47046044783,73.23527658230066,5776.411493161896,5703.176216579595,65.0646413033225,209.58786210226833
434,17.36,212.266749614574,11.1874986586958,-224.605239819705,-13.6768974950591,439.361388270642,0,0,0,0,-17.7729950781497,-16.5208425160717,-4.05140399539309e-05,0.0001318213135778,2.07557030192205,0.509016400660757,0.468301616285,73.35114996397418,5776.0724587275245,5702.72130876355,64.60516551599112,209.57114454822513
435,17.4,212.254434746249,11.175003804157,-224.582752821716,-13.6769278670199,439.339111630828,0,0,0,0,-17.773033791357,-16.5115217586787,-4.05149703579124e-05,0.0001318011982788,2.08074500722152,0.509017839290454,0.466153803058,73.46694101804435,5775.737354091993,5702.270413073949,64.15123709932492,209.5545744371106
436,17.44,212.24226512239,11.1627058467213,-224.560221117254,-13.6770161104875,439.316796503411,0,0,0,0,-17.7731475638891,-16.5021187874578,-4.05183521419161e-05,0.0001317785050031,2.08563942016984,0.509019565406968,0.464016989032,73.58270080064523,5775.406201759692,5701.823500959046,63.70280880487913,209.53815071966736
437,17.48,212.230237592818,11.1505971773967,-224.537647218526,-13.6771575856245,439.294445219571,0,0,0,0,-17.7733303772159,-16.4926332864225,-4.05230883812726e-05,0.0001317543328245,2.0902543142451,0.509021610025247,0.461891168736,73.6983642236178,5775.078916009882,5701.380551786264,63.25973782146992,209.52187263766217
438,17.52,212.218342737965,11.1386589444782,-224.51503285259,-13.6773426676808,439.272059313758,0,0,0,0,-17.7735697457329,-16.4830607568345,-4.05273600594375e-05,0.000131730586697,2.09459030740974,0.509023995024393,0.459776327842,73.81369988602678,5774.755240523063,5700.941540637036,62.8217414880387,209.50573927535467
439,17.56,212.206562297265,11.1268570533071,-224.492378019814,-13.6775553857391,439.24963864951,0,0,0,0,-17.7738449541467,-16.4733908543993,-4.05312535273737e-05,0.0001317072797274,2.09864794257056,0.509026702437055,0.457672427058,73.92824998269049,5774.434678403925,5700.506428421235,62.388348455495226,209.48974919620906
440,17.6,212.194866045656,11.1151366232685,-224.469681503377,-13.6777709860171,439.227181911782,0,0,0,0,-17.7741239029106,-16.4636058150483,-4.05352425961596e-05,0.000131684015247,2.10242776710345,0.50902962296934,0.455579410918,74.04124268015123,5774.11640718664,5700.075164506488,61.95883550388531,209.47390053952003
441,17.64,212.183208741648,11.1034159022099,-224.446942398935,-13.6779528218494,439.204688060223,0,0,0,0,-17.7743590795253,-16.453678702928,-4.05388027390215e-05,0.00013166137294,2.10593038946527,0.509032497977381,0.453497234678,74.15149230288483,5773.799195787558,5699.647703484674,61.53216203177292,209.45819163656984
442,17.68,212.171531205045,11.0915878938836,-224.424161371765,-13.6780528483542,439.182157531281,0,0,0,0,-17.7744881970194,-16.4435742240952,-4.05407739226534e-05,0.0001316405493393,2.10915655993516,0.509034904606701,0.451425882481,74.25741407781048,5773.481433831525,5699.224019753714,61.10700014874762,209.44262154649945
443,17.72,212.159771404169,11.0795409729224,-224.401340585373,-13.6780211842347,439.159592200854,0,0,0,0,-17.7744465859092,-16.4332558329307,-4.0541137584881e-05,0.000131621579056,2.11210710853461,0.509036352898528,0.44936535709,74.35732796258071,5773.161433350605,5698.804105388024,60.681992428915706,209.42718997804906
444,17.76,212.147885461406,11.0671983164133,-224.378482380632,-13.67782465479,439.136994180414,0,0,0,0,-17.774191232988,-16.4226997824493,-4.05417805169474e-05,0.0001316025716016,2.11478291092433,0.509036504679413,0.447315649857,74.45005485402072,5772.838000374107,5698.387945520086,60.25622882265245,209.41189638484735
445,17.8,212.135866858153,11.0545533234119,-224.35558783445,-13.6774631221151,439.114364491306,0,0,0,0,-17.7737219542965,-16.4119075339214,-4.05445663428054e-05,0.0001315816402339,2.11718481526927,0.509035378792572,0.445276720785,74.53546347102903,5772.510957521809,5697.97549405078,59.82966282492462,209.396739072783
446,17.84,212.12374880885,11.0416724176152,-224.332656382162,-13.6769699348573,439.091702708254,0,0,0,0,-17.7730819838822,-16.4009054824295,-4.05490994190234e-05,0.0001315591659607,2.11931354503755,0.509033350272855,0.443248509791,74.61453016344974,5772.1812086046575,5697.566678441208,59.403126682767315,209.38171537610057
447,17.88,212.111587860725,11.0286625017428,-224.309686735635,-13.6763956952641,439.069007789882,0,0,0,0,-17.7723369279961,-16.389731714703,-4.05537425690568e-05,0.0001315368085647,2.12116975768584,0.509030931716132,0.441230968963,74.68885932300071,5771.850292351102,5697.161433028102,58.97792457944331,209.3668228817195
448,17.92,212.099442111275,11.015629998343,-224.286678235732,-13.6757889612712,439.046279309935,0,0,0,0,-17.7715497408999,-16.3784214905065,-4.05576726649807e-05,0.000131515407477,2.12275410862802,0.509028539322761,0.439224082972,74.76006660032746,5771.519789674559,5696.759723074232,58.5553350248722,209.35206031307013
449,17.96,212.087357795696,11.002657470645,-224.263631502195,-13.6751862093998,439.023518036646,0,0,0,0,-17.7707677143483,-16.3670013211369,-4.05610453137616e-05,0.000131494811124,2.12406740392279,0.509026406339787,0.437227854906,74.82942276161785,5771.190958698793,5696.361535937175,58.13633152090634,209.33742720555193
450,18.0,212.075366440318,10.9898003463029,-224.240547950248,-13.6746114075594,439.000725451822,0,0,0,0,-17.7700219276149,-16.3554900235314,-4.05647419847389e-05,0.0001314741321022,2.12511067790114,0.509024618894245,0.435242269212,74.89780187516527,5770.864657298939,5695.966855423774,57.721545841706565,209.32292296407738
451,18.04,212.063487632972,10.9770931737529,-224.217428724552,-13.6740795408373,438.977902724608,0,0,0,0,-17.7693318184789,-16.3439012903619,-4.05687850591085e-05,0.0001314533375418,2.12588505644849,0.509023181410684,0.433267268175,74.96577355639673,5770.541418487028,5695.575644930631,57.311346409819066,209.3085462434964
452,18.08,212.051733227335,10.9645571286041,-224.194274007311,-13.6735999427442,438.955050048786,0,0,0,0,-17.7687094980464,-16.3322448224309,-4.05709957019975e-05,0.000131434596095,2.12639159776546,0.50902206556551,0.431302767407,75.03371134108954,5770.221564818039,5695.187853476949,56.90593429244035,209.29429517029928
453,18.12,212.040110461593,10.9522047331114,-224.171083213002,-13.6731778919217,438.932166833405,0,0,0,0,-17.7681618172391,-16.3205260198425,-4.05706894272455e-05,0.0001314185852736,2.12663112612428,0.509021235280905,0.429348697896,75.10185667177089,5769.905293253046,5694.803436581275,56.5054075101721,209.28016810982265
454,18.16,212.028623052308,10.9400411198633,-224.147855769941,-13.6728147584343,438.90925246082,0,0,0,0,-17.7676905552419,-16.3087455451209,-4.05723144111966e-05,0.0001314008523095,2.12660429616962,0.509020653832154,0.427405034234,75.17033241235502,5769.592704924851,5694.422372512497,56.109781641380074,209.26616426346297
455,18.2,212.01727042377,10.9280632190487,-224.124591751628,-13.6725079517157,438.886306908065,0,0,0,0,-17.7672923531072,-16.2969005354385,-4.05789196560716e-05,0.0001313783417765,2.12631183733293,0.509020281173973,0.425471779815,75.23913003327634,5769.283784167589,5694.044654134313,55.718980273383785,209.25228336896592
456,18.24,212.006046009431,10.9162579073754,-224.101291873465,-13.6722507919636,438.863330767485,0,0,0,0,-17.7669585482703,-16.2849859633471,-4.05846178249433e-05,0.0001313569307647,2.12575473119416,0.509020069253607,0.423548921266,75.3080843980637,5768.978352296387,5693.670267898324,55.33280981876224,209.23852492843707
457,18.28,211.994938670718,10.9046053545342,-224.077956990291,-13.6720344832165,438.840324789692,0,0,0,0,-17.7666777336048,-16.2729969061708,-4.05833531103325e-05,0.0001313426643458,2.12493423673606,0.509019967918287,0.421636396232,75.37692808965471,5768.6761062152345,5693.29917812558,54.95099641766057,209.22488763069913
458,18.32,211.983940223172,10.8930919720173,-224.054587616597,-13.6718535659509,438.817289433702,0,0,0,0,-17.7664428282955,-16.2609321982123,-4.05802119195098e-05,0.000131330449604,2.12385163910857,0.509019946513457,0.419734108118,75.44549223416048,5768.37682321366,5692.9313309795,54.5733375637879,209.21136949729424
459,18.36,211.973053249919,10.8817229682467,-224.031183851109,-13.6717106428986,438.79422477568,0,0,0,0,-17.7662572067512,-16.2487968537988,-4.0583430480886e-05,0.0001313120505411,2.12250797178794,0.509020011894562,0.417841976664,75.51390033237777,5768.0805735821,5692.566673249723,54.199849724097795,209.19796857277768
460,18.4,211.962288423956,10.870516478601,-224.007745652458,-13.6716131324102,438.771130730223,0,0,0,0,-17.7661304896333,-16.236598114397,-4.05917724980552e-05,0.0001312887115381,2.12090396743267,0.509020197247975,0.415959976702,75.5824746474381,5767.787647747599,5692.205173100161,53.830701902746675,209.1846836871948
461,18.44,211.951649550518,10.8594776040289,-223.98427313163,-13.6715622172064,438.748007295326,0,0,0,0,-17.7660642134078,-16.224336382544,-4.05979699870845e-05,0.0001312677163635,2.11904024921808,0.509020525727903,0.41408812611,75.65132723042689,5767.498149255872,5691.846822025445,53.46591821496886,209.17151452797904
462,18.48,211.941118148447,10.8485732757448,-223.960766620857,-13.6715431339014,438.724854627461,0,0,0,0,-17.7660392361333,-16.2119988156871,-4.05991854410385e-05,0.000131251921764,2.11691766349802,0.509020978658654,0.412226431507,75.71996191793804,5767.211575208997,5691.4916132910585,53.10509245134467,209.15846084764144
463,18.52,211.930650676484,10.8377292913668,-223.937226558612,-13.6715250461627,438.701672989892,0,0,0,0,-17.7660155694656,-16.1995609498681,-4.05987457540895e-05,0.0001312380153046,2.11453742956689,0.509021489365176,0.410374841751,75.78722349334238,5766.926740788967,5691.139517295625,52.74735891560102,209.14552155835153
464,18.56,211.920192320831,10.8268542572818,-223.91365337098,-13.6714712713193,438.678462705849,0,0,0,0,-17.7659456392616,-16.1869949904788,-4.06001235265756e-05,0.0001312225285048,2.11190097197077,0.509021965239293,0.408533253916,75.85167217852252,5766.642154436368,5690.790482257846,52.39166978571038,209.13269475718164
465,18.6,211.909701379991,10.8158801011633,-223.890047433452,-13.6713554263748,438.655224138655,0,0,0,0,-17.7657952272592,-16.1742817037165,-4.06027214766556e-05,0.000131206055643,2.10900958881231,0.509022330215921,0.406701567798,75.91222645118953,5766.356681395668,5690.444454944478,52.03725450301554,209.11997848784614
466,18.64,211.899170245218,10.8047961878138,-223.866409048484,-13.6711745075149,438.631957613403,0,0,0,0,-17.7655604368399,-16.1614198419185,-4.06041342528598e-05,0.000131190999291,2.10586421375644,0.509022565592576,0.404879738709,75.9687144075463,5766.070114622342,5690.101400214796,51.68399605932077,209.1073714589472
467,18.68,211.888628892989,10.7936542488189,-223.842738378561,-13.67095024142,438.608663264151,0,0,0,0,-17.7652694454509,-16.1484270466329,-4.06048370282942e-05,0.0001311768847928,2.10246551998849,0.509022718088249,0.403067778786,76.02196756752312,5765.783269817876,5689.761302250353,51.3324704504395,209.09487308916763
468,18.72,211.878128397306,10.782540522989,-223.819035403281,-13.6707176755878,438.585340953185,0,0,0,0,-17.7649677055837,-16.1353315319706,-4.06080710833987e-05,0.0001311604714315,2.09881425363881,0.509022866065636,0.401265704531,76.07338866935167,5765.497536776656,5689.424148107304,50.983620165864515,209.08248290282987
469,18.76,211.867715859658,10.7715343442848,-223.795300016054,-13.6705088895879,438.561990421015,0,0,0,0,-17.7646968192828,-16.122160319921,-4.06146133886284e-05,0.0001311409773443,2.09491152789502,0.509023071603904,0.399473478402,76.12429061638396,5765.214197195476,5689.089906579092,50.638288351514674,209.07019975311408
470,18.8,211.857416068373,10.7606779957945,-223.771532240733,-13.6703412928345,438.538611606146,0,0,0,0,-17.7644793629998,-16.1089303019182,-4.06198534650692e-05,0.000131123000147,2.09075882151363,0.509023351277201,0.397690998043,76.17540208651063,5764.9339255991,5688.758523512589,50.296893427925234,209.05802164992951
471,18.84,211.847228209136,10.7499709265505,-223.747732371952,-13.670215185104,438.515204839642,0,0,0,0,-17.764315725016,-16.095644916022,-4.061895789578e-05,0.000131111355402,2.08635765563974,0.509023675985172,0.39591814315,76.22675779572607,5764.656699828889,5688.429942033163,49.959382263524205,209.04594650317196
472,18.88,211.837137312614,10.7393880658882,-223.723900863359,-13.6701205633451,438.49177067343,0,0,0,0,-17.7641929328347,-16.0822974765476,-4.06147709551476e-05,0.0001311031830369,2.0817092503572,0.509023995888544,0.394154837876,76.27798253879914,5764.382112548543,5688.104130009744,49.62544511486117,209.0339731320464
473,18.92,211.827132272762,10.728909738362,-223.700038039237,-13.6700488827329,438.46830945637,0,0,0,0,-17.7640999056265,-16.0688802132529,-4.06156076923201e-05,0.0001310901602669,2.0768144306114,0.509024277277228,0.39240107389,76.32877712776101,5764.109861547184,5687.781084419423,49.294843730881546,209.02210142546295
474,18.96,211.817216589954,10.7185401853507,-223.676143930278,-13.6700007424635,438.444821077345,0,0,0,0,-17.7640374212852,-16.0553919416437,-4.0623003046687e-05,0.0001310707528072,2.07167385488491,0.50902452610809,0.390656875698,76.37923097959386,5763.840042074842,5687.460811095249,48.96760224690057,209.0103315977822
475,19.0,211.807404145113,10.7083013647616,-223.652218449132,-13.6699839577248,438.421305187208,0,0,0,0,-17.7640156157711,-16.0418384784305,-4.06289006499128e-05,0.0001310530216865,2.0662883985573,0.509024780750458,0.388922240742,76.42973193492072,5763.57303185067,5687.14329991575,48.64392813041266,208.99866327704694
476,19.04,211.797707421847,10.6982137154834,-223.628261762199,-13.670006266813,438.397761735376,0,0,0,0,-17.7640445254382,-16.0282276146322,-4.06285898143115e-05,0.0001310416816611,2.06065934920221,0.509025088669246,0.387197106446,76.48065371954847,5763.309170570944,5686.828516851396,48.32400129112344,208.98709521269498
477,19.08,211.788131562757,10.6882860896031,-223.604274459024,-13.6700713530322,438.37419128521,0,0,0,0,-17.7641289276789,-16.0145655972077,-4.0626843019989e-05,0.0001310319614495,2.05478827241647,0.509025496068462,0.385481369995,76.53218488346334,5763.048598172964,5686.516413289501,48.007871587795535,208.97562561824304
478,19.12,211.778677112237,10.6785195102145,-223.580257289675,-13.6701798441584,438.350594735856,0,0,0,0,-17.7642696361233,-16.0008562337587,-4.06283600759843e-05,0.0001310191593379,2.04867664441088,0.509026053064668,0.383774940819,76.58438266379238,5762.791329470447,5686.206946806655,47.69550748799342,208.96425293465958
479,19.16,211.769343921804,10.6689128950975,-223.556210705457,-13.6703309426862,438.32697267485,0,0,0,0,-17.7644656139362,-15.9871001310756,-4.06319791119542e-05,0.0001310044325853,2.04232556089222,0.509026815534271,0.382077780973,76.6372623420246,5762.537360422963,5685.900098080938,47.38686234910574,208.95297645187708
480,19.2,211.760131623337,10.6594637840942,-223.532134712526,-13.6705224713756,438.303325023144,0,0,0,0,-17.7647140323311,-15.9732939410609,-4.06351814722864e-05,0.000130990292667,2.03573575793703,0.509027838608295,0.380389902961,76.69080914813465,5762.28668101343,5685.5958718652955,47.08188195975011,208.9417963445631
481,19.24,211.751038012019,10.6501666138381,-223.508029281448,-13.6707507277775,438.279651407406,0,0,0,0,-17.76501008222,-15.9594320094157,-4.06373737632221e-05,0.0001309773241248,2.02890792670455,0.509029170233448,0.378711331077,76.7449534154155,5762.039231245722,5685.294277830306,46.78048210951109,208.9307129681048
482,19.28,211.742056479421,10.6410094623538,-223.483894955942,-13.6710099827222,438.255951955731,0,0,0,0,-17.7653463258215,-15.9455083368384,-4.06391414508467e-05,0.0001309649333905,2.02184307186866,0.50903084439488,0.377042058621,76.79951992152338,5761.794831295326,5684.995311373802,46.48251056598828,208.9197261533757
483,19.32,211.733172288521,10.6319685592067,-223.459732992824,-13.6712909715858,438.232227693725,0,0,0,0,-17.7657107439756,-15.9315165681194,-4.06411954278784e-05,0.0001309524049901,2.01454262267106,0.509032862999823,0.375382031295,76.85413525920528,5761.553080147448,5684.698944888242,46.18769048036549,208.90883488581736
484,19.36,211.724357513764,10.6229999242975,-223.435544749532,-13.6715776770284,438.208480016027,0,0,0,0,-17.7660825683095,-15.9174458680294,-4.06437026656842e-05,0.0001309395720275,2.00700820314754,0.509035158449292,0.37373116412,76.90808079035502,5761.313217909033,5684.405137118678,45.89554024930255,208.89803764933833
485,19.4,211.715566447986,10.6140316389037,-223.411330817654,-13.6718440002243,438.184709626961,0,0,0,0,-17.7664279656909,-15.9032753568059,-4.0646047748285e-05,0.0001309270546247,1.99924127779189,0.509037545726562,0.37208937629,76.96015206309411,5761.074000824796,5684.113848761702,45.60530416119505,208.88733299956502
486,19.44,211.706735556181,10.6049633515639,-223.387090787586,-13.672052997355,438.160915989559,0,0,0,0,-17.7666990450195,-15.8889710900784,-4.06472172149144e-05,0.0001309158748952,1.99124292232931,0.509039699440329,0.370456620223,77.00864095487908,5760.833700019166,5683.8250590642865,45.31595720411906,208.87672017383775
487,19.48,211.697793887293,10.5956829209434,-223.362824025704,-13.6721629741573,438.137097966211,0,0,0,0,-17.7668417537139,-15.8744916306156,-4.06468342222074e-05,0.0001309064182297,1.98301394737737,0.509041211498669,0.36883288799,77.05161487037407,5760.59038481557,5683.538769945197,45.02637906216355,208.86619924266984
488,19.52,211.688685616354,10.5861027000752,-223.338530835741,-13.6721414490356,438.113255201055,0,0,0,0,-17.7668139783339,-15.8598031855895,-4.06460682841665e-05,0.000130897514875,1.97455524795755,0.509041757009607,0.367218192156,77.08754155640909,5760.342536139257,5683.254994582849,44.73571663595272,208.85577069035912
489,19.56,211.679394331376,10.5761988527629,-223.314212848,-13.6719806194785,438.089388946091,0,0,0,0,-17.7666055993216,-15.844897335237,-4.06467330146985e-05,0.0001308873381496,1.96586810220764,0.509041287819622,0.365612531757,77.11597724573745,5760.089707397284,5682.973730151546,44.44376519261481,208.8454344130632
490,19.6,211.669950555971,10.5660231602757,-223.289872067609,-13.6717019228685,438.065501386173,0,0,0,0,-17.7662444086486,-15.8297963663683,-4.06491703714778e-05,0.0001308755317031,1.95695415909311,0.509040081819756,0.364015863077,77.13778798300973,5759.832729179442,5682.694941196432,44.1510673589105,208.83518910784008
491,19.64,211.66041564482,10.555676384938,-223.265509276811,-13.6713453465312,438.041593883224,0,0,0,0,-17.7657822500537,-15.814541103835,-4.06521558616534e-05,0.0001308633257113,1.9478151620525,0.509038581821642,0.362428094843,77.15470397983229,5759.573271031636,5682.418567051804,43.85863327007868,208.82503254526628
492,19.68,211.650855995684,10.5452661601584,-223.241123245587,-13.6709526160532,438.017665697166,0,0,0,0,-17.7652732177903,-15.7991720549494,-4.06547809507731e-05,0.0001308516405126,1.93845263051866,0.509037177018858,0.360849114863,77.16859435089816,5759.313139728972,5682.144545378073,43.56751999299,208.81496243440424
493,19.72,211.641325905943,10.5348793376604,-223.216711652488,-13.6705562737635,437.993714494534,0,0,0,0,-17.7647594978286,-15.7837183868177,-4.0656905281797e-05,0.0001308406254816,1.92886777135191,0.509036097870106,0.35927883388,77.18098117682477,5759.053812778415,5681.87283160159,43.27856543720049,208.80497713720243
494,19.76,211.63186342527,10.5245754680298,-223.192273116671,-13.6701773288405,437.969738402752,0,0,0,0,-17.7642683264129,-15.7681972331638,-4.06586741727219e-05,0.0001308301359045,1.91906168109368,0.50903542439489,0.357717216467,77.19291747241041,5758.796325564304,5681.603408091894,42.99233340384057,208.7950760057534
495,19.8,211.622493076048,10.5143916284635,-223.167808615037,-13.669827808939,437.945737871561,0,0,0,0,-17.7638153014407,-15.752618576604,-4.06603241091982e-05,0.00013081992949,1.90903562581264,0.509035131646271,0.356164273485,77.20506694461479,5758.54134537467,5681.336278430055,42.7091654676123,208.78525917165905
496,19.84,211.61322935701,10.5043490274046,-223.143320925398,-13.6695143396423,437.921715594646,0,0,0,0,-17.7634090219699,-15.7369902588687,-4.06619876528332e-05,0.0001308098653317,1.89879115213308,0.509035140047962,0.35462001742,77.21782066548418,5758.289266740131,5681.071446074647,42.4292442416032,208.77552676201964
497,19.88,211.604079333628,10.4944580752062,-223.11881241098,-13.6692406997174,437.897674369119,0,0,0,0,-17.7630543975966,-15.7213196091641,-4.06638878780353e-05,0.0001307997108192,1.88832997064902,0.509035362621719,0.353084411866,77.23138908315238,5758.040281921974,5680.808892838822,42.15263952856028,208.76587810848085
498,19.92,211.595044642737,10.4847220341045,-223.094282986606,-13.669009046147,437.873614641385,0,0,0,0,-17.7627542331769,-15.7056126294369,-4.06657233146402e-05,0.0001307897576237,1.87765372797816,0.509035732968722,0.351557354159,77.24586616260267,5757.794435460749,5680.5485692981465,41.87934353488472,208.75631139472816
499,19.96,211.586123422846,10.4751393915708,-223.069730069586,-13.6688198000062,437.849533900868,0,0,0,0,-17.7625090791701,-15.6898716697365,-4.0665813821902e-05,0.0001307816783705,1.86676388986397,0.509036206098311,0.350038706439,77.26126595819574,5757.551676702704,5680.290410744508,41.609298679427,208.74682424278234
500,20.0,211.577312789397,10.465706767935,-223.045150669761,-13.6686718897427,437.825428580966,0,0,0,0,-17.7623175475711,-15.6740957308756,-4.06641361568144e-05,0.000130775493655,1.85566183659028,0.509036746293521,0.348528353022,77.27756612398568,5757.3119271550195,5680.034361031034,41.34243289278707,208.73741458928382
501,20.04,211.568610183684,10.4564201927256,-223.020543921642,-13.6685630559998,437.8012969686,0,0,0,0,-17.7621767081989,-15.6582823392749,-4.06649165275435e-05,0.0001307669793571,1.84434902260301,0.509037320857389,0.347026241551,77.29472522687989,5757.075117191756,5679.780391964877,41.07867680764755,208.7280813981646
502,20.08,211.560011382516,10.4472722546478,-222.995911934504,-13.668489629645,437.777140692017,0,0,0,0,-17.7620818021562,-15.642429367771,-4.06702022274834e-05,0.0001307540919191,1.83282702663486,0.509037900790878,0.345532378654,77.3126324733884,5756.841131894036,5679.528499420648,40.8179364833839,208.7188245178194
503,20.12,211.551505318977,10.4382447953497,-222.971258229744,-13.6684447436487,437.75296349702,0,0,0,0,-17.7620239236679,-15.6265330652046,-4.06746097355865e-05,0.0001307422168858,1.82109740382499,0.509038458118012,0.344046785833,77.33098207589521,5756.609670115737,5679.278688039842,40.56002052266423,208.70964411882002
504,20.16,211.543072969976,10.4293080285052,-222.946585046935,-13.668418289946,437.728768278352,0,0,0,0,-17.7619899633694,-15.6105861735171,-4.0673538155172e-05,0.000130735954703,1.80916153705205,0.509038963803722,0.342569449225,77.34926157105127,5756.380214212184,5679.030952641133,40.30462822745217,208.70054001075627
505,20.2,211.534697548481,10.420436571709,-222.921891716596,-13.66840209463,437.704554787998,0,0,0,0,-17.7619693197031,-15.5945814040217,-4.06706595735593e-05,0.0001307316312345,1.79702063220274,0.509039400009868,0.341100297333,77.3670396279826,5756.15230738497,5678.785267756988,40.05149814768699,208.6915112577135
506,20.24,211.526379261223,10.4116319063396,-222.897175381909,-13.6683971415236,437.680319878316,0,0,0,0,-17.7619632677255,-15.578519210751,-4.06714394288398e-05,0.0001307237775014,1.78467593390303,0.509039780661473,0.339639217776,77.38436821369896,5755.925955259534,5678.541587045835,39.80061656549939,208.6825561566704
507,20.28,211.518138583757,10.4029263994885,-222.872433426805,-13.6684144506006,437.656060061675,0,0,0,0,-17.7619860994854,-15.5624102319123,-4.06751828747916e-05,0.0001307130829123,1.7721289609059,0.509040156022434,0.338186098164,77.40185508120014,5755.701715004106,5678.299859922906,39.5522537195857,208.67367284867098
508,20.32,211.510002341732,10.3943611236753,-222.847665649058,-13.6684674551169,437.631774322232,0,0,0,0,-17.7620552384934,-15.5462690172131,-4.06781667459898e-05,0.0001307032642433,1.7593815008586,0.509040591024685,0.336740864945,77.42026481155848,5755.480316581773,5678.060051770214,39.30675894083732,208.6648600615277
509,20.36,211.501983557478,10.3859548529965,-222.822874531248,-13.6685617484047,437.607464984134,0,0,0,0,-17.7621779411948,-15.5301034051463,-4.06798293361316e-05,0.0001306948774857,1.74643532576408,0.509041133755965,0.335303499838,77.43995811178252,5755.262114348187,5677.822156236405,39.06427817185796,208.65611756183256
510,20.4,211.494069445119,10.3776865783013,-222.798063542965,-13.668689641122,437.583136050905,0,0,0,0,-17.7623442371377,-15.5139077358921,-4.06813427100097e-05,0.0001306867465252,1.73329184983677,0.509041794307762,0.333874027281,77.46057253059048,5755.04676038194,5677.58618785135,38.824598297400364,208.6474458835485
511,20.44,211.486220769155,10.3694955377691,-222.773234900045,-13.6688302770393,437.558790408471,0,0,0,0,-17.7625270767284,-15.4976609285195,-4.0682418667832e-05,0.0001306791573686,1.71995205030691,0.509042539363815,0.332452479764,77.48101977884079,5754.833187030694,5677.352167251853,38.58715129525548,208.63884578506412
512,20.48,211.478380794225,10.3612956364001,-222.748388466118,-13.6689544323837,437.534428056327,0,0,0,0,-17.7626885551569,-15.4813305389232,-4.06828141556852e-05,0.0001306723523314,1.70641677058885,0.50904330121151,0.331038857782,77.49974536528308,5754.619850446643,5677.12010508136,38.35114712202313,208.6303176575188
513,20.52,211.470492296529,10.3530015587942,-222.723522450307,-13.669033402444,437.510046590486,0,0,0,0,-17.7627914397493,-15.4648833509408,-4.06831974109255e-05,0.0001306656630384,1.69268716657354,0.509044001130295,0.329633105621,77.51520278158623,5754.405193490877,5676.88999070929,38.11580977519149,208.6218611102459
514,20.56,211.462518406568,10.3445599618776,-222.698635169392,-13.6690497631278,437.48564337721,0,0,0,0,-17.7628131289281,-15.4482993516364,-4.06837537528392e-05,0.0001306589045738,1.67876497396898,0.509044582776155,0.328235118846,77.52642274803651,5754.188212893227,5676.66179014519,37.88065631042326,208.61347489411932
515,20.6,211.454458501354,10.3359725191387,-222.673726482457,-13.6690052003879,437.461217665061,0,0,0,0,-17.7627558088399,-15.4315818364806,-4.06843960524369e-05,0.0001306521667337,1.6646523153428,0.509045038933191,0.326844782634,77.53343668581108,5753.968891701325,5676.435455015514,37.645699842600486,208.605157231444
516,20.64,211.446348704556,10.3272952792838,-222.64879795402,-13.668919746862,437.436771126154,0,0,0,0,-17.7626454625848,-15.4147557593619,-4.06857036834803e-05,0.0001306448770199,1.65035120801089,0.509045410355565,0.325462019415,77.5372696183948,5753.748212890273,5676.210943271878,37.41143875700284,208.5969065769703
517,20.68,211.438246577806,10.3186145520519,-222.623851849199,-13.6688227714151,437.412306646369,0,0,0,0,-17.762520182483,-15.3978553132532,-4.06878548493804e-05,0.0001306368660773,1.6358632000127,0.509045758624359,0.324086814808,77.53950382490393,5753.527742791859,5675.988238966955,37.17863679381776,208.5887223446448
518,20.72,211.4302102487,10.3100157680013,-222.598889847114,-13.6687421342952,437.387826462108,0,0,0,0,-17.762416104396,-15.3809106011562,-4.06897023840553e-05,0.0001306292867439,1.62118937486809,0.509046138609071,0.322719202874,77.54171231332157,5753.309063138532,5675.76735082521,36.948042367993956,208.58060485508565
519,20.76,211.422280787756,10.3015582762991,-222.57391236692,-13.6686961430844,437.363331021461,0,0,0,0,-17.7623569738236,-15.3639394087204,-4.06910710001252e-05,0.0001306223138074,1.60633071534329,0.509046584653761,0.321359218787,77.54499868006367,5753.093291516013,5675.548292835949,36.72016313567636,208.57255462239036
520,20.8,211.41447237344,10.2932620866225,-222.548918791741,-13.6686901104488,437.338819189007,0,0,0,0,-17.7623496816339,-15.3469456400738,-4.06932404777253e-05,0.0001306146614,1.59128850777046,0.50904710534608,0.320006849575,77.54975258232552,5752.880813740012,5675.331061157686,36.49514997861415,208.56457150538697
521,20.84,211.406771191224,10.2851070150739,-222.523908221335,-13.6687169716959,437.314289369182,0,0,0,0,-17.7623850645923,-15.3299217958477,-4.06950576351426e-05,0.0001306074740391,1.57606451061312,0.509047682766364,0.318662014521,77.55562900315036,5752.671253898076,5675.115624894926,36.27279485703783,208.55665436868694
522,20.88,211.399144868228,10.2770464408697,-222.498880159399,-13.6687620318863,437.289740618643,0,0,0,0,-17.7624440621629,-15.3128540724282,-4.06938772618367e-05,0.0001306033894199,1.56066081029699,0.509048281097887,0.31732458618,77.56179426884317,5752.463731079271,5674.901936810428,36.052659538473485,208.54880147635362
523,20.92,211.391562165562,10.269035822713,-222.473834781745,-13.6688119659379,437.265173090532,0,0,0,0,-17.7625093917731,-15.295731409324,-4.06915537771187e-05,0.0001306005493414,1.54507949336555,0.509048867503266,0.315994436954,77.56744684216795,5752.257395230104,5674.689948387936,35.83433091055402,208.5410110454475
524,20.96,211.384011527345,10.2610592391624,-222.448772812317,-13.6688626842741,437.240587784774,0,0,0,0,-17.7625757493936,-15.278552721712,-4.06930147466452e-05,0.0001305940261889,1.52932243782723,0.509049434002514,0.314671482847,77.57230760150527,5752.051931899035,5674.479624297529,35.61765262918392,208.53328177761796
525,21.0,211.376505459763,10.253135279623,-222.423695227561,-13.6689205813494,437.21598598905,0,0,0,0,-17.7626514289181,-15.2613271629382,-4.06981685775894e-05,0.0001305839131861,1.5133912376399,0.509050001652238,0.313355701375,77.57673279868757,5751.847681396718,5674.27094859803,35.40277195222115,208.52561308703756
526,21.04,211.369067503701,10.2452976875511,-222.398602963076,-13.6689959946213,437.191368773847,0,0,0,0,-17.7627498388564,-15.2440662833249,-4.07012120953353e-05,0.0001305760145806,1.49728720084569,0.509050602292755,0.312047117343,77.58135932909612,5751.645284303264,5674.063924974168,35.1899674359909,208.51800510911747
527,21.08,211.361715331092,10.2375708564626,-222.373496687186,-13.6690955211032,437.166736682918,0,0,0,0,-17.7628795358051,-15.2267756780576,-4.06996506531392e-05,0.0001305728245567,1.48101148288614,0.509051257375876,0.310745766465,77.58665204476395,5751.445221496462,5673.858569451698,34.97943499519928,208.51045843279346
528,21.12,211.354456411703,10.2299643862441,-222.348376683747,-13.6692209320653,437.142089641271,0,0,0,0,-17.7630428176366,-15.2094553932178,-4.06980113830735e-05,0.0001305698147409,1.46456526290631,0.509051974525322,0.309451655555,77.59280446231102,5751.247696239026,5673.654891776715,34.7712393971715,208.50297341622786
529,21.16,211.347293538909,10.2224818217638,-222.323242913664,-13.6693724929764,437.117427123786,0,0,0,0,-17.7632400287593,-15.1921052055005,-4.0699668879277e-05,0.0001305636100314,1.44794996163322,0.509052757654179,0.308164738084,77.59990344905391,5751.0527845425595,5673.452881093505,34.56538751074079,208.49554966048055
530,21.2,211.340229351269,10.2151272863004,-222.298095271191,-13.669551259937,437.092748596097,0,0,0,0,-17.7634725387169,-15.1747277153624,-4.07021375611639e-05,0.0001305566960973,1.43116739165449,0.509053614412279,0.306884916897,77.60805285026647,5750.86055820591,5673.252505355644,34.36188510408269,208.48818598786713
531,21.24,211.333265492627,10.2079038105592,-222.272933900491,-13.6697584639633,437.068054046522,0,0,0,0,-17.7637419431477,-15.1573271555103,-4.07030239326002e-05,0.0001305514650215,1.41421971518755,0.509054556127352,0.305612073692,77.61733858936654,5750.671061960354,5673.053723370987,34.16072616191904,208.48088088460423
532,21.28,211.326400801005,10.2008099821674,-222.247759342753,-13.6699940825163,437.043344244106,0,0,0,0,-17.7640482091499,-15.1399062121299,-4.07033371304877e-05,0.0001305469037582,1.39710916967038,0.509055597360936,0.304346111299,77.6277602855215,5750.484264186856,5672.856503901335,33.96187005561902,208.47363320270912
533,21.32,211.319633741983,10.1938432019217,-222.22257239141,-13.6702575258584,437.018620457329,0,0,0,0,-17.7643905673441,-15.1224658577716,-4.0704215979981e-05,0.0001305418684105,1.37983760307643,0.509056758742901,0.303086986502,77.63928856845112,5750.300123131724,5672.660834563273,33.76527278240954,208.4664424870998
534,21.36,211.312963947089,10.1870017791498,-222.197373786771,-13.6705478220258,436.993883776736,0,0,0,0,-17.7647677508125,-15.1050045628174,-4.07054818174306e-05,0.0001305365327813,1.36240626251183,0.509058067625119,0.301834714454,77.65190420392177,5750.118628768322,5672.4667245644005,33.570904794944624,208.45930907614922
535,21.4,211.306391464163,10.1802841821444,-222.172164039034,-13.6708632434251,436.969134564478,0,0,0,0,-17.7651775106475,-15.0875179852489,-4.0706766534977e-05,0.000130531260948,1.34481602536027,0.509059554653581,0.300589340818,77.66558711116302,5749.939782398445,5672.274195287281,33.3787415554851,208.45223375565217
536,21.44,211.29991446828,10.1736866019165,-222.146943544401,-13.6712010924923,436.944372503257,0,0,0,0,-17.7656163426452,-15.0700008232995,-4.07079450466347e-05,0.0001305261755232,1.32706783761308,0.509061246087624,0.299350896363,77.68027496820912,5749.763534363352,5672.083259395143,33.18873858647684,208.44521699097365
537,21.48,211.293522276046,10.1671934634979,-222.121712851452,-13.6715555512231,436.919597215223,0,0,0,0,-17.7660767001715,-15.0524460842038,-4.07090911603234e-05,0.000130521201266,1.30916320228456,0.509063147463259,0.298119359082,77.69568577504185,5749.5895939530865,5671.8939081780445,33.00075069230753,208.43825846202924
538,21.52,211.287187700383,10.160766836949,-222.096472748717,-13.6719152856598,436.89480889781,0,0,0,0,-17.7665438895271,-15.0348433344234,-4.0710362159813e-05,0.0001305161799408,1.29110430874026,0.509065217238098,0.296894644138,77.71111443519425,5749.417221369574,5671.70610693438,32.814447327766885,208.43135689355844
539,21.56,211.280860540041,10.1543370434807,-222.0712239955,-13.6722608890817,436.870008381142,0,0,0,0,-17.7669927546012,-15.0171749448471,-4.07116275196993e-05,0.0001305112426784,1.27289369203861,0.509067331661357,0.295676625834,77.72524677089044,5749.245050567224,5671.519803796334,32.629243257111376,208.42451037945415
540,21.6,211.274466955343,10.1478011404846,-222.045966893439,-13.6725638247618,436.845196533059,0,0,0,0,-17.7673863035508,-14.9994119802965,-4.07122288959876e-05,0.0001305070513993,1.25453372245486,0.509069259183544,0.294465178662,77.73612107100942,5749.071072266083,5671.334951195074,32.44429628045174,208.41771717159403
541,21.64,211.26792308851,10.1410420353108,-222.020701131289,-13.6727913764719,436.82037356096,0,0,0,0,-17.7676821251946,-14.9815180541964,-4.07115882223858e-05,0.0001305041878451,1.23602618849859,0.509070686539363,0.293260216379,77.74148636933968,5748.893004579758,5671.1515182104185,32.25866951693167,208.41097613368237
542,21.68,211.261160328173,10.1339639101743,-221.995426168183,-13.6729163113696,436.795538897551,0,0,0,0,-17.767844912414,-14.9634594469452,-4.07103115217248e-05,0.0001305020437432,1.21737238100895,0.509071328575359,0.292061711342,77.73948074340527,5748.708980497802,5670.969499754397,32.07161718544353,208.40428707873963
543,21.72,211.254155841657,10.1265357370983,-221.970141958829,-13.6729297924224,436.77069185581,0,0,0,0,-17.7678632057412,-14.9452225713213,-4.07099351080038e-05,0.0001304990750675,1.19857341043987,0.509071086532712,0.290869686888,77.72947516746255,5748.518378711484,5670.788903544021,31.882924317124097,208.39765029036084
544,21.76,211.246944685073,10.1188086128936,-221.944849468954,-13.6728469944652,436.745832535599,0,0,0,0,-17.7677566787761,-14.9268236007979,-4.07110712336957e-05,0.0001304946609688,1.17963050071097,0.509070122861575,0.289684187326,77.7124217623121,5748.32215314617,5670.609731383858,31.693029131089702,208.3910658348626
545,21.8,211.239599706914,10.1108866186687,-221.919550513305,-13.6726985976774,436.720962199228,0,0,0,0,-17.7675651074213,-14.9082986046321,-4.07128984670324e-05,0.0001304896242371,1.16054528847556,0.509068763222039,0.288505238679,77.6903065330866,5748.122286110323,5670.431979577237,31.50277647548333,208.38453357639472
546,21.84,211.232200526394,10.1028830768452,-221.894246935996,-13.6725183654828,436.696082751028,0,0,0,0,-17.7673322627439,-14.889689267178,-4.07146142370998e-05,0.0001304847755141,1.14131976015199,0.509067321591081,0.287332817252,77.66531278562144,5747.92094415311,5670.255631367489,31.313064029975514,208.37805289916096
547,21.88,211.224809444643,10.0948866575202,-221.868939667213,-13.6723332336074,436.671195687943,0,0,0,0,-17.7670930612358,-14.8710301350708,-4.07159603578319e-05,0.0001304803802746,1.12195605710852,0.509065998113318,0.28616684095,77.6391653465457,5747.719822574627,5670.080657228082,31.124576379702006,208.37162271808137
548,21.92,211.217464674752,10.0869520176108,-221.843628318621,-13.6721603346229,436.646301310385,0,0,0,0,-17.7668697100687,-14.852344065318,-4.07168519475431e-05,0.0001304765243877,1.10245633510972,0.50906488097693,0.285007188914,77.61294261141049,5747.519961206041,5669.907018594631,30.937718888982044,208.36524161594087
549,21.96,211.210186707943,10.0791088058111,-221.818311602132,-13.6720092484438,436.621398752707,0,0,0,0,-17.7666746287354,-14.8336443945979,-4.07175053975021e-05,0.0001304729872443,1.08282258737181,0.509063988428623,0.283853741242,77.58724245440584,5747.321917641906,5669.7346751875,30.752697195581366,208.35890811249013
550,22.0,211.202985224248,10.0713707649758,-221.792988285096,-13.6718840102944,436.596486754663,0,0,0,0,-17.7665130521455,-14.8149361635079,-4.07184115130478e-05,0.0001304692720936,1.06305658432333,0.509063302682441,0.28270641904,77.56235166862248,5747.12595528931,5669.563603620687,30.56959559461081,208.35262134830938
551,22.04,211.19586689949,10.0637466620439,-221.767658083593,-13.6717862879814,436.57156460902,0,0,0,0,-17.7663871501877,-14.7962205587252,-4.07196672394379e-05,0.0001304652765611,1.04315983534269,0.509062792440838,0.281565203904,77.5384550244461,5746.932255806646,5669.3938007822,30.388465338811358,208.34638120903506
552,22.08,211.188838236536,10.0562443575372,-221.742322013834,-13.6717168207177,436.54663271355,0,0,0,0,-17.7662978902043,-14.7774972652077,-4.07204328352532e-05,0.0001304618355486,1.02313363775486,0.509062424794449,0.280430127214,77.51571528539719,5746.74099614594,5669.225280860543,30.209355228290583,208.34018821608507
553,22.12,211.181904645844,10.0488698566719,-221.716982099951,-13.6716756330291,436.521692522153,0,0,0,0,-17.7662453108566,-14.7587654380629,-4.07200459521248e-05,0.0001304596081373,1.00297932297279,0.509062170604362,0.279301236158,77.49425804770205,5746.552323533255,5669.058065485553,30.032300808296277,208.3340431643413
554,22.16,211.175070080457,10.0416275575763,-221.691640655835,-13.671662866256,436.496746044972,0,0,0,0,-17.7662296015478,-14.7400260752025,-4.07199947642193e-05,0.0001304571058446,0.982698464805842,0.509062007135428,0.278178554693,77.47418044996085,5746.366345536367,5668.892165086406,29.857322311099512,208.32794643706887
555,22.2,211.168333482907,10.0345154317608,-221.666299466005,-13.6716776407902,436.471795157941,0,0,0,0,-17.7662496241285,-14.7212800043942,-4.07221085537649e-05,0.0001304525007143,0.962293009146627,0.50906191694187,0.277062057328,77.45545892051013,5746.183033380107,5668.727574459597,29.684385800092674,208.3218978430425
556,22.24,211.16168870016,10.0275250744559,-221.640959163932,-13.6717181495847,436.446840939221,0,0,0,0,-17.7663030354922,-14.7025277219269,-4.07242653595773e-05,0.0001304479150182,0.941765200333724,0.509061886261819,0.275951664875,77.43794966576218,5746.002219631892,5668.56426996613,29.513404144606376,208.3158965135451
557,22.28,211.155126978461,10.0206450246851,-221.615619050486,-13.6717822322284,436.421883236489,0,0,0,0,-17.7663870342931,-14.6837692659961,-4.07230292423091e-05,0.0001304467838109,0.921117256176987,0.509061904077454,0.274847261507,77.4214514084221,5745.8236660899165,5668.402214681494,29.34426469342706,208.30994109162592
558,22.32,211.148640745844,10.0138655205297,-221.590277508846,-13.6718679788003,436.396920712961,0,0,0,0,-17.7664991423575,-14.6650038079007,-4.07206164112347e-05,0.0001304468901511,0.900351130328251,0.509061963774662,0.273748726079,77.40579551889356,5745.64716671049,5668.241371191596,29.17686849625224,208.30403020234235
559,22.36,211.142228229241,10.0071847212667,-221.56493295454,-13.6719750674055,436.371951529919,0,0,0,0,-17.7666389420774,-14.6462317968236,-4.0722022750086e-05,0.0001304432373731,0.879468436323741,0.509062064681279,0.272655966934,77.39096558262867,5745.472673245974,5668.081707663346,29.011179845580443,208.29816267584994
560,22.4,211.135888049347,10.0006007699901,-221.53958492646,-13.6721022731903,436.346974479007,0,0,0,0,-17.7668048446487,-14.62745160453,-4.07264692702229e-05,0.0001304366030131,0.858470592423727,0.50906220518384,0.27156894682,77.37693854893193,5745.300148163568,5667.923209614636,28.84716901916153,208.29233797994104
561,22.44,211.129608723453,9.99409711424198,-221.514234711975,-13.6722436555042,436.32198997669,0,0,0,0,-17.7669891444674,-14.6086547340532,-4.07287095457418e-05,0.0001304322322612,0.837359086862987,0.509062371103985,0.270487685448,77.36339323350711,5745.129279002847,5667.7658857693405,28.684704502878137,208.2865564352121
562,22.48,211.123366275619,9.98763959011996,-221.488885058432,-13.6723885081327,436.297000252064,0,0,0,0,-17.7671779549821,-14.5898264691719,-4.07268757649672e-05,0.0001304319930631,0.816135593355743,0.509062533200219,0.269412235526,77.34965307970813,5744.959413345251,5667.609760265543,28.52353128082852,208.28081892872132
563,22.52,211.117135986787,9.98119314003076,-221.463539050666,-13.6725265919717,436.272008489394,0,0,0,0,-17.7673579926959,-14.5709531948942,-4.07244154685455e-05,0.000130432439018,0.794801973439528,0.509062661609246,0.268342642003,77.3350209359475,5744.7898785509515,5667.454857615004,28.363391156375904,208.27512636125934
564,22.56,211.110912654144,9.97475039032633,-221.438198778207,-13.6726563284527,436.247017370477,0,0,0,0,-17.7675272087505,-14.5520343872888,-4.07252200240787e-05,0.0001304296793949,0.77336015516511,0.509062747355383,0.26727890492,77.319352463423,5744.620533044197,5667.301180580775,28.204226675486755,208.2694788343664
565,22.6,211.104718163475,9.96834200687654,-221.412864557356,-13.6727871626302,436.222027876584,0,0,0,0,-17.7676978557959,-14.5330852553084,-4.07286500274017e-05,0.0001304243523297,0.75181203134229,0.509062809461489,0.266220964708,77.30326807767118,5744.45197236753,5667.148704289859,28.046250455396642,208.26387543397675
566,22.64,211.098589395017,9.96201947282084,-221.387535108047,-13.6729340075251,436.197039037768,0,0,0,0,-17.767889278892,-14.5141280178837,-4.07304337787823e-05,0.000130420726169,0.730159502250647,0.509062879980315,0.265168715335,77.28781234119528,5744.2852000833145,5666.997387742119,27.889816801839622,208.25831465336307
567,22.68,211.092559447243,9.9558288714297,-221.362208500083,-13.6731096293141,436.17204870521,0,0,0,0,-17.768118038946,-14.4951812259453,-4.07290146522597e-05,0.0001304203533033,0.708404500036602,0.509062983573883,0.264122035616,77.27392861655062,5744.121116846876,5666.847188230326,27.735233712744378,208.25279492306365
568,22.72,211.086644565173,9.94979275379553,-221.33688330464,-13.6733197263008,436.147054842319,0,0,0,0,-17.768391528896,-14.4762532001831,-4.07278784402725e-05,0.0001304197448381,0.686548964026825,0.509063131952825,0.263080822898,77.26209134415417,5743.960164707725,5666.698073363571,27.58263755541687,208.24731505273456
569,22.76,211.080840987572,9.94390594111276,-221.311559408716,-13.6735621955776,436.122056650752,0,0,0,0,-17.768707021487,-14.4573418151504,-4.07296184628701e-05,0.0001304163075192,0.664594767595925,0.509063332102652,0.262045017128,77.25221613222287,5743.802241317443,5666.55002518522,27.431969116543783,208.24187438248165
570,22.8,211.075125397755,9.93813630980241,-221.286238226846,-13.6738277502259,436.097055065025,0,0,0,0,-17.7690524699604,-14.4384354710889,-4.07322063870023e-05,0.0001304120729413,0.642543638588149,0.509063589137815,0.261014610072,77.2436709128309,5743.646712196714,5666.403041283884,27.28298410041208,208.236472823688
571,22.84,211.069455051896,9.93242509353447,-221.260922323694,-13.6741002293008,436.072052511357,0,0,0,0,-17.7694069091612,-14.4195129182171,-4.07331749290859e-05,0.0001304095120597,0.620397202851264,0.509063894206976,0.259989637953,77.2352792154981,5743.492414226792,5666.257135011294,27.13525824812823,208.23111086702065
572,22.88,211.063772174885,9.92669318464278,-221.235614621538,-13.6743584892653,436.047052101045,0,0,0,0,-17.7697429098262,-14.4005454713635,-4.07328594930927e-05,0.0001304082911268,0.598157099278705,0.509064210835908,0.258970157664,77.22544614439249,5743.337775266856,5666.112329122463,26.988232890380708,208.22578934871098
573,22.92,211.058015712387,9.9208574857387,-221.210317458648,-13.6745808866816,436.022056571978,0,0,0,0,-17.7700323954785,-14.3815030133787,-4.07324778490788e-05,0.0001304071924319,0.575825069277775,0.509064481477309,0.257956211919,77.21248945561406,5743.181133943828,5665.9686444882145,26.84132879046726,208.22050903574754
574,22.96,211.052139519471,9.91485593901906,-221.185031843465,-13.6747519380013,435.997067361918,0,0,0,0,-17.7702552814388,-14.3623638197192,-4.07323664636504e-05,0.0001304058794406,0.553402948784416,0.509064659739297,0.256947796693,77.1951484507389,5743.02123459018,5665.826086139441,26.694118154187503,208.21527011301228
575,23.0,211.046130092989,9.90867164012983,-221.159757246136,-13.6748684904025,435.972084189398,0,0,0,0,-17.7704074778302,-14.3431239544446,-4.07322811786873e-05,0.0001304045964794,0.53089259652858,0.509064744216552,0.255944847545,77.1730762896377,5742.857709766539,5665.684633476902,26.546488093467737,208.21007182349703
576,23.04,211.040012704455,9.90234070723812,-221.134492080023,-13.6749412871628,435.947105364403,0,0,0,0,-17.7705029193501,-14.323799720229,-4.07322485339034e-05,0.0001304033172846,0.508295857510365,0.509064779528713,0.254947253416,77.14700386072677,5742.691247145829,5665.544243285102,26.398690339366926,208.20491257906164
577,23.08,211.033840750753,9.89593700384188,-221.109234680733,-13.6749903123685,435.922128740013,0,0,0,0,-17.7705675273465,-14.3044206934363,-4.0733158503666e-05,0.0001304011511933,0.485614586475793,0.509064821762046,0.253954891073,77.1184329782786,5742.52329973127,5665.404866752991,26.251232013151014,208.19979058593307
578,23.12,211.027676722393,9.88954569881996,-221.083984302875,-13.6750375629897,435.897152889438,0,0,0,0,-17.7706298362776,-14.2850189575964,-4.07354999076004e-05,0.000130397606026,0.462850738362256,0.509064905744868,0.252967662041,77.08910018101055,5742.355567976251,5665.266467795241,26.104692462061745,208.19470451799995
579,23.16,211.021576106826,9.8832414548205,-221.058741645754,-13.6751016609391,435.872177958699,0,0,0,0,-17.7707140049189,-14.2656218446338,-4.07372574401244e-05,0.0001303946914578,0.440006378502389,0.509065042032444,0.251985515243,77.06053205941595,5742.18956177122,5665.129029711804,25.959574676150588,208.18965376154688
580,23.2,211.015576892029,9.87707449987976,-221.03350869797,-13.6751947109863,435.847205801105,0,0,0,0,-17.7708357375471,-14.246247521181,-4.07361853357449e-05,0.0001303946474856,0.417083554098469,0.509065229667424,0.251008449496,77.03375980817398,5742.026314821682,5664.992555013508,25.816211938953998,208.18463840884502
581,23.24,211.009696093565,9.87106640489054,-221.008288054142,-13.675321614922,435.822239357738,0,0,0,0,-17.7710013934657,-14.22690383722,-4.07342850515766e-05,0.0001303954690481,0.394084144706428,0.509065461893135,0.250036500037,77.009231256592,5741.86629014469,5664.8570588880975,25.674741043915034,208.17965901803376
582,23.28,211.00393048141,9.86521156229849,-220.983082070178,-13.6754806093574,435.797281598646,0,0,0,0,-17.7712086853582,-14.2075889122052,-4.07352435058243e-05,0.0001303934687569,0.371009773344726,0.509065722630724,0.249069716012,76.98683972055751,5741.7093998468135,5664.722560126256,25.535113864401083,208.17471627965793
583,23.32,210.998257257253,9.85947841605358,-220.957892210461,-13.6756634569602,435.772334508621,0,0,0,0,-17.7714469268571,-14.188290709384,-4.07382914506598e-05,0.0001303894180189,0.347861914161193,0.509065983225735,0.248108133987,76.9659484931483,5741.555023554412,5664.589075061264,25.397106584531688,208.16981079395455
584,23.36,210.992637999361,9.8538151021663,-220.93271879222,-13.6758568539199,435.747398543334,0,0,0,0,-17.7716988595943,-14.168989176018,-4.07396054893172e-05,0.0001303871442597,0.324642116183087,0.509066205385324,0.247151752927,76.94550575761696,5741.4021157588795,5664.456610001263,25.260358514198142,208.16494279274355
585,23.4,210.987030018194,9.84816480362726,-220.907561164932,-13.6760463706703,435.72247275017,0,0,0,0,-17.7719457644105,-14.1496625632089,-4.07380282836168e-05,0.000130387810331,0.301352148314996,0.509066350776394,0.246200519481,76.92435851526113,5741.249514818664,5664.325156303403,25.124476092979492,208.16011195840605
586,23.44,210.981405763124,9.84249166817483,-220.882418230912,-13.6762231322351,435.697555458096,0,0,0,0,-17.772176127215,-14.1302983018776,-4.07359359548771e-05,0.0001303890463709,0.277994021728946,0.509066395808731,0.245254332807,76.90178359786228,5741.096471042992,5664.19468744513,24.98920689151713,208.15531731625612
587,23.48,210.975767869478,9.83680057937431,-220.857289111014,-13.6763888088868,435.672645210005,0,0,0,0,-17.7723921151536,-14.1109011983957,-4.07361838860347e-05,0.0001303880024139,0.254569869404954,0.509066343863914,0.244313070566,76.87789389653778,5740.943056142763,5664.065162246226,24.85457083474764,208.1505573529487
588,23.52,210.97014419396,9.83112977615744,-220.832173699111,-13.6765534168013,435.647741533715,0,0,0,0,-17.7726067222464,-14.0914893003207,-4.07392967077694e-05,0.0001303841566541,0.231081828210426,0.509066223535929,0.243376625413,76.85348756009843,5740.790028137505,5663.936540577407,24.72080969452791,208.1458305937598
589,23.56,210.964567003421,9.82552258304262,-220.807072883746,-13.676727953635,435.622845257759,0,0,0,0,-17.7728342150987,-14.0720816452278,-4.07424766942085e-05,0.0001303803057691,0.207531998522164,0.50906607142279,0.242444934381,76.82946640884023,5740.638265052952,5663.808798644112,24.588199310367518,208.14113616425536
590,23.6,210.959053514254,9.82000146152721,-220.781988361006,-13.6769178911433,435.597958304877,0,0,0,0,-17.7730816917501,-14.0526877127433,-4.07422875904596e-05,0.0001303798794883,0.183922403422959,0.509065911930157,0.24151798812,76.8063003221489,5740.488235371023,5663.681935048874,24.45687944894959,208.13647401307944
591,23.64,210.953602654124,9.81456404748308,-220.756922153759,-13.6771223534884,435.573083113889,0,0,0,0,-17.7733480160029,-14.0333061810072,-4.07394627717055e-05,0.0001303821310177,0.16025493089571,0.509065749661168,0.240595819062,76.78394427323572,5740.339909911993,5663.555965638758,24.326829410409022,208.13184472260096
592,23.68,210.948207606733,9.80920029252901,-220.731876071359,-13.6773385603518,435.548221945915,0,0,0,0,-17.7736295813545,-14.0139323674351,-4.07385465556487e-05,0.0001303824973276,0.136531238501152,0.509065579007914,0.239678477429,76.76219247887056,5740.193103194948,5663.430910716077,24.19798055332502,208.12724903891618
593,23.72,210.942868741412,9.80390984777784,-220.706851325489,-13.6775660939264,435.523376313049,0,0,0,0,-17.7739258464656,-13.9945650704439,-4.07410862356816e-05,0.0001303794124564,0.112752743110629,0.509065400153172,0.238766005442,76.74104009578258,5740.047825269897,5663.306785174114,24.070327557787863,208.1226875093431
594,23.76,210.937595069623,9.79870406413826,-220.681848405636,-13.6778072808621,435.498546691983,0,0,0,0,-17.7742398307681,-13.9752073544644,-4.07434475512767e-05,0.0001303764982683,0.0889207922013745,0.5090652244894,0.237858415984,76.72072789929473,5739.904321351209,5663.183593451914,23.943937968988475,208.11816029701367
595,23.8,210.932396540041,9.79359577384803,-220.656867201841,-13.6780646335137,435.473732601547,0,0,0,0,-17.7745747940476,-13.9558626719357,-4.07432417173006e-05,0.0001303761426474,0.0650369324820593,0.509065064052035,0.236955678946,76.70153285579673,5739.76286215612,5663.061329300323,23.81888350723735,208.1136671722757
596,23.84,210.927279091521,9.78859290346543,-220.631907300464,-13.6783395416134,435.448933030132,0,0,0,0,-17.7749325391481,-13.9365336586676,-4.0742309564907e-05,0.0001303765186075,0.0411031082826084,0.509064918048108,0.236057719065,76.68363573264038,5739.623609289108,5662.9399735564675,23.695198698131236,208.1092074309066
597,23.88,210.922244472204,9.78369829273879,-220.606968355866,-13.678632540072,435.424147075403,0,0,0,0,-17.7753137587556,-13.9172232213112,-4.0742337332344e-05,0.0001303759645511,0.0171216111896684,0.509064771865651,0.235164429127,76.66711532375872,5739.486610319509,5662.819494995751,23.572881668338812,208.10477992542351
598,23.92,210.917290492685,9.77890970196713,-220.582050421903,-13.6789433273179,435.399374539938,0,0,0,0,-17.775718057944,-13.8979338674124,-4.07428893802069e-05,0.0001303749374347,-0.0069051427725528,0.509064612594415,0.23427569727,76.6519451495741,5739.351805670582,5662.699860521007,23.451897547191056,208.10038343952812
599,23.96,210.912413542737,9.77422281179558,-220.557154123674,-13.6792713557194,435.374616210335,0,0,0,0,-17.7761447216484,-13.8786678354157,-4.07434269022812e-05,0.00013037398078,-0.0309748680584451,0.509064450653149,0.233391438592,76.63805219597886,5739.219097103044,5662.581044907065,23.332201273693776,208.09601704621238
600,24.0,210.907611479732,9.76963474439865,-220.532280600416,-13.6796163559151,435.349873691664,0,0,0,0,-17.7765933950035,-13.8594268497332,-4.07438870462801e-05,0.0001303731468211,-0.0550855558550332,0.509064325623234,0.232511616544,76.62538810036224,5739.088426313018,5662.463038212656,23.213762240022245,208.09168038014147
601,24.04,210.902884958359,9.76514575477327,-220.50743126154,-13.6799784481066,435.325148913232,0,0,0,0,-17.7770642276296,-13.8402117556988,-4.07442501952758e-05,0.0001303724415882,-0.0792354246629262,0.509064286244006,0.231636244259,76.61396465191615,5738.959811115501,5662.345846463585,23.096574893290065,208.08737366275957
602,24.08,210.898236813361,9.76075865292662,-220.482607497716,-13.6803579369461,435.300443595096,0,0,0,0,-17.777557609279,-13.8210225457193,-4.07445873009432e-05,0.0001303717866567,-0.103422865199377,0.50906436408854,0.230765367126,76.60384389017408,5738.833328647776,5662.229484757602,22.98065298039483,208.08309744889885
603,24.12,210.893668607441,9.75647453037217,-220.457810492267,-13.6807543673783,435.275758936714,0,0,0,0,-17.7780729457533,-13.8018573511821,-4.07449797540652e-05,0.0001303710995658,-0.127646405685517,0.509064569807276,0.229899036948,76.59505144604535,5738.709021433159,5662.113969987114,22.86599992375196,208.07885235934376
604,24.16,210.889176614675,9.75228782562476,-220.433041181048,-13.6811656268605,435.251095596958,0,0,0,0,-17.7786074958488,-13.782712009642,-4.07454584619327e-05,0.0001303703507823,-0.151904641639519,0.509064912998794,0.229037288573,76.58747508176523,5738.586788084095,5661.9993130023295,22.752575930568398,208.07463879283213
605,24.2,210.884745587797,9.74817840165063,-220.408300293361,-13.6815863640738,435.226453843581,0,0,0,0,-17.7791543220715,-13.7635780960272,-4.07460669919556e-05,0.0001303694973595,-0.176196137909989,0.509065413441845,0.228180124154,76.5806990751171,5738.466213701341,5661.885514626224,22.640248028863834,208.07045677960775
606,24.24,210.880341001457,9.74410159309298,-220.383588381384,-13.6820059266106,435.201833716359,0,0,0,0,-17.7796996162032,-13.7444399369892,-4.07468189298234e-05,0.0001303685262919,-0.20051919668127,0.509066076912922,0.227327505364,76.57379411750061,5738.346358802273,5661.772564684773,22.528729460194402,208.06630594578215
607,24.28,210.875903551073,9.73998128500126,-220.358905821972,-13.6824070707929,435.177235158837,0,0,0,0,-17.7802210265315,-13.7252729163249,-4.07474482513726e-05,0.0001303677078587,-0.224871720369317,0.509066845904916,0.226479354328,76.56516886757741,5738.2256096270185,5661.660440759441,22.417539992198442,208.0621854674893
608,24.32,210.871350055531,9.73571097426237,-220.334252851589,-13.6827662395893,435.152658172447,0,0,0,0,-17.7806880165954,-13.7060429247482,-4.07473682171194e-05,0.0001303676353956,-0.249251305790975,0.50906757045323,0.225635566079,76.55258776346828,5738.101702702175,5661.549114938707,22.306017319727097,208.05809431899965
609,24.36,210.866591250951,9.73117668156199,-220.309629684103,-13.6830587663173,435.12810301981,0,0,0,0,-17.7810686097331,-13.6867138932139,-4.07463469637686e-05,0.000130368542481,-0.273655466341168,0.509068044232372,0.224796032925,76.53364877904492,5737.97220903385,5661.438560254805,22.193463090392132,208.0540315092662
610,24.4,210.86156394139,9.72629827850662,-220.285036668853,-13.6832680531083,435.103570384844,0,0,0,0,-17.78134128804,-13.6672615075433,-4.07451123315245e-05,0.0001303696943604,-0.298081952067072,0.509068102014599,0.22396067346,76.50665257094015,5737.835408972845,5661.328756401905,22.07939836032887,208.04999629206335
611,24.44,210.856260421503,9.7210672162563,-220.260474386043,-13.6833937569441,435.079061348234,0,0,0,0,-17.7815056061771,-13.6476860443671,-4.07447651082772e-05,0.0001303699796375,-0.32252887962956,0.509067714922025,0.223129452923,76.47140159994643,5737.691092846041,5661.219691246095,21.963790579332983,208.04598822147813
612,24.48,210.850733456071,9.71555268101142,-220.235943627904,-13.6834527503391,435.054577153303,0,0,0,0,-17.7815834378705,-13.6280143886057,-4.07454843158614e-05,0.0001303692141372,-0.346994648753375,0.509067002514467,0.222302384508,76.42933771934872,5737.540696456263,5661.111358736914,21.84708257158495,208.04200707516014
613,24.52,210.845069522591,9.70986655749304,-220.211445314268,-13.6834706363644,435.03011891573,0,0,0,0,-17.7816079747429,-13.6082857783489,-4.07465566431016e-05,0.0001303681127606,-0.371477807467995,0.509066151898701,0.221479512191,76.38280992141553,5737.386572976059,5661.003763054644,21.72997081783082,208.03805300673196
614,24.56,210.839355165594,9.70412007725536,-220.186980434317,-13.6834719677379,435.005687490394,0,0,0,0,-17.7816110451332,-13.5885370599475,-4.07474811179482e-05,0.000130367181136,-0.395976897482941,0.50906532437971,0.220660885604,76.33416220903703,5737.2310774020725,5660.896915193035,21.613138008528978,208.0341264202064
615,24.6,210.833656648179,9.69839796448061,-220.162550042268,-13.6834748394017,434.981283565367,0,0,0,0,-17.7816161042821,-13.5687951833029,-4.0748113454562e-05,0.0001303665674076,-0.42049042258549,0.509064609817666,0.219846538474,76.28518702429358,5737.076012845065,5660.790825820771,21.497096572933323,208.03022770765043
616,24.64,210.828015108189,9.69275251334047,-220.138155232226,-13.6834900115448,434.956907838619,0,0,0,0,-17.7816370992369,-13.5490762960159,-4.07484490335267e-05,0.0001303662776363,-0.445016780364275,0.509064025965499,0.219036475237,76.2369979829333,5736.922498722763,5660.685500739829,21.38215523689094,208.02635708228271
617,24.68,210.822451527077,9.68721033243463,-220.113797004391,-13.6835228706705,434.932561069704,0,0,0,0,-17.7816810123216,-13.5293896566505,-4.0748681290398e-05,0.0001303661215772,-0.469554134348365,0.509063547386985,0.218230664339,76.1901704912135,5736.771105969582,5660.580935478369,21.268462145986756,208.0225143797662
618,24.72,210.816972095795,9.68177932730236,-220.089476044095,-13.6835751330949,434.908243945682,0,0,0,0,-17.7817500695655,-13.5097398149623,-4.07490433538633e-05,0.0001303658660991,-0.494100368145143,0.509063148714537,0.217429037325,76.14488772431164,5736.622003049907,5660.477115325595,21.156049003562384,208.0186990594891
619,24.76,210.811574635642,9.67645701810699,-220.065192568628,-13.6836467225236,434.883956908687,0,0,0,0,-17.7818441757158,-13.4901295228407,-4.07495686416227e-05,0.0001303654739639,-0.518653097802017,0.509062832160974,0.216631496848,76.10111509161838,5736.475130678264,5660.374015586645,21.044882973678085,208.01491021393196
620,24.8,210.806253643599,9.67123690445499,-220.040946398032,-13.683737004386,434.859700141562,0,0,0,0,-17.7819625136585,-13.4705613077026,-4.07499472692525e-05,0.0001303652500809,-0.543209911598084,0.509062611665532,0.215837936292,76.05873300322814,5736.330339109879,5660.27160610665,20.93490711699869,208.01114673492376
621,24.84,210.801003145839,9.66611171782786,-220.016737247208,-13.6838450758133,434.835473751032,0,0,0,0,-17.7821039184851,-13.4510364717163,-4.07499153393491e-05,0.0001303654526399,-0.567768626189307,0.509062476455322,0.215048266469,76.01760332561614,5736.187465788639,5660.1698624630235,20.826062441782266,208.00740772495098
622,24.88,210.795820175553,9.66107773433353,-219.992565073506,-13.6839704905365,434.811278005262,0,0,0,0,-17.7822678174668,-13.431556207959,-4.07498918506352e-05,0.0001303656578109,-0.5923273899347,0.509062383182588,0.214262437598,75.97765930984366,5736.04642998356,5660.068770673716,20.71831520559115,208.00369267018283
623,24.92,210.79070414203,9.6561337856259,-219.968430293842,-13.6841128054588,434.787113455704,0,0,0,0,-17.7824536404874,-13.4121201785096,-4.07503024690806e-05,0.0001303654376211,-0.616884655697712,0.509062286806317,0.213480445862,75.9388841054958,5735.9072156205775,5659.968331515081,20.611651359223018,208.00000159914975
624,24.96,210.785655912827,9.65128022246014,-219.944333816035,-13.6842714090004,434.762980915403,0,0,0,0,-17.7826605968363,-13.39272669438,-4.07503236816104e-05,0.0001303656159815,-0.641438980457896,0.509062174318608,0.212702323235,75.90128976369549,5735.769846307118,5659.8685565434225,20.506069236236147,207.99633493653803
625,25.0,210.780677291624,9.64651849795681,-219.920276958493,-13.6844456481346,434.738881400295,0,0,0,0,-17.7828878410611,-13.3733738870594,-4.07494313916397e-05,0.0001303667194485,-0.665988897337969,0.509062063693575,0.211928118399,75.8649102936587,5735.634371123815,5659.769460830156,20.401575118225374,207.9926932362121
626,25.04,210.77576951993,9.6418493329825,-219.896261330547,-13.684634598155,434.714816115649,0,0,0,0,-17.7831341740948,-13.3540593845457,-4.07494803743972e-05,0.0001303668973405,-0.690532875455438,0.509061975810199,0.211157877626,75.8297642867231,5735.50082385385,5659.6710595671275,20.298170741030468,207.98907705646187
627,25.08,210.770932234271,9.63727160906612,-219.872288660441,-13.6848371556165,434.690786441263,0,0,0,0,-17.7833981646194,-13.3347814195521,-4.07515366268194e-05,0.0001303650885846,-0.715069271805946,0.509061914127434,0.21039162906,75.79583257890802,5735.36919460659,5659.573362027682,20.195845534478547,207.98548673807656
628,25.12,210.76615970809,9.63277760054931,-219.848360522451,-13.6850511703164,434.666793800308,0,0,0,0,-17.7836770230784,-13.3155370035722,-4.07528763340708e-05,0.0001303640210202,-0.739596298692462,0.509061867193166,0.209629369896,75.7629568203041,5735.239327554485,5659.476370734181,20.094548424210007,207.98192237375122
629,25.16,210.761441234247,9.62835356863329,-219.824478004481,-13.6852737195999,434.642839389695,0,0,0,0,-17.7839669575917,-13.29632239006,-4.07513749006776e-05,0.0001303658208746,-0.76411193730511,0.509061823330018,0.208871058038,75.73085247704768,5735.110931341412,5659.380078864364,19.994191141297446,207.97838371277243
630,25.2,210.756769394621,9.62399037739504,-219.800641479537,-13.6855034121875,434.61892390895,0,0,0,0,-17.7842661625897,-13.2771375997405,-4.07493563821789e-05,0.0001303681633882,-0.788613956097447,0.509061779122595,0.208116613753,75.69933675228732,5734.983804110018,5659.284467357731,19.894709122385937,207.9748700546797
631,25.24,210.752147689238,9.61969307758337,-219.776850645379,-13.6857422170687,434.595047474103,0,0,0,0,-17.7845771919454,-13.2579892940497,-4.07497505587116e-05,0.0001303681167172,-0.813100067311889,0.509061735684485,0.207365935167,75.66853407839028,5734.858041100863,5659.189507022473,19.79611655371809,207.97138032669386
632,25.28,210.747586626557,9.61547568971673,-219.753104850013,-13.685994004573,434.571209791426,0,0,0,0,-17.7849050674663,-13.2388877256423,-4.07518895619505e-05,0.0001303663457553,-0.837568121497069,0.509061690456301,0.206618923477,75.63876231658934,5734.73392826368,5659.095165947091,19.69847795145048,207.96791335608893
633,25.32,210.743087146267,9.6113398243385,-219.729403546714,-13.686259629772,434.547410498414,0,0,0,0,-17.7852508992655,-13.2198366279119,-4.0753315245275e-05,0.000130365304591,-0.862016254919546,0.509061632632615,0.205875506769,75.61006947861195,5734.61149116871,5659.001421690098,19.601789774063196,207.9644683181554
634,25.36,210.738627923241,9.60725854727194,-219.705746672797,-13.6865334580256,434.523649506791,0,0,0,0,-17.7856073773414,-13.2008263541261,-4.07532785013498e-05,0.0001303657372455,-0.886442842893365,0.509061543871204,0.205135652428,75.58188266397278,5734.49014952969,5658.908266865717,19.505892872627772,207.9610449414711
635,25.4,210.734168986224,9.60318112739682,-219.68213483744,-13.6868045369385,434.499927233206,0,0,0,0,-17.7859602910774,-13.1818365608755,-4.07526764253413e-05,0.0001303667415081,-0.910846373312445,0.509061400638755,0.204399366121,75.55310840277467,5734.368815673371,5658.815707270596,19.41050171202731,207.95764343905878
636,25.44,210.72967055949,9.59905695351579,-219.658569320427,-13.6870617594831,434.476244685884,0,0,0,0,-17.78629522778,-13.1628458560786,-4.07520209770304e-05,0.0001303678017837,-0.935225337095731,0.509061178742325,0.203666682077,75.52264959134574,5734.246407247118,5658.723757655773,19.315338336026485,207.95426435300917
637,25.48,210.725117210121,9.59486612923854,-219.635051928554,-13.687300402857,434.452603412293,0,0,0,0,-17.7866060590022,-13.1438446644198,-4.07512957308064e-05,0.0001303689327448,-0.959578177556699,0.509060863952209,0.202937649744,75.49007013814929,5734.122504299846,5658.632434161696,19.22029990241709,207.9509082764728
638,25.52,210.720529195665,9.59063373395149,-219.611584736171,-13.6875251128576,434.429005310742,0,0,0,0,-17.7868988128537,-13.1248412241368,-4.07512314625993e-05,0.0001303694025049,-0.983903309063063,0.509060462794223,0.202212318193,75.4559086772409,5733.99765806751,5658.54174939027,19.125532473031356,207.9475756725611
639,25.56,210.715952935613,9.58641772669452,-219.588169732189,-13.6877473872806,434.405452328388,0,0,0,0,-17.7871884079699,-13.1058568864415,-4.07526753776801e-05,0.0001303683624898,-1.00819906799859,0.509060002192086,0.20149071858,75.42142152146029,5733.873131688799,5658.451710167338,19.031358523046322,207.94426679211924
640,25.6,210.711438330852,9.58228045857042,-219.564808445189,-13.6879798034372,434.381946120908,0,0,0,0,-17.7874911637031,-13.0869157542148,-4.07544012397997e-05,0.0001303670379641,-1.03246362788267,0.509059516408083,0.200772848354,75.38796774615037,5733.750283036009,5658.362315289859,18.93811663535448,207.9409815909362
641,25.64,210.707018812369,9.57826367928284,-219.541501668834,-13.6882309778857,434.358487779806,0,0,0,0,-17.7878182599252,-13.0680351373363,-4.07540552548768e-05,0.0001303677832805,-1.05669497590215,0.509059032065582,0.200058664042,75.35646641723599,5733.630021812634,5658.273555395398,18.84602447791197,207.9377197249489
642,25.68,210.702707538062,9.57438392532906,-219.518249398283,-13.6885046968952,434.335077707911,0,0,0,0,-17.7881746093821,-13.049224027017,-4.07520122629431e-05,0.000130370226822,-1.08089098465697,0.509058562870577,0.199348087267,75.32729373207556,5733.512706063315,5658.18541233124,18.755156498947088,207.9344805270573
643,25.72,210.698504942078,9.57064200377493,-219.495051008543,-13.6888017213129,434.311715668159,0,0,0,0,-17.7885611993283,-13.0304863055534,-4.07510888453335e-05,0.0001303715599091,-1.10504958215851,0.509058114489047,0.198641021833,75.30048585040201,5733.398347601792,5658.09786175139,18.66549930975887,207.93126310256267
644,25.76,210.694405332147,9.56703111915371,-219.471905615054,-13.6891211682687,434.288400996316,0,0,0,0,-17.7889768839899,-13.0118225718495,-4.07521054512418e-05,0.000130370976203,-1.12916888442592,0.509057691950375,0.197937374423,75.27591283037385,5733.28679153351,5658.010878703136,18.576998937233725,207.92806653446965
645,25.8,210.690396371045,9.5635360817763,-219.4488125086,-13.6894601586686,434.265132956537,0,0,0,0,-17.7894179270166,-12.9932291509956,-4.07533134046656e-05,0.0001303702413443,-1.15324713351498,0.509057302403563,0.197237071845,75.25325905833498,5733.1777021455055,5657.92444308717,18.48955892566246,207.92489008414236
646,25.84,210.686453430886,9.5601261761265,-219.425771546751,-13.6898123761771,434.241911177688,0,0,0,0,-17.7898761310103,-12.9746951602607,-4.07536675867137e-05,0.0001303704120605,-1.17728269599067,0.509056951038295,0.196540071873,75.23186561600062,5733.070409278863,5657.838543662862,18.40300400516235,207.92173333849522
647,25.88,210.682537465099,9.55675256960712,-219.402783393404,-13.6901677432869,434.218736032182,0,0,0,0,-17.7903384187175,-12.9562020781387,-4.07536807462725e-05,0.000130370975946,-1.20127394249871,0.509056634227681,0.195846367613,75.21067177769787,5732.96385042227,5657.7531786445725,18.3170681324573,207.9185962319072
648,25.92,210.678596790733,9.55335055887444,-219.379849528721,-13.6905130225882,434.195608783168,0,0,0,0,-17.790787614538,-12.9377249676967,-4.0753784999749e-05,0.000130371490867,-1.2252192338882,0.509056335137797,0.195155985045,75.18826275210606,5732.8566192109965,5657.66835645889,18.231407836250053,207.91547907404973
649,25.96,210.674573325805,9.54984744201422,-219.356972017963,-13.6908335069194,434.172531408673,0,0,0,0,-17.7912046391913,-12.9192355057739,-4.07536519306092e-05,0.0001303722694373,-1.24911702687424,0.509056025979358,0.194468972569,75.16304179192595,5732.747135153784,5657.584093361858,18.14564431993738,207.9123824623214
650,26.0,210.670417060749,9.54618066483168,-219.334153118577,-13.6911166724788,434.149506186973,0,0,0,0,-17.7915732489431,-12.9007091243041,-4.07530639247376e-05,0.0001303735150679,-1.27296579347025,0.509055678694751,0.193785383444,75.13362927198796,5732.634037421027,5657.500408149039,18.059458187707268,207.90930708744636
651,26.04,210.666103709453,9.54231993296622,-219.311394862003,-13.6913566116234,434.126535250113,0,0,0,0,-17.7918857819409,-12.8821340487937,-4.075254684063e-05,0.0001303746925809,-1.29676394227713,0.509055278916237,0.193105255966,75.09935091337277,5732.516665153958,5657.417314240584,17.9727027449769,207.90625344260613
652,26.08,210.661646344419,9.53828178662623,-219.288698730304,-13.6915569865405,434.103620274638,0,0,0,0,-17.7921469877221,-12.863517660541,-4.07526051872928e-05,0.0001303752916546,-1.32050971948102,0.509054833099073,0.192428598268,75.06056216693946,5732.395374073475,5657.334811906536,17.885475800671728,207.90322153772453
653,26.12,210.657089833676,9.53412250495032,-219.266065481927,-13.6917295208755,434.080762331528,0,0,0,0,-17.792372071438,-12.8448838055036,-4.07529434000914e-05,0.0001303756044931,-1.34420122787759,0.509054362819386,0.191755382474,75.01849666102756,5732.271385100834,5657.252888439806,17.798077720445917,207.9002109058247
654,26.16,210.652492098474,9.52991450402206,-219.243495129864,-13.6918890980684,434.057961822385,0,0,0,0,-17.7925803386401,-12.8262626591446,-4.07531595119574e-05,0.0001303760318346,-1.36783654244888,0.509053893722497,0.191085548502,74.97474986408267,5732.146274353526,5657.171524489443,17.710885465141065,207.89722083577232
655,26.2,210.647907920442,9.52572614238144,-219.220987074989,-13.6920496275316,434.035218480581,0,0,0,0,-17.792789835299,-12.807682599255,-4.07535809482774e-05,0.0001303762457005,-1.39141381391463,0.509053449526035,0.19041901466,74.9308348287741,5732.021532515605,5657.090697686831,17.624247597359428,207.89425050553584
656,26.24,210.643380512676,9.52161124312919,-219.198540402757,-13.6922218496627,434.012531521967,0,0,0,0,-17.7930144990287,-12.7891659327949,-4.07546251810361e-05,0.0001303758291658,-1.41493128324391,0.50905304672413,0.18975569186,74.88794968054688,5731.8983354753045,5657.010385794758,17.538432002355588,207.89129909791282
657,26.28,210.638939066115,9.5176060763029,-219.176154303525,-13.6924127300893,433.989900023427,0,0,0,0,-17.7932633706795,-12.7707275553581,-4.07555728278095e-05,0.0001303755067471,-1.43838721594031,0.509052685675324,0.189095498964,74.84690838864051,5731.777477558535,5656.930569169895,17.453613180813317,207.88836589102425
658,26.32,210.63459894868,9.51372956228911,-219.153828489811,-13.6926255715078,433.967323447709,0,0,0,0,-17.7935407375413,-12.7523749934249,-4.07549977349039e-05,0.0001303767151397,-1.46177981478975,0.509052348854806,0.188438376719,74.80814239662513,5731.659376947726,5656.851234551101,17.369876192017653,207.88545039753214
659,26.36,210.630364062128,9.50998619085804,-219.131563445929,-13.6928607519092,433.944802069108,0,0,0,0,-17.7938470904318,-12.7341098331593,-4.07532038873417e-05,0.0001303791624127,-1.48510734206241,0.509052014821578,0.187784297051,74.7717626774936,5731.544139815093,5656.7723771375995,17.287233973287243,207.88255244101126
660,26.4,210.626232833276,9.50637348705033,-219.109360420368,-13.6931173083814,433.922337074975,0,0,0,0,-17.7941811799482,-12.7159309038171,-4.07526165633858e-05,0.0001303804293545,-1.50836812086085,0.509051676534771,0.187133264945,74.73772341356768,5731.431723352147,5656.6939999385795,17.205666800955974,207.8796721320472
661,26.44,210.622198962228,9.5028830276593,-219.087221207846,-13.6933931862566,433.899930328671,0,0,0,0,-17.794540339852,-12.6978348865753,-4.07541923573225e-05,0.0001303795575846,-1.53156061849721,0.509051344332167,0.186485312334,74.70584442365279,5731.321956129986,5656.616111706333,17.125127476788588,207.8768097922808
662,26.48,210.618245454162,9.49949318453152,-219.065147848958,-13.6936838679654,433.877583986554,0,0,0,0,-17.7949187087878,-12.6798132629522,-4.0755870648029e-05,0.0001303786020692,-1.55468335973664,0.509051030804035,0.185840485972,74.67565109367794,5731.214375695948,5656.53872460227,17.04550404485889,207.87396586863565
663,26.52,210.614337539942,9.49616050101125,-219.043142345529,-13.6939807933594,433.85530017782,0,0,0,0,-17.7953051801332,-12.661848935492,-4.07559899311529e-05,0.0001303792196762,-1.57773481617681,0.509050733928478,0.185198832644,74.64618360234569,5731.108035933652,5656.4618523313065,16.96657616402753,207.8711408647581
664,26.56,210.610425465877,9.49282324813151,-219.021206406427,-13.6942721696467,433.833080793819,0,0,0,0,-17.7956844509889,-12.6439178349931,-4.07553367729294e-05,0.0001303806215596,-1.60071340700492,0.509050434773223,0.184560384878,74.61607540139173,5731.001582976209,5656.385507574817,16.888033569605746,207.8683352466801
665,26.6,210.606463703674,9.48942521627017,-218.99934121264,-13.6945475961098,433.810927296153,0,0,0,0,-17.7960430246873,-12.6259987200673,-4.07550311003956e-05,0.0001303816876503,-1.62361746216419,0.509050110411878,0.183925149844,74.58408094714552,5730.893777935663,5656.309696988517,16.809595665836863,207.86554925899463
666,26.64,210.602432945073,9.4859428219776,-218.977547247381,-13.6948031241561,433.788840494632,0,0,0,0,-17.7963757773986,-12.6080841970053,-4.07549486292398e-05,0.0001303825436008,-1.64644534031422,0.509049749146969,0.183293103666,74.54967884054994,5730.784095407498,5656.234416566948,16.73114562069245,207.86278275450388
667,26.68,210.598350342836,9.48239757614634,-218.955824292829,-13.6950433454391,433.766820404958,0,0,0,0,-17.7966886675464,-12.5901851025899,-4.0754698451408e-05,0.0001303835825873,-1.66919541074152,0.509049356186726,0.182664192648,74.51335151841934,5730.673002142143,5656.159650623723,16.652789556235494,207.86003515674366
668,26.72,210.594259673904,9.47884374977742,-218.934171656344,-13.6952787854173,433.744866365888,0,0,0,0,-17.7969953529805,-12.5723248904601,-4.07546766483732e-05,0.0001303844099049,-1.69186598053654,0.509048947802856,0.182038341372,74.47631361975384,5730.561689370836,5656.085375751082,16.574792302100686,207.8573056054948
669,26.76,210.590207171276,9.47533847925095,-218.912588559737,-13.6955202046539,433.722977456416,0,0,0,0,-17.7973097961288,-12.5545275295986,-4.07555897982723e-05,0.0001303843182252,-1.71445529620909,0.509048540971559,0.181415465622,74.4398476531947,5730.4514151575595,5656.011567504364,16.49742825045731,207.8545932024324
670,26.8,210.586220422377,9.4719158156884,-218.891074523218,-13.6957738956503,433.701153025557,0,0,0,0,-17.7976401621686,-12.5368075860913,-4.07571512418971e-05,0.0001303835907651,-1.73696151904142,0.509048146397356,0.180795486957,74.40472461457142,5730.342930194384,5655.938205579813,16.4208548712998,207.85189720140727
671,26.84,210.582299077796,9.4685753941318,-218.869629596839,-13.6960397772749,433.679393057778,0,0,0,0,-17.7979863457198,-12.5191662570109,-4.07577910692318e-05,0.0001303837924974,-1.75938286501119,0.509047766050529,0.180178345754,74.37094832633281,5730.236224973351,5655.865276647019,16.345060382576786,207.84921711253585
672,26.88,210.578421831546,9.46529100878765,-218.848254409929,-13.6963130053383,433.657698238026,0,0,0,0,-17.7983420607875,-12.5015943051547,-4.07564215529281e-05,0.000130386006087,-1.78171766967149,0.509047393883402,0.179564010235,74.33794340981062,5730.130719729025,5655.792776319215,16.269909411350316,207.84655277460746
673,26.92,210.574565457795,9.46203398247101,-218.82695010953,-13.6965882265332,433.636069811388,0,0,0,0,-17.7987003611722,-12.4840810443623,-4.07544885592525e-05,0.0001303887816519,-1.80396438238649,0.509047020597979,0.17895247964,74.30507502631012,5730.025782454326,5655.720707428016,16.195259221980404,207.843904291682
674,26.96,210.57072219167,9.45879440479207,-218.805718255179,-13.6968633802214,433.614509422278,0,0,0,0,-17.7990585728207,-12.4666224226067,-4.07546921365297e-05,0.0001303894164031,-1.82612150093817,0.509046641130855,0.178343780528,74.27212372704983,5729.9212018562985,5655.649078129249,16.12106257996484,207.8412719634806
675,27.0,210.566903717528,9.45558604832382,-218.784560666416,-13.697140666662,433.593019002283,0,0,0,0,-17.7994195508987,-12.4492234562413,-4.07570249727263e-05,0.0001303879157064,-1.84818752511397,0.509046258627598,0.177737956721,74.23939769878203,5729.81729588249,5655.5778981837075,16.04738898388139,207.8386561487058
676,27.04,210.563128124146,9.45243039197801,-218.76347918593,-13.6974236957031,433.571600613801,0,0,0,0,-17.7997879797499,-12.4318919918384,-4.07583839208002e-05,0.0001303873815604,-1.8701609776308,0.509045880339405,0.177135055451,74.20737812354155,5729.714556753593,5655.507178630051,15.974344424152477,207.8360572530209
677,27.08,210.559405189187,9.44933869968705,-218.742475378156,-13.6977142825107,433.550256150167,0,0,0,0,-17.8001662146131,-12.4146316503161,-4.07572046738104e-05,0.0001303893789461,-1.89204043973059,0.509045510610818,0.176535113515,74.1763195813624,5729.613250533371,5655.436930952008,15.901983451068816,207.83347569844506
678,27.12,210.555735646956,9.44631134030007,-218.72155027396,-13.6980123804577,433.528986961073,0,0,0,0,-17.8005541952084,-12.3974421549084,-4.07557297137861e-05,0.0001303916689977,-1.91382453230008,0.509045149302812,0.175938146784,74.14623505714663,5729.51339720328,5655.3671621461335,15.8303058636375,207.830911742097
679,27.16,210.552118817293,9.44334718196923,-218.700704287161,-13.6983177001303,433.507793622615,0,0,0,0,-17.800951545843,-12.3803230767273,-4.07560484054821e-05,0.00013039216892,-1.93551183836285,0.509044795508726,0.175344144595,74.11710639956146,5729.414978255224,5655.297871855662,15.759301939480181,207.82836537086578
680,27.2,210.548557354145,9.44044939162355,-218.679937334583,-13.6986307231554,433.48667602026,0,0,0,0,-17.8013588909237,-12.3632761648805,-4.07571015223537e-05,0.0001303919458736,-1.95710082551715,0.509044450432742,0.174753069067,74.08901440601369,5729.318065906778,5655.229051500764,15.688980069228796,207.82583626944853
681,27.24,210.545054641729,9.43762217603656,-218.659249069626,-13.6989521543792,433.465633689698,0,0,0,0,-17.8017771442886,-12.3463040725094,-4.07574049874228e-05,0.000130392490556,-1.97858983549127,0.509044116772249,0.174164859052,74.06206549613088,5729.222752247179,5655.160686751048,15.6193513192312,207.82332391121304
682,27.28,210.541611585777,9.43486680802296,-218.638639100603,-13.6992823028168,433.444666181174,0,0,0,0,-17.8022067059107,-12.3294090003856,-4.07572140777807e-05,0.0001303935509134,-1.99997715162985,0.509043797863796,0.17357943856,74.03630163486287,5729.12906192265,5655.092760287787,15.550411340741224,207.82082765970785
683,27.32,210.538227841143,9.43218311688595,-218.618107136265,-13.6996213940684,433.42377325459,0,0,0,0,-17.8026478673398,-12.3125934693743,-4.07570719604703e-05,0.0001303945834031,-2.02126108284398,0.509043498614905,0.172996728853,74.01173250208105,5729.036985541289,5655.025253039208,15.48214870038574,207.8183468140582
684,27.36,210.534903051307,9.42957084786692,-218.597653094523,-13.699969620341,433.402954918303,0,0,0,0,-17.8031008755885,-12.2958598289285,-4.07570428279253e-05,0.0001303955208614,-2.04243998285562,0.509043226111771,0.172416661684,73.98836478130919,5728.946513401693,5654.958148620383,15.41455255129891,207.8158807721291
685,27.4,210.531638211791,9.427031225225,-218.577277224523,-13.7003272573214,433.38221146841,0,0,0,0,-17.8035660853294,-12.2792100823326,-4.07571542808509e-05,0.0001303963311659,-2.06351222705228,0.509042989333395,0.171839190016,73.9662364830317,5728.857672593395,5654.891436110363,15.347620911959885,207.81342913258308
686,27.44,210.528436308209,9.42456769242091,-218.556980222362,-13.7006947822475,433.361543620398,0,0,0,0,-17.804044112359,-12.2626461932819,-4.07573432466969e-05,0.0001303970721072,-2.08447620279247,0.509042798770607,0.171264293395,73.94543338363133,5728.77054435909,5654.825110975459,15.281364489669322,207.8109917288101
687,27.48,210.525301186362,9.42218450212299,-218.536763254861,-13.7010726976234,433.340952636724,0,0,0,0,-17.8045356042858,-12.2461696797574,-4.07575005255855e-05,0.0001303978476809,-2.10533034682068,0.509042666298972,0.17069197748,73.92605746965019,5728.685233348354,5654.759175878704,15.215799912860966,207.80856865867486
688,27.52,210.52223740674,9.41988663503902,-218.516627830386,-13.7014616655226,433.32044026761,0,0,0,0,-17.8050414159489,-12.2297822339875,-4.07576314551426e-05,0.0001303986483224,-2.12607322260283,0.509042605632831,0.170122269233,73.90822553405796,5728.601863658441,5654.693638124383,15.150948840641279,207.80616019060488
689,27.56,210.519248809559,9.41767808753329,-218.496575556168,-13.7018621704579,433.300008448652,0,0,0,0,-17.8055621727337,-12.2134848204387,-4.07577725198581e-05,0.0001303994349333,-2.14670353971664,0.509042632275757,0.169555209348,73.89203111943444,5728.52053978695,5654.628508667516,15.086829307181304,207.80376672718972
690,27.6,210.516336482031,9.41555948375095,-218.476607898554,-13.7022740146977,433.279658911532,0,0,0,0,-17.806097616172,-12.1972764662586,-4.07579302875296e-05,0.0001304002004997,-2.1672200978248,0.509042761834013,0.168990842494,73.87749128114186,5728.441291318428,5654.563800037286,15.023443941835456,207.80138872886832
691,27.64,210.513495596661,9.41352441240707,-218.456726042675,-13.7026957138213,433.259392940751,0,0,0,0,-17.8066458208033,-12.1811533809977,-4.07581038856441e-05,0.0001304009476737,-2.18762168318285,0.509043005135942,0.168429205742,73.86446451274293,5728.363986890043,5654.499522377299,14.960762422567186,207.79902656841145
692,27.68,210.510708500839,9.4115511929972,-218.436930855375,-13.7031232052165,433.239211368433,0,0,0,0,-17.8072015197723,-12.1651064725028,-4.07583546101943e-05,0.0001304016180911,-2.20790699338121,0.509043358014089,0.167870317084,73.85246485232427,5728.288146149812,5654.4356812974875,14.898683398421843,207.7966804519802
693,27.72,210.50793732349,9.40959417036213,-218.417222888292,-13.7035486515573,433.219114692977,0,0,0,0,-17.8077545542523,-12.1491195708532,-4.07587481442737e-05,0.0001304021491212,-2.22807465643378,0.509043785386152,0.167314167625,73.84046422982318,5728.212738573294,5654.372274343471,14.836995334024827,207.7943502893778
694,27.76,210.505117629636,9.40757612098015,-218.39760237796,-13.7039592626379,433.199103149254,0,0,0,0,-17.8082883454522,-12.1331667235356,-4.07591143011562e-05,0.0001304027142234,-2.24812325599439,0.509044202879831,0.166760720602,73.82671868858107,5728.136010795431,5654.309292106849,14.775343784901352,207.7920357348519
695,27.8,210.502160961153,9.40539125309612,-218.378069268126,-13.7043377173486,433.179176693532,0,0,0,0,-17.8087804407438,-12.1172122961683,-4.07590255275314e-05,0.0001304037449339,-2.26805133346624,0.50904447015817,0.16620991737,73.80883378321207,5728.055555748066,5654.246721964853,14.71324787839632,207.78973632452434
696,27.84,210.498974347382,9.40292859737309,-218.358623309264,-13.7046659707557,433.159335030028,0,0,0,0,-17.8092074487923,-12.1012185269005,-4.07582400150988e-05,0.000130405486729,-2.28785735616424,0.509044419031563,0.165661687401,73.78429288382547,5727.968843570709,5654.184550686884,14.65020876812936,207.78745157217952
697,27.88,210.495493265709,9.4001115064138,-218.339264243178,-13.7049318036555,433.139577806128,0,0,0,0,-17.8095535292166,-12.0851596092552,-4.07571797956088e-05,0.0001304075155891,-2.30753968377078,0.509043923889724,0.165115958682,73.75135333055852,5727.874118513609,5654.12276518305,14.585888346896512,207.78518099677282
698,27.92,210.491712446576,9.39693465214507,-218.31999200604,-13.7051351324863,433.119904932957,0,0,0,0,-17.8098185734256,-12.0690365736226,-4.07566498989243e-05,0.0001304090203092,-2.32709663217968,0.509042976656584,0.164572666855,73.70988893240033,5727.771237184784,5654.061348252383,14.520273055377196,207.7829239661803
699,27.96,210.487688723189,9.3934671784124,-218.300806859476,-13.705288428339,433.100316832592,0,0,0,0,-17.8100187484632,-12.0528783170062,-4.07568953054316e-05,0.0001304097518269,-2.34652657433583,0.509041697897383,0.164031763323,73.66146563943983,5727.661746094543,5654.000280455103,14.45368324737251,207.7806797660032
700,28.0,210.483512661462,9.38981823937792,-218.281709406167,-13.7054106168854,433.080814445136,0,0,0,0,-17.8101785882721,-12.0367274038055,-4.07574766271298e-05,0.00013041014806,-2.36582802145049,0.50904026667787,0.163493222072,73.60856153091459,5727.54810966693,5653.939548136015,14.386614925683402,207.77844789442238
701,28.04,210.479273801175,9.38609514489905,-218.262700518656,-13.7055198477023,433.061399022634,0,0,0,0,-17.8103216196234,-12.0206235976815,-4.07580143129241e-05,0.0001304105874608,-2.38499964046857,0.509038834764108,0.162957043018,73.5536161076367,5727.43276440346,5653.879148295823,14.319551564471693,207.77622824121576
702,28.08,210.475040069184,9.38237879754926,-218.243781248333,-13.7056293782549,433.042071898222,0,0,0,0,-17.8104650267909,-12.0045950336948,-4.07583767187767e-05,0.0001304112014987,-2.40404018847483,0.509037489522949,0.162423249299,73.49847085822998,5727.3175586880325,5653.819087829803,14.252855568531867,207.77402105978
703,28.12,210.470854347499,9.37871984747665,-218.224952754861,-13.7057471329915,433.022834387875,0,0,0,0,-17.8106190811963,-11.9886579213046,-4.07585438073304e-05,0.0001304120117782,-2.42294847310739,0.509036264103784,0.16189187854,73.44428070683875,5727.203659399574,5653.759378692735,14.186752600531477,207.7718267894452
704,28.16,210.466739307658,9.37514472171627,-218.20621623922,-13.7058769797847,433.003687804947,0,0,0,0,-17.8107887965648,-11.9728199516125,-4.07586120015645e-05,0.0001304129208674,-2.44172334947164,0.509035160571511,0.161362971597,73.39165055272872,5727.091683462055,5653.700032909326,14.12135932770429,207.76964587211125
705,28.2,210.462703454989,9.37166294948606,-218.187572841603,-13.7060200915792,432.984633438685,0,0,0,0,-17.8109756937799,-11.9570833841145,-4.07586914054264e-05,0.0001304138154987,-2.46036372140624,0.509034167011273,0.160836563045,73.34080165611545,5726.98186231724,5653.641060661124,14.056716427180564,207.76747868194306
706,28.24,210.458747516254,9.36827487000919,-218.16902350334,-13.706176251216,432.965672400801,0,0,0,0,-17.811179492899,-11.9414477824043,-4.07588263152223e-05,0.0001304146528268,-2.47886852673307,0.509033267265464,0.160312674927,73.29174704243296,5726.874215741329,5653.582468698896,13.992822884904202,207.76532546702677
707,28.28,210.454868594394,9.36497659767649,-218.150568851227,-13.7063445714623,432.946805419407,0,0,0,0,-17.8113990460207,-11.9259113606606,-4.07589853525098e-05,0.0001304154649447,-2.49723664010855,0.509032445436853,0.159791312233,73.24440469717845,5726.768664901332,5653.5242602041535,13.929657846542838,207.7631863442808
708,28.32,210.451062552105,9.36176289974382,-218.13220917497,-13.7065239344012,432.928032761732,0,0,0,0,-17.811632906544,-11.9104719579682,-4.07590748000876e-05,0.0001304163378879,-2.5154667907315,0.509031687596865,0.15927245876,73.19866342134763,5726.665097215474,5653.466433794127,13.86719303125052,207.76106126288923
709,28.36,210.447325260976,9.35862876502629,-218.113944515623,-13.7067133685425,432.909354380115,0,0,0,0,-17.8118798183117,-11.8951284549015,-4.07590198365631e-05,0.0001304173305255,-2.53355756054945,0.509030981937722,0.158756075,73.15441886851059,5726.563400343968,5653.408981475458,13.805399436876387,207.75894992910165
710,28.4,210.443652237533,9.35556892977287,-218.095774809066,-13.7069120655665,432.890770182393,0,0,0,0,-17.812138736764,-11.8798809647107,-4.07588929145501e-05,0.0001304183573821,-2.55150743830625,0.509030318102527,0.158242101437,73.11156248756919,5726.463452285275,5653.351889797706,13.744245592617508,207.75685184862343
711,28.44,210.440038971797,9.35257821637555,-218.07769999954,-13.7071194688538,432.872280223815,0,0,0,0,-17.8124089433343,-11.8647309351157,-4.07588387740816e-05,0.0001304192767543,-2.56931491727872,0.509029686764063,0.157730468152,73.06998844259564,5726.365130316612,5653.295141874016,13.683699871731516,207.7547664008741
712,28.48,210.436481102346,9.34965160213133,-218.059720083175,-13.7073351284842,432.853884711874,0,0,0,0,-17.8126898569346,-11.8496800529656,-4.07586704564151e-05,0.0001304202946645,-2.58697853263134,0.509029079663349,0.157221107146,73.02959404053841,5726.268315757642,5653.2387217171035,13.623731831482209,207.75269299833178
713,28.52,210.432974910482,9.34678473378134,-218.041835117404,-13.7075586159349,432.83558391004,0,0,0,0,-17.8129809233282,-11.8347295055053,-4.07581762768742e-05,0.0001304216438367,-2.60449686055964,0.50902848993779,0.156713962081,72.99029059456717,5726.172907417441,5653.182616822874,13.564315212363185,207.75063118147946
714,28.56,210.429517678003,9.3439743485711,-218.024045263987,-13.7077895255451,432.817378118964,0,0,0,0,-17.8132816172791,-11.8198799133492,-4.07580824321988e-05,0.0001304226092675,-2.62186852642206,0.509027912356816,0.156208993189,72.95201265640506,5726.078831329964,5653.126818673559,13.505430084206559,207.74858063729494
715,28.6,210.426106919741,9.34121736847068,-218.006350885528,-13.7080273706176,432.799267807416,0,0,0,0,-17.8135913078239,-11.8051312407911,-4.07589788524844e-05,0.0001304226027909,-2.63909223238162,0.509027343105618,0.155706179335,72.91469709065304,5725.986019870344,5653.0713227796905,13.447059096573904,207.7465412007933
716,28.64,210.422739441654,9.33850977009295,-217.988752632738,-13.7082714688566,432.781253773156,0,0,0,0,-17.8139091100407,-11.7904826115753,-4.07594556819773e-05,0.0001304230324977,-2.65616681592153,0.509026779125943,0.155205519684,72.87825698258389,5725.8943861242715,5653.016129141688,13.389182827538187,207.74451287198997
717,28.68,210.419411891666,9.33584717626389,-217.971251432034,-13.7085209981183,432.763337145554,0,0,0,0,-17.814233957238,-11.7759320764612,-4.07582000510489e-05,0.0001304252091797,-2.67309125336305,0.509026217896727,0.154707034034,72.84259520907709,5725.803838877114,5652.961243668036,13.331782364067198,207.74249586801776
718,28.72,210.416124418017,9.33322923525941,-217.953848352757,-13.7087756451961,432.745519180711,0,0,0,0,-17.8145654427483,-11.7614783441887,-4.07568202064455e-05,0.0001304275225388,-2.68986460324323,0.509025658557696,0.154210758332,72.8077056198342,5725.714382162686,5652.9066765428515,13.27485730831145,207.740490563136
719,28.76,210.412881901503,9.3306612117754,-217.936544438714,-13.7090358774429,432.727801005884,0,0,0,0,-17.8149041729033,-11.7471219609138,-4.0757412191048e-05,0.0001304278744761,-2.70648593220803,0.50902510264126,0.153716734279,72.7737108152121,5725.626148794212,5652.852437979,13.218431252269013,207.73849733266064
720,28.8,210.409686393149,9.32814511409612,-217.91934061949,-13.7093016243218,432.710183522864,0,0,0,0,-17.8152500563061,-11.7328623851344,-4.07591469309898e-05,0.0001304270926089,-2.72295425769511,0.509024552009072,0.153224997044,72.7406591556531,5725.539194582925,5652.798535427272,13.162513353836816,207.73651645040323
721,28.84,210.406527362809,9.32566814449472,-217.902237729752,-13.7095705652717,432.692667513339,0,0,0,0,-17.8156000816943,-11.7186935723952,-4.07597170837683e-05,0.0001304274841513,-2.73926854802523,0.509024005770488,0.152735567026,72.70825913344405,5725.453232988958,5652.744973855514,13.107049881982597,207.73454809892866
722,28.88,210.403383858812,9.32320524054237,-217.885236545711,-13.7098386109808,432.675253774961,0,0,0,0,-17.815948941846,-11.7046050210293,-4.07586320048612e-05,0.0001304295408276,-2.75542773367505,0.509023460424892,0.152248447744,72.67593736374921,5725.367693888303,5652.691756524553,13.051935584813528,207.73259239807015
723,28.92,210.400241137488,9.32073877101617,-217.868337729966,-13.7101029919209,432.65794308836,0,0,0,0,-17.8162930417216,-11.6905898776082,-4.07574716845349e-05,0.0001304316841212,-2.77143069655552,0.509022913724578,0.151763626559,72.64329228767697,5725.282176085265,5652.638883797588,12.997095889722678,207.73064936117507
724,28.96,210.397106719396,9.31827756299498,-217.851541689523,-13.7103651656546,432.640736011579,0,0,0,0,-17.8166342724284,-11.6766527730397,-4.07574971242442e-05,0.0001304326541646,-2.78727624611789,0.509022368043438,0.151281074212,72.61053386105907,5725.196884224678,5652.586350363619,12.942564644012236,207.72871879306769
725,29.0,210.394009221492,9.31585549449061,-217.834848479157,-13.7106305059971,432.623632712155,0,0,0,0,-17.8169796082221,-11.6628091586402,-4.07581887183978e-05,0.0001304329708329,-2.80296310343535,0.509021829604311,0.150800743797,72.57845256869453,5725.112597013579,5652.534144444884,12.888476468917279,207.72680026092328
726,29.04,210.390980348359,9.31351014839371,-217.818257875454,-13.7109049641445,432.606633039564,0,0,0,0,-17.8173367732121,-11.6490764935313,-4.0758518844759e-05,0.0001304336607366,-2.8184899344049,0.509021304794821,0.150322573788,72.54792717183824,5725.030177177611,5652.482250005773,12.834978074060414,207.724893175444
727,29.08,210.388034715425,9.31125893137635,-217.801769597129,-13.711191427527,432.589736808704,0,0,0,0,-17.8177095154763,-11.6354644856353,-4.07585664826781e-05,0.0001304346421429,-2.83385541482564,0.509020797655365,0.149846497713,72.5193718188407,5724.9500224228295,5652.430650603988,12.782131525856652,207.72299693238662
728,29.12,210.385159831676,9.30908723729823,-217.785383509629,-13.7114879505687,432.572944054575,0,0,0,0,-17.8180953103194,-11.6219701476614,-4.07587793288606e-05,0.000130435462581,-2.84905828665915,0.509020309859825,0.149372456779,72.49245992559925,5724.871792851431,5652.3793329258315,12.729868581538115,207.72111104248168
729,29.16,210.382317540327,9.30695017112933,-217.769099678549,-13.7117880118154,432.556255059563,0,0,0,0,-17.8184856936554,-11.6085780327934,-4.07589035062488e-05,0.000130436369948,-2.86409738572688,0.509019841050739,0.148900408614,72.4661614989172,5724.794450164409,5652.3282886654915,12.678000514963445,207.71923520049626
730,29.2,210.379453800241,9.30478410837183,-217.752918302864,-13.7120822105144,432.539670205248,0,0,0,0,-17.8188684639483,-11.5952642857303,-4.07587281238441e-05,0.0001304375702255,-2.87897163651935,0.50901938855687,0.148430328973,72.43900903832409,5724.716523827526,5652.277514789202,12.626266890258535,207.7173692949415
731,29.24,210.376516036418,9.30252716856569,-217.736839680362,-13.7123613345346,432.523189882748,0,0,0,0,-17.819231664523,-11.5820047842554,-4.07585147652211e-05,0.0001304387998262,-2.89368004460095,0.50901894802191,0.147962209734,72.40957122274766,5724.63658320216,5652.227011979413,12.574418982829863,207.71551335089703
732,29.28,210.373474139192,9.30014391787959,-217.72086429415,-13.7126200890293,432.506814604491,0,0,0,0,-17.8195684233542,-11.5687853304633,-4.07583145663756e-05,0.0001304400077955,-2.90822169596376,0.509018515737295,0.147496058059,72.37702601575539,5724.553808962572,5652.176782946816,12.522318673450108,207.7136674679789
733,29.32,210.370334784653,9.2976421293076,-217.704992931757,-13.7128596112787,432.490545198381,0,0,0,0,-17.8198802166705,-11.5556086437699,-4.07579437815276e-05,0.0001304413784019,-2.92259574713564,0.509018090742497,0.147031896918,72.341551029988,5724.46838277442,5652.126831744432,12.470003785014798,207.7118317951328
734,29.36,210.367138981292,9.29506976609933,-217.689226665548,-13.7130869520391,432.47438283278,0,0,0,0,-17.8201761951445,-11.5424929619341,-4.07575802104087e-05,0.0001304427342521,-2.93680140099555,0.509017674126002,0.146569762265,72.30425613441643,5724.381420535583,5652.077164401167,12.41767301390107,207.71000655391703
735,29.4,210.363943782721,9.29249344035243,-217.673566643998,-13.7133117924367,432.458328778803,0,0,0,0,-17.8204689231188,-11.5294632867717,-4.07578321293911e-05,0.0001304434679352,-2.95083786175166,0.509017266161275,0.146109693753,72.26668611956602,5724.294474753921,5652.027788634356,12.365596962778572,207.70819202793842
736,29.44,210.36080002413,9.28997237082165,-217.658013841801,-13.7135426013199,432.442384096429,0,0,0,0,-17.8207693921162,-11.5165415710692,-4.07588335411709e-05,0.0001304434468567,-2.96470429478717,0.509016864308624,0.145651722456,72.2302175946047,5724.20892872541,5651.978711130806,12.314012777399244,207.7063884629326
737,29.48,210.357737479271,9.28754108896075,-217.642568967123,-13.7137841607281,432.426549518162,0,0,0,0,-17.8210838090779,-11.5037403694866,-4.0759557453718e-05,0.0001304436994937,-2.97839980959657,0.509016462873974,0.145195862908,72.19565718384105,5724.1255926351105,5651.92993545127,12.263055696804317,207.70459598975478
738,29.52,210.354762877023,9.28520715814597,-217.627232560085,-13.7140373152195,432.410825594181,0,0,0,0,-17.8214132703872,-11.4910620684082,-4.0759006907793e-05,0.0001304452240179,-2.99192345726323,0.509016053379686,0.144742112928,72.16318714583181,5724.044649585144,5651.881462439312,12.212751663554162,207.7028146394054
739,29.56,210.35186981915,9.28296278796459,-217.61200511568,-13.7143007388437,432.395212885708,0,0,0,0,-17.8217560550414,-11.4785034358299,-4.07578634539569e-05,0.000130447340099,-3.00527423999735,0.50901562676084,0.144290457386,72.13263389760918,5723.965925470641,5651.833291573032,12.163064941111518,207.701044392705
740,29.6,210.349053132974,9.28080168825523,-217.59688705368,-13.7145734595643,432.379711957964,0,0,0,0,-17.8221109013889,-11.4660625924858,-4.07575975841513e-05,0.0001304485790487,-3.01845111764619,0.509015178297175,0.14384086963,72.1038594829264,5723.889279535865,5651.785420052939,12.11396513078274,207.69928514677417
741,29.64,210.346316267943,9.27872780170233,-217.58187855252,-13.714856150878,432.364323169638,0,0,0,0,-17.822478683677,-11.4537428122037,-4.07581439101173e-05,0.0001304490085804,-3.03145301939504,0.509014711439036,0.143393309437,72.07696517603834,5723.814805645076,5651.737840469038,12.065460945646693,207.6975366293006
742,29.68,210.343666631771,9.27674984500554,-217.56697944331,-13.7151502743316,432.349046504406,0,0,0,0,-17.8228612987998,-11.4415500078814,-4.07583039587336e-05,0.0001304498290896,-3.04427886628102,0.509014235609692,0.142947722743,72.05216472806572,5723.7427053724405,5651.690540644375,12.017578320361881,207.6957983927895
743,29.72,210.341106212271,9.27487026818381,-217.552189318702,-13.7154563989922,432.333881661782,0,0,0,0,-17.8232594846738,-11.429487721365,-4.07579915779586e-05,0.0001304511271343,-3.0569275977329,0.509013759700007,0.142504048262,72.02952658504783,5723.673032809104,5651.643506224056,11.97031789125098,207.69406990970825
744,29.76,210.338626771579,9.27307955007687,-217.537507793446,-13.7157733375943,432.318828352543,0,0,0,0,-17.8236716985929,-11.4175544061171,-4.07579476599983e-05,0.0001304521602726,-3.06939820037866,0.509013288268311,0.142062229417,72.00883951337461,5723.60556379137,5651.596724277995,11.92363435875947,207.6923507048849
745,29.8,210.336210104955,9.271356457996,-217.522934703717,-13.7160981842235,432.303886534899,0,0,0,0,-17.8240941661233,-11.4057433343869,-4.07581917348141e-05,0.000130452905926,-3.08168972573745,0.509012823852953,0.141622224394,71.98961718450711,5723.539802943032,5651.550185758524,11.877439058513247,207.69064044582382
746,29.84,210.333828531814,9.26966864847196,-217.508470115833,-13.7164264129559,432.289056412132,0,0,0,0,-17.8245210102342,-11.3940428710186,-4.07583834158212e-05,0.0001304537009384,-3.09380130307206,0.509012371582766,0.14118400905,71.9711112124347,5723.474997037004,5651.503885824569,11.831603188379058,207.6889389546188
747,29.88,210.331443603003,9.26797124465015,-217.494114230043,-13.7167516971161,432.274338285513,0,0,0,0,-17.8249440190015,-11.3824362199925,-4.07585246691668e-05,0.0001304545405103,-3.10573214212675,0.509011940123116,0.140747574359,71.95227737363122,5723.410099818546,5651.457822444914,11.785952774459448,207.68724615662407
748,29.92,210.329005214382,9.26620583877438,-217.479867363193,-13.7170657641965,432.259732502997,0,0,0,0,-17.8253524595555,-11.3709010866654,-4.07585899392969e-05,0.0001304554490477,-3.11748152157964,0.509011537345196,0.14031292412,71.93175177844495,5723.343747884562,5651.411996106117,11.740265396890125,207.68556206972025
749,29.96,210.326456265052,9.26430587128334,-217.465730065992,-13.7173591412671,432.245239601028,0,0,0,0,-17.8257340455873,-11.3594114357195,-4.07583598529141e-05,0.0001304566461246,-3.12904876722839,0.509011165370236,0.139880075437,71.90797609857047,5723.274387440449,5651.366411341878,11.694291498130841,207.6838868605178
750,30.0,210.323747061043,9.2622133532962,-217.451703230852,-13.717623537089,432.230860475688,0,0,0,0,-17.8260780255416,-11.3479437331261,-4.07577996988354e-05,0.0001304581658573,-3.14043322243385,0.509010821531125,0.139449058568,71.87958880184648,5723.200666244407,5651.321077442561,11.647818282544401,207.68222087043125
751,30.04,210.320855691791,9.25990264449299,-217.437788013263,-13.7178552855835,432.216596346145,0,0,0,0,-17.8263796462861,-11.3364867660163,-4.07572445956983e-05,0.0001304596717354,-3.15163422705094,0.50901050527482,0.139019911453,71.84598307624412,5723.121988079622,5651.276005003378,11.6007586451495,207.68056448882749
752,30.08,210.317799969896,9.25739443364714,-217.423985568238,-13.7180573712635,432.20244847575,0,0,0,0,-17.8266427781369,-11.3250478875535,-4.07570547014251e-05,0.0001304608039114,-3.16265110794051,0.509010222034333,0.138592669179,71.80763698663479,5723.0388376516285,5651.231200664994,11.55320104825347,207.67891795974646
753,30.12,210.314629597602,9.2547465724796,-217.410296794797,-13.7182380484665,432.188417868386,0,0,0,0,-17.8268781246031,-11.313649362856,-4.07571671038031e-05,0.0001304616273897,-3.17348317364494,0.509009977528334,0.138167354082,71.76590173935583,5722.952567427373,5651.186665688017,11.505371493642674,207.67728132951464
754,30.16,210.311405330667,9.25202972138458,-217.396722271465,-13.7184072980128,432.17450517876,0,0,0,0,-17.8270986298198,-11.3023185975211,-4.0757322613718e-05,0.000130462403975,-3.18412970317566,0.509009769958155,0.137743971876,71.72243267733151,5722.864830655237,5651.142397977906,11.45753978789687,207.6756545211591
755,30.2,210.308181378226,9.24930680427878,-217.383262368303,-13.7185739045897,432.16071084684,0,0,0,0,-17.8273156903744,-11.2910800684333,-4.07575303914098e-05,0.0001304631264607,-3.19458993285966,0.509009591863551,0.13732251366,71.67870770981777,5722.77710244092,5651.098394731102,11.409942272138094,207.67403743165093
756,30.24,210.304999003497,9.24662559864885,-217.369917356934,-13.7187444842934,432.147035246075,0,0,0,0,-17.8275378935361,-11.2799527930936,-4.07577897488215e-05,0.0001304637963365,-3.20486305652448,0.509009438900074,0.136902959146,71.63585272339375,5722.690505613772,5651.054652890379,11.36275500270034,207.6724299486391
757,30.28,210.301886405051,9.24401868120285,-217.356687382335,-13.7189235540959,432.133478660279,0,0,0,0,-17.8277711046308,-11.2689504990915,-4.07576741420178e-05,0.0001304648395018,-3.21494824773695,0.509009312960558,0.13648527751,71.59463944688851,5722.605807495996,5651.011168049107,11.316094536245885,207.670831910183
758,30.32,210.298859095168,9.2415039441044,-217.343572348252,-13.7191136327496,432.120041132066,0,0,0,0,-17.8280185952387,-11.2580816069165,-4.07570341127689e-05,0.0001304664014894,-3.22484468860718,0.509009216969135,0.136069426983,71.5554968038829,5722.523430198227,5650.967933394344,11.270020707319784,207.6692430659116
759,30.36,210.29592089102,9.23908579745777,-217.330571885129,-13.7193154130031,432.106722391693,0,0,0,0,-17.8282812656544,-11.2473495737549,-4.07567413541544e-05,0.0001304676007245,-3.2345515846796,0.509009149952932,0.135655356936,71.51853822770293,5722.4434775910095,5650.924939363306,11.224542095185557,207.66766306439908
760,30.4,210.293066656735,9.23675832858678,-217.31768548923,-13.7195281793153,432.093521996694,0,0,0,0,-17.8285581875514,-11.2367538728639,-4.0757283600998e-05,0.000130467934166,-3.24406816353539,0.509009107733035,0.135243014187,71.48363472964036,5722.365809920146,5650.882175190505,11.179628941407207,207.66609151002103
761,30.44,210.290286337568,9.23450992172058,-217.304912742656,-13.7197504295402,432.080439588044,0,0,0,0,-17.8288474117266,-11.226291615644,-4.07574574373512e-05,0.0001304685903978,-3.25339367000107,0.509009085425953,0.134832351234,71.45052235522571,5722.290153582089,5650.839631226863,11.135231350586718,207.6645280481804
762,30.48,210.287570016986,9.23232903847218,-217.292253446816,-13.7199806265586,432.067475051888,0,0,0,0,-17.8291469437921,-11.2159593765842,-4.07563902999246e-05,0.0001304704358379,-3.26252738500438,0.509009077377546,0.134423332548,71.41893741688743,5722.216238734232,5650.797301317345,11.091301251078887,207.66297245268376
763,30.52,210.284914807137,9.23021220596643,-217.279707605144,-13.720218283511,432.054628489826,0,0,0,0,-17.8294561524531,-11.2057564353953,-4.07552431768854e-05,0.0001304723171022,-3.27146865581547,0.509009076440744,0.134015937066,71.38880443765898,5722.143986794121,5650.755182356462,11.047821700459451,207.66142460940657
764,30.56,210.282327770287,9.2281674365284,-217.267275349511,-13.7204644237662,432.041900107036,0,0,0,0,-17.829776366432,-11.1956864306603,-4.07552502292083e-05,0.0001304730201941,-3.28021691074926,0.509009075563832,0.133610157838,71.36031717732065,5722.073589935799,5650.7132727584785,11.004818821096906,207.65988446007412
765,30.6,210.27981785315,9.22620487929802,-217.254956941689,-13.7207202787605,432.029290194301,0,0,0,0,-17.8301091845161,-11.1857533998269,-4.07559899110198e-05,0.0001304729928638,-3.28877163771241,0.509009069949896,0.133206000574,71.333718938536,5722.005291611757,5650.671572673221,10.96232716442956,207.65835201019237
766,30.64,210.27738092678,9.22431950277965,-217.242752865338,-13.7209849538508,432.01679924319,0,0,0,0,-17.8304534458435,-11.1759546770364,-4.07564578659172e-05,0.0001304732631114,-3.29713233864344,0.50900905628155,0.132803481805,71.3088943893344,5721.938979467649,5650.630085078315,10.920326892317128,207.65682736918708
767,30.68,210.274989822138,9.22247961504196,-217.230663893951,-13.721253955476,432.004428056523,0,0,0,0,-17.8308033177422,-11.1662765124288,-4.07563595744098e-05,0.0001304741393944,-3.30529850597332,0.509009028990157,0.132402626292,71.28509817108608,5721.873914196269,5650.5888160251825,10.87870307052292,207.65531075944395
768,30.72,210.272596827147,9.22062983674864,-217.218691021765,-13.7215196853624,431.992177697526,0,0,0,0,-17.8311489372222,-11.1566957190046,-4.07560188868928e-05,0.0001304752992941,-3.31326963357581,0.509008977226105,0.132003463367,71.26102408193032,5721.808797485873,5650.547773403942,10.83725750609909,207.65380247091943
769,30.76,210.27014709891,9.21870662889964,-217.206835270686,-13.7217735346305,431.980049275327,0,0,0,0,-17.8314791296005,-11.1471858154208,-4.07557466053256e-05,0.0001304764233749,-3.32104524391995,0.509008886084031,0.13160602237,71.23517101144579,5721.74213698522,5650.506965973775,10.795765230027358,207.65230282550746
770,30.8,210.267598476385,9.21666118531011,-217.195097497029,-13.7220089305199,431.968043718624,0,0,0,0,-17.8317853637598,-11.1377262207532,-4.07554946337907e-05,0.0001304775471925,-3.32862488783868,0.509008742436474,0.13121032748,71.20638392065942,5721.672785433924,5650.466401513265,10.754056186920486,207.65081210906584
771,30.84,210.264939457432,9.21448019655413,-217.183478305479,-13.7222241161688,431.956161682526,0,0,0,0,-17.8320653599155,-11.1283111181094,-4.07551077491615e-05,0.0001304788160644,-3.33600810567781,0.509008541776386,0.130816392429,71.17434594294215,5721.600429842813,5650.426083899872,10.712087858823049,207.6493304640885
772,30.88,210.262194657455,9.21219211053807,-217.171978065622,-13.7224229761962,431.944403588735,0,0,0,0,-17.8323241599828,-11.1189524081202,-4.07548059566395e-05,0.0001304800055252,-3.34319438654977,0.509008290712176,0.13042421629,71.13972858994978,5721.525740031147,5650.386011441196,10.669965197100979,207.64785782838098
773,30.92,210.259414091672,9.20985468275281,-217.160596945734,-13.72261332803,431.932769682683,0,0,0,0,-17.8325719098022,-11.1096746440229,-4.07550318283824e-05,0.0001304806724931,-3.35018316513293,0.509008003025773,0.130033782162,71.10389929298539,5721.450076982326,5650.346177689341,10.627894235376584,207.64639396498734
774,30.96,210.256653461663,9.20753215549387,-217.149334906394,-13.7228038082623,431.921260020826,0,0,0,0,-17.8328198188777,-11.100505281937,-4.07555978050753e-05,0.0001304810055501,-3.35697386332594,0.509007693325984,0.129645059641,71.06838232388881,5721.374956413549,5650.30657408966,10.58610026522001,207.64493855953017
775,31.0,210.253956984936,9.2052754501758,-217.138191683582,-13.7230012050808,431.909874423423,0,0,0,0,-17.8330766985011,-11.0914661755515,-4.07556250109729e-05,0.000130481884525,-3.36356593215819,0.509007373919471,0.129258009792,71.03438948833143,5721.30158154449,5650.267192056158,10.544758281219647,207.64349129648
776,31.04,210.251348043379,9.20311144529085,-217.127166829391,-13.7232090662981,431.898612493778,0,0,0,0,-17.8333471544282,-11.0825690552471,-4.07550136670592e-05,0.0001304834090712,-3.36995885514443,0.509007055537172,0.128872589807,71.00256497538854,5721.230588628731,5650.2280236533425,10.503956509979233,207.6420518842128
777,31.08,210.248826190802,9.20103961551324,-217.116259826312,-13.7234273405464,431.887473742147,0,0,0,0,-17.8336311204093,-11.0738145138478,-4.07548275805359e-05,0.0001304845138945,-3.37615211923622,0.509006748499781,0.128488755614,70.9729043279252,5721.161965524823,5650.189061196898,10.463686175192482,207.64062004033525
778,31.12,210.246368548838,9.19903371349284,-217.105470213991,-13.7236526915275,431.876457740864,0,0,0,0,-17.8339242659369,-11.0651931725116,-4.07554096456834e-05,0.0001304848535976,-3.3821451957751,0.509006462193088,0.128106463514,70.94479294691305,5721.095089680691,5650.150296733777,10.423848954989857,207.63919547257817
779,31.16,210.243936222128,9.19704915153884,-217.094797656566,-13.7238794800169,431.865564207172,0,0,0,0,-17.8342192709565,-11.0566885565645,-4.07557775084403e-05,0.0001304854074019,-3.38793756373815,0.509006203719132,0.12772567336,70.91717978923971,5721.028902699707,5650.1117229104675,10.384284238037845,207.637777910705
780,31.2,210.241488714872,9.19503951539332,-217.084241944746,-13.7241018485814,431.854792992806,0,0,0,0,-17.8345085320878,-11.0482831532246,-4.07552495596778e-05,0.0001304868534264,-3.39352875623972,0.509005977787385,0.127346353995,70.88896807271921,5720.9623026350255,5650.073334562307,10.34482771470255,207.63636716491789
781,31.24,210.2390036752,9.19297920270267,-217.073802992968,-13.7243165919231,431.844144057388,0,0,0,0,-17.834787888773,-11.0399673296515,-4.07542511041e-05,0.0001304887629838,-3.39891838528677,0.509005787874259,0.126968488478,70.85955240807515,5720.894681261286,5650.035128853211,10.305390062949874,207.6349631309927
782,31.28,210.236488570631,9.19087678726871,-217.063480882679,-13.7245248385782,431.833617504619,0,0,0,0,-17.8350588060079,-11.0317448703181,-4.07537267768269e-05,0.0001304901884452,-3.40410612050642,0.509005635764959,0.126592075553,70.82913716884656,5720.826241780029,5649.997104611182,10.26600198241792,207.63356576585926
783,31.32,210.233973321983,9.18876652116207,-217.053275930003,-13.7247309365934,431.823213667417,0,0,0,0,-17.8353269276875,-11.0236296553083,-4.07542696718154e-05,0.0001304905338938,-3.40909164833594,0.509005518078081,0.126217126364,70.79853632052412,5720.757798378182,5649.959262057658,10.22678296264752,207.63217507765526
784,31.36,210.231488534869,9.18668334184661,-217.043188703755,-13.7249392519665,431.812933148744,0,0,0,0,-17.8355979209031,-11.0156355975074,-4.07553937699256e-05,0.0001304902827893,-3.41387465295318,0.509005423265361,0.125843659075,70.76858069202787,5720.6901838768945,5649.921603184866,10.187853962605155,207.63079113959378
785,31.4,210.229046757524,9.1846413982021,-217.033219948661,-13.7251514414692,431.802776749453,0,0,0,0,-17.8358739361922,-11.0077678405305,-4.07557209167844e-05,0.0001304908118644,-3.41845483344764,0.509005333617386,0.125471695015,70.73960748346514,5720.623739731034,5649.884132247569,10.149263786034219,207.62941410803438
786,31.44,210.226640887514,9.18263227392641,-217.023370449306,-13.725366253196,431.792745316089,0,0,0,0,-17.8361533487421,-11.0000219537967,-4.07545636597772e-05,0.0001304928092815,-3.42283193173786,0.509005231556103,0.125101257412,70.71141719999149,5720.5582726735265,5649.8468554735355,10.11098401963207,207.62804421184336
787,31.48,210.224257825919,9.18064067312815,-217.013640916207,-13.7255815399288,431.782839608927,0,0,0,0,-17.8364333714746,-10.9923903380296,-4.07532091543555e-05,0.0001304949911476,-3.42700573272018,0.509005105243845,0.124732370519,70.68364621993024,5720.493426264603,5649.809780044673,10.072963346269438,207.62668171495096
788,31.52,210.221893640693,9.17866183731994,-217.004031939434,-13.7257965108388,431.773060253646,0,0,0,0,-17.8367129777853,-10.9848698241101,-4.0753375426324e-05,0.0001304956447512,-3.43097603468139,0.509004950656467,0.124365056445,70.65618161267076,5720.4290935078425,5649.772911895172,10.035186557051825,207.6253268354347
789,31.56,210.219556054942,9.17670441515607,-216.994543980519,-13.7260121254155,431.76340774572,0,0,0,0,-17.8369934129326,-10.9774632929003,-4.07545778754229e-05,0.0001304952606685,-3.4347426173288,0.509004770932983,0.123999329616,70.62923040058321,5720.365484559664,5649.736254159081,9.99768324050165,207.62397968846867
790,31.6,210.217254473102,9.17477902403198,-216.98517734299,-13.7262296390081,431.753882431068,0,0,0,0,-17.8372763061757,-10.9701748690731,-4.07548820842407e-05,0.0001304957785119,-3.43830523353872,0.509004574366448,0.12363519161,70.60304784833431,5720.302855327805,5649.699807479471,9.960488218388411,207.62264029768534
791,31.64,210.214991993191,9.17288912537929,-216.975932107851,-13.7264494620759,431.744484437738,0,0,0,0,-17.8375621903328,-10.9630061991124,-4.0753999884509e-05,0.0001304974901556,-3.44166362260726,0.509004371001032,0.123272629329,70.57772007488141,5720.24129011363,5649.663570038749,9.923610710383132,207.6213085962894
792,31.68,210.212767250721,9.17103315521455,-216.96680808872,-13.7266714343396,431.735213618567,0,0,0,0,-17.8378508573433,-10.95595734617,-4.07533655999011e-05,0.0001304989633708,-3.44481752199456,0.509004167349725,0.122911617179,70.55321439316377,5720.180751787528,5649.627537394364,9.887041999517896,207.61998442102006
793,31.72,210.210579981669,9.16921087805228,-216.957804871615,-13.7268956086288,431.72606958386,0,0,0,0,-17.8381423755045,-10.9490292623687,-4.07534880035201e-05,0.000130499690002,-3.44776666626252,0.50900396124242,0.12255212149,70.52953034360614,5720.121233165069,5649.591702821463,9.850777217650716,207.61866752474359
794,31.76,210.208431795088,9.16742421248361,-216.948921938808,-13.7271223089225,431.717051830336,0,0,0,0,-17.8384371649653,-10.9422236904921,-4.07536631071271e-05,0.0001305003735212,-3.45051078128786,0.509003741544082,0.122194104824,70.5067190476766,5720.062778030812,5649.556058983136,9.81481836184377,207.6173576378335
795,31.8,210.206323812937,9.16567449163786,-216.940158800873,-13.727351761785,431.708159883957,0,0,0,0,-17.8387355193406,-10.9355418226831,-4.07536092892735e-05,0.000130501294287,-3.45304958919828,0.509003494723889,0.12183752904,70.48481758056481,5720.005416914821,5649.520599334256,9.77916535133091,207.6160545197608
796,31.84,210.20425662852,9.1639624433438,-216.931515056053,-13.727584123391,431.699393364619,0,0,0,0,-17.8390376407755,-10.9289846737638,-4.07534841511123e-05,0.0001305022929955,-3.4553828273682,0.509003212246584,0.121482357323,70.46384833535559,5719.949165961717,5649.485317626361,9.743816158028597,207.61475794089876
797,31.88,210.202230957544,9.16228893026347,-216.922990369171,-13.7278195646186,431.69075196107,0,0,0,0,-17.8393437501097,-10.9225533320701,-4.07533096684992e-05,0.0001305033458552,-3.45751026394485,0.509002890243982,0.121128555984,70.44383662709178,5719.89404464688,5649.450208019788,9.708769430056822,207.61346768664367
798,31.92,210.200247877539,9.1606552066749,-216.914584439792,-13.7280582812947,431.68223539195,0,0,0,0,-17.8396541000996,-10.9162488360178,-4.07531521022175e-05,0.0001305043847714,-3.45943169936904,0.509002522641515,0.120776096619,70.42481677853665,5719.8400822913945,5649.415265512858,9.67402551603981,207.61218357318728
799,31.96,210.198309220138,9.15906335259144,-216.906297033647,-13.7283005338355,431.673843435029,0,0,0,0,-17.8399690269409,-10.9100722442888,-4.07530854050437e-05,0.0001305053333877,-3.46114696179378,0.50900209821812,0.120424958812,70.40684238321731,5719.787328736534,5649.380486353316,9.639588093166093,207.6109054626367
800,32.0,210.196417743062,9.15751643566083,-216.898128078818,-13.7285466412362,431.665576027455,0,0,0,0,-17.8402889423505,-10.9040244790223,-4.07530510598918e-05,0.0001305062466646,-3.4626559076283,0.509001607349289,0.120075132874,70.38998995811649,5719.735859023709,5649.3458690655925,9.605464867502233,207.6096333007658
801,32.04,210.194577721164,9.15601917780839,-216.890077751997,-13.7287970618555,431.657433357207,0,0,0,0,-17.8406144386391,-10.8981066110543,-4.07529799687466e-05,0.0001305071894981,-3.46395843279853,0.509001050925709,0.119726621389,70.37437470965202,5719.685789477594,5649.311414767942,9.571669802902791,207.60836712866964
802,32.08,210.192794849287,9.15457784186064,-216.882146475288,-13.7290523783764,431.649415861091,0,0,0,0,-17.8409462693836,-10.8923198320192,-4.07528538107276e-05,0.0001305081769093,-3.46505447998605,0.509000438967387,0.119379438141,70.3601478904792,5719.637275062761,5649.277127172281,9.538222574489422,207.60710708275872
803,32.12,210.19107564653,9.15319958360663,-216.874334813681,-13.7293132426466,431.641524119252,0,0,0,0,-17.84128527804,-10.8866654055249,-4.07527029175065e-05,0.0001305091775841,-3.46594403076279,0.508999778575116,0.119033604129,70.34748165595643,5719.590493172928,5649.243011516972,9.50514607839068,207.60585335553918
804,32.16,210.189426595595,9.15189153247264,-216.866643340532,-13.7295803132654,431.63375871692,0,0,0,0,-17.8416323171614,-10.8811447621134,-4.07525755745819e-05,0.0001305101443255,-3.46662708915692,0.508999065875743,0.118689142288,70.33654753771602,5719.545620211402,5649.209072673686,9.472463008595682,207.60460612604172
805,32.2,210.187852088733,9.15065847189843,-216.859072553159,-13.7298539879445,431.626120157938,0,0,0,0,-17.8419879010265,-10.8757586612154,-4.07524914238693e-05,0.0001305110579294,-3.4671036673181,0.508998294117754,0.118346073547,70.32746115625159,5719.50277569742,5649.175314541168,9.440188083612222,207.60336553754254
806,32.24,210.186352519992,9.14950068438071,-216.851622865769,-13.7301341555277,431.618608856908,0,0,0,0,-17.8423518843116,-10.8705064379892,-4.07524414317182e-05,0.0001305119268682,-3.46737378761161,0.508997471160768,0.118004415646,70.32023050006023,5719.461970353575,5649.141739853515,9.408321147468568,207.6021316905179
807,32.28,210.184920797314,9.14840997883225,-216.844294638289,-13.7304197099709,431.611225166741,0,0,0,0,-17.842722832362,-10.8653844064185,-4.07524091688587e-05,0.0001305127686636,-3.46743748977598,0.508996626994108,0.117664183541,70.31466030064763,5719.423011195139,5649.108350894491,9.376834693667815,207.60090466889451
808,32.32,210.183536381707,9.14736292980657,-216.83708817737,-13.730707747835,431.603969377106,0,0,0,0,-17.8430969810828,-10.8603832700673,-4.07524176449624e-05,0.0001305135630717,-3.46729482700758,0.508995804568819,0.11732538867,70.31018930681381,5719.385339327673,5649.075150020859,9.345652613088633,207.59968455928185
809,32.36,210.182158342343,9.1463130892695,-216.830003682736,-13.7309927219804,431.59684165779,0,0,0,0,-17.8434671402807,-10.8554859024964,-4.07525141386543e-05,0.0001305142657439,-3.46694585236712,0.508995048945033,0.116988035649,70.30570273404271,5719.347840966616,5649.042138232573,9.31462583728792,207.5984713984276
810,32.4,210.180718664512,9.14518346166031,-216.823041168397,-13.7312656072727,431.589841978521,0,0,0,0,-17.8438216119011,-10.8506648526214,-4.0752624190697e-05,0.0001305149541161,-3.46639059939719,0.508994409487857,0.116652117902,70.29935076311652,5719.30866533744,5649.009314574324,9.283509158561992,207.5972651512247
811,32.44,210.179124576794,9.14386918626746,-216.816200414834,-13.7315142589885,431.58297006435,0,0,0,0,-17.8441446541734,-10.8458833090524,-4.07524892165575e-05,0.0001305158895146,-3.46562907498157,0.508993947670685,0.116317615482,70.28861197058224,5719.265288001228,5648.976676030646,9.251970937971267,207.59606570685688
812,32.48,210.177277718046,9.14225923888641,-216.809480988893,-13.7317259581048,431.576225426157,0,0,0,0,-17.8444197803078,-10.841102494536,-4.07519025610743e-05,0.0001305172797796,-3.46466126488429,0.508993730286822,0.115984497117,70.27081411269614,5719.21503241495,5648.944218302254,9.219663015278533,207.59487290732835
813,32.52,210.175109190153,9.14027608564358,-216.80288232468,-13.7318920294747,431.569607458664,0,0,0,0,-17.8446357446226,-10.836295659026,-4.07510422981653e-05,0.0001305189466027,-3.4634871423899,0.508993807569828,0.115652725506,70.24408775322141,5719.156023765401,5648.9119360121795,9.186346171520666,207.5936865550391
814,32.56,210.172613329826,9.13791393265816,-216.796403827063,-13.7320123350484,431.563115559279,0,0,0,0,-17.8447923679891,-10.8314628322063,-4.07504088506264e-05,0.0001305203883627,-3.46210668211953,0.508994196922553,0.115322262912,70.20828796042827,5719.088107946641,5648.879819986212,9.152009034865694,207.59250631284317
815,32.6,210.169851162072,9.13524246669761,-216.790044955344,-13.7320955628195,431.556749213537,0,0,0,0,-17.8449009126527,-10.8266315927408,-4.07502701013288e-05,0.0001305213357879,-3.46051987071298,0.508994880544031,0.114993074689,70.16508693354318,5719.01294553369,5648.8478586001465,9.116876774126666,207.59133175355885
816,32.64,210.166920757906,9.13237310379145,-216.783805261393,-13.7321551029383,431.550508018446,0,0,0,0,-17.8449787360564,-10.8218438389186,-4.07504235496613e-05,0.0001305219907034,-3.45872671832196,0.508995809358729,0.114665130549,70.11716380684365,5718.933205174793,5648.81604136795,9.081302475551404,207.59016249183153
817,32.68,210.163918655101,9.12941525943847,-216.777684383922,-13.7322038770265,431.544391656611,0,0,0,0,-17.8450425875135,-10.8171396487531,-4.07506139351811e-05,0.0001305226085349,-3.4567272682101,0.508996910092701,0.114338404923,70.06715252448434,5718.851513796555,5648.784361272071,9.045629280616575,207.588998269771
818,32.72,210.160916238046,9.12644967154714,-216.771682029241,-13.7322512690771,431.538399864818,0,0,0,0,-17.845104630115,-10.812547880622,-4.07507249730006e-05,0.0001305233058353,-3.45452159682235,0.508998096459721,0.114012877719,70.01699872770398,5718.7698138671385,5648.7528151394345,9.010107837279888,207.58783897076887
819,32.76,210.157957165666,9.12352563028922,-216.765797978565,-13.7323029256823,431.532532439624,0,0,0,0,-17.8451721826182,-10.8080860520808,-4.07507005112235e-05,0.0001305241374737,-3.45210981225629,0.508999283776604,0.113688535759,69.96789177868597,5718.6892934064035,5648.721401627718,8.974889175415237,207.58668454549567
820,32.8,210.155063377375,9.12066781758988,-216.760032135401,-13.732361592191,431.526789287377,0,0,0,0,-17.8452488036608,-10.803762759283,-4.07505781391707e-05,0.0001305250608855,-3.44949205474657,0.509000407958331,0.113365374409,69.92042838279902,5718.610549416215,5648.690121033415,8.940047358482207,207.58553500484743
821,32.84,210.152242663898,9.1178848769881,-216.754384580605,-13.7324281135811,431.521170481095,0,0,0,0,-17.8453355892497,-10.7995806344679,-4.07504449832708e-05,0.00013052598321,-3.44666850331393,0.509001443638933,0.11304339858,69.87481831179936,5718.533793892997,5648.658975581197,8.905607021222748,207.58439043057922
822,32.88,210.149495547537,9.1151772135097,-216.748855579641,-13.732502354737,431.515676268405,0,0,0,0,-17.8454323654567,-10.7955392074229,-4.07503581085771e-05,0.0001305268486793,-3.44363938619225,0.509002402213075,0.112722622268,69.83107206609323,5718.45904104931,5648.627968983217,8.871567963556595,207.58325095911016
823,32.92,210.146818594086,9.11254072140576,-216.743445512324,-13.7325836179434,431.510307002948,0,0,0,0,-17.8455382290102,-10.791635892644,-4.07503069418917e-05,0.0001305276747852,-3.44040497649261,0.509003304774744,0.112403065922,69.78909074983716,5718.386197435651,5648.597106685815,8.837916701840511,207.5821167905896
824,32.96,210.144207027461,9.1099697935516,-216.738154753301,-13.7326710415259,431.505063028736,0,0,0,0,-17.8456520641435,-10.7878675632231,-4.07502229753501e-05,0.000130528530403,-3.43696557246951,0.509004157187512,0.112084751892,69.74873892911705,5718.315133088154,5648.5663941590365,8.804635481042068,207.580988126038
825,33.0,210.141655721901,9.1074584779744,-216.732983573143,-13.7327637684104,431.49994458548,0,0,0,0,-17.8457727612482,-10.784231258731,-4.07500711586534e-05,0.0001305294441965,-3.43332147648387,0.509004951733742,0.111767699599,69.70987288948012,5718.245708527757,5648.535835638278,8.771705474658415,207.57986512110327
826,33.04,210.13915945829,9.10500077469058,-216.72793211503,-13.7328609882066,431.494951786836,0,0,0,0,-17.8458992712577,-10.780724382056,-4.07498828834657e-05,0.0001305303813244,-3.4294729816478,0.509005685747564,0.111451922684,69.6723479880335,5718.17778173508,5648.5054337470465,8.739107471405282,207.57874787219754
827,33.08,210.136713992902,9.10259184469961,-216.723000439178,-13.7329620755008,431.490084662881,0,0,0,0,-17.8460307850402,-10.777345209521,-4.07496963548398e-05,0.0001305313065926,-3.42542037833884,0.509006369203688,0.111137429142,69.63604780069136,5718.111237232458,5648.475189431767,8.706825534016811,207.5776364141013
828,33.12,210.134315884313,9.10022775314347,-216.718188571035,-13.7330665030791,431.485343205284,0,0,0,0,-17.8461666205949,-10.7740921639296,-4.07495073935392e-05,0.0001305322285456,-3.42116396493138,0.509007013176314,0.11082422302,69.60087775542588,5718.045981373973,5648.445103618546,8.674846299741894,207.57653078084837
829,33.16,210.13196282471,9.0979058351649,-216.713496491835,-13.733173875936,431.480727357316,0,0,0,0,-17.8463062671584,-10.7709638902674,-4.07493365314091e-05,0.0001305331289382,-3.41670404988208,0.509007618520685,0.110512304976,69.56677400914148,5717.9819513608345,5648.415177351693,8.64316008923235,207.57543101081632
830,33.2,210.129653237376,9.09562425832502,-216.708924069636,-13.7332838991692,431.476236947856,0,0,0,0,-17.8464493435333,-10.7679592388646,-4.07492358858343e-05,0.0001305339568806,-3.41204094491173,0.509008180203551,0.110201670301,69.53369318905082,5717.919104288389,5648.385411099338,8.61175940195663,207.57433712120866
831,33.24,210.127385286159,9.0933809379289,-216.704470990132,-13.73339628788,431.471871626242,0,0,0,0,-17.84659548105,-10.7650771895808,-4.07490638173882e-05,0.0001305348553753,-3.40717494822967,0.509008699381658,0.109892305771,69.50158651351835,5717.857390192394,5648.355803678875,8.58063540651543,207.57324906856547
832,33.28,210.125156887399,9.09117359707824,-216.700136752781,-13.733510816817,431.467630859919,0,0,0,0,-17.8467443882067,-10.7623174075971,-4.07486694795977e-05,0.0001305359762162,-3.40210633658641,0.509009186637947,0.109584188194,69.47040137207765,5717.796752373572,5648.326351001495,8.5497780216072,207.57216670262568
833,33.32,210.12296537843,9.08899936623991,-216.695920745027,-13.7336272489113,431.463514006128,0,0,0,0,-17.8468957578573,-10.7596798407348,-4.07484669582046e-05,0.0001305369049768,-3.39683536605795,0.50900965414025,0.109277286327,69.44007140136202,5717.737118377095,5648.297046975733,8.519174877446464,207.5710897995322
834,33.36,210.120807885764,9.08685517314347,-216.691822347248,-13.7337453522276,431.459520412096,0,0,0,0,-17.8470492893343,-10.7571646784883,-4.07487718000648e-05,0.0001305373247007,-3.3913622814763,0.509010108891539,0.108971565251,69.4105254720747,5717.678410011368,5648.267884539294,8.4888128264022,207.57001809975037
835,33.4,210.11868117298,9.08473753175121,-216.687841006273,-13.7338648375297,431.455649485031,0,0,0,0,-17.8472046075209,-10.7547718230299,-4.07487591615974e-05,0.0001305380583471,-3.38568733655625,0.509010554364392,0.108666990913,69.38168212656109,5717.620539208891,5648.2388570823305,8.458677670760158,207.56895136037284
836,33.44,210.11658196968,9.08264287725398,-216.68397625184,-13.733985364425,431.451900708692,0,0,0,0,-17.8473612706812,-10.7525006290324,-4.07478341338511e-05,0.0001305396989213,-3.37981081185871,0.509010994931381,0.108363533219,69.35345742481313,5717.563416977603,5648.20995955279,8.428755403688683,207.56788939574005
837,33.48,210.114509462512,9.08057039344871,-216.68022767764,-13.7341068810501,431.448273627753,0,0,0,0,-17.847519211526,-10.7503514236643,-4.07470984512111e-05,0.0001305411434804,-3.37373302980565,0.50901143481169,0.108061167583,69.32583343645244,5717.507021185066,5648.181187748613,8.399040643299665,207.56683205142926
838,33.52,210.112464506095,9.07852113320975,-216.676594924825,-13.7342295372564,431.444767834966,0,0,0,0,-17.8476786245959,-10.7483252447083,-4.074756156325e-05,0.0001305413825356,-3.36745435615234,0.509011871865955,0.107759875523,69.29883694633786,5717.451375086651,5648.152538140313,8.36953398347032,207.5657791977341
839,33.56,210.110443847312,9.07649151605957,-216.673077687827,-13.7343529587619,431.441382977841,0,0,0,0,-17.847839024212,-10.7464208993868,-4.07483525786318e-05,0.0001305412875407,-3.36097518757317,0.509012294451585,0.107459644617,69.27238165470534,5717.396390160532,5648.124008505827,8.34022290363949,207.56473075299533
840,33.6,210.108436809293,9.07446958364949,-216.669675736691,-13.7344758160124,431.438118778347,0,0,0,0,-17.847998684599,-10.7446330124165,-4.07481310298697e-05,0.0001305421990949,-3.35429594270349,0.509012686960748,0.107160468085,69.24617718134202,5717.341775874281,5648.095598692938,8.31107102071719,207.5636867116191
841,33.64,210.106432896412,9.07244355150035,-216.666388940092,-13.7345967670566,431.434975052061,0,0,0,0,-17.848155863427,-10.7429558413985,-4.07470383785338e-05,0.0001305439751292,-3.34741706268858,0.509013040172406,0.106862344649,69.21993665880309,5717.287246627365,5648.067309968562,8.28204329254035,207.56264712016366
842,33.68,210.10443510717,9.07041678554588,-216.663217276739,-13.7347161195392,431.431951717902,0,0,0,0,-17.8483109597372,-10.741390338426,-4.07462733886581e-05,0.0001305454160718,-3.34033902642896,0.509013357290473,0.106565279303,69.19374068937981,5717.232884013154,5648.039143323775,8.253149482293088,207.5616120150504
843,33.72,210.102462256744,9.06841036897099,-216.660160826246,-13.7348360772685,431.429048791288,0,0,0,0,-17.8484668344735,-10.7399450591635,-4.07463853897869e-05,0.0001305459721685,-3.33306236413313,0.509013651456174,0.106269284378,69.16810011561662,5717.179200018692,5648.011099903076,8.224451026008241,207.56058143833891
844,33.76,210.100535128535,9.06644752168823,-216.657219733007,-13.7349590129142,431.426266352768,0,0,0,0,-17.8486265682524,-10.7386289645846,-4.07468321760821e-05,0.0001305461856707,-3.32558764992167,0.509013939303447,0.105974379017,69.1435776677877,5717.126760189126,5647.983182521338,8.1960153427156,207.55955549347385
845,33.8,210.098657691969,9.06453256415462,-216.654394146986,-13.7350852176009,431.423604492401,0,0,0,0,-17.8487905395561,-10.737442330489,-4.07469797161435e-05,0.0001305466908335,-3.3179154785447,0.509014236981787,0.105680585667,69.12027653341016,5717.075672538038,5647.955396004628,8.167855006215806,207.55853435780992
846,33.84,210.096808474733,9.06264133525093,-216.65168416298,-13.7352119460709,431.421063248533,0,0,0,0,-17.8489551844425,-10.7363731722717,-4.07467709675537e-05,0.0001305475448328,-3.31004643792651,0.509014559382718,0.105387924561,69.09760700507965,5717.025352774031,5647.927745768951,8.139900627681046,207.55751823038162
847,33.88,210.094948814988,9.06073052146557,-216.649089786727,-13.7353344895872,431.418642569837,0,0,0,0,-17.8491143892445,-10.7354018894843,-4.07464056626807e-05,0.0001305485480102,-3.30198109814712,0.509014918924301,0.105096409296,69.07451301939305,5716.974748854881,5647.900235835488,8.112028343184036,207.55650725896461
848,33.92,210.093043076149,9.05876029907168,-216.646610937978,-13.7354485993236,431.416342314379,0,0,0,0,-17.8492626371462,-10.7345110328531,-4.07459259693095e-05,0.0001305496584132,-3.29372001963466,0.509015322515052,0.104806045871,69.05002299712551,5716.9228910597185,5647.872868062593,8.084125059436548,207.55550151185216
849,33.96,210.091079711562,9.05671786812711,-216.64424747072,-13.7355529552232,431.414162269378,0,0,0,0,-17.8493982140308,-10.7336952271693,-4.07453792846745e-05,0.0001305508289277,-3.28526376432727,0.509015769535332,0.104516834699,69.0238231005931,5716.869465188082,5647.845642087489,8.056155368228284,207.55450097571247
850,34.0,210.089079721539,9.0546268442273,-216.6419991792,-13.7356501041821,431.412102160694,0,0,0,0,-17.8495244265888,-10.7329648135774,-4.07451222009527e-05,0.0001305517029794,-3.27661290142416,0.509016253184455,0.104228772798,68.99648679112856,5716.815042687571,5647.818555896442,8.02818725052781,207.5535055765422
851,34.04,210.087086279565,9.0525355816877,-216.639865778764,-13.7357451616799,431.410161638322,0,0,0,0,-17.8496479163801,-10.7323403431313,-4.07454146830854e-05,0.0001305520202122,-3.26776800318321,0.5090167637346,0.10394185401,68.96919131230572,5716.7607983685475,5647.791607056241,8.000357618144399,207.55251522492244
852,34.08,210.085144049246,9.0504940269279,-216.637846881955,-13.7358433508108,431.408340255084,0,0,0,0,-17.8497754647924,-10.7318426107533,-4.07457129707202e-05,0.0001305523236844,-3.25872963909502,0.509017290832598,0.103656067559,68.94315418187647,5716.707947589636,5647.7647934077595,7.97280596092788,207.55152984150675
853,34.12,210.083283002969,9.04853566079199,-216.635941998872,-13.7359481248849,431.406637465934,0,0,0,0,-17.8499115555791,-10.7314851917082,-4.07452448185965e-05,0.0001305533849299,-3.2494983745817,0.50901782422978,0.103371396886,68.91919295121173,5716.657305941029,5647.738112989818,7.945623441946698,207.55054935422316
854,34.16,210.081514650817,9.0466733440776,-216.634150568704,-13.7360607796933,431.405052655137,0,0,0,0,-17.8500578712655,-10.7312731301022,-4.07443482738925e-05,0.000130554865945,-3.24007477010051,0.509018354507232,0.103087819919,68.89762338338238,5716.609186628038,5647.711563244655,7.918841944538851,207.54957366907567
855,34.2,210.079835736016,9.04490350059922,-216.632472002015,-13.7361809352635,431.403585172695,0,0,0,0,-17.8502139184295,-10.7312051069836,-4.07440217758324e-05,0.0001305557702541,-3.230459381354,0.509018874668331,0.102805310437,68.87836077959449,5716.563501029326,5647.685140249731,7.892446694916234,207.54860264191362
856,34.24,210.078230038187,9.04320815406251,-216.630905710168,-13.7363067649781,431.402234359271,0,0,0,0,-17.8503773251361,-10.731274308172,-4.07443215402757e-05,0.0001305560462486,-3.22065276250651,0.509019381218592,0.102523839802,68.86096893611422,5716.5198077659015,5647.658838829787,7.8663827084377695,207.54763608254967
857,34.28,210.076666412713,9.04155274026472,-216.629451119067,-13.736434768269,431.400999559784,0,0,0,0,-17.8505435459835,-10.7314672271282,-4.07445332597796e-05,0.0001305564147796,-3.21065547909764,0.509019872822759,0.102243379223,68.84460596026446,5716.477259349569,5647.632653389304,7.84054942258317,207.54667378535237
858,34.32,210.075098479411,9.03988574021547,-216.628107682032,-13.7365597202281,431.399880141456,0,0,0,0,-17.8507057969749,-10.7317631090879,-4.07443926682609e-05,0.0001305571463458,-3.20046812759908,0.50902034696425,0.101963902956,68.82801449095916,5716.434593711266,5647.606579220306,7.814800555691328,207.5457155773067
859,34.36,210.073471359034,9.03814616721416,-216.626874901625,-13.7366754296055,431.398875523051,0,0,0,0,-17.8508560403344,-10.7321368395174,-4.07440910341315e-05,0.0001305580529848,-3.19009134695464,0.509020797465077,0.101685391615,68.80970389862117,5716.390317510619,5647.580613611997,7.7889657170583755,207.54476135879287
860,34.4,210.071735488142,9.03627894820799,-216.625752351752,-13.7367763093856,431.397985201072,0,0,0,0,-17.8509870239983,-10.7325653219386,-4.07437199172761e-05,0.0001305590424029,-3.17952581521636,0.509021215399859,0.101407833618,68.7883259438544,5716.3430820577305,5647.5547561138765,7.762893304825133,207.54381111325517
861,34.44,210.0698633573,9.03425358875723,-216.624739684115,-13.7368593008984,431.397208753556,0,0,0,0,-17.8510947786958,-10.7330355380584,-4.07432918636036e-05,0.000130560099149,-3.16877223343436,0.509021593351698,0.101131223728,68.76313155474885,5716.292138782746,5647.529007227998,7.736501506196356,207.5428648591438
862,34.48,210.067861346485,9.03207739205802,-216.623836615519,-13.7369252506383,431.396545820584,0,0,0,0,-17.8511804037167,-10.7335505929244,-4.07428961461247e-05,0.000130561132651,-3.15783131604895,0.509021929810963,0.100855560143,68.73429516793571,5716.237661293683,5647.503366125748,7.7098133880458155,207.54192256600774
863,34.52,210.065767653944,9.02979311291295,-216.62304290876,-13.7369786313837,431.395996081175,0,0,0,0,-17.8512497042833,-10.7341286374758,-4.07426620618125e-05,0.0001305620150037,-3.14670379780808,0.509022229683233,0.100580843035,68.70285857567723,5716.180689017785,5647.477830442108,7.682948913133834,207.54098414693422
864,34.56,210.06363722745,9.02746208156245,-216.622358361621,-13.7370257383775,431.395559245886,0,0,0,0,-17.8513108513645,-10.7347953122338,-4.07426892477475e-05,0.0001305626472596,-3.13539044600192,0.509022500638773,0.100307075801,68.67031888216047,5716.122717160111,5647.452398277951,7.656077641740074,207.54004953213155
865,34.6,210.061523901353,9.02514425264939,-216.621782806682,-13.7370726098914,431.395235065277,0,0,0,0,-17.8513716836755,-10.7355750285441,-4.07428015278911e-05,0.0001305632020917,-3.1238920665793,0.509022749291001,0.100034267351,68.63814052570223,5716.065210627943,5647.427070102241,7.629363931017039,207.53911873883382
866,34.64,210.059467770799,9.0228841617841,-216.621316114526,-13.7371236149465,431.395023338488,0,0,0,0,-17.8514378738865,-10.7364849920455,-4.0742545567994e-05,0.0001305641244007,-3.11220949236465,0.509022980281203,0.0997624325083,68.60741137161995,5716.009260465771,5647.401849094151,7.602928930860812,207.53819188387357
867,34.68,210.057489616645,9.02070479487654,-216.620958192168,-13.7371808939894,431.394923907926,0,0,0,0,-17.8515122014441,-10.7375329717068,-4.07420069490192e-05,0.0001305653166711,-3.10034356478595,0.50902319745861,0.09949158948,68.57869228292931,5715.95543214952,5647.3767398665905,7.576834397080748,207.537269136772
868,34.72,210.055590797404,9.0186075475065,-216.620708971095,-13.7372444163104,431.394936637302,0,0,0,0,-17.8515946267278,-10.7387177874097,-4.07419110548428e-05,0.0001305660416454,-3.08829512593278,0.509023405028668,0.0992217559771,68.55201575644764,5715.903762646208,5647.35174688976,7.551083104258058,207.53635066180604
869,34.76,210.053756946656,9.01657638431844,-216.620568380212,-13.7373124345389,431.395061377088,0,0,0,0,-17.8516828813735,-10.7400313713159,-4.07422176987654e-05,0.0001305663324009,-3.07606501872966,0.509023607649263,0.0989529462326,68.52698740840754,5715.853861025638,5647.32687361723,7.525630622900487,207.53543658589203
870,34.8,210.051964623589,9.01458522922005,-216.620536302867,-13.737382225059,431.395297922295,0,0,0,0,-17.8517734297418,-10.7414616477955,-4.07419580065603e-05,0.0001305671583276,-3.06365409051057,0.509023809633099,0.0986851695424,68.50296672281911,5715.805089430824,5647.302122708005,7.500405692610877,207.53452700674654
871,34.84,210.050192258922,9.01261011716368,-216.620612529372,-13.7374513005365,431.395645971667,0,0,0,0,-17.8518630428789,-10.7429974779146,-4.07409873555225e-05,0.0001305686711745,-3.05106318622019,0.509024014298216,0.0984184294822,68.47936482056538,5715.756860931739,5647.277496111174,7.475343061535662,207.53362199599732
872,34.88,210.048433114326,9.01064362453979,-216.620796729045,-13.737518886687,431.396105105519,0,0,0,0,-17.8519507157855,-10.7446354148261,-4.07403925373488e-05,0.0001305697937753,-3.03829313892812,0.509024223726161,0.0981527233572,68.45599854794303,5715.708992169107,5647.252993621164,7.450421885875948,207.5327215460897
873,34.92,210.046699368015,9.00869940039745,-216.621088460967,-13.7375863691039,431.396674797688,0,0,0,0,-17.8520382475926,-10.7463818190121,-4.07407742736054e-05,0.0001305699337484,-3.02534477174659,0.509024437660538,0.0978880426453,68.43320205906859,5715.661814529012,5647.228612469944,7.425677208797545,207.5318255553004
874,34.96,210.045012329861,9.00680122798777,-216.6214872171,-13.7376561381949,431.397354457168,0,0,0,0,-17.8521287419306,-10.7482474032396,-4.07412895295549e-05,0.0001305699408293,-3.01221890941613,0.509024651623063,0.0976243750166,68.41155872062613,5715.615907882608,5647.204349161982,7.401170287745103,207.530933895171
875,35.0,210.043388582803,9.00496757167487,-216.621992466387,-13.7377299936459,431.398143471162,0,0,0,0,-17.8522245354128,-10.7502397250179,-4.07409949294481e-05,0.0001305707651738,-2.99891639302456,0.509024857174094,0.0973617067797,68.39152180388156,5715.571723474645,5647.180201670763,7.376947490595587,207.53004649122846
876,35.04,210.041834902789,9.00320595293944,-216.622603669659,-13.7378085993743,431.399041218883,0,0,0,0,-17.8523264898463,-10.7523608576279,-4.07402453951379e-05,0.0001305720583534,-2.98543807877592,0.509025046101175,0.097100023591,68.37327621425807,5715.529445688064,5647.156169473806,7.353025702584614,207.52916332427188
877,35.08,210.040352318287,9.00151753341972,-216.62332026313,-13.7378920031984,431.400047051196,0,0,0,0,-17.8524346667233,-10.7546102841731,-4.07398712894053e-05,0.0001305729930783,-2.97178482514233,0.509025215038554,0.096839308735,68.35685099018782,5715.489102508903,5647.132251518715,7.3294046798244645,207.5282843556265
878,35.12,210.038939810228,8.99990126456646,-216.624141634932,-13.7379800808914,431.401160261485,0,0,0,0,-17.8525489034822,-10.7569871720159,-4.07398999901859e-05,0.000130573539834,-2.95795748481115,0.509025365334718,0.0965795409758,68.34222134125426,5715.450666206881,5647.108444865627,7.3060780287554365,207.52740947725434
879,35.16,210.03759387706,8.99835340387906,-216.625067120631,-13.7380724858852,431.402380079697,0,0,0,0,-17.8526687481482,-10.7594900959338,-4.07399245606514e-05,0.0001305741004415,-2.94395690975871,0.509025498757481,0.0963206948441,68.32929669041798,5715.4140414999165,5647.084744809498,7.283032042317598,207.52653851624825
880,35.2,210.036306903497,8.99686567672068,-216.626096024402,-13.7381684492443,431.403705700423,0,0,0,0,-17.8527931997529,-10.7621158188147,-4.0739821061072e-05,0.0001305747940728,-2.92978396982587,0.509025615484091,0.0960627440995,68.31787504929311,5715.379021165522,5647.061146116229,7.260241245111656,207.5256712802585
881,35.24,210.035066352481,8.99542435714485,-216.627227656192,-13.7382666791664,431.405136330695,0,0,0,0,-17.8529205784446,-10.7648586141562,-4.07396689388868e-05,0.0001305755378967,-2.91543956327871,0.509025718308445,0.0958056661774,68.30761976982213,5715.345264052973,5647.037644283151,7.2376664752737865,207.52480760381522
882,35.28,210.033852973474,8.99400828619263,-216.628461373816,-13.7383651746535,431.40667123575,0,0,0,0,-17.853048284901,-10.7677096454533,-4.07395618028184e-05,0.0001305762358504,-2.90092461481468,0.509025818648457,0.0955494447955,68.29801028251505,5715.312246328449,5647.014236045934,7.215250104696043,207.52394736695638
883,35.32,210.03263644294,8.99258405944028,-216.629796621369,-13.7384607639744,431.408309768843,0,0,0,0,-17.8531722026607,-10.7706553232258,-4.07395417404995e-05,0.0001305768441519,-2.88624007113411,0.50902593688567,0.0952940699422,68.2882234035053,5715.279142846508,5646.990919443003,7.192903816631844,207.5230904975955
884,35.36,210.031371670913,8.99110196479746,-216.63123295049,-13.7385487225702,431.410051379176,0,0,0,0,-17.8532862031966,-10.7736760529229,-4.07395259943993e-05,0.0001305774446962,-2.8713868995681,0.509026095967873,0.0950395366891,68.27703310263887,5715.244726646679,5646.96769354404,7.170498442374309,207.52223696154397
885,35.4,210.030000762932,8.98949815017643,-216.63277000708,-13.7386229747586,431.411895594595,0,0,0,0,-17.8533824074228,-10.7767468651855,-4.07393644011926e-05,0.0001305781871556,-2.85636609843239,0.509026314712507,0.0947858443584,68.2628635427499,5715.207422340437,5646.944558797687,7.147870058036947,207.5213867752891
886,35.44,210.028465734551,8.98770867103794,-216.634407481167,-13.7386774382171,431.413841982898,0,0,0,0,-17.8534529286137,-10.7798424075747,-4.07389740140502e-05,0.0001305791536096,-2.84117869843193,0.509026607045479,0.0945329960475,68.24413481463431,5715.165652090641,5646.921517276007,7.12485656411099,207.5205400149778
887,35.48,210.0267308242,8.98569418947271,-216.636145048975,-13.73870842826,431.415890111962,0,0,0,0,-17.8534929895361,-10.7829468378382,-4.07384533161101e-05,0.0001305802445303,-2.82582574882161,0.50902698529213,0.0942809977238,68.2198716523355,5715.118442775404,5646.898571123069,7.101360960527109,207.51969675940316
888,35.52,210.024800474364,8.98345986763356,-216.637982351875,-13.738716579056,431.418039537662,0,0,0,0,-17.8535034128265,-10.7860618780659,-4.07380471880693e-05,0.0001305812144144,-2.81030830459753,0.509027459225637,0.0940298569857,68.19019458388189,5715.065915280902,5646.87572069702,7.0774012741921695,207.51885702172686
889,35.56,210.022718248945,8.98105411642368,-216.639919031667,-13.7387066678412,431.420289832029,0,0,0,0,-17.8534903926424,-10.7892061564262,-4.07378764182351e-05,0.0001305819422912,-2.79462741825225,0.509028027640754,0.093779582639,68.15629039520036,5715.009255041287,5646.852964646087,7.053105784239027,207.5180207522721
890,35.6,210.020546639455,8.97854616737687,-216.641954791031,-13.7386853654797,431.422640628589,0,0,0,0,-17.8534625786508,-10.792405848193,-4.07378390007515e-05,0.0001305825303559,-2.77878415372761,0.509028671111496,0.0935301856028,68.11986024220582,5714.950162537213,5646.830302295008,7.028654534875141,207.5171879262235
891,35.64,210.018343955151,8.97600047140551,-216.644089421048,-13.7386587356172,431.425091640411,0,0,0,0,-17.8534278344554,-10.7956844007711,-4.07378241228348e-05,0.0001305830900143,-2.76277960147083,0.509029357094306,0.0932816798092,68.08248874578251,5714.890224444381,5646.807735698598,7.004213739125888,207.51635861909415
892,35.68,210.016153065119,8.97346430689345,-216.646322764743,-13.7386311015813,431.42764262455,0,0,0,0,-17.8533917688394,-10.799058356719,-4.07377808472962e-05,0.0001305836731097,-2.74661487261258,0.509030054556744,0.0930340810149,68.04533826817523,5714.830607290037,5646.7852690218615,6.979904515278363,207.51553298394506
893,35.72,210.014001383791,8.97096784980016,-216.648654639916,-13.7386051352958,431.430293309203,0,0,0,0,-17.8533578506991,-10.8025380624089,-4.073766988174e-05,0.0001305843200972,-2.73029108451964,0.509030743530566,0.0927874030957,68.00915043386806,5714.772057058871,5646.762906625003,6.955803388352957,207.51471118101088
894,35.76,210.011905708194,8.96852959494448,-216.651084772739,-13.7385824415726,431.433043327562,0,0,0,0,-17.8533281660496,-10.8061303226915,-4.0737516381541e-05,0.000130585007245,-2.71380933928748,0.509031413525815,0.0925416538832,67.97437969438363,5714.71503082127,5646.740651126886,6.931956211016231,207.51389330653302
895,35.8,210.009876700828,8.96616134211036,-216.653612773695,-13.7385640588741,431.435892191286,0,0,0,0,-17.8533040664877,-10.8098404047297,-4.07374376698408e-05,0.0001305856186996,-2.69717072211445,0.509032058709437,0.0922968332802,67.94131614006663,5714.659818718637,5646.718502578571,6.9083909349771195,207.51307936238788
896,35.84,210.007920519018,8.96386996674405,-216.656238148155,-13.7385506021112,431.438839302541,0,0,0,0,-17.8532863532985,-10.8136719434509,-4.07374798145703e-05,0.0001305861094308,-2.68037631532886,0.509032677216209,0.092052934486,67.91012891367492,5714.606588300319,5646.696459386644,6.885122365902882,207.51226929001868
897,35.88,210.006039159808,8.96165776733473,-216.658960318609,-13.7385422718183,431.441883982901,0,0,0,0,-17.8532752887967,-10.8176265079824,-4.07373369034574e-05,0.0001305867856589,-2.66342720451582,0.509033271830123,0.091809946719,67.88087452099856,5714.555393908651,5646.674519387652,6.862153412160017,207.5114630099199
898,35.92,210.004230809762,8.95952282532931,-216.661778649219,-13.7385388688042,431.445025502456,0,0,0,0,-17.8532706153522,-10.821703417604,-4.07367167654987e-05,0.0001305879393937,-2.64632448292839,0.509033846347866,0.0915678572548,67.8535055507716,5714.506186197526,5646.652680646755,6.839476300051541,207.51066045098747
899,35.96,210.002491145889,8.95746045401863,-216.664692476814,-13.7385399373255,431.44826310601,0,0,0,0,-17.8532717415904,-10.8259006157411,-4.07361338625897e-05,0.0001305890561289,-2.62906924598368,0.509034399634473,0.0913266520639,67.82790634909597,5714.458847532368,5646.630941183272,6.817076364610501,207.5098615404328
900,36.0,210.000813002115,8.95546285967021,-216.667701142988,-13.7385447487126,431.451596034145,0,0,0,0,-17.8532777215073,-10.8302149269464,-4.07363114771131e-05,0.0001305894129573,-2.61166259533225,0.50903492397811,0.0910863158687,67.8038844806012,5714.41318291437,5646.609298433768,6.794931297384573,207.50906618405133
901,36.04,209.999182457938,8.95351481777315,-216.670804004501,-13.7385518834526,431.455023528118,0,0,0,0,-17.8532867120068,-10.8346398072905,-4.07368564462722e-05,0.0001305894036458,-2.59410565129655,0.509035409132608,0.0908468324364,67.78106358313468,5714.368813547379,5646.587749964245,6.773000573929418,207.50827429239527
902,36.08,209.997577608017,8.95159230353018,-216.67400040687,-13.738559099825,431.458544811181,0,0,0,0,-17.8532958022451,-10.8391643792822,-4.07367792702515e-05,0.0001305900182956,-2.57639955301898,0.509035846849793,0.0906081849189,67.75884921647109,5714.3251433567075,5646.566294140236,6.751222342099429,207.5074858053991
903,36.12,209.99597666075,8.94967141574307,-216.677289640587,-13.7385641742861,431.46215905988,0,0,0,0,-17.8533021047174,-10.8437773872662,-4.07360277236608e-05,0.0001305913097709,-2.5585454521224,0.509036231871353,0.090370355703,67.73664946589864,5714.28157936266,5646.544929896761,6.729535635454744,207.5067006839255
904,36.16,209.994372729326,8.94774470621378,-216.680670925031,-13.7385664480214,431.465865396164,0,0,0,0,-17.8533047637845,-10.8484752703951,-4.07354926692024e-05,0.0001305923878899,-2.54054449707331,0.509036561473513,0.0901333260827,67.7142791603233,5714.237934165563,5646.52365500524,6.707920378856674,207.50591884607567
905,36.2,209.992781254193,8.94582935406114,-216.684143447879,-13.7385675724429,431.469662920454,0,0,0,0,-17.8533059239497,-10.8532662347243,-4.07356648510341e-05,0.0001305927622531,-2.52239783220614,0.509036836842418,0.0898970769015,67.69216264679012,5714.19462792141,5646.50246527462,6.686416883894269,207.50514013783126
906,36.24,209.991231366396,8.9439575885988,-216.687706438927,-13.7385705547905,431.473550771514,0,0,0,0,-17.8533094904166,-10.8581652185819,-4.07359463528091e-05,0.0001305930302215,-2.50410661473924,0.509037065299502,0.0896615907895,67.67109713896976,5714.152453326309,5646.48135618734,6.6651018550485075,207.50436439317497
907,36.28,209.989749320443,8.94215840192359,-216.691359226246,-13.7385780301367,431.477528174902,0,0,0,0,-17.8533188851237,-10.8631850178328,-4.07356422443074e-05,0.0001305938848866,-2.48567203000563,0.509037259903973,0.0894268550594,67.6517999621164,5714.112124801813,5646.460324839696,6.64404363705934,207.50359150539762
908,36.32,209.988346732372,8.94044460522286,-216.695101240294,-13.7385910841237,431.481594451568,0,0,0,0,-17.8533355177691,-10.8683303188164,-4.07350658999397e-05,0.0001305950096486,-2.46709529952057,0.509037435501048,0.0891928634164,67.63458768855897,5714.073958436414,5646.439370747855,6.6232710522646006,207.5028214567187
909,36.36,209.98701842625,8.93881052151875,-216.698931978017,-13.738609108843,431.485748991591,0,0,0,0,-17.8533585985824,-10.873597285567,-4.07348729263931e-05,0.0001305957446482,-2.44837766921719,0.509037604366418,0.0889596154237,67.61931859132744,5714.037813385801,5646.418494794474,6.602768306362983,207.50205427957525
910,36.4,209.985743952801,8.93723371602026,-216.702850965789,-13.7386300185647,431.489991221135,0,0,0,0,-17.8533854185414,-10.878974987151,-4.07350026948413e-05,0.0001305961465056,-2.42952039726582,0.509037775132312,0.0887271144062,67.60543519570516,5714.003133196834,5646.397698001128,6.582479603989968,207.50129001150947
911,36.44,209.984488189389,8.93567567433383,-216.706857744724,-13.7386503242229,431.494320584002,0,0,0,0,-17.8534114463969,-10.8844457820401,-4.07350594112852e-05,0.0001305966091043,-2.4105247528941,0.509037955480223,0.0884953654241,67.59198075925934,5713.968962133906,5646.376981374647,6.562311161272886,207.50052868952162
912,36.48,209.983203946761,8.93408468015409,-216.710951870744,-13.7386654002932,431.498736537644,0,0,0,0,-17.8534306760486,-10.8899867608685,-4.07349539533985e-05,0.0001305972225199,-2.39139201541166,0.509038155259579,0.088264374374,67.57767019315288,5713.934016112037,5646.3563459188845,6.542138547186603,207.4997703505027
913,36.52,209.98183907584,8.93240360847373,-216.715132912029,-13.7386701733757,431.503238552771,0,0,0,0,-17.8534365212686,-10.8955730054852,-4.07347239054905e-05,0.0001305979516315,-2.37212347672368,0.509038385969159,0.0880341480269,67.56108295130034,5713.896876082566,5646.335793131266,6.521825750957921,207.49901504948207
914,36.56,209.980349675776,8.93058441670851,-216.719400443785,-13.7386604109649,431.507826113817,0,0,0,0,-17.8534234888007,-10.9011836052874,-4.07343644978463e-05,0.0001305988034859,-2.35272043335086,0.509038656723515,0.0878046942325,67.54102242574757,5713.856347442516,5646.315325016769,6.501259965653379,207.4982628601413
915,36.6,209.978716274004,8.92860590916895,-216.723754055667,-13.738634306525,431.512498727027,0,0,0,0,-17.8533892347501,-10.9068091874253,-4.07339763476798e-05,0.0001305996793356,-2.3331841813072,0.509038970892367,0.0875760219265,67.51695716231472,5713.811900316405,5646.29494315409,6.480393614098036,207.4975138404964
916,36.64,209.97695297715,8.92648375243087,-216.728193374806,-13.7385933360793,431.517255935605,0,0,0,0,-17.8533356748889,-10.9124557870273,-4.07337015055404e-05,0.0001306004384748,-2.31351602650579,0.50903932604204,0.0873481410799,67.48927031878712,5713.763918565078,5646.274648246291,6.459267296250606,207.4967680163844
917,36.68,209.975102268642,8.92426470934592,-216.732718080509,-13.7385416850439,431.522097324849,0,0,0,0,-17.8532682408117,-10.9181421454215,-4.07335059241599e-05,0.0001306011149158,-2.29371729178714,0.509039715363207,0.0871210625702,67.45911756911978,5713.713558221493,5646.254440652374,6.437994964827097,207.49602540099846
918,36.72,209.97321849588,8.92200845680007,-216.737327879723,-13.7384845778652,431.527022496669,0,0,0,0,-17.8531937134879,-10.9238919626423,-4.07333193211626e-05,0.0001306017772589,-2.27378932193326,0.509040127940806,0.0868947974215,67.42797645178116,5713.66229815373,5646.234321701949,6.416719933008468,207.49528604320076
919,36.76,209.971352422871,8.91977064458905,-216.742022441257,-13.7384267941042,431.532031013643,0,0,0,0,-17.8531182984503,-10.9297272191241,-4.07333033774193e-05,0.0001306022608689,-2.25373347221412,0.509040548669341,0.0866693548907,67.39722601119806,5713.611519720778,5646.2142937095805,6.39557440790154,207.49455002805004
920,36.8,209.969543435046,8.91759441673446,-216.746801326581,-13.7383719962854,431.537122341178,0,0,0,0,-17.8530467527785,-10.9356652894845,-4.07335569902605e-05,0.0001306024631279,-2.23355108709362,0.509040960215169,0.0864447398089,67.36793616542741,5713.562294654803,5646.194358489375,6.374659494670042,207.49381742221345
921,36.84,209.967816137572,8.91550673423781,-216.751663963631,-13.7383224559193,431.542295822885,0,0,0,0,-17.8529820278897,-10.9417173215217,-4.07336815747239e-05,0.0001306027797965,-2.21324349547276,0.509041347247496,0.0862209505486,67.34077601688819,5713.5152924965005,5646.174516479612,6.35403681266526,207.49308824179747
922,36.88,209.966180223494,8.91351825871326,-216.756609676935,-13.7382790593751,431.54755070109,0,0,0,0,-17.8529252760764,-10.947887831201,-4.07331950309457e-05,0.000130603694007,-2.19281201291398,0.50904170074262,0.0859979789184,67.31601041574665,5713.470777007062,5646.154766591315,6.333728712933932,207.49236244678292
923,36.92,209.964634004212,8.91162721917137,-216.761637743948,-13.7382416330152,431.552886162003,0,0,0,0,-17.8528762721762,-10.9541759979735,-4.07324024001779e-05,0.000130604907015,-2.17225795415766,0.509042019485108,0.0857758120589,67.29359549553418,5713.428702237338,5646.1351067418045,6.3137279412743545,207.49163996063282
924,36.96,209.963169455793,8.90982493338909,-216.766747434158,-13.738209415864,431.558301372425,0,0,0,0,-17.8528340276056,-10.96057796447,-4.07321246202292e-05,0.0001306056070718,-2.15158264265767,0.509042308181393,0.0855544350972,67.27331553374282,5713.388849844993,5646.1155343112505,6.29401106911906,207.49092068707012
925,37.0,209.961772859114,8.90809651219196,-216.771938013234,-13.7381811310552,431.563795491211,0,0,0,0,-17.8527968838207,-10.9670873737249,-4.07324450639356e-05,0.0001306057187801,-2.13078740960128,0.509042574576481,0.0853338330684,67.25480021594839,5713.350846513675,5646.096046297726,6.274540485004636,207.4902045157761
926,37.04,209.960418627998,8.90641407912167,-216.77720872862,-13.7381543862409,431.569367663738,0,0,0,0,-17.8527617339537,-10.9736919903466,-4.07326689414575e-05,0.0001306059411652,-2.10987359944189,0.509042827776015,0.0851139915062,67.23735569601432,5713.313996008044,5646.07664031203,6.255248925526326,207.48949135894912
927,37.08,209.959066253563,8.90473343152378,-216.782558802366,-13.7381253930067,431.575017017412,0,0,0,0,-17.8527236584877,-10.9803720027675,-4.0732462123342e-05,0.0001306066082751,-2.08884256924099,0.509043077431479,0.0848948961706,67.2198811032472,5713.277196025277,5646.057314922029,6.23603212677974,207.4887811639594
928,37.12,209.957669030974,8.90300360985801,-216.787987438499,-13.7380898061982,431.580742665813,0,0,0,0,-17.8526770149985,-10.9871043818952,-4.07320764233002e-05,0.0001306074643099,-2.06769568862614,0.509043332002119,0.0846765326882,67.2011063399263,5713.239175662079,5646.038069322153,6.2167713173441275,207.4880739012027
929,37.16,209.95619267857,8.90118728196008,-216.793493832111,-13.7380444861625,431.586543714883,0,0,0,0,-17.8526177266078,-10.9938722268588,-4.07317219372101e-05,0.0001306082929653,-2.04643433372479,0.50904359616354,0.0844588864448,67.18009959300835,5713.199002066943,5646.018902473935,6.197380236528452,207.48736953251608
930,37.2,209.954632367304,8.89927937329553,-216.799077170123,-13.7379891009821,431.592419265114,0,0,0,0,-17.8525453626357,-11.0006734735309,-4.07314167325447e-05,0.0001306090703975,-2.02505987509913,0.509043869643704,0.0842419426735,67.15673187925178,5713.1565438348025,5645.99981195555,6.177847425801542,207.48666796889913
931,37.24,209.953015109475,8.8973096309107,-216.804736632727,-13.7379263042921,431.598368415583,0,0,0,0,-17.8524633689661,-11.0075217417939,-4.07311958462854e-05,0.0001306097576829,-2.00357368122906,0.509044148685957,0.0840256867886,67.13174184587024,5713.112536007757,5645.9807941618865,6.158241156498885,207.48596907786637
932,37.28,209.951386478139,8.8953280543049,-216.810471413186,-13.7378604445549,431.604390281575,0,0,0,0,-17.8523773920804,-11.0144395293828,-4.07310679744986e-05,0.0001306103438369,-1.98197712719817,0.509044428701791,0.0838101052942,67.10637350901324,5713.068218691821,5645.961845182808,6.138675248659353,207.48527271572306
933,37.32,209.949790241545,8.89338260089807,-216.816280757001,-13.7377956285022,431.61048402615,0,0,0,0,-17.8522927647747,-11.0214480596323,-4.07309179672809e-05,0.0001306109430709,-1.96027160933657,0.509044705909067,0.0835951874041,67.08182081786838,5713.024782881715,5645.942962063847,6.119257893018897,207.48457877389436
934,37.36,209.948252132098,8.89150144936945,-216.822163995389,-13.7377342094214,431.616648887539,0,0,0,0,-17.8522125432191,-11.0285592352441,-4.0730720759806e-05,0.0001306115809011,-1.93845855362569,0.509044977449905,0.0833809268088,67.05878515883245,5712.982928791842,5645.924143633009,6.100051614406372,207.48388720931044
935,37.4,209.946773497454,8.88968610241749,-216.828120544186,-13.7376762419111,431.622884181134,0,0,0,0,-17.8521367986875,-11.0357726868103,-4.07306506907092e-05,0.0001306120839681,-1.91653940756478,0.509045241056244,0.083167322561,67.03730276253457,5712.942693093791,5645.905390331256,6.081058321399188,207.48319803817623
936,37.44,209.945333392511,8.88791370020625,-216.834149866059,-13.7376197151209,431.629189273485,0,0,0,0,-17.8520629200311,-11.043076777521,-4.07306844567901e-05,0.0001306124759682,-1.89451563370064,0.509045495136299,0.0829543784242,67.01680179741369,5712.903505842307,5645.886704044893,6.062225265880891,207.48251132981218
937,37.48,209.943899237963,8.88614868926041,-216.840251426595,-13.7375615739823,431.63556354928,0,0,0,0,-17.8519869398884,-11.0504539999963,-4.07304719807091e-05,0.0001306131068916,-1.87238870284478,0.50904573921783,0.0827421010441,66.99639304063615,5712.864480509317,5645.868087468681,6.043471883827377,207.48182718324898
938,37.52,209.94244406281,8.88436167449766,-216.846424679517,-13.7374993285746,431.642006396404,0,0,0,0,-17.851905624824,-11.0578898958931,-4.07298672260529e-05,0.000130614122917,-1.85016009157478,0.509045974014516,0.0825304980201,66.97534021200094,5712.824883176531,5645.84954296453,6.024732343509731,207.48114568528518
939,37.56,209.940961746273,8.88254605887896,-216.85266908629,-13.7374324401137,431.648517213798,0,0,0,0,-17.8518182751985,-11.0653807900793,-4.07292179596605e-05,0.0001306151765918,-1.82783128302456,0.509046200744467,0.0823195767645,66.95347564272633,5712.7845472890685,5645.831071646342,6.005992541923366,207.48046687685596
940,37.6,209.939469266676,8.88072047974886,-216.858984142216,-13.7373624950725,431.655095424216,0,0,0,0,-17.8517269512543,-11.0729348644966,-4.07290312495526e-05,0.0001306157608147,-1.80540376100588,0.509046420139592,0.0821093442622,66.93126173024542,5712.743934850658,5645.812673120412,5.987294866723212,207.47979074349288
941,37.64,209.937991944543,8.87891265129013,-216.865369378392,-13.7372918007737,431.661740472418,0,0,0,0,-17.851634649197,-11.0805642061482,-4.07293924003675e-05,0.0001306157897301,-1.78287901148585,0.509046631772013,0.0818998072912,66.90938799989546,5712.7037348678505,5645.794346867955,5.9687014845248525,207.47911726613097
942,37.68,209.936544437337,8.87713860728457,-216.87182433794,-13.7372216410096,431.668451809002,0,0,0,0,-17.8515430361764,-11.08827507585,-4.07296927465427e-05,0.0001306158710803,-1.76025852726628,0.509046834167843,0.0816909727214,66.88825274589846,5712.6643461905305,5645.776093444632,5.950247975499385,207.47844646519042
943,37.72,209.93512351522,8.8753948388338,-216.878348552403,-13.7371516484204,431.67522887721,0,0,0,0,-17.851451635306,-11.0960644776245,-4.0729241919856e-05,0.0001306166941907,-1.73754381434479,0.509047025573445,0.0814828478101,66.86776626249672,5712.625680930329,5645.757914667832,5.931926267003325,207.47777840745897
944,37.76,209.933716762643,8.87366781003692,-216.884941539145,-13.7370806223718,431.682071114123,0,0,0,0,-17.8513588875253,-11.1039246808436,-4.07282713774779e-05,0.0001306180269931,-1.71473639592964,0.509047204727224,0.0812754403955,66.84758817626054,5712.587401242949,5645.739813066689,5.913706248085352,207.47711318588068
945,37.8,209.932317608726,8.87195037735994,-216.891602811095,-13.7370079142754,431.688977956737,0,0,0,0,-17.8512639506172,-11.1118510984557,-4.07277982770978e-05,0.0001306188528726,-1.69183780377293,0.509047371176176,0.0810687586147,66.82753768706284,5712.549328325641,5645.721790638579,5.895572244774406,207.47645087385766
946,37.84,209.930930768369,8.87024771088199,-216.898331871924,-13.7369339036528,431.695948833064,0,0,0,0,-17.8511673173169,-11.1198449127863,-4.07281578287922e-05,0.0001306188384863,-1.66884957010709,0.509047524967725,0.0808628097527,66.80774186172268,5712.511590477366,5645.7038486156425,5.877535777568153,207.47579151667034
947,37.88,209.929564926858,8.86856930133599,-216.905128185382,-13.7368593216154,431.702983132519,0,0,0,0,-17.8510699369299,-11.1279091928377,-4.07284456159978e-05,0.0001306188907361,-1.64577322164121,0.509047665986545,0.080657598359,66.78843613658505,5712.474424036795,5645.68598790021,5.859617534571195,207.4751351474787
948,37.92,209.928223755091,8.86691917555699,-216.911991139635,-13.7367844544437,431.710080173613,0,0,0,0,-17.8509721813391,-11.136044536879,-4.07279839812183e-05,0.0001306196895283,-1.62261027793984,0.50904779368517,0.0804531244441,66.76971974291486,5712.437928894151,5645.668209151236,5.8418257017369974,207.47448179049886
949,37.96,209.926905545346,8.86529552617223,-216.918920037467,-13.736709136141,431.717239192782,0,0,0,0,-17.8508738351141,-11.1442492256623,-4.07273368035149e-05,0.000130620672704,-1.59936225433454,0.509047907719102,0.0802493827044,66.75154633367207,5712.402058579951,5645.650512246279,5.82415525155306,207.4738314412312
950,38.0,209.925609304247,8.86369737894131,-216.925914118761,-13.7366333154559,431.724459359522,0,0,0,0,-17.8507748317241,-11.1525226184285,-4.07271532558876e-05,0.0001306211923858,-1.57603065918281,0.50904800884715,0.0800463631375,66.7338906463722,5712.366786063057,5645.632895416685,5.806602670191011,207.4731840346789
951,38.04,209.924336605312,8.8621265813393,-216.932972589888,-13.7365571865889,431.73173980045,0,0,0,0,-17.8506754232781,-11.1608656381419,-4.07271550448814e-05,0.0001306215278312,-1.55261699547494,0.509048098927446,0.0798440526152,66.7167981979757,5712.332154161075,5645.615355963099,5.7891703691930605,207.47253947164248
952,38.08,209.92308893953,8.86058487927685,-216.940094632477,-13.7364809206578,431.739079613388,0,0,0,0,-17.8505758319231,-11.169278949386,-4.07269527860255e-05,0.0001306220690423,-1.52912276679019,0.509048180101634,0.0796424366239,66.70031208570362,5712.298203445882,5645.597891360178,5.771860404551491,207.47189765931725
953,38.12,209.921866797861,8.85907291661631,-216.94727939407,-13.7364045965001,431.746477871815,0,0,0,0,-17.8504761600045,-11.1777625695766,-4.07266760595853e-05,0.0001306226866674,-1.50554948426295,0.509048254102938,0.0794415006064,66.68444792833671,5712.264947277179,5645.580499348843,5.754672423345223,207.47125851468363
954,38.16,209.920670431842,8.85759106012916,-216.95452598877,-13.7363282742949,431.753933634778,0,0,0,0,-17.8503764854671,-11.1863162634983,-4.07264591413464e-05,0.0001306232461894,-1.48189867291652,0.509048321959526,0.0792412307369,66.66921453237016,5712.23239249964,5645.563177967269,5.73760553595973,207.4706219656459
955,38.2,209.919500406567,8.85614000226725,-216.96183352547,-13.7362520396344,431.761445969404,0,0,0,0,-17.8502769190865,-11.1949398215205,-4.07262551254823e-05,0.0001306237937666,-1.45817186592153,0.509048383929006,0.0790416141645,66.65462899773739,5712.200554490252,5645.5459254925145,5.720659639509597,207.46998794888708
956,38.24,209.918357311049,8.8547204447592,-216.969201145747,-13.7361759603839,431.76901397242,0,0,0,0,-17.8501775484642,-11.2036328377943,-4.07260402723959e-05,0.0001306243521735,-1.43437059584141,0.509048439706287,0.0788426388044,66.64070876691244,5712.169449276877,5645.528740509964,5.703834710889554,207.46935641242104
957,38.28,209.917241885456,8.85333324918669,-216.976628035544,-13.7361000986072,431.776636770421,0,0,0,0,-17.850078453498,-11.2123948612403,-4.07257983171561e-05,0.0001306249370616,-1.41049639147986,0.509048489024194,0.0786442928503,66.62747533038977,5712.139097000511,5645.511621670122,5.687131084225159,207.4687273066547
958,38.32,209.916155472052,8.85197994534927,-216.984113398928,-13.7360245719445,431.784313497576,0,0,0,0,-17.8499797861241,-11.2212258062513,-4.07255490874543e-05,0.0001306255286219,-1.38655078157772,0.509048532337141,0.0784465643778,66.6149668786034,5712.109534186019,5645.494567307415,5.670550491995246,207.46810057037945
959,38.36,209.915099744676,8.85066243323938,-216.991656423409,-13.7359495395201,431.792043274366,0,0,0,0,-17.8498817520072,-11.2301257893286,-4.07253430625307e-05,0.0001306260766538,-1.36253530448906,0.509048571105336,0.0782494414784,66.60323077235053,5712.080806380881,5645.47757560853,5.6540954170425755,207.46747613695715
960,38.4,209.914077070976,8.84938337530054,-216.999256278084,-13.7358752395448,431.799825213304,0,0,0,0,-17.849784659466,-11.2390953585833,-4.07251776639928e-05,0.0001306265835413,-1.3384515118861,0.509048607574506,0.0780529131378,66.59233337818704,5712.052978012077,5645.46064463389,5.637769983634579,207.46685393510975
961,38.44,209.91309076225,8.84814644932541,-217.006912152757,-13.7358019869307,431.807658452613,0,0,0,0,-17.8496889163738,-11.2481354167766,-4.07250259492148e-05,0.000130627075085,-1.31430096704921,0.509048644241718,0.0778569706457,66.5823664416605,5712.026139184619,5645.443772742959,5.621580584087327,207.46623390454857
962,38.48,209.912145033179,8.84695628463633,-217.014623303265,-13.7357301399257,431.815542191733,0,0,0,0,-17.8495949867714,-11.2572469397845,-4.07248608435199e-05,0.0001306275765485,-1.29008524302879,0.50904868357048,0.0776616089746,66.57344548354448,5712.000404585817,5645.426959102272,5.605535822364464,207.46561601464447
963,38.52,209.911245215007,8.84581869255911,-217.022389062548,-13.7356601168568,431.823475701853,0,0,0,0,-17.8495034125793,-11.2664309823375,-4.07246570816548e-05,0.0001306281121757,-1.26580592403118,0.509048728257854,0.0774668275372,66.56571554123155,5711.975919286208,5645.410203744977,5.589647028037718,207.46500026661548
964,38.56,209.910397233392,8.84474009485461,-217.030208813953,-13.7355923570882,431.831458309579,0,0,0,0,-17.8494147628163,-11.2756883564548,-4.07244129055005e-05,0.0001306286838644,-1.24146461009638,0.509048781615638,0.0772726299921,66.55933682360099,5711.952844531162,5645.39350770756,5.573927006029573,207.46438669855186
965,38.6,209.909607321239,8.84372722538189,-217.038081960722,-13.735527318405,431.839489374984,0,0,0,0,-17.8493296302472,-11.2850197614583,-4.07241490407216e-05,0.0001306292705028,-1.21706291603139,0.509048847746588,0.0770790231939,66.55447731289574,5711.931349926661,5645.376872613765,5.558389319756846,207.46377537012503
966,38.64,209.908881549183,8.84278663347063,-217.046007922308,-13.7354654446893,431.847568282709,0,0,0,0,-17.8492485895534,-11.2944257777982,-4.07239005864867e-05,0.0001306298362396,-1.19260246507083,0.509048931552786,0.0768860157221,66.55130042312842,5711.911600663097,5645.360300239968,5.543047140230994,207.46316634661562
967,38.68,209.908224656188,8.84192342345326,-217.053986150294,-13.7354070595369,431.855694442566,0,0,0,0,-17.8491720593629,-11.3039064836105,-4.07236899187063e-05,0.0001306303578637,-1.16808488207848,0.509049038702028,0.0766936165265,66.54993341523554,5711.893725694249,5645.3437922790135,5.527910523060597,207.46255969023457
968,38.72,209.907638510354,8.84113960231876,-217.062016130399,-13.7353522436343,431.863867282069,0,0,0,0,-17.8491001433951,-11.3134610251152,-4.0723510794887e-05,0.0001306308403879,-1.14351179117042,0.5090491752933,0.0765018340339,66.55042587747238,5711.877775853708,5645.327349976235,5.512982941376676,207.461955446747
969,38.76,209.907118734128,8.84043042648534,-217.070097353842,-13.7353005624785,431.872086223963,0,0,0,0,-17.8490322776392,-11.3230863329136,-4.07233509633749e-05,0.000130631295689,-1.11888481932247,0.509049346531802,0.0763106757565,66.55265784858943,5711.8636320221885,5645.310974173599,5.498253753204761,207.4613536470946
970,38.8,209.906649585093,8.83977887022979,-217.078229281143,-13.7352506679182,431.880350663925,0,0,0,0,-17.8489667140504,-11.3327753591494,-4.07232100361018e-05,0.0001306317252557,-1.09420559849855,0.509049553876806,0.0761201482684,66.55620058533312,5711.850865826706,5645.294665241372,5.483686917991961,207.46075430488443
971,38.84,209.906197080634,8.83914819558491,-217.086411336164,-13.7351997484725,431.888659969685,0,0,0,0,-17.8488998082229,-11.3425145332741,-4.072310747718e-05,0.000130632110884,-1.06947576385348,0.50904979001696,0.0759302574579,66.56012940116186,5711.838552553205,5645.278423152043,5.469205980014117,207.46015741910546
972,38.88,209.905701896678,8.83847426780779,-217.09464293766,-13.7351429368672,431.897013503397,0,0,0,0,-17.8488252514003,-11.3522808455641,-4.07230502374761e-05,0.000130632446261,-1.04469695029033,0.509050031958106,0.0757410089993,66.56282986409768,5711.825077911438,5645.26224804734,5.454678769526494,207.45956299496615
973,38.92,209.905077816588,8.83766387850119,-217.102923533219,-13.735073173303,431.905410644609,0,0,0,0,-17.8487338931217,-11.3620409507531,-4.07229551455159e-05,0.000130632815042,-1.01987079316287,0.509050235483858,0.0755524088203,66.5619549031081,5711.808095827214,5645.246140924106,5.439914687105764,207.45897106909973
974,38.96,209.904223004618,8.83660693011051,-217.111252594595,-13.7349821199207,431.913850789023,0,0,0,0,-17.8486149261903,-11.3717548678587,-4.07226721635419e-05,0.0001306333678707,-0.994998932512422,0.509050338056891,0.0753644630833,66.55473071013834,5711.78483520874,5645.230104498602,5.4246904270510115,207.458381741327
975,39.0,209.903049967194,8.83520887235391,-217.119629572441,-13.7348626543293,431.92233332161,0,0,0,0,-17.8484591185625,-11.3813874880066,-4.07221481651372e-05,0.0001306341584377,-0.970083013505912,0.509050277830681,0.0751771772816,66.53877277799504,5711.752915234603,5645.214142456608,5.408816688290743,207.4577951470979
976,39.04,209.901523915703,8.83343226551583,-217.128053849641,-13.7347120863861,431.930857586214,0,0,0,0,-17.8482629832175,-11.3909244087834,-4.07215413228796e-05,0.0001306350289826,-0.945124681522507,0.509050025041394,0.0749905546267,66.51313266502693,5711.711389258426,5645.198256593399,5.392222461573599,207.4572113523875
977,39.08,209.899682085619,8.83131767228953,-217.136524730503,-13.7345337285625,431.939422872395,0,0,0,0,-17.8480308139149,-11.4003799841033,-4.07211083257241e-05,0.0001306357233089,-0.92012557154099,0.509049603048445,0.0748045945301,66.47882542923811,5711.661270509064,5645.182445079826,5.3749959756293295,207.4566302899759
978,39.12,209.897616872694,8.82896531361919,-217.145041460982,-13.7343353977194,431.948028417777,0,0,0,0,-17.84777274308,-11.4097901494899,-4.07209197567948e-05,0.0001306361716548,-0.895087303549416,0.509049076430516,0.0746192920009,66.43836947683099,5711.605073202989,5645.166703726158,5.35734541384037,207.45605180589322
979,39.16,209.89543543861,8.82649126642267,-217.153603242247,-13.7341259940506,431.956673408485,0,0,0,0,-17.8475003071021,-11.4191958540409,-4.07208510077749e-05,0.0001306364998981,-0.870011487964608,0.509048514711423,0.0744346381134,66.39468462207786,5711.545713358097,5645.151028736019,5.339508721916918,207.4554757606253
980,39.2,209.893226097756,8.82399109819186,-217.162209216747,-13.7339127544303,431.965356970741,0,0,0,0,-17.8472228861521,-11.4286301386267,-4.07208048316e-05,0.0001306368067263,-0.844899732587106,0.509047964840937,0.0742506210063,66.35017631781388,5711.485594131313,5645.135417813499,5.321679827460847,207.45490206979898
981,39.24,209.891046813357,8.8215274916782,-217.170858452571,-13.7337003952178,431.974078169468,0,0,0,0,-17.8469465934694,-11.4381143800024,-4.07207247835375e-05,0.000130637149618,-0.819753647488712,0.509047448162233,0.0740672268568,66.3064233805971,5711.426292782327,5645.11986940173,5.303984311865568,207.4543306762004
982,39.28,209.888928794109,8.81913418835752,-217.179549967436,-13.733491460701,431.982836033888,0,0,0,0,-17.8466747272589,-11.4476600755437,-4.07205777288694e-05,0.0001306375614738,-0.794574841391893,0.509046969750517,0.0738844407893,66.26427659906922,5711.368658543015,5645.104381943946,5.2864882488340355,207.45376152261943
983,39.32,209.88688483427,8.81682502801566,-217.18828279319,-13.7332870059959,431.99162960544,0,0,0,0,-17.8464086558436,-11.4572720241988,-4.07203865553107e-05,0.0001306380174104,-0.769364917557057,0.509046526875571,0.0737022479615,66.22408585018275,5711.313039562868,5645.088953712685,5.269217144932646,207.45319454557313
984,39.36,209.884916920653,8.81460216870174,-217.197056031148,-13.7330871923268,432.000457975426,0,0,0,0,-17.8461485891532,-11.4669509353784,-4.07201925135552e-05,0.0001306384746669,-0.744125477331035,0.50904611384671,0.0735206347015,66.18590677823461,5711.25948990582,5645.073583127586,5.2521729645455695,207.45262968698418
985,39.4,209.883021585757,8.81246186605208,-217.205868849522,-13.7328917134947,432.009320282722,0,0,0,0,-17.8458941313008,-11.4766952363416,-4.07200197170652e-05,0.0001306389111657,-0.718858126348438,0.509045724438031,0.0733395890541,66.14964619231209,5711.207915216366,5645.0582690240535,5.235345991382286,207.45206690405456
986,39.44,209.881192946958,8.81039776508818,-217.214720429733,-13.7327000656262,432.018215677229,0,0,0,0,-17.845644630063,-11.4865022577937,-4.07198536782829e-05,0.0001306393439754,-0.693564481299496,0.509045352953151,0.073159100289,66.11514496229873,5711.158155420152,5645.043010457854,5.218721489768952,207.45150616208426
987,39.48,209.879424018975,8.80840232934999,-217.223609918382,-13.7325116784301,432.027143286437,0,0,0,0,-17.8453993470264,-11.4963689770985,-4.07196624656533e-05,0.000130639803299,-0.66824616702365,0.509044994558261,0.0729791578176,66.08221408014217,5711.110020438,5645.027806357858,5.202282527906991,207.45094742171008
988,39.52,209.877707727113,8.80646794700994,-217.232536430845,-13.7323260053198,432.036102216267,0,0,0,0,-17.845157574475,-11.5062926544005,-4.07194359237159e-05,0.0001306402956712,-0.642904808962295,0.509044645256791,0.0727997506029,66.0506625922597,5711.063317757655,5645.012655165395,5.186012155410279,207.45039062565186
989,39.56,209.876037482186,8.8045875430145,-217.241499093996,-13.732142546831,432.045091579998,0,0,0,0,-17.8449186656835,-11.5162708699199,-4.07191888500548e-05,0.0001306408051072,-0.617542030797048,0.509044301747355,0.0726208677187,66.0203130091997,5711.017868078232,5644.997555069032,5.169894653542807,207.44983570734075
990,39.6,209.874407535328,8.80275494825785,-217.25049707678,-13.7319608589391,432.054110522789,0,0,0,0,-17.8446820456753,-11.5263014400566,-4.07189507145191e-05,0.0001306413034163,-0.592159455851812,0.509043961427918,0.0724424996288,65.99101050729517,5710.973514965119,5644.982504457824,5.153916336470498,207.4492826075755
991,39.64,209.872813103586,8.80096502911335,-217.259529580809,-13.7317805668954,432.063158222177,0,0,0,0,-17.8444472292352,-11.5363823598705,-4.07187369997032e-05,0.0001306417759193,-0.566758715127677,0.509043622382964,0.0722646392331,65.96262610854885,5710.930128267537,5644.967502158988,5.138065853889371,207.44873128325725
992,39.68,209.871250059809,8.79921334835368,-217.268595817522,-13.7316013502189,432.072233879197,0,0,0,0,-17.844213801428,-11.5465116916939,-4.07185360535263e-05,0.0001306422333694,-0.541341450599906,0.509043282996602,0.0720872822728,65.93504815702521,5710.887595679986,5644.95254752296,5.122333531334904,207.44818171051486
993,39.72,209.869714978503,8.79749621495063,-217.277695016341,-13.7314229474638,432.081336727356,0,0,0,0,-17.8439814237917,-11.5566877062504,-4.07183346087312e-05,0.0001306426875774,-0.515909313710576,0.509042941372004,0.0719104275191,65.90818367222668,5710.845823990027,5644.9376403178,5.106711469893953,207.44763388082475
994,39.76,209.868205318286,8.79581087210871,-217.286826467293,-13.7312451479243,432.090466061395,0,0,0,0,-17.8437498235908,-11.5669087894631,-4.07181373095728e-05,0.0001306431329833,-0.490463965032239,0.509042595166879,0.0717340771625,65.88196311278142,5710.804744043133,5644.922780930351,5.091193923291915,207.4470878084031
995,39.8,209.866719614932,8.794155700762,-217.295989552217,-13.7310677894372,432.099621255825,0,0,0,0,-17.8435187909804,-11.5771733769005,-4.07179407479819e-05,0.0001306435725996,-0.465007073261345,0.509042242103501,0.0715582370281,65.85634542383296,5710.764315995686,5644.907970571853,5.075777677814024,207.4465435377622
996,39.84,209.865257330016,8.79253006487991,-217.305183722657,-13.7308907578312,432.108801745625,0,0,0,0,-17.8432881783382,-11.5874799166519,-4.0717713402179e-05,0.000130644037579,-0.439540316679039,0.509041880666396,0.0713829158182,65.83131407018043,5710.724525196395,5644.893211126215,5.060461659084858,207.4460011381344
997,39.88,209.863818199991,8.79093362784394,-217.314408438054,-13.7307139683553,432.118006978556,0,0,0,0,-17.8430578761646,-11.5978268733385,-4.07174816610342e-05,0.0001306445010624,-0.414065379345396,0.509041510427098,0.0712081232867,65.80685984559776,5710.68536447378,5644.878504628183,5.045245448935364,207.44546068429526
998,39.92,209.862401782325,8.78936588243075,-217.323663120208,-13.7305373579416,432.127236378044,0,0,0,0,-17.8428278030388,-11.6082129272644,-4.07173314776843e-05,0.0001306448768162,-0.388583943505032,0.509041131822494,0.0710338683745,65.78296917290255,5710.646821785934,5644.863852613031,5.030128240881374,207.44492223266505
999,39.96,209.861007302048,8.78782598322915,-217.332947159027,-13.7303608646495,432.136489342496,0,0,0,0,-17.8425978789182,-11.6186369115621,-4.07171637242527e-05,0.0001306452639969,-0.3630976847234,0.509040745535386,0.0708601584833,65.75962003342993,5710.6088760448465,5644.849256011416,5.015108479003568,207.4443858174448
1000,40.0,209.859633914951,8.78631301206524,-217.342259945876,-13.7301844180075,432.145765266769,0,0,0,0,-17.8423680125871,-11.6290976869126,-4.07168158035685e-05,0.0001306458252659,-0.337608271055273,0.509040351841636,0.0706869999669,65.73678876088606,5710.571504278423,5644.834715517537,5.000184420964045,207.4438514641458
1001,40.04,209.858281133177,8.78482642276711,-217.351600884614,-13.7300079567068,432.155063551731,0,0,0,0,-17.8421381246417,-11.6395941437454,-4.07165537543831e-05,0.0001306462945274,-0.312117368722491,0.509039950269097,0.0705143988025,65.71446130733965,5710.534693211397,5644.820231904057,4.985355045572778,207.44331920116298
1002,40.08,209.856948506702,8.78336570141141,-217.360969366626,-13.7298314186548,432.164383590572,0,0,0,0,-17.8419081345885,-11.6501251510885,-4.07166469726826e-05,0.0001306464024181,-0.286626645192784,0.509039539657665,0.0703423605648,65.69262464658269,5710.4984305979915,5644.805805951409,4.9706193907527,207.4427890571766
1003,40.12,209.855634495138,8.78192915854132,-217.370364747715,-13.729654671023,432.173724755334,0,0,0,0,-17.841677870047,-11.6606891212872,-4.07166324638686e-05,0.0001306466122344,-0.261137767506145,0.509039118417407,0.0701708899654,65.67123618361603,5710.462674522115,5644.791438338499,4.9559742090251815,207.4422610571361
1004,40.16,209.854336923683,8.78051441688332,-217.379786365419,-13.7294775364323,432.183086408651,0,0,0,0,-17.8414471007245,-11.6712840585261,-4.07160795931542e-05,0.0001306473552057,-0.235652399664456,0.509038684901289,0.069999990825,65.65023600804366,5710.427365804391,5644.777129796347,4.941414917080278,207.44173522790595
1005,40.2,209.853056179857,8.77912185563998,-217.389233582507,-13.7293000241122,432.192467930836,0,0,0,0,-17.8412158385826,-11.6819091376571,-4.07154959030359e-05,0.0001306481248004,-0.210172201583542,0.509038237937844,0.0698296666363,65.6296339645954,5710.392514989774,5644.762881025179,4.9269421920148035,207.44121159521896
1006,40.24,209.85179557929,8.77775500672747,-217.398705801298,-13.7291223513364,432.201868725197,0,0,0,0,-17.8409843657971,-11.6925649471258,-4.07155080984262e-05,0.0001306482957872,-0.184698833091442,0.509037777166584,0.0696599207837,65.60951967578595,5710.358212301155,5644.748692625369,4.9125626696872295,207.44069018113845
1007,40.28,209.850555194389,8.77641390531026,-217.408202418227,-13.7289444746534,432.211288181959,0,0,0,0,-17.8407526260655,-11.7032502639968,-4.07158477552626e-05,0.0001306481382196,-0.159233955343355,0.509037302758666,0.0694907555298,65.58989430582182,5710.324459708824,5644.734565403002,4.898276226182354,207.44017101528758
1008,40.32,209.84932712588,8.77509000581114,-217.417722753706,-13.7287657528138,432.220725626589,0,0,0,0,-17.8405197867009,-11.7139596773745,-4.07158075012002e-05,0.0001306483608067,-0.133779226037321,0.509036814851346,0.0693221701711,65.57054193428513,5710.291042262591,5644.720500328306,4.8840663444356744,207.43965413332145
1009,40.36,209.848101569839,8.77377273342695,-217.427266022531,-13.72858543952,432.230180298462,0,0,0,0,-17.8402848783907,-11.7246870486039,-4.07152411573055e-05,0.0001306491105037,-0.108336291359486,0.509036313481581,0.0691541598059,65.55119549018524,5710.257693184095,5644.70649769391,4.869912559797025,207.4391395459941
1010,40.4,209.846878983011,8.77246258837427,-217.436831368418,-13.7284036126328,432.239651375688,0,0,0,0,-17.8400480021194,-11.7354321720934,-4.071465200128e-05,0.0001306498842585,-0.0829067800223222,0.509035799105905,0.0689867156606,65.53186865957606,5710.2244249020005,5644.692556242424,4.855815127421849,207.4386272070972
1011,40.44,209.845673527242,8.7711748333749,-217.44641792015,-13.7282214014268,432.249138015443,0,0,0,0,-17.839810624602,-11.7462024149405,-4.07144619417823e-05,0.0001306502601538,-0.0574923061507467,0.509035272936673,0.0688198264396,65.51294936050799,5710.191622779764,5644.678673419256,4.841801761411771,207.43811702275127
1012,40.48,209.844501586043,8.76992711526058,-217.456024811962,-13.7280400869917,432.258639369736,0,0,0,0,-17.8395744099976,-11.7570063754365,-4.07145698136949e-05,0.0001306503396329,-0.0320944763731056,0.50903473667096,0.0686534794337,65.4948861919819,5710.159732635429,5644.664846443447,4.827904247132109,207.43760889075796
1013,40.52,209.843365168943,8.76872161863735,-217.465651161317,-13.7278598612775,432.2681545729,0,0,0,0,-17.8393396079601,-11.7678452022086,-4.0714636274749e-05,0.0001306504629068,-0.006714895691781,0.509034192106313,0.0684876608976,65.47773612011434,5710.128809151063,5644.651073030949,4.814125159155793,207.43710272718005
1014,40.56,209.842244913635,8.7675375612516,-217.475296050307,-13.7276793310949,432.277682733786,0,0,0,0,-17.8391044090651,-11.7787090261948,-4.07144917305165e-05,0.0001306508008189,0.0186448304365975,0.50903364117808,0.0683223563965,65.46097397907236,5710.098325451459,5644.637351472386,4.800424293709427,207.4365984691991
1015,40.6,209.841108907501,8.7663406849043,-217.484958549519,-13.7274961861489,432.287222958264,0,0,0,0,-17.8388658123485,-11.7895814309652,-4.07141613538864e-05,0.0001306513293191,0.0439830968994723,0.509033086130963,0.0681575518568,65.44373266750323,5710.067413150048,5644.623680482545,4.786736869388082,207.43609606958444
1016,40.64,209.839931676299,8.76510364987821,-217.494637766849,-13.7273085935183,432.296774386787,0,0,0,0,-17.8386214367803,-11.8004490477995,-4.07137443887467e-05,0.000130651949753,0.0692982972982119,0.509032529113452,0.0679932349361,65.4253200117544,5710.035379057399,5644.610059045644,4.7730116572960135,207.43559549100675
1017,40.68,209.838711048665,8.76382413960098,-217.504332868692,-13.7271164306933,432.30633620845,0,0,0,0,-17.8383711230992,-11.8113102367826,-4.07134153562646e-05,0.0001306524874895,0.0945888218469997,0.509031970984158,0.0678293955521,65.40567805725362,5710.0021640876885,5644.596486030435,4.75924427044805,207.43509669189342
1018,40.72,209.837471369538,8.76252830244648,-217.51404304984,-13.726921519667,432.315907636598,0,0,0,0,-17.8381172379298,-11.8221769028732,-4.07133188379031e-05,0.0001306527970983,0.119853057278777,0.509031409944341,0.0676660250819,65.38547089120543,5709.968430700447,5644.582959809241,4.745482876674965,207.43459961242846
1019,40.76,209.836250797203,8.76125709834755,-217.523767485975,-13.7267266884997,432.325487873331,0,0,0,0,-17.8378634548234,-11.8330680284851,-4.07133121709384e-05,0.0001306530195409,0.145089389652078,0.50903084121492,0.0675031151171,65.36573880676939,5709.935217235499,5644.56947842873,4.731802393036132,207.4341041808282
1020,40.8,209.835082702589,8.76004632272811,-217.533505320542,-13.7265344008452,432.335076101248,0,0,0,0,-17.8376129741335,-11.8440001340052,-4.07130844955329e-05,0.0001306534630076,0.17029620867552,0.509030258676183,0.0673406570975,65.34739163582586,5709.903431762073,5644.556040126246,4.718267528065947,207.43361033231628
1021,40.84,209.833983526054,8.75891357948269,-217.543255696951,-13.7263458654104,432.344671508933,0,0,0,0,-17.8373673661479,-11.8549810356679,-4.07126718851246e-05,0.0001306540880794,0.195471907985577,0.509029657969813,0.0671786431293,65.33087797091152,5709.873521645097,5644.5426436741855,4.704909149223152,207.43311802177902
1022,40.88,209.832950245662,8.75785558421779,-217.553017798249,-13.7261608613232,432.354273321016,0,0,0,0,-17.8371263440429,-11.8660086261955,-4.07124352350265e-05,0.0001306545306576,0.220614882188924,0.509029039342043,0.0670170670714,65.31611635343725,5709.8454046535035,5644.529288300067,4.691719854683193,207.43262722082832
1023,40.92,209.831962070557,8.7568500035909,-217.562790856103,-13.7259778823296,432.363880805399,0,0,0,0,-17.8368879511389,-11.8770719033025,-4.07124373578544e-05,0.0001306547256977,0.245723523491043,0.509028408638449,0.0668559249579,65.30254157409479,5709.8185150392865,5644.515973465192,4.6786578148083455,207.43213790966735
1024,40.96,209.830982735715,8.75585792836094,-217.572574134259,-13.7257943213291,432.373493262942,0,0,0,0,-17.8366488007652,-11.8881521636061,-4.07123930160295e-05,0.0001306549574943,0.270796219955945,0.509027776014509,0.0666952148978,65.28916706603425,5709.7918659808765,5644.502698914842,4.665651668646155,207.4316500789354
1025,41.0,209.829966496185,8.75483030134289,-217.582366922135,-13.7256069089543,432.383110025931,0,0,0,0,-17.8364046462046,-11.8992259392772,-4.07121773340406e-05,0.0001306553511155,0.295831355923111,0.509027153117043,0.0665349372818,65.27474777226324,5709.764212694758,5644.489464922494,4.652612532134966,207.43116373868256
1026,41.04,209.828870950564,8.75372165622546,-217.592168555151,-13.7254126260031,432.392730475493,0,0,0,0,-17.8361515660452,-11.9102713193927,-4.07118820736887e-05,0.0001306558155893,0.320827310630541,0.509026550053975,0.0663750955526,65.25812891344063,5709.734401379985,5644.476272466544,4.639459082100296,207.43067892486417
1027,41.08,209.827673203212,8.75250743113438,-217.601978436815,-13.7252098486377,432.40235405753,0,0,0,0,-17.8358874515143,-11.9212759514587,-4.07115834804174e-05,0.0001306562751212,0.345782456441975,0.509025973206388,0.0662156967369,65.2386859866049,5709.701809014458,5644.463123027854,4.6261487066202465,207.43019569190093
1028,41.12,209.826380394958,8.75119524715981,-217.61179602795,-13.7249990961178,432.411980271866,0,0,0,0,-17.8356129771625,-11.9322422395869,-4.07112964229268e-05,0.0001306567146527,0.370695159607598,0.50902542397817,0.0660567508037,65.21661186055242,5709.666629910034,5644.4500180494815,4.612697272175115,207.42971409282427
1029,41.16,209.825027174558,8.74982218748158,-217.621620803803,-13.7247828463849,432.421608637264,0,0,0,0,-17.8353313611237,-11.9431861188283,-4.07109939437438e-05,0.0001306571613346,0.395563784888698,0.50902489796214,0.0658982689689,65.1928483029932,5709.629806907387,5644.436958604394,4.599173419341739,207.42923416706498
1030,41.2,209.823661366058,8.74843942899103,-217.631452216839,-13.7245645077085,432.431238661614,0,0,0,0,-17.8350470300121,-11.9541302148138,-4.07107186859793e-05,0.0001306575740165,0.420386703394745,0.509024384757297,0.0657402620657,65.16869587700145,5709.592641365091,5644.42394548809,4.585670313596728,207.42875594385708
1031,41.24,209.822326566404,8.74709359303459,-217.64128969633,-13.7243471698226,432.440869839521,0,0,0,0,-17.8347639973463,-11.9650953101111,-4.07106203001214e-05,0.0001306578058937,0.445162296963808,0.509023869544854,0.0655827398937,65.14534003485608,5709.556319616474,5644.4109795816175,4.572272017221274,207.42827945557855
1032,41.28,209.821050160939,8.74581391058411,-217.65113267386,-13.7241327436214,432.450501667836,0,0,0,0,-17.8344847458411,-11.9760940153244,-4.07106876093661e-05,0.0001306578720623,0.469888957493191,0.50902333644255,0.0654257113557,65.12352467726903,5709.521586854673,5644.3980621774035,4.559030758465962,207.4278047497251
1033,41.32,209.819840510267,8.74460922020914,-217.660980597058,-13.72392176468,432.460133651797,0,0,0,0,-17.8342099715755,-11.987128985081,-4.07106200473953e-05,0.0001306580769672,0.49456508398416,0.509022771649678,0.0652691845228,65.1034755780636,5709.488670583312,5644.3851950052485,4.545961992716484,207.42733188986583
1034,41.36,209.818693128372,8.74347460193916,-217.670832912838,-13.7237138512063,432.469765290477,0,0,0,0,-17.8339391786222,-11.9981961838272,-4.07102193902198e-05,0.0001306586203818,0.519189080388774,0.509022164651592,0.065113166243,65.08506891233345,5709.457448731678,5644.372379819344,4.533056578618383,207.426860940466
1035,41.4,209.817601841078,8.74240334409959,-217.680689041095,-13.7235085206906,432.479396058764,0,0,0,0,-17.8336717400749,-12.0092911258605,-4.07097354351818e-05,0.000130659250105,0.543759356924941,0.509021508246789,0.0649576617776,65.06813555150161,5709.427753291884,5644.359617740382,4.520302203308527,207.42639194271038
1036,41.44,209.816567030432,8.74139577179773,-217.690548371691,-13.7233057782352,432.489025408561,0,0,0,0,-17.8334076624772,-12.0204132841861,-4.07094932489095e-05,0.0001306596360408,0.568274330915283,0.509020799313302,0.0648026750757,65.05268559744165,5709.399594659959,5644.346909062518,4.507699001292496,207.4259249074089
1037,41.48,209.815594969351,8.74045851662923,-217.700410288398,-13.7231060471838,432.498652788303,0,0,0,0,-17.833147495643,-12.0315652297885,-4.07094021052199e-05,0.0001306598647772,0.592732425266592,0.509020040390085,0.064648209531,65.03888972334163,5709.373143530668,5644.334253807327,4.495258162054639,207.42545983535445
1038,41.52,209.814690095704,8.73959623154265,-217.710274189753,-13.7229096027835,432.508277656698,0,0,0,0,-17.8328915967915,-12.0427480400205,-4.07092290867705e-05,0.0001306601682113,0.617132065891134,0.509019240021694,0.0644942684047,65.02686824769616,5709.348520664579,5644.321652416883,4.482987279118291,207.42499674279298
1039,41.56,209.813847735913,8.73880381177028,-217.720139478716,-13.7227160688016,432.51789947166,0,0,0,0,-17.8326394765316,-12.0539575201869,-4.07089995527958e-05,0.0001306605223176,0.641471680531883,0.509018410742481,0.0643408543628,65.01649308119727,5709.325598887154,5644.309105805957,4.470876741837931,207.4245356633417
1040,41.6,209.813052006017,8.73806417929272,-217.730005527545,-13.7225243079671,432.527517662236,0,0,0,0,-17.8323896566697,-12.0651837711758,-4.07088116132644e-05,0.0001306608308336,0.665749702683707,0.509017566552613,0.0641879684292,65.0073312701567,5709.303945973803,5644.296614703646,4.458896003112217,207.42407662379438
1041,41.64,209.812276554903,8.73734909989063,-217.739871650607,-13.7223325027289,432.537131608348,0,0,0,0,-17.8321397756183,-12.076412296111,-4.07086620015971e-05,0.0001306610986041,0.689964576847514,0.509016722579628,0.0640356091205,64.99866569468251,5709.282844874216,5644.284179179534,4.446995195904419,207.42361962670822
1042,41.68,209.811485107454,8.73661976595295,-217.749737106941,-13.7221381938981,432.54674064234,0,0,0,0,-17.831886639445,-12.0876247406003,-4.07085366211481e-05,0.0001306613410619,0.714114762278324,0.509015896900981,0.0638837721614,64.98950974003567,5709.261308492182,5644.271798752146,4.435106357144949,207.42316465438938
1043,41.72,209.810633277661,8.73582872833059,-217.759601121975,-13.7219383915558,432.556344062861,0,0,0,0,-17.8316263665834,-12.0987999286292,-4.07083917656379e-05,0.0001306616029441,0.738198733660663,0.509015111259944,0.0637324505784,64.97865631771391,5709.238129022879,5644.259472705165,4.423146999997907,207.4227116805136
1044,41.76,209.809675660812,8.73492746859298,-217.769462901628,-13.7217300489999,432.565941142847,0,0,0,0,-17.83135500304,-12.109916916821,-4.07081463906352e-05,0.0001306619659105,0.762214978255359,0.509014387696635,0.0635816348437,64.96487066274564,5709.21207094116,5644.247200278414,4.411033399005846,207.422260677145
1045,41.8,209.808579976828,8.73388151650195,-217.779321627938,-13.7215110385838,432.575531126847,0,0,0,0,-17.8310697882498,-12.1209612469688,-4.07077904782202e-05,0.0001306624402932,0.786161993930379,0.509013742207423,0.063431313113,64.94727558213751,5709.1822558613385,5644.234980279201,4.398706716300795,207.42181160045288
1046,41.84,209.807341681096,8.73268606693721,-217.789176450818,-13.7212811645119,432.585113229489,0,0,0,0,-17.8307704685669,-12.1319314743362,-4.07074242923943e-05,0.0001306629260254,0.810038286933651,0.509013179708023,0.0632814718381,64.92574969515367,5709.148560118192,5644.222810423038,4.386159638545419,207.42136436648386
1047,41.88,209.805987189473,8.73136940317359,-217.799026495267,-13.7210423650321,432.594686646599,0,0,0,0,-17.8304595591724,-12.1428402261869,-4.07071588521461e-05,0.000130663312157,0.833842369555622,0.50901269314992,0.0631320967916,64.90101508428381,5709.111702523805,5644.210687439521,4.3734417116248165,207.42091885505286
1048,41.92,209.80456192934,8.72998008700211,-217.808870884372,-13.7207978490225,432.604250575732,0,0,0,0,-17.8301412241323,-12.1537084382502,-4.0706981529451e-05,0.0001306636111367,0.857572758267476,0.509012266144588,0.0629831741375,64.87431114035232,5709.072919220175,5644.198608079823,4.360636781353544,207.42047494676763
1049,41.96,209.803113062491,8.72856847497005,-217.818708760265,-13.7205508847086,432.613804232495,0,0,0,0,-17.8298197056101,-12.1645577454131,-4.07068009838192e-05,0.0001306639139283,0.881227970809936,0.509011877320491,0.0628346911506,64.84692353109213,5709.033493545086,5644.186570013993,4.347831032227776,207.42003255600406
1050,42.0,209.801679099876,8.72717563766415,-217.82853928863,-13.7203041036173,432.623346854459,0,0,0,0,-17.8294984210388,-12.1754062861674,-4.0706592874151e-05,0.0001306642445104,0.904806525620333,0.509011505484182,0.0626866365175,64.81990165002372,5708.994473434858,5644.174571784834,4.335094080743895,207.41959162921117
1051,42.04,209.800287817261,8.7258311589991,-217.838361650787,-13.7200593882066,432.632877697256,0,0,0,0,-17.8291798165721,-12.1862677554233,-4.07064333172881e-05,0.0001306645264968,0.928306942326323,0.509011134403644,0.0625390004168,64.79400235279599,5708.956614706586,5644.16261235379,4.322475433057221,207.41915212822272
1052,42.08,209.798956823116,8.72455375395416,-217.848175038005,-13.7198179249121,432.64239603208,0,0,0,0,-17.8288654347917,-12.1971510738255,-4.07063664932833e-05,0.0001306647153559,0.95172774255789,0.509010755089448,0.062391774485,64.76970557205892,5708.920396511143,5644.150690939084,4.31000577164529,207.4187140243089
1053,42.12,209.797694216034,8.72335197446802,-217.857978655211,-13.7195802506905,432.651901147467,0,0,0,0,-17.8285559743716,-12.2080601922984,-4.07062263859203e-05,0.0001306649764546,0.97506745214664,0.509010364116371,0.0622449516006,64.74723222830549,5708.886039222469,5644.138806994163,4.297698362917459,207.41827729738438
1054,42.16,209.79650045279,8.7222262099328,-217.867771727851,-13.7193463803279,432.661392351037,0,0,0,0,-17.8282514551724,-12.2189948828122,-4.07058116730816e-05,0.0001306655102271,0.998324601804089,0.50900995906512,0.0620985255133,64.72659517470804,5708.853555270044,5644.1269600953365,4.285552620594206,207.41784193187868
1055,42.2,209.795371737237,8.7211723210138,-217.877553503301,-13.7191160487662,432.67086896829,0,0,0,0,-17.8279515331171,-12.2299527699254,-4.07052910079426e-05,0.0001306661472399,1.02149772773287,0.509009534620648,0.0619524906159,64.7076917720568,5708.822841355446,5644.115149583389,4.273560376400322,207.41740790356613
1056,42.24,209.794301217788,8.72018293103728,-217.887323247817,-13.7188888075208,432.680330342089,0,0,0,0,-17.8276556256826,-12.2409302730753,-4.07050301941167e-05,0.0001306665212191,1.04458537066455,0.509009082370475,0.0618068421857,64.69033665218946,5708.7937110375,5644.10337438531,4.261708151567096,207.41697517301435
1057,42.28,209.793275020498,8.7192431863028,-217.897080247723,-13.7186637561614,432.68977583808,0,0,0,0,-17.8273625632331,-12.2519203543415,-4.07050246553426e-05,0.000130666636358,1.06758607328986,0.509008593686728,0.0616615770511,64.67415329977986,5708.765786786928,5644.091633487148,4.249970148697836,207.41654370296126
1058,42.32,209.792267529613,8.71832570544218,-217.906823819294,-13.7184392119929,432.699204855457,0,0,0,0,-17.8270701599059,-12.2629095832943,-4.07049708157497e-05,0.0001306667955638,1.09049837868161,0.509008062163122,0.0615166942507,64.65844494685754,5708.738371563566,5644.079926616709,4.23829999335555,207.4161134834039
1059,42.36,209.791244382753,8.71739376614074,-217.916553321215,-13.7182128984521,432.708616836279,0,0,0,0,-17.8267754582827,-12.2738794112777,-4.07047447837834e-05,0.0001306671217402,1.11332082884886,0.50900748346711,0.0613721953134,64.64227581596599,5708.710530319424,5644.068254503458,4.2266363270633835,207.41568454114972
1060,42.4,209.790176106952,8.71641585852934,-217.926268159545,-13.717982859805,432.718011267772,0,0,0,0,-17.8264759177445,-12.2848136031986,-4.0704406353155e-05,0.0001306675540968,1.13605196558115,0.509006854202389,0.0612280842104,64.62484272972245,5708.681461054249,5644.056618324526,4.214927232256619,207.4152569194574
1061,42.44,209.789053893289,8.71538251424129,-217.935967782206,-13.717748517479,432.727387678732,0,0,0,0,-17.8261707867884,-12.295706837394,-4.07039987424893e-05,0.0001306680486057,1.15869033133808,0.509006172305871,0.0610843672851,64.60590505497287,5708.65092406509,5644.045019010117,4.203158085410834,207.4148306525113
1062,42.48,209.787894931591,8.71431197973936,-217.945651669244,-13.7175110137686,432.736745634864,0,0,0,0,-17.8258615493934,-12.3065673279951,-4.07036036428667e-05,0.0001306685228462,1.18123446966923,0.509005438824761,0.0609410532328,64.58592993750558,5708.619387110967,5644.033457173462,4.19136051891231,207.41440576284728
1063,42.52,209.78673245129,8.71323957431271,-217.955319326193,-13.7172725317273,432.746084734898,0,0,0,0,-17.8255510414523,-12.3174112581713,-4.07033926655934e-05,0.0001306688044675,1.20368292680331,0.509004658856908,0.0607981528066,64.56582080616165,5708.587754410778,5644.021933604617,4.179594249294781,207.41398227949935
1064,42.56,209.785597329669,8.71219807316394,-217.96497028069,-13.7170350670796,432.755404604275,0,0,0,0,-17.8252418555181,-12.3282530374191,-4.07034307638498e-05,0.0001306688278668,1.22603425358383,0.509003840664117,0.0606556779398,64.54641638168097,5708.556866178193,5644.010449796511,4.167914312430967,207.41356025733165
1065,42.6,209.784504377724,8.7112031073728,-217.974604076513,-13.7167995362975,432.764704883162,0,0,0,0,-17.8249351822284,-12.3390984268004,-4.07034478598218e-05,0.0001306688626869,1.24828700924261,0.509002994081506,0.0605136404594,64.52811757169884,5708.527125440938,5643.999007869239,4.156346993867054,207.41313977425622
1066,42.64,209.783451404928,8.71025219479457,-217.98422026141,-13.7165657393252,432.773985210868,0,0,0,0,-17.8246307618005,-12.3499444029053,-4.07030958268162e-05,0.000130669256927,1.27043976436406,0.509002129192932,0.0603720510011,64.51086251857535,5708.498472591738,5643.987610073163,4.144888502141543,207.41272091297233
1067,42.68,209.782429350095,8.7093355533706,-217.993818372295,-13.716333043989,432.783245213008,0,0,0,0,-17.8243277730633,-12.3607847191692,-4.07025143715081e-05,0.0001306698712389,1.29249110164928,0.509001254819533,0.0602309185937,64.49440281243466,5708.470661063164,5643.976258250729,4.133523013687655,207.41230374118868
1068,42.72,209.781434291299,8.708448902139,-218.003397925435,-13.7161011815845,432.79248449618,0,0,0,0,-17.8240258670162,-12.3716163641104,-4.07021948232006e-05,0.000130670215322,1.31443961533723,0.509000376181262,0.0600902508058,64.47863068180433,5708.443584134174,5643.96495345237,4.122243750110984,207.41188829750786
1069,42.76,209.780471200205,8.70759744558115,-218.012958415714,-13.715870478856,432.801702649194,0,0,0,0,-17.8237254681271,-12.3824412356338,-4.07022054144354e-05,0.0001306702226262,1.33628390937641,0.508999492380205,0.0599500539646,64.46368095657763,5708.417377090662,5643.953696134085,4.111059384027724,207.41147459868765
1070,42.8,209.779548439388,8.70678999038802,-218.022499321938,-13.7156414751448,432.810899246082,0,0,0,0,-17.8234272769233,-12.393262794109,-4.07021272007949e-05,0.0001306703142952,1.35802259733836,0.50899859570975,0.0598103331304,64.44978079395855,5708.392267489885,5643.942486695926,4.099984285407547,207.41106265942963
1071,42.84,209.778671393407,8.70603215456501,-218.032020111384,-13.7154144969973,432.820073847224,0,0,0,0,-17.8231317173593,-12.4040826043957,-4.07017908322919e-05,0.0001306706623595,1.37965430268822,0.508997674355993,0.059671091965,64.4370761364652,5708.368401853156,5643.9313257166905,4.089027427785518,207.4106525010042
1072,42.88,209.777841832635,8.70532569889937,-218.041520239458,-13.7151896254062,432.8292259986,0,0,0,0,-17.8228388941656,-12.4149002024334,-4.07014335795484e-05,0.0001306710324869,1.40117765859839,0.508996717268824,0.0595323328042,64.4256146417859,5708.345828354779,5643.920213712993,4.078191378344779,207.4102441423966
1073,42.92,209.777060590542,8.70467138580329,-218.05099914595,-13.7149668804742,432.838355231163,0,0,0,0,-17.8225488326584,-12.4257146022076,-4.07011863217014e-05,0.0001306712961091,1.42259130786762,0.508995717399764,0.05939405697,64.41541873146267,5708.324569674626,5643.909150943164,4.067477011210926,207.40983759310032
1074,42.96,209.776328443137,8.70406991064902,-218.060456252194,-13.7147462765014,432.847461061184,0,0,0,0,-17.8222615503054,-12.4365245026058,-4.07009771981919e-05,0.0001306715257387,1.44389390188704,0.508994670818511,0.0592562650074,64.4065092539717,5708.30464692898,5643.898137675009,4.056885035311906,207.40943286295703
1075,43.0,209.775645632434,8.70352139898557,-218.069890961139,-13.7145277956434,432.856542990231,0,0,0,0,-17.8219770225873,-12.4473280031514,-4.07007645911221e-05,0.0001306717619271,1.46508410165556,0.508993573923342,0.059118956532,64.39889244561144,5708.286066703376,5643.887174257764,4.046415165479451,207.4090299648009
1076,43.04,209.77501154293,8.70302507641351,-218.079302658008,-13.7143113781472,432.865600502672,0,0,0,0,-17.8216951704522,-12.4581227329941,-4.07005443146927e-05,0.0001306720071654,1.48616057945251,0.508992423565822,0.0589821297129,64.3925513973617,5708.2688122491245,5643.876260851763,4.036065561544557,207.4086289045241
1077,43.08,209.774423618554,8.70257812373238,-218.088690707529,-13.7140968574949,432.874633059846,0,0,0,0,-17.8214157763305,-12.4689056491369,-4.07003135634368e-05,0.0001306722631852,1.50712202014297,0.508991222054706,0.0588457806994,64.3874167830071,5708.25281401199,5643.865397228983,4.02583097447023,207.40822967374697
1078,43.12,209.773874839415,8.70217299838907,-218.098054446807,-13.7138838047016,432.883640092535,0,0,0,0,-17.8211382823516,-12.4796722488498,-4.0700090378668e-05,0.0001306725119074,1.52796712287329,0.508989983746373,0.0587099032804,64.3832983559755,5708.237880971009,5643.854582615034,4.0156984892601715,207.40783224401116
1079,43.16,209.773349444317,8.70179288920551,-218.107393178161,-13.713671262198,432.89262099547,0,0,0,0,-17.8208614453104,-12.4904148822218,-4.06998966165822e-05,0.0001306727319813,1.54869460053522,0.508988738003436,0.0585744888613,64.3797685268738,5708.223584242196,5643.843815715322,4.005640371811487,207.40743656774123
1080,43.2,209.772818087384,8.7014065743634,-218.116706168217,-13.7134574464259,432.901575127664,0,0,0,0,-17.8205829510864,-12.5011207799779,-4.06997442698146e-05,0.0001306729117913,1.56930317956775,0.508987526755868,0.0584395267077,64.37603045655446,5708.209125283588,5643.833094827033,3.9956060793915755,207.40704258235994
1081,43.24,209.77223503806,8.70096545017942,-218.125992655817,-13.7132395761069,432.910501819805,0,0,0,0,-17.8202991921135,-12.5117708653261,-4.06996045627744e-05,0.0001306730802877,1.58979159916181,0.50898639928208,0.0583050044166,64.37084162313674,5708.193259703376,5643.822418080239,3.985517840425706,207.40665021914867
1082,43.28,209.771541614426,8.70040717130855,-218.135251864617,-13.7130140782523,432.919400385986,0,0,0,0,-17.8200055346633,-12.5223408734131,-4.06994022593502e-05,0.000130673312821,1.61015860886363,0.508985406754548,0.0581709085745,64.36260677553302,5708.17439068521,5643.811783909677,3.9752767762665617,207.40625942058506
1083,43.32,209.770680605243,8.6996709682561,-218.144483013364,-13.7127774847028,432.928270135054,0,0,0,0,-17.8196974814488,-12.5328071163077,-4.06990830678586e-05,0.0001306736635932,1.63040296750404,0.508984595375647,0.0580372254913,64.34977028378349,5708.150961431981,5643.801191148198,3.9647873879317554,207.40587014377724
1084,43.36,209.769618782443,8.69872156742685,-218.153685320835,-13.7125278429547,432.937110378807,0,0,0,0,-17.8193725009236,-12.543156004945,-4.06986757687924e-05,0.0001306741035126,1.65052344109934,0.508983995793709,0.0579039418457,64.33142932680279,5708.122067761907,5643.790638435104,3.9539952538256418,207.4054823387204
1085,43.4,209.768363925715,8.69756727558061,-218.162858009322,-13.7122657789654,432.945920438423,0,0,0,0,-17.8190314051097,-12.5533913914193,-4.0698292258641e-05,0.0001306745202392,1.6705188020342,0.508983611264701,0.0577710451693,64.30779791468184,5708.087921371106,5643.780123456424,3.942915019773338,207.40509592037773
1086,43.44,209.766962021308,8.69625697359036,-218.17200031258,-13.7119942919211,432.954699652219,0,0,0,0,-17.8186780831514,-12.5635330071644,-4.06980139436823e-05,0.0001306748319088,1.69038782922919,0.508983412404341,0.0576385242354,64.28013044240932,5708.049773609152,5643.769643166743,3.9316249142648396,207.40471077683227
1087,43.48,209.765475649183,8.69485711266009,-218.181111488217,-13.7117173599714,432.963447384711,0,0,0,0,-17.8183176936318,-12.5736069020467,-4.06978125260848e-05,0.0001306750664724,1.71012930682648,0.508983345095653,0.0575063694065,64.25013235659337,5708.009327363519,5643.759195006926,3.9202300427092758,207.40432681403755
1088,43.52,209.763960984615,8.69342727655785,-218.19019082711,-13.7114384972591,432.972163032426,0,0,0,0,-17.8179547941544,-12.5836361011811,-4.06976377303628e-05,0.0001306752739885,1.72974202425375,0.508983349058829,0.0573745728364,64.21933365138545,5707.968111241299,5643.7487775899135,3.9088239399328284,207.40394398102006
1089,43.56,209.762456838253,8.6920085668818,-218.199237652662,-13.7111600978262,432.98084602186,0,0,0,0,-17.817592490672,-12.5936364881214,-4.0697464068958e-05,0.0001306754797946,1.74922477587728,0.508983374991682,0.0572431283437,64.18879087326314,5707.927181334042,5643.738390460779,3.8974706041969664,207.40356226106155
1090,43.6,209.760985042982,8.69062404581071,-218.208251311202,-13.710883492309,432.989495800682,0,0,0,0,-17.8172325105315,-12.6036171694716,-4.06972679269424e-05,0.0001306757073204,1.76857636159878,0.508983389866651,0.0571120309666,64.1590982506242,5707.88713174481,5643.728033494186,3.8862054946307008,207.40318164955602
1091,43.64,209.759555363394,8.68928396919163,-218.21723116281,-13.7106092725523,432.998111829565,0,0,0,0,-17.8168756230007,-12.6135825574561,-4.06970450049598e-05,0.0001306759606798,1.7877955889434,0.508983372615945,0.0569812765125,64.13052174852767,5707.848228181685,5643.717706433157,3.8750439430614207,207.40280213705972
1092,43.68,209.758170375453,8.68799096705351,-218.226176580819,-13.7103375925179,433.006693581737,0,0,0,0,-17.8165220293472,-12.6235342993835,-4.06968057201204e-05,0.0001306762294682,1.80688127315721,0.508983309919156,0.0568508614892,64.10313186047921,5707.810540740217,5643.707408879738,3.86398939639417,207.40242370894808
1093,43.72,209.756829717703,8.68674455186276,-218.235086959626,-13.7100684250254,433.015240550492,0,0,0,0,-17.8161716958897,-12.6334730216173,-4.06965642911309e-05,0.0001306764998144,1.82583223717994,0.508983196019322,0.0567207834967,64.07691917648056,5707.774059584687,5643.697140408207,3.853040537898868,207.40204634957612
1094,43.76,209.755532821112,8.6855440127607,-218.243961723328,-13.7098017265198,433.023752258198,0,0,0,0,-17.815824567715,-12.6433993153718,-4.06963499292901e-05,0.0001306767431736,1.8446473099989,0.508983032409053,0.0565910417731,64.05186849543034,5707.7387692309485,5643.686900735518,3.84219583040912,207.40167004854212
1095,43.8,209.754279482606,8.68438902346959,-218.252800328974,-13.7095374725997,433.03222826071,0,0,0,0,-17.8154806145809,-12.6533136364811,-4.06961580589086e-05,0.0001306769645916,1.8633253247766,0.508982824232903,0.056461637511,64.02797423309183,5707.704664153072,5643.67668991998,3.831454464846547,207.40129480798882
1096,43.84,209.753069411933,8.68327916889028,-218.26160226557,-13.709275638705,433.040668147318,0,0,0,0,-17.8151398057064,-12.6632159917942,-4.06958829841628e-05,0.0001306772688816,1.88186511892702,0.508982576178298,0.0563325738643,64.00522815951308,5707.671736452902,5643.666508293389,3.8208156212002815,207.40092064010958
1097,43.88,209.751901453419,8.68221311864183,-218.270367054424,-13.7090161517646,433.049071540965,0,0,0,0,-17.8148020469448,-12.6731055309611,-4.06954796621334e-05,0.0001306776982669,1.90026553403998,0.508982291402433,0.0562038558727,63.98359821228153,5707.639954682946,5643.656356470665,3.810277202885847,207.40054756750226
1098,43.92,209.750773275883,8.68118829444026,-218.279094253171,-13.7087588666594,433.057438101274,0,0,0,0,-17.814467150275,-12.6829805011543,-4.06951781979707e-05,0.0001306780191303,1.91852541739507,0.508981972334563,0.0560754904955,63.96302008386775,5707.609255408537,5643.64623532467,3.7998353561761204,207.40017562224392
1099,43.96,209.749680792093,8.68020024732148,-218.287783459429,-13.7085035230579,433.065767527258,0,0,0,0,-17.8141347778138,-12.6928379588796,-4.06951500369547e-05,0.0001306780577958,1.93664362272255,0.508981620011363,0.0559474866447,63.94338136019793,5707.579527410428,5643.63614605023,3.7894835552651394,207.3998048482437
1100,44.0,209.748617554473,8.67924200532592,-218.296434308108,-13.7082496970294,433.074059554284,0,0,0,0,-17.8138043789755,-12.7026732141021,-4.0695105239239e-05,0.0001306781037705,1.95461901045356,0.508981232492723,0.0558198549309,63.92450482944461,5707.55059524114,5643.626090411696,3.7792116311110004,207.39943531034015
1101,44.04,209.747577474602,8.67830696020421,-218.305046461061,-13.707996968239,433.082313943698,0,0,0,0,-17.8134754076935,-12.7124813251963,-4.06947348668685e-05,0.0001306784664816,1.97245044860315,0.508980806298771,0.0556926069972,63.90622263792913,5707.5222932263005,5643.616070588371,3.769010142695346,207.39906708862134
1102,44.08,209.746560517633,8.67739492052011,-218.313619593219,-13.707745278502,433.090530468834,0,0,0,0,-17.8131477882887,-12.7222605920032,-4.06942339247083e-05,0.0001306789516701,1.99013681331611,0.508980341722871,0.055565754637,63.888531804974654,5707.494620417671,5643.606088612697,3.758879455952933,207.39870025777802
1103,44.12,209.745574805191,8.67651435662986,-218.322153379957,-13.7074950736728,433.098708902191,0,0,0,0,-17.812822099964,-12.7320142105851,-4.06939510695423e-05,0.0001306792115948,2.00767699136096,0.508979847452735,0.0554393090097,63.87165195822236,5707.467797815928,5643.596145857706,3.7488329586947238,207.39833486826822
1104,44.16,209.744629257049,8.67567459967309,-218.330647487038,-13.7072468611792,433.106849005593,0,0,0,0,-17.8124990020524,-12.741746252089,-4.06938840844979e-05,0.0001306792494534,2.02506988269285,0.508979339867239,0.0553132801031,63.85582492766366,5707.4420681404545,5643.586243212791,3.73888513096051,207.39797095277655
1105,44.2,209.743721202526,8.67487270484711,-218.339101562487,-13.7070004626526,433.114950522819,0,0,0,0,-17.8121782629272,-12.7514545261667,-4.06938015919377e-05,0.000130679297484,2.04231440235826,0.508978837886559,0.0551876764034,63.840977090717274,5707.4173587183195,5643.576381627602,3.729031784373369,207.397608546202
1106,44.24,209.742830255585,8.67408696888498,-218.347515231512,-13.7067546570231,433.123013175235,0,0,0,0,-17.8118582961841,-12.7611271500346,-4.06936035521263e-05,0.0001306794564445,2.05940948104393,0.508978358055743,0.0550625047247,63.826552581688205,5707.393114817202,5643.5665622355145,3.719240553648062,207.39724769019537
1107,44.28,209.741924084826,8.67328305170302,-218.35588809689,-13.7065075321596,433.131036662173,0,0,0,0,-17.8115366175008,-12.7707457823319,-4.06933524545685e-05,0.0001306796645386,2.07635406332951,0.508977912512238,0.0549377702433,63.81167045796026,5707.368456654897,5643.556786196937,3.709460372110212,207.3968884274008
1108,44.32,209.74097323599,8.67242967732307,-218.36421974428,-13.706257362694,433.13902066564,0,0,0,0,-17.811210985252,-12.7802938054501,-4.0693085237618e-05,0.0001306798855902,2.09314710649047,0.508977508619657,0.0548134767338,63.79552828986023,5707.342582740193,5643.547054450333,3.6996451171912104,207.39653079230632
1109,44.36,209.73996668381,8.67151509891042,-218.372509747184,-13.7060035229296,433.146964855014,0,0,0,0,-17.8108805866241,-12.7897648216909,-4.06927718915822e-05,0.0001306801504284,2.1097875802637,0.508977148330413,0.0546896268383,63.777825644014484,5707.315193060294,5643.53736741628,3.689778070839677,207.39617480036776
1110,44.4,209.738918426774,8.67055407110687,-218.380757666555,-13.705746864952,433.154868887174,0,0,0,0,-17.8105465287202,-12.7991660862412,-4.06924247277348e-05,0.0001306804475122,2.12627446782886,0.508976827406188,0.0545662221385,63.758943660880504,5707.28666853346,5643.52772487258,3.679881938410472,207.39582044341952
1111,44.44,209.737860527777,8.66958046612713,-218.388963046347,-13.7054892947701,433.162732402767,0,0,0,0,-17.8102112878168,-12.8085145360988,-4.069216370311e-05,0.0001306806575196,2.14260676678679,0.508976535999414,0.0544432630187,63.73975546408159,5707.2578816355035,5643.5181261714215,3.670007452495411,207.395467697655
1112,44.48,209.736827301305,8.66863051811929,-218.397125411715,-13.7052328292483,433.170555024149,0,0,0,0,-17.8098774842491,-12.817828101704,-4.06920896072442e-05,0.0001306806801717,2.15878348818116,0.508976261265495,0.0543207485548,63.72119538470684,5707.229766111149,5643.508570726442,3.6602082860697314,207.3951165415257
1113,44.52,209.735841713861,8.6677284240424,-218.405244273458,-13.7049787952184,433.178336358495,0,0,0,0,-17.8095468419684,-12.8271183165863,-4.06920653333392e-05,0.0001306806529896,2.17480365500223,0.508975990890492,0.0541986766288,63.70388854174732,5707.202946910773,5643.499058369026,3.6505197970802663,207.39476696883526
1114,44.56,209.734911976199,8.66688274708013,-218.41331913364,-13.7047276393862,433.186076002145,0,0,0,0,-17.8092199414545,-12.8363884611042,-4.06918360585518e-05,0.0001306808310935,2.19066630135239,0.508975715585768,0.054077044128,63.68805812178385,5707.177647460374,5643.48958933859,3.640953957294991,207.39441898838191
1115,44.6,209.734037610241,8.66609285542196,-218.421349483408,-13.7044793002605,433.193773538488,0,0,0,0,-17.8088967028086,-12.8456370237525,-4.06914258721167e-05,0.0001306811906168,2.20637047353296,0.508975429650964,0.0539558468693,63.67369083215625,5707.153854750785,5643.480163918629,3.631509058825435,207.394072610584
1116,44.64,209.733217798504,8.66535777728697,-218.429334791185,-13.7042337151127,433.201428527516,0,0,0,0,-17.8085770444233,-12.8548626494135,-4.06910924872161e-05,0.0001306814741238,2.22191523255363,0.508975130408474,0.0538350791192,63.660764666109884,5707.131546537163,5643.470781871053,3.6221828002230088,207.39372782669184
1117,44.68,209.732454259273,8.66467924898912,-218.437274490674,-13.7039909940808,433.209040495039,0,0,0,0,-17.8082611091725,-12.864065824197,-4.06909011149695e-05,0.0001306816167691,2.23729965563213,0.50897481763211,0.0537147330645,63.64932737289362,5707.110769576422,5643.461442203528,3.6129767090656726,207.39338460023785
1118,44.72,209.731747573993,8.66405781971466,-218.445167980374,-13.7037511973055,433.216608931957,0,0,0,0,-17.8079489747658,-12.8732465647336,-4.06907141912399e-05,0.0001306817564504,2.25252283616927,0.508974493144788,0.0535947987647,63.639396252782284,5707.0915396904875,5643.452143437705,3.603890417363497,207.39304287689367
1119,44.76,209.731092559189,8.66348794685638,-218.453014636126,-13.7035140568914,433.22413330535,0,0,0,0,-17.8076402924621,-12.8824016400609,-4.06904823186265e-05,0.0001306819427771,2.2675838821691,0.508974160193597,0.0534752647422,63.63083188522773,5707.07371582982,5643.442883944592,3.5949145902692177,207.392702596795
1120,44.8,209.730476713748,8.66295635461668,-218.460813826365,-13.7032788871756,433.231613072673,0,0,0,0,-17.8073341706021,-12.8915238278625,-4.06902490712278e-05,0.0001306821323203,2.28248191436456,0.508973822524788,0.0533561188227,63.623295759245224,5707.056957821808,5643.433662062563,3.586028701944644,207.3923636988782
1121,44.84,209.729880256466,8.66244208309297,-218.468564919598,-13.7030445967047,433.239047689675,0,0,0,0,-17.807029190603,-12.9006024326089,-4.06900391577727e-05,0.0001306823004944,2.29721606500352,0.508973483411151,0.0532373487232,63.61625133551314,5707.040727392476,5643.424476056963,3.577201268178545,207.39202611939584
1122,44.88,209.729275036367,8.66191534546126,-218.476267284754,-13.7028096364555,433.246436612115,0,0,0,0,-17.8067233403929,-12.9096233365028,-4.06898640384075e-05,0.000130682435846,2.31178547678102,0.50897314475909,0.0531189422945,63.60893437542105,5707.024258514747,5643.415324139326,3.568388328192239,207.39168979262305
1123,44.92,209.728623644689,8.66133659175711,-218.483920294005,-13.702571952344,433.253779299281,0,0,0,0,-17.8064139532483,-12.9185688337789,-4.0689700028651e-05,0.0001306825618537,2.32618930232627,0.508972806373843,0.0530008877432,63.60032860733303,5707.00653324436,5643.406204637027,3.5595322459328784,207.39135465709197
1124,44.96,209.727883320877,8.6606606298908,-218.491523333804,-13.7023291995924,433.261075224383,0,0,0,0,-17.8060979860759,-12.9274192224678,-4.0689479670435e-05,0.0001306827456308,2.34042670369298,0.508972465889036,0.0528831741061,63.58927175167106,5706.986388007346,5643.397116255675,3.550567825832758,207.39102066523458
1125,45.0,209.727017633475,8.65984895978567,-218.499075818384,-13.7020793949577,433.268323887031,0,0,0,0,-17.8057728655368,-12.9361578365895,-4.06891652117112e-05,0.0001306830245866,2.3544968518655,0.508972120093051,0.052765791831,63.57477330465503,5706.962831453295,5643.38805814864,3.5414401475014508,207.39068778593784
1126,45.04,209.726012109287,8.658886287762,-218.506577195279,-13.7018218020056,433.27552481881,0,0,0,0,-17.805437636402,-12.9447782372484,-4.06888023897102e-05,0.0001306833527206,2.36839892617605,0.508971767351532,0.0526487330953,63.55644029504887,5706.935469746483,5643.379029451435,3.532128132909343,207.3903559874324
1127,45.08,209.724882477384,8.65778923206852,-218.514026940269,-13.7015573939014,433.282677579486,0,0,0,0,-17.8050935616579,-12.9532879958744,-4.06884868089658e-05,0.000130683634221,2.38213211302169,0.508971409221427,0.0525319917297,63.534702063330414,5706.904730896733,5643.370028833402,3.522656611311833,207.39002522081756
1128,45.12,209.723667454624,8.65659867751345,-218.521424549715,-13.7012884236416,433.289781750466,0,0,0,0,-17.8047435648146,-12.9617051256106,-4.06882537063382e-05,0.000130683833804,2.39569560536625,0.508971049549691,0.0524155629817,63.51061365986478,5706.871668443411,5643.361054783546,3.5130848927511136,207.3896954305652
1129,45.16,209.72241179582,8.65536184713099,-218.528769538772,-13.7010174452957,433.296836932756,0,0,0,0,-17.8043909604629,-12.9700503080141,-4.06880520492188e-05,0.0001306840030314,2.40908860350451,0.508970691765415,0.0522994433871,63.485393952775745,5706.837500227011,5643.352106274236,3.5034808661583736,207.3893665789106
1130,45.2,209.721152895359,8.65411815031218,-218.536061444713,-13.7007465591129,433.303842748872,0,0,0,0,-17.8040384752703,-12.9783411271759,-4.06878520508646e-05,0.0001306841729998,2.42231031711687,0.508970336786014,0.0521836307207,63.460060788254964,5706.803243800632,5643.343183012377,3.493900807184334,207.38903865508274
1131,45.24,209.719917225234,8.65289544191697,-218.543299828117,-13.7004772313492,433.310798842784,0,0,0,0,-17.8036880140724,-12.986590732785,-4.06876827609727e-05,0.0001306843159379,2.43535996737319,0.508969982822419,0.052068123824,63.43533440574623,5706.769619503892,5643.334285098145,3.484384194336335,207.38871166276297
1132,45.28,209.718722349069,8.65171216861956,-218.550484269048,-13.70021042641,433.317704875907,0,0,0,0,-17.8033408307194,-12.9948086000899,-4.06875240895292e-05,0.0001306844514172,2.4482367868543,0.508969626365647,0.051952922333,63.411692660330544,5706.737105267343,5643.325412607013,3.4749569102552305,207.3883856047249
1133,45.32,209.717578768183,8.65057932408972,-218.557614364207,-13.6999467166123,433.324560524913,0,0,0,0,-17.8029976698497,-13.0030008690552,-4.06872644136764e-05,0.0001306846875657,2.46094001795628,0.508969263388193,0.0518380266274,63.38942134634625,5706.705986846432,5643.316565500086,3.4656341468316616,207.38806047953918
1134,45.36,209.716490415904,8.64950096845415,-218.564689731977,-13.6996863078708,433.331365487298,0,0,0,0,-17.802658799843,-13.0111700619389,-4.06869093809249e-05,0.0001306850133571,2.4734689109812,0.508968890549113,0.0517234382209,63.36862747046627,5706.676371272464,5643.307743801998,3.456421280689011,207.38773628811109
1135,45.4,209.715454920538,8.64847450290591,-218.571710023109,-13.6994290512345,433.338119491975,0,0,0,0,-17.8023240277374,-13.0193149241244,-4.068667222706e-05,0.0001306852111563,2.48582272371704,0.508968506308835,0.0516091603345,63.34924616231578,5706.6481940083595,5643.298947846044,3.447314404063403,207.38741304268896
1136,45.44,209.71446442298,8.64749153436917,-218.578674927042,-13.6991744895231,433.344822305176,0,0,0,0,-17.8019927599037,-13.0274307884982,-4.06866064652987e-05,0.0001306852260221,2.49800072275145,0.508968111554944,0.051495198121,63.33106280444196,5706.621241196976,5643.2901783925345,3.4383016510487496,207.38709077121374
1137,45.48,209.71350790572,8.64654033775323,-218.585584167781,-13.6989219905179,433.351473726266,0,0,0,0,-17.8016641751523,-13.0355108424686,-4.06864562120205e-05,0.0001306853149208,2.51000218434423,0.508967709414431,0.051381558332,63.31377644470712,5706.595213036599,5643.281436591891,3.4293667028997907,207.38676951596258
1138,45.52,209.712576569046,8.64561153433074,-218.592437494731,-13.6986710495257,433.358073578972,0,0,0,0,-17.8013376178408,-13.0435492329002,-4.06861073098552e-05,0.0001306855938921,2.52182639434479,0.508967304319745,0.0512682488011,63.29714633084445,5706.569870074867,5643.272723744023,3.420496723534902,207.38644932470632
1139,45.56,209.711670412748,8.64470503751174,-218.59923467869,-13.6984216537009,433.364621707627,0,0,0,0,-17.8010130712603,-13.0515449923578,-4.06857685312582e-05,0.000130685855678,2.53347264706318,0.50896690061592,0.0511552782579,63.28117132459991,5706.545212306065,5643.264040981465,3.4116919801716787,207.3861302390648
1140,45.6,209.710799533393,8.64383140990689,-218.605975514932,-13.6981743414847,433.371117979903,0,0,0,0,-17.8006912349332,-13.0595028032683,-4.06855738548108e-05,0.0001306859672574,2.54494024492735,0.508966501233224,0.0510426564845,63.266125167245015,5706.521514471777,5643.2553893045315,3.402967600265292,207.38581229579896
1141,45.64,209.709976783809,8.64300410480315,-218.612659824179,-13.6979297839821,433.377562287167,0,0,0,0,-17.8003729807261,-13.0674286447988,-4.06854095882163e-05,0.0001306860432,2.55622849988656,0.50896610739974,0.0509303942905,63.25235636796719,5706.499126315265,5643.246769947298,3.3943426596361195,207.38549554026017
1142,45.68,209.709206980661,8.64222808424829,-218.619287442529,-13.6976881953243,433.383954534267,0,0,0,0,-17.8000585866839,-13.075323635597,-4.06851897970124e-05,0.0001306861709207,2.56733673548447,0.508965720237982,0.0508185028864,63.239994351789846,5706.478178904661,5643.238184552871,3.3858243605413665,207.3851800328315
1143,45.72,209.70848059987,8.64149319333084,-218.625858203435,-13.6974490120555,433.39029462203,0,0,0,0,-17.7997473204396,-13.0831808940469,-4.06849746170632e-05,0.0001306862924806,2.57826428899151,0.508965343811525,0.0507069928805,63.2287782317127,5706.458413076574,5643.229634844862,3.3773989522652936,207.38486583685452
1144,45.76,209.707774002192,8.64077442251649,-218.632371924005,-13.6972109304556,433.396582434136,0,0,0,0,-17.7994374878799,-13.0909862459552,-4.06848040829133e-05,0.000130686369782,2.5890105124545,0.508964987681461,0.0505958735333,63.21806336084122,5706.439185574412,5643.22112221357,3.369032269460499,207.38455300342181
1145,45.8,209.707053328326,8.64003601924169,-218.638828403205,-13.6969721229533,433.402817835243,0,0,0,0,-17.7991267146379,-13.0987206008404,-4.06846446507577e-05,0.0001306864367912,2.59957477362875,0.508964666902727,0.0504851526045,63.206927291829,5706.419575039664,5643.212647747835,3.3606755900051506,207.3842415725474
1146,45.84,209.706281057337,8.63923839304724,-218.645227426708,-13.6967305842808,433.409000675278,0,0,0,0,-17.7988123960435,-13.1063634031152,-4.06844511521568e-05,0.0001306865375899,2.60995645702383,0.508964399018628,0.0503748365128,63.194347978815614,5706.398560475685,5643.204212496869,3.3522752664596376,207.38393158278924
1147,45.88,209.705426200694,8.63834885381421,-218.651568767914,-13.6964846754427,433.415130790236,0,0,0,0,-17.7984924036723,-13.1138979368252,-4.06841908578882e-05,0.0001306867036486,2.62015496418487,0.508964199537403,0.0502649303393,63.17948119838551,5706.375298641598,5643.195817443213,3.3437874653238917,207.38362307025497
1148,45.92,209.704476016435,8.6373539551532,-218.65785218263,-13.696233753492,433.421207997403,0,0,0,0,-17.7981659029029,-13.1213174101761,-4.06838903236025e-05,0.0001306869078635,2.63016971325901,0.50896407788276,0.050155437632,63.16197971447177,5706.349442810955,5643.187463096483,3.3351948937677727,207.38331605367264
1149,45.96,209.703442454409,8.63626627662033,-218.66407740501,-13.6959785093147,433.427232092114,0,0,0,0,-17.797833791129,-13.1286281104416,-4.06836132501489e-05,0.0001306870864203,2.64000013736601,0.508964034912051,0.0500463603683,63.14216894289061,5706.32131815571,5643.1791492128195,3.326515747207558,207.3830105240806
1150,46.0,209.702357690872,8.63511969430584,-218.670244151534,-13.6957207036766,433.433202851777,0,0,0,0,-17.7974983549363,-13.1358467687528,-4.06833652689331e-05,0.0001306872337651,2.64964568356862,0.508964062392123,0.049937699277,63.120925107085775,5706.291800236387,5643.170875129301,3.3177969209860465,207.3827064571169
1151,46.04,209.701261517918,8.63395607369888,-218.676352129279,-13.6954624697064,433.439120043205,0,0,0,0,-17.7971623647468,-13.1429939740111,-4.06831454673891e-05,0.000130687351349,2.65910581323534,0.508964144947215,0.0498294542159,63.0993314706737,5706.261971851013,5643.162640380339,3.309095680267768,207.38240383567154
1152,46.08,209.700189265646,8.63281255000623,-218.682401038647,-13.6952056699604,433.444983424247,0,0,0,0,-17.7968282402075,-13.1500881435131,-4.06830179742466e-05,0.0001306873762143,2.66838000257581,0.508964264434573,0.0497216241689,63.07834949464654,5706.23279438055,5643.154444885904,3.3004623345494144,207.38210265680343
1153,46.12,209.699165524852,8.63171493896043,-218.688390567344,-13.694951584307,433.450792737543,0,0,0,0,-17.7964976445837,-13.1571423437992,-4.06829598398937e-05,0.00013068733287,2.67746774302957,0.5089644047462,0.0496142068845,63.05864832377731,5706.20493697464,5643.1462886508625,3.291931388764561,207.38180292069146
1154,46.16,209.698203014463,8.63067656137008,-218.694320383294,-13.6947008678121,433.456547704198,0,0,0,0,-17.7961714295209,-13.1641634042147,-4.06827814843262e-05,0.0001306874122545,2.68636854034334,0.508964554054649,0.0495071986542,63.04057421139547,5706.1787457329165,5643.138171521521,3.283520113292212,207.38150462168744
1155,46.2,209.697304768442,8.62970054870398,-218.700190135343,-13.6944536702713,433.462248025352,0,0,0,0,-17.7958497899903,-13.1711527500095,-4.06824062704214e-05,0.0001306876916057,2.69508191356929,0.508964703628036,0.0494005945688,63.02421001759141,5706.154303213716,5643.130093196125,3.2752318477262845,207.38120774870214
1156,46.24,209.696467501168,8.62878338544504,-218.705999460321,-13.6942098132623,433.467893389306,0,0,0,0,-17.7955324942676,-13.1781082230948,-4.06820473144577e-05,0.0001306879575694,2.70360739540203,0.50896484550224,0.0492943889552,63.009466768351764,5706.131520010738,5643.122053242387,3.2670609352199524,207.38091228584926
1157,46.28,209.695682260474,8.62791559876279,-218.71174798635,-13.6939688261168,433.473483474178,0,0,0,0,-17.7952189307783,-13.1850245792776,-4.06818919747841e-05,0.0001306880221014,2.71194453318907,0.508964971826131,0.0491885753967,62.996101450611185,5706.110152523111,5643.114051072499,3.2589937454678704,207.3806182115273
1158,46.32,209.694931272434,8.62707844406625,-218.717435326622,-13.6937297860966,433.479017941086,0,0,0,0,-17.7949079005492,-13.1918918082283,-4.0681834587495e-05,0.0001306879902751,2.72009289051431,0.50896507616783,0.0490831461979,62.983631156579,5706.089717097672,5643.106085941094,3.251004295246565,207.38032549834446
1159,46.36,209.694186081101,8.62624195611023,-218.723061070029,-13.6934912299361,433.484496424956,0,0,0,0,-17.7945975023433,-13.1986941171113,-4.06817003107843e-05,0.0001306880367813,2.72805204757591,0.508965154725698,0.0489780918616,62.971282465813296,5706.069439408667,5643.098156942853,3.243051743456289,207.38003411303094
1160,46.4,209.693413122024,8.62537081822092,-218.728624780256,-13.6932514502732,433.489918534333,0,0,0,0,-17.7942855178668,-13.2054130803768,-4.06814718558621e-05,0.0001306881791544,2.73582160061097,0.508965205961446,0.0488734012252,62.95814312889914,5706.04840612086,5643.090262991961,3.2350883609983008,207.37974401568377
1161,46.44,209.692586464703,8.62443776453352,-218.734126006592,-13.6930091559269,433.495283862688,0,0,0,0,-17.7939702696684,-13.2120347733294,-4.06811997510604e-05,0.0001306883672158,2.74340116112902,0.508965229419725,0.0487690622433,62.94350885564705,5706.025911629409,5643.082402773762,3.227077441816662,207.37945515799018
1162,46.48,209.691700151353,8.62343654879145,-218.739564297992,-13.692764101776,433.500592002329,0,0,0,0,-17.7936514393975,-13.2185565323544,-4.06809214706396e-05,0.0001306885636928,2.75079035459499,0.50896522524927,0.0486650627854,62.92721913354462,5706.001793814725,5643.07457468118,3.219010413946117,207.37916748089125
1163,46.52,209.690771450773,8.62238535448495,-218.744939210551,-13.6925172444705,433.50584255131,0,0,0,0,-17.7933302699488,-13.2249886176273,-4.06806801929241e-05,0.0001306887253679,2.75798881950907,0.508965194646762,0.0485613909474,62.9097457984771,5705.976522584765,5643.066776786288,3.2109110677812605,207.378880913537
1164,46.56,209.689832279424,8.62131775967964,-218.750250308099,-13.6922702858212,433.511035113665,0,0,0,0,-17.7930089722621,-13.2313493637257,-4.06804934787377e-05,0.0001306888344387,2.76499620593454,0.508965140411167,0.0484580350392,62.89195941101779,5705.950966430666,5643.059007019649,3.202823296341528,207.37859537987694
1165,46.6,209.688914526463,8.62026729521946,-218.755497163596,-13.6920249059886,433.516169300828,0,0,0,0,-17.7926897292757,-13.2376570198287,-4.06803151588664e-05,0.0001306889367505,2.77181217421936,0.508965067369354,0.0483549837638,62.874729589013725,5705.925993100593,5643.051263511579,3.1947905748034353,207.37831081120157
1166,46.64,209.688038080126,8.61925485400261,-218.760679366104,-13.6917821465077,433.521244738735,0,0,0,0,-17.7923738943811,-13.2439230404045,-4.06800962478644e-05,0.0001306890810472,2.77843639462945,0.508964983166394,0.0482522267481,62.85859894838785,5705.902143781008,5643.04354483262,3.186839470253981,207.37802715497915
1167,46.68,209.687205683941,8.61828329138493,-218.765796529204,-13.6915421543817,433.526261076142,0,0,0,0,-17.7920616587395,-13.2501490521026,-4.06798804718815e-05,0.0001306892235303,2.78486854706628,0.508964899269003,0.0481497550397,62.84364308931001,5705.879493127112,5643.035850037802,3.1789727812475563,207.37774437648278
1168,46.72,209.686403808561,8.6173383555185,-218.770848293805,-13.6913042403777,433.531217987225,0,0,0,0,-17.791752126866,-13.2563272917539,-4.06797300242051e-05,0.0001306893020101,2.79110832134414,0.508964830854924,0.0480475611785,62.82949443130841,5705.857672986624,5643.028178555315,3.171171010643915,207.37746245469873
1169,46.76,209.685608352539,8.61639469083289,-218.77583432482,-13.6910671818125,433.536115168339,0,0,0,0,-17.7914437100734,-13.262443901491,-4.06795884549151e-05,0.000130689372816,2.79715541676032,0.508964794392323,0.0479456389608,62.815497464623256,5705.836027525763,5643.02053006114,3.1634004168569416,207.37718137771958
1170,46.8,209.684795104054,8.61542683753904,-218.780754308063,-13.690829760874,433.540952335451,0,0,0,0,-17.7911348260283,-13.2684849564511,-4.06793639937211e-05,0.0001306895273475,2.80300954157467,0.508964803431139,0.0478439833457,62.800993547225495,5705.813897907324,5643.012904360098,3.15562747786298,207.37690113837266
1171,46.84,209.683952127638,8.61442224820189,-218.785607952161,-13.6905913950028,433.5457292266,0,0,0,0,-17.7908247178471,-13.2744436237828,-4.06790644513085e-05,0.0001306897572,2.80867041349952,0.508964864681283,0.0477425906639,62.785658167131764,5705.790959350679,5643.005301183547,3.147835814191007,207.37662172678552
1172,46.88,209.683086231779,8.61338807631479,-218.790394992487,-13.6903524578419,433.550445605793,0,0,0,0,-17.790513871035,-13.2803238107179,-4.06787698602808e-05,0.0001306899815758,2.81413776048569,0.50896497619894,0.0476414587688,62.769677048417265,5705.767397124224,5642.997720075807,3.1400348204648347,207.3763431262122
1173,46.92,209.682217367482,8.61234527870246,-218.795115190714,-13.690113982369,433.555101261862,0,0,0,0,-17.790203627716,-13.2861368487432,-4.06785625911159e-05,0.0001306901171203,2.81941132237602,0.508965127967145,0.0475405867468,62.753593616698986,5705.743754122456,5642.990160505758,3.1322517468941498,207.37606531713442
1174,46.96,209.681364309735,8.61131356486972,-218.799768328924,-13.6898769280497,433.559696001839,0,0,0,0,-17.789895234503,-13.2918932993941,-4.0678477169755e-05,0.0001306901280368,2.82449085149522,0.508965304126725,0.0474399743447,62.73791914501627,5705.720541238822,5642.982622093806,3.124512045980454,207.37578828560243
1175,47.0,209.68053261092,8.61029874485351,-218.804354204479,-13.6896415752158,433.564229645761,0,0,0,0,-17.7895890556629,-13.2975961041608,-4.06784430128888e-05,0.000130690083404,2.82937611206383,0.508965486259314,0.0473396216973,62.72280479128761,5705.697909561332,5642.975104770045,3.1168230759248488,207.37551202904712
1176,47.04,209.679713520736,8.60929160354941,-218.80887263176,-13.6894074801054,433.568702029052,0,0,0,0,-17.7892845146663,-13.3032399434516,-4.06782925166656e-05,0.0001306901493318,2.8340668794936,0.508965657429423,0.047239529676,62.7080121719141,5705.675620982166,5642.967608810252,3.1091728657788806,207.37523655760322
1177,47.08,209.678893367132,8.60827775999118,-218.813323449495,-13.6891739538236,433.57311301046,0,0,0,0,-17.7889807164647,-13.3088165569115,-4.06779390384964e-05,0.0001306904113885,2.83856293928746,0.508965806282243,0.0471397005099,62.69316870789461,5705.653303465869,5642.960134757974,3.1015430052949657,207.3749618912456
1178,47.12,209.678065365006,8.60725007386647,-218.817706526619,-13.6889406601574,433.577462477916,0,0,0,0,-17.7886772242324,-13.3143216630346,-4.06775520259884e-05,0.0001306906998518,2.84286408719013,0.50896592976394,0.0470401380583,62.67808922449907,5705.630772380409,5642.952683155911,3.0939246112038843,207.37468804991815
1179,47.16,209.677234041717,8.60621329260585,-218.82202176201,-13.6887078365982,433.58175034772,0,0,0,0,-17.7883743465295,-13.3197576335301,-4.06773894664015e-05,0.0001306907572468,2.8469701292326,0.508966033011791,0.0469408475408,62.662896586961864,5705.608150921502,5642.94525433454,3.086324146369724,207.37441504576574
1180,47.2,209.676408918858,8.60517740692431,-218.826269080105,-13.6884759676678,433.585976559707,0,0,0,0,-17.7880727128733,-13.3251296906091,-4.06774296117214e-05,0.0001306906060823,2.85088088153536,0.508966126390703,0.04684183512,62.64784956775477,5705.585698184887,5642.937848617133,3.078754763061577,207.37414289066837
1181,47.24,209.67559484073,8.60414748570513,-218.830448427257,-13.6882452914308,433.590141073713,0,0,0,0,-17.7877726326243,-13.3304400801315,-4.06773581465424e-05,0.0001306905611011,2.85459617071451,0.508966221514628,0.0467431077765,62.63307925493334,5705.5635459907135,5642.93046673578,3.0712232954944083,207.3738716115298
1182,47.28,209.67478937668,8.60312094905081,-218.834559770311,-13.6880156706472,433.594243868588,0,0,0,0,-17.7874739275753,-13.3356864872205,-4.06770147981461e-05,0.0001306907826394,2.8581158338204,0.508966328154756,0.0466446734335,62.61851824144526,5705.541628197539,5642.923109956093,3.0637268737787227,207.3736012548605
1183,47.32,209.673988810615,8.60209386858295,-218.838603094788,-13.6877869037834,433.598284940604,0,0,0,0,-17.7871763359625,-13.3408657776929,-4.06766478469442e-05,0.0001306910224767,2.86143971938457,0.508966452181629,0.0465465409244,62.6040640010839,5705.519843685325,5642.915779684241,3.056261005005337,207.3733318723361
1184,47.36,209.67319379541,8.60106691031832,-218.842578400583,-13.6875590132146,433.602264298889,0,0,0,0,-17.7868798868666,-13.3459775248216,-4.06765192209684e-05,0.0001306910190171,2.8645676881576,0.508966593814856,0.0464487195972,62.58973312713256,5705.498210219706,5642.908477092574,3.0488270777190842,207.3730635070398
1185,47.4,209.672407936896,8.60004384033218,-218.846485696394,-13.6873321664563,433.606181959415,0,0,0,0,-17.7865847979106,-13.3510230521942,-4.06764904429833e-05,0.0001306909115689,2.86749961333004,0.50896674688062,0.0463512187889,62.57562268050876,5705.476825920341,5642.901203239832,3.041430382821271,207.37279619787952
1186,47.44,209.671633356933,8.59902685942527,-218.850324995133,-13.6871064476061,433.610037940247,0,0,0,0,-17.7862911783771,-13.3560026926725,-4.06763103422171e-05,0.0001306909528586,2.87023538155349,0.50896690104609,0.0462540475045,62.56178919513994,5705.45574852598,5642.8939593308405,3.0340741806840548,207.37252998913178
1187,47.48,209.670870020833,8.59801589912404,-218.85409631,-13.6868818261142,433.613832257823,0,0,0,0,-17.7859989886068,-13.3609154176326,-4.06760437671639e-05,0.0001306910800501,2.87277489335968,0.508967047108102,0.0461572142794,62.54823040040314,5705.434977092716,5642.886746692312,3.0267588292420817,207.37226492955236
1188,47.52,209.670118352917,8.59701137572148,-218.857799649001,-13.6866582954876,433.617564921684,0,0,0,0,-17.7857082201315,-13.3657605534207,-4.06758612120479e-05,0.0001306911241833,2.87511806481205,0.508967181723933,0.0460607269268,62.534956692100764,5705.414523166909,5642.879566474809,3.019485249092047,207.37200106142365
1189,47.56,209.669379856751,8.59601484478893,-218.861435007786,-13.6864359075432,433.621235927291,0,0,0,0,-17.7854189401674,-13.370538224632,-4.06757201619327e-05,0.0001306911280572,2.87726482886602,0.508967307234217,0.0459645920495,62.52200813287347,5705.394427662676,5642.872419529803,3.0122557024551826,207.37173841603666
1190,47.6,209.66865535473,8.59502715381529,-218.865002364225,-13.6862146853516,433.624845250492,0,0,0,0,-17.7851311785571,-13.3752482917859,-4.06755441038706e-05,0.0001306911673892,2.87921513533103,0.508967426526291,0.0458688146184,62.50940649157795,5705.374712958525,5642.865306466947,3.005071443212144,207.37147701579576
1191,47.64,209.667944545453,8.59404798260145,-218.868501678319,-13.6859946063542,433.628392847525,0,0,0,0,-17.7848449058604,-13.3798901773359,-4.0675370932357e-05,0.0001306912032192,2.88096895084922,0.508967538013055,0.0457733979949,62.497143239959335,5705.355370852916,5642.858227612956,2.997932152651979,207.3712168727075
1192,47.68,209.667246974128,8.59307686003731,-218.871932896726,-13.6857756490756,433.631878659892,0,0,0,0,-17.7845600940692,-13.3844633234151,-4.067521309351e-05,0.0001306912224037,2.88252625718584,0.508967635721789,0.0456783443727,62.48520584418991,5705.33638897033,5642.851183126139,2.9908372443605518,207.37095799258955
1193,47.72,209.666562927411,8.59211409795914,-218.8752959574,-13.6855578323689,433.635302619221,0,0,0,0,-17.7842767676409,-13.3889675523903,-4.06750493246442e-05,0.0001306912461066,2.88388705059363,0.50896771387029,0.0455836551974,62.47360194207245,5705.317775111071,5642.844173168998,2.9837870499336945,207.3707003814138
1194,47.76,209.665893731253,8.59116110341246,-218.878590790673,-13.6853412296982,433.638664648211,0,0,0,0,-17.7839950220288,-13.3934032761301,-4.06748864256952e-05,0.0001306912681187,2.88505134192974,0.508967770269502,0.0454893312025,62.462367495130636,5705.299565356106,5642.837197860975,2.976783199561142,207.37044404356965
1195,47.8,209.66524100987,8.59021959942743,-218.881817317155,-13.6851259305344,433.641964658132,0,0,0,0,-17.7837149734501,-13.3977710712689,-4.06747219249942e-05,0.0001306912921482,2.88601915614817,0.50896780442309,0.0453953721544,62.451546687620485,5705.281803902602,5642.830257214982,2.969827634190938,207.37018897953166
1196,47.84,209.664605869135,8.58929076564575,-218.884975445372,-13.6849119973399,433.645202546201,0,0,0,0,-17.7834367029588,-13.4020712357063,-4.06745526855725e-05,0.0001306913226852,2.88679053309881,0.508967812778654,0.0453017766855,62.441169744527315,5705.264520842898,5642.82335109837,2.962921537580087,207.369935184425
1197,47.88,209.663988969589,8.58837531161032,-218.888065071022,-13.6846994659552,433.648378194955,0,0,0,0,-17.7831602569298,-13.4063038085533,-4.06743895233377e-05,0.0001306913494396,2.88736552696159,0.508967787118697,0.0452085424064,62.431254883623794,5705.247734151229,5642.816479267605,2.956065443866192,207.36968264930002
1198,47.92,209.663391186686,8.58747416884983,-218.891086077611,-13.6844883777451,433.651491473192,0,0,0,0,-17.7828856888445,-13.410468901161,-4.06742357973231e-05,0.0001306913683013,2.88774420627791,0.508967718023293,0.0451156661219,62.421826230549556,5705.231467649911,5642.8096414193615,2.949260105147194,207.36943136300962
1199,47.96,209.662813933722,8.58658883403602,-218.894038337867,-13.6842787999722,433.654542237525,0,0,0,0,-17.7826130858125,-13.4145669066164,-4.06740889771017e-05,0.0001306913804771,2.88792665472419,0.508967598716076,0.0450231438945,62.41292260592426,5705.215759796688,5642.802837190764,2.9425069072588976,207.3691813122185
1200,48.0,209.662258932161,8.58572113206803,-218.896921715726,-13.6840708184165,433.657530334235,0,0,0,0,-17.7823425590057,-13.4185983670464,-4.06739408734707e-05,0.0001306913934359,2.88791297036736,0.508967423977159,0.0449309709408,62.404591277064554,5705.200657434981,5642.796066157916,2.935807561474689,207.36893248134865
1201,48.04,209.661728239001,8.58487324711333,-218.899736068114,-13.6838645408504,433.660455600852,0,0,0,0,-17.7820742481491,-13.4225640474699,-4.06737839367845e-05,0.0001306914149949,2.8877032661383,0.508967185231805,0.0448391415562,62.396888780537914,5705.186216538556,5642.789327758019,2.9291641339400907,207.36868484971762
1202,48.08,209.661224263738,8.58404773507905,-218.902481244575,-13.6836600925195,433.663317865754,0,0,0,0,-17.7818083156119,-13.4264648946274,-4.06736210214103e-05,0.000130691443039,2.88729766915026,0.50896686805449,0.0447476491636,62.38988134402172,5705.172502673141,5642.782621329119,2.922579064366051,207.36843839299914
1203,48.12,209.660749743788,8.58324749267667,-218.905157083819,-13.6834576099558,433.666116944886,0,0,0,0,-17.7815449383462,-13.4303019518767,-4.06734600360443e-05,0.0001306914703755,2.8866963204754,0.508966455216076,0.0446564863646,62.38364416593766,5705.159590327617,5642.775946161679,2.9160551312786187,207.36819308511807
1204,48.16,209.660307894621,8.58247591867563,-218.907763409806,-13.6832572522443,433.668852637996,0,0,0,0,-17.7812843225101,-13.4340765299314,-4.06733083638199e-05,0.00013069149017,2.88589937661611,0.50896593067635,0.044565644874,62.37826559756055,5705.14756699938,5642.76930140182,2.9095956384259654,207.36794889469502
1205,48.2,209.659902250454,8.58173675047932,-218.910300032019,-13.6830591968751,433.671524728869,0,0,0,0,-17.7810266980811,-13.4377901416464,-4.06731657420615e-05,0.0001306915029441,2.88490700912812,0.508965278084074,0.0444751154395,62.37384283906167,5705.136528859372,5642.762686020311,2.9032042027335128,207.36770578390644
1206,48.24,209.659536741913,8.58103414792622,-218.912766751711,-13.6828636457397,433.674132991437,0,0,0,0,-17.7807723266327,-13.4414445772373,-4.0673023555126e-05,0.0001306915172405,2.88371940484181,0.508964474944278,0.0443848879907,62.370484085978745,5705.126582865378,5642.756098779399,2.8968848601202972,207.36746370726573
1207,48.28,209.659215810724,8.58037280969615,-218.915163370722,-13.682670826784,433.676677198534,0,0,0,0,-17.7805215034711,-13.445041878406,-4.06728727169218e-05,0.0001306915419451,2.88233676442994,0.508963490692226,0.0442949520879,62.36831154700415,5705.117849882914,5642.74953833591,2.8906422308986865,207.36722261541217
1208,48.32,209.658944277406,8.57975782782504,-218.917489697668,-13.6824809808829,433.679157128132,0,0,0,0,-17.7802745405906,-13.4485840813771,-4.06727095110716e-05,0.0001306915805953,2.88075930002324,0.508962293153949,0.044205297461,62.36745765508955,5705.110461084986,5642.743003429897,2.884481374719756,207.36698246204352
1209,48.36,209.658727285365,8.57919462924012,-218.919745550253,-13.6822943592755,433.681572565653,0,0,0,0,-17.7800317633486,-13.4520731965192,-4.06725382103468e-05,0.0001306916287071,2.87898723513078,0.508960857450904,0.0441159143699,62.368063534640605,5705.104556430799,5642.736492896158,2.8784077396758865,207.36674320433946
1210,48.4,209.658569618715,8.57868826180534,-218.92193075702,-13.682111191627,433.683923305556,0,0,0,0,-17.7797934690564,-13.455510913942,-4.067236708024e-05,0.0001306916777098,2.87702080362079,0.508959168758251,0.0440267937357,62.3702604206469,5705.100266102727,5642.73000568208,2.8724263115200035,207.36650480361715
1211,48.44,209.658474602888,8.57824224731024,-218.924045161423,-13.6819316381105,433.686209155111,0,0,0,0,-17.7795598648814,-13.4588982388389,-4.06722014070662e-05,0.0001306917219441,2.87486025014665,0.508957220777222,0.0439379272057,62.374139798075284,5705.097680590382,5642.723540792306,2.8665402508395856,207.36626722329785
1212,48.48,209.658442228629,8.57785662198653,-218.926088626751,-13.6817557055797,433.688429938973,0,0,0,0,-17.7793309592274,-13.4622348451586,-4.06720432368794e-05,0.0001306917589577,2.87250583042548,0.508955022008791,0.04384930728,62.37970239366239,5705.096799641925,5642.717097248263,2.8607485819138168,207.3660304274197
1213,48.52,209.658465628179,8.57752425077041,-218.928061038258,-13.681583085171,433.690585500838,0,0,0,0,-17.7791063512731,-13.4655176916593,-4.06718958502415e-05,0.0001306917850606,2.86995780996928,0.508952616690884,0.0437609274566,62.38676222397471,5705.097436376112,5642.710674152137,2.8550418554577544,207.36579438298867
1214,48.56,209.658526077659,8.57722560838936,-218.929962302304,-13.6814129303057,433.692675701879,0,0,0,0,-17.7788849433065,-13.4687392737928,-4.0671765947124e-05,0.000130691793157,2.86721646487294,0.508950109981291,0.0436727822986,62.39481068411272,5705.099081290245,5642.704270606132,2.8493960363475153,207.36555905701135
1215,48.6,209.658586248148,8.57692172793324,-218.931792346591,-13.681243553376,433.694700420181,0,0,0,0,-17.7786645476405,-13.4718851009299,-4.06716659357546e-05,0.0001306917704346,2.86428208139664,0.50894767753862,0.0435848674373,62.402832852694466,5705.100718612647,5642.697885759952,2.8437642870716227,207.36532441823994
1216,48.64,209.65858435728,8.5765480890397,-218.933551124148,-13.6810721618928,433.696659554281,0,0,0,0,-17.7784415446281,-13.4749313618494,-4.06715983054683e-05,0.0001306917140098,2.86115495611118,0.508945550368041,0.043497179605,62.409148148906496,5705.100667159509,5642.691519010602,2.838069965028437,207.36509044451472
1217,48.68,209.658435260909,8.57601575906404,-218.935238617391,-13.6808949087426,433.698553027979,0,0,0,0,-17.7782109477599,-13.4778450940303,-4.06715204211291e-05,0.0001306916662129,2.8578353967003,0.508943983212355,0.0434097166909,62.41143972049263,5705.096610040606,5642.685170320113,2.8322082753817104,207.36485713444043
1218,48.72,209.658045650785,8.57522727604582,-218.936854835346,-13.680707580064,433.700380790149,0,0,0,0,-17.7779672951842,-13.4805896511828,-4.06713595645699e-05,0.0001306916994952,2.85432372102971,0.508943217722645,0.0433224776881,62.407167701453055,5705.086008209132,5642.6788405076795,2.826065280378005,207.3646245181219
1219,48.76,209.657345877929,8.5741099326444,-218.938399802526,-13.6805070600146,433.702142807825,0,0,0,0,-17.7777065483384,-13.4831375071215,-4.06710838486994e-05,0.0001306918453514,2.85062025843005,0.508943440485511,0.0432354624556,62.394435824840826,5705.066966419835,5642.672530594994,2.819557144610474,207.36439263310564
1220,48.8,209.656323099613,8.57265044786442,-218.939873547223,-13.6802928595573,433.703839058529,0,0,0,0,-17.7774280735195,-13.4854840477514,-4.06707560587514e-05,0.000130692040506,2.84672535018584,0.50894473228063,0.0431486714345,62.3728946468886,5705.039135204286,5642.666240557398,2.812670534274176,207.36416147848544
1221,48.84,209.655030137412,8.57090420793397,-218.941276099174,-13.6800675005289,433.705469529181,0,0,0,0,-17.7771351395147,-13.4876509378887,-4.06704933082697e-05,0.0001306921674666,2.84263934954566,0.508947023245445,0.0430621055548,62.34398289459651,5705.003951910751,5642.659969016155,2.8054727351666187,207.36393100359365
1222,48.88,209.653560964271,8.56896958877584,-218.942607498251,-13.6798353482961,433.707034222043,0,0,0,0,-17.7768334044481,-13.4896756955145,-4.06703347848358e-05,0.000130692186834,2.83836262224676,0.508950090081127,0.0429757663963,62.310259381853946,5704.963973673311,5642.653714291457,2.798080818919257,207.36370114669853
1223,48.92,209.652011860603,8.56694731345272,-218.94386780557,-13.6796008081803,433.708533160901,0,0,0,0,-17.7765285782285,-13.491596035679,-4.0670232718298e-05,0.0001306921462266,2.83389554471727,0.508953619216487,0.0428896564299,62.27434475911546,5704.921820415447,5642.647475656331,2.790613714561725,207.3634718810843
1224,48.96,209.650455799717,8.56491369051828,-218.945057108053,-13.6793671744321,433.709966391683,0,0,0,0,-17.7762249308371,-13.4934402389622,-4.06701483865759e-05,0.0001306920841635,2.82923850354615,0.508957309223856,0.0428037791267,62.23822438466099,5704.879477842039,5642.641253457377,2.783161019345112,207.36324321948823
1225,49.0,209.648937562487,8.56291554212936,-218.946175516522,-13.6791364421544,433.711333979035,0,0,0,0,-17.7759250485932,-13.4952257325234,-4.06700562534697e-05,0.0001306920259121,2.82439189527453,0.508960946767954,0.0427181389194,62.2031159658163,5704.838164502733,5642.635048536917,2.7757773933455545,207.36301519286508
1226,49.04,209.647479695956,8.5609764520109,-218.947223163573,-13.6789095969433,433.712636004461,0,0,0,0,-17.7756302095313,-13.4969615105355,-4.06699384333114e-05,0.0001306919890728,2.81935612602427,0.508964414823601,0.0426327411432,62.16963206694681,5704.798493933822,5642.628861866875,2.768490155014354,207.36278783693248
1227,49.08,209.646090423623,8.55910504011262,-218.948200204063,-13.6786869802537,433.713872567828,0,0,0,0,-17.7753408568778,-13.4986511063608,-4.06698014748866e-05,0.000130691966825,2.81413161268024,0.508967655642308,0.0425475920048,62.13799548963102,5704.760689908109,5642.622694418478,2.7613091345446565,207.36256118738228
1228,49.12,209.644769716848,8.55730130645039,-218.949106814698,-13.6784685628583,433.715043787954,0,0,0,0,-17.7750569533765,-13.5002947562379,-4.06696607339222e-05,0.0001306919435324,2.80871878282812,0.508970639229654,0.0424626984785,62.10820443710172,5704.724751646262,5642.616547209161,2.7542341732934252,207.36233528160457
1229,49.16,209.64351340338,8.55556092491439,-218.949943189064,-13.6782541307551,433.716149798285,0,0,0,0,-17.7747782221949,-13.5018909654512,-4.06695281774708e-05,0.0001306919070101,2.80311807525267,0.508973357806087,0.0423780680475,62.08014433793377,5704.690565615548,5642.610421277614,2.7472601591189054,207.36211015777047
1230,49.2,209.642315718664,8.55387791210987,-218.95070953058,-13.6780434029209,433.717190740055,0,0,0,0,-17.7745042995408,-13.503437579761,-4.06694023663841e-05,0.0001306918586115,2.79732994066019,0.508975827420969,0.0422937084005,62.05365736343532,5704.6579749544335,5642.604317590998,2.7403801277429585,207.36188585142256
1231,49.24,209.641170476855,8.55224584817218,-218.95140604909,-13.6778360812057,433.718166758979,0,0,0,0,-17.7742347993343,-13.504932187839,-4.06692717895088e-05,0.0001306918098494,2.79135484152215,0.508978077409526,0.0422096272761,62.02857423436557,5704.626811337505,5642.59823710314,2.7335866735165166,207.36166239761323
1232,49.28,209.640071917463,8.55065876010993,-218.952032962347,-13.6776318873445,433.719078007045,0,0,0,0,-17.7739693612022,-13.5063724587778,-4.06691298022769e-05,0.0001306917674537,2.7851932527047,0.508980134675957,0.042125832466,62.00473724249982,5704.596918013845,5642.592180771346,2.726872966937157,207.36143983152294
1233,49.32,209.639014938115,8.5491113612861,-218.952590496774,-13.6774305701013,433.719924643704,0,0,0,0,-17.7737076597338,-13.5077561555869,-4.06689771756836e-05,0.0001306917307948,2.7788456612067,0.508982019551001,0.0420423317554,61.98200651273203,5704.568156140814,5642.586149628081,2.720233019741614,207.36121819109403
1234,49.36,209.637995069029,8.54759902581166,-218.953078881822,-13.677231905374,433.720706830413,0,0,0,0,-17.7734494046238,-13.5090811811912,-4.06688226979963e-05,0.0001306916912872,2.77231256665757,0.508983752939505,0.0419591326065,61.960259365352805,5704.540404089445,5642.580144724092,2.713661627104834,207.3609975149407
1235,49.4,209.637008473879,8.54611779586901,-218.953498339849,-13.6770357024459,433.721424720305,0,0,0,0,-17.7731943487999,-13.5103457568534,-4.06686761765222e-05,0.0001306916393545,2.76559448231993,0.508985359834881,0.0418762416882,61.93939052211105,5704.5135574679925,5642.574166945881,2.7071543368196447,207.36077783564133
1236,49.44,209.636051700217,8.54466412281899,-218.953849079269,-13.676841794394,433.722078451061,0,0,0,0,-17.7729422759886,-13.5115483466823,-4.06685406904984e-05,0.0001306915721215,2.75869193576683,0.50898686294225,0.0417936645572,61.91930535421318,5704.487522330561,5642.568216976348,2.7007071252487083,207.36055917829205
1237,49.48,209.635121754054,8.54323494596896,-218.9541312955,-13.6766500423637,433.722668145948,0,0,0,0,-17.7726930062905,-13.5126877189295,-4.06684131497525e-05,0.0001306914928244,2.75160546966017,0.508988276317636,0.041711405655,61.899921923776155,5704.462217206561,5642.562295282785,2.6943164810807674,207.3603415600655
1238,49.52,209.634216057877,8.54182764378611,-218.954345175768,-13.6764603291964,433.723193919056,0,0,0,0,-17.7724463879123,-13.5137628281358,-4.06682868071868e-05,0.0001306914082177,2.74433564111883,0.508989608206003,0.0416294684694,61.88116973211925,5704.4375719582895,5642.556402226171,2.6879793560624474,207.36012499422742
1239,49.56,209.633332374012,8.54043994941615,-218.95449090065,-13.6762725518432,433.723655877088,0,0,0,0,-17.7722022873119,-13.5147727672691,-4.06681556789435e-05,0.0001306913241713,2.73688302111987,0.508990868285747,0.0415478556128,61.86298759697506,5704.413525695538,5642.550538098562,2.6816930730525916,207.35990949151073
1240,49.6,209.632468818199,8.53906996506107,-218.954568640964,-13.6760866219103,433.724054116013,0,0,0,0,-17.7719605899109,-13.5157168535795,-4.06680171604369e-05,0.0001306912434535,2.72924819385783,0.508992069108571,0.0414665687866,61.845324086595895,5704.390027144977,5642.544703058381,2.675455338182625,207.35969505773727
1241,49.64,209.63162370176,8.53771599864447,-218.95457855551,-13.6759024597284,433.724388718354,0,0,0,0,-17.7717211924056,-13.5165945255089,-4.06678742526071e-05,0.0001306911640267,2.72143175624318,0.508993221071606,0.0413856088164,61.82813320013202,5704.36703035534,5642.538897155207,2.6692640523679145,207.35948169472908
1242,49.68,209.630795585392,8.53637662415604,-218.954520794134,-13.6757200008589,433.724659756229,0,0,0,0,-17.7714840112571,-13.517405326352,-4.0667733144831e-05,0.0001306910813614,2.71343431802872,0.50899432925253,0.0413049758525,61.81137579262943,5704.344496161198,5642.533120368568,2.6631173837526374,207.35926940173383
1243,49.72,209.629983263369,8.53505066501445,-218.954395503168,-13.6755391957467,433.72486729727,0,0,0,0,-17.7712489822681,-13.5181487937106,-4.06675954410772e-05,0.0001306909952813,2.70525650155283,0.508995396649201,0.0412246695564,61.795019044937675,5704.322391753074,5642.527372708137,2.657013754390561,207.35905817910697
1244,49.76,209.62918581179,8.53373724242555,-218.954202826323,-13.6753600103114,433.725011405999,0,0,0,0,-17.7710160613544,-13.518824534391,-4.06674608547729e-05,0.0001306909064457,2.69689894198976,0.508996428990768,0.0411446890363,61.77903778299281,5704.300691990341,5642.521654207349,2.65095188969475,207.35884802807723
1245,49.8,209.62840285939,8.53243605731847,-218.953942899375,-13.6751824369123,433.725092138359,0,0,0,0,-17.77078523878,-13.5194325773643,-4.06673316162139e-05,0.0001306908122002,2.68836228761274,0.508997434597883,0.0410650325671,61.763421998994275,5704.279386770366,5642.515964771372,2.64493111835732,207.35863894515964
1246,49.84,209.62763449131,8.53114728753467,-218.953615844822,-13.675006487106,433.725109535703,0,0,0,0,-17.7705565297123,-13.519973415036,-4.06671989786773e-05,0.0001306907210326,2.67964719993056,0.508998419911014,0.0409856974096,61.74817431997362,5704.258478409951,5642.510304089978,2.6389512455004405,207.35843091895347
1247,49.88,209.626880564516,8.52987087036086,-218.953221773105,-13.6748321583255,433.725063625586,0,0,0,0,-17.770329930905,-13.5204474853302,-4.06670534969473e-05,0.0001306906427689,2.67075435374801,0.508999386834651,0.0409066799487,61.73329131218103,5704.237963016943,5642.504671704762,2.6330117592229483,207.35822393261267
1248,49.92,209.626140006643,8.52860576754347,-218.952760789036,-13.6746594004092,433.724954428545,0,0,0,0,-17.7701053772014,-13.5208544816647,-4.06669183935277e-05,0.0001306905548935,2.66168443656028,0.509000335048941,0.0408279759979,61.71874420489212,5704.217811410806,5642.499067205914,2.6271110332262446,207.35801797107703
1249,49.96,209.625411315882,8.52735049053155,-218.952232995668,-13.6744881417752,433.724781962794,0,0,0,0,-17.7698827755518,-13.5211936348725,-4.06667958170187e-05,0.0001306904558338,2.65243814818422,0.509001265829487,0.0407495809253,61.704492471324386,5704.197982725233,5642.493490253908,2.621246923030002,207.35781302186913
1250,50.0,209.624693645987,8.52610424133278,-218.951638491026,-13.6743183456878,433.724546241368,0,0,0,0,-17.7696620781685,-13.5214646239642,-4.06666388192279e-05,0.000130690392642,2.64301620054468,0.509002182373874,0.0406714894801,61.69051353172672,5704.1784539327,5642.4879404009735,2.615418018555327,207.35760906853378
1251,50.04,209.623986775994,8.52486688445315,-218.950977361809,-13.6741500121059,433.724247265456,0,0,0,0,-17.7694432849769,-13.5216677025788,-4.06664848854116e-05,0.0001306903270506,2.63341931781964,0.509003086508534,0.0405936955659,61.676802010636784,5704.159219020469,5642.482417009833,2.609623589845873,207.3574060876514
1252,50.08,209.623290361229,8.52363816466228,-218.950249681642,-13.6739831438436,433.723885022052,0,0,0,0,-17.7692263996655,-13.5218032223805,-4.06664121740671e-05,0.0001306901791686,2.62364823684693,0.509003976317918,0.0405161922523,61.66334932122526,5704.1402686094825,5642.476919288258,2.603862718521718,207.3572040501082
1253,50.12,209.622603509757,8.52241726119314,-218.949455515752,-13.6738177242846,433.723459488601,0,0,0,0,-17.7690114007094,-13.5218712276971,-4.06663229008532e-05,0.0001306900450426,2.61370370712743,0.509004848051846,0.040438972006,61.65013203127079,5704.1215784289525,5642.471446397682,2.5981338243703167,207.35700292508736
1254,50.16,209.62192522072,8.52120324112091,-218.948594926653,-13.6736537330056,433.722970639257,0,0,0,0,-17.7687982616369,-13.5218716299504,-4.06660984046776e-05,0.0001306900428202,2.6035864907942,0.509005700701454,0.040362026881,61.63712372824749,5704.103121244147,5642.465997515899,2.592435183344447,207.35680268237343
1255,50.2,209.62125539036,8.51999611080735,-218.947667975639,-13.6734911916711,433.722418446863,0,0,0,0,-17.7685870106375,-13.5218049975057,-4.06658678971032e-05,0.000130690044017,2.59329736211678,0.509006539000925,0.0402853485368,61.624322533515006,5704.084894231667,5642.460571698152,2.586766084921048,207.3566032872472
1256,50.24,209.620594383316,8.51879637159679,-218.946674721799,-13.6733301481699,433.721802881688,0,0,0,0,-17.7683777099576,-13.5216724735776,-4.0665796951819e-05,0.0001306898839298,2.58283710668305,0.509007372566682,0.0402089282782,61.61173953415922,5704.066907313843,5642.455167779684,2.58112633990225,207.3564046969046
1257,50.28,209.619940714951,8.51760259724643,-218.945615224369,-13.6731705709317,433.721123913005,0,0,0,0,-17.7681703186131,-13.5214741259395,-4.0665791021585e-05,0.000130689657348,2.57220652050013,0.509008212220655,0.0401327573575,61.59933549572641,5704.049120091649,5642.449784595922,2.5755136491869752,207.3562068685484
1258,50.32,209.619290669976,8.51641102659471,-218.944489550185,-13.6730123225231,433.72038151609,0,0,0,0,-17.767964658059,-13.5212083043543,-4.06656506850513e-05,0.0001306895634519,2.56140640903988,0.509009065797469,0.0400568274691,61.58701020006899,5704.031431466916,5642.444421266847,2.5699232126602314,207.3560097698385
1259,50.36,209.618642309603,8.5152197413194,-218.943297781054,-13.67285533058,433.719575679918,0,0,0,0,-17.7677606342387,-13.5208741802962,-4.06653754161946e-05,0.0001306896026287,2.55043758694976,0.509009935001592,0.0399811310845,61.57471158710222,5704.013788682539,5642.439077095437,2.564352321778066,207.3558133751598
1260,50.4,209.617998899588,8.51403224790373,-218.94204001524,-13.6726997424385,433.718706409362,0,0,0,0,-17.7675584385275,-13.5204743027272,-4.06651422564635e-05,0.0001306895982502,2.53930087810878,0.509010814079015,0.0399056614083,61.562529339370876,5703.996280604265,5642.433751264894,2.5588042263211683,207.3556176544956
1261,50.44,209.61736568323,8.51285411860875,-218.940716363825,-13.6725457934175,433.717773721864,0,0,0,0,-17.7673583766556,-13.5200127418409,-4.06650535539599e-05,0.0001306894488456,2.52799711580713,0.509011690875758,0.039830412146,61.55060708289017,5703.979049909525,5642.428442826635,2.553284418669592,207.35542257298596
1262,50.48,209.616742535372,8.51168533345659,-218.939326948253,-13.6723934944758,433.716777644645,0,0,0,0,-17.7671604628799,-13.5194902394956,-4.0665032105409e-05,0.0001306892323936,2.51652714282427,0.50901255035872,0.0397553774481,61.53894221355336,5703.9620931926265,5642.423150979073,2.5477923208306206,207.35522810117328
1263,50.52,209.616121113007,8.51051730644615,-218.937871903017,-13.6722425074106,433.715718216988,0,0,0,0,-17.766964257756,-13.5189020569576,-4.06649450882873e-05,0.0001306890819531,2.50489181113372,0.509013379341715,0.0396805521395,61.527308135873916,5703.945183428784,5642.41787529291,2.5423181462459365,207.35503422328102
1264,50.56,209.615490833614,8.50933911383974,-218.93635138059,-13.6720923949144,433.714595495279,0,0,0,0,-17.7667691930003,-13.5182416931933,-4.06647504275067e-05,0.0001306890393385,2.49309198174771,0.509014170145076,0.0396059319708,61.5154170416166,5703.928032652932,5642.412615611316,2.5368497199334867,207.35484093354583
1265,50.6,209.614848616178,8.50814764635242,-218.934765553053,-13.6719430322682,433.713409555147,0,0,0,0,-17.7665751064717,-13.5175073384594,-4.06645172093094e-05,0.0001306890349478,2.48112852460061,0.509014921676606,0.0395315136175,61.503185305806205,5703.9105570263855,5642.407371720579,2.531383425804404,207.35464822411396
1266,50.64,209.614203200284,8.50695211081906,-218.933114609349,-13.671794790229,433.712160489043,0,0,0,0,-17.7663824798838,-13.5167048721316,-4.06643328509449e-05,0.000130688980741,2.46900231842002,0.509015638496562,0.039457294482,61.49085121330864,5703.892994365364,5642.402143152055,2.5259289465572845,207.354456077763
1267,50.68,209.613569812821,8.50576847258138,-218.931398752433,-13.6716483104569,433.710848403129,0,0,0,0,-17.7661921470349,-13.5158444721147,-4.06642087205935e-05,0.0001306888647145,2.45671425052729,0.509016329655269,0.0393832725872,61.47882969588602,5703.87575901462,5642.396929318734,2.5205031717240347,207.35426447292076
1268,50.72,209.612959334138,8.50460816708793,-218.929618199832,-13.6715040505302,433.709473417412,0,0,0,0,-17.76600470258,-13.5149334975336,-4.06640987200856e-05,0.0001306887324112,2.44426521658844,0.50901700823972,0.0393094466781,61.467417194794,5703.859147043532,5642.391729848739,2.5151180578431953,207.35407339592103
1269,50.76,209.612370145953,8.50346961040424,-218.927773185792,-13.6713619465291,433.708035667869,0,0,0,0,-17.7658200635062,-13.5139711451002,-4.06639801650343e-05,0.0001306886060641,2.43165612092033,0.509017690795072,0.0392358163287,61.456569650897514,5703.843114416404,5642.386544765507,2.5097716172145894,207.35388284762513
1270,50.8,209.611787611482,8.50233766408336,-218.925863960757,-13.6712213982163,433.706535306371,0,0,0,0,-17.7656374498197,-13.5129482259729,-4.0663857332396e-05,0.0001306884810027,2.41888787718252,0.50901839514693,0.0391623818115,61.445888475954796,5703.8272628460545,5642.381374370099,2.504447473423237,207.35369283909682
1271,50.84,209.611190731284,8.50119057004195,-218.923890787733,-13.6710815483815,433.704972497356,0,0,0,0,-17.7654557475639,-13.5118516064333,-4.06637171768069e-05,0.0001306883699141,2.40596140896644,0.509019136439857,0.0390891438121,61.43480189505243,5703.811020908592,5642.376219013539,2.4991223596645398,207.35350338323593
1272,50.88,209.610562764731,8.50001100894294,-218.921853939927,-13.6709417195074,433.703347415222,0,0,0,0,-17.7652740762988,-13.5106710379937,-4.0663537564213e-05,0.0001306882946042,2.39287764970569,0.509019923120718,0.0390161033189,61.42285416094584,5703.793933068322,5642.371078907377,2.493777921109593,207.35331448781685
1273,50.92,209.60990079055,8.49879604995403,-218.919753703297,-13.6708018024677,433.701660246361,0,0,0,0,-17.7650922941987,-13.5094051148789,-4.06633322345746e-05,0.0001306882409937,2.37963754173263,0.509020754947304,0.038943261859,61.40996578409778,5703.7759198333615,5642.365954049264,2.4884112283613002,207.35312615275325
1274,50.96,209.609218297407,8.49755984043264,-218.917590381986,-13.6706623554753,433.699911194436,0,0,0,0,-17.7649111266081,-13.508062693062,-4.06631607791343e-05,0.0001306881491062,2.36624203540102,0.509021623583761,0.0388706218549,61.396503912094815,5703.757348249005,5642.36084433691,2.4830374984330543,207.35293837428605
1275,51.0,209.608538654028,8.49632680078112,-218.915364301116,-13.6705243292347,433.698100483597,0,0,0,0,-17.7647318089119,-13.5066586102808,-4.06630560087192e-05,0.0001306879857615,2.352692088833,0.509022514940258,0.0387981867383,61.38310440250714,5703.738854210676,5642.355749808169,2.477682745003965,207.3527511538063
1276,51.04,209.607884188344,8.49512025616281,-218.913075804449,-13.6703886200768,433.696228356707,0,0,0,0,-17.7645555059019,-13.5052068327325,-4.06629541309002e-05,0.0001306878145097,2.33898866827515,0.509023412366817,0.0387259607406,61.37037449428861,5703.7210452923255,5642.350670798037,2.472371681994844,207.35256450362493
1277,51.08,209.607268294495,8.49395422951961,-218.91072525012,-13.6702557561012,433.694295071197,0,0,0,0,-17.7643829038995,-13.5037155954152,-4.06627789090676e-05,0.000130687711504,2.3251327485111,0.509024300132948,0.0386539486334,61.35867808413208,5703.704285967065,5642.345607882932,2.4671190852719507,207.35237844492494
1278,51.12,209.606693511839,8.49283145183195,-218.90831300883,-13.6701258280602,433.692300896898,0,0,0,0,-17.7642141208446,-13.5021862514729,-4.06625712485391e-05,0.000130687635819,2.31112531284004,0.509025166347326,0.0385821556691,61.348083597261,5703.688645334347,5642.340561737085,2.4619277926942993,207.35219300248377
1279,51.16,209.606152725433,8.49174461448749,-218.905839464575,-13.6699985408862,433.690246116407,0,0,0,0,-17.7640487732168,-13.5006140608358,-4.06624207146892e-05,0.0001306874978503,2.29696735309554,0.50902600426822,0.0385105876477,61.338396719232215,5703.67392978671,5642.335533067478,2.4567901348453525,207.35200820228258
1280,51.2,209.605630113736,8.49067735314726,-218.90330501406,-13.6698732499712,433.68813102462,0,0,0,0,-17.7638860232418,-13.4989888346054,-4.06623228128431e-05,0.0001306873020487,2.2826598700259,0.509026811654641,0.0384392508348,61.32918614577664,5703.6597087980945,5642.330522652318,2.4516890605178294,207.35182407291998
1281,51.24,209.60510244732,8.48960559811707,-218.900710062653,-13.6697490132458,433.685955925102,0,0,0,0,-17.7637246466759,-13.4972958552928,-4.06622192107022e-05,0.0001306871067232,2.26820387393511,0.509027588910267,0.0383681516558,61.31981890202968,5703.6453502635695,5642.32553136154,2.4465996162568304,207.35164064636544
1282,51.28,209.604543723568,8.48850239889383,-218.898055019511,-13.6696247811949,433.68372112538,0,0,0,0,-17.76356327981,-13.4955189247854,-4.06620856905412e-05,0.0001306869360717,2.25360038502669,0.509028337218369,0.0382972964025,61.309586533794594,5703.630146615887,5642.320560082092,2.441494028264847,207.35145795521373
1283,51.32,209.603933710963,8.48734681360993,-218.895340295785,-13.669499741672,433.681426934811,0,0,0,0,-17.763400867516,-13.4936456740561,-4.06619194575405e-05,0.0001306867928747,2.23885043305132,0.509029057370912,0.0382266911921,61.2979377059082,5703.613547327426,5642.315609621518,2.436350971624186,207.35127602914153
1284,51.36,209.60326672371,8.48613303196135,-218.892566305807,-13.6693736677951,433.679073665351,0,0,0,0,-17.763237115127,-13.4916727331558,-4.06617350794631e-05,0.0001306866625542,2.22395505696907,0.509029749227942,0.0381563420938,61.28471702998697,5703.595397679828,5642.310680649841,2.4311649912089526,207.35109489277175
1285,51.4,209.60255498562,8.48487386721647,-218.889733467068,-13.6692470461415,433.676661631613,0,0,0,0,-17.7630726548165,-13.4896075478823,-4.0661556511148e-05,0.0001306865210855,2.20891530520315,0.509030411502055,0.0380862551062,61.270256628203185,5703.576030299931,5642.305773671727,2.425949973946701,207.3509145646505
1286,51.44,209.601823546207,8.48359546352695,-218.886842196109,-13.6691208685675,433.674191147357,0,0,0,0,-17.762908775143,-13.4874653185153,-4.0661384558806e-05,0.000130686367529,2.19373223649007,0.509031041900384,0.0380164358362,61.25523775378316,5703.556126819727,5642.300889065944,2.42073347450805,207.35073505869727
1287,51.48,209.601099848024,8.48232644572744,-218.88389290254,-13.6689962151903,433.671662520027,0,0,0,0,-17.7627468794486,-13.4852629112737,-4.06612307665481e-05,0.0001306861903372,2.17840692062675,0.50903163794373,0.0379468891057,61.24040682306789,5703.536433989123,5642.296027166055,2.4155453583458493,207.35055638717023
1288,51.52,209.60040463016,8.48108846445134,-218.880885985888,-13.6688738959394,433.669076047536,0,0,0,0,-17.7625880202391,-13.4830134023173,-4.06611303109019e-05,0.0001306859546613,2.1629404382884,0.50903219849895,0.0378776188158,61.226327830733226,5703.517516147471,5642.291188316738,2.410408023363218,207.35037856273613
1289,51.56,209.599748259855,8.47989238698537,-218.877821836889,-13.6687543092757,433.666432019035,0,0,0,0,-17.7624327154819,-13.4807235319777,-4.06610586138706e-05,0.0001306856856117,2.14733388039717,0.509032725299585,0.0378086281163,61.21328248611728,5703.499655401743,5642.286372915626,2.405332557456531,207.35020160000767
1290,51.6,209.599132349754,8.47873998083721,-218.874700840245,-13.6686375081532,433.663730717314,0,0,0,0,-17.7622810341303,-13.4783943375165,-4.06609253726066e-05,0.0001306854738392,2.13158834774157,0.509033223236115,0.03773991961,61.20131420346936,5703.4828956342435,5642.281581430774,2.400320583941464,207.35002551618555
1291,51.64,209.598554691605,8.47762904373698,-218.871523375379,-13.668523396503,433.66097241975,0,0,0,0,-17.7621328513767,-13.4760242726079,-4.06607088697611e-05,0.0001306853410599,2.11570495106662,0.509033698827888,0.0376714953577,61.190362459793995,5703.467176755375,5642.27681429558,2.395369610502116,207.34985032719686
1292,51.68,209.598014307939,8.47655865659432,-218.868289815486,-13.6684119309763,433.658157397807,0,0,0,0,-17.7619881108399,-13.4736127563459,-4.06604977413246e-05,0.0001306851985171,2.09968481120558,0.509034157815946,0.0376033567649,61.18040045524706,5703.452472166851,5642.272071711604,2.3904784389154443,207.3496760404488
1293,51.72,209.597512769172,8.47553055087945,-218.865000527728,-13.6683031714063,433.655285917426,0,0,0,0,-17.7618468901531,-13.4711610788124,-4.06603503568624e-05,0.0001306849880256,2.08352905851068,0.509034603777834,0.0375355046003,61.17147097595756,5703.438824601868,5642.267353625911,2.385648552439983,207.34950265399604
1294,51.76,209.597050949755,8.4745457320342,-218.861655875543,-13.6681971477862,433.652358241051,0,0,0,0,-17.7617092280815,-13.4686699727289,-4.06602248752065e-05,0.0001306847522807,2.06723883207198,0.509035039019082,0.0374679391986,61.1635979023334,5703.42625785545,5642.262659953117,2.3808806591483394,207.34933016470077
1295,51.8,209.596624631797,8.47359990943939,-218.858256220453,-13.6680936862452,433.649374629056,0,0,0,0,-17.7615748983869,-13.4661365804716,-4.06600793286433e-05,0.0001306845347011,2.05081527947784,0.509035467311605,0.0374006606169,61.15666640427381,5703.414657152936,5642.257990748662,2.376170054420642,207.34915857460044
1296,51.84,209.596222335897,8.47268124918953,-218.854801920518,-13.6679923310345,433.646335338259,0,0,0,0,-17.7614433085504,-13.4635533708318,-4.06599277092862e-05,0.0001306843226179,2.03425955738365,0.509035896784002,0.0373336685219,61.15036399575473,5703.4037101239155,5642.253346128161,2.3715043777481184,207.3489878879437
1297,51.88,209.595825418735,8.47177048496403,-218.85129332635,-13.6678923583049,433.643240618426,0,0,0,0,-17.7613135178781,-13.4609088276802,-4.06597937061625e-05,0.0001306840927603,2.01757283234186,0.509036341213029,0.037266961896,61.144183381713106,5703.39290945781,5642.248726076096,2.366863774339678,207.3488181041604
1298,51.92,209.595409260783,8.47084215481353,-218.847730778556,-13.6677928255742,433.640090710099,0,0,0,0,-17.7611843020088,-13.4581886067413,-4.06596782987146e-05,0.0001306838436709,2.00075628079028,0.50903681876802,0.0372005388712,61.13745480824031,5703.381585223141,5642.244130414901,2.362222202963949,207.34864921672497
1299,51.96,209.594946576925,8.46986803453819,-218.844114608791,-13.6676926943085,433.636885845487,0,0,0,0,-17.7610543122411,-13.4553774437261,-4.06595533678403e-05,0.0001306836028049,1.98381108841524,0.509037348294462,0.0371343968493,61.12943600729545,5703.368994954085,5642.23955894679,2.3575509691496532,207.34848121836902
1300,52.0,209.594414722359,8.46882471953417,-218.840445142499,-13.6675911053182,433.633626250642,0,0,0,0,-17.7609224330595,-13.4524630612972,-4.0659382456402e-05,0.0001306834063386,1.9667384495603,0.509037944165622,0.0370685327371,61.11951093076632,5703.354522454194,5642.235011523428,2.3528264147941638,207.3483141036413
1301,52.04,209.59380509492,8.4677033895694,-218.836722699847,-13.6674877409398,433.630312146137,0,0,0,0,-17.7607882521665,-13.4494412931493,-4.06591740236039e-05,0.000130683245959,1.94953956721073,0.509038611441028,0.0370029430227,61.1074457666292,5703.337933646634,5642.230487880005,2.348039713706634,207.34814786281026
1302,52.08,209.593128149426,8.46651501868963,-218.832947594221,-13.6673830210112,433.626943745968,0,0,0,0,-17.7606523147069,-13.4463188102774,-4.0658979572518e-05,0.0001306830705634,1.93221565348756,0.50903934332948,0.0369376236444,61.09352560300573,5703.319513021497,5642.225987418491,2.3432019682597365,207.34798247389864
1303,52.12,209.592409045138,8.46528585140168,-218.82912013088,-13.6672779322939,433.62352125691,0,0,0,0,-17.7605159018189,-13.4431106283781,-4.06588204308016e-05,0.000130682859398,1.91476792960546,0.50904012236273,0.0368725698684,61.078435921814005,5703.299945197142,5642.221509275328,2.338339481902155,207.3478179051713
1304,52.16,209.591677000649,8.46404634008045,-218.82524060787,-13.6671736112885,433.620044879727,0,0,0,0,-17.7603804892823,-13.4398342675417,-4.06586731685867e-05,0.0001306826365838,1.89719762533532,0.509040925146746,0.036807776354,61.062972630981434,5703.280025251983,5642.217052621001,2.333482543706292,207.34765412614414
1305,52.2,209.590956534032,8.4628220458655,-218.821309318111,-13.6670710046263,433.616514810904,0,0,0,0,-17.7602473067859,-13.4365050074971,-4.06585352464345e-05,0.0001306824051565,1.87950597854628,0.509041728731834,0.0367432373276,61.047803526022776,5703.260420356767,5642.212616830744,2.32865630453738,207.34749111385742
1306,52.24,209.590264582404,8.46163065317775,-218.817326550105,-13.6669707634754,433.612931242807,0,0,0,0,-17.7601172006591,-13.4331341826184,-4.0658421759729e-05,0.0001306821497809,1.86169423515737,0.509042515758277,0.036678946659,61.03339001001695,5703.241591393924,5642.208201383907,2.3238778482327143,207.3473288491776
1307,52.28,209.589611005949,8.46048250017865,-218.81329258707,-13.6668732698539,433.609294362694,0,0,0,0,-17.7599906677038,-13.429729163958,-4.06582931657361e-05,0.0001306819087673,1.84376364957484,0.509043276526917,0.0366148977958,61.02000098607166,5703.223806672727,5642.203805686655,2.319156788383735,207.3471673102816
1308,52.32,209.588999367418,8.45938139129587,-218.809207707161,-13.6667786700042,433.605604353287,0,0,0,0,-17.7598678982946,-13.4262934938076,-4.06580940059012e-05,0.0001306817359317,1.82571548457208,0.509044008346696,0.0365510837433,61.00773412938791,5703.207163140568,5642.19942901118,2.3144961414416168,207.34700647042305
1309,52.36,209.588427498848,8.45832518609128,-218.805072186934,-13.6666868968996,433.60186139659,0,0,0,0,-17.7597488055256,-13.4228270288868,-4.06578696614032e-05,0.000130681585035,1.80755101036609,0.509044713828802,0.0364874972721,60.99653127723253,5703.1916018041675,5642.195070526935,2.309892982482767,207.34684629907989
1310,52.4,209.587887867266,8.45730617755507,-218.800886306773,-13.666597682731,433.598065679215,0,0,0,0,-17.7596330414434,-13.4193260227799,-4.0657717080983e-05,0.00013068135973,1.78927150357819,0.50904539915609,0.0364241312817,60.9861882793884,5703.176917680892,5642.190729401504,2.305338894812372,207.3466867656614
1311,52.44,209.587367946762,8.45631147372939,-218.796650354883,-13.6665105680391,433.594217395955,0,0,0,0,-17.7595200089643,-13.4157831849818,-4.0657624769239e-05,0.0001306810729718,1.77087824662625,0.509046072079126,0.0363609790749,60.976364965965985,5703.162769923368,5642.1864049574015,2.300820413501381,207.3465278452704
1312,52.48,209.586852692422,8.4553255615448,-218.792364628184,-13.6664249913715,433.590316750432,0,0,0,0,-17.7594089784316,-13.4121892639337,-4.06574916065532e-05,0.0001306808270071,1.75237252795456,0.509046739272484,0.0362980343968,60.966652416186406,5703.148749138635,5642.1820967224485,2.2963216071426635,207.34636952055467
1313,52.52,209.586330572736,8.45433656893827,-218.788029431635,-13.6663405192461,433.586363954679,0,0,0,0,-17.7592993864884,-13.4085372520824,-4.06572744020361e-05,0.000130680665222,1.73375564225007,0.50904740373699,0.0362352913479,60.95673727105194,5703.13454153832,5642.177804267269,2.291830272269588,207.34621177573493
1314,52.56,209.585799966305,8.45334290790201,-218.783645078364,-13.6662570929902,433.582359229757,0,0,0,0,-17.7591911568603,-13.4048268671018,-4.06570327271886e-05,0.0001306805275079,1.71502889016262,0.509048063637856,0.0361727443645,60.94657600872573,5703.120103001912,5642.173526993186,2.2873444395402545,207.3460545888102
1315,52.6,209.585270013156,8.45235415884243,-218.779211890829,-13.6661750619898,433.578302807133,0,0,0,0,-17.7590847435484,-13.4010650600831,-4.06568560910537e-05,0.0001306803235219,1.69619357787216,0.509048713244286,0.0361103883111,60.93641810352402,5703.105682242213,5642.169264138689,2.2828731561389604,207.3458979317955
1316,52.64,209.584754286367,8.45138449901037,-218.774730201354,-13.6660949402825,433.574194928993,0,0,0,0,-17.7589808145038,-13.3972615184901,-4.06567547937845e-05,0.0001306800420847,1.67725101689195,0.509049345263937,0.0360482185568,60.92663358193306,5703.091648601488,5642.165015019555,2.278429943874748,207.34574177954605
1317,52.68,209.584262839958,8.45044444817995,-218.770200351225,-13.666017104083,433.570035847086,0,0,0,0,-17.758879858567,-13.3934232466876,-4.06566373609476e-05,0.0001306797738558,1.65820252444393,0.509049953285541,0.0359862309383,60.9174964507434,5703.0782756635535,5642.16077921281,2.2740246724828834,207.3455861165179
1318,52.72,209.583799362021,8.44953791869348,-218.765622689775,-13.6659416888467,433.565825821949,0,0,0,0,-17.7587820517008,-13.3895528371729,-4.06564403853953e-05,0.0001306795816768,1.63904942363397,0.509050533401827,0.0359244216816,60.909107297789724,5703.065663786508,5642.156556488718,2.269660702983763,207.3454309342684
1319,52.76,209.583364072599,8.44866522902776,-218.760997575228,-13.6658687053689,433.561565124168,0,0,0,0,-17.7586874078434,-13.3856506386026,-4.06562161394753e-05,0.0001306794131871,1.61979304304986,0.509051084722017,0.0358627874214,60.90147234301742,5703.053818958024,5642.1523466150065,2.2653378873806815,207.34527622426165
1320,52.8,209.582957347664,8.4478268651169,-218.756325377029,-13.6657981772928,433.557254036868,0,0,0,0,-17.7585959575726,-13.3817171571216,-4.06560293900887e-05,0.0001306792039355,1.60043471615448,0.50905160896166,0.0358013253314,60.89460211770606,5703.0427514088215,5642.148149291115,2.261056272548257,207.3451219754523
1321,52.84,209.582580201609,8.44702397456499,-218.751606477443,-13.6657301524633,433.552892856951,0,0,0,0,-17.7585077628259,-13.3777531042603,-4.0655866134185e-05,0.0001306789682258,1.58097578098289,0.509052109465338,0.0357400332263,60.888524469725276,5703.032488741941,5642.143964272216,2.256816587470212,207.3449681788431
1322,52.88,209.582232777168,8.44625679401423,-218.74684127098,-13.6656646398344,433.548481893967,0,0,0,0,-17.7584228348863,-13.373758269376,-4.06556955513227e-05,0.0001306787368743,1.56141758058232,0.509052590065982,0.0356789095198,60.88324339405923,5703.023034841371,5642.139791447312,2.252618711519514,207.3448148303549
1323,52.92,209.581913392079,8.44552366063611,-218.742030162559,-13.6656015741729,433.544021468175,0,0,0,0,-17.7583410885289,-13.3697310946882,-4.06555176547402e-05,0.0001306785096451,1.54176146344567,0.509053054230738,0.0356179530823,60.87871317154641,5703.014343930431,5642.135630758885,2.248460717809264,207.34466192787403
1324,52.96,209.581618120919,8.44482058337042,-218.737173566434,-13.6655408058467,433.539511909829,0,0,0,0,-17.7582623288507,-13.3656687622271,-4.06553358310444e-05,0.0001306782828988,1.52200878344785,0.509053504732502,0.0355571631487,60.874827091014915,5703.006309192921,5642.131482101907,2.244338467576646,207.34450946754077
1325,53.0,209.581339389501,8.4441397903041,-218.732271906558,-13.6654820541368,433.534953559892,0,0,0,0,-17.7581861908192,-13.3615666720422,-4.06551549889369e-05,0.0001306780515076,1.50216089948931,0.509053943650487,0.0354965393435,60.871379201843226,5702.998724524717,5642.127345322873,2.240244223966408,207.34435744371393
1326,53.04,209.581063256815,8.44346691293024,-218.727325617438,-13.6654248093771,433.5303467707,0,0,0,0,-17.7581120123966,-13.3574170998136,-4.06549886181618e-05,0.0001306778018007,1.48221917514952,0.509054372320444,0.0354360817592,60.867990278832806,5702.99121057161,5642.123220292778,2.2361639692813413,207.3442058516526
1327,53.08,209.58076697363,8.44277845505972,-218.722335144536,-13.6653682427713,433.525691905878,0,0,0,0,-17.7580387176024,-13.3532079861001,-4.06548425468867e-05,0.0001306775278,1.46218497889292,0.509054791086446,0.0353757909968,60.86404131820762,5702.983148295498,5642.11910697729,2.232075024447546,207.34405469009516
1328,53.12,209.580419572091,8.44204240100129,-218.717300944626,-13.6653112248742,433.52098934059,0,0,0,0,-17.7579648405556,-13.3489232529455,-4.06547015529055e-05,0.0001306772445691,1.44205968424669,0.509055199046754,0.0353156681712,60.858689503044985,5702.973695018123,5642.115005515078,2.2279467105567687,207.34390396413758
1329,53.16,209.579988399015,8.44122498437551,-218.712223486778,-13.6652525617093,433.516239463127,0,0,0,0,-17.7578888318617,-13.344546129559,-4.06545290055678e-05,0.0001306769885248,1.42184466947318,0.509055594174247,0.0352557149474,60.851045945740275,5702.96196220112,5642.110916255379,2.2237469175546245,207.3437536866141
1330,53.2,209.579451467214,8.44030349292179,-218.707103253487,-13.6651914490705,433.51144267685,0,0,0,0,-17.757809648033,-13.3400655800536,-4.06543030999293e-05,0.0001306767812349,1.40154131709859,0.509055974069171,0.0351959336148,60.84051193115674,5702.947351542627,5642.106839611471,2.2194543883322586,207.34360387271235
1331,53.24,209.578808928384,8.43927816627627,-218.701940740409,-13.6651278977559,433.506599400272,0,0,0,0,-17.7577273031166,-13.3354822771182,-4.06540571703067e-05,0.0001306765891869,1.38115101348174,0.50905633711374,0.0351363271145,60.827091366650144,5702.929867170504,5642.102775803854,2.2150700039215008,207.3434545305356
1332,53.28,209.578084273535,8.43817344036852,-218.696736454159,-13.6650627772266,433.501710064552,0,0,0,0,-17.7576429252449,-13.3308090520238,-4.06538428482023e-05,0.0001306763606341,1.36067514905751,0.509056683250649,0.0350768989486,60.81142350352791,5702.910148307691,5642.098724804163,2.210617773405491,207.3433056590415
1333,53.32,209.577313189313,8.43702638801613,-218.691490909515,-13.6649973994247,433.496775110236,0,0,0,0,-17.7575582167317,-13.3260649549954,-4.06536670203018e-05,0.0001306760885909,1.34011511891139,0.509057013666057,0.0350176530076,60.794479443273254,5702.889166037287,5642.094686594014,2.2061336070627418,207.3431572575544
1334,53.36,209.57652888775,8.43587150456628,-218.686204627693,-13.6649329746001,433.491794985477,0,0,0,0,-17.7574747482139,-13.321267808408,-4.06535051103406e-05,0.000130675797554,1.31947232289115,0.509057329573172,0.0349585934233,60.77716266546136,5702.8678241047155,5642.090661439254,2.20165073183807,207.343009335844
1335,53.4,209.575754172498,8.43473248509025,-218.680878135803,-13.6648703225031,433.486770145714,0,0,0,0,-17.7573935839697,-13.3164303756641,-4.06533402044134e-05,0.0001306755044254,1.29874816550487,0.509057631042831,0.0348997244942,60.760093153101636,5702.846743028954,5642.086649875852,2.1971919033738074,207.34286191360675
1336,53.44,209.575001720412,8.43362252157419,-218.675511966103,-13.6648098879702,433.481701052911,0,0,0,0,-17.7573153019822,-13.3115605136914,-4.06531626280202e-05,0.0001306752189843,1.27794405571783,0.509057916524063,0.0348410506374,60.743615228949004,5702.826267764795,5642.082652535846,2.1927697769245422,207.34271501406968
1337,53.48,209.574277750364,8.43254811028722,-218.670106654252,-13.6647518790587,433.476588173387,0,0,0,0,-17.7572401730125,-13.3066628842922,-4.06529750347778e-05,0.0001306749388609,1.25706140712982,0.509058183104783,0.0347825763043,60.727897505104686,5702.806567536366,5642.078670031261,2.1883905915035995,207.34256865972432
1338,53.52,209.573585266775,8.43151241846458,-218.664662737436,-13.6646963898742,433.47143197562,0,0,0,0,-17.7571683198997,-13.3017404751472,-4.06527988633815e-05,0.0001306746430254,1.23610163844983,0.509058427344701,0.0347243058798,60.71302119655265,5702.787724098128,5642.074702901576,2.1840573959933893,207.34242287039606
1339,53.56,209.572925693516,8.43051698065888,-218.659180753732,-13.6646434633117,433.466232929901,0,0,0,0,-17.7570997989104,-13.2967952618401,-4.06526376423239e-05,0.0001306743281578,1.21506617346446,0.509058646295164,0.03466624363,60.69902456880476,5702.7697761955815,5642.070751626777,2.179771669560291,207.34227766372416
1340,53.6,209.572299226364,8.42956206220415,-218.653661242474,-13.6645931027273,433.460991509362,0,0,0,0,-17.7570346148142,-13.2918282031768,-4.06524507526493e-05,0.0001306740344817,1.19395644071539,0.509058838186386,0.0346083937047,60.685912482589096,5702.752729156093,5642.066816673504,2.1755336775571434,207.3421330568573
1341,53.64,209.571704722947,8.4286465404452,-218.648104743861,-13.6645452634726,433.455708189835,0,0,0,0,-17.7569727098539,-13.2868391261032,-4.06522159619564e-05,0.0001306737833575,1.17277387312086,0.509059002605564,0.0345507601162,60.67365337465456,5702.736551894134,5642.06289851948,2.1713423725658205,207.34198906735142
1342,53.68,209.57113950428,8.42776769669143,-218.642511796702,-13.6644998427797,433.45038344707,0,0,0,0,-17.7569139506152,-13.2818267020455,-4.0651995455264e-05,0.0001306735120693,1.15151990804516,0.509059140402345,0.0344933466304,60.662173896438254,5702.721171510812,5642.058997614374,2.1671952070561775,207.34184571173162
1343,53.72,209.570598874304,8.42692071897656,-218.636882935529,-13.6644566621975,433.445017753053,0,0,0,0,-17.756858105237,-13.2767882099744,-4.06518463308908e-05,0.0001306731640042,1.1301959878866,0.50905925347048,0.0344361566134,60.65134588058721,5702.7064602198525,5642.055114339265,2.1630876713774634,207.34170300400226
1344,53.76,209.570076083655,8.42609866331929,-218.631218689249,-13.6644154649083,433.439611574493,0,0,0,0,-17.7568048399471,-13.2717194038394,-4.06517112180769e-05,0.0001306727977757,1.10880356037813,0.509059344282403,0.0343791929426,60.640985301516025,5702.692234361705,5642.05124906019,2.159013267602738,207.34156095761492
1345,53.8,209.569564813658,8.42529502652329,-218.62551958195,-13.6643760051962,433.434165374281,0,0,0,0,-17.7567538353482,-13.2666161499467,-4.06515126442537e-05,0.0001306724920144,1.08734407849097,0.509059415159757,0.0343224580338,60.6309198496442,5702.6783219964655,5642.047402146822,2.15496592977922,207.3414195861549
1346,53.84,209.569063754029,8.42450849230638,-218.619786134221,-13.6643382177081,433.428679613651,0,0,0,0,-17.7567050064217,-13.2614777509732,-4.06512773132901e-05,0.0001306722205448,1.0658189999224,0.509059467587091,0.0342659539237,60.621113606632385,5702.6646874694925,5642.04357386286,2.1509444490311895,207.34127889931295
1347,53.88,209.568578833742,8.42374524738136,-218.614018863301,-13.6643023028915,433.423154752553,0,0,0,0,-17.7566586136056,-13.2563086604953,-4.06510720766425e-05,0.0001306719163925,1.04422978660338,0.509059501973426,0.0342096823179,60.6117278351054,5702.651492116383,5642.039764281278,2.1469545883980268,207.34113889977075
1348,53.92,209.568119733945,8.42301537037283,-218.608218282321,-13.664268602566,433.417591248459,0,0,0,0,-17.7566151010959,-13.2511160031079,-4.06508972385895e-05,0.0001306715786372,1.02257790456335,0.509059518150551,0.034153644594,60.60302601255577,5702.638999374595,5642.03597336204,2.1430056656202905,207.34099958605708
1349,53.96,209.567692914375,8.42232560558538,-218.602384900239,-13.6642373468686,433.411989555896,0,0,0,0,-17.7565747679447,-13.2459045540494,-4.06507139381913e-05,0.0001306712451512,1.00086482380988,0.50905951680137,0.0340978418155,60.59518390345256,5702.6273850225225,5642.03220111907,2.1391038191741902,207.3408609586836
1350,54.0,209.567296439506,8.42167400292742,-218.596519222983,-13.6642084681541,433.406350127716,0,0,0,0,-17.7565375261823,-13.2406731858889,-4.06505195264497e-05,0.0001306709175218,0.979092018164269,0.509059501634598,0.0340422747829,60.588148719795754,5702.616596391824,5642.028447672028,2.1352470749617285,207.34072302204774
1351,54.04,209.566918921628,8.42104882383821,-218.590621754406,-13.6641815642246,433.40067341642,0,0,0,0,-17.7565028530598,-13.2354143897887,-4.0650335884482e-05,0.0001306705733177,0.957260965000612,0.509059481198574,0.0339869440659,60.58161042106806,5702.606323607123,5642.024713186055,2.131424406901024,207.34058578221834
1352,54.08,209.566541427157,8.42043051408919,-218.584692995428,-13.6641559647622,433.394959873259,0,0,0,0,-17.7564698774628,-13.2301158090348,-4.06501657778926e-05,0.000130670210099,0.935373145182277,0.509059468743931,0.0339318499497,60.57505362661447,5702.596051459361,5642.020997832747,2.12761763261349,207.34044924550136
1353,54.12,209.56614151935,8.41979588807569,-218.578733441643,-13.6641308723296,433.389209945247,0,0,0,0,-17.7564375632219,-13.2247630890457,-4.06499927368582e-05,0.0001306698452586,0.913430043378412,0.509059479547867,0.0338769923076,60.56786763726169,5702.585169413659,5642.017301776397,2.1238053226122235,207.34031341793457
1354,54.16,209.565699626532,8.41912472352166,-218.572743581217,-13.6641055884244,433.383424072652,0,0,0,0,-17.7564050028588,-13.2193440927004,-4.06497935486881e-05,0.0001306695029703,0.891433148387845,0.509059526811281,0.0338223704929,60.55951977080569,5702.5731448976185,5642.013625126813,2.119968887713976,207.34017830355327
1355,54.2,209.56520650963,8.41840749713639,-218.566723894428,-13.6640797819554,433.377602688876,0,0,0,0,-17.7563717663079,-13.2138536007116,-4.06495630078264e-05,0.0001306691891851,0.869383953261351,0.509059618003159,0.0337679833143,60.54975866413908,5702.559726503255,5642.009967839115,2.1160996582052096,207.34004390070814
1356,54.24,209.564667930402,8.41765022105793,-218.560674854328,-13.664053658327,433.371746221998,0,0,0,0,-17.756338120428,-13.2082960511124,-4.0649328825598e-05,0.0001306688768248,0.847283955071537,0.509059752945532,0.0337138290738,60.53874137854125,5702.54507101599,5642.006329637449,2.112203238118166,207.33991019926177
1357,54.28,209.564102675496,8.41687239530357,-218.55459692723,-13.664027888348,433.365855095771,0,0,0,0,-17.7563049366118,-13.2026841547185,-4.06491174438246e-05,0.0001306685400812,0.825134654512627,0.509059923884856,0.0336599056052,60.52697958033107,5702.529689646554,5642.002710066223,2.1082975145699128,207.33977718247144
1358,54.32,209.563534675766,8.41609884215477,-218.548490572678,-13.6640033229569,433.359929729247,0,0,0,0,-17.7562733203324,-13.1970339938698,-4.06489349471835e-05,0.0001306681733853,0.802937555625855,0.509060117211372,0.0336062102896,60.51512493075301,5702.514233586653,5641.9991086559,2.104405094256387,207.33964483308202
1359,54.36,209.562984637235,8.41535103629731,-218.542356243678,-13.663980691644,433.353970536259,0,0,0,0,-17.7562442194693,-13.1913598003813,-4.06487696193739e-05,0.0001306677885225,0.780694165578546,0.509060316375596,0.0335527400823,60.503741226362656,5702.499266275871,5641.995525049509,2.1005453557266645,207.339513137975
1360,54.4,209.562465672416,8.41464258399962,-218.536194387609,-13.6639604500093,433.347977926035,0,0,0,0,-17.7562182261799,-13.1856710765509,-4.06485808474529e-05,0.0001306674254511,0.758405994510619,0.50906050515517,0.0334994915628,60.49318555172046,5702.485144523862,5641.991958972141,2.096730360001077,207.3393820870477
1361,54.44,209.561982545497,8.4139784485769,-218.530005447104,-13.6639427604168,433.341952304441,0,0,0,0,-17.75619555159,-13.179971871756,-4.06483471389947e-05,0.0001306671044544,0.736074555431653,0.509060669857627,0.0334464609762,60.48358783290255,5702.471997970782,5641.988410137879,2.092964205787185,207.3392516697929
1362,54.48,209.561532091888,8.41335538968127,-218.523789860044,-13.6639275121722,433.335894074423,0,0,0,0,-17.7561760519036,-13.174260836673,-4.06481184937803e-05,0.0001306667744504,0.713701364135271,0.509060799599696,0.0333936442286,60.47486229311661,5702.459740503752,5641.9848782106355,2.0892434900019574,207.33912187385954
1363,54.52,209.561104128961,8.41276290644877,-218.517548058984,-13.6639143538803,433.329803635376,0,0,0,0,-17.7561592704449,-13.1685317746113,-4.06479385063153e-05,0.0001306663915327,0.691287939161219,0.509060885475016,0.0333410368663,60.466732232699094,5702.448095039352,5641.981362806652,2.0855582221258233,207.3389926851448
1364,54.56,209.560683836762,8.41218569795218,-218.511280471325,-13.6639027727419,433.323681382876,0,0,0,0,-17.7561445407563,-13.1627752674199,-4.06477705905237e-05,0.0001306659927401,0.668835801663126,0.50906092025715,0.0332886341053,60.458794767098695,5702.436658306092,5641.977863538993,2.081894108679176,207.33886408942905
1365,54.6,209.560256833044,8.41160891293772,-218.504987520833,-13.6638922690974,433.317527710037,0,0,0,0,-17.7561312134747,-13.1569821732096,-4.06475604961884e-05,0.0001306656329898,0.646346475197539,0.509060899222584,0.0332364309333,60.45065890971217,5702.425038943098,5641.974380033386,2.0782373415919504,207.33873607295806
1366,54.64,209.559815914814,8.41102512966283,-218.49866962971,-13.6638825951089,433.31134300997,0,0,0,0,-17.7561189665204,-13.151148377419,-4.06473045801245e-05,0.0001306653163004,0.623821485464461,0.509060821117809,0.0331844222346,60.44212912730067,5702.413040946947,5641.970911819646,2.074580902341705,207.3386086184528
1367,54.68,209.559364802798,8.41043823452631,-218.49232722007,-13.6638738894441,433.305127677785,0,0,0,0,-17.7561079800959,-13.1452774439719,-4.06470442697861e-05,0.0001306650012089,0.601262359970366,0.509060688248449,0.0331326028789,60.43330732862216,5702.400765563751,5641.967458235128,2.0709280076458776,207.33848170156153
1368,54.72,209.558914931089,8.40986009827696,-218.485960714838,-13.6638665639093,433.29888211156,0,0,0,0,-17.7560987893415,-13.1393783060039,-4.06468299780031e-05,0.0001306646371072,0.5786706276396,0.509060506011729,0.0330809677858,60.42450542991277,5702.388523931027,5641.964018501114,2.067289039726987,207.33835529366692
1369,54.76,209.558477260112,8.40930209893099,-218.479570538983,-13.6638610129932,433.292606713157,0,0,0,0,-17.756091906897,-13.1334594272681,-4.06466706473653e-05,0.0001306642150969,0.556047818330627,0.509060282700138,0.0330295120156,60.41602236159433,5702.37661429713,5641.960591935535,2.0636738776656762,207.33822936970338
1370,54.8,209.558055795956,8.40876841221746,-218.47315712134,-13.6638573845727,433.286301889651,0,0,0,0,-17.7560875249426,-13.1275241976231,-4.06465070828454e-05,0.000130663794872,0.533395462427676,0.509060029131026,0.0329782308866,60.40796756706284,5702.365145673296,5641.957178106233,2.0600858899415626,207.33810391378935
1371,54.84,209.557647685351,8.40825611035513,-218.466720895939,-13.6638555836877,433.279968054623,0,0,0,0,-17.7560855200935,-13.1215710691747,-4.06462713699419e-05,0.0001306634451013,0.510715090701944,0.509059756661555,0.0329271200431,60.40026363254171,5702.354040418092,5641.953776785551,2.056522080685609,207.33797891755864
1372,54.88,209.557248527232,8.40776066133925,-218.460262301633,-13.6638554604693,433.273605627996,0,0,0,0,-17.7560856975997,-13.1155974761414,-4.06459878718698e-05,0.0001306631419371,0.488008234461539,0.509059473396657,0.0328761754114,60.39279101590543,5702.343178772441,5641.950387756536,2.052978057765792,207.3378543730384
1373,54.92,209.556857286682,8.407281016062,-218.453781780569,-13.6638569833324,433.267215034521,0,0,0,0,-17.7560880163967,-13.1096034122236,-4.06457499715632e-05,0.0001306627919071,0.465276425810675,0.509059180632959,0.0328253930925,60.385521924822484,5702.3325325748165,5641.947010649994,2.0494525808695574,207.33773026666094
1374,54.96,209.556476539509,8.40681985916029,-218.447279777321,-13.6638602449957,433.260796702666,0,0,0,0,-17.7560925969144,-13.1035914784293,-4.06455734698427e-05,0.0001306623786251,0.442521197699003,0.509058872088315,0.0327747693075,60.37852693297602,5702.322171916524,5641.9436449835475,2.045947757109423,207.33760658069926
1375,55.0,209.55610921804,8.40638023638162,-218.440756739796,-13.6638653438454,433.254351065299,0,0,0,0,-17.7560995669133,-13.097564369472,-4.06453786855518e-05,0.000130661981125,0.419744083727323,0.509058536590357,0.0327243004531,60.371886249526916,5702.312176590245,5641.940290340718,2.0424660161268777,207.337483299848
1376,55.04,209.555756497088,8.40596336546977,-218.434213120833,-13.6638723090213,433.247878561472,0,0,0,0,-17.7561089641473,-13.0915233503539,-4.06451337334804e-05,0.0001306616308739,0.396946617867472,0.509058162383105,0.0326739831971,60.365632116097075,5702.302578564269,5641.936946448172,2.039008168065808,207.3373604140624
1377,55.08,209.555418675334,8.40556955232278,-218.427649378762,-13.6638811356156,433.241379637389,0,0,0,0,-17.7561207820917,-13.0854690108655,-4.06448855488453e-05,0.0001306612807348,0.374130334268957,0.509057740230672,0.0326238145109,60.359772888606884,5702.2933859661225,5641.9336130775155,2.035574230765627,207.3372379149491
1378,55.12,209.555096555575,8.40519962413632,-218.421065976614,-13.6638918378561,433.234854745909,0,0,0,0,-17.7561350390461,-13.0794022920405,-4.06446564414871e-05,0.0001306609083093,0.351296767185582,0.509057263827917,0.0325737916322,60.3543306792224,5702.284620641022,5641.9302899618,2.032164701184585,207.33711579269794
1379,55.16,209.554791401583,8.40485488762613,-218.414463381508,-13.6639044504062,433.22830434587,0,0,0,0,-17.7561517798454,-13.0733243652876,-4.0644430284035e-05,0.0001306605296949,0.328447450851474,0.509056728319515,0.032523912048,60.349340140750655,5702.276316977956,5641.926976837206,2.0287805097566314,207.33699403761372
1380,55.2,209.554504572527,8.40453675291642,-218.407842065448,-13.6639190176717,433.22172890273,0,0,0,0,-17.7561710619814,-13.0672362934888,-4.06442040076697e-05,0.0001306601479161,0.30558391927697,0.509056128768127,0.0324741735594,60.3448384707593,5702.268511961797,5641.923673491038,2.025422685741305,207.33687264188006
1381,55.24,209.554237794381,8.40424701409403,-218.401202506841,-13.6639356029324,433.215128890061,0,0,0,0,-17.756192967457,-13.0611391921465,-4.06439794562794e-05,0.0001306597609939,0.282707706042039,0.509055459506279,0.032424574369,60.340872794164994,5702.26125255869,5641.920379764525,2.022092609605945,207.33675159966216
1382,55.28,209.553993411181,8.40398810385285,-218.394545191005,-13.6639542918017,433.208504790135,0,0,0,0,-17.7562176072474,-13.0550343931445,-4.06437519047115e-05,0.0001306593734388,0.259820344222763,0.509054714039824,0.0323751130858,60.33750699871068,5702.254602553104,5641.917095554393,2.0187922394473508,207.33663090716485
1383,55.32,209.553774268222,8.40376296653374,-218.387870609162,-13.6639751819756,433.201857092825,0,0,0,0,-17.756245107946,-13.0489234177299,-4.06435203266098e-05,0.0001306589860549,0.236923366479983,0.509053885256712,0.0323257886383,60.334818579275534,5702.248639369457,5641.9138207901815,2.0155239956010584,207.3365105617987
1384,55.36,209.553583435957,8.40357477107348,-218.381179257317,-13.6639983719881,433.195186294189,0,0,0,0,-17.7562755971423,-13.0428078651038,-4.06432844641469e-05,0.000130658598908,0.214018305095986,0.509052966595145,0.0322766001972,60.33289116326952,5702.243446559032,5641.9105553957625,2.0122905028594484,207.3363905607661
1385,55.4,209.553423708849,8.40342639599122,-218.374471636554,-13.6640239471207,433.188492896533,0,0,0,0,-17.7563091851457,-13.0366891022912,-4.06430453241897e-05,0.0001306582108255,0.191106691872331,0.509051954792508,0.0322275472037,60.331800873833195,5702.239100163042,5641.907299289209,2.0090941366719606,207.33627090105622
1386,55.44,209.553296684279,8.40331948155524,-218.367748254511,-13.6640519527419,433.181777409977,0,0,0,0,-17.7563459304225,-13.0305677224853,-4.06428051453472e-05,0.0001306578194131,0.168190057919359,0.509050853774233,0.0321786294683,60.33159123791796,5702.235643648436,5641.9040524105185,2.005936197308126,207.33615158046408
1387,55.48,209.553201127085,8.40325274194394,-218.361009626443,-13.6640823421915,433.175040353776,0,0,0,0,-17.756385772011,-13.0244427355919,-4.06425639605762e-05,0.0001306574244755,0.145269933427643,0.509049678742282,0.0321298472341,60.33222867304271,5702.233043404745,5641.900814731703,2.0028154448384035,207.3360325979611
1388,55.52,209.553130335586,8.40321924461389,-218.354256275051,-13.664114890212,433.168282256234,0,0,0,0,-17.7564284172633,-13.0183103967689,-4.06423245832343e-05,0.0001306570230272,0.122347847476731,0.509048460082615,0.0320812011584,60.33353083327184,5702.23111706994,5641.897586236669,1.9997257430842388,207.33591395295588
1389,55.56,209.553068618129,8.40320277085176,-218.347488729985,-13.6641490766404,433.161503653903,0,0,0,0,-17.7564731910581,-13.0121626770043,-4.06420958440607e-05,0.0001306566060777,0.0994253278028385,0.509047246729024,0.03203269228,60.335070742710734,5702.229437652395,5641.894366909684,1.996652923481117,207.33579564487027
1390,55.6,209.552987961943,8.40317437367173,-218.34070752819,-13.6641839749804,433.154705091442,0,0,0,0,-17.7565188913903,-13.0059857818035,-4.06418869456323e-05,0.0001306561643275,0.0765039006288344,0.509046106991123,0.0319843220424,60.336086081280854,5702.227242885784,5641.891156804503,1.993571852135005,207.3356776756797
1391,55.64,209.552847706384,8.40309203738778,-218.333913214514,-13.6642182385894,433.147887122101,0,0,0,0,-17.7565637715586,-12.9997599920382,-4.06416911279069e-05,0.0001306557045257,0.053585090694008,0.509045123165732,0.0319360923317,60.33547015490869,5702.2234263376295,5641.887956182721,1.9904462200071247,207.3355600549976
1392,55.68,209.552601235598,8.40290758917068,-218.32710634085,-13.6642503201001,433.141050307378,0,0,0,0,-17.756605824769,-12.9934628119957,-4.06414760631603e-05,0.0001306552589855,0.0306704215069879,0.509044377415551,0.0318880054299,60.33195393444385,5702.216719525934,5641.884765591491,1.9872346231102471,207.33544280293148
1393,55.72,209.552211287747,8.40258251793369,-218.320287463186,-13.6642789820408,433.13419521504,0,0,0,0,-17.7566434462859,-12.9870764448466,-4.06412085233373e-05,0.0001306548607805,0.0077614156847802,0.509043931261103,0.0318400638585,60.324522821558695,5702.2061085044415,5641.881585682883,1.9839042984229076,207.33532594344453
1394,55.76,209.551667606061,8.40210621755146,-218.313457138323,-13.6643038898227,433.127322416655,0,0,0,0,-17.7566762023012,-12.9805965470034,-4.06408996444527e-05,0.0001306544985348,-0.015140404953801,0.509043806423648,0.0317922702208,60.312897373525686,5702.191314172222,5641.878416798696,1.9804468319373878,207.33520948909754
1395,55.8,209.550993913106,8.40150319238683,-218.306615922508,-13.6643258431622,433.120432486389,0,0,0,0,-17.7567051298736,-12.9740354426087,-4.0640603168749e-05,0.0001306541183825,-0.0380335195382629,0.509043975966198,0.0317446271547,60.297723272927925,5702.172982053178,5641.87525878025,1.976884195283673,207.3350934340592
1396,55.84,209.550236992686,8.40082176495769,-218.29976437217,-13.6643464013456,433.113526001244,0,0,0,0,-17.756732250975,-12.9674163895807,-4.06403494901369e-05,0.0001306536899552,-0.0609164082881226,0.509044370434208,0.0316971373727,60.2802739010929,5702.152385199458,5641.872111298365,1.9732587772410188,207.3349777662323
1397,55.88,209.549446201595,8.40011289804024,-218.29290304469,-13.6643671928815,433.106603541126,0,0,0,0,-17.7567596775008,-12.9607637128693,-4.06401230773121e-05,0.0001306532288566,-0.0837875524892921,0.509044896991356,0.0316498036614,60.26189237094548,5702.130866677836,5641.868974306891,1.9696149895114305,207.33486248392092
1398,55.92,209.548658615723,8.3994148523317,-218.286032497632,-13.6643894266127,433.099665687636,0,0,0,0,-17.7567889774729,-12.9540961297694,-4.06399036456467e-05,0.0001306527554246,-0.106645434396318,0.509045463870203,0.0316026287835,60.243587260385006,5702.109435374665,5641.86584811428,1.9659860521768198,207.33474759846044
1399,55.96,209.547895895237,8.39874995922239,-218.279153287286,-13.6644137991258,433.092713022427,0,0,0,0,-17.7568210548669,-12.9474254550831,-4.06396793413041e-05,0.000130652281529,-0.129488537365858,0.509046000184881,0.0315556153687,60.225947551017384,5702.088680693109,5641.862733142092,1.9623913012402237,207.3346331253429
1400,56.0,209.547167948495,8.39812841194022,-218.272265968453,-13.6644406218209,433.085746126829,0,0,0,0,-17.7568563141641,-12.9407580933394,-4.0639443234145e-05,0.0001306518141004,-0.152315346211948,0.509046463956638,0.0315087659167,60.209242494105084,5702.068872253326,5641.859629759221,1.9588395444428075,207.3345190781249
1401,56.04,209.546477434865,8.39755291595869,-218.265371095619,-13.6644699683008,433.078765582826,0,0,0,0,-17.756894851339,-12.9340968098363,-4.06391984814965e-05,0.0001306513499874,-0.175124347505024,0.509046837976018,0.0314620828949,60.19354412102972,5702.050082420402,5641.856538299372,1.955333127828543,207.33440546906988
1402,56.08,209.545823131989,8.39702216567146,-218.25846922348,-13.6645017837942,433.071771973592,0,0,0,0,-17.756936595725,-12.9274421635781,-4.06389507886068e-05,0.0001306508834684,-0.197914029557119,0.509047119377005,0.0314155687839,60.17881882580735,5702.032277932282,5641.853459106475,1.9518709585103866,207.33429231081706
1403,56.12,209.545202095919,8.39653307745465,-218.251560905319,-13.6645359583754,433.064765882159,0,0,0,0,-17.7569814049976,-12.920793600504,-4.06387032626558e-05,0.0001306504114081,-0.220682882129445,0.50904731051744,0.0313692259726,60.164986170431526,5702.015378680061,5641.850392509629,1.9484504286100999,207.33417961546056
1404,56.16,209.544610854702,8.39608202628795,-218.244646690325,-13.6645723703915,433.057747889131,0,0,0,0,-17.757029121554,-12.9141501798412,-4.06384567559944e-05,0.0001306499329703,-0.243429396268039,0.509047415392311,0.0313230565882,60.15195141688926,5701.999290187086,5641.847338770197,1.945068467806919,207.3340673926053
1405,56.2,209.544046071669,8.39566553206849,-218.237727122423,-13.6646109096018,433.050718571626,0,0,0,0,-17.7570796025694,-12.9075110095484,-4.0638210708383e-05,0.0001306494488237,-0.266152064445907,0.509047440261877,0.0312770624306,60.13962359607636,5701.9839216579685,5641.844298061892,1.9417221259226245,207.33395564863517
1406,56.24,209.543504912399,8.39528063364813,-218.230802741468,-13.6646514839981,433.043678504217,0,0,0,0,-17.7571327288435,-12.9008754321814,-4.06379644610269e-05,0.0001306489598238,-0.288849380885125,0.509047394160664,0.0312312450608,60.12792545323078,5701.969195964185,5641.841270510954,1.9384088981536358,207.33384438818933
1407,56.28,209.542985049997,8.39492488607963,-218.223874085012,-13.6646940113774,433.036628260307,0,0,0,0,-17.7571883938214,-12.8942429361529,-4.06377121618216e-05,0.000130648472032,-0.311519841789911,0.509047286950449,0.0311856059185,60.11679352941758,5701.955049787697,5641.838256258279,1.9351267317509884,207.33373361644567
1408,56.32,209.542484413211,8.39459609692568,-218.216941688385,-13.6647384074143,433.029568412085,0,0,0,0,-17.7572464880769,-12.8876129489114,-4.06374515135057e-05,0.0001306479878756,-0.334161945373484,0.509047126637446,0.0311401463287,60.10617129164517,5701.941426766869,5641.835255475224,1.9318738021678257,207.33362333970138
1409,56.36,209.542001131214,8.39429227354895,-218.210006083246,-13.6647845884058,433.022499529317,0,0,0,0,-17.7573069028976,-12.880984873728,-4.0637200152894e-05,0.0001306474897809,-0.356774191934788,0.509046918691305,0.0310948674149,60.096007669580146,5701.928275993901,5641.8322683243205,1.9286484587656783,207.33351356392947
1410,56.4,209.541533894161,8.39401200285388,-218.203067796672,-13.6648324908085,433.015422178787,0,0,0,0,-17.7573695557269,-12.8743584798506,-4.06369658307164e-05,0.000130646970112,-0.379355084092909,0.509046667363484,0.031049770058,60.0862669136599,5701.915561826098,5641.829294912439,1.9254495366851085,207.33340429305727
1411,56.44,209.541082134812,8.39375464277101,-218.1961273519,-13.6648820812694,433.00833692521,0,0,0,0,-17.7574344032503,-12.8677340713833,-4.06367129385947e-05,0.0001306464647325,-0.401903127079216,0.509046376571789,0.0310048549662,60.07693352303452,5701.903268828074,5641.82633530504,1.922276515256174,207.33329552949047
1412,56.48,209.540645519306,8.39351979597675,-218.189185269383,-13.6649333395172,433.001244332229,0,0,0,0,-17.7575014191798,-12.8611120203259,-4.06364277878714e-05,0.000130645987672,-0.424416828833792,0.509046048873299,0.0309601227595,60.06799832173856,5701.891387915006,5641.823389593267,1.9191290736706341,207.3331872765785
1413,56.52,209.54022318949,8.39330652721196,-218.18224206616,-13.6649862332305,432.994144961669,0,0,0,0,-17.7575705615791,-12.8544921914531,-4.06361677282328e-05,0.0001306454818222,-0.4468946998146,0.509045683879926,0.0309155739313,60.059437837411465,5701.879895735364,5641.820457897952,1.9160064291479812,207.3330795387619
1414,56.56,209.539813245431,8.39311282873553,-218.175298253647,-13.6650407009621,432.987039371305,0,0,0,0,-17.7576417506588,-12.8478736480312,-4.06359579399578e-05,0.0001306449219784,-0.469335252830483,0.509045278562433,0.0308712086961,60.05120026842343,5701.868740589336,5641.8175403209125,1.912906883556268,207.33297231978233
1415,56.6,209.539413053892,8.39293593575626,-218.168354335952,-13.6650966591259,432.979928113214,0,0,0,0,-17.7577148778481,-12.8412548812467,-4.06357326692536e-05,0.0001306443736463,-0.491737003053829,0.509044830086342,0.0308270268679,60.04321388647575,5701.857850822894,5641.8146369364185,1.9098280895428619,207.33286562236918
1416,56.64,209.539021173381,8.39277431082721,-218.161410810109,-13.6651540613008,432.972811733964,0,0,0,0,-17.7577898828454,-12.8346352072821,-4.06354469762273e-05,0.0001306438814891,-0.514098468164394,0.509044339377907,0.0307830278716,60.035439435532375,5701.847187211044,5641.811747775511,1.9067687200827494,207.33275944766325
1417,56.68,209.538639459797,8.39262981793872,-218.154468167173,-13.6652129665047,432.965690775537,0,0,0,0,-17.7578668423408,-12.8280164302657,-4.0635143266537e-05,0.0001306434029376,-0.53641816842821,0.509043813083151,0.0307392108214,60.027927495669104,5701.836800255368,5641.808872759699,1.903730285040015,207.33265379277992
1418,56.72,209.538271905847,8.39250652555975,-218.147526892239,-13.6652735026135,432.95856577514,0,0,0,0,-17.7579459224949,-12.8214020996742,-4.06348754149227e-05,0.0001306428841154,-0.558694626639529,0.509043263041488,0.030695574533,60.02078691113019,5701.826798602959,5641.806011691829,1.9007161112178697,207.33254865047405
1419,56.76,209.537919795614,8.39240570438145,-218.140587463239,-13.6653357094294,432.951437263901,0,0,0,0,-17.7580271750144,-12.8147938926317,-4.06346433125659e-05,0.0001306423252564,-0.580926368185635,0.509042704008186,0.0306521174502,60.01405284430226,5701.817217195494,5641.803164351191,1.897727151997524,207.33244401263468
1420,56.8,209.537577641853,8.39232163325172,-218.1336503504,-13.6653994073735,432.944305766375,0,0,0,0,-17.7581103665046,-12.8081885049997,-4.06344152450685e-05,0.0001306417582457,-0.603111921350697,0.509042150774875,0.0306088376106,60.00757613985661,5701.807906717432,5641.800330577576,1.8947585089833605,207.33233987337417
1421,56.84,209.537234333854,8.39224278433738,-218.12671601771,-13.6654642348943,432.93717180212,0,0,0,0,-17.758195027078,-12.8015784311812,-4.0634167198683e-05,0.0001306412072908,-0.625249817754592,0.50904161532775,0.0305657327416,60.00105455636077,5701.798564830954,5641.797510274593,1.8918004652037361,207.33223622915028
1422,56.88,209.536879291208,8.39215817455371,-218.119784925138,-13.6655298461688,432.930035887961,0,0,0,0,-17.7582807072859,-12.7949564732097,-4.06338894299877e-05,0.0001306406823774,-0.64733859260488,0.5090411043399,0.0305228004131,59.994200272255675,5701.788903628468,5641.794703356212,1.8888438032724142,207.33213307680145
1423,56.92,209.536509375912,8.39206449963284,-218.112857529191,-13.6655961330492,432.92289853852,0,0,0,0,-17.7583672665461,-12.7883208569968,-4.06335907863124e-05,0.000130640174923,-0.669376784590436,0.509040617605543,0.030480038086,59.98692806740462,5701.778837720561,5641.791909653156,1.885885720750968,207.33203041010685
1424,56.96,209.536131613889,8.39196894443986,-218.105934281268,-13.6656633138956,432.915760264613,0,0,0,0,-17.7584549885771,-12.7816773163564,-4.06333040583078e-05,0.0001306396523318,-0.691362935733925,0.509040148257595,0.0304374430151,59.979429458757906,5701.768558292337,5641.789128833579,1.8829321048725132,207.33192821687138
1425,57.0,209.535759739611,8.39188561805936,-218.099015626029,-13.6657318241734,432.908621571754,0,0,0,0,-17.7585444392381,-12.7750365903347,-4.06330535314807e-05,0.0001306390903556,-0.71329559150085,0.509039684897806,0.0303950121463,59.97207863956918,5701.758439077815,5641.7863604382455,1.8799945148009154,207.33182648021844
1426,57.04,209.535407386773,8.39182852477606,-218.092102002085,-13.6658020968359,432.901482960918,0,0,0,0,-17.7586361811421,-12.7684093318605,-4.06328150920489e-05,0.0001306385129306,-0.735173301200888,0.509039214633782,0.0303527421581,59.96524704929712,5701.748851068732,5641.783604019434,1.8770843390874101,207.33172518369457
1427,57.08,209.53508298742,8.39180629696523,-218.085193844533,-13.6658743959752,432.894344930963,0,0,0,0,-17.7587305574514,-12.7618022209275,-4.06325445315099e-05,0.0001306379639166,-0.756994618384478,0.509038725791028,0.0303106296229,59.95916446231292,5701.7400237127185,5641.780859250405,1.8742084651386361,207.33162431529232
1428,57.12,209.534788737483,8.39182112837164,-218.078291586722,-13.6659487843348,432.887207980168,0,0,0,0,-17.7588276496169,-12.7552172122676,-4.06322444250784e-05,0.000130637440429,-0.778758100931464,0.509038209805988,0.0302686711237,59.953890874202656,5701.732016764103,5641.7781258899,1.8713684413602432,207.3315238661456
1429,57.16,209.534521666215,8.39186988376054,-218.071395659801,-13.666025163421,432.880072605676,0,0,0,0,-17.7589273295114,-12.7486525141735,-4.0631954902679e-05,0.0001306369023049,-0.800462310998335,0.509037662297302,0.0302268632309,59.9493457199046,5701.72474938474,5641.775403664836,1.8685614244735955,207.33142382621875
1430,57.2,209.53427400636,8.39194448679017,-218.0645064916,-13.6661032913011,432.872939302471,0,0,0,0,-17.7590292826263,-12.7421030559725,-4.06316880859989e-05,0.000130636337658,-0.822105815103735,0.509037083133115,0.0301852024303,59.94531799828883,5701.718010216829,5641.772692218539,1.8657805212515426,207.33132418240436
1431,57.24,209.534032753376,8.39203146505772,-218.057624507276,-13.6661827685236,432.865808564118,0,0,0,0,-17.759132989853,-12.7355602620095,-4.06314299395635e-05,0.0001306357608024,-0.843687184468539,0.509036475248315,0.0301436851583,59.94145422474355,5701.711445388758,5641.769991164015,1.8630144449554225,207.3312249204805
1432,57.28,209.533780346048,8.3921126457417,-218.050750131873,-13.666263053017,432.858680885196,0,0,0,0,-17.7592377469015,-12.729012573619,-4.06311758577576e-05,0.0001306351765019,-0.865204995415897,0.509035842556386,0.0301023079576,59.937276857897395,5701.704577035525,5641.7673001776275,1.8602481281474013,207.3311260285539
1433,57.32,209.533497956074,8.39216854166141,-218.043883792339,-13.6663435562815,432.851556763034,0,0,0,0,-17.7593427892932,-12.7224477582108,-4.06309147536284e-05,0.0001306345958767,-0.886657829488578,0.509035187995688,0.030061067604,59.932273762474466,5701.696892812941,5641.7646190504665,1.8574655301078522,207.33102749894718
1434,57.36,209.533171236317,8.39218427842766,-218.03702591706,-13.666423822152,432.844436697102,0,0,0,0,-17.7594475245343,-12.7158567890086,-4.06306261897867e-05,0.0001306340393322,-0.908044273338217,0.50903451265042,0.0300199610788,59.92605468205109,5701.688002315519,5641.761947633468,1.854654484603637,207.33092932618234
1435,57.4,209.532796359133,8.39215582719889,-218.030176933752,-13.6665037214908,432.837321187177,0,0,0,0,-17.7595517849039,-12.7092378310219,-4.06303167869644e-05,0.0001306335001998,-0.929362918620671,0.509033816009801,0.029978985439,59.918515695780535,5701.677801387763,5641.759285691983,1.8518117469684334,207.3308315016362
1436,57.44,209.532382410288,8.39209247975273,-218.023337268262,-13.6665835338223,432.830210732619,0,0,0,0,-17.7596559334223,-12.7025977808147,-4.06300147731499e-05,0.0001306329502158,-0.950612362067727,0.509033096670446,0.0299381377452,59.909904453467675,5701.666537265957,5641.756632812489,1.8489449401306068,207.33073401011214
1437,57.48,209.531947584259,8.39201292476179,-218.016507345275,-13.6666638285612,432.823105833334,0,0,0,0,-17.759760709646,-12.6959496682339,-4.06297314851431e-05,0.0001306323780306,-0.971791205708837,0.509032352834277,0.0298974151147,59.90071653542321,5701.654705047039,5641.753988511616,1.8460692877540021,207.3306368338465
1438,57.52,209.531511731173,8.39193755745411,-218.009687589487,-13.6667452274884,432.816006990694,0,0,0,0,-17.759866921284,-12.6893077066982,-4.06294609644848e-05,0.0001306317896292,-0.992898056950839,0.509031582631494,0.0298568148023,59.891492461580576,5701.642844880477,5641.751352418897,1.8432013190860654,207.33053995922504
1439,57.56,209.531090491504,8.39188242933408,-218.002878425499,-13.6668282192233,432.808914706892,0,0,0,0,-17.7599752032493,-12.6826834647406,-4.06291939698576e-05,0.0001306311943194,-1.01393152854444,0.509030784733732,0.0298163341904,59.88265806241883,5701.631382365245,5641.748724302826,1.8403539535048552,207.33044337773998
1440,57.6,209.53069310147,8.39185698611914,-217.996080276865,-13.6669130914034,432.80182948362,0,0,0,0,-17.7600859294383,-12.6760843409334,-4.06289116127109e-05,0.0001306306110539,-1.03489023865506,0.509029959409575,0.0297759707129,59.874464868581605,5701.620568831638,5641.746103963056,1.8375346915365764,207.33034708202868
1441,57.64,209.530322313297,8.39186398576798,-217.989293566188,-13.6669999284839,432.7947518222,0,0,0,0,-17.7601992097128,-12.6695132574695,-4.06286090926898e-05,0.0001306300446228,-1.05577281109552,0.509029109602268,0.0297357218401,59.86698800494162,5701.610479171538,5641.743491166596,1.8347455871462799,207.33025106352892
1442,57.68,209.529974937817,8.39190005684986,-217.982518716931,-13.6670886277432,432.787682225642,0,0,0,0,-17.7603149106172,-12.6629687427181,-4.06283190947271e-05,0.0001306294622297,-1.07657787567714,0.50902824135336,0.0296955851862,59.86014091774574,5701.6010266032645,5641.740885685519,1.8319837431863795,207.33015531386454
1443,57.72,209.529643087502,8.39195697913819,-217.975756155317,-13.6671789369177,432.780621200599,0,0,0,0,-17.7604327042928,-12.6564456490089,-4.0628057265853e-05,0.0001306288480981,-1.09730406838945,0.509027363025927,0.0296555586406,59.85370912627149,5701.591996496249,5641.738287369977,1.829242385688207,207.33005982752871
1444,57.76,209.529316861084,8.39202445166481,-217.969006310353,-13.6672705374672,432.77356925724,0,0,0,0,-17.7605521767305,-12.6499371282197,-4.06277857626577e-05,0.0001306282400187,-1.11795003134846,0.509026483310223,0.0296156403893,59.8474232569775,5701.583119423265,5641.735696166287,1.826513121167716,207.3299646025486
1445,57.8,209.528988662036,8.39209454808523,-217.962269612246,-13.6673631813876,432.766526907584,0,0,0,0,-17.7606730055999,-12.6434380096048,-4.06274733527473e-05,0.0001306276692321,-1.13851441274136,0.509025608690001,0.0295758288239,59.84107663986104,5701.574188672285,5641.733112032424,1.8237895261753962,207.3298696373799
1446,57.84,209.528657270055,8.39216591925745,-217.955546491393,-13.6674568225493,432.75949466474,0,0,0,0,-17.7607951309329,-12.6369480309323,-4.06271457715516e-05,0.0001306271099504,-1.15899586691835,0.509024741269708,0.0295361224765,59.83463622778725,5701.565171037173,5641.730534809386,1.821070505448002,207.32977492617928
1447,57.88,209.528328198237,8.39224416247542,-217.94883737931,-13.6675516291248,432.752473044196,0,0,0,0,-17.7609187712531,-12.6304720597665,-4.06268512165768e-05,0.0001306265137778,-1.17939305468081,0.509023877592994,0.0294965200717,59.828252310393715,5701.556216536912,5641.727964226518,1.8183605536980005,207.32968045900046
1448,57.92,209.528009467604,8.39233746066079,-217.942142710311,-13.6676478483093,432.745462565564,0,0,0,0,-17.7610442477661,-12.6240166756774,-4.06265920998059e-05,0.0001306258779689,-1.19970464348877,0.509023008941071,0.0294570206365,59.822143368279704,5701.547543434627,5641.725400066348,1.8156662293047017,207.32958622785137
1449,57.96,209.527706629352,8.3924514469024,-217.93546292178,-13.6677456482731,432.738463752504,0,0,0,0,-17.7611717789827,-12.6175863052949,-4.06263194595389e-05,0.0001306252510834,-1.21992930745029,0.509022123473466,0.0294176235245,59.816460494067634,5701.539302786056,5641.722842291989,1.812992032446024,207.32949223137655
1450,58.0,209.52742142226,8.39258782240489,-217.928798452698,-13.6678450782955,432.731477130849,0,0,0,0,-17.7613014289161,-12.6111823645982,-4.06260082858035e-05,0.0001306246577707,-1.24006572723924,0.509021209767827,0.0293783283255,59.81125092345922,5701.531541905786,5641.720290982327,1.8103393098124803,207.329398472475
1451,58.04,209.527154019721,8.39274667706328,-217.922149742438,-13.6679461421974,432.724503227293,0,0,0,0,-17.7614332024923,-12.6048051832487,-4.06256908074068e-05,0.0001306240656575,-1.26011259009272,0.509020260055511,0.0293391347765,59.80651934219917,5701.52426551208,5641.717746169881,1.807708123774118,207.3293049523417
1452,58.08,209.526905208263,8.3929287335107,-217.915517231583,-13.6680488640046,432.717542570339,0,0,0,0,-17.7615671308462,-12.5984556174038,-4.06253930851604e-05,0.000130623448845,-1.28006859002659,0.509019271152984,0.0293000427928,59.802287202126145,5701.517495007455,5641.715207805329,1.805099053646703,207.3292116691641
1453,58.12,209.526676396685,8.39313534939455,-217.908901364028,-13.6681532811098,432.710595692429,0,0,0,0,-17.761703262405,-12.5921347974018,-4.06251019260375e-05,0.0001306228207721,-1.29993242807832,0.509018242714974,0.0292610525894,59.79859285627382,5701.511268727285,5641.712675871011,1.8025132039947251,207.3291186222933
1454,58.16,209.526468734189,8.39336760479783,-217.902302588008,-13.6682594133421,432.703663130741,0,0,0,0,-17.7618416226856,-12.5858433225989,-4.06248057064337e-05,0.0001306221930111,-1.31970281244327,0.509017174794862,0.0292221647537,59.79546748520371,5701.505617942948,5641.710150457745,1.7999514811067006,207.3290258150667
1455,58.2,209.526282828677,8.3936260164074,-217.895721354979,-13.6683672585919,432.696745425841,0,0,0,0,-17.7619822086286,-12.5795811555608,-4.06245073751648e-05,0.0001306215622012,-1.33937845853201,0.509016067389187,0.0291833801889,59.79292747976198,5701.500559196303,5641.707631716541,1.7974143619304248,207.32893325303388
1456,58.24,209.526118651275,8.39391044698514,-217.889158117726,-13.6684767978478,432.689843119864,0,0,0,0,-17.7621249951954,-12.5733477841764,-4.06242059866597e-05,0.0001306209288905,-1.35895808891081,0.509014922884053,0.0291446999979,59.79097192283557,5701.496091701643,5641.705119778808,1.794901814173683,207.328840941024
1457,58.28,209.525974589215,8.39421913375447,-217.8826133296,-13.6685879710526,432.682956756113,0,0,0,0,-17.7622699040831,-12.567141778075,-4.06239005365792e-05,0.0001306202940317,-1.37844043327221,0.509013749885849,0.0291061254248,59.789556836427536,5701.492171573321,5641.702614736893,1.792412524114116,207.3287488824308
1458,58.32,209.525845464486,8.39454664608331,-217.876087444971,-13.6687006163731,432.676086879747,0,0,0,0,-17.7624167249311,-12.5609596624151,-4.06235953673731e-05,0.0001306196534849,-1.39782422839275,0.509012566071944,0.0290676578754,59.78854123432162,5701.488657910478,5641.7001166761565,1.789942291617967,207.32865708039114
1459,58.36,209.525719976884,8.39488124814577,-217.869580919286,-13.6688143895861,432.66923403761,0,0,0,0,-17.7625650107284,-12.554794509852,-4.06232981936012e-05,0.0001306189997202,-1.41710821805889,0.509011398772679,0.0290292989255,59.787617511240256,5701.485243218902,5641.697625707661,1.7874819691846546,207.32856553898654
1460,58.4,209.525578635567,8.39520276578277,-217.863094207701,-13.668928698933,432.662398776419,0,0,0,0,-17.762713993324,-12.5486348561977,-4.06230173083876e-05,0.0001306183245299,-1.43629115310168,0.509010283239432,0.0289910502497,59.786255129363596,5701.481397125767,5641.695141996403,1.7850158097332498,207.32847426428052
1461,58.44,209.52539452937,8.39548337964354,-217.856627763278,-13.6690427277695,432.655581640774,0,0,0,0,-17.7628626128751,-12.5424652202031,-4.06227459765246e-05,0.0001306176346959,-1.45537179138632,0.509009258509148,0.0289529135165,59.783721553994944,5701.476387340976,5641.692665786981,1.7825221288862227,207.32838326526186
1462,58.48,209.525139450358,8.39569393388491,-217.850182036308,-13.6691556201064,432.648783172887,0,0,0,0,-17.7630097586336,-12.5362696316314,-4.06224557991309e-05,0.0001306169586393,-1.47434889781431,0.509008360427372,0.0289148903493,59.779248890563686,5701.4694462875195,5641.690197396956,1.7799783043279378,207.32829255360076
1463,58.52,209.524794835374,8.39581520928127,-217.8437574749,-13.6692668128356,432.642003913829,0,0,0,0,-17.7631546999986,-12.53003790176,-4.06221264159304e-05,0.0001306163167147,-1.49322124437128,0.509007612619014,0.0288769823757,59.77233171988167,5701.460068836169,5641.687737116287,1.7773696414404987,207.328202139953
1464,58.56,209.524361610553,8.39584806653055,-217.837354525406,-13.669376334865,432.635244404294,0,0,0,0,-17.7632974745485,-12.5237711833238,-4.06217785547277e-05,0.0001306156882,-1.51198761014992,0.509007018551743,0.02883919128,59.762995146556406,5701.44828018834,5641.685285041784,1.7746972829029874,207.32811202787624
1465,58.6,209.523860905787,8.3958141798271,-217.830973631731,-13.6694848259392,432.62850518363,0,0,0,0,-17.7634389123562,-12.517482150175,-4.06214507072336e-05,0.0001306150346381,-1.53064678154756,0.509006558848709,0.0288015187824,59.75181426658895,5701.434655317679,5641.682841051091,1.7719786780597893,207.32802221287406
1466,58.64,209.523324012177,8.39574568502932,-217.824615234322,-13.6695932267592,432.621786788228,0,0,0,0,-17.76358023397,-12.5111892029349,-4.0621149993518e-05,0.0001306143489608,-1.54919755244916,0.509006196149473,0.0287639665695,59.73964071051024,5701.420045698417,5641.6804049879065,1.7692393703739369,207.32793268920247
1467,58.68,209.522779376143,8.39567177803475,-217.818279770253,-13.6697023828851,432.615089751247,0,0,0,0,-17.7637225366372,-12.504909288686,-4.06208586239466e-05,0.00013061364902,-1.56763872430343,0.509005885886651,0.028726536265,59.727248532955116,5701.405225397067,5641.677976864112,1.766502468205727,207.32784345729803
1468,58.72,209.522245651286,8.39561155993998,-217.811967674471,-13.6698128380729,432.60841460389,0,0,0,0,-17.7638665261946,-12.4986540926801,-4.06205653245376e-05,0.0001306129461778,-1.58596910621991,0.509005587928319,0.0286892294752,59.7151451225754,5701.390702003965,5641.67555688139,1.763783079066242,207.32775452457253
1469,58.76,209.521732198825,8.39557455760335,-217.805679380651,-13.6699248544897,432.601761876362,0,0,0,0,-17.7640125431795,-12.492430201622,-4.06202655429265e-05,0.0001306122451107,-1.6041875149563,0.509005273876042,0.0286520478376,59.703584937230886,5701.376730250856,5641.673145313625,1.761088771422821,207.327665901091
1470,58.8,209.521242456541,8.39556419608944,-217.799415320364,-13.6700385160703,432.595132096886,0,0,0,0,-17.7641606968228,-12.4862407980252,-4.06199589624831e-05,0.0001306115462369,-1.6222927749746,0.509004928197169,0.0286149929912,59.69266125725022,5701.363403684525,5641.6707424272745,1.7584223260374212,207.32757759664554
1471,58.84,209.520776872418,8.39558082171417,-217.793175921079,-13.6701538176937,432.588525789477,0,0,0,0,-17.7643109807343,-12.4800872464019,-4.06196534461596e-05,0.0001306108416117,-1.64028371852984,0.509004545249384,0.0285780664787,59.68238604505987,5701.3507344952395,5641.66834845018,1.7557841110510193,207.32748961960922
1472,58.88,209.520334849595,8.39562370863847,-217.786961604832,-13.6702707268701,432.581943472659,0,0,0,0,-17.764463352974,-12.4739702566556,-4.06193526589547e-05,0.0001306101272382,-1.65815918562737,0.509004125429622,0.0285412696737,59.6727428998103,5701.338706441582,5641.665963541772,1.7531736491788923,207.32740197584098
1473,58.92,209.519915591556,8.3956919312224,-217.780772788613,-13.6703892112316,432.575385660179,0,0,0,0,-17.7646177717353,-12.4678903226316,-4.06190438396834e-05,0.0001306094155359,-1.67591802403532,0.509003672354142,0.0285046037965,59.663710039795134,5701.32729784925,5641.663587809455,1.7505902985847752,207.32731466928786
1474,58.96,209.519518090212,8.3957843501405,-217.774609885598,-13.6705092367646,432.568852862433,0,0,0,0,-17.7647741930255,-12.4618475908422,-4.06187201503855e-05,0.0001306087133181,-1.69355908931935,0.509003191392711,0.028468069982,59.655259931917946,5701.316481286742,5641.661221354824,1.7480332473527413,207.32722770368346
1475,59.0,209.519140805978,8.39589927907618,-217.768473305645,-13.6706307542141,432.562345586761,0,0,0,0,-17.7649325529851,-12.4558416027193,-4.06184074500696e-05,0.0001306079949618,-1.71108124502716,0.50900268900274,0.028431669315,59.64735056375254,5701.306214859818,5641.658864296066,1.745501261397459,207.32714108337098
1476,59.04,209.518781516866,8.3960343255837,-217.762363454677,-13.6707536904107,432.55586433637,0,0,0,0,-17.7650927566108,-12.449871210013,-4.06181229721539e-05,0.0001306072433898,-1.72848336296835,0.509002171907497,0.0283954028019,59.6399213342955,5701.296438105106,5641.65651677081,1.7429925653343354,207.32705481340827
1477,59.08,209.518437838782,8.39618692566952,-217.756280733928,-13.670877962333,432.549409609374,0,0,0,0,-17.7652546960348,-12.4439349993827,-4.0617830643224e-05,0.0001306064946799,-1.74576432328442,0.509001645411086,0.0283592713264,59.63290722627359,5701.287086148103,5641.65417892183,1.740505256835557,207.3269688990421
1478,59.12,209.518108458516,8.39635561523413,-217.750225539959,-13.6710035157591,432.542981899001,0,0,0,0,-17.7654183007664,-12.438032282139,-4.0617499187479e-05,0.0001306057802247,-1.76292301438335,0.50900111123896,0.0283232756419,59.62627238208032,5701.278123254544,5641.651850872464,1.7380382856163576,207.32688334480514
1479,59.16,209.517793927518,8.39654085081254,-217.744198265062,-13.6711303525717,432.536581694339,0,0,0,0,-17.765583573198,-12.4321638343551,-4.06171580405476e-05,0.000130605070974,-1.77995833281825,0.509000566342216,0.0282874163887,59.62003174643961,5701.269564430148,5641.6495326837085,1.7355920789368666,207.32679815293892
1480,59.2,209.517495167172,8.39674347177928,-217.738199297,-13.6712584877788,432.530209480171,0,0,0,0,-17.7657505327739,-12.4263308178,-4.06168452937838e-05,0.0001306043293641,-1.79686918332699,0.509000003867611,0.0282516940875,59.61421038575522,5701.261434747052,5641.647224361296,1.7331673488277468,207.32671332365416
1481,59.24,209.517209937042,8.39696106279091,-217.732229017843,-13.6713878435228,432.523865735617,0,0,0,0,-17.7659190782673,-12.4205319672342,-4.06165558041303e-05,0.0001306035609654,-1.81365447904147,0.508999415972355,0.0282161090882,59.608747311932525,5701.253673239886,5641.644925927953,1.730762294470973,207.32662885778598
1482,59.28,209.516930564381,8.39718561622189,-217.726287802769,-13.6715181818595,432.517550932788,0,0,0,0,-17.7660889004421,-12.4147617584322,-4.06162660136975e-05,0.0001306027895001,-1.8303131415636,0.508998796691479,0.028180661513,59.60343365175755,5701.246071122569,5641.642637470812,1.7283708218522982,207.32654475853641
1483,59.32,209.516645851819,8.39740549790625,-217.720376019754,-13.6716491629197,432.511265536586,0,0,0,0,-17.766259557649,-12.4090119084104,-4.06159635394972e-05,0.0001306020272796,-1.84684410087336,0.508998143123151,0.0281453512379,59.597964585614086,5701.238323699145,5641.640359113531,1.7259840743290464,207.32646103044993
1484,59.36,209.516346605787,8.39761113984421,-217.714494029928,-13.671780509444,432.505010005314,0,0,0,0,-17.7664306896342,-12.4032757037042,-4.06156441179658e-05,0.000130601278424,-1.86324629516122,0.508997454816673,0.028110177907,59.59208986336396,5701.23018079986,5641.638090936496,1.7235948045032596,207.32637767648058
1485,59.4,209.516031100489,8.39780066511622,-217.708642187725,-13.6719121677644,432.498784790862,0,0,0,0,-17.7666022266963,-12.3975522201945,-4.06153099438318e-05,0.000130600540652,-1.879518670834,0.508996732667866,0.0280751409419,59.585762560947984,5701.221595463411,5641.635832902463,1.7212016612584669,207.32629469525966
1486,59.44,209.515706485838,8.39798133587615,-217.702820840498,-13.672044347599,432.492590338058,0,0,0,0,-17.7667744413612,-12.391847378347,-4.06149759987946e-05,0.0001305997989783,-1.89566018278408,0.508995978413554,0.028040239527,59.579177412999684,5701.2127622488415,5641.633584835842,1.718810256783822,207.3262120803344
1487,59.48,209.515384978909,8.39816562943913,-217.697030328305,-13.6721774063175,432.486427084092,0,0,0,0,-17.766947797988,-12.3861709828129,-4.06146635170468e-05,0.0001305990322239,-1.91166979466477,0.508995194689512,0.0280054726018,59.572667110194665,5701.204013599695,5641.6313464895,1.7164301336515921,207.3261298226228
1488,59.52,209.515077714058,8.39836490359201,-217.691270984607,-13.6723116639772,432.48029545905,0,0,0,0,-17.7671227124339,-12.3805319445821,-4.06143758782523e-05,0.000130598237103,-1.92754647902052,0.508994385114666,0.0279708388934,59.56653483267659,5701.19565249723,5641.629117664554,1.7140699229085952,207.326047914816
1489,59.56,209.514790842418,8.39858538070317,-217.685543137534,-13.6724472880643,432.474195887313,0,0,0,0,-17.7672994022872,-12.3749352393221,-4.06140841507998e-05,0.0001305974426563,-1.94328921729303,0.508993554130131,0.0279363369812,59.56094805733044,5701.187846322301,5641.626898264971,1.7117343021360856,207.32596635338496
1490,59.6,209.514525968805,8.39882860113047,-217.679847110739,-13.6725843101722,432.468128788585,0,0,0,0,-17.7674779085292,-12.3693822644096,-4.06137607987053e-05,0.000130596676522,-1.95889699989842,0.508992706516384,0.0279019653517,59.555950491667964,5701.1806387441775,5641.624688252509,1.7094243665529936,207.32588513692426
1491,59.64,209.514283069777,8.39909443185135,-217.674183223246,-13.6727227165698,432.462094577741,0,0,0,0,-17.7676582132256,-12.3638731704036,-4.06134220343161e-05,0.0001305959225615,-1.97436882647846,0.508991846556838,0.027867722409,59.55154156934367,5701.174029124967,5641.622487555624,1.7071399311984516,207.32580426280467
1492,59.68,209.514062568694,8.39938320474433,-217.668551788825,-13.6728625112778,432.456093664052,0,0,0,0,-17.7678403214925,-12.3584084903731,-4.06130989590371e-05,0.0001305951497148,-1.98970370610873,0.508990977193131,0.0278336064559,59.54773295848323,5701.168028984884,5641.620296026401,1.7048811556478298,207.32572372559048
1493,59.72,209.513864991663,8.39969536118522,-217.662953115751,-13.6730037046325,432.450126450861,0,0,0,0,-17.7680242466279,-12.3529887720887,-4.06127895364889e-05,0.0001305943600365,-2.0049006572938,0.508990100024959,0.0277996156792,59.54453916397385,5701.16265264003,5641.618113476055,1.7026482721563463,207.32564351834395
1494,59.76,209.513689349418,8.40002978429382,-217.657387507217,-13.6731462637024,432.444193336043,0,0,0,0,-17.7682099456775,-12.3476132624651,-4.06124763812539e-05,0.0001305935709285,-2.01995870780986,0.508989216870209,0.0277657481564,59.541933450520375,5701.157873171102,5641.615939720582,1.7004403268012271,207.325563634303
1495,59.8,209.513531977838,8.40038260500109,-217.65185526192,-13.673290077871,432.438294712627,0,0,0,0,-17.7683972747381,-12.3422791719474,-4.06121565174814e-05,0.0001305927853834,-2.03487689466294,0.508988332589516,0.0277320018776,59.53981629662072,5701.1535908722935,5641.613774575673,1.6982542884456622,207.3254840666945
1496,59.84,209.513385861638,8.40074650702583,-217.646356674347,-13.6734349399836,432.432430968943,0,0,0,0,-17.7685859645338,-12.3369815073101,-4.06118360867049e-05,0.0001305919972738,-2.0496542643362,0.508987457755902,0.0276983747662,59.537997024155594,5701.149614847975,5641.611617823819,1.6960845396174438,207.32540480752502
1497,59.88,209.513239594269,8.40110965771526,-217.640892034824,-13.6735805170853,432.426602488464,0,0,0,0,-17.7687755825178,-12.3317126540549,-4.06115240582044e-05,0.0001305911976406,-2.06428987309441,0.508986609454058,0.0276648646993,59.53616548542845,5701.1456347101375,5641.609469224709,1.6939220882521644,207.32532584796337
1498,59.92,209.513076584687,8.40145489213986,-217.635461629709,-13.673726327709,432.420809649965,0,0,0,0,-17.7689655034675,-12.326461943371,-4.06112258568445e-05,0.0001305903810604,-2.07878278707703,0.50898580928945,0.0276314695314,59.533870419796635,5701.14119899348,5641.607328573684,1.6917539750059274,207.32524718048847
1499,59.96,209.512876839831,8.40176154686111,-217.630065741785,-13.6738717934041,432.415052828159,0,0,0,0,-17.7691549764111,-12.3212167522364,-4.06109288525024e-05,0.0001305895601563,-2.0931320821673,0.508985079085434,0.0275981871166,59.53056790901753,5701.135763659102,5641.605195750084,1.6895646743385209,207.32516880066615
1500,60.0,209.512622871445,8.40201153751162,-217.624704650539,-13.6740164098437,432.409332394316,0,0,0,0,-17.7693433467235,-12.3159662427969,-4.06106090784352e-05,0.0001305887589135,-2.10733684388273,0.508984435774847,0.0275650153245,59.52578214649168,5701.128852827318,5641.603070680826,1.6873406684544918,207.32509070581065
1501,60.04,209.512307654457,8.40219754716887,-217.619378632146,-13.6741599769555,432.40364871639,0,0,0,0,-17.7695303547748,-12.3107064443129,-4.06102631234304e-05,0.0001305879808353,-2.12139616755709,0.5089838870363,0.0275319520473,59.51932211968681,5701.120275336184,5641.600953216497,1.6850765698028605,207.3250128904311
1502,60.08,209.511939028564,8.40232755308562,-217.614087959405,-13.674302723896,432.398002158779,0,0,0,0,-17.7697162980594,-12.305443028381,-4.06099174242162e-05,0.0001305871996137,-2.13530915867378,0.508983428781328,0.0274989952111,59.51140147625293,5701.11024451472,5641.598843038467,1.6827784610428893,207.32493534281812
1503,60.12,209.511536185105,8.40242120697597,-217.608832901981,-13.6744452021157,432.392393082226,0,0,0,0,-17.769901892369,-12.3001889572905,-4.0609592870925e-05,0.0001305863944282,-2.14907493303169,0.508983045405203,0.0274661427896,59.502542849746135,5701.09928258586,5641.596739736114,1.680461123423748,207.32485804788163
1504,60.16,209.51112066884,8.40250057310472,-217.603613726829,-13.6745880214538,432.386821844018,0,0,0,0,-17.7700879293212,-12.2949587294301,-4.06092812729521e-05,0.0001305855734756,-2.16269261666609,0.508982713398981,0.0274333928118,59.49333281961783,5701.087975812384,5641.594642992766,1.6781410721496246,207.32478099398415
1505,60.2,209.510709102262,8.4025826450553,-217.598430698403,-13.6747316425654,432.381288798175,0,0,0,0,-17.7702750070149,-12.2897638962157,-4.06089678165685e-05,0.0001305847516039,-2.17616134571299,0.508982407587896,0.0274007433516,59.48422386300616,5701.076776515365,5641.592552652359,1.6758309657320396,207.32470417539037
1506,60.24,209.51031156631,8.40267768613758,-217.593284078429,-13.6748763366383,432.37579429524,0,0,0,0,-17.7704634777298,-12.2846121217604,-4.06086530473313e-05,0.0001305839283378,-2.18948026647984,0.508982107382533,0.0273681925092,59.47549038095126,5701.065959011126,5641.590468630175,1.6735383911864752,207.324627588987
1507,60.28,209.509933495127,8.402791183287,-217.588174125473,-13.6750222444732,432.370338681787,0,0,0,0,-17.7706535245288,-12.2795082569021,-4.06083435500481e-05,0.0001305830970837,-2.20264853565747,0.508981799914947,0.0273357383975,59.46728035063471,5701.05567117023,5641.588390819596,1.6712673458337377,207.32455123085592
1508,60.32,209.509577512361,8.4029257369225,-217.583101094736,-13.6751694299359,432.36492230011,0,0,0,0,-17.770845230555,-12.2744552393835,-4.06080306654967e-05,0.0001305822663393,-2.21566532038865,0.508981478829441,0.0273033791432,59.45966531027442,5701.045984385775,5641.586319075501,1.669019662332314,207.324475095664
1509,60.36,209.509244102088,8.40308175010688,-217.578065238199,-13.6753178982094,432.35954548839,0,0,0,0,-17.7710386026682,-12.2694543136285,-4.06076979588992e-05,0.000130581452352,-2.22852979814879,0.508981140453864,0.0272711128946,59.45265859218161,5701.03691183014,5641.584253237958,1.6667955335182878,207.32439917753393
1510,60.4,209.508931700449,8.40325752215768,-217.573066805033,-13.6754675979184,432.354208581242,0,0,0,0,-17.7712335741837,-12.264505038286,-4.06073592354475e-05,0.0001305806413198,-2.24124115666354,0.508980780571438,0.0272389378337,59.44621781138729,5701.028410948555,5641.582193137167,1.66459359280578,207.32432347022555
1511,60.44,209.508636712026,8.40344926524919,-217.568106042076,-13.6756184214701,432.348911910323,0,0,0,0,-17.7714300053259,-12.2596052895061,-4.06070463634065e-05,0.0001305798015551,-2.253798594107,0.50898039385303,0.0272068522044,59.4402452989153,5701.020383904711,5641.580138605796,1.662410937520982,207.32424796758957
1512,60.48,209.50835398873,8.40365159655456,-217.56318319435,-13.6757702182938,432.343655804819,0,0,0,0,-17.7716277004529,-12.2547515654043,-4.06067498799798e-05,0.0001305789426159,-2.26620131948622,0.508979975482986,0.0271748543582,59.43460109931243,5701.012690611971,5641.578089512659,1.6602435041355603,207.32417266480505
1513,60.52,209.508078587494,8.40385934536261,-217.558298505538,-13.6759228441167,432.338440591786,0,0,0,0,-17.7718264721023,-12.2499403233845,-4.06064314495587e-05,0.0001305781027209,-2.27844855284702,0.508979523007492,0.0271429428019,59.42915078505503,5701.005196562634,5641.57604577758,1.6580874123173184,207.3240975589255
1514,60.56,209.507808602223,8.40407046479228,-217.553452218304,-13.6760762405961,432.333266596331,0,0,0,0,-17.7720262444649,-12.2451703203942,-4.06060893452439e-05,0.0001305772834252,-2.29053952517113,0.508979036991917,0.0271111162152,59.42384256845105,5700.997849889211,5641.57400732076,1.6559411138090296,207.3240226470184
1515,60.6,209.50754682662,8.40428774029444,-217.54864457438,-13.6762304809649,432.32813414167,0,0,0,0,-17.7722271126772,-12.2404440758043,-4.06057563611761e-05,0.0001305764518601,-2.30247347820095,0.50897852060941,0.0270793734335,59.418752610234094,5700.990726612232,5641.571974001998,1.653806638434244,207.32394792393146
1516,60.64,209.507299092476,8.40451707831234,-217.54387581453,-13.6763857204116,432.323043549105,0,0,0,0,-17.7724292783224,-12.2357665240277,-4.0605444025653e-05,0.0001305755964907,-2.31424966449891,0.508977979092346,0.0270477134257,59.41403977577525,5700.983985422814,5641.569945647038,1.6516883134901699,207.3238733832609
1517,60.68,209.507070365601,8.40476349084255,-217.539146178597,-13.6765420846895,432.317995138045,0,0,0,0,-17.7726329046894,-12.2311417882035,-4.0605131201455e-05,0.0001305747384171,-2.32586734773494,0.508977419550769,0.027016135301,59.409839317070784,5700.977761447531,5641.56792213046,1.6495897983849714,207.32379902039756
1518,60.72,209.506861781533,8.40502805051966,-217.534455905617,-13.6766995894437,432.312989226074,0,0,0,0,-17.7728380119738,-12.2265708385118,-4.06048049722988e-05,0.0001305738904558,-2.33732580288262,0.50897685095689,0.0269846383386,59.40618218093995,5700.972085585942,5641.565903405002,1.6475118527342387,207.32372483360464
1519,60.76,209.506669903573,8.40530713312348,-217.529805233805,-13.6768581246779,432.308026128933,0,0,0,0,-17.7730444571363,-12.2220510825956,-4.06044758685014e-05,0.0001305730419584,-2.34862431612856,0.508976284035192,0.0269532220033,59.40297486868028,5700.966864320708,5641.563889452028,1.645451796868722,207.3236508221973
1520,60.8,209.506486856982,8.40559255875708,-217.525194400306,-13.6770174618238,432.303106160354,0,0,0,0,-17.7732519431352,-12.217576664263,-4.0604154368368e-05,0.000130572182376,-2.35976218464636,0.508975731085007,0.0269218859237,59.400003125435816,5700.961883369265,5641.561880243829,1.6434036331486281,207.32357698515722
1521,60.84,209.506300418292,8.40587168276807,-217.520623640924,-13.6771772554365,432.298229631885,0,0,0,0,-17.773460021182,-12.2131386766098,-4.06038437945267e-05,0.0001305713084033,-2.37073871653876,0.508975205699384,0.0268906298554,59.396934350526216,5700.956810114105,5641.559875763579,1.6413581301022244,207.32350332186604
1522,60.88,209.506095145831,8.40612855524594,-217.516093190122,-13.6773370721728,432.293396852881,0,0,0,0,-17.7736681284326,-12.2087261264977,-4.06035418790826e-05,0.0001305704223958,-2.38155323103217,0.50897472194316,0.0268594536727,59.39334833231377,5700.951224365934,5641.55787603362,1.63930368950198,207.32342983314484
1523,60.92,209.505855876065,8.4063475128098,-217.511603281225,-13.6774964861458,432.288608130626,0,0,0,0,-17.7738757118389,-12.2043284700421,-4.06032321113969e-05,0.0001305695409422,-2.39220505866986,0.508974292411963,0.0268283573928,59.388832379970964,5700.944713503973,5641.555881124002,1.637228984562652,207.3233565215679
1524,60.96,209.505573210897,8.40651881803104,-217.507154146486,-13.6776552309634,432.283863770315,0,0,0,0,-17.7740824255289,-12.1999393691696,-4.06028998494389e-05,0.0001305686786942,-2.40269354126974,0.508973925186718,0.0267973411973,59.38313068064795,5700.937021792978,5641.55389111233,1.6351270722697313,207.3232833899872
1525,61.0,209.505248212551,8.40664348526969,-217.502746016863,-13.6778133306701,432.279164074814,0,0,0,0,-17.7742883007511,-12.1955598969092,-4.06025580229537e-05,0.0001305678226681,-2.41301803176067,0.5089736207946,0.0267664054194,59.376272136908554,5700.928178137536,5641.551906000627,1.6329988824460977,207.323210438477
1526,61.04,209.504892492857,8.40673337129327,-217.498379121786,-13.6779711011078,432.274509344458,0,0,0,0,-17.7744937476069,-12.1911985892974,-4.06022295907371e-05,0.0001305669498423,-2.42317789419922,0.50897337096922,0.0267355505142,59.36857281810841,5700.918498511634,5641.549925693526,1.6308532366234922,207.3231376635327
1527,61.08,209.504522992453,8.40680580666212,-217.494053689225,-13.6781290020909,432.269899877107,0,0,0,0,-17.774699363158,-12.1868678030968,-4.06019140207771e-05,0.0001305660607469,-2.43317250404323,0.508973160399067,0.0267047770508,59.360493789716216,5700.908443893513,5641.547950103797,1.6287029001091764,207.3230650619486
1528,61.12,209.504155487258,8.4068769216578,-217.489769945901,-13.6782874567748,432.265335968276,0,0,0,0,-17.7749056969618,-12.1825792136603,-4.06015961451255e-05,0.0001305651706459,-2.44300124839916,0.508972970906458,0.026674085731,59.3524643103759,5700.898443567796,5641.54597925742,1.6265597146358728,207.32299263467948
1529,61.16,209.503801068145,8.40695803201523,-217.485528117089,-13.678446757593,432.260817910812,0,0,0,0,-17.7751131289352,-12.1783413452567,-4.06012762120545e-05,0.0001305642794392,-2.45266352594689,0.508972785940357,0.0266434773892,59.34478604991925,5700.888799332506,5641.544013282587,1.6244319820725792,207.3229203864363
1530,61.2,209.503465815412,8.40705530782926,-217.48132842577,-13.6786070606196,432.256345993973,0,0,0,0,-17.7753218619462,-12.1741591914292,-4.06009678979683e-05,0.0001305633735593,-2.46215874662359,0.508972593264334,0.0266129529406,59.33762430514857,5700.8796766409805,5641.542052335832,1.622324241945204,207.32284832297154
1531,61.24,209.503151732485,8.40717073257835,-217.477171091676,-13.6787684108797,432.251920502462,0,0,0,0,-17.775531954586,-12.1700346507423,-4.060066970766e-05,0.0001305624545571,-2.47148633142089,0.508972385297641,0.0265825133052,59.33103344397891,5700.871130009218,5641.540096565239,1.6202379836949983,207.3227764497273
1532,61.28,209.502858247713,8.40730364380475,-217.473056330965,-13.6789307812584,432.247541716131,0,0,0,0,-17.775743371661,-12.1659675163262,-4.06003579025611e-05,0.0001305615462184,-2.48064571250956,0.508972158243822,0.0265521593729,59.32499777409129,5700.863143881802,5641.53814610771,1.6181727771668317,207.32270477173452
1533,61.32,209.502584191101,8.40745276317209,-217.468984356654,-13.6790941257944,432.243209910377,0,0,0,0,-17.7759560534277,-12.1619570317478,-4.0600021685928e-05,0.0001305606593233,-2.48963633352235,0.508971911454048,0.026521892033,59.31948534637392,5700.855686421547,5641.536201075173,1.616127751547739,207.32263329310655
1534,61.36,209.502328968793,8.40761740388373,-217.464955379051,-13.6792584125698,432.23892535653,0,0,0,0,-17.7761699583425,-12.1580028875872,-4.05996845574551e-05,0.0001305597701695,-2.49845764965619,0.508971647541529,0.0264917122193,59.3144799255631,5700.848741468808,5641.534261543245,1.6141024707736615,207.3225620166222
1535,61.4,209.502091575585,8.40779645768738,-217.460969605508,-13.67942359821,432.234688321615,0,0,0,0,-17.7763850299542,-12.1541044608316,-4.05993675949787e-05,0.0001305588573186,-2.50710912753208,0.508971372772153,0.0264616209109,59.30995410421588,5700.8422816705925,5641.532327566377,1.612096200272142,207.32249094428255
1536,61.44,209.501867994678,8.40798572531362,-217.457027239727,-13.6795895586919,432.230499067783,0,0,0,0,-17.776601107035,-12.1502587447388,-4.05990627852693e-05,0.0001305579284885,-2.51559024506446,0.508971096917623,0.0264316190887,59.305798515049425,5700.836197724229,5641.53039920918,1.6101059841669125,207.32242007846202
1537,61.48,209.501649314602,8.40817598312668,-217.453128481486,-13.6797560392087,432.22635785217,0,0,0,0,-17.7768178584843,-12.1464589081096,-4.05987593409351e-05,0.0001305569944305,-2.52390049156337,0.508970832028409,0.0264017077083,59.3017705675385,5700.83024713627,5641.528476568732,1.6081252663493055,207.3223494227281
1538,61.52,209.501422584729,8.40835386130663,-217.449273527128,-13.6799226768714,432.222264927422,0,0,0,0,-17.7770348128567,-12.1426950612234,-4.05984577842374e-05,0.000130556054823,-2.53203936797184,0.508970590215263,0.026371887727,59.29751772088043,5700.824077502179,5641.526559781299,1.6061445433966415,207.32227898208853
1539,61.56,209.50117456765,8.4085056965137,-217.445462570115,-13.6800891009029,432.218220542155,0,0,0,0,-17.7772514885277,-12.1389571940296,-4.05981521142448e-05,0.0001305551159243,-2.54000638693584,0.508970381148995,0.0263421601501,59.29267959857491,5700.817328613707,5641.524649015132,1.6041541471642755,207.32220876272646
1540,61.6,209.500896906153,8.40862283923411,-217.441695800815,-13.6802550729139,432.214224940647,0,0,0,0,-17.7774675758789,-12.1352390833993,-4.05978322196866e-05,0.000130554188025,-2.54780107263969,0.508970210117604,0.0263125260319,59.287028624228455,5700.8097730595355,5641.522744435307,1.6021480462016504,207.32213877070822
1541,61.64,209.500590147167,8.40870578948702,-217.437973405638,-13.6804205986492,432.210278361967,0,0,0,0,-17.7776830823987,-12.13154130132,-4.05975032451207e-05,0.0001305532660771,-2.55542296065984,0.508970077088532,0.0262829864249,59.28057959258821,5700.8014257223585,5641.520846129771,1.60012677910555,207.32206900926585
1542,61.68,209.500263907034,8.40876436784502,-217.434295566535,-13.6805859337603,432.206381039485,0,0,0,0,-17.7778983401556,-12.127871325028,-4.05971800109646e-05,0.0001305523353273,-2.56287159807516,0.508969976856548,0.0262535423355,59.27359418763845,5700.79254827617,5641.518954088532,1.59809753569196,207.32199947803218
1543,61.72,209.499932643067,8.40881336932417,-217.430662461375,-13.6807514660738,432.202533201192,0,0,0,0,-17.7781138529075,-12.1242403319039,-4.05968706957248e-05,0.0001305513876539,-2.57014654373438,0.50896990029362,0.0262241947322,59.26646584347618,5700.783534124497,5641.517068281021,1.596071018565892,207.32193017588378
1544,61.76,209.499609937082,8.40886668738686,-217.427074264533,-13.6809175558954,432.198735070123,0,0,0,0,-17.7783300887069,-12.1206588615098,-4.05965748364355e-05,0.000130550423562,-2.57724736833974,0.508969836609884,0.0261949445786,59.259564089530755,5700.774752847374,5641.515188757843,1.594057238083979,207.32186110468032
1545,61.8,209.499304886956,8.40893360610383,-217.423531146642,-13.6810844364399,432.194986863934,0,0,0,0,-17.7785473505468,-12.1171340586745,-4.05962794891581e-05,0.0001305494560295,-2.58417365423625,0.508969776145044,0.0261657928226,59.253136355650994,5700.766452010646,5641.5133156549955,1.5920628773813446,207.3217922694197
1546,61.84,209.49902142354,8.4090181004447,-217.420033273481,-13.6812521971545,432.191288793731,0,0,0,0,-17.7787657546345,-12.1136691081913,-4.05959663597824e-05,0.0001305485033962,-2.59092499516296,0.50896971283776,0.0261367403306,59.247289456154064,5700.758738578216,5641.511449122062,1.5900908104214528,207.32172367559895
1547,61.88,209.498758999688,8.40911954720363,-217.416580805099,-13.6814208057181,432.187641063301,0,0,0,0,-17.7789852589301,-12.1102637182092,-4.05956415321919e-05,0.0001305475596376,-2.59750099626794,0.508969645520949,0.0261077878311,59.24200840287415,5700.751597661484,5641.50958925861,1.5881406245419745,207.3216553268771
1548,61.92,209.498513116485,8.40923326787624,-217.413173896074,-13.6815901248699,432.184043869553,0,0,0,0,-17.7792056850218,-12.1069144965791,-4.05953301850399e-05,0.0001305465996445,-2.60390127438193,0.508969577624213,0.0260789359299,59.23717072510582,5700.744906838736,5641.50773611363,1.5862090235039716,207.3215872250546
1549,61.96,209.498275452621,8.409350661552,-217.40981269644,-13.6817599160465,432.180497403555,0,0,0,0,-17.779426722895,-12.1036149945005,-4.05950372660218e-05,0.000130545618547,-2.61012545822143,0.508969515549034,0.0260501851786,59.232549930156424,5700.738439675594,5641.505889745438,1.5842899406107487,207.32151937227445
1550,62.0,209.498034885754,8.40946025272794,-217.406497351988,-13.6819298658663,432.17700185088,0,0,0,0,-17.7796479653792,-12.1003564658058,-4.0594746498663e-05,0.0001305446327107,-2.61617318830713,0.508969466500256,0.0260215361116,59.227843240446425,5700.731893517718,5641.504050277272,1.5823752976431866,207.32145177306558
1551,62.04,209.497780820483,8.4095511099154,-217.40322800348,-13.6820996767668,432.173557390814,0,0,0,0,-17.7798690259089,-12.0971305529123,-4.05944448565979e-05,0.0001305436552623,-2.62204411675446,0.508969436557441,0.0259929892082,59.22276218377192,5700.72498004956,5641.502217865788,1.5804574312778021,207.321384433185
1552,62.08,209.497507972044,8.40961776094465,-217.400004785672,-13.6822691986231,432.170164195394,0,0,0,0,-17.7800897094908,-12.0939331709554,-4.05941313212371e-05,0.0001305426873439,-2.62773790723562,0.508969429354024,0.0259645448282,59.21716286171407,5700.717555465367,5641.5003926036525,1.5785325591157289,207.3213173560381
1553,62.12,209.497219387675,8.40966329603336,-217.39682782728,-13.6824385104064,432.166822429328,0,0,0,0,-17.7803101187468,-12.0907669061448,-4.05938170340093e-05,0.0001305417179761,-2.63325423517882,0.508969445361372,0.0259362031952,59.21112822053962,5700.709702684708,5641.498574464168,1.5766029473454595,207.32125054064383
1554,62.16,209.496925059599,8.40969793904427,-217.393697251748,-13.6826078783127,432.163532250615,0,0,0,0,-17.7805305994957,-12.0876398412605,-4.05935127741845e-05,0.0001305407365591,-2.63859278793215,0.508969481838996,0.0259079644316,59.20493025907011,5700.701693609822,5641.496763350751,1.5746758738585735,207.32118398345278
1555,62.2,209.496636806731,8.40973378604289,-217.390613177612,-13.6827776124033,432.160293810703,0,0,0,0,-17.7807515545212,-12.0845614597472,-4.05932145658876e-05,0.0001305397471557,-2.64375326467753,0.508969533773174,0.0258798285797,59.198890656900886,5700.693849849765,5641.4949591928635,1.5727598988892797,207.3211176818727
1556,62.24,209.496362841815,8.4097792252794,-217.387575717789,-13.6829479193327,432.157107253657,0,0,0,0,-17.7809732522598,-12.0815383624714,-4.05929136070832e-05,0.0001305387584504,-2.64873537621829,0.508969595852769,0.0258517955622,59.19323290125414,5700.686394884685,5641.493161983431,1.570860931281037,207.32105163564364
1557,62.28,209.496104927386,8.4098360204533,-217.384584978556,-13.6831188297047,432.153972715193,0,0,0,0,-17.7811957324186,-12.0785720390744,-4.05926130309812e-05,0.0001305377670659,-2.65353884491735,0.508969664692743,0.0258238651224,59.18800493577764,5700.679376675603,5641.491371739825,1.5689801891087287,207.320985845404
1558,62.32,209.495858524042,8.40989946700033,-217.381641059462,-13.683290206261,432.150890322765,0,0,0,0,-17.7814188166119,-12.0756589681152,-4.05923217235047e-05,0.0001305367639905,-2.65816340487709,0.508969740090893,0.0257960368177,59.18308323053382,5700.672671699098,5641.489588468564,1.5671143330323003,207.3209203113933
1559,62.36,209.495615104696,8.40996076988856,-217.378744054196,-13.6834618075999,432.147860196603,0,0,0,0,-17.7816421911711,-12.0727924083213,-4.05920357068498e-05,0.0001305357533259,-2.66260880211824,0.508969824690665,0.0257683100779,59.1782357374502,5700.666047921313,5641.487812183863,1.5652571602014032,207.32085503413398
1560,62.4,209.495366121405,8.41001111728056,-217.375894051229,-13.6836333950883,432.144882450442,0,0,0,0,-17.7818655460677,-12.0699655614598,-4.05917409164436e-05,0.0001305347494056,-2.66687479453259,0.508969922430612,0.0257406842582,59.173229824680085,5700.659272740874,5641.4860429161945,1.563402474930672,207.32079001474582
1561,62.44,209.495107496298,8.41004629264781,-217.373091133419,-13.683804854011,432.14195719108,0,0,0,0,-17.7820887322975,-12.0671752543599,-4.05914335156503e-05,0.0001305337563319,-2.67096115170695,0.508970036692375,0.0257131586249,59.16795454400129,5700.652235193259,5641.484280649258,1.5615473144987713,207.3207252526298
1562,62.48,209.494841943819,8.41006905838817,-217.37033537723,-13.6839762548102,432.139084517472,0,0,0,0,-17.7823118413983,-12.0644238984038,-4.05911234430953e-05,0.0001305327643579,-2.67486765489417,0.508970168955867,0.0256857323036,59.16248389330945,5700.645009142249,5641.48252524894,1.55969359587898,207.3206607428574
1563,62.52,209.49457690988,8.41008703583576,-217.367626852903,-13.6841477937896,432.136264520737,0,0,0,0,-17.7825351283863,-12.0617178141748,-4.05908217578638e-05,0.0001305317624649,-2.67859409725009,0.508970318450899,0.0256584042729,59.157020712509684,5700.6377972014325,5641.480776488923,1.5578466111663662,207.32059647711156
1564,62.56,209.494319303134,8.41010729141329,-217.364965625748,-13.6843196478906,432.133497285359,0,0,0,0,-17.7827588230936,-12.0590628520966,-4.05905337022796e-05,0.0001305307452555,-2.68214028410421,0.50897048291111,0.0256311734328,59.151753197817264,5700.63078736483,5641.479034167013,1.556011238997569,207.3205324479618
1565,62.6,209.494071023921,8.41013174580012,-217.362351757328,-13.6844918549317,432.13078289038,0,0,0,0,-17.7829829746005,-12.0564606629212,-4.05902575768441e-05,0.000130529714196,-2.6855060329981,0.508970660002565,0.0256040386817,59.14673315063198,5700.62403134333,5641.477298192698,1.5541887524206093,207.32046865208181
1566,62.64,209.493828426155,8.4101566253295,-217.359785305344,-13.684664303205,432.128121409375,0,0,0,0,-17.7832074377393,-12.0539082749017,-4.05899816908476e-05,0.0001305286808835,-2.68869117351867,0.508970848611994,0.0255769989272,59.14186135096771,5700.6174299218765,5641.475568570909,1.552376455257032,207.32040508965287
1567,62.68,209.493585642721,8.41017588069322,-217.357266322612,-13.6848368248869,432.125512909526,0,0,0,0,-17.7834319944641,-12.0514009252208,-4.05896892504817e-05,0.0001305276622311,-2.69169554716712,0.508971049285959,0.0255500530322,59.136978135612196,5700.61082344814,5641.473845312527,1.5505700751799332,207.32034176107484
1568,62.72,209.49333915566,8.4101858805994,-217.354794856536,-13.6850093195471,432.122957451144,0,0,0,0,-17.7836565143049,-12.0489358960887,-4.05893779606044e-05,0.0001305266607529,-2.69451900744757,0.508971263606475,0.0255231997764,59.131987845422536,5700.604116193579,5641.472128348157,1.548767029249,207.32027866379744
1569,62.76,209.493090214381,8.41018789188083,-217.352370949773,-13.6851818159868,432.120455088261,0,0,0,0,-17.7838810346781,-12.0465144826837,-4.05890690995934e-05,0.0001305256553648,-2.69716142004172,0.508971492927917,0.0254964378822,59.12692464962309,5700.597342156344,5641.470417506721,1.5469681385447849,207.32021579153377
1570,62.8,209.492843131927,8.41018632585388,-217.349994641152,-13.6853544222244,432.11800586945,0,0,0,0,-17.7841056958915,-12.0441404918818,-4.05887861260445e-05,0.000130524622748,-2.69962266283062,0.508971737362731,0.0254697660635,59.121906119168216,5700.590618700315,5641.468712581147,1.5451763995056746,207.32015313667398
1571,62.84,209.492601028671,8.41018436619632,-217.347665965629,-13.6855272096092,432.115609837713,0,0,0,0,-17.7843305905996,-12.0418166395082,-4.05885252243521e-05,0.0001305235668283,-2.70190262574354,0.508971995726135,0.0254431830295,59.117017305884815,5700.584030735164,5641.467013429279,1.543393946129748,207.32009069399402
1572,62.88,209.492363229145,8.41018129839729,-217.34538495336,-13.6857001454795,432.113267029587,0,0,0,0,-17.7845556763343,-12.0395424023785,-4.05882550505051e-05,0.0001305225190585,-2.70400121062306,0.508972266360543,0.0254166874376,59.11223988582863,5700.577559880471,5641.465319994642,1.541620203781543,207.3200284614184
1573,62.92,209.492126742707,8.41017403406266,-217.343151629226,-13.6858731368913,432.110977474762,0,0,0,0,-17.7847808323181,-12.0373153476548,-4.05879541378645e-05,0.0001305215009988,-2.70591833131087,0.508972548069538,0.0253902778676,59.10749252817568,5700.571124756723,5641.463632228548,1.5398529537176062,207.31996643715786
1574,62.96,209.491889760281,8.4101607026131,-217.340966013647,-13.6860461256288,432.108741196944,0,0,0,0,-17.7850059828861,-12.0351341112382,-4.05876434075666e-05,0.0001305204917431,-2.70765391386806,0.508972840412619,0.0253639528644,59.10272612732889,5700.564676136454,5641.461950009125,1.5380908227813035,207.31990461673377
1575,63.0,209.49165317625,8.4101422115546,-217.338828123861,-13.6862191265709,432.106558215127,0,0,0,0,-17.7852311473198,-12.0329996148175,-4.05873609781167e-05,0.0001305194530626,-2.70920789668033,0.508973143284095,0.0253377110119,59.09796520381595,5700.5582383570645,5641.460273153249,1.536334359750624,207.3198429934164
1576,63.04,209.491418829777,8.41012043800269,-217.336737974242,-13.6863921778726,432.10442854389,0,0,0,0,-17.7854563751346,-12.0309135063668,-4.05871046824063e-05,0.0001305183869152,-2.71058023037004,0.508973456361151,0.0253115509572,59.093259961700014,5700.55186146473,5641.45860150303,1.5345847816464233,207.31978156140337
1577,63.08,209.491187125056,8.41009578561393,-217.334695575411,-13.6865652776638,432.102352192517,0,0,0,0,-17.7856816638638,-12.0288761676107,-4.05868333323047e-05,0.0001305173342594,-2.71177087764628,0.508973778988548,0.0252854713645,59.08862148449692,5700.545556458129,5641.456934973632,1.5328422862492772,207.31972031757707
1578,63.12,209.490957061628,8.41006721878332,-217.33270093339,-13.6867383879915,432.100329164226,0,0,0,0,-17.7859069641842,-12.026886833549,-4.05865340333361e-05,0.0001305163078436,-2.71277981331405,0.508974110488549,0.0252594708663,59.084022614534064,5700.539296113386,5641.455273498852,1.5311060772470706,207.31965925950453
1579,63.16,209.49072805958,8.41003413868816,-217.330754049955,-13.686911485714,432.098359456561,0,0,0,0,-17.7861322460165,-12.0249451776859,-4.05862424392337e-05,0.0001305152720529,-2.7136070244228,0.508974450498973,0.0252335480789,59.079447693812796,5700.5330646502625,5641.45361695645,1.5293756580549107,207.31959838269353
1580,63.2,209.490500652795,8.40999709372273,-217.32885492376,-13.6870845796857,432.096443062518,0,0,0,0,-17.7863575208442,-12.0230518105663,-4.05859772807502e-05,0.0001305142084217,-2.71425251033836,0.508974799088778,0.0252077016647,59.07491140651999,5700.5268765964565,5641.451965189936,1.5276513213606837,207.31953768139323
1581,63.24,209.490275410366,8.40995666977141,-217.327003550852,-13.6872576795804,432.094579971027,0,0,0,0,-17.7865828012239,-12.021207272366,-4.05857105260194e-05,0.0001305131453814,-2.71471628266046,0.508975156707845,0.025181930365,59.07042935056708,5700.520747437778,5641.450318087211,1.5259333868252958,207.31947715148397
1582,63.28,209.490052201715,8.40991273576233,-217.325199924058,-13.6874307762815,432.092770166293,0,0,0,0,-17.7868080753185,-12.0194114560916,-4.05854266126721e-05,0.000130512098846,-2.71499836508272,0.508975524086536,0.0251562329659,59.065998036932356,5700.514673621017,5641.448675584084,1.524221682722711,207.31941679060685
1583,63.32,209.489830779548,8.40986504350226,-217.323444032208,-13.6876038587084,432.091013626963,0,0,0,0,-17.7870333287408,-12.0176642134326,-4.05851473949712e-05,0.0001305110471135,-2.71509879339587,0.508975902075859,0.0251306082472,59.061610825601626,5700.5086484169615,5641.44703759136,1.522515956150921,207.31935659548395
1584,63.36,209.48961128032,8.40981374052343,-217.321735860342,-13.6877769261276,432.089310326266,0,0,0,0,-17.7872585605318,-12.0159657824366,-4.05848807002624e-05,0.0001305099822874,-2.71501761561568,0.5089762914246,0.0251050549815,59.05727156152557,5700.502675538742,5641.445403977216,1.520816224543395,207.31929656127093
1585,63.4,209.489393867238,8.40975900066655,-217.320075390713,-13.6879499756685,432.087660232953,0,0,0,0,-17.7874837669434,-12.0143163930197,-4.05846109037562e-05,0.0001305089197832,-2.71475489201861,0.508976692597278,0.0250795719833,59.052984804005845,5700.496759427446,5641.44377462344,1.5191225259621046,207.31923668362353
1586,63.44,209.489178479848,8.40970076567619,-217.318462603347,-13.6881229943017,432.08606331182,0,0,0,0,-17.7877089310171,-12.0127160227456,-4.05843374765825e-05,0.0001305078598928,-2.7143106950471,0.50897710569424,0.025054158143,59.048748989369976,5700.490898438037,5641.442149448667,1.5174347454091508,207.31917695955167
1587,63.48,209.488965090228,8.40963900930627,-217.316897475543,-13.6882959667666,432.084519523232,0,0,0,0,-17.7879340328757,-12.0111646694809,-4.05840677778484e-05,0.000130506795093,-2.71368510918952,0.50897753044615,0.0250288124068,59.04456343884563,5700.485091810719,5641.440528371873,1.5157527942957811,207.31911738607778
1588,63.52,209.488753775215,8.40957381312385,-217.315379981134,-13.688468879228,432.083028822453,0,0,0,0,-17.7881590544787,-12.009662452933,-4.05837989034415e-05,0.0001305057282874,-2.71287823100984,0.50897796630295,0.0250035337411,59.04043034349697,5700.479341636333,5641.438911292836,1.5140766590129324,207.3190579595187
1589,63.56,209.48854456402,8.40950521172069,-217.313910090673,-13.6886417169825,432.081591159955,0,0,0,0,-17.7883839766572,-12.0082094733671,-4.05835317201744e-05,0.0001305046588236,-2.71189016932,0.508978412655483,0.0249783211463,59.03635060306218,5700.47364870975,5641.437298106687,1.5124062948041528,207.31899867602067
1590,63.6,209.488337507625,8.40943326569123,-217.31248777256,-13.6888144681739,432.080206482668,0,0,0,0,-17.7886087839546,-12.0068058326,-4.05832688260161e-05,0.0001305035844543,-2.71072104528102,0.508978869122119,0.0249531737239,59.03232569676791,5700.468014418262,5641.435688721494,1.5107416779798637,207.31893953220518
1591,63.64,209.488132784136,8.40935817094626,-217.311112993887,-13.6889871278359,432.078874734913,0,0,0,0,-17.7888334698864,-12.0054516781866,-4.05830064308194e-05,0.0001305025092387,-2.70937099237517,0.508979335772956,0.0249280907295,59.028360536482595,5700.4624436083795,5641.434083071897,1.5090828820696427,207.31888052567027
1592,63.68,209.487930634583,8.40928019312515,-217.309785720159,-13.6891596965117,432.077595858128,0,0,0,0,-17.789058035151,-12.0041471541719,-4.05827439376763e-05,0.0001305014337745,-2.70784015629736,0.508979813173528,0.0249030715605,59.024461718537125,5700.456942838863,5641.432481120326,1.5074300319549434,207.31882165503535
1593,63.72,209.487731310404,8.4091996126044,-217.308505914416,-13.6893321777058,432.076369789921,0,0,0,0,-17.7892824843073,-12.002892413292,-4.05824829226495e-05,0.0001305003562725,-2.70612869491082,0.508980302158387,0.0248781157039,59.02063612051259,5700.45151895169,5641.430882831177,1.5057832646057498,207.31876291899195
1594,63.76,209.487535069462,8.40911671719752,-217.307273537015,-13.6895045744227,432.075196463703,0,0,0,0,-17.7895068212574,-12.0016876305686,-4.05822227873284e-05,0.0001304992771158,-2.70423677831515,0.508980803393734,0.0248532227107,59.016890801991394,5700.446178963668,5641.429288161677,1.5041427249262251,207.31870431596818
1595,63.8,209.487342184131,8.40903180677221,-217.306088546328,-13.6896768855821,432.074075809269,0,0,0,0,-17.7897310445708,-12.0005329702649,-4.05819639002861e-05,0.0001304981958423,-2.70216458885036,0.508981316984482,0.0248283922223,59.01323320889846,5700.4409302864715,5641.427697077573,1.5025085725738216,207.31864584470532
1596,63.84,209.487152980059,8.4089452318362,-217.304950899411,-13.689849105803,432.073007753436,0,0,0,0,-17.7899551471999,-11.9994285800078,-4.05817068221009e-05,0.0001304971118891,-2.69991232100945,0.508981842393241,0.024803624002,59.009672209483476,5700.435781781436,5641.426109571953,1.5008810102143966,207.3185875049493
1597,63.88,209.486967865165,8.40885742577863,-217.303860551697,-13.6900212287306,432.071992219814,0,0,0,0,-17.790179120814,-11.9983746250612,-4.05814521422905e-05,0.0001304960246879,-2.69748018131907,0.508982378746331,0.0247789179225,59.00621889243185,5700.430744548601,5641.424525656169,1.4992603028412024,207.31852929711735
1598,63.92,209.48678732895,8.40876890848567,-217.30281745604,-13.6901932514923,432.071029127997,0,0,0,0,-17.7904029616091,-11.9973713347707,-4.05812000699522e-05,0.0001304949340469,-2.69486838830525,0.508982925322468,0.0247542739206,59.002886566434206,5700.425831907967,5641.422945341533,1.4976467746680382,207.31847122162512
1599,63.96,209.486611938022,8.40868028411857,-217.301821562262,-13.6903651770489,432.070118393215,0,0,0,0,-17.7906266733738,-11.996419015916,-4.05809495506734e-05,0.0001304938410339,-2.69207717259307,0.508983481856518,0.0247296919765,58.99969065157871,5700.421059277725,5641.421368626146,1.4960408048095433,207.3184132784029
1600,64.0,209.486442350433,8.40859225444054,-217.300872817664,-13.6905370131924,432.069259926849,0,0,0,0,-17.7908502661815,-11.9955180269371,-4.05806999284486e-05,0.0001304927463137,-2.68910677694225,0.508984048458866,0.024705172139,58.996649052817425,5700.41644456438,5641.419795511562,1.4944428380396921,207.3183554675077
1601,64.04,209.486279332994,8.40850563359416,-217.299971167715,-13.6907087699579,432.068453637073,0,0,0,0,-17.791073753014,-11.9946687424163,-4.05804509888924e-05,0.0001304916501073,-2.6859574561729,0.50898462532038,0.0246807145576,58.993782613220326,5700.412008633923,5641.418226020703,1.4928533979409198,207.31829778978192
1602,64.08,209.486123774528,8.40842136066085,-217.299116555938,-13.6908804588985,432.067699428704,0,0,0,0,-17.7912971488117,-11.9938715606085,-4.05802031763017e-05,0.0001304905519786,-2.68262947704081,0.508985212541329,0.024656319473,58.991115474531654,5700.407775672459,5641.416660197928,1.491273095062025,207.31824024685577
1603,64.12,209.485976700534,8.40834051618805,-217.298308923095,-13.69105209497,432.066997202411,0,0,0,0,-17.7915204729252,-11.9931269553806,-4.05799574801948e-05,0.000130489450947,-2.67912311816811,0.508985810189774,0.0246319871739,58.988675498736114,5700.403773585237,5641.415098086501,1.489702634475544,207.31818284031914
1604,64.16,209.485839287042,8.40826433737475,-217.297548206737,-13.6912236978876,432.066346854291,0,0,0,0,-17.7917437508785,-11.9924355022148,-4.05797142988871e-05,0.0001304883466237,-2.67543867012134,0.508986418366755,0.0246077179721,58.986494655929924,5700.400034373665,5641.413539717735,1.4881428235602834,207.31812557132278
1605,64.2,209.485712903824,8.40819426108079,-217.29683434167,-13.6913952919128,432.065748276325,0,0,0,0,-17.7919670140855,-11.9917978750247,-4.05794734010919e-05,0.0001304872392544,-2.67157643545337,0.508987037111005,0.024583512225,58.98461018839888,5700.3965953111365,5641.411985122738,1.4865946022309264,207.31806844100987
1606,64.24,209.48559916853,8.40813197764415,-217.296167260721,-13.691566905511,432.065201357118,0,0,0,0,-17.7921902993954,-11.9912148309313,-4.05792338952955e-05,0.0001304861297531,-2.66753672865215,0.508987666303653,0.0245593703732,58.983066062475984,5700.393500416149,5641.410434353674,1.4850590811759554,207.3180114512974
1607,64.28,209.485499989172,8.40807947486636,-217.295546894785,-13.6917385728763,432.064705981967,0,0,0,0,-17.7924136510738,-11.9906872194355,-4.05789949897663e-05,0.0001304850189401,-2.66331987604761,0.508988305768188,0.0245352929402,58.98191412322193,5700.390801608356,5641.408887485134,1.4835375700560882,207.31795460492654
1608,64.32,209.485417604837,8.40803908164589,-217.294973172056,-13.6919103369077,432.064262032155,0,0,0,0,-17.7926371246706,-11.9902160311262,-4.05787567195909e-05,0.0001304839068102,-2.65892621573536,0.508988955459817,0.0245112804921,58.981215221691876,5700.388559816415,5641.407344594723,1.4820316023675963,207.31789790474926
1609,64.36,209.485354620675,8.40801350460487,-217.294446017329,-13.6920822508987,432.063869384298,0,0,0,0,-17.7928607892135,-11.9898024250291,-4.05785198423096e-05,0.0001304827926316,-2.6543560976181,0.50898961553166,0.0244873336003,58.98104017680132,5700.386845930071,5641.40580575327,1.4805429561795749,207.3178413533684
1610,64.4,209.485314080215,8.40800590155216,-217.293965352015,-13.6922543796891,432.063527910366,0,0,0,0,-17.7930847286934,-11.9894477436926,-4.05782853924871e-05,0.0001304816753915,-2.64960988339454,0.508990286277229,0.0244634528404,58.98147173988859,5700.385742767966,5641.404271028077,1.4790737021255747,207.31778495325733
1611,64.44,209.485299554059,8.40801997146833,-217.293531094524,-13.6924268009445,432.063237478059,0,0,0,0,-17.7933090437169,-11.9891535190951,-4.05780539349713e-05,0.0001304805545534,-2.64468794644471,0.5089909680722,0.0244396388079,58.98260699788023,5700.3853474911275,5641.402740493248,1.4776262631407344,207.31772870713925
1612,64.48,209.485315199909,8.40806001573089,-217.293143160264,-13.6925996063387,432.062997950781,0,0,0,0,-17.793533853033,-11.9889214758574,-4.05778254864195e-05,0.0001304794301427,-2.63959067170635,0.508991661365836,0.0244158921115,58.98455900350707,5700.385773236391,5641.401214232884,1.476203453120037,207.31767261810492
1613,64.52,209.485365799047,8.40813097592488,-217.292801461111,-13.6927729028751,432.062809187108,0,0,0,0,-17.7937592952421,-11.9887535514025,-4.05775993229961e-05,0.0001304783029281,-2.63431845559509,0.508992366705731,0.0243922133416,58.987457784698535,5700.387150109066,5641.399692324368,1.474808498291317,207.31761668899804
1614,64.56,209.485456728143,8.40823840511781,-217.292505905049,-13.692946812355,432.062671040429,0,0,0,0,-17.7939855281015,-11.9886518616471,-4.05773742616241e-05,0.0001304771741242,-2.62887170609105,0.508993084771598,0.0243686030528,58.99144958461209,5700.389624415796,5641.3981748311835,1.4734450151305178,207.3175609221516
1615,64.6,209.485593846034,8.40838835158501,-217.292256396549,-13.6931214682909,432.062583359289,0,0,0,0,-17.7942127245199,-11.98861859469,-4.05771494800162e-05,0.0001304760445795,-2.62325084281679,0.508993816416157,0.0243450617853,58.99669377376126,5700.393355583656,5641.396661809895,1.4721169327332182,207.3175053196443
1616,64.64,209.485783165605,8.40858702224565,-217.292052837325,-13.6932970074069,432.062545988092,0,0,0,0,-17.7944410615399,-11.9886557917968,-4.0576924467202e-05,0.0001304749148358,-2.61745629699769,0.508994562708807,0.0243215901042,59.003353910931466,5700.39850723158,5641.395153320648,1.4708282709135496,207.3174498836865
1617,64.68,209.486030058386,8.40883996755064,-217.291895126716,-13.6934735498057,432.062558767357,0,0,0,0,-17.7946706946311,-11.9887649318828,-4.05766987764739e-05,0.0001304737853629,-2.61148851139238,0.508995324925836,0.0242981886091,59.01157609766372,5700.405225526344,5641.39364942868,1.4695826013659319,207.31739461667553
1618,64.72,209.486337696663,8.40915048556319,-217.29178316144,-13.6936511607676,432.062621533307,0,0,0,0,-17.7949017081813,-11.9889462343461,-4.05764720522991e-05,0.0001304726565334,-2.60534794020248,0.508996104394322,0.0242748579082,59.021446612033415,5700.413596790248,5641.392150178215,1.468381994310367,207.3173395202367
1619,64.76,209.486704244414,8.40951674387868,-217.291716835344,-13.6938297814797,432.062734117359,0,0,0,0,-17.7951340257267,-11.9891974379663,-4.05762448857711e-05,0.0001304715277893,-2.59903504910443,0.508996902080458,0.0242515985892,59.032915496008094,5700.423571062588,5641.39065556658,1.4672251249291226,207.31728459427165
1620,64.8,209.487118343797,8.40992715474713,-217.291696039764,-13.6940091173293,432.062896346143,0,0,0,0,-17.7953672651858,-11.9895118428611,-4.05760203087486e-05,0.0001304703961479,-2.59255031528128,0.508997717779536,0.024228411222,59.04567374460109,5700.434839280741,5641.389165536139,1.4661042408047802,207.31722983666248
1621,64.84,209.487552924313,8.41035403125176,-217.291720664306,-13.6941884845308,432.063108041898,0,0,0,0,-17.7956005400921,-11.9898756410425,-4.05758068185057e-05,0.0001304692531516,-2.58589422732136,0.508998548788259,0.0242052963788,59.05898482323994,5700.44666481891,5641.38767999567,1.465001015246867,207.31717524405664
1622,64.88,209.487958927156,8.41074715622639,-217.291790597211,-13.6943666544737,432.063369022614,0,0,0,0,-17.7958322578632,-11.9902652351153,-4.05756173254739e-05,0.0001304680859264,-2.57906728510725,0.508999388257901,0.0241822546358,59.07151382066728,5700.457712718988,5641.386198898321,1.4638823650418542,207.3171208147325
1623,64.92,209.488263668029,8.41103210382035,-217.291905724688,-13.694541812749,432.063679101645,0,0,0,0,-17.7960600666819,-11.9906465236747,-4.05754531064552e-05,0.0001304668932467,-2.57206999966671,0.509000224187921,0.0241592865457,59.081282762888506,5700.466005140513,5641.384722377624,1.462699414029926,207.31706655359721
1624,64.96,209.488381209996,8.4111208677653,-217.292065929229,-13.6947118157709,432.06403808723,0,0,0,0,-17.7962811880591,-11.9909793332785,-4.05752883370095e-05,0.0001304657009931,-2.56490289310802,0.509001040816059,0.0241363926093,59.08595274526217,5700.469203620348,5641.383250875086,1.461394545665466,207.31701247687587
1625,65.0,209.48823885058,8.41093900729634,-217.292271087372,-13.6948748517509,432.064445782407,0,0,0,0,-17.7964932735527,-11.9912295121426,-4.05750832761765e-05,0.0001304645489551,-2.55756649859592,0.509001823733817,0.0241135732722,59.083544821711705,5700.465329823329,5641.381785001618,1.4599192572201316,207.31695860701905
1626,65.04,209.487810007539,8.41045935590563,-217.292521067583,-13.6950302660009,432.064901985217,0,0,0,0,-17.7966954745947,-11.9913847136114,-4.05748261294757e-05,0.0001304634489773,-2.55006136023173,0.509002567154572,0.0240908289367,59.07333537558246,5700.453660409807,5641.380325034224,1.4582562183557533,207.31690495420645
1627,65.08,209.487130255458,8.40971845400126,-217.292815729158,-13.6951789580722,432.065406488686,0,0,0,0,-17.7968889572533,-11.9914617908061,-4.05745573202581e-05,0.0001304623606962,-2.54238803302818,0.509003278070033,0.0240681599563,59.05629281700426,5700.435163413546,5641.378870596543,1.4564298894911587,207.31685150460703
1628,65.12,209.486281403834,8.40880021610878,-217.293154922919,-13.6953229697228,432.065959080367,0,0,0,0,-17.7970763680003,-11.9914985243995,-4.05743230249476e-05,0.0001304612379981,-2.53454708290995,0.509003972776306,0.0240455666036,59.034644012393635,5700.412064984349,5641.377420971955,1.4544956362150825,207.31679823188554
1629,65.16,209.485355179796,8.40779870028959,-217.293538493438,-13.6954645689523,432.066559541897,0,0,0,0,-17.7972606463969,-11.9915367694859,-4.05741246833405e-05,0.0001304600795038,-2.52653908673844,0.509004668080843,0.024023049043,59.01088547862453,5700.386861144529,5641.375975665904,1.4525152407890336,207.31674511786733
1630,65.2,209.484423426763,8.40678757158791,-217.293966281481,-13.6956055124067,432.067207649064,0,0,0,0,-17.7974440691769,-11.9916095438816,-4.05739437928048e-05,0.0001304589037902,-2.51836463236736,0.509005374697912,0.0240006073358,58.986972211646,5700.361506853091,5641.374534641444,1.4505369251459688,207.31669216119474
1631,65.24,209.483529534252,8.40581133388234,-217.294438125469,-13.6957468464645,432.067903172303,0,0,0,0,-17.7976279925628,-11.9917375755744,-4.05737692520347e-05,0.0001304577220369,-2.51002431855525,0.50900609673599,0.02397824147,58.96408467993866,5700.337182798931,5641.373098118993,1.4485896939864578,207.31663936996787
1632,65.28,209.482694391327,8.40489144149571,-217.294953861664,-13.6958890655882,432.068645877084,0,0,0,0,-17.797813057542,-11.9919318345962,-4.0573591787766e-05,0.0001304565435702,-2.5015187548887,0.509006834455685,0.0239559513805,58.94279109372121,5700.314457402434,5641.3716663087125,1.446687410951694,207.3165867519101
1633,65.32,209.481924694775,8.40403481397367,-217.295513323579,-13.696032319468,432.069435523848,0,0,0,0,-17.7979994583058,-11.9921968559805,-4.05734083950065e-05,0.0001304553714164,-2.49284856175425,0.509007586574414,0.0239337369407,58.92327355001147,5700.293512892455,5641.370239342443,1.444834415658112,207.31653431186646
1634,65.36,209.481219150097,8.40324018799983,-217.296116341226,-13.6961765644331,432.070271867757,0,0,0,0,-17.7981871384378,-11.9925332741381,-4.05732220437026e-05,0.0001304542026178,-2.48401437033465,0.509008351382128,0.0239115979451,58.9054967527873,5700.2743140438815,5641.368817291094,1.4430297011456767,207.31648205244284
1635,65.4,209.48057267533,8.40250242330077,-217.296762740753,-13.6963216659011,432.071154658683,0,0,0,0,-17.7983759236606,-11.9929396814654,-4.0573035370216e-05,0.0001304530345875,-2.47501682265661,0.509009127221063,0.0238895341093,58.88932239557116,5700.256722569457,5641.367400173886,1.4412697386241247,207.31642997434554
1636,65.44,209.479978840343,8.4018150004363,-217.297452344421,-13.696467457112,432.07208364144,0,0,0,0,-17.7985655979486,-11.993413738723,-4.05728514825026e-05,0.0001304518643131,-2.46585657149978,0.509009912642922,0.0238675450839,58.87457551024456,5700.240563496406,5641.365987986162,1.4395501124967873,207.31637807740339
1637,65.48,209.479431072463,8.40117125511948,-217.298184970555,-13.6966137679835,432.073058555883,0,0,0,0,-17.798755940929,-11.9939527618087,-4.05726707821232e-05,0.0001304506914679,-2.45653428025288,0.509010706426654,0.0238456304572,58.861077257752875,5700.225657973185,5641.364580715432,1.437866325649361,207.31632636115748
1638,65.52,209.478923246117,8.40056498231256,-217.298960433254,-13.696760439652,432.074079136711,0,0,0,0,-17.7989467467361,-11.9945540821754,-4.05724913391654e-05,0.0001304495179794,-2.44705062282721,0.509011507549264,0.023823789737,58.84866097700666,5700.211839314463,5641.363178337456,1.4362141903073824,207.31627482471697
1639,65.56,209.47844991329,8.39999067230245,-217.299778542124,-13.6969073301499,432.075145113262,0,0,0,0,-17.799137831377,-11.9952152353148,-4.05723119961297e-05,0.0001304483449897,-2.43740628363719,0.509012315119,0.0238020223341,58.837178462779335,5700.198959272201,5641.361780809421,1.434589978556376,207.31622346650852
1640,65.6,209.478006325764,8.39944353301792,-217.300639102359,-13.6970543145447,432.07625620965,0,0,0,0,-17.7993290329159,-11.9959339987628,-4.05721327137288e-05,0.0001304471725942,-2.42760195765991,0.509013128312609,0.0237803275711,58.826500565847155,5700.1868886408065,5641.36038807496,1.432990435274424,207.3161722844606
1641,65.64,209.47758840698,8.3989194610296,-217.30154191511,-13.6972012841243,432.077412145184,0,0,0,0,-17.7995202104231,-11.9967083883733,-4.05719551462198e-05,0.0001304459992422,-2.41763835039188,0.509013946364992,0.0237587047098,58.8165164186633,5700.175516491458,5641.359000072795,1.431412758701965,207.31612127632144
1642,65.68,209.477192677444,8.39841496515268,-217.30248677774,-13.6973481446481,432.078612634679,0,0,0,0,-17.7997112417125,-11.9975366292077,-4.05717809838888e-05,0.0001304448233168,-2.40751617774492,0.509014768589433,0.0237371529693,58.80713139881278,5700.164748142302,5641.357616743489,1.4298545498735418,207.31607043990664
1643,65.72,209.476816168473,8.39792707820722,-217.303473483806,-13.6974948143916,432.079857388462,0,0,0,0,-17.7999020208119,-11.9984171402197,-4.0571610411976e-05,0.0001304436446676,-2.39723616597934,0.50901559437557,0.0237156715221,58.798264786399834,5700.15450281136,5641.35623802496,1.42831375355349,207.31601977293474
1644,65.76,209.476456355877,8.39745328921757,-217.304501822972,-13.6976412226835,432.081146112315,0,0,0,0,-17.8000924560697,-11.9993485371673,-4.05714422785081e-05,0.0001304424644804,-2.38679905170086,0.509016423167697,0.0236942594864,58.789847967015234,5700.144711811922,5641.354863844907,1.4267886125136024,207.31596927274882
1645,65.8,209.476111084186,8.39699146583359,-217.305571581163,-13.6977873081424,432.082478507658,0,0,0,0,-17.8002824678712,-12.0003295970789,-4.05712752350242e-05,0.0001304412841459,-2.37620558190595,0.509017254477792,0.0236729159354,58.781822365630134,5700.135316490663,5641.353494125033,1.4252776165934005,207.3159189364714
1646,65.84,209.475778523115,8.39653981013336,-217.306682540875,-13.6979330180613,432.083854271918,0,0,0,0,-17.8004719878504,-12.0013592354867,-4.05711088766522e-05,0.0001304401041021,-2.36545651392398,0.509018087940009,0.0236516399201,58.77413825613104,5700.126267042992,5641.352128786862,1.4237794740951124,207.3158687612186
1647,65.88,209.475457119116,8.39609680915819,-217.307834481375,-13.6980783074207,432.085273098754,0,0,0,0,-17.8006609576121,-12.0024364817321,-4.05709436807059e-05,0.0001304389238977,-2.35455261529176,0.509018923325489,0.0236304304815,58.76675344087679,5700.117521194713,5641.350767753836,1.4222930795486837,207.31581874417702
1648,65.92,209.475145537987,8.39566117558484,-217.309027178716,-13.6982231369426,432.086734678061,0,0,0,0,-17.8008493262056,-12.0035604618365,-4.05707806617813e-05,0.0001304377425518,-2.34349466366845,0.50901976044947,0.0236092866466,58.75963169113196,5700.1090426403425,5641.34941094921,1.4208174748815527,207.31576888252624
1649,65.96,209.474842628044,8.39523180887517,-217.310260405796,-13.6983674710399,432.088238696005,0,0,0,0,-17.8010370474557,-12.0047303961215,-4.0570620532754e-05,0.0001304365593898,-2.33228344685174,0.509020599014237,0.0235882074248,58.75274175160196,5700.10080004096,5641.348058289358,1.4193518244565435,207.3157191731931
1650,66.0,209.474547389335,8.39480776290328,-217.311533932651,-13.6985112762368,432.089784835319,0,0,0,0,-17.8012240779095,-12.005945572265,-4.0570463033093e-05,0.0001304353747088,-2.32091976284624,0.509021438550464,0.0235671918239,58.74605649377458,5700.092766186487,5641.3467096927125,1.417895395047767,207.31566961318003
1651,66.04,209.474258970951,8.39438824411985,-217.31284752674,-13.6986545220895,432.091372775662,0,0,0,0,-17.8014103780417,-12.0072053355004,-4.05703074081652e-05,0.0001304341892962,-2.3094044198231,0.509022278580881,0.0235462388716,58.73955283591178,5700.084917922511,5641.345365086599,1.4164475547587922,207.3156201998163
1652,66.08,209.473976656791,8.39397259869179,-217.314200952922,-13.6987971826506,432.093002193672,0,0,0,0,-17.801595914168,-12.008509083282,-4.05701531626418e-05,0.0001304330036714,-2.29773823596794,0.509023118849959,0.0235253476181,58.733211358329946,5700.077235762929,5641.3440244046,1.4150077634495113,207.31557093066112
1653,66.12,209.473699823889,8.39356026989747,-217.315593973138,-13.6989392355492,432.094672762679,0,0,0,0,-17.8017806572517,-12.0098562572952,-4.05700002579554e-05,0.0001304318178891,-2.28592203932653,0.509023959300348,0.0235045171141,58.727015177158485,5700.069702755976,5641.342687578818,1.4135755438541244,207.31552180321935
1654,66.16,209.473427908666,8.39315076158993,-217.317026346231,-13.6990806591682,432.096384152476,0,0,0,0,-17.801964579224,-12.0112463406847,-4.05698490787467e-05,0.0001304306315836,-2.27395666775785,0.509024799773945,0.0234837463896,58.72094903287202,5700.062303565884,5641.341354533011,1.4121504580657682,207.3154728146891
1655,66.2,209.473160394727,8.39274362423032,-217.318497828116,-13.6992214308708,432.098136029483,0,0,0,0,-17.802147650675,-12.0126788447501,-4.05697001043783e-05,0.0001304294443089,-2.26184296896628,0.509025639797969,0.0234630344595,58.71499895372383,5700.055024140828,5641.340025187104,1.410732099606929,207.31542396212762
1656,66.24,209.472896834672,8.39233847854515,-217.32000817207,-13.6993615289259,432.099928057122,0,0,0,0,-17.8023298433638,-12.0141533139692,-4.05695534525877e-05,0.0001304282560023,-2.24958180046968,0.509026478724427,0.0234423803456,58.70915284210923,5700.0478523064385,5641.33869946433,1.4093201087097644,207.31537524271383
1657,66.28,209.472636864614,8.39193503337694,-217.321557128757,-13.6995009359752,432.10175989597,0,0,0,0,-17.8025111347408,-12.0156693380565,-4.05694089677698e-05,0.0001304270668966,-2.23717402947392,0.509027316079005,0.0234217830859,58.703400868573034,5700.040778160842,5641.337377292269,1.4079141821256609,207.31532665378634
1658,66.32,209.472380187194,8.3915330701744,-217.323144446016,-13.6996396405888,432.103631203624,0,0,0,0,-17.8026915099779,-12.0172265580666,-4.05692662423453e-05,0.0001304258775074,-2.22462053274234,0.509028151782863,0.0234012417237,58.697735018552144,5700.033793612489,5641.336058593936,1.40651406134003,207.31527819251605
1659,66.36,209.47212654508,8.39113241492873,-217.324769868864,-13.6997776356619,432.105541634677,0,0,0,0,-17.8028709598801,-12.0188246607535,-4.0569124794895e-05,0.0001304246884715,-2.21192219657889,0.509028986063661,0.0233807553012,58.692148376225326,5700.0268916590185,5641.334743282793,1.4051195148314624,207.31522985572263
1660,66.4,209.471875698579,8.39073291186807,-217.326433140018,-13.6999149143864,432.107490841115,0,0,0,0,-17.803049475635,-12.0204633421702,-4.05689848161257e-05,0.000130423499759,-2.1990799168971,0.509029819127247,0.0233603228779,58.68663450830003,5700.020065778053,5641.333431269753,1.403730324341309,207.3151816401323
1661,66.44,209.471627423089,8.39033441734477,-217.328134000549,-13.7000514665849,432.109478472878,0,0,0,0,-17.803227044033,-12.0221422739329,-4.05688470783546e-05,0.0001304223106239,-2.18609459922377,0.509030650817923,0.0233399435636,58.68118737890168,5700.01330985786,5641.332122478958,1.4023462848127557,207.31513354295726
1662,66.48,209.471381512884,8.38993680238853,-217.329872190084,-13.7001872774683,432.111504178048,0,0,0,0,-17.803403645847,-12.0238610989863,-4.056871243297e-05,0.0001304211199978,-2.17296715857802,0.509031480477766,0.0233196165299,58.67580144912518,5700.006618300351,5641.330816851226,1.4009672074262962,207.31508556202266
1663,66.52,209.471137777787,8.3895399507188,-217.331647446424,-13.7003223290532,432.113567602545,0,0,0,0,-17.8035792576802,-12.0256194582867,-4.05685815304127e-05,0.0001304199268948,-2.15969851930064,0.509032307058931,0.0232993409885,58.67047159680377,5699.999985930544,5641.329514333741,1.3995929162918068,207.31503769538753
1664,66.56,209.470896037133,8.38914375532078,-217.333459505139,-13.7004566028965,432.115668389847,0,0,0,0,-17.8037538555318,-12.0274170187032,-4.05684515343574e-05,0.0001304187339775,-2.14628961497582,0.509033129389,0.0232791161681,58.66519296565332,5699.993407832297,5641.328214866643,1.3982232433830994,207.31498994085206
1665,66.6,209.470656119565,8.38874812046781,-217.335308099655,-13.7005900824398,432.117806181192,0,0,0,0,-17.8039274178553,-12.0292534666526,-4.05683189798844e-05,0.0001304175447991,-2.13274138845581,0.509033946447997,0.0232589413198,58.65996095860054,5699.986879342746,5641.326918384146,1.3968580286789851,207.31494229599866
1666,66.64,209.470417889641,8.38835299004838,-217.337192961667,-13.7007227548415,432.119980616101,0,0,0,0,-17.8040999279484,-12.0311285024348,-4.05681903238354e-05,0.0001304163530922,-2.11905479185978,0.50903475756159,0.0232388157454,58.65477194922933,5699.980396776326,5641.325624827097,1.3954971387983648,207.31489475865348
1667,66.68,209.470181254238,8.38795835440444,-217.339113821298,-13.7008546114852,432.122191332616,0,0,0,0,-17.8042713746155,-12.033041834651,-4.05680695871339e-05,0.0001304151549999,-2.10523078647288,0.509035562476859,0.0232187388128,58.649623450006644,5699.973957599035,5641.324334149029,1.394140471838752,207.3148473271089
1668,66.72,209.469946124037,8.38756421051361,-217.341070406812,-13.7009856467147,432.124437967051,0,0,0,0,-17.8044417505235,-12.0349931591477,-4.05679453193547e-05,0.0001304139621229,-2.09127034259233,0.509036361318406,0.0231987099403,58.644513070342924,5699.967559380375,5641.323046310032,1.3927879315411922,207.31479999989827
1669,66.76,209.469712441376,8.38717058958592,-217.343062444353,-13.7011158575465,432.126720153689,0,0,0,0,-17.8046110518188,-12.0369822122447,-4.05678186437155e-05,0.0001304127734549,-2.07717443944921,0.509037154435952,0.0231787285745,58.63943928504986,5699.961200551285,5641.321761266236,1.3914394441529165,207.31475277540937
1670,66.8,209.46948019564,8.38677757146677,-217.345089658192,-13.7012452426007,432.129037524966,0,0,0,0,-17.8047792767301,-12.0390087989971,-4.05677061618232e-05,0.0001304115723895,-2.06294406522676,0.509037942211899,0.0231587941941,58.63440185897088,5699.954880822916,5641.320478963945,1.3900949686349315,207.31470565166893
1671,66.84,209.469249253889,8.38638510945178,-217.347151771307,-13.7013737962293,432.131389711974,0,0,0,0,-17.804946417939,-12.0410725962768,-4.05675988334824e-05,0.0001304103678398,-2.04858021705139,0.509038724925545,0.0231389063361,58.629397216331405,5699.948596577786,5641.319199361455,1.3887543884488607,207.31465862714433
1672,66.88,209.469019382011,8.38599305074474,-217.349248505639,-13.7015015077958,432.133776344701,0,0,0,0,-17.8051124616396,-12.0431731248049,-4.05674752519111e-05,0.0001304091810557,-2.03408390087349,0.509039502665513,0.0231190646088,58.6244190010398,5699.942341445383,5641.317922444343,1.3874175259604629,207.31461170130558
1673,66.92,209.468790653709,8.38560155569247,-217.351379581783,-13.701628371937,432.136197051737,0,0,0,0,-17.8052774008572,-12.0453101753729,-4.05673481181241e-05,0.0001304079992204,-2.01945613129374,0.509040275245622,0.023099268674,58.61946923827648,5699.936117431268,5641.316648192991,1.386084405550888,207.3145648734317
1674,66.96,209.468563360357,8.38521100665209,-217.353544718614,-13.7017543876213,432.13865145994,0,0,0,0,-17.8054412342277,-12.0474838052411,-4.05672434673063e-05,0.0001304067962345,-2.00469793147996,0.509041042221859,0.0230795182224,58.61455590417907,5699.9299324641315,5641.315376559953,1.384755193817662,207.31451814177905
1675,67.0,209.468337185575,8.38482116312032,-217.355743633452,-13.7018795387492,432.141139194656,0,0,0,0,-17.8056039408195,-12.0496935437768,-4.05671530902368e-05,0.0001304055802822,-1.98981033319724,0.509041803069264,0.0230598129813,58.609670423509954,5699.923777934835,5641.314107511325,1.3834296682852083,207.31447150510178
1676,67.04,209.468111188342,8.38443114413679,-217.357976042683,-13.7020037934911,432.143659880379,0,0,0,0,-17.8057654792803,-12.0519382822471,-4.05670481703731e-05,0.0001304043801925,-1.97479437682241,0.509042557313918,0.0230401527498,58.60478717991359,5699.917628236893,5641.312841056979,1.382107209723356,207.31442496376255
1677,67.08,209.467885173519,8.38404083166886,-217.360241662146,-13.7021271371864,432.146213141182,0,0,0,0,-17.805925830551,-12.0542175324874,-4.0566925400149e-05,0.0001304031993145,-1.95965111126125,0.509043304447742,0.0230205374232,58.59990085080106,5699.911478060302,5641.311577209502,1.3807876851102496,207.314378518224
1678,67.12,209.467660381484,8.38365157732916,-217.362540206847,-13.7022495894864,432.148798600488,0,0,0,0,-17.806085020122,-12.0565321497567,-4.05668099060351e-05,0.0001304020125769,-1.94438159380622,0.50904404381587,0.02300096698,58.59504521303705,5699.905361157468,5641.310315944431,1.3794718874702128,207.31433216758714
1679,67.16,209.467437944087,8.38326462232712,-217.364871390423,-13.7023711684501,432.151415880633,0,0,0,0,-17.806243071419,-12.0588829605613,-4.05667178779511e-05,0.0001304008038429,-1.92898689004138,0.509044774762228,0.0229814414526,58.59025109722139,5699.899308327598,5641.309057230377,1.378160541070829,207.31428591069846
1680,67.2,209.467216929117,8.38287909603073,-217.367234925048,-13.7024918447305,432.154064602864,0,0,0,0,-17.8063999463239,-12.0612689027881,-4.05666372706748e-05,0.0001303995852132,-1.91346807382237,0.509045496951863,0.0229619609201,58.58549311712219,5699.893294203937,5641.307801086815,1.3768530493520903,207.31423974827356
1681,67.24,209.466994848117,8.38249253564694,-217.369630521884,-13.7026115534389,432.156744387792,0,0,0,0,-17.8065555605792,-12.063687393727,-4.05665467928035e-05,0.0001303983780328,-1.89782622723884,0.509046210468739,0.0229425255287,58.58070348281685,5699.887251072123,5641.306547589306,1.375547826263734,207.31419368308934
1682,67.28,209.466770468077,8.38210376327165,-217.372057891356,-13.7027302594566,432.159454855617,0,0,0,0,-17.8067098685843,-12.0661368912655,-4.05664413872105e-05,0.0001303971873882,-1.88206244048923,0.509046915492667,0.0229231355012,58.57584857384604,5699.881145380244,5641.305296806398,1.3742440976174546,207.31414771766487
1683,67.32,209.466545702438,8.38171482036901,-217.374516742764,-13.7028480008618,432.162195625694,0,0,0,0,-17.8068629197737,-12.0686186991925,-4.05663340770626e-05,0.0001303960002451,-1.86617781170103,0.509047611863144,0.0229037911103,58.57098044812147,5699.875029195682,5641.304048747561,1.3729431033548052,207.31410185234816
1684,67.36,209.466324176945,8.38132950002339,-217.377006783577,-13.7029648553814,432.16496631588,0,0,0,0,-17.8070148150548,-12.0711357519356,-4.05662387637164e-05,0.0001303948026713,-1.8501734468105,0.509048299009548,0.0228844926375,58.566197802624714,5699.869001179983,5641.302803377358,1.3716471720301047,207.31405608583694
1685,67.4,209.466107668344,8.38094970348813,-217.37952771924,-13.7030808583591,432.167766542455,0,0,0,0,-17.8071656003039,-12.0736894049016,-4.05661576430007e-05,0.0001303935924489,-1.83405045955412,0.509048976374222,0.0228652403644,58.56154900080557,5699.863109680869,5641.301560680063,1.3703574464123724,207.31401041755325
1686,67.44,209.465893886955,8.38057317220877,-217.382079253691,-13.7031959522936,432.17059592073,0,0,0,0,-17.8073152008569,-12.0762773731608,-4.0566083153557e-05,0.0001303923771476,-1.81780997147635,0.509049643980781,0.0228460346017,58.556971683003006,5699.857292392973,5641.30032070997,1.3690724784556876,207.3139648494924
1687,67.48,209.465677803042,8.38019484513605,-217.384661089874,-13.7033100177829,432.173454065563,0,0,0,0,-17.8074634616953,-12.0788948681147,-4.05660054490328e-05,0.0001303911666655,-1.80145311183925,0.509050302637354,0.022826875718,58.55232887321972,5699.851412450208,5641.299083576989,1.3677890856551362,207.3139193856935
1688,67.52,209.465455524007,8.37981082461079,-217.387272929619,-13.7034229621405,432.176340591156,0,0,0,0,-17.8076102625016,-12.0815380640143,-4.05659194677378e-05,0.0001303899661561,-1.78498101743837,0.509050953504726,0.0228077641259,58.5475145441041,5699.845363929588,5641.2978493854835,1.3665048215258935,207.31387402999184
1689,67.56,209.465227642771,8.3794218005391,-217.389914473078,-13.7035347950855,432.179255110396,0,0,0,0,-17.8077556159168,-12.0842071140856,-4.05658299844082e-05,0.0001303887709276,-1.76839483245535,0.509051597215422,0.0227887002421,58.542544790611,5699.8391629653115,5641.296618174701,1.365220096179267,207.3138287838297
1690,67.6,209.464999390182,8.37903320520594,-217.392585418544,-13.7036456311023,432.182197234622,0,0,0,0,-17.8078996705886,-12.086906315631,-4.05657462155467e-05,0.0001303875717726,-1.75169570844264,0.509052233117235,0.0227696844699,58.53756198013638,5699.832951896007,5641.295389915871,1.3639382597355225,207.31378364614986
1691,67.64,209.464777378703,8.37865188175661,-217.395285462896,-13.7037556142872,432.185166574129,0,0,0,0,-17.8080426135925,-12.0896412005077,-4.05656701526271e-05,0.0001303863666506,-1.73488480436606,0.509052859271236,0.0227507172218,58.5327460844469,5699.8269106559555,5641.294164571509,1.362663526952837,207.3137386155747
1692,67.68,209.464565367557,8.37828175312558,-217.398014302039,-13.703864822278,432.188162738749,0,0,0,0,-17.808184545703,-12.0924147355689,-4.05655976437756e-05,0.000130385159707,-1.71796328655669,0.509053473435598,0.0227317989498,58.52819937947699,5699.821141538825,5641.292942159348,1.3613982934862094,207.31369369275595
1693,67.72,209.464361885758,8.37792139281381,-217.400771630644,-13.7039732141748,432.191185337764,0,0,0,0,-17.8083254137858,-12.0952252426876,-4.05655283643727e-05,0.0001303839513461,-1.70093232853168,0.509054074598893,0.0227129301376,58.52388176108474,5699.815604517049,5641.291722755965,1.3601416398641557,207.31364888050777
1694,67.76,209.464160716279,8.37756452173922,-217.403557141402,-13.7040806433277,432.19423397927,0,0,0,0,-17.808465027417,-12.0980669146549,-4.05654644625743e-05,0.0001303827395041,-1.68379311080166,0.509054664130148,0.0226941112634,58.51962395704285,5699.810130416705,5641.290506459662,1.3588896500872207,207.31360418244265
1695,67.8,209.463953684023,8.37720285928997,-217.406370524716,-13.7041869204035,432.197308269853,0,0,0,0,-17.8086031407837,-12.1009322962551,-4.05654024744116e-05,0.0001303815276571,-1.66654682078963,0.509055245626764,0.0226753427789,58.51520341541382,5699.804496782072,5641.289293366659,1.3576371837320738,207.31355960209666
1696,67.84,209.463734695489,8.37683025306132,-217.409211469272,-13.7042919033113,432.200407815011,0,0,0,0,-17.8087395694319,-12.1038157546299,-4.05653356170886e-05,0.000130380322552,-1.64919465283965,0.509055823174491,0.0226566251301,58.510454242271514,5699.798537800543,5641.288083558272,1.356380430916084,207.31351514245807
1697,67.88,209.463503249211,8.37644626764187,-217.412079662835,-13.7043955753835,432.203532219787,0,0,0,0,-17.8088742917478,-12.1067164821258,-4.05652638179669e-05,0.0001303791242263,-1.63173780819416,0.509056398813771,0.0226379587899,58.50536274437839,5699.792239826535,5641.286877082156,1.3551191216261673,207.3134708052782
1698,67.92,209.463265125832,8.37605689016804,-217.414974792303,-13.7044980608006,432.206681088768,0,0,0,0,-17.8090074689673,-12.1096391057297,-4.05651962445676e-05,0.0001303779234851,-1.61417749487244,0.509056970780453,0.0226193442543,58.50008621643521,5699.785760159353,5641.285673942918,1.3538569453538112,207.31342659072632
1699,67.96,209.463029527247,8.37567160503619,-217.417896542936,-13.7045995602642,432.209854025411,0,0,0,0,-17.8091393616611,-12.1125912352476,-4.05651401848001e-05,0.0001303767130375,-1.59651492751068,0.50905753371115,0.0226007820011,58.49487506749166,5699.779349195315,5641.284474127823,1.3525997312425173,207.31338249833445
1700,68.0,209.462804737888,8.37529895725579,-217.420844597658,-13.7047002532324,432.213050631523,0,0,0,0,-17.8092702028147,-12.1155796969105,-4.05650901251377e-05,0.0001303754984678,-1.57875132726552,0.509058080722644,0.0225822724566,58.48995472099479,5699.7732323653,5641.283277644305,1.351352708532753,207.31333852837574
1701,68.04,209.462595209744,8.37494357193885,-217.42381863714,-13.7048002325352,432.216270507481,0,0,0,0,-17.809400112931,-12.1186079681534,-4.05650353970395e-05,0.0001303742905928,-1.56088792178888,0.50905860624386,0.0225638160055,58.48544628098342,5699.767530814095,5641.282084533112,1.3501186783270238,207.31329468234773
1702,68.08,209.462400928055,8.37460550668012,-217.426818340323,-13.7048994911495,432.219513252847,0,0,0,0,-17.8095290828548,-12.1216756185803,-4.05649763538576e-05,0.000130373089193,-1.54292594518195,0.509059108347368,0.0225454130223,58.481349290412524,5699.762244140063,5641.28089484965,1.3488976280018437,207.31325096228653
1703,68.12,209.462217806709,8.37428065710254,-217.429843384537,-13.7049979324095,432.222778466553,0,0,0,0,-17.8096569870428,-12.1247787048637,-4.05649226533755e-05,0.0001303718846439,-1.52486663786153,0.509059589787655,0.0225270638787,58.47755250993369,5699.757261154432,5641.279708644498,1.3476869918144059,207.31320737005083
1704,68.16,209.462038165498,8.37396124509162,-217.432893445026,-13.7050953810333,432.226065746465,0,0,0,0,-17.809783597908,-12.1279102479355,-4.05648790491923e-05,0.0001303706721468,-1.50671124639283,0.509060057464788,0.0225087689176,58.47384690131016,5699.752372868098,5641.278525966788,1.3464819588890626,207.31316390744624
1705,68.2,209.461851964709,8.37363707978537,-217.435968194623,-13.7051916094797,432.229374689026,0,0,0,0,-17.8099086200551,-12.1310613208661,-4.0564841811628e-05,0.0001303694553862,-1.48846102339345,0.509060520437464,0.0224905284306,58.46995921126683,5699.747306086556,5641.277346875289,1.3452762538103518,207.31312057663249
1706,68.24,209.46164974717,8.37329856370453,-217.439067304187,-13.7052864019142,432.232704889567,0,0,0,0,-17.8100317733145,-12.1342235472444,-4.05648031169383e-05,0.0001303682421811,-1.47011722752769,0.509060987046337,0.0224723426746,58.46563203002018,5699.741803467045,5641.276171437025,1.3440639840928048,207.31307738007263
1707,68.28,209.461426609734,8.37294075281948,-217.442190443444,-13.7053796426542,432.236055943012,0,0,0,0,-17.8101529075394,-12.1373924333071,-4.05647574425474e-05,0.0001303670380797,-1.4516811234972,0.509061462118572,0.0224542119095,58.460731881008144,5699.735731588144,5641.274999707135,1.342842123645969,207.313034319793
1708,68.32,209.461184844039,8.37256605835801,-217.445337281263,-13.7054713771695,432.239427444114,0,0,0,0,-17.8102720817767,-12.1405695743201,-4.05647084119272e-05,0.0001303658394914,-1.43315398193794,0.509061945261351,0.0224361364079,58.455321110386436,5699.729152808495,5641.273831698109,1.3416121514363488,207.31299139625258
1709,68.36,209.460933110398,8.37218340434879,-217.44850748509,-13.7055617958168,432.242818986956,0,0,0,0,-17.8103895431552,-12.1437619819096,-4.05646632347784e-05,0.0001303646392278,-1.41453707926073,0.509062430775653,0.0224181164234,58.449635411612405,5699.7223027872205,5641.272667375608,1.3403795155949585,207.31294860818952
1710,68.4,209.460682435967,8.37180413573466,-217.451700720237,-13.705651143894,432.246230164364,0,0,0,0,-17.810505610139,-12.1469787404903,-4.05646253309692e-05,0.0001303634338631,-1.39583169754191,0.509062909042187,0.0224001521538,58.44397489460932,5699.715481588518,5641.271506693908,1.33915111893315,207.3129059539234
1711,68.44,209.460441858335,8.37143756152823,-217.454916649902,-13.7057396212696,432.249660567978,0,0,0,0,-17.810620542229,-12.1502272918828,-4.05645977613286e-05,0.000130362220299,-1.37703912449738,0.509063368780693,0.0223822437432,58.438585491813434,5699.708935137712,5641.270349645898,1.3379325980061458,207.31286343319292
1712,68.48,209.460216430493,8.37108891291665,-217.458154935742,-13.7058273355385,432.253109788857,0,0,0,0,-17.8107344791268,-12.1535116471237,-4.05645778130989e-05,0.0001303610012001,-1.35816065345825,0.509063799531217,0.0223643913141,58.43360465717173,5699.702800933687,5641.269196276516,1.3367270881253985,207.31282104764952
1713,68.52,209.460007874244,8.37076001213676,-217.461415238163,-13.7059143175296,432.2565774178,0,0,0,0,-17.8108474608475,-12.1568328716362,-4.05645525850885e-05,0.000130359789462,-1.33919758325201,0.509064193831331,0.022346594982,58.42907917387951,5699.697125829093,5641.268046655214,1.3355356415353115,207.31277879984555
1714,68.56,209.459816267662,8.37045100091432,-217.464697215822,-13.7060005624009,432.26006304497,0,0,0,0,-17.8109594810771,-12.160190563172,-4.05645176513004e-05,0.0001303585896087,-1.32015121801771,0.509064548651256,0.0223288548307,58.4250111143706,5699.69191194843,5641.266900834059,1.334358284072001,207.31273669169437
1715,68.6,209.459641014499,8.37016133452887,-217.468000524949,-13.7060860544165,432.263566259335,0,0,0,0,-17.8110705193561,-12.1635837729739,-4.0564484602763e-05,0.0001303573902602,-1.30102286707524,0.509064865875316,0.0223111708768,58.42138425108391,5699.687143066964,5641.265758815881,1.3331946198608717,207.31269472330004
1716,68.64,209.459480291916,8.36988921743534,-217.471324819322,-13.7061707548805,432.267086648683,0,0,0,0,-17.811180525427,-12.1670105385457,-4.05644603163628e-05,0.0001303561847738,-1.28181384490185,0.509065151980761,0.0222935430697,58.41814901461421,5699.68276958272,5641.264620568106,1.3320434900250413,207.31265289346547
1717,68.68,209.45932957563,8.369630092577,-217.474669750947,-13.706254566243,432.270623800243,0,0,0,0,-17.811289372637,-12.1704665637724,-4.05644403590125e-05,0.0001303549777076,-1.26252547113326,0.509065417147974,0.0222759713235,58.41518231944945,5699.678668383684,5641.263486064235,1.330902062381068,207.3126112012168
1718,68.72,209.459180708506,8.36937568528039,-217.478034970634,-13.7063373072739,432.274177301133,0,0,0,0,-17.8113968257132,-12.1739444728515,-4.05644246093368e-05,0.0001303537691461,-1.24315907046648,0.50906567387572,0.0222584555395,58.41226219125702,5699.674617502911,5641.262355311654,1.3297652619058133,207.31256964682555
1719,68.76,209.459022571734,8.36911468720742,-217.48142012783,-13.7064187257377,432.277746738095,0,0,0,0,-17.8115025572274,-12.1774345340911,-4.05644173874791e-05,0.0001303525546527,-1.22371597246551,0.509065935164175,0.0222409955873,58.409086037964585,5699.670314382167,5641.261228344202,1.3286261941498545,207.31252823153523
1720,68.8,209.458843622838,8.36883535169,-217.484824870015,-13.7064985557412,432.281331696904,0,0,0,0,-17.8116062220497,-12.1809268560419,-4.05644128541339e-05,0.0001303513400005,-1.20419751138314,0.50906621240286,0.0222235912687,58.405339730901325,5699.665444934683,5641.260105203782,1.3274777203648092,207.31248695688566
1721,68.84,209.458635928384,8.3685296195148,-217.488248842494,-13.7065766108829,432.284931762247,0,0,0,0,-17.8117075782546,-12.1844146345554,-4.05643991582029e-05,0.0001303501370734,-1.1846050260869,0.509066513157275,0.0222062423096,58.40080736839231,5699.659793280726,5641.258985912334,1.3263149506722662,207.31244582368328
1722,68.88,209.458398999289,8.36819704363017,-217.491691688884,-13.7066528737333,432.288546518276,0,0,0,0,-17.8118066032418,-12.1878971788824,-4.05643773857634e-05,0.000130348944878,-1.16493986006905,0.509066839319159,0.0221889483909,58.395475673945434,5699.653346111667,5641.257870437721,1.3251376059402813,207.31240483074697
1723,68.92,209.458140575643,8.36784559364297,-217.495153051675,-13.7067275155291,432.292175549204,0,0,0,0,-17.8119035192907,-12.1913805144685,-4.05643609182435e-05,0.0001303477501293,-1.1452033614285,0.509067186389232,0.0221717091801,58.38955536185662,5699.646314046084,5641.256758684227,1.3239504857779545,207.31236397455928
1724,68.96,209.457873166103,8.36748811672323,-217.498632572245,-13.7068008176997,432.295818439324,0,0,0,0,-17.8119986917232,-12.1948745989642,-4.05643556249531e-05,0.0001303465470285,-1.12539688276653,0.509067544390179,0.0221545243296,58.38338691783113,5699.639037461871,5641.25565054404,1.3227613136203968,207.31232325115815
1725,69.0,209.457608849882,8.36713702007816,-217.502129890484,-13.7068730523183,432.299474772606,0,0,0,0,-17.8120924737533,-12.1983891552666,-4.05643547940508e-05,0.0001303453423169,-1.1055217810544,0.509067900089997,0.0221373934519,58.37729910240417,5699.631845051155,5641.254545948751,1.3215775204362536,207.31228265802966
1726,69.04,209.457355925594,8.36680084200376,-217.50564464471,-13.7069444042752,432.303144132575,0,0,0,0,-17.8121851054493,-12.2019309600155,-4.05643523455644e-05,0.0001303441420437,-1.0855794175524,0.509068239600944,0.0221203161114,58.37151776198413,5699.624962630725,5641.253444868741,1.3204041827137314,207.31224219408526
1727,69.08,209.457118266323,8.36648359156389,-217.50917647211,-13.7070149558557,432.306826102725,0,0,0,0,-17.8122766936701,-12.2055031958873,-4.0564350816055e-05,0.0001303429436034,-1.06557115778308,0.509068550463721,0.0221032918469,58.36614830318293,5699.6184955925655,5641.252347289383,1.3192436370516172,207.31220185878743
1728,69.12,209.456896022124,8.36618546793676,-217.512725009169,-13.7070847036554,432.310520267011,0,0,0,0,-17.8123672339999,-12.2091058142526,-4.05643572543431e-05,0.0001303417399271,-1.04549837146211,0.509068822801899,0.0220863201959,58.36119481312694,5699.6124480198805,5641.251253206754,1.3180959242908177,207.31216165199206
1729,69.16,209.456686885761,8.36590415733848,-217.516289891489,-13.7071535899001,432.314226209811,0,0,0,0,-17.8124566514204,-12.2127364799212,-4.05643707388844e-05,0.0001303405320047,-1.02536243233585,0.50906904961089,0.0220694006886,58.3565944974055,5699.606757129581,5641.2501626321755,1.316959575344355,207.31212157411517
1730,69.2,209.456488019146,8.3656368050966,-217.519870753205,-13.7072215482202,432.317943515475,0,0,0,0,-17.8125448597629,-12.2163922966999,-4.05643792324268e-05,0.000130339331964,-1.00516471800593,0.509069226563432,0.0220525328182,58.35227012190267,5699.601345693358,5641.249075571455,1.315832797837301,207.31208162537015
1731,69.24,209.456298177478,8.36538218757503,-217.523467226714,-13.7072885514779,432.321671768095,0,0,0,0,-17.8126318238112,-12.220071799411,-4.05643793764852e-05,0.0001303381432089,-0.984906609836992,0.509069351833089,0.0220357160273,58.34818784348924,5699.596179838451,5641.247991994961,1.3147147795660998,207.31204180466813
1732,69.28,209.456118736508,8.36514176092327,-217.527078943069,-13.7073546332014,432.325410551855,0,0,0,0,-17.8127175871167,-12.2237758989322,-4.05643841521279e-05,0.0001303369527691,-0.964589492951241,0.50906942619009,0.0220189497271,58.34438516824233,5699.591297000951,5641.246911832709,1.3136063152957858,207.31200210943715
1733,69.32,209.455952729548,8.36491867492512,-217.530705532596,-13.7074198643623,432.329159451582,0,0,0,0,-17.8128022418323,-12.2275069322225,-4.05644002149638e-05,0.0001303357539973,-0.944214756204632,0.509069453115324,0.0220022333263,58.34094471786904,5699.586779721484,5641.245835003615,1.3125092120865711,207.3119625366975
1734,69.36,209.455802684874,8.36471556142009,-217.534346625081,-13.7074843043645,432.332918052899,0,0,0,0,-17.8128858650782,-12.231266641486,-4.05644191738278e-05,0.0001303345552988,-0.923783792067465,0.50906943849,0.0219855662363,58.3379353447573,5699.582696797943,5641.244761453186,1.3114249619766225,207.31192308444653
1735,69.4,209.455669090693,8.36453296532782,-217.538001849501,-13.7075479670971,432.336685941963,0,0,0,0,-17.8129684748728,-12.2350548596217,-4.05644353516676e-05,0.0001303333623646,-0.903297996465451,0.509069389847082,0.0219689478533,58.33537036740801,5699.579061515116,5641.243691147708,1.3103538039938425,207.31188375144535
1736,69.44,209.455550073441,8.36436901552231,-217.541670833902,-13.7076108134815,432.340462705302,0,0,0,0,-17.8130500204559,-12.2388693810888,-4.05644515145998e-05,0.0001303321724461,-0.882758768679187,0.509069315775374,0.0219523775483,58.3331988549901,5699.575822890732,5641.242624035742,1.3092945327700984,207.31184453580357
1737,69.48,209.455441184406,8.36421920504229,-217.545353205761,-13.7076727450112,432.344247930136,0,0,0,0,-17.8131303739062,-12.2427059133719,-4.05644696826232e-05,0.0001303309835494,-0.862167511322858,0.5090692261359,0.0219358546855,58.33129982471006,5699.572859869169,5641.241560044459,1.3082443750759605,207.31180543484479
1738,69.52,209.455334586683,8.36407555910118,-217.549048592526,-13.7077335847925,432.348041204901,0,0,0,0,-17.8132093055612,-12.2465575227692,-4.0564492349213e-05,0.0001303297932152,-0.841525630306137,0.509069132965656,0.0219193786504,58.32946009117433,5699.569959197382,5641.240499106208,1.3071985011293348,207.3117664460828
1739,69.56,209.455218486396,8.36392605514703,-217.552756621721,-13.7077930664546,432.351842119425,0,0,0,0,-17.8132864696781,-12.2504143193402,-4.05645253208418e-05,0.0001303285956762,-0.820834534703069,0.509069050877776,0.0219029488552,58.32735876025045,5699.566799947657,5641.239441187407,1.3061496855443815,207.3117275682836
1740,69.6,209.455078387887,8.36375590787381,-217.556476920539,-13.7078508640922,432.355650264644,0,0,0,0,-17.8133614433282,-12.25426451315,-4.05645670086227e-05,0.0001303273925725,-0.800095636570279,0.509068995604789,0.0218865647187,58.32460137823046,5699.562987673051,5641.23838629482,1.3050890793560141,207.3116888016957
1741,69.64,209.454901222553,8.36355179072306,-217.560209115465,-13.7079066850286,432.359465232324,0,0,0,0,-17.8134338467703,-12.2580975740365,-4.05646036379355e-05,0.0001303261977288,-0.779310350797919,0.509068980518388,0.0218702256495,58.320832300185224,5699.558166758761,5641.237334458576,1.304008727593077,207.31165014742635
1742,69.68,209.454681206285,8.36330782401958,-217.563952832407,-13.7079604005477,432.36328661522,0,0,0,0,-17.813503513048,-12.2619086913114,-4.0564626366232e-05,0.0001303250199991,-0.758480095054504,0.509069012514387,0.0218539310552,58.31589414182794,5699.552179811167,5641.236285669339,1.30290512885532,207.31161160513244
1743,69.72,209.454423463093,8.36302927894396,-217.567707697201,-13.7080121261779,432.367114007528,0,0,0,0,-17.8135705921201,-12.265701532862,-4.0564645401168e-05,0.0001303238491503,-0.73760628978314,0.509069089329294,0.0218376803669,58.30992643545194,5699.545166261681,5641.235239826228,1.301781422323113,207.3115731711067
1744,69.76,209.454141870184,8.36273037286591,-217.571473335951,-13.7080621718672,432.370947005137,0,0,0,0,-17.8136354862008,-12.2694865660656,-4.05646753798458e-05,0.0001303226705313,-0.716690358147716,0.509069199806492,0.02182147305,58.30330695576899,5699.537503728339,5641.234196772571,1.3006460542823008,207.31153483959142
1745,69.8,209.45385245096,8.36242751362785,-217.575249374915,-13.708110893236,432.374785205483,0,0,0,0,-17.813698656784,-12.2732759953874,-4.05647162056725e-05,0.000130321484276,-0.695733725911496,0.509069327224744,0.0218053085913,58.29647183885733,5699.529628230119,5641.233156391261,1.2995087474863478,207.31149660628316
1746,69.84,209.453567638241,8.36213343597827,-217.579035440228,-13.708158564811,432.378628207301,0,0,0,0,-17.8137604601927,-12.2770794234649,-4.05647592998788e-05,0.0001303202990438,-0.674737821296707,0.509069454216418,0.0217891864831,58.289759432079414,5699.521878081285,5641.232118649205,1.2983770172754003,207.31145846996566
1747,69.88,209.453294798782,8.36185569554762,-217.582831157895,-13.7082053495146,432.382475610645,0,0,0,0,-17.81382110798,-12.2809027472241,-4.05648023580204e-05,0.0001303191172377,-0.653704074887145,0.509069566937332,0.0217731062241,58.283370189202714,5699.51445374145,5641.231083552248,1.2972552874003982,207.31142043085373
1748,69.92,209.453037610385,8.36159807673017,-217.586636154088,-13.7082513293971,432.386327017139,0,0,0,0,-17.8138807067577,-12.2847490997553,-4.05648504517695e-05,0.0001303179338672,-0.632633919564577,0.509069656664892,0.0217570673321,58.27740419226966,5699.507455288704,5641.230051096434,1.2961457370238603,207.31138248880208
1749,69.96,209.452797492558,8.36136205289394,-217.590450055347,-13.7082965351198,432.390182030131,0,0,0,0,-17.813939296406,-12.2886197438532,-4.05649049680079e-05,0.000130316747562,-0.611528790403431,0.509069718630991,0.0217410693478,58.27190008276287,5699.500921349828,5641.229021267065,1.2950491746421255,207.31134464327047
1750,70.0,209.452574304237,8.36114749859321,-217.594272488459,-13.7083409604471,432.39404025455,0,0,0,0,-17.813996868863,-12.2925145018738,-4.0564956393407e-05,0.0001303155677692,-0.590390124529327,0.509069749505241,0.0217251118229,58.266854038541894,5699.494848086275,5641.227994047733,1.293965463955315,207.31130689365594
1751,70.04,209.452366697323,8.36095305297029,-217.598103080167,-13.7083845722176,432.397901296737,0,0,0,0,-17.8140533810793,-12.2964320700676,-4.05649987672277e-05,0.0001303144003599,-0.569219360999943,0.509069745421914,0.0217091943074,58.262229405410345,5699.489198814401,5641.226969408991,1.2928937403729446,207.31126923887635
1752,70.08,209.452172032902,8.36077603688063,-217.601941457083,-13.7084273114186,432.401764764523,0,0,0,0,-17.814108756438,-12.300369972752,-4.05650434949871e-05,0.0001303132338849,-0.548017940739026,0.509069701634231,0.0216933163556,58.25795442225477,5699.483901725702,5641.225947303447,1.291832363655275,207.3112316771901
1753,70.12,209.451985837313,8.36061189794711,-217.605787245867,-13.708469082293,432.405630267525,0,0,0,0,-17.8141628706348,-12.3043240321291,-4.05651026190877e-05,0.0001303120562921,-0.526787306487834,0.5090696135813,0.0216774775426,58.25390739358105,5699.478835085658,5641.224927692077,1.2907785932609361,207.311194207163
1754,70.16,209.451801851787,8.36045426045102,-217.609640073454,-13.7085097525861,432.409497417376,0,0,0,0,-17.8142155520117,-12.3082883524407,-4.05651709494929e-05,0.0001303108727493,-0.505528902699807,0.509069478246621,0.021661677475,58.24991801038282,5699.473828584491,5641.223910574107,1.289728622333368,207.3111568287667
1755,70.2,209.451613918478,8.36029685120101,-217.613499567159,-13.7085491932882,432.413365827724,0,0,0,0,-17.8142666331489,-12.3122570369779,-4.05652354798426e-05,0.0001303096962444,-0.484244175393778,0.509069294686914,0.0216459157852,58.245818683331585,5699.4687146586775,5641.222895975346,1.2886787170427105,207.3111195429496
1756,70.24,209.451419153749,8.36013674085805,-217.617365354764,-13.7085873465026,432.417235114158,0,0,0,0,-17.8143160389534,-12.3162271312452,-4.05652907538084e-05,0.0001303085322668,-0.462934572038962,0.509069063521188,0.0216301921259,58.24153094289177,5699.4634148404575,5641.221883897566,1.2876271261259231,207.31108234977688
1757,70.28,209.451219871241,8.35997630764974,-217.621237064726,-13.7086242659744,432.421104894292,0,0,0,0,-17.8143638392477,-12.3202003990008,-4.05653433442109e-05,0.000130307374311,-0.441601541507045,0.509068786129137,0.0216145061749,58.23711780055187,5699.457992087209,5641.220874286658,1.286575230574125,207.31104524726
1758,70.32,209.45102223902,8.359821863767,-217.625114326399,-13.7086600863063,432.424974787959,0,0,0,0,-17.8144102087895,-12.3241820668153,-4.05654063676697e-05,0.0001303062093134,-0.420246534045338,0.509068464347731,0.0215988576469,58.23274718043433,5699.4526142405575,5641.219867060123,1.2855267254831138,207.31100823236724
1759,70.36,209.450832604445,8.3596798996543,-217.628996770055,-13.7086949424538,432.428844417299,0,0,0,0,-17.8144553227662,-12.3281774354245,-4.05654843648338e-05,0.000130305032761,-0.398871001183381,0.509068100720145,0.0215832462964,58.22859185209386,5699.4474540209385,5641.218862168845,1.28448540428102,207.31097130329357
1760,70.4,209.450654614389,8.35955414360261,-217.632884026628,-13.7087289092294,432.432713406644,0,0,0,0,-17.81449927828,-12.3321892640901,-4.0565564967649e-05,0.0001303038570375,-0.377476395569869,0.509067698676453,0.0215676719054,58.22475104025839,5699.442610664821,5641.217859624562,1.2834534296872453,207.3109344604704
1761,70.44,209.450489210598,8.3594455608438,-217.636775727438,-13.7087620051773,432.43658138237,0,0,0,0,-17.8145420994006,-12.3362178380805,-4.05656354707024e-05,0.0001303026948566,-0.356064170812689,0.509067261975898,0.0215521342708,58.22125033314347,5699.438109798418,5641.216859465274,1.2824313369610334,207.31089770529417
1762,70.48,209.450336575584,8.35935434415997,-217.640671504141,-13.7087942373534,432.440447972919,0,0,0,0,-17.8145837953056,-12.3402628016415,-4.05657016982829e-05,0.000130301540397,-0.334635781384143,0.509066793406127,0.0215366332059,58.21809467983268,5699.433956388135,5641.215861708302,1.2814192064992853,207.31086103840144
1763,70.52,209.450197599949,8.35928141215799,-217.644570988925,-13.7088256322503,432.444312808966,0,0,0,0,-17.8146244004171,-12.3443244424784,-4.0565775991284e-05,0.0001303003813198,-0.31319268257436,0.50906629359371,0.0215211685505,58.215308328814956,5699.430174668486,5641.214866339671,1.2804175445551418,207.3108244592786
1764,70.56,209.45007375638,8.35922827748677,-217.648473814718,-13.7088562299169,432.448175523528,0,0,0,0,-17.8146639667453,-12.3484034509982,-4.05658575702878e-05,0.0001302992184123,-0.2917363304171,0.509065760961264,0.021505740176,58.21293136992813,5699.426804713326,5641.2138733433985,1.2794272059911453,207.3107879673383
1765,70.6,209.44996627148,8.35919619786601,-217.652379615305,-13.7088860630228,432.452035751942,0,0,0,0,-17.8147025366926,-12.3525001098416,-4.05659403749709e-05,0.0001302980577519,-0.270268181569097,0.509065193179077,0.0214903479795,58.21099718001944,5699.423879900223,5641.212882720204,1.2784488973095,207.31075156260707
1766,70.64,209.449875697899,8.35918573789585,-217.656288025377,-13.7089151464366,432.455893131817,0,0,0,0,-17.814740129515,-12.3566139764439,-4.05660242454231e-05,0.0001302968995227,-0.24878969318502,0.509064589611272,0.0214749918775,58.20952079103129,5699.421415267549,5641.211894476517,1.2774829215443746,207.3107152453211
1767,70.68,209.449801648493,8.35919649836284,-217.660198680605,-13.708943472356,432.459747303091,0,0,0,0,-17.8147767350103,-12.3607437951652,-4.05661090647947e-05,0.00013029574387,-0.2273023228273,0.509063953824985,0.0214596718081,58.20849167717972,5699.41940028058,5641.2109086034,1.2765290216959062,207.31067901515195
1768,70.72,209.449741774749,8.35922607424864,-217.66411121766,-13.7089709899734,432.463597908134,0,0,0,0,-17.8148122871587,-12.3648868116426,-4.05661931093693e-05,0.0001302945925324,-0.205807528397572,0.509063295244011,0.021444387738,58.207845957317524,5699.41777103302,5641.209925075702,1.2755857740339536,207.3106428711754
1769,70.76,209.449689828835,8.3592680760771,-217.668025274122,-13.7089975648547,432.467444591735,0,0,0,0,-17.8148466114506,-12.3690374190802,-4.0566278584565e-05,0.000130293443301,-0.184306768036448,0.509062629417916,0.0214291396608,58.207413648802145,5699.416357512703,5641.208943863901,1.274649437182072,207.31060681230647
1770,70.8,209.449633694241,8.35931011797811,-217.671940488328,-13.7090229364063,432.471287000997,0,0,0,0,-17.8148793697384,-12.3731858512307,-4.05663724511382e-05,0.0001302922891906,-0.162801499988193,0.509061976906129,0.0214139275875,58.20686505842895,5699.414830012598,5641.207964954169,1.2737127868412734,207.31057083803702
1771,70.84,209.449555089937,8.35933351446873,-217.675856499324,-13.7090467105163,432.475124785308,0,0,0,0,-17.8149100507245,-12.3773180880569,-4.05664801462327e-05,0.0001302911247194,-0.141293182462776,0.509061360936841,0.0213987515412,58.20570270021197,5699.412691080541,5641.206988380329,1.2727649513265746,207.31053494961
1772,70.88,209.449432999727,8.35931678311361,-217.679772946974,-13.7090684328857,432.478957596473,0,0,0,0,-17.8149380651095,-12.3814183635133,-4.05665936885888e-05,0.0001302899578412,-0.119783273517218,0.509060803759447,0.0213836115638,58.203354593523706,5699.409368836709,5641.206014243186,1.2717934637563713,207.31049915072998
1773,70.92,209.449251262986,8.35924339984556,-217.683689472104,-13.7090877536255,432.482785088871,0,0,0,0,-17.8149629590919,-12.385474589252,-4.05666946176818e-05,0.0001302888070753,-0.0982732309642241,0.509060321736308,0.0213685077259,58.199380863841355,5699.4044235281,5641.205042664258,1.2707887794839814,207.3104634458626
1774,70.96,209.449006798388,8.35911020219022,-217.687605716499,-13.709104606747,432.486606919443,0,0,0,0,-17.8149846471501,-12.3894842087236,-4.05667791577591e-05,0.0001302876763335,-0.0767645122915738,0.509059920257511,0.0213534401263,58.19369762608499,5699.397771307561,5641.204073681476,1.269749150446083,207.31042783640186
1775,71.0,209.44871220134,8.35893004377622,-217.691521322811,-13.7091192671832,432.490422747558,0,0,0,0,-17.8150034859683,-12.3934560024336,-4.0566865312358e-05,0.0001302865477132,-0.0552585745903077,0.509059590771072,0.0213384088812,58.18664771790844,5699.389754913573,5641.203107195664,1.268682138645772,207.31039231870307
1776,71.04,209.448389701229,8.35872561927103,-217.695435934559,-13.7091322184233,432.49423223494,0,0,0,0,-17.815020102749,-12.3974057185772,-4.05669665912102e-05,0.0001302854076978,-0.0337568744897181,0.509059312107593,0.0213234141169,58.17883618486371,5699.380979238567,5641.202143053703,1.2676009978206608,207.3103568871392
1777,71.08,209.448060977951,8.35851905829583,-217.699349196282,-13.7091439298562,432.498035045793,0,0,0,0,-17.8150351064427,-12.4013488290085,-4.05670784512954e-05,0.0001302842607651,-0.0122608680749854,0.509059056276112,0.021308455975,58.17085303597088,5699.372034222562,5641.201181186591,1.2665186171400267,207.31032153917448
1778,71.12,209.447740507788,8.35832512737735,-217.703260753669,-13.7091547128569,432.501830846936,0,0,0,0,-17.8150489010875,-12.4052958481364,-4.05671931425737e-05,0.0001302831146055,0.0092279892173828,0.509058796250326,0.0212935346199,58.16309213924828,5699.363313785256,5641.200221646008,1.2654435828075599,207.31028627670813
1779,71.16,209.447435217494,8.35815087866068,-217.707170253447,-13.7091647154345,432.505619307715,0,0,0,0,-17.8150616788338,-12.4092520623133,-4.05673078578267e-05,0.0001302819719856,0.0307082427278374,0.509058512047769,0.0212786502347,58.15574188469164,5699.355006413223,5641.199264528532,1.2643799902807846,207.31025110328932
1780,71.2,209.447147336225,8.35799856519317,-217.711077343085,-13.7091739856281,432.509400099745,0,0,0,0,-17.8150735021431,-12.4132194345969,-4.05674220943138e-05,0.0001302808334041,0.052178438716279,0.509058192713475,0.0212638030025,58.148862855304394,5699.34717276489,5641.198309909586,1.263329146676835,207.3102160216898
1781,71.24,209.446876985962,8.35786828832534,-217.714981670581,-13.7091825285151,432.513172896733,0,0,0,0,-17.8150843777334,-12.4171983353998,-4.0567539487586e-05,0.00013027969528,0.0736371244857123,0.509057834611106,0.0212489930931,58.14245832573766,5699.339816159529,5641.197357833791,1.2622911104672543,207.31018103354938
1782,71.28,209.446623585833,8.3577594332766,-217.71888288454,-13.7091903374694,432.516937374566,0,0,0,0,-17.8150942971366,-12.4211885020299,-4.05676632467268e-05,0.0001302785545091,0.0950828484715415,0.509057438398093,0.0212342206652,58.13651246553543,5699.332920790806,5641.196408325271,1.2612655248708466,207.31014613975452
1783,71.32,209.446386308624,8.35767113494853,-217.722780634389,-13.7091974034188,432.520693211483,0,0,0,0,-17.8151032487043,-12.4251893292821,-4.05677868176898e-05,0.0001302774177455,0.116514160312229,0.509057006858936,0.0212194858765,58.131002749058915,5699.326464149083,5641.195461400024,1.2602518889794707,207.31011134089326
1784,71.36,209.446163980167,8.357602172636,-217.726674570463,-13.7092037100884,432.524440088082,0,0,0,0,-17.8151112114152,-12.4291997632502,-4.0567902896873e-05,0.0001302762923249,0.137929610938704,0.509056544124129,0.0212047888849,58.12589720784861,5699.320414283621,5641.194517075773,1.2592494988135863,207.3100766376168
1785,71.4,209.445954837465,8.35755072074175,-217.730564343923,-13.7092092264967,432.528177687142,0,0,0,0,-17.8151181451234,-12.4332181397018,-4.05680204847871e-05,0.0001302751691959,0.159327752690544,0.509056055436918,0.0211901298374,58.1211478501973,5699.314723220828,5641.19357537063,1.2582573049041792,207.3100420305908
1786,71.44,209.445756400689,8.35751421773356,-217.73444960671,-13.709213903884,432.531905693549,0,0,0,0,-17.8151239865778,-12.437242094684,-4.05681529674729e-05,0.000130274034905,0.180707139424641,0.509055546475572,0.0211755088629,58.1166871759794,5699.3093234811195,5641.19263630514,1.2572738376700123,207.31000752057022
1787,71.48,209.445565854912,8.35748975686005,-217.738330011715,-13.7092176846977,432.535623794465,0,0,0,0,-17.8151286610991,-12.4412688561209,-4.05682934897585e-05,0.0001302728962955,0.202066326600344,0.509055021942389,0.0211609260804,58.11243855247864,5699.30413846643,5641.191699913951,1.2562974336901,207.30997310882844
1788,71.52,209.445381348576,8.35747541279508,-217.742205213008,-13.7092205307783,432.539331679568,0,0,0,0,-17.8151321191737,-12.4452963898703,-4.05684262288899e-05,0.0001302717692337,0.223403871359887,0.509054483921591,0.0211463816124,58.10835155167206,5699.299117793303,5641.190766241631,1.2553270005818056,207.3099387970032
1789,71.56,209.445203529548,8.35747181065349,-217.74607486582,-13.7092224563223,432.543029041037,0,0,0,0,-17.8151343792388,-12.4493248742934,-4.05685522908154e-05,0.0001302706526562,0.244718332626503,0.50905393093326,0.0211318755847,58.10444377715648,5699.294279091093,5641.189835313937,1.2543629179369724,207.30990458604117
1790,71.6,209.445035560378,8.35748214257278,-217.749938626233,-13.7092235292541,432.546715573292,0,0,0,0,-17.8151355294644,-12.4533568133767,-4.0568683514903e-05,0.0001302695347385,0.266008271216071,0.509053358435289,0.0211174081103,58.100801301400494,5699.289708417172,5641.188907115771,1.2534070406222675,207.30987047538744
1791,71.64,209.444880811357,8.3575098134378,-217.753796150912,-13.709223823983,432.550390972813,0,0,0,0,-17.8151356664394,-12.4573949325841,-4.0568822710097e-05,0.0001302684126744,0.287272249938103,0.509052760721533,0.0211029792768,58.09751586780294,5699.285497481828,5641.187981614025,1.252461339075304,207.3098364638253
1792,71.68,209.444739667247,8.35755518095691,-217.757647097158,-13.7092233548338,432.554054938282,0,0,0,0,-17.815134808771,-12.4614392202444,-4.05689643200896e-05,0.0001302672920417,0.308508833676289,0.5090521332577,0.0210885891525,58.09459796230945,5699.28165675497,5641.1870587926605,1.2515260265953374,207.30980255076534
1793,71.72,209.444607632383,8.35761362010772,-217.76149112321,-13.7092220353931,432.557707170878,0,0,0,0,-17.8151328443227,-12.4654852564588,-4.05691069326523e-05,0.0001302661743013,0.329716589470149,0.509051474207109,0.0210742378038,58.091925234027855,5699.27806390332,5641.186138669292,1.2505984561238932,207.30976873685492
1794,71.76,209.444475663302,8.35767586045832,-217.765327888393,-13.709219683109,432.561347374345,0,0,0,0,-17.8151295361879,-12.4695246624483,-4.05692551799433e-05,0.0001302650548557,0.350894086628294,0.509050784408422,0.0210599252989,58.08925155564014,5699.274472841717,5641.185221286078,1.249673325309845,207.30973502364333
1795,71.8,209.444332456232,8.35773031886555,-217.769157053022,-13.7092160643603,432.564975254749,0,0,0,0,-17.8151245811856,-12.4735472251204,-4.05694099930778e-05,0.0001302639327529,0.372039896873241,0.509050066031482,0.0210456516939,58.086269277363954,5699.270575978857,5641.1843067014925,1.2487440231760896,207.30970141327944
1796,71.84,209.444168207819,8.35776693846278,-217.772978278278,-13.7092109726042,432.568590520238,0,0,0,0,-17.8151177112828,-12.4775441486684,-4.05695638170411e-05,0.000130262815502,0.393152594475768,0.509049320925625,0.0210314170168,58.08271157571414,5699.2661065518905,5641.183394976177,1.247804832401168,207.30966790799178
1797,71.88,209.443978807819,8.35778147245389,-217.776791226338,-13.7092043194484,432.572192881151,0,0,0,0,-17.8151088117923,-12.4815115797955,-4.05697105092664e-05,0.000130261709257,0.414230756333048,0.509048549669766,0.0210172212719,58.07846657452171,5699.260952715383,5641.182486140861,1.246853376435532,207.30963450890965
1798,71.92,209.443768179803,8.35777787843987,-217.780595560652,-13.7091961882985,432.575782050315,0,0,0,0,-17.8150979910026,-12.4854525395983,-4.05698555202627e-05,0.0001302606086317,0.435272962003615,0.509047751620865,0.0210030644574,58.07364106709733,5699.255221235137,5641.1815801680395,1.2458919760889098,207.30960121502224
1799,71.96,209.44354674288,8.35776674940045,-217.784390946011,-13.7091868036634,432.579357743154,0,0,0,0,-17.8150855403503,-12.4893756051731,-4.05700080892765e-05,0.0001302595044008,0.456277793762839,0.509046925588588,0.0209889465721,58.06851864012244,5699.249195629551,5641.180676989428,1.2449267360067473,207.3095680238202
1800,72.0,209.443326738933,8.35776054004716,-217.788177048305,-13.709176430253,432.582919677444,0,0,0,0,-17.8150718034676,-12.493290978903,-4.05701685458665e-05,0.0001302583961682,0.477243836715284,0.509046070647308,0.0209748676013,58.06343246855216,5699.243209017227,5641.179776548674,1.2439648056031072,207.30953493323253
1801,72.04,209.443117628417,8.35776886198602,-217.791953534262,-13.7091652723105,432.586467573004,0,0,0,0,-17.8150570455116,-12.4972065945639,-4.05703306451017e-05,0.000130257290159,0.498169678931221,0.509045186930039,0.0209608274969,58.058639999846655,5699.23751883026,5641.178878830414,1.2430116913810725,207.30950194269462
1802,72.08,209.442923908751,8.35779625538731,-217.795720071498,-13.7091534268636,432.590001151725,0,0,0,0,-17.815041392464,-12.501126185334,-4.05704910051381e-05,0.0001302561898657,0.519053911549938,0.509044276499524,0.0209468261777,58.05426360523177,5699.232247449652,5641.177983844421,1.2420699928540153,207.30946905256573
1803,72.12,209.442745103287,8.3578421799411,-217.799476328757,-13.709140885771,432.593520137873,0,0,0,0,-17.8150248337759,-12.5050491115824,-4.05706538488717e-05,0.0001302550912203,0.539895128850686,0.509043344063641,0.0209328635456,58.050290299920924,5699.2273819051525,5641.177091605232,1.2411394074887405,207.30943626338004
1804,72.16,209.442576826384,8.35790210418576,-217.803221976019,-13.7091275600644,432.597024258282,0,0,0,0,-17.8150072539752,-12.5089711546327,-4.05708256530061e-05,0.0001302539878117,0.560691928343962,0.509042396783591,0.0209189394979,58.04660071990686,5699.22280285739,5641.176202137483,1.2402173604459032,207.30940357604288
1805,72.2,209.442412756601,8.35796951972796,-217.806956684322,-13.709113321005,432.6005132422,0,0,0,0,-17.8149884859716,-12.5128862727028,-4.05710026176858e-05,0.000130252883393,0.581442910900948,0.509041442680552,0.0209050539189,58.04302281134333,5699.2183382911935,5641.17531547985,1.2393001581141525,207.30937099197556
1806,72.24,209.442247598989,8.35803896479344,-217.810680125567,-13.7090980612999,432.603986821063,0,0,0,0,-17.8149683905251,-12.5167893576318,-4.05711729381809e-05,0.000130251789691,0.602146680874326,0.50904048814907,0.0208912066659,58.03941245819244,5699.213844123664,5641.174431665471,1.2383847113686017,207.30933851239593
1807,72.28,209.442079924401,8.35810892394031,-217.814391972668,-13.7090817554399,432.607444728569,0,0,0,0,-17.8149469345655,-12.5206788681687,-4.05713349954633e-05,0.0001302507082935,0.622801846156864,0.509039535756215,0.020877397573,58.03573078099718,5699.209281465727,5641.17355068473,1.2374701819273008,207.30930613695054
1808,72.32,209.441912746448,8.35818241867529,-217.818091899946,-13.7090644733282,432.610886701047,0,0,0,0,-17.8149242088798,-12.5245573260208,-4.05715024118115e-05,0.0001302496256092,0.643407018197669,0.509038583311944,0.020863626472,58.032059844739656,5699.204732321917,5641.172672477177,1.2365583107068332,207.30927386341793
1809,72.36,209.441750977742,8.35826441032363,-217.821779583364,-13.7090463269166,432.614312477699,0,0,0,0,-17.8149003588422,-12.5284289051885,-4.05716865434172e-05,0.0001302485303427,0.663960812058339,0.50903762456111,0.0208498932062,58.02853339203827,5699.200330371215,5641.171796979177,1.2356519350216442,207.30924168945958
1810,72.4,209.441597956964,8.35835825323992,-217.825454700318,-13.7090273963755,432.617721800418,0,0,0,0,-17.8148754885829,-12.5322962147521,-4.05718788148347e-05,0.0001302474311308,0.684461846550555,0.509036651205422,0.0208361976207,58.02524228418294,5699.196166463758,5641.170924179575,1.2347529721629678,207.30920961466552
1811,72.44,209.441454272051,8.35846449325944,-217.829116929286,-13.7090077053449,432.621114413422,0,0,0,0,-17.8148496288662,-12.5361592997303,-4.05720617453677e-05,0.0001302463455153,0.704908744401097,0.509035655422686,0.0208225395394,58.02220248682317,5699.1922565981295,5641.170054111306,1.2338617403188916,207.3091776402461
1812,72.48,209.441319404873,8.35858254725505,-217.832765949843,-13.7089872557086,432.624490063169,0,0,0,0,-17.8148227822226,-12.5400172609858,-4.05722366776371e-05,0.0001302452722011,0.725300132356283,0.509034631808237,0.020808918759,58.01939988061688,5699.18858667529,5641.169186794673,1.2329779158441327,207.30914576694744
1813,72.52,209.441193714325,8.35871272662548,-217.836401443122,-13.708966067823,432.627848498645,0,0,0,0,-17.8147949751502,-12.5438700614906,-4.05724193123668e-05,0.0001302441954947,0.745634641221657,0.509033577943774,0.0207953350651,58.01684425105867,5699.185166461271,5641.168322210213,1.2321016829517408,207.3091139940543
1814,72.56,209.441078663383,8.35885646625313,-217.840023092235,-13.708944182282,432.631189471648,0,0,0,0,-17.8147662603867,-12.5477186011847,-4.05726111528353e-05,0.0001302431138592,0.765910905917022,0.509032493438013,0.0207817882478,58.01457543961783,5699.182035765679,5641.167460326061,1.2312338635070812,207.30908232039562
1815,72.6,209.440975871282,8.35901535440996,-217.84363058224,-13.7089216375734,432.634512736686,0,0,0,0,-17.8147366878966,-12.5515637635394,-4.05728023347814e-05,0.0001302420371206,0.786127565594948,0.509031377970069,0.0207682780966,58.0126375165661,5699.179238650141,5641.166601133575,1.230375366843099,207.30905074565385
1816,72.64,209.440886696163,8.35919070670673,-217.847223599789,-13.708898461389,432.637818050634,0,0,0,0,-17.8147062935893,-12.5554060624817,-4.05729927292038e-05,0.0001302409653959,0.806283263782297,0.509030229439287,0.02075480438,58.01106743366769,5699.176812071556,5641.165744637889,1.2295269477410657,207.30901927001764
1817,72.68,209.440812656067,8.3593839985547,-217.850801832901,-13.7088746821917,432.641105172605,0,0,0,0,-17.8146751143429,-12.5592460506117,-4.0573186927805e-05,0.0001302398941076,0.826376648470605,0.509029043417614,0.020741366837,58.00990650689684,5699.174797337925,5641.164890831028,1.2286894496434266,207.30898789319397
1818,72.72,209.440755795307,8.35959724308168,-217.854364971107,-13.7088503408826,432.644373864214,0,0,0,0,-17.8146432031695,-12.5630845902813,-4.05733839577761e-05,0.0001302388242456,0.846406372157118,0.509027814327008,0.0207279651925,58.009210382452515,5699.173250077836,5641.1640396953835,1.2278640162416659,207.30895661453567
1819,72.76,209.440718639994,8.35983294905989,-217.857912705667,-13.7088254933173,432.647623889918,0,0,0,0,-17.8146106325057,-12.5669227476546,-4.05735829617208e-05,0.0001302377566794,0.866371091905503,0.509026537567356,0.0207145991765,58.0090478139877,5699.172239030272,5641.163191216285,1.2270520657886876,207.30892543350362
1820,72.8,209.440703973668,8.3600938925896,-217.86144472955,-13.7088002063692,432.650855016998,0,0,0,0,-17.8145774891031,-12.5707616077867,-4.05737846357147e-05,0.0001302366907278,0.886269469456976,0.509025211320567,0.0207012685242,58.0094945613336,5699.171839939214,5641.16234537788,1.226255161239287,207.3088943495153
1821,72.84,209.440714332821,8.36038259919056,-217.86496073724,-13.7087745443795,432.654067015249,0,0,0,0,-17.8145438564201,-12.5746019212119,-4.05739881393441e-05,0.0001302356272506,0.906100171359504,0.509023837537171,0.0206879729572,58.010619673716135,5699.172121826125,5641.1615021524085,1.2254747188842636,207.3088633615505
1822,72.88,209.440750921071,8.36070023151002,-217.868460424709,-13.7087485425367,432.657259656807,0,0,0,0,-17.8145097800559,-12.5784433502092,-4.05741921927175e-05,0.0001302345675468,0.925861869055201,0.509022422863577,0.0206747121732,58.01245594862704,5699.173117443118,5641.160661494491,1.2247113845695246,207.30883246794158
1823,72.92,209.44081177798,8.36104471900284,-217.871943489742,-13.7087221676343,432.660432716353,0,0,0,0,-17.8144752168481,-12.5822832866044,-4.05743951883084e-05,0.0001302335132405,0.945553238922012,0.509020980440234,0.0206614858575,58.014950102740514,5699.1747734439605,5641.15982334122,1.2239639856509579,207.3088016663767
1824,72.96,209.440889121425,8.36140804628,-217.875409632303,-13.7086952640056,432.663585971453,0,0,0,0,-17.8144399647879,-12.5861152663279,-4.05745975664371e-05,0.0001302324639105,0.96517296233404,0.509019532194919,0.020648293703,58.01789044692575,5699.176878066296,5641.15898761937,1.2232280132601332,207.3087709541649
1825,73.0,209.44096634947,8.36177319292069,-217.87885855458,-13.7086674914616,432.666719202591,0,0,0,0,-17.8144035825799,-12.5899273006573,-4.05748060899732e-05,0.0001302314128146,0.984719725778047,0.509018109873951,0.0206351354122,58.02082528051836,5699.178979548439,5641.1581542679205,1.2224939138438515,207.30874032906374
1826,73.04,209.441016581616,8.36211264288585,-217.882289960687,-13.7086382934734,432.669832192891,0,0,0,0,-17.8143653484285,-12.5937012220091,-4.05750301465859e-05,0.0001302303505414,1.00419222100762,0.509016752970416,0.0206220106812,58.023023153290275,5699.180346434754,5641.1573232814635,1.2217462678071012,207.30870979087442
1827,73.08,209.441005879284,8.36239167075986,-217.885703556407,-13.7086069629932,432.672924727924,0,0,0,0,-17.8143243454303,-12.5974148600329,-4.05752680696188e-05,0.0001302292786615,1.02358914517322,0.509015502814515,0.0206089191891,58.023560462679924,5699.180055209466,5641.156494746787,1.2209656510748979,207.30867934278638
1828,73.12,209.440903220832,8.362578525712,-217.889099049264,-13.708572851527,432.675996595911,0,0,0,0,-17.8142797326955,-12.6010482987419,-4.05754997157871e-05,0.0001302282172467,1.04290920089497,0.509014393681829,0.0205958606097,58.021592913983085,5699.177261730703,5641.15566881672,1.2201343571542067,207.308648990416
1829,73.16,209.440694249764,8.36265847048119,-217.892476148769,-13.7085356600482,432.6790475881,0,0,0,0,-17.8142311225491,-12.6045924174405,-4.05757076001859e-05,0.0001302271838591,1.06215109631018,0.509013443405378,0.0205828346336,58.01672976109388,5699.171575338309,5641.1548455772145,1.219244257586729,207.3086187369219
1830,73.2,209.440389855918,8.3626425456265,-217.895834566459,-13.7084956221182,432.682077498869,0,0,0,0,-17.814178817933,-12.6080540966145,-4.05759032695878e-05,0.0001302261671063,1.08131354511791,0.509012647013542,0.020569840975,58.00926744219252,5699.163292359869,5641.154024917677,1.2183016781410827,207.3085885782399
1831,73.24,209.440021701684,8.3625630013744,-217.899174015674,-13.7084534094613,432.685086125445,0,0,0,0,-17.8141236899442,-12.6114531882913,-4.05761114032323e-05,0.0001302251423692,1.1003952666395,0.509011976558064,0.0205568793553,58.00006779866288,5699.1532743729,5641.153206574238,1.2173247952893111,207.3085585046729
1832,73.28,209.439627230397,8.36245798771572,-217.902494211414,-13.7084098134866,432.688073267582,0,0,0,0,-17.8140667649111,-12.6148131604263,-4.05763372807493e-05,0.0001302241043315,1.1193949858995,0.509011388203411,0.0205439494844,57.99014993470456,5699.1425402624445,5641.15239032774,1.2163350363951606,207.30852850816714
1833,73.32,209.439235739457,8.36235733369582,-217.90579487058,-13.7083654512548,432.691038727597,0,0,0,0,-17.8140088431724,-12.6181527128407,-4.05765710713835e-05,0.0001302230627925,1.13831143370553,0.509010834306189,0.0205310510626,57.98031112370454,5699.131887251359,5641.151576127655,1.2153491232138012,207.30849858686562
1834,73.36,209.43886378979,8.36227786330871,-217.909075712407,-13.7083206717864,432.693982310675,0,0,0,0,-17.8139503775695,-12.6214830563628,-4.0576806547243e-05,0.0001302220239786,1.15714334674019,0.509010275336802,0.020518183798,57.971001950179975,5699.121765985398,5641.150764035218,1.2143764726334694,207.30846874301875
1835,73.4,209.438518011058,8.36222626304239,-217.912336458637,-13.7082756183705,432.696903825023,0,0,0,0,-17.8138915541743,-12.6248093939918,-4.05770416119611e-05,0.0001302209899866,1.17588946767454,0.509009686449014,0.0205053474153,57.96240275304354,5699.112356866852,5641.149954113808,1.2134208209716817,207.30843897895565
1836,73.44,209.438199314929,8.36220338473308,-217.915576833296,-13.7082303181827,432.699803081675,0,0,0,0,-17.8138324084534,-12.6281331673398,-4.05772760215394e-05,0.0001302199610586,1.19454854528928,0.509009056920128,0.0204925416448,57.954538311285035,5699.103684703468,5641.149146392183,1.2124826408605986,207.30840929573316
1837,73.48,209.437905814677,8.36220722619381,-217.9187965624,-13.7081847433397,432.702679894223,0,0,0,0,-17.8137729044328,-12.6314537193051,-4.05775113193975e-05,0.000130218935646,1.21311933456901,0.509008385035716,0.0204797662067,57.94735728365242,5699.095698154821,5641.148340871168,1.2115608116327545,207.3083796933816
1838,73.52,209.437634613682,8.36223475592152,-217.921995374039,-13.7081388470465,432.705534078846,0,0,0,0,-17.8137129815803,-12.6347694692189,-4.05777484128015e-05,0.0001302179128277,1.23160059673772,0.509007672762182,0.0204670208147,57.94078086837553,5699.088318399862,5641.147537531487,1.2106536413294968,207.30835017119256
1839,73.56,209.437382807564,8.36228293269634,-217.925172998836,-13.7080925809362,432.70836545464,0,0,0,0,-17.8136525772846,-12.6380786408847,-4.05779882317418e-05,0.0001302168916621,1.24999109929273,0.509006922853475,0.0204543051949,57.9347300582776,5699.081466406388,5641.146736348111,1.209759438769152,207.30832072824626
1840,73.6,209.437147891371,8.362349117126,-217.928329170309,-13.7080458992864,432.71117384384,0,0,0,0,-17.8135916323081,-12.6413795917537,-4.05782308515338e-05,0.0001302158720775,1.26828961609223,0.509006138231491,0.0204416190995,57.929136709058724,5699.075074011183,5641.1459373021235,1.20887674533584,207.3082913638476
1841,73.64,209.436927788164,8.36243109970007,-217.931463624768,-13.7079987584675,432.7139590717,0,0,0,0,-17.8135300900663,-12.6446708610393,-4.05784736835703e-05,0.0001302148566819,1.2864949274786,0.509005322180487,0.0204289622995,57.92394431666349,5699.069084697858,5641.145140381194,1.2080043500073885,207.30826207754336
1842,73.68,209.436720739618,8.36252699248287,-217.934576100926,-13.7079511181714,432.716720966233,0,0,0,0,-17.8134678982502,-12.6479511021086,-4.05787171312088e-05,0.0001302138450838,1.30460582038273,0.50900447837839,0.0204163345695,57.919105044428335,5699.063450619951,5641.1443455755225,1.2071412256893748,207.3082328689734
1843,73.72,209.436525333065,8.36263526221222,-217.937666339672,-13.7079029476593,432.719459358184,0,0,0,0,-17.813405016975,-12.6512191540323,-4.05789675649185e-05,0.000130212830897,1.32262108836686,0.509003610636402,0.0204037356874,57.91458046471635,5699.05813333681,5641.143552872094,1.2062865440569368,207.30820373765945
1844,73.76,209.436340624231,8.36275485934845,-217.940734084218,-13.7078542322031,432.722174081303,0,0,0,0,-17.8133414271718,-12.6544742078162,-4.05792239937926e-05,0.0001302118150646,1.3405395316565,0.509002722458558,0.0203911654506,57.91034490077216,5699.0531071534315,5641.142762252659,1.2054397454634291,207.30817468293085
1845,73.8,209.436166031164,8.36288511009803,-217.943779080318,-13.7078049711834,432.724864972567,0,0,0,0,-17.8132771281233,-12.6577157323746,-4.05794731591234e-05,0.0001302108107889,1.35835995722408,0.509001816380202,0.0203786236893,57.90638253316292,5699.048356234091,5641.141973700928,1.2046004787034295,207.30814570418897
1846,73.84,209.436000906406,8.36302527777611,-217.946801076264,-13.7077551671653,432.727531872059,0,0,0,0,-17.8132121232682,-12.6609430976581,-4.057971402574e-05,0.0001302098190823,1.37608117891827,0.509000893180605,0.0203661102588,57.90267575914151,5699.043862960564,5641.141187201422,1.203768357893128,207.30811680086498
1847,73.88,209.435843930064,8.36317394065925,-217.949799822738,-13.7077048105215,432.730174622664,0,0,0,0,-17.8131464002178,-12.6641550495598,-4.05799651770801e-05,0.0001302088213874,1.39370201758028,0.508999951547824,0.020353625021,57.89918868142122,5699.039591416729,5641.140402735308,1.2029426184188523,207.30808797226675
1848,73.92,209.435692704577,8.36332857499057,-217.95277507285,-13.7076538675052,432.732793069941,0,0,0,0,-17.8130799152586,-12.66734930879,-4.05802334348224e-05,0.0001302078109406,1.41122130109956,0.508998988816855,0.0203411678381,57.89585606463269,5699.035476361629,5641.139620296996,1.2021218884356974,207.3080592181889
1849,73.96,209.435544467695,8.36348627937342,-217.955726582483,-13.7076022915211,432.735387062326,0,0,0,0,-17.8130126079696,-12.6705231383047,-4.05805029419842e-05,0.0001302068036695,1.42863786445607,0.508998002648097,0.0203287385855,57.89260271962978,5699.031442630613,5641.138839910984,1.201304593769868,207.30803053953164
1850,74.0,209.43539822273,8.3636459484781,-217.958654110628,-13.7075500664985,432.737956451378,0,0,0,0,-17.8129444575212,-12.6736753053988,-4.05807616330825e-05,0.0001302058116916,1.44595054980008,0.50899699276955,0.0203163371666,57.8894014950148,5699.0274631024195,5641.138061607405,1.2004901620426436,207.3080019374024
1851,74.04,209.435256426112,8.36380999846315,-217.961557419365,-13.7074972447504,432.740501091765,0,0,0,0,-17.812875531829,-12.6768077444277,-4.05810156701481e-05,0.0001302048288449,1.4631582065552,0.508995961960364,0.0203039635116,57.88631924605163,5699.023604619914,5641.137285373863,1.1996799721732643,207.30797341134564
1852,74.08,209.43512385688,8.36398321688594,-217.96443627352,-13.7074439274847,432.743020840999,0,0,0,0,-17.8128059622736,-12.6799245823781,-4.05812757699994e-05,0.000130203844365,1.48025969150169,0.508994916072921,0.0202916175618,57.88348607331591,5699.019997227371,5641.136511154055,1.1988767102516786,207.30794495929223
1853,74.12,209.435003944153,8.36416901616002,-217.96729044039,-13.707390190884,432.745515559268,0,0,0,0,-17.812735847756,-12.6830287402924,-4.05815430965236e-05,0.0001302028570626,1.49725386881858,0.508993863386113,0.0202792992602,57.88099534133469,5699.01673423587,5641.135738894535,1.1980822954121793,207.30791657927807
1854,74.16,209.434895327906,8.36436592304492,-217.970119689796,-13.7073360148781,432.747985109535,0,0,0,0,-17.8126651622399,-12.6861187806662,-4.058181358724e-05,0.0001302018710439,1.51413961013152,0.508992813637693,0.020267008559,57.87881005372402,5699.013778637247,5641.134968583523,1.197295945927325,207.30788827087025
1855,74.2,209.434790987419,8.36456668792817,-217.972923794285,-13.7072812639413,432.750429357716,0,0,0,0,-17.8125937298291,-12.6891882069699,-4.05820877719986e-05,0.0001302008858391,1.53091579461518,0.508991776846803,0.0202547454297,57.87673913360204,5699.01093938798,5641.134200254378,1.1965136978044428,207.3078600352947
1856,74.24,209.434680322409,8.36476040714568,-217.97570252919,-13.7072257282048,432.752848172658,0,0,0,0,-17.8125212781409,-12.6922274330875,-4.05823670461663e-05,0.0001301999000506,1.54758130913977,0.508990761852646,0.0202425098621,57.874494072525174,5699.007928039676,5641.13343396715,1.1957295849427472,207.30783187475825
1857,74.28,209.43455333632,8.36493679045994,-217.978455672483,-13.7071692075435,432.755241425887,0,0,0,0,-17.8124475474484,-12.6952274939283,-4.05826464381999e-05,0.0001301989186002,1.56413504839959,0.508989774662499,0.0202303018483,57.87180278555379,5699.004472572191,5641.132669786637,1.1949379951897325,207.3078037916421
1858,74.32,209.434405313621,8.36509093402389,-217.98118300466,-13.7071116071782,432.757608991436,0,0,0,0,-17.8123724147571,-12.6981840869076,-4.05829206988944e-05,0.0001301979467188,1.58057591496207,0.508988817157275,0.0202181213741,57.86853692340164,5699.000444669392,5641.13190774599,1.1941362958251325,207.30777578716462
1859,74.36,209.434239506992,8.36522606503284,-217.983884308819,-13.7070529951515,432.75995074593,0,0,0,0,-17.8122959684061,-12.7010998590525,-4.05831920354477e-05,0.0001301969822413,1.59690281926344,0.508987886873909,0.0202059684253,57.86478502409473,5698.995932841209,5641.131147817114,1.193326333346305,207.30774786029323
1860,74.4,209.4340657762,8.36535215597228,-217.986559370821,-13.7069935777572,432.762266568805,0,0,0,0,-17.8122184761939,-12.703983199227,-4.05834653582516e-05,0.0001301960203211,1.61311467963208,0.508986978047582,0.0201938430023,57.86081545861582,5698.991205385568,5641.130389926952,1.192513656922329,207.30772000834327
1861,74.44,209.433895802066,8.36548104135924,-217.989207979324,-13.7069336023353,432.764556342366,0,0,0,0,-17.8121402592264,-12.7068440861268,-4.05837440494319e-05,0.0001301950576053,1.62921042238102,0.508986083342775,0.0201817451238,57.85694614272969,5698.986580153797,5641.1296340110675,1.1917048237088899,207.30769222894665
1862,74.48,209.433738191775,8.36562142048244,-217.991829925673,-13.7068732546473,432.766819951613,0,0,0,0,-17.8120615586994,-12.7096898234034,-4.0584032282452e-05,0.0001301940898919,1.6451889819302,0.508985195500859,0.020169674816,57.853411300946235,5698.982291359332,5641.128880058385,1.190904652514463,207.30766452169635
1863,74.52,209.433596549142,8.36577688512638,-217.994425003817,-13.7068126162315,432.769057284065,0,0,0,0,-17.8119824805116,-12.7125233034327,-4.05843284494482e-05,0.000130193118705,1.66104930088729,0.5089843084421,0.0201576321032,57.850308960253564,5698.978437066971,5641.128128106718,1.1901151483991206,207.30763688798203
1864,74.56,209.433470870353,8.36594734252215,-217.996993010402,-13.706751691573,432.771268229806,0,0,0,0,-17.8119030305092,-12.7153441831159,-4.05846207192326e-05,0.000130192155768,1.67679033008576,0.508983417709067,0.0201456170115,57.84763896266635,5698.975017172932,5641.127378210265,1.189336293018428,207.30760932979544
1865,74.6,209.433360405049,8.36613193647886,-217.999533744933,-13.7066904681755,432.773452681679,0,0,0,0,-17.8118231924721,-12.7181514256485,-4.05849038713976e-05,0.0001301912062229,1.69241102863582,0.508982520421678,0.0201336295821,57.84538084708735,5698.972011258905,5641.126630411817,1.1885676518462984,207.3075818487091
1866,74.64,209.433265739,8.36633117666022,-218.002047009765,-13.7066289632548,432.775610535359,0,0,0,0,-17.8117429887539,-12.7209451816574,-4.05851885459373e-05,0.0001301902594218,1.70791036401367,0.508981615119993,0.0201216698757,57.84355054208122,5698.969435264505,5641.1258847224235,1.187809539882856,207.30755444512909
1867,74.68,209.433188797692,8.36654694585067,-218.004532609894,-13.7065672274812,432.777741689216,0,0,0,0,-17.8116624851602,-12.7237267347251,-4.05854826757596e-05,0.0001301893074839,1.72328731215695,0.50898070175837,0.0201097379637,57.84220045607391,5698.967341584873,5641.1251411287985,1.187063020708297,207.30752711856715
1868,74.72,209.433131235831,8.36678085623801,-218.006990352799,-13.706505311705,432.779846044097,0,0,0,0,-17.8115817477514,-12.7264969595309,-4.05857810167276e-05,0.0001301883557204,1.73854085752432,0.508979781702175,0.020097833916,57.84137562865372,5698.965775246855,5641.124399618201,1.1863290041528503,207.30749986855506
1869,74.76,209.433092901622,8.36703267814757,-218.009420048575,-13.7064432312294,432.781923503278,0,0,0,0,-17.8115007964399,-12.7292549725013,-4.05860780629467e-05,0.0001301874096794,1.75366999313136,0.508978857392148,0.0200859577989,57.84107192619622,5698.964732119896,5641.1236601937,1.185607389749285,207.30747269520558
1870,74.8,209.433071188975,8.36729967455367,-218.011821510275,-13.7063809478748,432.783973972571,0,0,0,0,-17.8114195816841,-12.7319977712454,-4.05863742250898e-05,0.0001301864689658,1.768673720609,0.508977931657461,0.0200741096832,57.84121843167366,5698.964141288678,5641.122922857004,1.1848967095174627,207.30744559858155
1871,74.84,209.43306040547,8.36757595444435,-218.014194554142,-13.7063183552215,432.785997360389,0,0,0,0,-17.8113379653415,-12.7347200260221,-4.05866707671811e-05,0.0001301855323168,1.78355105030102,0.508977007036131,0.0200622896485,57.84166025928289,5698.963847854561,5641.122187595278,1.1841937804961307,207.30741857821127
1872,74.88,209.43305043822,8.36785111261916,-218.016538999533,-13.7062552525242,432.787993577658,0,0,0,0,-17.811255686859,-12.7374132997317,-4.05869715039273e-05,0.0001301845959202,1.79830100137057,0.50897608542035,0.0200504977778,57.842122238400755,5698.963576631873,5641.121454393473,1.1834929664991227,207.30739163354167
1873,74.92,209.433025849566,8.36810930837871,-218.0188546687,-13.7061913277826,432.78996253767,0,0,0,0,-17.8111723413546,-12.7400655052455,-4.05872828332828e-05,0.0001301836533913,1.81292260186907,0.508975167987733,0.0200387341491,57.84218427329099,5698.962907540519,5641.120723267228,1.182785681074138,207.3073647651475
1874,74.96,209.432967713155,8.36833113858814,-218.02114138668,-13.706126194815,432.791904156062,0,0,0,0,-17.8110874277453,-12.7426622910835,-4.05876031682676e-05,0.0001301827063386,1.82741488877719,0.508974255215015,0.0200269988358,57.841331280427916,5698.961325568198,5641.11999428777,1.1820614168330108,207.3073379756463
1875,75.0,209.432859429084,8.36849957084357,-218.023398981317,-13.7060595113705,432.793818350928,0,0,0,0,-17.8110005019827,-12.7451912484898,-4.05879193662781e-05,0.0001301817679098,1.84177690806689,0.508973346994737,0.0200152919153,57.83911144581939,5698.958379008544,5641.119267562725,1.1813109838950544,207.30731126899326
1876,75.04,209.432694423884,8.36860780335297,-218.025627283225,-13.7059911391304,432.795705042887,0,0,0,0,-17.8109113846202,-12.7476474503402,-4.05882219929036e-05,0.0001301808475136,1.85600771479008,0.508972442992531,0.0200036134738,57.83534583146948,5698.953888988355,5641.118543156886,1.180530784646251,207.30728464756942
1877,75.08,209.432480382332,8.3686635880227,-218.027826125606,-13.7059212350844,432.797564154999,0,0,0,0,-17.8108202793544,-12.7500364548958,-4.05885193330699e-05,0.0001301799368323,1.87010637315064,0.508971543064294,0.0199919636019,57.83024360172659,5698.948064621063,5641.117821019337,1.179725147381424,207.30725810950372
1878,75.12,209.432235868342,8.36868578404424,-218.02999534407,-13.705850184238,432.799395612605,0,0,0,0,-17.8107276857347,-12.7523717882187,-4.058882556061e-05,0.0001301790216919,1.88407195652538,0.50897064732502,0.0199803423843,57.8243100375482,5698.941411056499,5641.117101018951,1.1789044267713875,207.30723164997735
1879,75.16,209.431981543281,8.36869539410597,-218.032134776645,-13.7057784174278,432.801199343248,0,0,0,0,-17.8106341628271,-12.7546685969325,-4.05891418229091e-05,0.0001301781009859,1.8979035474719,0.50896975578966,0.0199687498966,57.81810745491052,5698.934490519096,5641.116383064185,1.1780801144249622,207.30720526562612
1880,75.2,209.431732909363,8.36870815721487,-218.034244263965,-13.7057062606112,432.802975276724,0,0,0,0,-17.8105401336964,-12.7569385056734,-4.05894613637452e-05,0.0001301771815563,1.9116002377876,0.508968867983939,0.0199571862102,57.81205767893127,5698.92772484558,5641.115667166649,1.1772608135675944,207.30717895687667
1881,75.24,209.431498736494,8.36873294451807,-218.036323649458,-13.7056339037338,432.804723345168,0,0,0,0,-17.8104458449947,-12.7591885378951,-4.05897825506064e-05,0.0001301762651917,1.92516112861688,0.508967982909298,0.0199456513983,57.80639928658938,5698.921352677251,5641.114953390662,1.1764513778305066,207.30715272609274
1882,75.28,209.431283200545,8.36877394260405,-218.038372779445,-13.7055614456403,432.806443483027,0,0,0,0,-17.8103514251885,-12.7614225423112,-4.05901064976626e-05,0.0001301753509787,1.93858533055337,0.508967099296617,0.0199341455349,57.801245863557696,5698.915487645346,5641.114241781788,1.175654107214615,207.30712657494874
1883,75.32,209.43108793864,8.3688327486318,-218.040391503199,-13.7054889337649,432.808135626972,0,0,0,0,-17.8102569360067,-12.7636424242696,-4.05904300547856e-05,0.0001301744421592,1.95187196369076,0.508966215852701,0.0199226686894,57.79664194577759,5698.9101742982775,5641.1135323524995,1.174869892466364,207.307100503903
1884,75.36,209.430912763616,8.36890909540963,-218.042379673037,-13.7054163746034,432.809799715847,0,0,0,0,-17.8101623859861,-12.7658484373244,-4.05907501712145e-05,0.0001301735415872,1.96502015763291,0.508965331454386,0.019911220925,57.79258243680332,5698.905407543081,5641.112825106278,1.174098613608766,207.30707451308353
1885,75.4,209.430755799147,8.36900098729219,-218.044337144427,-13.705343734429,432.811435690712,0,0,0,0,-17.810067731385,-12.7680391827745,-4.05910735339745e-05,0.0001301726421291,1.97802905152474,0.508964445452199,0.0198998023024,57.78901626965446,5698.901136322327,5641.112120052672,1.173339217477761,207.30704860284118
1886,75.44,209.430613919988,8.36910515041751,-218.046263775964,-13.7052709493578,432.813043494892,0,0,0,0,-17.8099728892658,-12.7702119587521,-4.05914076152594e-05,0.0001301717359258,1.99089779413532,0.508963558021115,0.0198884128843,57.785858375330875,5698.897275593767,5641.111417218436,1.17258996358197,207.30702277415918
1887,75.48,209.430483987361,8.36921829616572,-218.048159429193,-13.7051979535687,432.814623073957,0,0,0,0,-17.8098777741595,-12.7723638662279,-4.05917442748932e-05,0.0001301708310776,2.00362554396291,0.508962670265689,0.0198770527343,57.78302330229274,5698.893739946899,5641.110716644606,1.1718491078401392,207.30699702854557
1888,75.52,209.430364668326,8.36933898146251,-218.050023968377,-13.7051247203878,432.816174375628,0,0,0,0,-17.809782351432,-12.7744935295858,-4.05920725743974e-05,0.0001301699387913,2.01621146929944,0.508961783987969,0.019865721911,57.78047474824377,5698.890493110581,5641.110018362337,1.1711159061513194,207.30697136714522
1889,75.56,209.430257533219,8.36946873204579,-218.051857260347,-13.7050512881962,432.817697349717,0,0,0,0,-17.809686670933,-12.7766022015989,-4.05923978219484e-05,0.0001301690540592,2.02865474823575,0.508960901349661,0.0198544204657,57.77825545371643,5698.88757781583,5641.109322362114,1.1703912168820487,207.30694578960856
1890,75.6,209.430165918157,8.36961088221101,-218.053659174543,-13.7049777376389,432.819191948128,0,0,0,0,-17.8095908374038,-12.7786927434625,-4.05927298922856e-05,0.0001301681671307,2.04095456866865,0.50896002471921,0.0198431484431,57.77645624479433,5698.885084843015,5641.10862859822,1.1696768695343567,207.3069202942555
1891,75.64,209.430091757989,8.36976733989687,-218.055429583147,-13.7049041236146,432.820658124854,0,0,0,0,-17.8094949221639,-12.7807666886429,-4.05930674598416e-05,0.0001301672792911,2.05311012836805,0.508959156897955,0.0198319058833,57.77512981109591,5698.883066842058,5641.107937030962,1.1689739175214113,207.3068948796273
1892,75.68,209.430032533855,8.36993546786326,-218.057168361208,-13.7048304087286,432.822095835929,0,0,0,0,-17.8093988767015,-12.7828215435212,-4.05934049179751e-05,0.0001301663960786,2.06512063508784,0.508958301723441,0.0198206928189,57.77420761660527,5698.881455271287,5641.107247654682,1.1682809600595967,207.30686954551607
1893,75.72,209.429980198755,8.37010698488149,-218.058875386682,-13.7047564387806,432.823505039336,0,0,0,0,-17.8093025008549,-12.7848500596554,-4.05937437542994e-05,0.0001301655159924,2.07698530665192,0.508957464675672,0.019809509269,57.7734706706095,5698.880031160679,5641.10656049007,1.1675935581646253,207.3068442926821
1894,75.76,209.429922315933,8.37026912650892,-218.060550540407,-13.7046819651186,432.824885694949,0,0,0,0,-17.8092054718502,-12.7868414637966,-4.05940898315613e-05,0.0001301646331929,2.08870337098924,0.508956652883689,0.0197983552371,57.772580515563696,5698.878456088867,5641.105875573304,1.1669048691381916,207.30681912245498
1895,75.8,209.429845044968,8.37040769303563,-218.06219370601,-13.7046067065915,432.826237764534,0,0,0,0,-17.8091074247483,-12.7887840917582,-4.05944423254307e-05,0.0001301637485226,2.10027406616749,0.508955874201231,0.0197872307123,57.771160478910005,5698.876353438812,5641.105192959902,1.1662072936921537,207.30679403687492
1896,75.84,209.429737667384,8.37051167077698,-218.063804769781,-13.704530445382,432.82756121177,0,0,0,0,-17.8090080768528,-12.7906690799974,-4.05947914545538e-05,0.0001301628717778,2.11169664046207,0.508955135547936,0.0197761356728,57.76891883534284,5698.873431545926,5641.104512710584,1.1654949630744365,207.30676903817334
1897,75.88,209.429597278572,8.37057802374645,-218.06538362054,-13.7044531268945,432.82885600226,0,0,0,0,-17.8089073573548,-12.7924940333569,-4.05951317746823e-05,0.0001301620084277,2.12297035243154,0.508954441062272,0.0197650700873,57.76577652646481,5698.869611371772,5641.103834845308,1.1647663094341785,207.3067441270837
1898,75.92,209.429430767863,8.37061371523941,-218.06693014964,-13.7043749012427,432.830122103506,0,0,0,0,-17.8088054611571,-12.7942645143341,-4.05954704802243e-05,0.0001301611513047,2.13409447094467,0.508953790731359,0.0197540339139,57.76192107409634,5698.865080384597,5641.1031593105,1.1640251399203327,207.30671930163717
1899,75.96,209.429252040151,8.37063286930884,-218.068444251142,-13.7042960629277,432.831359484913,0,0,0,0,-17.8087027705682,-12.7959918421069,-4.05958157270345e-05,0.0001301602922585,2.14506827516171,0.508953180102885,0.0197430271012,57.75773094650865,5698.860216955836,5641.102486009328,1.1632790981416075,207.30669455827524
1900,76.0,209.429076091309,8.37065072039577,-218.06992582204,-13.7042169248286,432.832568117781,0,0,0,0,-17.8085996917532,-12.7976884003993,-4.05961688632976e-05,0.0001301594299209,2.15589105454143,0.508952601323697,0.0197320495895,57.75361426832413,5698.855429143981,5641.1018148756575,1.162536406742876,207.30666989456756
1901,76.04,209.428914125891,8.37067863043923,-218.071374762355,-13.7041377174845,432.833747975291,0,0,0,0,-17.808496524007,-12.7993636617739,-4.05965294108632e-05,0.0001301585647367,2.16656210891717,0.508952045117214,0.0197211013109,57.74987593192771,5698.851021840473,5641.101145908545,1.1618031924062222,207.30664531047938
1902,76.08,209.428772091938,8.37072259800032,-218.072790975076,-13.7040585634395,432.834899032453,0,0,0,0,-17.8083934264457,-12.8010228491063,-4.0596891701994e-05,0.000130157702358,2.17708074860205,0.508951502791452,0.0197101821878,57.746677764240815,5698.847156899752,5641.100479135511,1.161082690845022,207.3066208070221
1903,76.12,209.428651430173,8.37078402748351,-218.074174366036,-13.7039794973506,432.836021266076,0,0,0,0,-17.8082904440988,-12.8026673599742,-4.05972460196052e-05,0.0001301568525453,2.18744629445263,0.508950967397056,0.0196992921304,57.74405895774364,5698.84387352589,5641.099814568146,1.1603756654177035,207.3065963846217
1904,76.16,209.428549881411,8.37086055358314,-218.075524843885,-13.7039004830566,432.83711465477,0,0,0,0,-17.8081875300554,-12.8042952875188,-4.05975951655202e-05,0.0001301560125923,2.19765807787688,0.508950433773363,0.0196884310376,57.74195804857307,5698.841110243329,5641.099152194756,1.1596808555657543,207.3065720428484
1905,76.2,209.428461635429,8.37094618981357,-218.076842320154,-13.7038214132026,432.838179178972,0,0,0,0,-17.8080845449652,-12.8059015094619,-4.05979522795659e-05,0.0001301551694316,2.2077154408422,0.508949897984919,0.0196775988002,57.74021694869742,5698.838708947849,5641.0984919991515,1.1589950636264295,207.30654778110718
1906,76.24,209.428377596829,8.37103159625479,-218.078126709272,-13.7037421110958,432.839214820942,0,0,0,0,-17.8079812594512,-12.8074779638829,-4.05983206477009e-05,0.0001301543197673,2.21761773593438,0.508949356952629,0.019666795302,57.73858814979611,5698.836422141067,5641.097833991271,1.1583133048302017,207.30652359976338
1907,76.28,209.428287269671,8.37110600226407,-218.079377928483,-13.7036623688387,432.840221564728,0,0,0,0,-17.8078774036373,-12.8090153457912,-4.05986922379073e-05,0.0001301534715707,2.22736432645401,0.508948808636798,0.0196560204191,57.73678599336987,5698.8339642139035,5641.097178220533,1.1576298401955278,207.30649950063304
1908,76.32,209.428182809042,8.37116134306515,-218.080595897749,-13.703582032416,432.841199396143,0,0,0,0,-17.8077727776234,-12.8105066945238,-4.05990598324129e-05,0.0001301526320161,2.23695458648357,0.508948252397442,0.0196452740191,57.73459695817541,5698.831121695406,5641.0965247372305,1.1569403885831329,207.3064754855644
1909,76.36,209.428063156448,8.37119648103476,-218.081780539767,-13.7035010876046,432.842148302785,0,0,0,0,-17.8076673630025,-12.8119510269572,-4.05994226269467e-05,0.0001301518019093,2.24638790088641,0.508947689013056,0.0196345559619,57.73199224691295,5698.827865782485,5641.095873535572,1.156244377499638,207.30645155434462
1910,76.4,209.427934835877,8.37121801712469,-218.082931780085,-13.7034196752233,432.84306827406,0,0,0,0,-17.8075613426341,-12.8133540159201,-4.05997849442967e-05,0.0001301509769652,2.25566366528203,0.508947120416174,0.0196238661027,57.72914946089348,5698.824374001896,5641.095224541003,1.1555453667969482,207.3064277042339
1911,76.44,209.42780818386,8.37123644272328,-218.084049547213,-13.703338012803,432.843959301152,0,0,0,0,-17.8074549989484,-12.8147246810333,-4.06001504136788e-05,0.0001301501535918,2.26478128606548,0.508946549646937,0.019613204292,57.7263499699492,5698.820927624974,5641.094577655024,1.1548489840425367,207.30640393161246
1912,76.48,209.427691512284,8.37126018361098,-218.085133772656,-13.7032562756383,432.844821376967,0,0,0,0,-17.8073485595364,-12.8160702641408,-4.06005203519756e-05,0.0001301493304595,2.27374018048015,0.508945981185871,0.019602570373,57.723820014552075,5698.817752829685,5641.093932815133,1.154159741589841,207.3063802341833
1913,76.52,209.427587144703,8.3712915563342,-218.086184390929,-13.7031745168133,432.845654496111,0,0,0,0,-17.8072420933297,-12.8173927043684,-4.06008975570266e-05,0.0001301485047009,2.28253977669167,0.508945421153603,0.0195919641812,57.72162282415529,5698.814912843151,5641.093290018996,1.1534788838273018,207.3063566118608
1914,76.56,209.427491401894,8.37132675373328,-218.087201339577,-13.7030926671935,432.846458654932,0,0,0,0,-17.8071355105879,-12.8186885956543,-4.06012823377036e-05,0.000130147675944,2.29117951382433,0.508944876743015,0.0195813855467,57.71965823950169,5698.812307548619,5641.092649309117,1.1528043888086317,207.3063330662068
1915,76.6,209.427397903886,8.37135921437624,-218.088184559164,-13.7030106028831,432.847233851558,0,0,0,0,-17.8070286504822,-12.8199521483512,-4.06016662183472e-05,0.0001301468526536,2.2996588419837,0.50894435476623,0.0195708342975,57.717752597426035,5698.809763338233,5641.092010740807,1.152132771671426,207.30630959925404
1916,76.64,209.427302045995,8.37138419037516,-218.089133993182,-13.7029282370602,432.847980085862,0,0,0,0,-17.8069214003284,-12.8211792277819,-4.0602039579204e-05,0.0001301460444736,2.30797722229996,0.508943859748013,0.0195603102588,57.71578057053381,5698.80715491216,5641.091374341626,1.1514615193581774,207.3062862120153
1917,76.68,209.427203901869,8.3714017097226,-218.090049587984,-13.7028455792511,432.848697359382,0,0,0,0,-17.80681377253,-12.822369950534,-4.06024063164139e-05,0.0001301452475454,2.31613412697901,0.508943392316458,0.0195498132494,57.71374419872604,5698.804484274464,5641.090740075738,1.150790663570697,207.3062629031736
1918,76.72,209.427107384348,8.37141571872271,-218.09093129284,-13.7027627168117,432.849385675277,0,0,0,0,-17.8067058805179,-12.8235278726774,-4.06027828012177e-05,0.0001301444455439,2.32412903932238,0.508942948737063,0.0195393430801,57.711750042570195,5698.801857898944,5641.090107856374,1.1501223183980136,207.3062396695403
1919,76.76,209.427016381367,8.3714301370771,-218.091779060105,-13.7026797340108,432.850045038406,0,0,0,0,-17.8065978336948,-12.8246564439878,-4.06031767879195e-05,0.0001301436307503,2.3319614537198,0.508942522045338,0.0195288995579,57.70990396385439,5698.799381581701,5641.089477617847,1.1494585791442418,207.3062165087014
1920,76.8,209.426931671535,8.37144570970814,-218.092592845337,-13.7025966482482,432.850675455412,0,0,0,0,-17.806489654639,-12.8257562239298,-4.06035741275162e-05,0.0001301428173337,2.33963087566479,0.508942104387237,0.0195184824926,57.70822714447541,5698.797076509764,5641.088849365289,1.1487998509772277,207.30619342084557
1921,76.84,209.426851542797,8.37146063928308,-218.093372607265,-13.7025134239578,432.851276934737,0,0,0,0,-17.8063812971623,-12.8268255307022,-4.06039575151162e-05,0.0001301420226282,2.3471368218135,0.508941689503172,0.019508091699,57.706672953235575,5698.794896095746,5641.08822314251,1.1481451892516088,207.3061704075827
1922,76.88,209.426774705731,8.37147356092607,-218.094118307651,-13.7024300341023,432.851849486558,0,0,0,0,-17.8062727261458,-12.8278631549683,-4.06043333553525e-05,0.0001301412402742,2.35447882004923,0.508941274263877,0.0194977269939,57.705206295207844,5698.792805252682,5641.087598957474,1.1474938808873547,207.3061474692055
1923,76.92,209.426701799005,8.37148507933133,-218.09482991118,-13.7023464918991,432.852393122752,0,0,0,0,-17.8061639587259,-12.8288696749078,-4.06047212897464e-05,0.0001301404506577,2.36165640950581,0.508940858742399,0.0194873881954,57.70384459217731,5698.79082135962,5641.086976767443,1.1468462581681569,207.30612460414338
1924,76.96,209.42663424659,8.37149660305514,-218.095507385455,-13.7022628279642,432.852907856954,0,0,0,0,-17.8060550346335,-12.829846317374,-4.06051210166708e-05,0.0001301396540567,2.36866914055599,0.508940445089044,0.019477075126,57.7026266336427,5698.78898316478,5641.086356531137,1.1462030773583483,207.30610181087937
1925,77.0,209.426572706695,8.37150876340521,-218.096150701008,-13.7021790603333,432.853393704631,0,0,0,0,-17.8059459772948,-12.8307935356578,-4.06055166503196e-05,0.0001301388662886,2.37551657481681,0.508940035919653,0.0194667876174,57.7015703317655,5698.787308578942,5641.085738247177,1.1455646791499547,207.3060790893627
1926,77.04,209.426517182546,8.37152152988742,-218.096759831231,-13.7020951991586,432.853850683047,0,0,0,0,-17.8058367999398,-12.8317111791061,-4.06059071397011e-05,0.0001301380883255,2.38219828519837,0.508939632885601,0.0194565255093,57.700675763681076,5698.785797689892,5641.085121926211,1.1449310500822234,207.30605643998476
1927,77.08,209.426467968822,8.37153517631732,-218.097334752314,-13.702011266311,432.85427881113,0,0,0,0,-17.8057275310402,-12.8325993856424,-4.06063019179926e-05,0.0001301373106785,2.38871385597074,0.508939235909475,0.0194462886426,57.69995096120233,5698.784458516252,5641.08450755505,1.144302334547416,207.3060338622608
1928,77.12,209.426425769901,8.37155039824767,-218.097875443332,-13.7019272943932,432.854678109378,0,0,0,0,-17.8056182130069,-12.8334586434589,-4.06067002327317e-05,0.0001301365341011,2.39506288280467,0.50893884333015,0.0194360768547,57.699415118480786,5698.783310225123,5641.083895106643,1.1436788976661696,207.30601135519677
1929,77.16,209.426391265782,8.37156786524381,-218.098381886509,-13.7018433128667,432.855048599915,0,0,0,0,-17.8055088841545,-12.8342893629842,-4.06070984308862e-05,0.0001301357623203,2.40124497277008,0.508938452693571,0.0194258899827,57.69908675378015,5698.782371320222,5641.083284566443,1.143061090366154,207.30598891825807
1930,77.2,209.426365125867,8.37158823120171,-218.098854067526,-13.7017593444037,432.855390306595,0,0,0,0,-17.805399573939,-12.8350918973552,-4.06074984846084e-05,0.0001301349934811,2.40725974432574,0.508938061421504,0.0194157278707,57.69898408977442,5698.781660016905,5641.082675927131,1.142449257390486,207.30596655117571
1931,77.24,209.426348255677,8.37161238452747,-218.0992919756,-13.7016754082748,432.855703255025,0,0,0,0,-17.8052903073422,-12.835866756044,-4.06079008445604e-05,0.0001301342272089,2.41310682734299,0.508937666734597,0.0194055903714,57.69913177496574,5698.781200955654,5641.0820691806875,1.1418438704280354,207.30594425365499
1932,77.28,209.426341807733,8.37164146086772,-218.099695603285,-13.7015915222845,432.855987472435,0,0,0,0,-17.8051811073976,-12.8366145929525,-4.06083047194137e-05,0.0001301334642815,2.41878586316684,0.508937265019916,0.01939547734,57.6995611752217,5698.7810254981605,5641.081464322939,1.141245533180128,207.3059220255425
1933,77.32,209.426347174229,8.37167684064768,-218.100064946158,-13.7015077078315,432.85624298757,0,0,0,0,-17.8050720017911,-12.8373361947628,-4.06087104940029e-05,0.000130132704256,2.42429650466432,0.508936851458103,0.0193853886278,57.70031017729793,5698.781171527955,5641.080861350657,1.1406549767459788,207.30589986671964
1934,77.36,209.426366093217,8.37172026289542,-218.100400002649,-13.7014239977525,432.856469830723,0,0,0,0,-17.804963033076,-12.8380325551558,-4.06091174092088e-05,0.0001301319478648,2.42963841622041,0.508936420408473,0.0193753240851,57.701426085826476,5698.78168633984,5641.080260254013,1.1400731167021452,207.30587777682524
1935,77.4,209.426400714586,8.37177389447785,-218.100700774095,-13.7013404396669,432.856668033871,0,0,0,0,-17.8048542630258,-12.8387048848668,-4.06095252849607e-05,0.0001301311952954,2.43481127371742,0.508935966115337,0.0193652835697,57.70296741408119,5698.782628435276,5641.079661021195,1.1395010884934995,207.3058557554251
1936,77.44,209.426453638702,8.3718403667749,-218.100967264844,-13.701257093949,432.85683763072,0,0,0,0,-17.8047457699799,-12.8393545993503,-4.06099347786918e-05,0.0001301304458949,2.43981476455216,0.508935482867734,0.01935526695,57.7050049298631,5698.784068573825,5641.0790636439615,1.138940267689807,207.3058338022165
1937,77.48,209.426527974656,8.37192283078443,-218.101199482284,-13.701174030442,432.856978656598,0,0,0,0,-17.8046376445439,-12.8399833314826,-4.06103461220385e-05,0.0001301296994162,2.4446485876924,0.50893496440087,0.0193452740997,57.70762324097664,5698.7860913581635,5641.078468117187,1.138392300321621,207.30581191701103
1938,77.52,209.426627375265,8.37202499110311,-218.101397436794,-13.7010913273546,432.857091148311,0,0,0,0,-17.80452998814,-12.8405929186524,-4.06107598257231e-05,0.0001301289553251,2.44931245372218,0.508934403259184,0.0193353048904,57.71092174901523,5698.7887961865035,5641.077874437488,1.1378591205412127,207.30579009968432
1939,77.56,209.426756044515,8.37215111482401,-218.101561141776,-13.701009072701,432.857175144168,0,0,0,0,-17.8044229148793,-12.8411853590299,-4.06111757924735e-05,0.0001301282136984,2.45380608483535,0.508933790890197,0.0193253591933,57.71501485627064,5698.792297455131,5641.077282598861,1.1373429540572004,207.3057683500157
1940,77.6,209.426918681479,8.37230597544649,-218.101690613808,-13.7009273642804,432.857230684121,0,0,0,0,-17.8043165515381,-12.8417627226234,-4.06115932289415e-05,0.0001301274753181,2.45812921480928,0.508933118569109,0.019315436888,57.720030437655865,5698.796723032337,5641.076692594681,1.136846287815641,207.3057466677618
1941,77.64,209.427120242616,8.37249460998664,-218.101785872762,-13.7008463044492,432.85725780984,0,0,0,0,-17.8042110307672,-12.8423269613073,-4.06120114456102e-05,0.0001301267408773,2.46228158901531,0.508932378928178,0.0193055378677,57.72610337048436,5698.802207790238,5641.076104419753,1.1363717422759427,207.30572505273173
1942,77.68,209.427365362319,8.3727217279197,-218.101846941743,-13.7007659884608,432.857256564603,0,0,0,0,-17.8041064759632,-12.8428795541111,-4.06124297865317e-05,0.0001301260110468,2.46626296447049,0.508931568144018,0.019295662033,57.73335977261351,5698.808877837092,5641.075518064478,1.1359217605902274,207.30570350457262
1943,77.72,209.427657181183,8.37299051738212,-218.101873846974,-13.7006864823542,432.857226993129,0,0,0,0,-17.8040029726006,-12.84342087403,-4.06128476735282e-05,0.0001301252864125,2.47007310988135,0.50893068910523,0.0192858092829,57.74188512990531,5698.816818632843,5641.074933502938,1.1354979817679682,207.30568202233204
1944,77.76,209.427995216893,8.37330047503963,-218.101866617862,-13.7006077818574,432.857169141573,0,0,0,0,-17.8039005149587,-12.8439491111453,-4.06132643969772e-05,0.0001301245676613,2.47371180563292,0.508929755709369,0.0192759795154,57.75166637002986,5698.826017053029,5641.0743506829995,1.1351001042870767,207.30566060409416
1945,77.8,209.428371906626,8.3736438805488,-218.101825287271,-13.7005297443449,432.857083057693,0,0,0,0,-17.8037989179278,-12.8444586185965,-4.0613679944117e-05,0.0001301238547621,2.47717884375065,0.508928797711877,0.019266172638,57.76249777517125,5698.836267302757,5641.073769527586,1.134724043456258,207.30563924702642
1946,77.84,209.428767841855,8.37400093746292,-218.101749891778,-13.7004519948176,432.856968790988,0,0,0,0,-17.8036976951664,-12.8449377667221,-4.06140974339603e-05,0.0001301231445829,2.48047402789965,0.508927864374098,0.0192563885763,57.773851303477294,5698.847041249103,5641.073189945626,1.1343593955551212,207.30561794778208
1947,77.88,209.429147000731,8.37433491124236,-218.101640471652,-13.7003738314937,432.856826392634,0,0,0,0,-17.8035959367726,-12.8453669032613,-4.06145244655021e-05,0.0001301224295768,2.48359717343837,0.508927024287591,0.019246627271,57.78474681144292,5698.857358687634,5641.07261187619,1.1339869071612747,207.30559670412194
1948,77.92,209.429455651664,8.37459100964687,-218.101497070553,-13.7002942027303,432.8566559153,0,0,0,0,-17.803492279412,-12.8457179475182,-4.06149681065623e-05,0.0001301217027521,2.48654810749179,0.508926359129619,0.0192368886673,57.79372213533231,5698.865757507311,5641.072035371979,1.1335779104452042,207.30557551798276
1949,77.96,209.429630462953,8.37470465034781,-218.101319735076,-13.7002118653907,432.856457413072,0,0,0,0,-17.803385111618,-12.845958304612,-4.06154233964335e-05,0.0001301209690895,2.48932666900011,0.508925950810413,0.019227172711,57.799053698477564,5698.870514364773,5641.071460666295,1.1330986718553593,207.30555439793824
1950,78.0,209.4296183367,8.37462168682976,-218.10110851423,-13.7001257774489,432.856230941548,0,0,0,0,-17.8032730827196,-12.8460609393406,-4.06158697846952e-05,0.0001301202490933,2.49193270873316,0.508925863946364,0.0192174793546,57.79929630990789,5698.870184392622,5641.070888082714,1.13252098213897,207.30553335587956
1951,78.04,209.429400370452,8.37432284642152,-218.100863458935,-13.7000355749671,432.855976557933,0,0,0,0,-17.8031557211111,-12.8460168515397,-4.06162902762517e-05,0.0001301195597097,2.49436608927601,0.508926128199623,0.0192078085634,57.793935461782,5698.864253228912,5641.07031776713,1.1318349168842883,207.30551239716823
1952,78.08,209.429003441264,8.37383554328719,-218.100584621747,-13.6999418012276,432.855694320952,0,0,0,0,-17.8030337311643,-12.845840581864,-4.06166948209662e-05,0.0001301188909837,2.49662668499001,0.508926726828494,0.0191981603108,57.78370272312473,5698.853452235563,5641.069749512439,1.1310549627248772,207.3054915141933
1953,78.12,209.428488553752,8.37322199041429,-218.100272057056,-13.6998456702534,432.855384290647,0,0,0,0,-17.802908686588,-12.8455634075161,-4.06171079007561e-05,0.00013011821846,2.49871438197754,0.508927597461001,0.0191885345666,57.770258527575315,5698.839441432728,5641.069182905152,1.1302137482538122,207.30547069175938
1954,78.16,209.427923781522,8.37255160105491,-218.099925821758,-13.6997485260539,432.855046528279,0,0,0,0,-17.8027823295325,-12.8452197191446,-4.06175378983229e-05,0.000130117533781,2.50062907806455,0.50892864735546,0.0191789312921,57.755455550592764,5698.824073197575,5641.068617646982,1.1293475936523103,207.3054499189046
1955,78.2,209.427361605688,8.37187788152239,-218.099545976021,-13.6996513962542,432.85468109644,0,0,0,0,-17.8026559921334,-12.844836550936,-4.06179786122101e-05,0.0001301168431617,2.50237068279702,0.508929778474993,0.0191693504473,57.74072190270362,5698.808775613956,5641.068053711252,1.128484447073292,207.30542919464858
1956,78.24,209.426832435308,8.37123183134036,-218.099132583674,-13.6995548715774,432.854288059219,0,0,0,0,-17.8025304403407,-12.844430793032,-4.06184244573338e-05,0.000130116152187,2.50393911746463,0.50893091143123,0.019159792001,57.72688492055438,5698.794376154487,5641.067491233932,1.12764046469903,207.30540852398815
1957,78.28,209.426349692622,8.37062713489675,-218.098685712122,-13.6994592123493,432.853867482197,0,0,0,0,-17.8024060118938,-12.8440113492927,-4.06188706467868e-05,0.0001301154656239,2.5053343151469,0.508931997606505,0.0191502559312,57.714309718098534,5698.781240056919,5641.06693033882,1.1268227459685252,207.3053879114728
1958,78.32,209.425916599757,8.37006708225439,-218.098205432005,-13.6993644827736,432.853419432281,0,0,0,0,-17.8022827902876,-12.8435818989059,-4.061931471659e-05,0.0001301147859071,2.50655622074685,0.508933016639212,0.0191407422148,57.703083906904716,5698.769454999795,5641.06637109289,1.1260329606869137,207.30536735956375
1959,78.36,209.425530878101,8.36954935885756,-218.097691816945,-13.6992706414084,432.852943977597,0,0,0,0,-17.8021607220135,-12.843142898152,-4.06197581689992e-05,0.0001301141115218,2.50760479098077,0.508933965408465,0.0191312508224,57.69314545029243,5698.758958978926,5641.065813528633,1.1252698562046877,207.30534686945504
1960,78.4,209.42518784557,8.36906920247669,-218.097144943568,-13.6991776009323,432.852441187594,0,0,0,0,-17.8020396940247,-12.8426931160512,-4.06202023510135e-05,0.0001301134411253,2.50847999433104,0.508934847427535,0.0191217817255,57.68436693214004,5698.749624588314,5641.065257656174,1.1245309080167059,207.3053264415188
1961,78.44,209.424882189124,8.36862120978986,-218.096564891625,-13.6990852622692,432.851911133228,0,0,0,0,-17.8019195779858,-12.8422305987968,-4.06206480875538e-05,0.0001301127738962,2.50918181101928,0.508935667587169,0.0191123349079,57.67660377761034,5698.741307252778,5641.064703475167,1.1238132632083164,207.30530607574224
1962,78.48,209.424608749518,8.36820013605776,-218.095951743994,-13.698993529545,432.851353886999,0,0,0,0,-17.8018002496756,-12.8417531549983,-4.06210956586784e-05,0.0001301121095506,2.50971023303153,0.508936431491745,0.0191029103678,57.66971559561233,5698.733866582112,5641.064150986499,1.1231141570341303,207.305285772158
1963,78.52,209.42436286851,8.36780124868958,-218.095305586502,-13.698902316454,432.850769522776,0,0,0,0,-17.8016815972485,-12.8412586465513,-4.06215443388015e-05,0.0001301114488136,2.51006526415374,0.508937146006598,0.0190935081077,57.66357562906926,5698.727175819093,5641.063600190024,1.122431096024892,207.30526553076066
1964,78.56,209.424140492645,8.36742043239766,-218.09462650777,-13.6988115476399,432.850158115657,0,0,0,0,-17.801563523028,-12.8407451228729,-4.0621993639501e-05,0.0001301107921809,2.51024691996725,0.508937818894421,0.0190841281263,57.65807358090176,5698.721124663593,5641.063051082691,1.1217619117852757,207.30524535143823
1965,78.6,209.423938157753,8.36705417398577,-218.093914599244,-13.6987211590184,432.849519742029,0,0,0,0,-17.8014459439368,-12.8402108567843,-4.06224434543123e-05,0.0001301101397712,2.51025522780492,0.508938457811669,0.0190747704229,57.653115188306714,5698.715618850746,5641.06250366244,1.1211047521492286,207.30522523411486
1966,78.64,209.423752946913,8.36669952142734,-218.093169955315,-13.6986310989381,432.848854479738,0,0,0,0,-17.8013287930242,-12.8396543475938,-4.06228941988517e-05,0.0001301094911715,2.51009022672431,0.508939069675734,0.0190654350081,57.64862107780462,5698.710579007087,5641.0619579292825,1.1204580587641373,207.30520517879106
1967,78.68,209.423582431536,8.36635402407663,-218.092392673368,-13.6985413272993,432.848162408127,0,0,0,0,-17.8012120183284,-12.8390743120259,-4.06233466093035e-05,0.0001301088456244,2.50975196753208,0.508939660519423,0.0190561219062,57.644525163722804,5698.705939047345,5641.061413883623,1.1198205353801862,207.30518518548163
1968,78.72,209.423424613256,8.36601567005005,-218.091582853711,-13.6984518109502,432.847443607867,0,0,0,0,-17.801095576883,-12.8384696871694,-4.06238011546768e-05,0.000130108202633,2.50924051282152,0.508940235339402,0.0190468311445,57.64077306630448,5698.70164459321,5641.060871526906,1.1191911158340608,207.30516525423977
1969,78.76,209.423277869177,8.36568282638894,-218.090740599485,-13.6983625185072,432.84669816078,0,0,0,0,-17.8009794279689,-12.8378396283288,-4.06242575167808e-05,0.0001301075625387,2.50855593697018,0.508940797908126,0.0190375627433,57.637320623642566,5698.697651483433,5641.060330859791,1.118568933991871,207.30514538508956
1970,78.8,209.423140903024,8.36535418944442,-218.089866016649,-13.698273419644,432.845926149872,0,0,0,0,-17.8008635321983,-12.8371834879489,-4.0624714681403e-05,0.0001301069264692,2.50769832609175,0.508941350948509,0.0190283167184,57.63413255974904,5698.693924444575,5641.059791884826,1.1179532975594961,207.30512557812474
1971,78.84,209.423012695784,8.36502873929844,-218.088959213986,-13.6981844890536,432.845127659525,0,0,0,0,-17.8007478566923,-12.836500774815,-4.06251730275264e-05,0.0001301062941774,2.50666777799667,0.508941896699139,0.0190190930938,57.631181140735144,5698.690435747879,5641.059254607144,1.1173436623533586,207.30510583353393
1972,78.88,209.422892442537,8.3647056806239,-218.088020302999,-13.6980957106812,432.844302775593,0,0,0,0,-17.8006323806124,-12.8357911040523,-4.06256331436927e-05,0.0001301056650627,2.50546440220281,0.508942437435114,0.0190098919075,57.62844445626642,5698.687163490357,5641.058719034091,1.1167395989763578,207.3050861515871
1973,78.92,209.422779486856,8.3643843781744,-218.087049397685,-13.6980070789015,432.843451585268,0,0,0,0,-17.8005170967038,-12.835054163903,-4.06260920853133e-05,0.0001301050418483,2.50408831996703,0.508942975612464,0.0190007132024,57.62590463826145,5698.684089809721,5641.05818517146,1.1161407574869773,207.30506653249708
1974,78.96,209.42267326503,8.36406429855074,-218.086046614403,-13.6979185959951,432.842574176878,0,0,0,0,-17.8004020080076,-12.8342896982997,-4.06265499802515e-05,0.0001301044241389,2.50253966428433,0.508943513660121,0.018991557015,57.62354634736474,5698.6811993666115,5641.057653019247,1.1155468372245247,207.30504697626378
1975,79.0,209.422573255616,8.36374495468886,-218.085012072021,-13.6978302669094,432.841670639857,0,0,0,0,-17.8002871210328,-12.8334974753014,-4.06270148106996e-05,0.0001301038038659,2.50081857984355,0.508944053672932,0.0189824233738,57.62135539784368,5698.678477971844,5641.057122574,1.1149575599814514,207.30502748276032
1976,79.04,209.422478966254,8.36342588783207,-218.083945892254,-13.6977420942226,432.840741064898,0,0,0,0,-17.8001724391907,-12.8326772589715,-4.06274851292506e-05,0.000130103182585,2.49892522298832,0.508944597335493,0.0189733123095,57.61931839185762,5698.675912227619,5641.056593835761,1.1143726634826576,207.30500805198827
1977,79.08,209.422390025673,8.36310675869424,-218.082848199898,-13.6976540771774,432.839785544054,0,0,0,0,-17.8000579615245,-12.8318288837612,-4.06279470603415e-05,0.0001301025743025,2.49685976172425,0.508945146261868,0.0189642238612,57.61742521835145,5698.673492031138,5641.056066812786,1.1137919500217828,207.30498868425101
1978,79.12,209.422306212082,8.36278737678634,-218.081719122729,-13.6975662125999,432.838804170625,0,0,0,0,-17.7999436839029,-12.8309523211679,-4.06284036871051e-05,0.0001301019760027,2.4946223757451,0.508945702548394,0.0189551580692,57.61566984008559,5698.671211347161,5641.055541507076,1.1132153010786594,207.30496937962204
1979,79.16,209.42222708706,8.36246732926764,-218.080558791245,-13.6974784899268,432.837797038964,0,0,0,0,-17.7998295925798,-12.8300473772581,-4.06288737121245e-05,0.0001301013690468,2.49221325642638,0.508946268972256,0.018946114963,57.614040330576984,5698.669058245646,5641.055017915069,1.1126424840006237,207.3049501379705
1980,79.2,209.422151662157,8.3621456427947,-218.079367338502,-13.6973908865753,432.836764244439,0,0,0,0,-17.7997156582034,-12.8291133297407,-4.06293553687009e-05,0.000130100755293,2.48963260677996,0.50894684830329,0.0189370945601,57.61250978094775,5698.667005829496,5641.054496048548,1.1120729766836843,207.3049309597294
1981,79.24,209.422079134671,8.3618215347351,-218.078144900178,-13.6973033834778,432.835705883591,0,0,0,0,-17.7996018559888,-12.8281495462142,-4.06298285885946e-05,0.0001301001548607,2.48688064141271,0.508947441787858,0.018928096876,57.611056323834745,5698.665032256079,5641.053975932245,1.1115063551956696,207.30491184580765
1982,79.28,209.422010185944,8.36149573784445,-218.076891614664,-13.6972159915242,432.834622054288,0,0,0,0,-17.7994882000388,-12.8271567487278,-4.06302885707445e-05,0.0001300995724959,2.48395758651603,0.508948047695211,0.0189191219345,57.6096985014391,5698.663156065654,5641.053457564215,1.1109429761872713,207.30489279613374
1983,79.32,209.421946568661,8.36117008032894,-218.075607622968,-13.697128744372,432.833512855672,0,0,0,0,-17.799374734011,-12.8261367379393,-4.0630750457965e-05,0.0001300989929156,2.48086367986713,0.508948661117423,0.0189101697637,57.60848404667194,5698.66142495121,5641.052940904538,1.1103837585286007,207.30487380924066
1984,79.36,209.421888496248,8.36084482446068,-218.074293068473,-13.6970416477174,432.832378387978,0,0,0,0,-17.7992614652786,-12.8250899707531,-4.06312264761247e-05,0.0001300984037565,2.47759917081639,0.508949275444271,0.0189012403842,57.60741879731576,5698.659844720364,5641.052425923049,1.1098288117576902,207.30485488401982
1985,79.4,209.421832821298,8.36051680902922,-218.072948096804,-13.6969546433769,432.83121875245,0,0,0,0,-17.7991483183143,-12.8240137826481,-4.06317125996967e-05,0.0001300978089827,2.47416432025872,0.508949884672038,0.0188923338056,57.6064170797888,5698.658329727809,5641.05191264802,1.1092764824042705,207.30483602151025
1986,79.44,209.421774819503,8.36018126717856,-218.071572855939,-13.6968676431997,432.830034051463,0,0,0,0,-17.7990351787077,-12.8229039750461,-4.06321964815262e-05,0.0001300972209559,2.47055940060824,0.508950485204175,0.0188834500338,57.605350273005556,5698.656751418577,5641.051401145572,1.1087242933546708,207.3048172241418
1987,79.48,209.421712437594,8.35983615612665,-218.070167496395,-13.6967806108071,432.82882438867,0,0,0,0,-17.7989219992546,-12.8217587353929,-4.06326718419855e-05,0.000130096646005,2.46678469578966,0.508951076452337,0.0188745890814,57.60416246304251,5698.655053920372,5641.050891457329,1.1081711713593962,207.30479849344422
1988,79.52,209.421649005742,8.35948492190623,-218.068732171258,-13.6966936138847,432.827589868978,0,0,0,0,-17.7988088678244,-12.8205811664291,-4.06331432930559e-05,0.0001300960795731,2.46284050122902,0.508951660524109,0.0188657509649,57.602944291202625,5698.653327851763,5641.0503835605605,1.1076188634853776,207.30477982858207
1989,79.56,209.421591686649,8.35913491863867,-218.067267036031,-13.696606794339,432.826330598381,0,0,0,0,-17.7986959686185,-12.8193779001176,-4.06336185328117e-05,0.0001300955140116,2.45872712381672,0.508952241686519,0.0188569356946,57.601890733631116,5698.651768119797,5641.049877386166,1.1070711183393314,207.304761227016
1990,79.6,209.421546725599,8.3587925670972,-218.06577224852,-13.6965202768355,432.825046683857,0,0,0,0,-17.7985834634521,-12.8181547485778,-4.06340986806209e-05,0.0001300949482396,2.45444488184823,0.50895282598714,0.0188481432682,57.60117179428684,5698.650544667311,5641.049372873024,1.1065311969253002,207.30474268649985
1991,79.64,209.421515065531,8.35845888553642,-218.064247968868,-13.6964340845897,432.823738233453,0,0,0,0,-17.798471382452,-12.816912692392,-4.06345806536755e-05,0.0001300943853428,2.44999410498392,0.508953420879425,0.0188393736772,57.60081314508315,5698.649683152979,5641.048870007896,1.1059995823698887,207.30472420654706
1992,79.68,209.421491025068,8.35812814230716,-218.062694359669,-13.6963481139981,432.822405356427,0,0,0,0,-17.7983595911335,-12.8156467564162,-4.06350650985225e-05,0.0001300938246175,2.44537513425648,0.508954034479875,0.0188306269159,57.60066015643028,5698.649028978662,5641.048368822231,1.1054732967315262,207.30470578831344
1993,79.72,209.421464300576,8.35778989574596,-218.061111585934,-13.6962621724823,432.821048163246,0,0,0,0,-17.7982478395352,-12.8143479266937,-4.06355540978552e-05,0.0001300932638945,2.44058832210212,0.508954674358838,0.0188219029807,57.60043239517007,5698.648301768194,5641.047869373024,1.1049469545659198,207.30468743389343
1994,79.76,209.421424270399,8.35743338051402,-218.059499814939,-13.6961760606021,432.819666765426,0,0,0,0,-17.7981358688081,-12.8130070021301,-4.06360447585332e-05,0.000130092706025,2.4356340323633,0.508955346172024,0.0188132018599,57.599840766418545,5698.647212491595,5641.047371725177,1.1044150140328333,207.30466914567222
1995,79.8,209.421365082682,8.35705269336412,-218.057859216122,-13.6960896699795,432.81826127542,0,0,0,0,-17.7980235383124,-12.8116190293221,-4.06365314604973e-05,0.0001300921566741,2.43051264023564,0.508956052503546,0.0188045235266,57.59872599694145,5698.645601911782,5641.046875914841,1.103874430816371,207.30465092497826
1996,79.84,209.421289029209,8.35665023149569,-218.056189961223,-13.6960030477588,432.816831806696,0,0,0,0,-17.7979109092632,-12.8101862248862,-4.06370128566845e-05,0.0001300916172832,2.42522453218501,0.508956792167601,0.0187958679452,57.597150474154944,5698.643532391371,5641.046381917216,1.1033264118699895,207.30463277090024
1997,79.88,209.421205784219,8.35623591540599,-218.054492224493,-13.6959163805997,432.815378473906,0,0,0,0,-17.7977982239384,-12.8087172914275,-4.0637494044399e-05,0.0001300910828372,2.41977010588917,0.508957560285582,0.018787235082,57.595377520748855,5698.641267179816,5641.045889659067,1.102776009247367,207.30461468074677
1998,79.92,209.421127781196,8.35582247681309,-218.052766182738,-13.6958299058127,432.813901392934,0,0,0,0,-17.7976857903443,-12.8072233516627,-4.06379823423492e-05,0.0001300905460404,2.4141497702235,0.508958349406972,0.0187786249078,57.59374553447585,5698.639144609448,5641.045399074972,1.1022297025740777,207.30459665211364
1999,79.96,209.421065080423,8.35542023008702,-218.051012015115,-13.6957438153278,432.812400680778,0,0,0,0,-17.7975738575912,-12.8057134070948,-4.06384799041018e-05,0.0001300900046853,2.40836394525762,0.50895915137464,0.0187700373898,57.59252828535786,5698.637438434512,5641.044910149154,1.1016927228899969,207.30457868442107
2000,80.0,209.421023053933,8.35503471519828,-218.049229902935,-13.6956582137626,432.810876455433,0,0,0,0,-17.7974625614697,-12.8041922488458,-4.06389791805932e-05,0.000130089466243,2.40241306222543,0.508959959043331,0.0187614724844,57.59187193095301,5698.63629483547,5641.044422904517,1.1011678508928966,207.30456077851076
2001,80.04,209.421003126375,8.35466745220984,-218.047420029708,-13.6955731320468,432.80932883592,0,0,0,0,-17.7973519421137,-12.8026611046224,-4.06394714472095e-05,0.0001300889394205,2.39629756347414,0.508960767110384,0.0187529301398,57.59181521663682,5698.635752578997,5641.04393736236,1.1006558088736331,207.30454293516544
2002,80.08,209.421004187697,8.35431737831711,-218.045582581313,-13.695488551746,432.807757942439,0,0,0,0,-17.7972419755524,-12.8011189380006,-4.06399593218679e-05,0.0001300884216321,2.39001790242732,0.508961572109302,0.0187444103059,57.59232794266097,5698.63578145904,5641.0434535163795,1.1001560009107563,207.30452515415345
2003,80.12,209.421022626913,8.35398088116044,-218.043717746024,-13.69540440464,432.806163896416,0,0,0,0,-17.7971325731678,-12.7995625371741,-4.06404502735961e-05,0.0001300879054124,2.383574543573,0.508962372173769,0.0187359129372,57.59331187231338,5698.636283215664,5641.0429713433505,1.0996665334350624,207.3045074346213
2004,80.16,209.421051150138,8.35365059639546,-218.041825714299,-13.6953205523719,432.804546820413,0,0,0,0,-17.7970235553168,-12.7979855658816,-4.06409451608074e-05,0.0001300873898674,2.37696796244933,0.508963166948707,0.018727437986,57.59456854518919,5698.637059372149,5641.042490826961,1.099183603530808,207.30448977596953
2005,80.2,209.421078108761,8.35331472593423,-218.03990667854,-13.6952367766413,432.802906838009,0,0,0,0,-17.7969146386463,-12.7963781659465,-4.06414442835588e-05,0.0001300868746759,2.37019864560355,0.508963957451357,0.0187189853945,57.595780980343285,5698.637792953646,5641.042011973303,1.0987011538068985,207.304472178422
2006,80.24,209.421088876051,8.35295844107318,-218.037960833077,-13.6951528057582,432.801244073814,0,0,0,0,-17.7968054705802,-12.7947283094802,-4.06419505016964e-05,0.0001300863569871,2.36326709054006,0.508964745557516,0.0187105550972,57.59655113328684,5698.63808594653,5641.041534813243,1.0982115918864352,207.3044546431131
2007,80.28,209.421069648441,8.35256775317002,-218.035988374372,-13.6950683839703,432.799558653613,0,0,0,0,-17.7966957192715,-12.7930249264668,-4.06424592580977e-05,0.0001300858413759,2.35617380569186,0.508965533152022,0.0187021470297,57.5965033403944,5698.637562736612,5641.041059396218,1.0977077659022099,207.30443717185952
2008,80.32,209.421012665171,8.35213482898309,-218.033989501207,-13.6949833670523,432.797850704448,0,0,0,0,-17.7965851976025,-12.7912619656578,-4.06429608316373e-05,0.0001300853375789,2.3489193104125,0.508966321282471,0.0186937611344,57.59542637852938,5698.636012142857,5641.040585764327,1.0971856699890103,207.3044197662084
2009,80.36,209.420920186852,8.35166204363789,-218.031964414692,-13.6948977966435,432.79612035455,0,0,0,0,-17.7964739596105,-12.7894415031256,-4.06434550887946e-05,0.0001300848457333,2.34150413494204,0.508967109660454,0.0186853973548,57.59338177608579,5698.633495679622,5641.040113903536,1.096646499086033,207.304402425644
2010,80.4,209.420804069812,8.35116154815705,-218.029913318118,-13.6948118934511,432.794367733224,0,0,0,0,-17.7963622916684,-12.7875734386973,-4.06439515464802e-05,0.000130084356301,2.3339288203251,0.508967896699369,0.0186770556279,57.590692238574235,5698.630335974025,5641.039643735451,1.0960964163304658,207.30438514728544
2011,80.44,209.420680594146,8.35065000134199,-218.027836416836,-13.6947259611832,432.792592970823,0,0,0,0,-17.7962505878606,-12.7856713928497,-4.0644455365363e-05,0.0001300838640444,2.3261939183248,0.5089686800484,0.0186687358837,57.5878008559695,5698.6269760300165,5641.039175174047,1.0955438633368513,207.3043679279713
2012,80.48,209.420564225763,8.35014221570055,-218.025733918228,-13.694640270556,432.790796198846,0,0,0,0,-17.7961391995012,-12.7837477066569,-4.06449634268517e-05,0.0001300833719338,2.31829999138623,0.508969457407249,0.0186604380514,57.58510129991071,5698.623809485029,5641.038708185118,1.0949963266097902,207.30435076644451
2013,80.52,209.420464183818,8.34964766231378,-218.023606031695,-13.6945549968144,432.788977550014,0,0,0,0,-17.7960283540583,-12.7818106139305,-4.0645471077505e-05,0.000130082884469,2.31024761264054,0.508970227387895,0.0186521620643,57.582844425636104,5698.621087205047,5641.038242779411,1.094458564875049,207.3043336631001
2014,80.56,209.420384111093,8.34917013625797,-218.021452968603,-13.6944702147884,432.787137158226,0,0,0,0,-17.7959181487077,-12.7798637747785,-4.06459764397016e-05,0.0001300824035266,2.30203736589375,0.508970990198559,0.0186439078561,57.58112934347849,5698.6189083152185,5641.03777897174,1.0939324454436383,207.30431661848243
2015,80.6,209.420322963864,8.34870866171366,-218.019274942226,-13.6943859140935,432.78527515847,0,0,0,0,-17.7958085700231,-12.777906731984,-4.06464834683603e-05,0.0001300819253798,2.29366984557363,0.508971747878441,0.0186356753545,57.57992764482116,5698.617244414368,5641.037316769546,1.0934174104118808,207.30429963286494
2016,80.64,209.420276333699,8.34825883510112,-218.017072167787,-13.6943020203993,432.783391686784,0,0,0,0,-17.7956995215588,-12.775935864473,-4.06469979741623e-05,0.0001300814445259,2.28514565666407,0.508972503846852,0.018627464479,57.579119353954994,5698.615975542949,5641.036856188994,1.0929111643912994,207.30428270684166
2017,80.68,209.420238671374,8.34781508757343,-218.014844862604,-13.6942184339261,432.781486880331,0,0,0,0,-17.7955908738095,-12.7739463696417,-4.06475153472556e-05,0.0001300809657306,2.27646541466599,0.508973261745785,0.0186192751467,57.57855343924516,5698.614950698885,5641.03639725964,1.0924108267915411,207.30426584149882
2018,80.72,209.420206268361,8.34737372111609,-218.012593246194,-13.6941350840234,432.779560877463,0,0,0,0,-17.7954825350496,-12.7719350656209,-4.06480253324095e-05,0.0001300804991982,2.26762974558167,0.508974023908719,0.0186111072761,57.578128961582586,5698.6140689679905,5641.035940006408,1.0919144722403245,207.30424903775236
2019,80.76,209.420179502738,8.34693519774238,-218.010317540219,-13.6940519724833,432.777613817698,0,0,0,0,-17.7953745075549,-12.7699025121863,-4.06485308224772e-05,0.0001300800418901,2.25863928588133,0.508974790121035,0.018602960785,57.57785621838181,5698.613340638291,5641.03548441991,1.0914222873259245,207.3042322952572
2020,80.8,209.420162584744,8.34650388309967,-218.008017968277,-13.6939691717132,432.775645841634,0,0,0,0,-17.7952668852372,-12.7678527397423,-4.0649044072246e-05,0.0001300795814164,2.24949468242856,0.508975557333789,0.0185948355841,57.5778498225393,5698.612880276227,5641.035030453688,1.0909364343658572,207.3042156123061
2021,80.84,209.420160839939,8.34608528117976,-218.005694755694,-13.6938867764664,432.77365709092,0,0,0,0,-17.7951597910098,-12.7657906413281,-4.06495656094637e-05,0.0001300791171776,2.24019659239766,0.508976320534461,0.0185867315753,57.578254732550775,5698.612832797665,5641.034578065114,1.090459646022485,207.3041989873325
2022,80.88,209.420177972893,8.34568324842417,-218.003348129419,-13.6938048544304,432.771647708319,0,0,0,0,-17.7950533126724,-12.7637194134101,-4.06500847044317e-05,0.0001300786599118,2.23074568322903,0.508977074441246,0.0185786486566,57.579171758856646,5698.613299009089,5641.034127250233,1.0899938141569112,207.30418242019104
2023,80.92,209.420215491838,8.34529940946198,-218.000978318007,-13.693723437405,432.769617837788,0,0,0,0,-17.7949474914734,-12.7616401085715,-4.06505989428174e-05,0.0001300782120779,2.22114263261727,0.50897781540634,0.0185705867272,57.58064192396826,5698.614319951584,5641.033678027616,1.0895396960756,207.3041659115642
2024,80.96,209.420273675083,8.34493414249141,-217.998585551641,-13.6936425402528,432.767567624486,0,0,0,0,-17.7948423467036,-12.7595526001382,-4.06511155660768e-05,0.0001300777664466,2.21138812848373,0.50897854283624,0.0185625456875,57.58267279905971,5698.6159031983225,5641.033230399263,1.0890974151681054,207.3041494615255
2025,81.0,209.420352055386,8.34458707016794,-217.996170062218,-13.6935621672923,432.765497214729,0,0,0,0,-17.7947378839727,-12.757456045952,-4.06516363105027e-05,0.0001300773212541,2.20148286890877,0.508979259620641,0.0185545254352,57.58525169235656,5698.618036035002,5641.032784342645,1.0886667114054516,207.304133069247
2026,81.04,209.420448651342,8.34425627169836,-217.993732083505,-13.6934822928116,432.763406755961,0,0,0,0,-17.7946340698944,-12.7553483272545,-4.06521569998773e-05,0.0001300768806428,2.19142756204964,0.508979971668676,0.0185465258633,57.58832471998076,5698.620664544847,5641.0323398248665,1.0882465465647517,207.3041167335198
2027,81.08,209.42055837313,8.34393665560866,-217.991271851308,-13.6934028279678,432.761296396797,0,0,0,0,-17.7945307891297,-12.753225003206,-4.06526761471581e-05,0.0001300764460761,2.18122292608186,0.508980687251833,0.0185385468635,57.59175341947924,5698.623650226773,5641.031896807293,1.0878342866203863,207.30410045292413
2028,81.12,209.420671049544,8.34361795022819,-217.988789603523,-13.6933235842384,432.759166287077,0,0,0,0,-17.7944277969979,-12.7510780852201,-4.06531960095357e-05,0.0001300760152808,2.17086968917266,0.508981416684573,0.0185305883301,57.59526105467166,5698.6267163081675,5641.031455253496,1.087424691670086,207.3040842261212
2029,81.16,209.420770045323,8.34328329656205,-217.98628558003,-13.6932442490649,432.757016577856,0,0,0,0,-17.7943246879258,-12.7488952026631,-4.06537222653225e-05,0.0001300755825676,2.16036858946146,0.508982172025678,0.0185226501589,57.59839496319216,5698.629410120522,5641.03101515733,1.0870092109513092,207.3040680528853
2030,81.2,209.420833649158,8.34291066235332,-217.983760022525,-13.6931644120219,432.754847421352,0,0,0,0,-17.7942209294286,-12.7466606791384,-4.06542588055937e-05,0.0001300751440434,2.14972037502244,0.508982965962625,0.0185147322428,57.600564296058366,5698.631140869027,5641.030576572969,1.0865767016683607,207.30405193520716
2031,81.24,209.420841030621,8.34247891037701,-217.981213174375,-13.6930836762889,432.752658970907,0,0,0,0,-17.7941160067141,-12.744359778502,-4.06547977169966e-05,0.0001300747076349,2.13892580381062,0.508983809454472,0.0185068344692,57.60120212730393,5698.631341728867,5641.030139601563,1.0861164911122272,207.30403587680402
2032,81.28,209.420781246276,8.34197697543731,-217.978645280526,-13.6930018296396,432.750451381004,0,0,0,0,-17.7940096444653,-12.7419850346551,-4.0655325689611e-05,0.0001300742866709,2.12798564360485,0.508984708658666,0.0184989567212,57.60001060027736,5698.629714913977,5641.0297043137,1.0856229960547483,207.30401988026995
2033,81.32,209.420659660047,8.34141040904838,-217.976056587439,-13.6929189688695,432.748224807308,0,0,0,0,-17.7939019682232,-12.739540706711,-4.06558429537422e-05,0.0001300738809298,2.11690067194511,0.508985662442221,0.0184910988811,57.59713571796595,5698.626406384168,5641.029270666202,1.0850990048230105,207.3040039440182
2034,81.36,209.420496106891,8.34079951033119,-217.973447343044,-13.6928354670736,432.745979406677,0,0,0,0,-17.7937934619425,-12.7370413907238,-4.0656362709318e-05,0.0001300734772085,2.10567167605329,0.508986661871173,0.018483260831,57.59311736496319,5698.621955876109,5641.028838511145,1.0845547180665254,207.30398806261266
2035,81.4,209.420315402372,8.34016965460311,-217.970817796732,-13.6927517926472,432.743715337148,0,0,0,0,-17.7936847332316,-12.7345053044654,-4.06568920498606e-05,0.0001300730684049,2.09429945274753,0.508987692271616,0.0184754424507,57.58863094516487,5698.6170386556905,5641.028407710525,1.0840028694733432,207.30397223098174
2036,81.44,209.420137534558,8.339541297034,-217.968168199404,-13.6926683209807,432.741432757908,0,0,0,0,-17.7935762691022,-12.7319474609468,-4.06574270393928e-05,0.0001300726584424,2.08278480837749,0.508988737124488,0.0184676436155,57.58422039476559,5698.612198625946,5641.02797823118,1.083453696874716,207.30395644790676
2037,81.48,209.419973987208,8.33892622605344,-217.96549880351,-13.6925852646454,432.73913182931,0,0,0,0,-17.793468345389,-12.7293771356177,-4.06579630544679e-05,0.0001300722519266,2.07112855879065,0.508989782077682,0.0184598641973,57.58019815566374,5698.6077482758765,5641.027550120213,1.0829130665532307,207.30394071511878
2038,81.52,209.419829726091,8.33832959005075,-217.962809863009,-13.6925027138392,432.736812712888,0,0,0,0,-17.7933610791896,-12.7267991706876,-4.06584994790899e-05,0.0001300718494517,2.05933152930933,0.508990817411928,0.0184521040663,57.57669930447488,5698.603822730936,5641.027123426462,1.0823835003483064,207.3039250344125
2039,81.56,209.419706404842,8.33775316747266,-217.960101633259,-13.6924207007405,432.734475571368,0,0,0,0,-17.7932545123426,-12.7242160320628,-4.06590380035078e-05,0.0001300714493041,2.04739455468895,0.508991838265406,0.0184443630916,57.57376882297125,5698.600466988828,5641.026698165857,1.0818658227743647,207.30390940637338
2040,81.6,209.419604160023,8.33719719767114,-217.957374370942,-13.6923392353659,432.73212056866,0,0,0,0,-17.7931486579497,-12.7216288898875,-4.06595774453463e-05,0.0001300710526406,2.03531847904351,0.508992843067937,0.0184366411398,57.5714104370188,5698.597684765592,5641.026274328573,1.0813600819125788,207.30389383064033
2041,81.64,209.419522073173,8.33666084988583,-217.954628334135,-13.6922583124412,432.729747869864,0,0,0,0,-17.79304350927,-12.719037836747,-4.06601128406142e-05,0.0001300706644077,2.02310415575604,0.508993831325932,0.0184289380749,57.56959917529094,5698.595451068631,5641.02585189334,1.0808657868514135,207.3038783064317
2042,81.68,209.419458096349,8.33614214244221,-217.95186378248,-13.6921779049009,432.727357641288,0,0,0,0,-17.7929390312496,-12.7164417795487,-4.06606469295464e-05,0.0001300702818707,2.01075244740935,0.508994801973784,0.0184212537592,57.56827932850792,5698.593710170578,5641.02543084207,1.0803818705858534,207.3038628330828
2043,81.72,209.41940915671,8.33563804470348,-217.94908097732,-13.6920979611351,432.724950050461,0,0,0,0,-17.7928351569272,-12.7138385217447,-4.06611897435991e-05,0.0001300698950226,1.99826422574832,0.508995752996804,0.0184135880552,57.56736728396606,5698.592378455171,5641.025011171205,1.0799067445209902,207.30384741046282
2044,81.76,209.419372007633,8.33514534273409,-217.946280181702,-13.6920184195274,432.722525266128,0,0,0,0,-17.7927318063054,-12.7112255252637,-4.06617397997321e-05,0.0001300695053675,1.9856403716458,0.508996682186568,0.0184059408249,57.566774682536895,5698.591367577296,5641.02459289476,1.0794387337445326,207.30383203908687
2045,81.8,209.419344840298,8.33466228308597,-217.943461660268,-13.6919392407691,432.720083458249,0,0,0,0,-17.7926289283111,-12.7086014248944,-4.06622850602493e-05,0.0001300691249468,1.97288177503789,0.508997588344548,0.0183983119295,57.56645229064412,5698.590628316458,5641.024176025813,1.0789768994792952,207.3038167194355
2046,81.84,209.419328598782,8.33418991686616,-217.940625679113,-13.6918604369846,432.717624798013,0,0,0,0,-17.7925265386236,-12.7059673454581,-4.06628234503073e-05,0.0001300687558155,1.95998933483007,0.508998472306031,0.0183907012294,57.56642581370163,5698.590186362296,5641.0237605485945,1.0785217084945518,207.3038014509292
2047,81.88,209.419326324479,8.33373143593433,-217.937772505654,-13.6917820636654,432.715149457865,0,0,0,0,-17.7924247092224,-12.7033263599906,-4.06633636608375e-05,0.0001300683892356,1.9469639588102,0.508999337415524,0.0183831085854,57.5667780665831,5698.5901244753595,5641.023346408776,1.078074696315154,207.30378623157145
2048,81.92,209.419340170449,8.3332891323716,-217.934902408552,-13.6917041648732,432.712657611503,0,0,0,0,-17.7923234972696,-12.7006807051499,-4.06639093857781e-05,0.0001300680214742,1.93380656359491,0.509000189288789,0.0183755338595,57.567567696838495,5698.590501243394,5641.022933546556,1.077636943567079,207.30377105916455
2049,81.96,209.419367999571,8.3328609309048,-217.932015657696,-13.6916267075104,432.710149433872,0,0,0,0,-17.7922228597929,-12.6980286807938,-4.06644570831496e-05,0.0001300676560954,1.92051807459336,0.509001034960882,0.0183679769148,57.568736581426975,5698.591258512374,5641.022521930947,1.0772073441720584,207.3037559325698
2050,82.0,209.419401923357,8.33243889708328,-217.929112524259,-13.6915495506354,432.707625101168,0,0,0,0,-17.7921226138556,-12.6953634970288,-4.0665005821957e-05,0.0001300672941027,1.90709942595213,0.50900188172568,0.0183604376149,57.570070059913824,5698.59218162561,5641.022111565696,1.0767818660978146,207.30374085192483
2051,82.04,209.419429605576,8.33201056189111,-217.926193280801,-13.6914724663914,432.705084790877,0,0,0,0,-17.7920224637173,-12.6926746304436,-4.0665559189746e-05,0.0001300669319465,1.89355156047792,0.509002735941174,0.0183529158262,57.57123241761575,5698.592934897157,5641.021702479541,1.0763542209880677,207.3037258182858
2052,82.08,209.419437879711,8.33156260451347,-217.923258201313,-13.6913952052991,432.702528681809,0,0,0,0,-17.7919220855706,-12.689951036617,-4.06661170679183e-05,0.0001300665697057,1.87987542956909,0.509003601991054,0.0183454114189,57.57186532816611,5698.593160047838,5641.0212947196715,1.075917708616155,207.30371083338684
2053,82.12,209.419417688189,8.33108588491191,-217.920307561125,-13.69131758969,432.699956954092,0,0,0,0,-17.7918212488013,-12.6871853108318,-4.06666727726934e-05,0.0001300662140071,1.86607199316921,0.509004481618506,0.018337924268,57.571722277124934,5698.592610608538,5641.0208883314135,1.0754677288607724,207.3036958988937
2054,82.16,209.419368364419,8.33057981087175,-217.917341636714,-13.691239598873,432.697369789134,0,0,0,0,-17.7917199265241,-12.6843772185615,-4.06672223721566e-05,0.0001300658687696,1.85214221971282,0.509005373802843,0.0183304542508,57.57078512361866,5698.591268440394,5641.020483316775,1.0750039536835545,207.30368101488014
2055,82.2,209.419298488334,8.33005321471898,-217.914360705554,-13.6911613904413,432.69476736961,0,0,0,0,-17.7916183232498,-12.6815343712266,-4.06677709151325e-05,0.000130065528963,1.83808708603412,0.509006275145249,0.018323001246,57.56928740265901,5698.589367015273,5641.020079612614,1.0745307531388821,207.3036661790257
2056,82.24,209.419222147889,8.32952054556821,-217.911365046125,-13.6910832310388,432.692149879485,0,0,0,0,-17.7915167850455,-12.6786690960322,-4.0668324750639e-05,0.0001300651882425,1.82390757725777,0.509007180617023,0.0183155651342,57.5676125586747,5698.587289685957,5641.019677127282,1.0740552870056808,207.30365138796245
2057,82.28,209.4191529519,8.32899576648834,-217.908354938031,-13.6910053805845,432.689517504027,0,0,0,0,-17.7914156492745,-12.6757934067968,-4.06688838414002e-05,0.0001300648466392,1.80960468672025,0.509008084606483,0.0183081457987,57.566130964530096,5698.585406767191,5641.019275802661,1.073584459578864,207.3036366395545
2058,82.32,209.41909964641,8.32848788557289,-217.905330662095,-13.6909280068496,432.686870429782,0,0,0,0,-17.7913151337077,-12.67291524968,-4.06694439296385e-05,0.0001300645084043,1.79517941593335,0.509008982196333,0.0183007431239,57.56508062009561,5698.583956250926,5641.018875630831,1.0731226961374012,207.30362193351087
2059,82.36,209.419064894718,8.32799971295481,-217.902292500343,-13.6908511624132,432.684208844519,0,0,0,0,-17.7912153065921,-12.6700373462088,-4.06700018718406e-05,0.0001300641766653,1.78063277455035,0.509009870322032,0.0182933569924,57.56453398618255,5698.583010609221,5641.018476623039,1.0726713298834505,207.30360727024484
2060,82.4,209.419046027688,8.32752862586728,-217.899240735954,-13.6907747994521,432.681532937227,0,0,0,0,-17.7911161058367,-12.6671577022015,-4.06705602742088e-05,0.0001300638487869,1.76596578029723,0.509010748212453,0.0182859872847,57.564418425049,5698.582497211185,5641.018078786136,1.0722289890313097,207.3035926500082
2061,82.44,209.419036504854,8.32706805598114,-217.896175653227,-13.6906987960594,432.678842898159,0,0,0,0,-17.7910173731757,-12.6642708092843,-4.06711250530672e-05,0.0001300635188347,1.75117945887918,0.509011616793637,0.0182786338816,57.56455594844946,5698.5822380816735,5641.017682133224,1.0717923425654432,207.3035780732824
2062,82.48,209.419028212177,8.32660982845051,-217.893097537537,-13.6906229976243,432.676138918889,0,0,0,0,-17.7909189078886,-12.661369687044,-4.06716952046243e-05,0.0001300631878241,1.73627484390218,0.509012477468498,0.0182712966672,57.56472572769835,5698.582012426439,5641.0172866987405,1.0713572678135592,207.30356354133303
2063,82.52,209.419014912091,8.32614767766068,-217.8900066752,-13.6905472826587,432.673421192289,0,0,0,0,-17.790820552254,-12.658449020292,-4.06722623955087e-05,0.000130062864142,1.72125297682262,0.509013331110404,0.0182639755279,57.56475798926251,5698.581650512664,5641.016892523401,1.0709205987940755,207.30354905565636
2064,82.56,209.418995511838,8.32568058115628,-217.886903353283,-13.6904716285076,432.670689912472,0,0,0,0,-17.7907222768544,-12.655508166662,-4.0672822287467e-05,0.0001300625522082,1.70611490689206,0.509014177743098,0.018256670349,57.56462300027966,5698.581122604892,5641.016499604612,1.0704817788313035,207.3035346161571
2065,82.6,209.418974430582,8.32521313692698,-217.883787859522,-13.6903961215787,432.667945274757,0,0,0,0,-17.790624193857,-12.652551504388,-4.06733805476275e-05,0.000130062246419,1.69086169106447,0.509015016721459,0.0182493810131,57.56444107910377,5698.580548954697,5641.016107875594,1.0700430412183193,207.30352022038105
2066,82.64,209.418958105826,8.32475200307422,-217.880660482418,-13.6903208905492,432.665187475719,0,0,0,0,-17.7905264703084,-12.6495851954727,-4.06739475730511e-05,0.0001300619363681,1.67549439388483,0.509015847042974,0.0182421074024,57.56438747772637,5698.58010473546,5641.015717257734,1.0696076363019005,207.30350586543932
2067,82.68,209.418950493958,8.32430131014135,-217.87752151138,-13.6902460180508,432.662416713248,0,0,0,0,-17.790429213491,-12.6466130326642,-4.06745258659642e-05,0.0001300616194348,1.66001408740818,0.509016667653913,0.0182348494024,57.564569879462,5698.579897605981,5641.015327726519,1.069177554353992,207.3034915504311
2068,82.72,209.418951526644,8.32386108608272,-217.87437123679,-13.6901715091829,432.659633186534,0,0,0,0,-17.7903324300445,-12.6436350780763,-4.06751042228673e-05,0.000130061306626,1.64442185116116,0.509017477730242,0.0182276069007,57.56498638788718,5698.579925706799,5641.014939318912,1.0687527480887589,207.3034772767147
2069,82.76,209.418959300026,8.32342948678625,-217.871209949944,-13.6900973328107,432.656837095994,0,0,0,0,-17.7902360795703,-12.64064978117,-4.06756726134648e-05,0.0001300610078041,1.62871877210425,0.509018276853553,0.0182203797831,57.56558515380595,5698.580137231297,5641.014552077491,1.06833224314333,207.3034630458548
2070,82.8,209.418973105134,8.32300588458535,-217.868037943012,-13.6900234796677,432.654028643228,0,0,0,0,-17.7901401500451,-12.6376567910487,-4.06762382648292e-05,0.0001300607157145,1.61290594455131,0.50901906498598,0.0182131679313,57.56634688791009,5698.58051288742,5641.01416599951,1.0679156705043382,207.30344885775057
