[2026-04-01 14:26:14.289] [electrons:W1bVJw] [info] System information:

Cell:
  Lattice vectors [b] = 40	0	0
                        0	40	0
                        0	0	40
  Volume [b^3]        = 64000
  Periodicity         = 3d (fully periodic)

Species (0 total):

Ions (0 total):

Kpoints (1 total):
  k-point       0 =   0.000   0.000   0.000   weight = 1.000

Basis set:
  Spacing                 = 0.333333 0.333333 0.333333 bohr
  Grid size               = 120 x 120 x 120
  Number of grid points   = 1728000

Kohn-Sham representation:
  Number of electrons      = 1
  Spin                     = unpolarized
  States per spin/kpoint   = 1


[2026-04-01 14:26:14.291] [electrons:W1bVJw] [info] parallelization:
[2026-04-01 14:26:14.291] [electrons:W1bVJw] [info]   electrons divided among 1 processes (1 kpoints x 1 states x 1 domains)
[2026-04-01 14:26:14.291] [electrons:W1bVJw] [info]   process 0 has gpu id OBV6ryIUSmbtX/uegaCMkw
[2026-04-01 14:26:14.291] [electrons:W1bVJw] [info] k-point parallelization:
[2026-04-01 14:26:14.291] [electrons:W1bVJw] [info]   1 k-points/spin indices divided among 1 partitions
[2026-04-01 14:26:14.291] [electrons:W1bVJw] [info]   partition 0 has 1 k-points/spin indices and the last partition has 1

[2026-04-01 14:26:14.291] [electrons:W1bVJw] [info] state parallelization:
[2026-04-01 14:26:14.291] [electrons:W1bVJw] [info]   1 states divided among 1 partitions
[2026-04-01 14:26:14.291] [electrons:W1bVJw] [info]   partition 0 has 1 states and the last partition has 1 states

[2026-04-01 14:26:14.291] [electrons:W1bVJw] [info] real-space parallelization:
[2026-04-01 14:26:14.291] [electrons:W1bVJw] [info]   120 slices (1728000 points) divided among 1 partitions
[2026-04-01 14:26:14.291] [electrons:W1bVJw] [info]   partition 0 has 120 slices and the last partition has 120 slices (1728000 and 1728000 points)
[2026-04-01 14:26:14.291] [electrons:W1bVJw] [info] fourier-space parallelization:
[2026-04-01 14:26:14.291] [electrons:W1bVJw] [info]   120 slices (1728000 points) divided among 1 partitions
[2026-04-01 14:26:14.291] [electrons:W1bVJw] [info]   partition 0 has 120 slices and the last partition has 120 slices (1728000 and 1728000 points)


╔══════════════════════════════════════════════════════╗
║   Gaussian Wave Packet — Angelo Validation Test      ║
╚══════════════════════════════════════════════════════╝
  Cell side      L       = 40.0 bohr
  Cutoff         E_cut   = 40.0 Ha
  Orbital grid           = 120 × 120 × 120
  Grid spacing   h       ≈ 0.3333 bohr  (target π/√(2E_cut) = 0.3512)
  Gaussian σ₀            = 1.00 a₀
  Carrier k₀             = 1.50 a₀⁻¹  (z-direction)
  Time step   Δt         = 0.0400 atu
  Total time             = 50.0 atu  (1250 steps)
  Snapshot interval      = 1.0 atu  (every 25 steps)
  Revival time T_rev     = L²/π = 509.30 atu  [1] Eq.(7)
  σ at T=50 atu (free)   ≈ 25.0 a₀  (Eq.(6))

  Orbital initialised. Norm = 1.00 (verified).

t [atu]     σ_num [a₀]   σ_ana [a₀]   E_total [Ha]    N_elec    
──────────  ──────────────  ──────────────  ──────────────  ──────────
0.000       1.000000        1.000000        N/A             1.000000  
[2026-04-01 14:26:14.571] [electrons:W1bVJw] [trace] initializing real-time propagation:
  time step        = 0.04 atomictime (0.97 as)
  number of steps  = 1250
  propagation time = 50 atomictime (1.21 fs)
[2026-04-01 14:26:14.571] [electrons:W1bVJw] [trace] 

[2026-04-01 14:26:14.659] [electrons:W1bVJw] [trace] starting real-time propagation
[2026-04-01 14:26:14.660] [electrons:W1bVJw] [info] step         0 :  t =      0.000  e = 1.500000000000
[2026-04-01 14:26:15.135] [electrons:W1bVJw] [info] step         1 :  t =      0.040  e = 1.499999999200  wtime =     0.476
[2026-04-01 14:26:15.611] [electrons:W1bVJw] [info] step         2 :  t =      0.080  e = 1.499999998401  wtime =     0.476
[2026-04-01 14:26:16.085] [electrons:W1bVJw] [info] step         3 :  t =      0.120  e = 1.499999997601  wtime =     0.474
[2026-04-01 14:26:16.559] [electrons:W1bVJw] [info] step         4 :  t =      0.160  e = 1.499999996802  wtime =     0.474
[2026-04-01 14:26:17.033] [electrons:W1bVJw] [info] step         5 :  t =      0.200  e = 1.499999996002  wtime =     0.474
[2026-04-01 14:26:17.506] [electrons:W1bVJw] [info] step         6 :  t =      0.240  e = 1.499999995203  wtime =     0.474
[2026-04-01 14:26:17.980] [electrons:W1bVJw] [info] step         7 :  t =      0.280  e = 1.499999994403  wtime =     0.474
[2026-04-01 14:26:18.454] [electrons:W1bVJw] [info] step         8 :  t =      0.320  e = 1.499999993604  wtime =     0.474
[2026-04-01 14:26:18.927] [electrons:W1bVJw] [info] step         9 :  t =      0.360  e = 1.499999992804  wtime =     0.474
[2026-04-01 14:26:19.401] [electrons:W1bVJw] [info] step        10 :  t =      0.400  e = 1.499999992005  wtime =     0.474
[2026-04-01 14:26:19.875] [electrons:W1bVJw] [info] step        11 :  t =      0.440  e = 1.499999991205  wtime =     0.474
[2026-04-01 14:26:20.349] [electrons:W1bVJw] [info] step        12 :  t =      0.480  e = 1.499999990406  wtime =     0.474
[2026-04-01 14:26:20.823] [electrons:W1bVJw] [info] step        13 :  t =      0.520  e = 1.499999989606  wtime =     0.474
[2026-04-01 14:26:21.296] [electrons:W1bVJw] [info] step        14 :  t =      0.560  e = 1.499999988807  wtime =     0.474
[2026-04-01 14:26:21.770] [electrons:W1bVJw] [info] step        15 :  t =      0.600  e = 1.499999988007  wtime =     0.474
[2026-04-01 14:26:22.244] [electrons:W1bVJw] [info] step        16 :  t =      0.640  e = 1.499999987208  wtime =     0.474
[2026-04-01 14:26:22.718] [electrons:W1bVJw] [info] step        17 :  t =      0.680  e = 1.499999986408  wtime =     0.474
[2026-04-01 14:26:23.192] [electrons:W1bVJw] [info] step        18 :  t =      0.720  e = 1.499999985609  wtime =     0.474
[2026-04-01 14:26:23.665] [electrons:W1bVJw] [info] step        19 :  t =      0.760  e = 1.499999984809  wtime =     0.474
[2026-04-01 14:26:24.139] [electrons:W1bVJw] [info] step        20 :  t =      0.800  e = 1.499999984009  wtime =     0.474
[2026-04-01 14:26:24.612] [electrons:W1bVJw] [info] step        21 :  t =      0.840  e = 1.499999983210  wtime =     0.474
[2026-04-01 14:26:25.086] [electrons:W1bVJw] [info] step        22 :  t =      0.880  e = 1.499999982410  wtime =     0.474
[2026-04-01 14:26:25.560] [electrons:W1bVJw] [info] step        23 :  t =      0.920  e = 1.499999981611  wtime =     0.474
[2026-04-01 14:26:26.034] [electrons:W1bVJw] [info] step        24 :  t =      0.960  e = 1.499999980811  wtime =     0.474
1.000       1.118034        1.118034        1.49999998      1.000000  
[2026-04-01 14:26:26.508] [electrons:W1bVJw] [info] step        25 :  t =      1.000  e = 1.499999980012  wtime =     0.475
[2026-04-01 14:26:26.982] [electrons:W1bVJw] [info] step        26 :  t =      1.040  e = 1.499999979212  wtime =     0.474
[2026-04-01 14:26:27.456] [electrons:W1bVJw] [info] step        27 :  t =      1.080  e = 1.499999978413  wtime =     0.474
[2026-04-01 14:26:27.929] [electrons:W1bVJw] [info] step        28 :  t =      1.120  e = 1.499999977613  wtime =     0.474
[2026-04-01 14:26:28.403] [electrons:W1bVJw] [info] step        29 :  t =      1.160  e = 1.499999976814  wtime =     0.474
[2026-04-01 14:26:28.877] [electrons:W1bVJw] [info] step        30 :  t =      1.200  e = 1.499999976014  wtime =     0.474
[2026-04-01 14:26:29.351] [electrons:W1bVJw] [info] step        31 :  t =      1.240  e = 1.499999975215  wtime =     0.474
[2026-04-01 14:26:29.826] [electrons:W1bVJw] [info] step        32 :  t =      1.280  e = 1.499999974415  wtime =     0.474
[2026-04-01 14:26:30.299] [electrons:W1bVJw] [info] step        33 :  t =      1.320  e = 1.499999973616  wtime =     0.474
[2026-04-01 14:26:30.773] [electrons:W1bVJw] [info] step        34 :  t =      1.360  e = 1.499999972816  wtime =     0.474
[2026-04-01 14:26:31.247] [electrons:W1bVJw] [info] step        35 :  t =      1.400  e = 1.499999972017  wtime =     0.474
[2026-04-01 14:26:31.721] [electrons:W1bVJw] [info] step        36 :  t =      1.440  e = 1.499999971217  wtime =     0.474
[2026-04-01 14:26:32.195] [electrons:W1bVJw] [info] step        37 :  t =      1.480  e = 1.499999970418  wtime =     0.474
[2026-04-01 14:26:32.668] [electrons:W1bVJw] [info] step        38 :  t =      1.520  e = 1.499999969618  wtime =     0.474
[2026-04-01 14:26:33.142] [electrons:W1bVJw] [info] step        39 :  t =      1.560  e = 1.499999968818  wtime =     0.474
[2026-04-01 14:26:33.616] [electrons:W1bVJw] [info] step        40 :  t =      1.600  e = 1.499999968019  wtime =     0.474
[2026-04-01 14:26:34.089] [electrons:W1bVJw] [info] step        41 :  t =      1.640  e = 1.499999967219  wtime =     0.474
[2026-04-01 14:26:34.563] [electrons:W1bVJw] [info] step        42 :  t =      1.680  e = 1.499999966420  wtime =     0.474
[2026-04-01 14:26:35.037] [electrons:W1bVJw] [info] step        43 :  t =      1.720  e = 1.499999965620  wtime =     0.474
[2026-04-01 14:26:35.510] [electrons:W1bVJw] [info] step        44 :  t =      1.760  e = 1.499999964821  wtime =     0.474
[2026-04-01 14:26:35.984] [electrons:W1bVJw] [info] step        45 :  t =      1.800  e = 1.499999964021  wtime =     0.474
[2026-04-01 14:26:36.458] [electrons:W1bVJw] [info] step        46 :  t =      1.840  e = 1.499999963222  wtime =     0.474
[2026-04-01 14:26:36.932] [electrons:W1bVJw] [info] step        47 :  t =      1.880  e = 1.499999962422  wtime =     0.474
[2026-04-01 14:26:37.405] [electrons:W1bVJw] [info] step        48 :  t =      1.920  e = 1.499999961623  wtime =     0.474
[2026-04-01 14:26:37.879] [electrons:W1bVJw] [info] step        49 :  t =      1.960  e = 1.499999960823  wtime =     0.474
2.000       1.414213        1.414214        1.49999996      1.000000  
[2026-04-01 14:26:38.354] [electrons:W1bVJw] [info] step        50 :  t =      2.000  e = 1.499999960024  wtime =     0.475
[2026-04-01 14:26:38.828] [electrons:W1bVJw] [info] step        51 :  t =      2.040  e = 1.499999959224  wtime =     0.474
[2026-04-01 14:26:39.301] [electrons:W1bVJw] [info] step        52 :  t =      2.080  e = 1.499999958425  wtime =     0.474
[2026-04-01 14:26:39.775] [electrons:W1bVJw] [info] step        53 :  t =      2.120  e = 1.499999957625  wtime =     0.474
[2026-04-01 14:26:40.249] [electrons:W1bVJw] [info] step        54 :  t =      2.160  e = 1.499999956826  wtime =     0.474
[2026-04-01 14:26:40.722] [electrons:W1bVJw] [info] step        55 :  t =      2.200  e = 1.499999956026  wtime =     0.474
[2026-04-01 14:26:41.196] [electrons:W1bVJw] [info] step        56 :  t =      2.240  e = 1.499999955227  wtime =     0.474
[2026-04-01 14:26:41.670] [electrons:W1bVJw] [info] step        57 :  t =      2.280  e = 1.499999954427  wtime =     0.474
[2026-04-01 14:26:42.143] [electrons:W1bVJw] [info] step        58 :  t =      2.320  e = 1.499999953627  wtime =     0.474
[2026-04-01 14:26:42.617] [electrons:W1bVJw] [info] step        59 :  t =      2.360  e = 1.499999952828  wtime =     0.474
[2026-04-01 14:26:43.091] [electrons:W1bVJw] [info] step        60 :  t =      2.400  e = 1.499999952028  wtime =     0.474
[2026-04-01 14:26:43.564] [electrons:W1bVJw] [info] step        61 :  t =      2.440  e = 1.499999951229  wtime =     0.474
[2026-04-01 14:26:44.038] [electrons:W1bVJw] [info] step        62 :  t =      2.480  e = 1.499999950429  wtime =     0.474
[2026-04-01 14:26:44.512] [electrons:W1bVJw] [info] step        63 :  t =      2.520  e = 1.499999949630  wtime =     0.474
[2026-04-01 14:26:44.986] [electrons:W1bVJw] [info] step        64 :  t =      2.560  e = 1.499999948830  wtime =     0.474
[2026-04-01 14:26:45.459] [electrons:W1bVJw] [info] step        65 :  t =      2.600  e = 1.499999948031  wtime =     0.474
[2026-04-01 14:26:45.933] [electrons:W1bVJw] [info] step        66 :  t =      2.640  e = 1.499999947231  wtime =     0.474
[2026-04-01 14:26:46.407] [electrons:W1bVJw] [info] step        67 :  t =      2.680  e = 1.499999946432  wtime =     0.474
[2026-04-01 14:26:46.880] [electrons:W1bVJw] [info] step        68 :  t =      2.720  e = 1.499999945632  wtime =     0.474
[2026-04-01 14:26:47.354] [electrons:W1bVJw] [info] step        69 :  t =      2.760  e = 1.499999944833  wtime =     0.474
[2026-04-01 14:26:47.828] [electrons:W1bVJw] [info] step        70 :  t =      2.800  e = 1.499999944033  wtime =     0.474
[2026-04-01 14:26:48.301] [electrons:W1bVJw] [info] step        71 :  t =      2.840  e = 1.499999943234  wtime =     0.474
[2026-04-01 14:26:48.775] [electrons:W1bVJw] [info] step        72 :  t =      2.880  e = 1.499999942434  wtime =     0.474
[2026-04-01 14:26:49.248] [electrons:W1bVJw] [info] step        73 :  t =      2.920  e = 1.499999941635  wtime =     0.474
[2026-04-01 14:26:49.722] [electrons:W1bVJw] [info] step        74 :  t =      2.960  e = 1.499999940835  wtime =     0.474
3.000       1.802774        1.802776        1.49999994      1.000000  
[2026-04-01 14:26:50.197] [electrons:W1bVJw] [info] step        75 :  t =      3.000  e = 1.499999940036  wtime =     0.475
[2026-04-01 14:26:50.671] [electrons:W1bVJw] [info] step        76 :  t =      3.040  e = 1.499999939236  wtime =     0.474
[2026-04-01 14:26:51.145] [electrons:W1bVJw] [info] step        77 :  t =      3.080  e = 1.499999938436  wtime =     0.474
[2026-04-01 14:26:51.620] [electrons:W1bVJw] [info] step        78 :  t =      3.120  e = 1.499999937637  wtime =     0.475
[2026-04-01 14:26:52.093] [electrons:W1bVJw] [info] step        79 :  t =      3.160  e = 1.499999936837  wtime =     0.474
[2026-04-01 14:26:52.567] [electrons:W1bVJw] [info] step        80 :  t =      3.200  e = 1.499999936038  wtime =     0.474
[2026-04-01 14:26:53.040] [electrons:W1bVJw] [info] step        81 :  t =      3.240  e = 1.499999935238  wtime =     0.474
[2026-04-01 14:26:53.514] [electrons:W1bVJw] [info] step        82 :  t =      3.280  e = 1.499999934439  wtime =     0.474
[2026-04-01 14:26:53.988] [electrons:W1bVJw] [info] step        83 :  t =      3.320  e = 1.499999933639  wtime =     0.474
[2026-04-01 14:26:54.461] [electrons:W1bVJw] [info] step        84 :  t =      3.360  e = 1.499999932840  wtime =     0.474
[2026-04-01 14:26:54.935] [electrons:W1bVJw] [info] step        85 :  t =      3.400  e = 1.499999932040  wtime =     0.474
[2026-04-01 14:26:55.409] [electrons:W1bVJw] [info] step        86 :  t =      3.440  e = 1.499999931241  wtime =     0.474
[2026-04-01 14:26:55.883] [electrons:W1bVJw] [info] step        87 :  t =      3.480  e = 1.499999930441  wtime =     0.474
[2026-04-01 14:26:56.356] [electrons:W1bVJw] [info] step        88 :  t =      3.520  e = 1.499999929642  wtime =     0.474
[2026-04-01 14:26:56.830] [electrons:W1bVJw] [info] step        89 :  t =      3.560  e = 1.499999928842  wtime =     0.474
[2026-04-01 14:26:57.304] [electrons:W1bVJw] [info] step        90 :  t =      3.600  e = 1.499999928043  wtime =     0.474
[2026-04-01 14:26:57.777] [electrons:W1bVJw] [info] step        91 :  t =      3.640  e = 1.499999927243  wtime =     0.474
[2026-04-01 14:26:58.252] [electrons:W1bVJw] [info] step        92 :  t =      3.680  e = 1.499999926444  wtime =     0.474
[2026-04-01 14:26:58.725] [electrons:W1bVJw] [info] step        93 :  t =      3.720  e = 1.499999925644  wtime =     0.474
[2026-04-01 14:26:59.199] [electrons:W1bVJw] [info] step        94 :  t =      3.760  e = 1.499999924845  wtime =     0.474
[2026-04-01 14:26:59.672] [electrons:W1bVJw] [info] step        95 :  t =      3.800  e = 1.499999924045  wtime =     0.474
[2026-04-01 14:27:00.146] [electrons:W1bVJw] [info] step        96 :  t =      3.840  e = 1.499999923245  wtime =     0.474
[2026-04-01 14:27:00.620] [electrons:W1bVJw] [info] step        97 :  t =      3.880  e = 1.499999922446  wtime =     0.474
[2026-04-01 14:27:01.093] [electrons:W1bVJw] [info] step        98 :  t =      3.920  e = 1.499999921646  wtime =     0.474
[2026-04-01 14:27:01.567] [electrons:W1bVJw] [info] step        99 :  t =      3.960  e = 1.499999920847  wtime =     0.474
4.000       2.236066        2.236068        1.49999992      1.000000  
[2026-04-01 14:27:02.042] [electrons:W1bVJw] [info] step       100 :  t =      4.000  e = 1.499999920047  wtime =     0.475
[2026-04-01 14:27:02.516] [electrons:W1bVJw] [info] step       101 :  t =      4.040  e = 1.499999919248  wtime =     0.474
[2026-04-01 14:27:02.989] [electrons:W1bVJw] [info] step       102 :  t =      4.080  e = 1.499999918448  wtime =     0.474
[2026-04-01 14:27:03.463] [electrons:W1bVJw] [info] step       103 :  t =      4.120  e = 1.499999917649  wtime =     0.474
[2026-04-01 14:27:03.937] [electrons:W1bVJw] [info] step       104 :  t =      4.160  e = 1.499999916849  wtime =     0.474
[2026-04-01 14:27:04.410] [electrons:W1bVJw] [info] step       105 :  t =      4.200  e = 1.499999916050  wtime =     0.474
[2026-04-01 14:27:04.884] [electrons:W1bVJw] [info] step       106 :  t =      4.240  e = 1.499999915250  wtime =     0.474
[2026-04-01 14:27:05.358] [electrons:W1bVJw] [info] step       107 :  t =      4.280  e = 1.499999914451  wtime =     0.474
[2026-04-01 14:27:05.832] [electrons:W1bVJw] [info] step       108 :  t =      4.320  e = 1.499999913651  wtime =     0.474
[2026-04-01 14:27:06.305] [electrons:W1bVJw] [info] step       109 :  t =      4.360  e = 1.499999912852  wtime =     0.474
[2026-04-01 14:27:06.779] [electrons:W1bVJw] [info] step       110 :  t =      4.400  e = 1.499999912052  wtime =     0.474
[2026-04-01 14:27:07.253] [electrons:W1bVJw] [info] step       111 :  t =      4.440  e = 1.499999911253  wtime =     0.474
[2026-04-01 14:27:07.726] [electrons:W1bVJw] [info] step       112 :  t =      4.480  e = 1.499999910453  wtime =     0.474
[2026-04-01 14:27:08.200] [electrons:W1bVJw] [info] step       113 :  t =      4.520  e = 1.499999909654  wtime =     0.474
[2026-04-01 14:27:08.674] [electrons:W1bVJw] [info] step       114 :  t =      4.560  e = 1.499999908854  wtime =     0.474
[2026-04-01 14:27:09.147] [electrons:W1bVJw] [info] step       115 :  t =      4.600  e = 1.499999908055  wtime =     0.474
[2026-04-01 14:27:09.621] [electrons:W1bVJw] [info] step       116 :  t =      4.640  e = 1.499999907255  wtime =     0.474
[2026-04-01 14:27:10.095] [electrons:W1bVJw] [info] step       117 :  t =      4.680  e = 1.499999906455  wtime =     0.474
[2026-04-01 14:27:10.568] [electrons:W1bVJw] [info] step       118 :  t =      4.720  e = 1.499999905656  wtime =     0.474
[2026-04-01 14:27:11.042] [electrons:W1bVJw] [info] step       119 :  t =      4.760  e = 1.499999904856  wtime =     0.474
[2026-04-01 14:27:11.515] [electrons:W1bVJw] [info] step       120 :  t =      4.800  e = 1.499999904057  wtime =     0.474
[2026-04-01 14:27:11.989] [electrons:W1bVJw] [info] step       121 :  t =      4.840  e = 1.499999903257  wtime =     0.474
[2026-04-01 14:27:12.463] [electrons:W1bVJw] [info] step       122 :  t =      4.880  e = 1.499999902458  wtime =     0.474
[2026-04-01 14:27:12.937] [electrons:W1bVJw] [info] step       123 :  t =      4.920  e = 1.499999901658  wtime =     0.474
[2026-04-01 14:27:13.410] [electrons:W1bVJw] [info] step       124 :  t =      4.960  e = 1.499999900859  wtime =     0.474
5.000       2.692821        2.692582        1.49999990      1.000000  
[2026-04-01 14:27:13.885] [electrons:W1bVJw] [info] step       125 :  t =      5.000  e = 1.499999900059  wtime =     0.475
[2026-04-01 14:27:14.359] [electrons:W1bVJw] [info] step       126 :  t =      5.040  e = 1.499999899260  wtime =     0.474
[2026-04-01 14:27:14.832] [electrons:W1bVJw] [info] step       127 :  t =      5.080  e = 1.499999898460  wtime =     0.474
[2026-04-01 14:27:15.306] [electrons:W1bVJw] [info] step       128 :  t =      5.120  e = 1.499999897661  wtime =     0.474
[2026-04-01 14:27:15.780] [electrons:W1bVJw] [info] step       129 :  t =      5.160  e = 1.499999896861  wtime =     0.474
[2026-04-01 14:27:16.253] [electrons:W1bVJw] [info] step       130 :  t =      5.200  e = 1.499999896062  wtime =     0.474
[2026-04-01 14:27:16.727] [electrons:W1bVJw] [info] step       131 :  t =      5.240  e = 1.499999895262  wtime =     0.474
[2026-04-01 14:27:17.200] [electrons:W1bVJw] [info] step       132 :  t =      5.280  e = 1.499999894463  wtime =     0.474
[2026-04-01 14:27:17.674] [electrons:W1bVJw] [info] step       133 :  t =      5.320  e = 1.499999893663  wtime =     0.474
[2026-04-01 14:27:18.148] [electrons:W1bVJw] [info] step       134 :  t =      5.360  e = 1.499999892864  wtime =     0.474
[2026-04-01 14:27:18.621] [electrons:W1bVJw] [info] step       135 :  t =      5.400  e = 1.499999892064  wtime =     0.474
[2026-04-01 14:27:19.095] [electrons:W1bVJw] [info] step       136 :  t =      5.440  e = 1.499999891265  wtime =     0.474
[2026-04-01 14:27:19.568] [electrons:W1bVJw] [info] step       137 :  t =      5.480  e = 1.499999890465  wtime =     0.474
[2026-04-01 14:27:20.043] [electrons:W1bVJw] [info] step       138 :  t =      5.520  e = 1.499999889665  wtime =     0.474
[2026-04-01 14:27:20.516] [electrons:W1bVJw] [info] step       139 :  t =      5.560  e = 1.499999888866  wtime =     0.474
[2026-04-01 14:27:20.990] [electrons:W1bVJw] [info] step       140 :  t =      5.600  e = 1.499999888066  wtime =     0.474
[2026-04-01 14:27:21.464] [electrons:W1bVJw] [info] step       141 :  t =      5.640  e = 1.499999887267  wtime =     0.474
[2026-04-01 14:27:21.938] [electrons:W1bVJw] [info] step       142 :  t =      5.680  e = 1.499999886467  wtime =     0.474
[2026-04-01 14:27:22.411] [electrons:W1bVJw] [info] step       143 :  t =      5.720  e = 1.499999885668  wtime =     0.474
[2026-04-01 14:27:22.885] [electrons:W1bVJw] [info] step       144 :  t =      5.760  e = 1.499999884868  wtime =     0.474
[2026-04-01 14:27:23.358] [electrons:W1bVJw] [info] step       145 :  t =      5.800  e = 1.499999884069  wtime =     0.474
[2026-04-01 14:27:23.832] [electrons:W1bVJw] [info] step       146 :  t =      5.840  e = 1.499999883269  wtime =     0.474
[2026-04-01 14:27:24.306] [electrons:W1bVJw] [info] step       147 :  t =      5.880  e = 1.499999882470  wtime =     0.473
[2026-04-01 14:27:24.779] [electrons:W1bVJw] [info] step       148 :  t =      5.920  e = 1.499999881670  wtime =     0.474
[2026-04-01 14:27:25.253] [electrons:W1bVJw] [info] step       149 :  t =      5.960  e = 1.499999880871  wtime =     0.474
6.000       3.194262        3.162278        1.49999988      1.000000  
[2026-04-01 14:27:25.727] [electrons:W1bVJw] [info] step       150 :  t =      6.000  e = 1.499999880071  wtime =     0.475
[2026-04-01 14:27:26.201] [electrons:W1bVJw] [info] step       151 :  t =      6.040  e = 1.499999879272  wtime =     0.474
[2026-04-01 14:27:26.675] [electrons:W1bVJw] [info] step       152 :  t =      6.080  e = 1.499999878472  wtime =     0.474
[2026-04-01 14:27:27.149] [electrons:W1bVJw] [info] step       153 :  t =      6.120  e = 1.499999877673  wtime =     0.474
[2026-04-01 14:27:27.623] [electrons:W1bVJw] [info] step       154 :  t =      6.160  e = 1.499999876873  wtime =     0.474
[2026-04-01 14:27:28.097] [electrons:W1bVJw] [info] step       155 :  t =      6.200  e = 1.499999876074  wtime =     0.474
[2026-04-01 14:27:28.570] [electrons:W1bVJw] [info] step       156 :  t =      6.240  e = 1.499999875274  wtime =     0.474
[2026-04-01 14:27:29.044] [electrons:W1bVJw] [info] step       157 :  t =      6.280  e = 1.499999874475  wtime =     0.474
[2026-04-01 14:27:29.518] [electrons:W1bVJw] [info] step       158 :  t =      6.320  e = 1.499999873675  wtime =     0.474
[2026-04-01 14:27:29.991] [electrons:W1bVJw] [info] step       159 :  t =      6.360  e = 1.499999872875  wtime =     0.473
[2026-04-01 14:27:30.465] [electrons:W1bVJw] [info] step       160 :  t =      6.400  e = 1.499999872076  wtime =     0.474
[2026-04-01 14:27:30.938] [electrons:W1bVJw] [info] step       161 :  t =      6.440  e = 1.499999871276  wtime =     0.474
[2026-04-01 14:27:31.412] [electrons:W1bVJw] [info] step       162 :  t =      6.480  e = 1.499999870477  wtime =     0.474
[2026-04-01 14:27:31.886] [electrons:W1bVJw] [info] step       163 :  t =      6.520  e = 1.499999869677  wtime =     0.474
[2026-04-01 14:27:32.359] [electrons:W1bVJw] [info] step       164 :  t =      6.560  e = 1.499999868878  wtime =     0.474
[2026-04-01 14:27:32.833] [electrons:W1bVJw] [info] step       165 :  t =      6.600  e = 1.499999868078  wtime =     0.474
[2026-04-01 14:27:33.307] [electrons:W1bVJw] [info] step       166 :  t =      6.640  e = 1.499999867279  wtime =     0.474
[2026-04-01 14:27:33.780] [electrons:W1bVJw] [info] step       167 :  t =      6.680  e = 1.499999866479  wtime =     0.474
[2026-04-01 14:27:34.255] [electrons:W1bVJw] [info] step       168 :  t =      6.720  e = 1.499999865680  wtime =     0.474
[2026-04-01 14:27:34.728] [electrons:W1bVJw] [info] step       169 :  t =      6.760  e = 1.499999864880  wtime =     0.474
[2026-04-01 14:27:35.202] [electrons:W1bVJw] [info] step       170 :  t =      6.800  e = 1.499999864081  wtime =     0.474
[2026-04-01 14:27:35.676] [electrons:W1bVJw] [info] step       171 :  t =      6.840  e = 1.499999863281  wtime =     0.474
[2026-04-01 14:27:36.149] [electrons:W1bVJw] [info] step       172 :  t =      6.880  e = 1.499999862482  wtime =     0.474
[2026-04-01 14:27:36.623] [electrons:W1bVJw] [info] step       173 :  t =      6.920  e = 1.499999861682  wtime =     0.474
[2026-04-01 14:27:37.097] [electrons:W1bVJw] [info] step       174 :  t =      6.960  e = 1.499999860883  wtime =     0.474
7.000       4.138930        3.640055        1.49999986      1.000000  
[2026-04-01 14:27:37.572] [electrons:W1bVJw] [info] step       175 :  t =      7.000  e = 1.499999860083  wtime =     0.475
[2026-04-01 14:27:38.046] [electrons:W1bVJw] [info] step       176 :  t =      7.040  e = 1.499999859284  wtime =     0.474
[2026-04-01 14:27:38.519] [electrons:W1bVJw] [info] step       177 :  t =      7.080  e = 1.499999858484  wtime =     0.474
[2026-04-01 14:27:38.993] [electrons:W1bVJw] [info] step       178 :  t =      7.120  e = 1.499999857685  wtime =     0.474
[2026-04-01 14:27:39.467] [electrons:W1bVJw] [info] step       179 :  t =      7.160  e = 1.499999856885  wtime =     0.474
[2026-04-01 14:27:39.940] [electrons:W1bVJw] [info] step       180 :  t =      7.200  e = 1.499999856085  wtime =     0.474
[2026-04-01 14:27:40.414] [electrons:W1bVJw] [info] step       181 :  t =      7.240  e = 1.499999855286  wtime =     0.474
[2026-04-01 14:27:40.888] [electrons:W1bVJw] [info] step       182 :  t =      7.280  e = 1.499999854486  wtime =     0.474
[2026-04-01 14:27:41.362] [electrons:W1bVJw] [info] step       183 :  t =      7.320  e = 1.499999853687  wtime =     0.474
[2026-04-01 14:27:41.836] [electrons:W1bVJw] [info] step       184 :  t =      7.360  e = 1.499999852887  wtime =     0.474
[2026-04-01 14:27:42.309] [electrons:W1bVJw] [info] step       185 :  t =      7.400  e = 1.499999852088  wtime =     0.474
[2026-04-01 14:27:42.783] [electrons:W1bVJw] [info] step       186 :  t =      7.440  e = 1.499999851288  wtime =     0.474
[2026-04-01 14:27:43.257] [electrons:W1bVJw] [info] step       187 :  t =      7.480  e = 1.499999850489  wtime =     0.474
[2026-04-01 14:27:43.731] [electrons:W1bVJw] [info] step       188 :  t =      7.520  e = 1.499999849689  wtime =     0.474
[2026-04-01 14:27:44.204] [electrons:W1bVJw] [info] step       189 :  t =      7.560  e = 1.499999848890  wtime =     0.474
[2026-04-01 14:27:44.678] [electrons:W1bVJw] [info] step       190 :  t =      7.600  e = 1.499999848090  wtime =     0.474
[2026-04-01 14:27:45.152] [electrons:W1bVJw] [info] step       191 :  t =      7.640  e = 1.499999847291  wtime =     0.474
[2026-04-01 14:27:45.625] [electrons:W1bVJw] [info] step       192 :  t =      7.680  e = 1.499999846491  wtime =     0.474
[2026-04-01 14:27:46.099] [electrons:W1bVJw] [info] step       193 :  t =      7.720  e = 1.499999845692  wtime =     0.474
[2026-04-01 14:27:46.573] [electrons:W1bVJw] [info] step       194 :  t =      7.760  e = 1.499999844892  wtime =     0.474
[2026-04-01 14:27:47.047] [electrons:W1bVJw] [info] step       195 :  t =      7.800  e = 1.499999844093  wtime =     0.474
[2026-04-01 14:27:47.520] [electrons:W1bVJw] [info] step       196 :  t =      7.840  e = 1.499999843293  wtime =     0.474
[2026-04-01 14:27:47.994] [electrons:W1bVJw] [info] step       197 :  t =      7.880  e = 1.499999842494  wtime =     0.474
[2026-04-01 14:27:48.468] [electrons:W1bVJw] [info] step       198 :  t =      7.920  e = 1.499999841694  wtime =     0.474
[2026-04-01 14:27:48.942] [electrons:W1bVJw] [info] step       199 :  t =      7.960  e = 1.499999840895  wtime =     0.474
8.000       6.321055        4.123106        1.49999984      1.000000  
[2026-04-01 14:27:49.416] [electrons:W1bVJw] [info] step       200 :  t =      8.000  e = 1.499999840095  wtime =     0.475
[2026-04-01 14:27:49.890] [electrons:W1bVJw] [info] step       201 :  t =      8.040  e = 1.499999839296  wtime =     0.474
[2026-04-01 14:27:50.364] [electrons:W1bVJw] [info] step       202 :  t =      8.080  e = 1.499999838496  wtime =     0.474
[2026-04-01 14:27:50.838] [electrons:W1bVJw] [info] step       203 :  t =      8.120  e = 1.499999837696  wtime =     0.474
[2026-04-01 14:27:51.311] [electrons:W1bVJw] [info] step       204 :  t =      8.160  e = 1.499999836897  wtime =     0.474
[2026-04-01 14:27:51.785] [electrons:W1bVJw] [info] step       205 :  t =      8.200  e = 1.499999836097  wtime =     0.474
[2026-04-01 14:27:52.259] [electrons:W1bVJw] [info] step       206 :  t =      8.240  e = 1.499999835298  wtime =     0.474
[2026-04-01 14:27:52.733] [electrons:W1bVJw] [info] step       207 :  t =      8.280  e = 1.499999834498  wtime =     0.474
[2026-04-01 14:27:53.207] [electrons:W1bVJw] [info] step       208 :  t =      8.320  e = 1.499999833699  wtime =     0.474
[2026-04-01 14:27:53.681] [electrons:W1bVJw] [info] step       209 :  t =      8.360  e = 1.499999832899  wtime =     0.474
[2026-04-01 14:27:54.155] [electrons:W1bVJw] [info] step       210 :  t =      8.400  e = 1.499999832100  wtime =     0.474
[2026-04-01 14:27:54.628] [electrons:W1bVJw] [info] step       211 :  t =      8.440  e = 1.499999831300  wtime =     0.474
[2026-04-01 14:27:55.102] [electrons:W1bVJw] [info] step       212 :  t =      8.480  e = 1.499999830501  wtime =     0.474
[2026-04-01 14:27:55.576] [electrons:W1bVJw] [info] step       213 :  t =      8.520  e = 1.499999829701  wtime =     0.474
[2026-04-01 14:27:56.050] [electrons:W1bVJw] [info] step       214 :  t =      8.560  e = 1.499999828902  wtime =     0.474
[2026-04-01 14:27:56.524] [electrons:W1bVJw] [info] step       215 :  t =      8.600  e = 1.499999828102  wtime =     0.474
[2026-04-01 14:27:56.997] [electrons:W1bVJw] [info] step       216 :  t =      8.640  e = 1.499999827303  wtime =     0.474
[2026-04-01 14:27:57.471] [electrons:W1bVJw] [info] step       217 :  t =      8.680  e = 1.499999826503  wtime =     0.474
[2026-04-01 14:27:57.945] [electrons:W1bVJw] [info] step       218 :  t =      8.720  e = 1.499999825704  wtime =     0.474
[2026-04-01 14:27:58.418] [electrons:W1bVJw] [info] step       219 :  t =      8.760  e = 1.499999824904  wtime =     0.474
[2026-04-01 14:27:58.892] [electrons:W1bVJw] [info] step       220 :  t =      8.800  e = 1.499999824105  wtime =     0.474
[2026-04-01 14:27:59.366] [electrons:W1bVJw] [info] step       221 :  t =      8.840  e = 1.499999823305  wtime =     0.474
[2026-04-01 14:27:59.840] [electrons:W1bVJw] [info] step       222 :  t =      8.880  e = 1.499999822506  wtime =     0.474
[2026-04-01 14:28:00.313] [electrons:W1bVJw] [info] step       223 :  t =      8.920  e = 1.499999821706  wtime =     0.474
[2026-04-01 14:28:00.787] [electrons:W1bVJw] [info] step       224 :  t =      8.960  e = 1.499999820907  wtime =     0.474
9.000       9.382837        4.609772        1.49999982      1.000000  
[2026-04-01 14:28:01.262] [electrons:W1bVJw] [info] step       225 :  t =      9.000  e = 1.499999820107  wtime =     0.475
[2026-04-01 14:28:01.737] [electrons:W1bVJw] [info] step       226 :  t =      9.040  e = 1.499999819307  wtime =     0.474
[2026-04-01 14:28:02.210] [electrons:W1bVJw] [info] step       227 :  t =      9.080  e = 1.499999818508  wtime =     0.474
[2026-04-01 14:28:02.684] [electrons:W1bVJw] [info] step       228 :  t =      9.120  e = 1.499999817708  wtime =     0.474
[2026-04-01 14:28:03.160] [electrons:W1bVJw] [info] step       229 :  t =      9.160  e = 1.499999816909  wtime =     0.475
[2026-04-01 14:28:03.635] [electrons:W1bVJw] [info] step       230 :  t =      9.200  e = 1.499999816109  wtime =     0.475
[2026-04-01 14:28:04.109] [electrons:W1bVJw] [info] step       231 :  t =      9.240  e = 1.499999815310  wtime =     0.474
[2026-04-01 14:28:04.583] [electrons:W1bVJw] [info] step       232 :  t =      9.280  e = 1.499999814510  wtime =     0.474
[2026-04-01 14:28:05.057] [electrons:W1bVJw] [info] step       233 :  t =      9.320  e = 1.499999813711  wtime =     0.474
[2026-04-01 14:28:05.530] [electrons:W1bVJw] [info] step       234 :  t =      9.360  e = 1.499999812911  wtime =     0.474
[2026-04-01 14:28:06.004] [electrons:W1bVJw] [info] step       235 :  t =      9.400  e = 1.499999812112  wtime =     0.474
[2026-04-01 14:28:06.478] [electrons:W1bVJw] [info] step       236 :  t =      9.440  e = 1.499999811312  wtime =     0.474
[2026-04-01 14:28:06.951] [electrons:W1bVJw] [info] step       237 :  t =      9.480  e = 1.499999810513  wtime =     0.474
[2026-04-01 14:28:07.425] [electrons:W1bVJw] [info] step       238 :  t =      9.520  e = 1.499999809713  wtime =     0.474
[2026-04-01 14:28:07.899] [electrons:W1bVJw] [info] step       239 :  t =      9.560  e = 1.499999808914  wtime =     0.474
[2026-04-01 14:28:08.373] [electrons:W1bVJw] [info] step       240 :  t =      9.600  e = 1.499999808114  wtime =     0.474
[2026-04-01 14:28:08.846] [electrons:W1bVJw] [info] step       241 :  t =      9.640  e = 1.499999807315  wtime =     0.474
[2026-04-01 14:28:09.320] [electrons:W1bVJw] [info] step       242 :  t =      9.680  e = 1.499999806515  wtime =     0.474
[2026-04-01 14:28:09.794] [electrons:W1bVJw] [info] step       243 :  t =      9.720  e = 1.499999805716  wtime =     0.474
[2026-04-01 14:28:10.268] [electrons:W1bVJw] [info] step       244 :  t =      9.760  e = 1.499999804916  wtime =     0.475
[2026-04-01 14:28:10.742] [electrons:W1bVJw] [info] step       245 :  t =      9.800  e = 1.499999804117  wtime =     0.474
[2026-04-01 14:28:11.216] [electrons:W1bVJw] [info] step       246 :  t =      9.840  e = 1.499999803317  wtime =     0.474
[2026-04-01 14:28:11.690] [electrons:W1bVJw] [info] step       247 :  t =      9.880  e = 1.499999802518  wtime =     0.474
[2026-04-01 14:28:12.163] [electrons:W1bVJw] [info] step       248 :  t =      9.920  e = 1.499999801718  wtime =     0.474
[2026-04-01 14:28:12.637] [electrons:W1bVJw] [info] step       249 :  t =      9.960  e = 1.499999800918  wtime =     0.474
10.000      12.228898       5.099020        1.49999980      1.000000  
[2026-04-01 14:28:13.113] [electrons:W1bVJw] [info] step       250 :  t =     10.000  e = 1.499999800119  wtime =     0.476
[2026-04-01 14:28:13.587] [electrons:W1bVJw] [info] step       251 :  t =     10.040  e = 1.499999799319  wtime =     0.474
[2026-04-01 14:28:14.061] [electrons:W1bVJw] [info] step       252 :  t =     10.080  e = 1.499999798520  wtime =     0.474
[2026-04-01 14:28:14.534] [electrons:W1bVJw] [info] step       253 :  t =     10.120  e = 1.499999797720  wtime =     0.474
[2026-04-01 14:28:15.008] [electrons:W1bVJw] [info] step       254 :  t =     10.160  e = 1.499999796921  wtime =     0.474
[2026-04-01 14:28:15.482] [electrons:W1bVJw] [info] step       255 :  t =     10.200  e = 1.499999796121  wtime =     0.474
[2026-04-01 14:28:15.956] [electrons:W1bVJw] [info] step       256 :  t =     10.240  e = 1.499999795322  wtime =     0.474
[2026-04-01 14:28:16.429] [electrons:W1bVJw] [info] step       257 :  t =     10.280  e = 1.499999794522  wtime =     0.474
[2026-04-01 14:28:16.903] [electrons:W1bVJw] [info] step       258 :  t =     10.320  e = 1.499999793723  wtime =     0.474
[2026-04-01 14:28:17.377] [electrons:W1bVJw] [info] step       259 :  t =     10.360  e = 1.499999792923  wtime =     0.474
[2026-04-01 14:28:17.851] [electrons:W1bVJw] [info] step       260 :  t =     10.400  e = 1.499999792124  wtime =     0.474
[2026-04-01 14:28:18.325] [electrons:W1bVJw] [info] step       261 :  t =     10.440  e = 1.499999791324  wtime =     0.474
[2026-04-01 14:28:18.798] [electrons:W1bVJw] [info] step       262 :  t =     10.480  e = 1.499999790525  wtime =     0.474
[2026-04-01 14:28:19.272] [electrons:W1bVJw] [info] step       263 :  t =     10.520  e = 1.499999789725  wtime =     0.474
[2026-04-01 14:28:19.746] [electrons:W1bVJw] [info] step       264 :  t =     10.560  e = 1.499999788926  wtime =     0.474
[2026-04-01 14:28:20.219] [electrons:W1bVJw] [info] step       265 :  t =     10.600  e = 1.499999788126  wtime =     0.474
[2026-04-01 14:28:20.693] [electrons:W1bVJw] [info] step       266 :  t =     10.640  e = 1.499999787327  wtime =     0.474
[2026-04-01 14:28:21.167] [electrons:W1bVJw] [info] step       267 :  t =     10.680  e = 1.499999786527  wtime =     0.474
[2026-04-01 14:28:21.640] [electrons:W1bVJw] [info] step       268 :  t =     10.720  e = 1.499999785728  wtime =     0.474
[2026-04-01 14:28:22.114] [electrons:W1bVJw] [info] step       269 :  t =     10.760  e = 1.499999784928  wtime =     0.474
[2026-04-01 14:28:22.588] [electrons:W1bVJw] [info] step       270 :  t =     10.800  e = 1.499999784129  wtime =     0.474
[2026-04-01 14:28:23.062] [electrons:W1bVJw] [info] step       271 :  t =     10.840  e = 1.499999783329  wtime =     0.474
[2026-04-01 14:28:23.535] [electrons:W1bVJw] [info] step       272 :  t =     10.880  e = 1.499999782529  wtime =     0.474
[2026-04-01 14:28:24.009] [electrons:W1bVJw] [info] step       273 :  t =     10.920  e = 1.499999781730  wtime =     0.474
[2026-04-01 14:28:24.483] [electrons:W1bVJw] [info] step       274 :  t =     10.960  e = 1.499999780930  wtime =     0.474
11.000      14.185003       5.590170        1.49999978      1.000000  
[2026-04-01 14:28:24.958] [electrons:W1bVJw] [info] step       275 :  t =     11.000  e = 1.499999780131  wtime =     0.475
[2026-04-01 14:28:25.432] [electrons:W1bVJw] [info] step       276 :  t =     11.040  e = 1.499999779331  wtime =     0.474
[2026-04-01 14:28:25.906] [electrons:W1bVJw] [info] step       277 :  t =     11.080  e = 1.499999778532  wtime =     0.474
[2026-04-01 14:28:26.379] [electrons:W1bVJw] [info] step       278 :  t =     11.120  e = 1.499999777732  wtime =     0.474
[2026-04-01 14:28:26.853] [electrons:W1bVJw] [info] step       279 :  t =     11.160  e = 1.499999776933  wtime =     0.474
[2026-04-01 14:28:27.327] [electrons:W1bVJw] [info] step       280 :  t =     11.200  e = 1.499999776133  wtime =     0.474
[2026-04-01 14:28:27.800] [electrons:W1bVJw] [info] step       281 :  t =     11.240  e = 1.499999775334  wtime =     0.474
[2026-04-01 14:28:28.274] [electrons:W1bVJw] [info] step       282 :  t =     11.280  e = 1.499999774534  wtime =     0.474
[2026-04-01 14:28:28.748] [electrons:W1bVJw] [info] step       283 :  t =     11.320  e = 1.499999773735  wtime =     0.474
[2026-04-01 14:28:29.222] [electrons:W1bVJw] [info] step       284 :  t =     11.360  e = 1.499999772935  wtime =     0.474
[2026-04-01 14:28:29.695] [electrons:W1bVJw] [info] step       285 :  t =     11.400  e = 1.499999772136  wtime =     0.474
[2026-04-01 14:28:30.169] [electrons:W1bVJw] [info] step       286 :  t =     11.440  e = 1.499999771336  wtime =     0.474
[2026-04-01 14:28:30.643] [electrons:W1bVJw] [info] step       287 :  t =     11.480  e = 1.499999770537  wtime =     0.474
[2026-04-01 14:28:31.116] [electrons:W1bVJw] [info] step       288 :  t =     11.520  e = 1.499999769737  wtime =     0.474
[2026-04-01 14:28:31.590] [electrons:W1bVJw] [info] step       289 :  t =     11.560  e = 1.499999768938  wtime =     0.474
[2026-04-01 14:28:32.064] [electrons:W1bVJw] [info] step       290 :  t =     11.600  e = 1.499999768138  wtime =     0.473
[2026-04-01 14:28:32.538] [electrons:W1bVJw] [info] step       291 :  t =     11.640  e = 1.499999767339  wtime =     0.474
[2026-04-01 14:28:33.011] [electrons:W1bVJw] [info] step       292 :  t =     11.680  e = 1.499999766539  wtime =     0.473
[2026-04-01 14:28:33.485] [electrons:W1bVJw] [info] step       293 :  t =     11.720  e = 1.499999765740  wtime =     0.474
[2026-04-01 14:28:33.958] [electrons:W1bVJw] [info] step       294 :  t =     11.760  e = 1.499999764940  wtime =     0.474
[2026-04-01 14:28:34.432] [electrons:W1bVJw] [info] step       295 :  t =     11.800  e = 1.499999764141  wtime =     0.474
[2026-04-01 14:28:34.905] [electrons:W1bVJw] [info] step       296 :  t =     11.840  e = 1.499999763341  wtime =     0.473
[2026-04-01 14:28:35.379] [electrons:W1bVJw] [info] step       297 :  t =     11.880  e = 1.499999762541  wtime =     0.473
[2026-04-01 14:28:35.852] [electrons:W1bVJw] [info] step       298 :  t =     11.920  e = 1.499999761742  wtime =     0.474
[2026-04-01 14:28:36.326] [electrons:W1bVJw] [info] step       299 :  t =     11.960  e = 1.499999760942  wtime =     0.474
12.000      15.133183       6.082763        1.49999976      1.000000  
[2026-04-01 14:28:36.800] [electrons:W1bVJw] [info] step       300 :  t =     12.000  e = 1.499999760143  wtime =     0.474
[2026-04-01 14:28:37.274] [electrons:W1bVJw] [info] step       301 :  t =     12.040  e = 1.499999759343  wtime =     0.474
[2026-04-01 14:28:37.748] [electrons:W1bVJw] [info] step       302 :  t =     12.080  e = 1.499999758544  wtime =     0.474
[2026-04-01 14:28:38.221] [electrons:W1bVJw] [info] step       303 :  t =     12.120  e = 1.499999757744  wtime =     0.474
[2026-04-01 14:28:38.695] [electrons:W1bVJw] [info] step       304 :  t =     12.160  e = 1.499999756945  wtime =     0.474
[2026-04-01 14:28:39.169] [electrons:W1bVJw] [info] step       305 :  t =     12.200  e = 1.499999756145  wtime =     0.474
[2026-04-01 14:28:39.643] [electrons:W1bVJw] [info] step       306 :  t =     12.240  e = 1.499999755346  wtime =     0.474
[2026-04-01 14:28:40.116] [electrons:W1bVJw] [info] step       307 :  t =     12.280  e = 1.499999754546  wtime =     0.473
[2026-04-01 14:28:40.589] [electrons:W1bVJw] [info] step       308 :  t =     12.320  e = 1.499999753747  wtime =     0.473
[2026-04-01 14:28:41.063] [electrons:W1bVJw] [info] step       309 :  t =     12.360  e = 1.499999752947  wtime =     0.474
[2026-04-01 14:28:41.536] [electrons:W1bVJw] [info] step       310 :  t =     12.400  e = 1.499999752148  wtime =     0.473
[2026-04-01 14:28:42.010] [electrons:W1bVJw] [info] step       311 :  t =     12.440  e = 1.499999751348  wtime =     0.474
[2026-04-01 14:28:42.484] [electrons:W1bVJw] [info] step       312 :  t =     12.480  e = 1.499999750549  wtime =     0.474
[2026-04-01 14:28:42.957] [electrons:W1bVJw] [info] step       313 :  t =     12.520  e = 1.499999749749  wtime =     0.474
[2026-04-01 14:28:43.431] [electrons:W1bVJw] [info] step       314 :  t =     12.560  e = 1.499999748950  wtime =     0.473
[2026-04-01 14:28:43.904] [electrons:W1bVJw] [info] step       315 :  t =     12.600  e = 1.499999748150  wtime =     0.474
[2026-04-01 14:28:44.378] [electrons:W1bVJw] [info] step       316 :  t =     12.640  e = 1.499999747351  wtime =     0.473
[2026-04-01 14:28:44.851] [electrons:W1bVJw] [info] step       317 :  t =     12.680  e = 1.499999746551  wtime =     0.474
[2026-04-01 14:28:45.325] [electrons:W1bVJw] [info] step       318 :  t =     12.720  e = 1.499999745752  wtime =     0.474
[2026-04-01 14:28:45.799] [electrons:W1bVJw] [info] step       319 :  t =     12.760  e = 1.499999744952  wtime =     0.474
[2026-04-01 14:28:46.272] [electrons:W1bVJw] [info] step       320 :  t =     12.800  e = 1.499999744153  wtime =     0.473
[2026-04-01 14:28:46.746] [electrons:W1bVJw] [info] step       321 :  t =     12.840  e = 1.499999743353  wtime =     0.474
[2026-04-01 14:28:47.219] [electrons:W1bVJw] [info] step       322 :  t =     12.880  e = 1.499999742553  wtime =     0.474
[2026-04-01 14:28:47.693] [electrons:W1bVJw] [info] step       323 :  t =     12.920  e = 1.499999741754  wtime =     0.474
[2026-04-01 14:28:48.166] [electrons:W1bVJw] [info] step       324 :  t =     12.960  e = 1.499999740954  wtime =     0.474
13.000      15.262780       6.576473        1.49999974      1.000000  
[2026-04-01 14:28:48.641] [electrons:W1bVJw] [info] step       325 :  t =     13.000  e = 1.499999740155  wtime =     0.474
[2026-04-01 14:28:49.115] [electrons:W1bVJw] [info] step       326 :  t =     13.040  e = 1.499999739355  wtime =     0.474
[2026-04-01 14:28:49.588] [electrons:W1bVJw] [info] step       327 :  t =     13.080  e = 1.499999738556  wtime =     0.474
[2026-04-01 14:28:50.062] [electrons:W1bVJw] [info] step       328 :  t =     13.120  e = 1.499999737756  wtime =     0.474
[2026-04-01 14:28:50.535] [electrons:W1bVJw] [info] step       329 :  t =     13.160  e = 1.499999736957  wtime =     0.473
[2026-04-01 14:28:51.009] [electrons:W1bVJw] [info] step       330 :  t =     13.200  e = 1.499999736157  wtime =     0.474
[2026-04-01 14:28:51.483] [electrons:W1bVJw] [info] step       331 :  t =     13.240  e = 1.499999735358  wtime =     0.474
[2026-04-01 14:28:51.956] [electrons:W1bVJw] [info] step       332 :  t =     13.280  e = 1.499999734558  wtime =     0.473
[2026-04-01 14:28:52.430] [electrons:W1bVJw] [info] step       333 :  t =     13.320  e = 1.499999733759  wtime =     0.474
[2026-04-01 14:28:52.904] [electrons:W1bVJw] [info] step       334 :  t =     13.360  e = 1.499999732959  wtime =     0.474
[2026-04-01 14:28:53.377] [electrons:W1bVJw] [info] step       335 :  t =     13.400  e = 1.499999732160  wtime =     0.474
[2026-04-01 14:28:53.851] [electrons:W1bVJw] [info] step       336 :  t =     13.440  e = 1.499999731360  wtime =     0.473
[2026-04-01 14:28:54.324] [electrons:W1bVJw] [info] step       337 :  t =     13.480  e = 1.499999730561  wtime =     0.473
[2026-04-01 14:28:54.798] [electrons:W1bVJw] [info] step       338 :  t =     13.520  e = 1.499999729761  wtime =     0.473
[2026-04-01 14:28:55.272] [electrons:W1bVJw] [info] step       339 :  t =     13.560  e = 1.499999728962  wtime =     0.474
[2026-04-01 14:28:55.745] [electrons:W1bVJw] [info] step       340 :  t =     13.600  e = 1.499999728162  wtime =     0.473
[2026-04-01 14:28:56.218] [electrons:W1bVJw] [info] step       341 :  t =     13.640  e = 1.499999727363  wtime =     0.473
[2026-04-01 14:28:56.692] [electrons:W1bVJw] [info] step       342 :  t =     13.680  e = 1.499999726563  wtime =     0.474
[2026-04-01 14:28:57.166] [electrons:W1bVJw] [info] step       343 :  t =     13.720  e = 1.499999725764  wtime =     0.474
[2026-04-01 14:28:57.639] [electrons:W1bVJw] [info] step       344 :  t =     13.760  e = 1.499999724964  wtime =     0.474
[2026-04-01 14:28:58.113] [electrons:W1bVJw] [info] step       345 :  t =     13.800  e = 1.499999724165  wtime =     0.474
[2026-04-01 14:28:58.586] [electrons:W1bVJw] [info] step       346 :  t =     13.840  e = 1.499999723365  wtime =     0.474
[2026-04-01 14:28:59.060] [electrons:W1bVJw] [info] step       347 :  t =     13.880  e = 1.499999722566  wtime =     0.474
[2026-04-01 14:28:59.533] [electrons:W1bVJw] [info] step       348 :  t =     13.920  e = 1.499999721766  wtime =     0.473
[2026-04-01 14:29:00.007] [electrons:W1bVJw] [info] step       349 :  t =     13.960  e = 1.499999720966  wtime =     0.474
14.000      14.848716       7.071068        1.49999972      1.000000  
[2026-04-01 14:29:00.482] [electrons:W1bVJw] [info] step       350 :  t =     14.000  e = 1.499999720167  wtime =     0.475
[2026-04-01 14:29:00.956] [electrons:W1bVJw] [info] step       351 :  t =     14.040  e = 1.499999719367  wtime =     0.474
[2026-04-01 14:29:01.430] [electrons:W1bVJw] [info] step       352 :  t =     14.080  e = 1.499999718568  wtime =     0.474
[2026-04-01 14:29:01.903] [electrons:W1bVJw] [info] step       353 :  t =     14.120  e = 1.499999717768  wtime =     0.474
[2026-04-01 14:29:02.377] [electrons:W1bVJw] [info] step       354 :  t =     14.160  e = 1.499999716969  wtime =     0.474
[2026-04-01 14:29:02.850] [electrons:W1bVJw] [info] step       355 :  t =     14.200  e = 1.499999716169  wtime =     0.474
[2026-04-01 14:29:03.324] [electrons:W1bVJw] [info] step       356 :  t =     14.240  e = 1.499999715370  wtime =     0.474
[2026-04-01 14:29:03.798] [electrons:W1bVJw] [info] step       357 :  t =     14.280  e = 1.499999714570  wtime =     0.474
[2026-04-01 14:29:04.271] [electrons:W1bVJw] [info] step       358 :  t =     14.320  e = 1.499999713771  wtime =     0.474
[2026-04-01 14:29:04.745] [electrons:W1bVJw] [info] step       359 :  t =     14.360  e = 1.499999712971  wtime =     0.474
[2026-04-01 14:29:05.218] [electrons:W1bVJw] [info] step       360 :  t =     14.400  e = 1.499999712172  wtime =     0.473
[2026-04-01 14:29:05.692] [electrons:W1bVJw] [info] step       361 :  t =     14.440  e = 1.499999711372  wtime =     0.474
[2026-04-01 14:29:06.165] [electrons:W1bVJw] [info] step       362 :  t =     14.480  e = 1.499999710573  wtime =     0.474
[2026-04-01 14:29:06.639] [electrons:W1bVJw] [info] step       363 :  t =     14.520  e = 1.499999709773  wtime =     0.474
[2026-04-01 14:29:07.113] [electrons:W1bVJw] [info] step       364 :  t =     14.560  e = 1.499999708974  wtime =     0.474
[2026-04-01 14:29:07.587] [electrons:W1bVJw] [info] step       365 :  t =     14.600  e = 1.499999708174  wtime =     0.474
[2026-04-01 14:29:08.060] [electrons:W1bVJw] [info] step       366 :  t =     14.640  e = 1.499999707375  wtime =     0.474
[2026-04-01 14:29:08.534] [electrons:W1bVJw] [info] step       367 :  t =     14.680  e = 1.499999706575  wtime =     0.474
[2026-04-01 14:29:09.008] [electrons:W1bVJw] [info] step       368 :  t =     14.720  e = 1.499999705776  wtime =     0.474
[2026-04-01 14:29:09.481] [electrons:W1bVJw] [info] step       369 :  t =     14.760  e = 1.499999704976  wtime =     0.474
[2026-04-01 14:29:09.955] [electrons:W1bVJw] [info] step       370 :  t =     14.800  e = 1.499999704177  wtime =     0.474
[2026-04-01 14:29:10.428] [electrons:W1bVJw] [info] step       371 :  t =     14.840  e = 1.499999703377  wtime =     0.474
[2026-04-01 14:29:10.902] [electrons:W1bVJw] [info] step       372 :  t =     14.880  e = 1.499999702578  wtime =     0.474
[2026-04-01 14:29:11.376] [electrons:W1bVJw] [info] step       373 :  t =     14.920  e = 1.499999701778  wtime =     0.474
[2026-04-01 14:29:11.849] [electrons:W1bVJw] [info] step       374 :  t =     14.960  e = 1.499999700979  wtime =     0.474
15.000      14.138974       7.566373        1.49999970      1.000000  
[2026-04-01 14:29:12.324] [electrons:W1bVJw] [info] step       375 :  t =     15.000  e = 1.499999700179  wtime =     0.475
[2026-04-01 14:29:12.798] [electrons:W1bVJw] [info] step       376 :  t =     15.040  e = 1.499999699379  wtime =     0.474
[2026-04-01 14:29:13.271] [electrons:W1bVJw] [info] step       377 :  t =     15.080  e = 1.499999698580  wtime =     0.474
[2026-04-01 14:29:13.745] [electrons:W1bVJw] [info] step       378 :  t =     15.120  e = 1.499999697780  wtime =     0.474
[2026-04-01 14:29:14.219] [electrons:W1bVJw] [info] step       379 :  t =     15.160  e = 1.499999696981  wtime =     0.474
[2026-04-01 14:29:14.693] [electrons:W1bVJw] [info] step       380 :  t =     15.200  e = 1.499999696181  wtime =     0.475
[2026-04-01 14:29:15.167] [electrons:W1bVJw] [info] step       381 :  t =     15.240  e = 1.499999695382  wtime =     0.474
[2026-04-01 14:29:15.641] [electrons:W1bVJw] [info] step       382 :  t =     15.280  e = 1.499999694582  wtime =     0.474
[2026-04-01 14:29:16.114] [electrons:W1bVJw] [info] step       383 :  t =     15.320  e = 1.499999693783  wtime =     0.474
[2026-04-01 14:29:16.588] [electrons:W1bVJw] [info] step       384 :  t =     15.360  e = 1.499999692983  wtime =     0.474
[2026-04-01 14:29:17.062] [electrons:W1bVJw] [info] step       385 :  t =     15.400  e = 1.499999692184  wtime =     0.474
[2026-04-01 14:29:17.535] [electrons:W1bVJw] [info] step       386 :  t =     15.440  e = 1.499999691384  wtime =     0.474
[2026-04-01 14:29:18.009] [electrons:W1bVJw] [info] step       387 :  t =     15.480  e = 1.499999690585  wtime =     0.474
[2026-04-01 14:29:18.483] [electrons:W1bVJw] [info] step       388 :  t =     15.520  e = 1.499999689785  wtime =     0.474
[2026-04-01 14:29:18.956] [electrons:W1bVJw] [info] step       389 :  t =     15.560  e = 1.499999688986  wtime =     0.474
[2026-04-01 14:29:19.430] [electrons:W1bVJw] [info] step       390 :  t =     15.600  e = 1.499999688186  wtime =     0.474
[2026-04-01 14:29:19.904] [electrons:W1bVJw] [info] step       391 :  t =     15.640  e = 1.499999687387  wtime =     0.474
[2026-04-01 14:29:20.377] [electrons:W1bVJw] [info] step       392 :  t =     15.680  e = 1.499999686587  wtime =     0.474
[2026-04-01 14:29:20.851] [electrons:W1bVJw] [info] step       393 :  t =     15.720  e = 1.499999685788  wtime =     0.474
[2026-04-01 14:29:21.325] [electrons:W1bVJw] [info] step       394 :  t =     15.760  e = 1.499999684988  wtime =     0.474
[2026-04-01 14:29:21.799] [electrons:W1bVJw] [info] step       395 :  t =     15.800  e = 1.499999684189  wtime =     0.474
[2026-04-01 14:29:22.273] [electrons:W1bVJw] [info] step       396 :  t =     15.840  e = 1.499999683389  wtime =     0.474
[2026-04-01 14:29:22.746] [electrons:W1bVJw] [info] step       397 :  t =     15.880  e = 1.499999682590  wtime =     0.474
[2026-04-01 14:29:23.220] [electrons:W1bVJw] [info] step       398 :  t =     15.920  e = 1.499999681790  wtime =     0.474
[2026-04-01 14:29:23.694] [electrons:W1bVJw] [info] step       399 :  t =     15.960  e = 1.499999680991  wtime =     0.474
16.000      13.320539       8.062258        1.49999968      1.000000  
[2026-04-01 14:29:24.168] [electrons:W1bVJw] [info] step       400 :  t =     16.000  e = 1.499999680191  wtime =     0.475
[2026-04-01 14:29:24.642] [electrons:W1bVJw] [info] step       401 :  t =     16.040  e = 1.499999679392  wtime =     0.474
[2026-04-01 14:29:25.116] [electrons:W1bVJw] [info] step       402 :  t =     16.080  e = 1.499999678592  wtime =     0.474
[2026-04-01 14:29:25.590] [electrons:W1bVJw] [info] step       403 :  t =     16.120  e = 1.499999677793  wtime =     0.474
[2026-04-01 14:29:26.063] [electrons:W1bVJw] [info] step       404 :  t =     16.160  e = 1.499999676993  wtime =     0.474
[2026-04-01 14:29:26.537] [electrons:W1bVJw] [info] step       405 :  t =     16.200  e = 1.499999676193  wtime =     0.474
[2026-04-01 14:29:27.010] [electrons:W1bVJw] [info] step       406 :  t =     16.240  e = 1.499999675394  wtime =     0.474
[2026-04-01 14:29:27.484] [electrons:W1bVJw] [info] step       407 :  t =     16.280  e = 1.499999674594  wtime =     0.474
[2026-04-01 14:29:27.958] [electrons:W1bVJw] [info] step       408 :  t =     16.320  e = 1.499999673795  wtime =     0.474
[2026-04-01 14:29:28.431] [electrons:W1bVJw] [info] step       409 :  t =     16.360  e = 1.499999672995  wtime =     0.474
[2026-04-01 14:29:28.906] [electrons:W1bVJw] [info] step       410 :  t =     16.400  e = 1.499999672196  wtime =     0.474
[2026-04-01 14:29:29.379] [electrons:W1bVJw] [info] step       411 :  t =     16.440  e = 1.499999671396  wtime =     0.474
[2026-04-01 14:29:29.853] [electrons:W1bVJw] [info] step       412 :  t =     16.480  e = 1.499999670597  wtime =     0.474
[2026-04-01 14:29:30.326] [electrons:W1bVJw] [info] step       413 :  t =     16.520  e = 1.499999669797  wtime =     0.474
[2026-04-01 14:29:30.800] [electrons:W1bVJw] [info] step       414 :  t =     16.560  e = 1.499999668998  wtime =     0.474
[2026-04-01 14:29:31.274] [electrons:W1bVJw] [info] step       415 :  t =     16.600  e = 1.499999668198  wtime =     0.474
[2026-04-01 14:29:31.747] [electrons:W1bVJw] [info] step       416 :  t =     16.640  e = 1.499999667399  wtime =     0.474
[2026-04-01 14:29:32.221] [electrons:W1bVJw] [info] step       417 :  t =     16.680  e = 1.499999666599  wtime =     0.474
[2026-04-01 14:29:32.695] [electrons:W1bVJw] [info] step       418 :  t =     16.720  e = 1.499999665800  wtime =     0.474
[2026-04-01 14:29:33.168] [electrons:W1bVJw] [info] step       419 :  t =     16.760  e = 1.499999665000  wtime =     0.474
[2026-04-01 14:29:33.642] [electrons:W1bVJw] [info] step       420 :  t =     16.800  e = 1.499999664201  wtime =     0.474
[2026-04-01 14:29:34.116] [electrons:W1bVJw] [info] step       421 :  t =     16.840  e = 1.499999663401  wtime =     0.474
[2026-04-01 14:29:34.589] [electrons:W1bVJw] [info] step       422 :  t =     16.880  e = 1.499999662602  wtime =     0.474
[2026-04-01 14:29:35.064] [electrons:W1bVJw] [info] step       423 :  t =     16.920  e = 1.499999661802  wtime =     0.474
[2026-04-01 14:29:35.537] [electrons:W1bVJw] [info] step       424 :  t =     16.960  e = 1.499999661003  wtime =     0.474
17.000      12.521541       8.558621        1.49999966      1.000000  
[2026-04-01 14:29:36.012] [electrons:W1bVJw] [info] step       425 :  t =     17.000  e = 1.499999660203  wtime =     0.475
[2026-04-01 14:29:36.486] [electrons:W1bVJw] [info] step       426 :  t =     17.040  e = 1.499999659404  wtime =     0.474
[2026-04-01 14:29:36.960] [electrons:W1bVJw] [info] step       427 :  t =     17.080  e = 1.499999658604  wtime =     0.474
[2026-04-01 14:29:37.434] [electrons:W1bVJw] [info] step       428 :  t =     17.120  e = 1.499999657805  wtime =     0.474
[2026-04-01 14:29:37.907] [electrons:W1bVJw] [info] step       429 :  t =     17.160  e = 1.499999657005  wtime =     0.474
[2026-04-01 14:29:38.381] [electrons:W1bVJw] [info] step       430 :  t =     17.200  e = 1.499999656206  wtime =     0.474
[2026-04-01 14:29:38.854] [electrons:W1bVJw] [info] step       431 :  t =     17.240  e = 1.499999655406  wtime =     0.474
[2026-04-01 14:29:39.328] [electrons:W1bVJw] [info] step       432 :  t =     17.280  e = 1.499999654607  wtime =     0.474
[2026-04-01 14:29:39.802] [electrons:W1bVJw] [info] step       433 :  t =     17.320  e = 1.499999653807  wtime =     0.474
[2026-04-01 14:29:40.275] [electrons:W1bVJw] [info] step       434 :  t =     17.360  e = 1.499999653007  wtime =     0.474
[2026-04-01 14:29:40.749] [electrons:W1bVJw] [info] step       435 :  t =     17.400  e = 1.499999652208  wtime =     0.474
[2026-04-01 14:29:41.223] [electrons:W1bVJw] [info] step       436 :  t =     17.440  e = 1.499999651408  wtime =     0.474
[2026-04-01 14:29:41.696] [electrons:W1bVJw] [info] step       437 :  t =     17.480  e = 1.499999650609  wtime =     0.474
[2026-04-01 14:29:42.170] [electrons:W1bVJw] [info] step       438 :  t =     17.520  e = 1.499999649809  wtime =     0.474
[2026-04-01 14:29:42.644] [electrons:W1bVJw] [info] step       439 :  t =     17.560  e = 1.499999649010  wtime =     0.474
[2026-04-01 14:29:43.118] [electrons:W1bVJw] [info] step       440 :  t =     17.600  e = 1.499999648210  wtime =     0.474
[2026-04-01 14:29:43.591] [electrons:W1bVJw] [info] step       441 :  t =     17.640  e = 1.499999647411  wtime =     0.474
[2026-04-01 14:29:44.065] [electrons:W1bVJw] [info] step       442 :  t =     17.680  e = 1.499999646611  wtime =     0.474
[2026-04-01 14:29:44.539] [electrons:W1bVJw] [info] step       443 :  t =     17.720  e = 1.499999645812  wtime =     0.474
[2026-04-01 14:29:45.012] [electrons:W1bVJw] [info] step       444 :  t =     17.760  e = 1.499999645012  wtime =     0.474
[2026-04-01 14:29:45.486] [electrons:W1bVJw] [info] step       445 :  t =     17.800  e = 1.499999644213  wtime =     0.474
[2026-04-01 14:29:45.960] [electrons:W1bVJw] [info] step       446 :  t =     17.840  e = 1.499999643413  wtime =     0.474
[2026-04-01 14:29:46.433] [electrons:W1bVJw] [info] step       447 :  t =     17.880  e = 1.499999642614  wtime =     0.474
[2026-04-01 14:29:46.907] [electrons:W1bVJw] [info] step       448 :  t =     17.920  e = 1.499999641814  wtime =     0.474
[2026-04-01 14:29:47.380] [electrons:W1bVJw] [info] step       449 :  t =     17.960  e = 1.499999641015  wtime =     0.474
18.000      11.839354       9.055385        1.49999964      1.000000  
[2026-04-01 14:29:47.855] [electrons:W1bVJw] [info] step       450 :  t =     18.000  e = 1.499999640215  wtime =     0.475
[2026-04-01 14:29:48.329] [electrons:W1bVJw] [info] step       451 :  t =     18.040  e = 1.499999639416  wtime =     0.474
[2026-04-01 14:29:48.803] [electrons:W1bVJw] [info] step       452 :  t =     18.080  e = 1.499999638616  wtime =     0.474
[2026-04-01 14:29:49.276] [electrons:W1bVJw] [info] step       453 :  t =     18.120  e = 1.499999637817  wtime =     0.474
[2026-04-01 14:29:49.750] [electrons:W1bVJw] [info] step       454 :  t =     18.160  e = 1.499999637017  wtime =     0.474
[2026-04-01 14:29:50.224] [electrons:W1bVJw] [info] step       455 :  t =     18.200  e = 1.499999636218  wtime =     0.474
[2026-04-01 14:29:50.698] [electrons:W1bVJw] [info] step       456 :  t =     18.240  e = 1.499999635418  wtime =     0.474
[2026-04-01 14:29:51.172] [electrons:W1bVJw] [info] step       457 :  t =     18.280  e = 1.499999634619  wtime =     0.474
[2026-04-01 14:29:51.646] [electrons:W1bVJw] [info] step       458 :  t =     18.320  e = 1.499999633819  wtime =     0.474
[2026-04-01 14:29:52.119] [electrons:W1bVJw] [info] step       459 :  t =     18.360  e = 1.499999633020  wtime =     0.474
[2026-04-01 14:29:52.593] [electrons:W1bVJw] [info] step       460 :  t =     18.400  e = 1.499999632220  wtime =     0.474
[2026-04-01 14:29:53.067] [electrons:W1bVJw] [info] step       461 :  t =     18.440  e = 1.499999631421  wtime =     0.474
[2026-04-01 14:29:53.540] [electrons:W1bVJw] [info] step       462 :  t =     18.480  e = 1.499999630621  wtime =     0.474
[2026-04-01 14:29:54.014] [electrons:W1bVJw] [info] step       463 :  t =     18.520  e = 1.499999629822  wtime =     0.474
[2026-04-01 14:29:54.488] [electrons:W1bVJw] [info] step       464 :  t =     18.560  e = 1.499999629022  wtime =     0.474
[2026-04-01 14:29:54.961] [electrons:W1bVJw] [info] step       465 :  t =     18.600  e = 1.499999628222  wtime =     0.474
[2026-04-01 14:29:55.435] [electrons:W1bVJw] [info] step       466 :  t =     18.640  e = 1.499999627423  wtime =     0.474
[2026-04-01 14:29:55.909] [electrons:W1bVJw] [info] step       467 :  t =     18.680  e = 1.499999626623  wtime =     0.474
[2026-04-01 14:29:56.382] [electrons:W1bVJw] [info] step       468 :  t =     18.720  e = 1.499999625824  wtime =     0.474
[2026-04-01 14:29:56.856] [electrons:W1bVJw] [info] step       469 :  t =     18.760  e = 1.499999625024  wtime =     0.474
[2026-04-01 14:29:57.330] [electrons:W1bVJw] [info] step       470 :  t =     18.800  e = 1.499999624225  wtime =     0.474
[2026-04-01 14:29:57.804] [electrons:W1bVJw] [info] step       471 :  t =     18.840  e = 1.499999623425  wtime =     0.474
[2026-04-01 14:29:58.277] [electrons:W1bVJw] [info] step       472 :  t =     18.880  e = 1.499999622626  wtime =     0.474
[2026-04-01 14:29:58.751] [electrons:W1bVJw] [info] step       473 :  t =     18.920  e = 1.499999621826  wtime =     0.474
[2026-04-01 14:29:59.225] [electrons:W1bVJw] [info] step       474 :  t =     18.960  e = 1.499999621027  wtime =     0.474
19.000      11.312704       9.552487        1.49999962      1.000000  
[2026-04-01 14:29:59.699] [electrons:W1bVJw] [info] step       475 :  t =     19.000  e = 1.499999620227  wtime =     0.475
[2026-04-01 14:30:00.173] [electrons:W1bVJw] [info] step       476 :  t =     19.040  e = 1.499999619428  wtime =     0.474
[2026-04-01 14:30:00.647] [electrons:W1bVJw] [info] step       477 :  t =     19.080  e = 1.499999618628  wtime =     0.474
[2026-04-01 14:30:01.120] [electrons:W1bVJw] [info] step       478 :  t =     19.120  e = 1.499999617829  wtime =     0.474
[2026-04-01 14:30:01.594] [electrons:W1bVJw] [info] step       479 :  t =     19.160  e = 1.499999617029  wtime =     0.474
[2026-04-01 14:30:02.068] [electrons:W1bVJw] [info] step       480 :  t =     19.200  e = 1.499999616230  wtime =     0.474
[2026-04-01 14:30:02.541] [electrons:W1bVJw] [info] step       481 :  t =     19.240  e = 1.499999615430  wtime =     0.474
[2026-04-01 14:30:03.015] [electrons:W1bVJw] [info] step       482 :  t =     19.280  e = 1.499999614631  wtime =     0.474
[2026-04-01 14:30:03.489] [electrons:W1bVJw] [info] step       483 :  t =     19.320  e = 1.499999613831  wtime =     0.474
[2026-04-01 14:30:03.963] [electrons:W1bVJw] [info] step       484 :  t =     19.360  e = 1.499999613032  wtime =     0.474
[2026-04-01 14:30:04.436] [electrons:W1bVJw] [info] step       485 :  t =     19.400  e = 1.499999612232  wtime =     0.474
[2026-04-01 14:30:04.911] [electrons:W1bVJw] [info] step       486 :  t =     19.440  e = 1.499999611433  wtime =     0.474
[2026-04-01 14:30:05.384] [electrons:W1bVJw] [info] step       487 :  t =     19.480  e = 1.499999610633  wtime =     0.474
[2026-04-01 14:30:05.858] [electrons:W1bVJw] [info] step       488 :  t =     19.520  e = 1.499999609834  wtime =     0.474
[2026-04-01 14:30:06.332] [electrons:W1bVJw] [info] step       489 :  t =     19.560  e = 1.499999609034  wtime =     0.474
[2026-04-01 14:30:06.805] [electrons:W1bVJw] [info] step       490 :  t =     19.600  e = 1.499999608235  wtime =     0.474
[2026-04-01 14:30:07.279] [electrons:W1bVJw] [info] step       491 :  t =     19.640  e = 1.499999607435  wtime =     0.474
[2026-04-01 14:30:07.753] [electrons:W1bVJw] [info] step       492 :  t =     19.680  e = 1.499999606636  wtime =     0.474
[2026-04-01 14:30:08.226] [electrons:W1bVJw] [info] step       493 :  t =     19.720  e = 1.499999605836  wtime =     0.474
[2026-04-01 14:30:08.700] [electrons:W1bVJw] [info] step       494 :  t =     19.760  e = 1.499999605037  wtime =     0.474
[2026-04-01 14:30:09.174] [electrons:W1bVJw] [info] step       495 :  t =     19.800  e = 1.499999604237  wtime =     0.474
[2026-04-01 14:30:09.647] [electrons:W1bVJw] [info] step       496 :  t =     19.840  e = 1.499999603437  wtime =     0.474
[2026-04-01 14:30:10.121] [electrons:W1bVJw] [info] step       497 :  t =     19.880  e = 1.499999602638  wtime =     0.474
[2026-04-01 14:30:10.595] [electrons:W1bVJw] [info] step       498 :  t =     19.920  e = 1.499999601838  wtime =     0.474
[2026-04-01 14:30:11.068] [electrons:W1bVJw] [info] step       499 :  t =     19.960  e = 1.499999601039  wtime =     0.474
20.000      10.842010       10.049876       1.49999960      1.000000  
[2026-04-01 14:30:11.543] [electrons:W1bVJw] [info] step       500 :  t =     20.000  e = 1.499999600239  wtime =     0.475
[2026-04-01 14:30:12.017] [electrons:W1bVJw] [info] step       501 :  t =     20.040  e = 1.499999599440  wtime =     0.474
[2026-04-01 14:30:12.491] [electrons:W1bVJw] [info] step       502 :  t =     20.080  e = 1.499999598640  wtime =     0.474
[2026-04-01 14:30:12.964] [electrons:W1bVJw] [info] step       503 :  t =     20.120  e = 1.499999597841  wtime =     0.474
[2026-04-01 14:30:13.438] [electrons:W1bVJw] [info] step       504 :  t =     20.160  e = 1.499999597041  wtime =     0.474
[2026-04-01 14:30:13.912] [electrons:W1bVJw] [info] step       505 :  t =     20.200  e = 1.499999596242  wtime =     0.474
[2026-04-01 14:30:14.385] [electrons:W1bVJw] [info] step       506 :  t =     20.240  e = 1.499999595442  wtime =     0.474
[2026-04-01 14:30:14.859] [electrons:W1bVJw] [info] step       507 :  t =     20.280  e = 1.499999594643  wtime =     0.474
[2026-04-01 14:30:15.333] [electrons:W1bVJw] [info] step       508 :  t =     20.320  e = 1.499999593843  wtime =     0.474
[2026-04-01 14:30:15.806] [electrons:W1bVJw] [info] step       509 :  t =     20.360  e = 1.499999593044  wtime =     0.473
[2026-04-01 14:30:16.280] [electrons:W1bVJw] [info] step       510 :  t =     20.400  e = 1.499999592244  wtime =     0.474
[2026-04-01 14:30:16.753] [electrons:W1bVJw] [info] step       511 :  t =     20.440  e = 1.499999591445  wtime =     0.474
[2026-04-01 14:30:17.227] [electrons:W1bVJw] [info] step       512 :  t =     20.480  e = 1.499999590645  wtime =     0.474
[2026-04-01 14:30:17.701] [electrons:W1bVJw] [info] step       513 :  t =     20.520  e = 1.499999589846  wtime =     0.474
[2026-04-01 14:30:18.174] [electrons:W1bVJw] [info] step       514 :  t =     20.560  e = 1.499999589046  wtime =     0.474
[2026-04-01 14:30:18.648] [electrons:W1bVJw] [info] step       515 :  t =     20.600  e = 1.499999588247  wtime =     0.474
[2026-04-01 14:30:19.122] [electrons:W1bVJw] [info] step       516 :  t =     20.640  e = 1.499999587447  wtime =     0.474
[2026-04-01 14:30:19.596] [electrons:W1bVJw] [info] step       517 :  t =     20.680  e = 1.499999586648  wtime =     0.474
[2026-04-01 14:30:20.069] [electrons:W1bVJw] [info] step       518 :  t =     20.720  e = 1.499999585848  wtime =     0.474
[2026-04-01 14:30:20.543] [electrons:W1bVJw] [info] step       519 :  t =     20.760  e = 1.499999585049  wtime =     0.474
[2026-04-01 14:30:21.017] [electrons:W1bVJw] [info] step       520 :  t =     20.800  e = 1.499999584249  wtime =     0.474
[2026-04-01 14:30:21.491] [electrons:W1bVJw] [info] step       521 :  t =     20.840  e = 1.499999583450  wtime =     0.474
[2026-04-01 14:30:21.964] [electrons:W1bVJw] [info] step       522 :  t =     20.880  e = 1.499999582650  wtime =     0.474
[2026-04-01 14:30:22.438] [electrons:W1bVJw] [info] step       523 :  t =     20.920  e = 1.499999581851  wtime =     0.474
[2026-04-01 14:30:22.912] [electrons:W1bVJw] [info] step       524 :  t =     20.960  e = 1.499999581051  wtime =     0.474
21.000      10.652089       10.547512       1.49999958      1.000000  
[2026-04-01 14:30:23.386] [electrons:W1bVJw] [info] step       525 :  t =     21.000  e = 1.499999580252  wtime =     0.475
[2026-04-01 14:30:23.860] [electrons:W1bVJw] [info] step       526 :  t =     21.040  e = 1.499999579452  wtime =     0.474
[2026-04-01 14:30:24.334] [electrons:W1bVJw] [info] step       527 :  t =     21.080  e = 1.499999578653  wtime =     0.474
[2026-04-01 14:30:24.808] [electrons:W1bVJw] [info] step       528 :  t =     21.120  e = 1.499999577853  wtime =     0.474
[2026-04-01 14:30:25.281] [electrons:W1bVJw] [info] step       529 :  t =     21.160  e = 1.499999577054  wtime =     0.474
[2026-04-01 14:30:25.755] [electrons:W1bVJw] [info] step       530 :  t =     21.200  e = 1.499999576254  wtime =     0.474
[2026-04-01 14:30:26.229] [electrons:W1bVJw] [info] step       531 :  t =     21.240  e = 1.499999575454  wtime =     0.474
[2026-04-01 14:30:26.703] [electrons:W1bVJw] [info] step       532 :  t =     21.280  e = 1.499999574655  wtime =     0.474
[2026-04-01 14:30:27.176] [electrons:W1bVJw] [info] step       533 :  t =     21.320  e = 1.499999573855  wtime =     0.474
[2026-04-01 14:30:27.650] [electrons:W1bVJw] [info] step       534 :  t =     21.360  e = 1.499999573056  wtime =     0.474
[2026-04-01 14:30:28.124] [electrons:W1bVJw] [info] step       535 :  t =     21.400  e = 1.499999572256  wtime =     0.474
[2026-04-01 14:30:28.597] [electrons:W1bVJw] [info] step       536 :  t =     21.440  e = 1.499999571457  wtime =     0.474
[2026-04-01 14:30:29.071] [electrons:W1bVJw] [info] step       537 :  t =     21.480  e = 1.499999570657  wtime =     0.474
[2026-04-01 14:30:29.544] [electrons:W1bVJw] [info] step       538 :  t =     21.520  e = 1.499999569858  wtime =     0.474
[2026-04-01 14:30:30.018] [electrons:W1bVJw] [info] step       539 :  t =     21.560  e = 1.499999569058  wtime =     0.474
[2026-04-01 14:30:30.492] [electrons:W1bVJw] [info] step       540 :  t =     21.600  e = 1.499999568259  wtime =     0.474
[2026-04-01 14:30:30.965] [electrons:W1bVJw] [info] step       541 :  t =     21.640  e = 1.499999567459  wtime =     0.474
[2026-04-01 14:30:31.439] [electrons:W1bVJw] [info] step       542 :  t =     21.680  e = 1.499999566660  wtime =     0.474
[2026-04-01 14:30:31.913] [electrons:W1bVJw] [info] step       543 :  t =     21.720  e = 1.499999565860  wtime =     0.474
[2026-04-01 14:30:32.386] [electrons:W1bVJw] [info] step       544 :  t =     21.760  e = 1.499999565061  wtime =     0.474
[2026-04-01 14:30:32.860] [electrons:W1bVJw] [info] step       545 :  t =     21.800  e = 1.499999564261  wtime =     0.474
[2026-04-01 14:30:33.334] [electrons:W1bVJw] [info] step       546 :  t =     21.840  e = 1.499999563462  wtime =     0.474
[2026-04-01 14:30:33.808] [electrons:W1bVJw] [info] step       547 :  t =     21.880  e = 1.499999562662  wtime =     0.474
[2026-04-01 14:30:34.281] [electrons:W1bVJw] [info] step       548 :  t =     21.920  e = 1.499999561863  wtime =     0.474
[2026-04-01 14:30:34.755] [electrons:W1bVJw] [info] step       549 :  t =     21.960  e = 1.499999561063  wtime =     0.474
22.000      10.472473       11.045361       1.49999956      1.000000  
[2026-04-01 14:30:35.230] [electrons:W1bVJw] [info] step       550 :  t =     22.000  e = 1.499999560264  wtime =     0.475
[2026-04-01 14:30:35.703] [electrons:W1bVJw] [info] step       551 :  t =     22.040  e = 1.499999559464  wtime =     0.474
[2026-04-01 14:30:36.177] [electrons:W1bVJw] [info] step       552 :  t =     22.080  e = 1.499999558665  wtime =     0.474
[2026-04-01 14:30:36.651] [electrons:W1bVJw] [info] step       553 :  t =     22.120  e = 1.499999557865  wtime =     0.474
[2026-04-01 14:30:37.124] [electrons:W1bVJw] [info] step       554 :  t =     22.160  e = 1.499999557066  wtime =     0.474
[2026-04-01 14:30:37.598] [electrons:W1bVJw] [info] step       555 :  t =     22.200  e = 1.499999556266  wtime =     0.474
[2026-04-01 14:30:38.072] [electrons:W1bVJw] [info] step       556 :  t =     22.240  e = 1.499999555467  wtime =     0.474
[2026-04-01 14:30:38.545] [electrons:W1bVJw] [info] step       557 :  t =     22.280  e = 1.499999554667  wtime =     0.474
[2026-04-01 14:30:39.019] [electrons:W1bVJw] [info] step       558 :  t =     22.320  e = 1.499999553868  wtime =     0.474
[2026-04-01 14:30:39.493] [electrons:W1bVJw] [info] step       559 :  t =     22.360  e = 1.499999553068  wtime =     0.474
[2026-04-01 14:30:39.966] [electrons:W1bVJw] [info] step       560 :  t =     22.400  e = 1.499999552269  wtime =     0.474
[2026-04-01 14:30:40.440] [electrons:W1bVJw] [info] step       561 :  t =     22.440  e = 1.499999551469  wtime =     0.474
[2026-04-01 14:30:40.914] [electrons:W1bVJw] [info] step       562 :  t =     22.480  e = 1.499999550670  wtime =     0.474
[2026-04-01 14:30:41.388] [electrons:W1bVJw] [info] step       563 :  t =     22.520  e = 1.499999549870  wtime =     0.474
[2026-04-01 14:30:41.861] [electrons:W1bVJw] [info] step       564 :  t =     22.560  e = 1.499999549071  wtime =     0.474
[2026-04-01 14:30:42.335] [electrons:W1bVJw] [info] step       565 :  t =     22.600  e = 1.499999548271  wtime =     0.474
[2026-04-01 14:30:42.808] [electrons:W1bVJw] [info] step       566 :  t =     22.640  e = 1.499999547471  wtime =     0.474
[2026-04-01 14:30:43.282] [electrons:W1bVJw] [info] step       567 :  t =     22.680  e = 1.499999546672  wtime =     0.474
[2026-04-01 14:30:43.756] [electrons:W1bVJw] [info] step       568 :  t =     22.720  e = 1.499999545872  wtime =     0.474
[2026-04-01 14:30:44.229] [electrons:W1bVJw] [info] step       569 :  t =     22.760  e = 1.499999545073  wtime =     0.474
[2026-04-01 14:30:44.703] [electrons:W1bVJw] [info] step       570 :  t =     22.800  e = 1.499999544273  wtime =     0.474
[2026-04-01 14:30:45.177] [electrons:W1bVJw] [info] step       571 :  t =     22.840  e = 1.499999543474  wtime =     0.474
[2026-04-01 14:30:45.651] [electrons:W1bVJw] [info] step       572 :  t =     22.880  e = 1.499999542674  wtime =     0.474
[2026-04-01 14:30:46.125] [electrons:W1bVJw] [info] step       573 :  t =     22.920  e = 1.499999541875  wtime =     0.474
[2026-04-01 14:30:46.598] [electrons:W1bVJw] [info] step       574 :  t =     22.960  e = 1.499999541075  wtime =     0.473
23.000      10.464620       11.543396       1.49999954      1.000000  
[2026-04-01 14:30:47.072] [electrons:W1bVJw] [info] step       575 :  t =     23.000  e = 1.499999540276  wtime =     0.475
[2026-04-01 14:30:47.547] [electrons:W1bVJw] [info] step       576 :  t =     23.040  e = 1.499999539476  wtime =     0.474
[2026-04-01 14:30:48.021] [electrons:W1bVJw] [info] step       577 :  t =     23.080  e = 1.499999538677  wtime =     0.474
[2026-04-01 14:30:48.494] [electrons:W1bVJw] [info] step       578 :  t =     23.120  e = 1.499999537877  wtime =     0.474
[2026-04-01 14:30:48.968] [electrons:W1bVJw] [info] step       579 :  t =     23.160  e = 1.499999537078  wtime =     0.474
[2026-04-01 14:30:49.442] [electrons:W1bVJw] [info] step       580 :  t =     23.200  e = 1.499999536278  wtime =     0.474
[2026-04-01 14:30:49.915] [electrons:W1bVJw] [info] step       581 :  t =     23.240  e = 1.499999535479  wtime =     0.474
[2026-04-01 14:30:50.389] [electrons:W1bVJw] [info] step       582 :  t =     23.280  e = 1.499999534679  wtime =     0.474
[2026-04-01 14:30:50.863] [electrons:W1bVJw] [info] step       583 :  t =     23.320  e = 1.499999533880  wtime =     0.474
[2026-04-01 14:30:51.336] [electrons:W1bVJw] [info] step       584 :  t =     23.360  e = 1.499999533080  wtime =     0.474
[2026-04-01 14:30:51.810] [electrons:W1bVJw] [info] step       585 :  t =     23.400  e = 1.499999532281  wtime =     0.474
[2026-04-01 14:30:52.284] [electrons:W1bVJw] [info] step       586 :  t =     23.440  e = 1.499999531481  wtime =     0.474
[2026-04-01 14:30:52.757] [electrons:W1bVJw] [info] step       587 :  t =     23.480  e = 1.499999530682  wtime =     0.474
[2026-04-01 14:30:53.231] [electrons:W1bVJw] [info] step       588 :  t =     23.520  e = 1.499999529882  wtime =     0.474
[2026-04-01 14:30:53.705] [electrons:W1bVJw] [info] step       589 :  t =     23.560  e = 1.499999529083  wtime =     0.474
[2026-04-01 14:30:54.178] [electrons:W1bVJw] [info] step       590 :  t =     23.600  e = 1.499999528283  wtime =     0.474
[2026-04-01 14:30:54.652] [electrons:W1bVJw] [info] step       591 :  t =     23.640  e = 1.499999527484  wtime =     0.474
[2026-04-01 14:30:55.126] [electrons:W1bVJw] [info] step       592 :  t =     23.680  e = 1.499999526684  wtime =     0.474
[2026-04-01 14:30:55.600] [electrons:W1bVJw] [info] step       593 :  t =     23.720  e = 1.499999525885  wtime =     0.474
[2026-04-01 14:30:56.073] [electrons:W1bVJw] [info] step       594 :  t =     23.760  e = 1.499999525085  wtime =     0.474
[2026-04-01 14:30:56.547] [electrons:W1bVJw] [info] step       595 :  t =     23.800  e = 1.499999524286  wtime =     0.474
[2026-04-01 14:30:57.021] [electrons:W1bVJw] [info] step       596 :  t =     23.840  e = 1.499999523486  wtime =     0.474
[2026-04-01 14:30:57.494] [electrons:W1bVJw] [info] step       597 :  t =     23.880  e = 1.499999522687  wtime =     0.474
[2026-04-01 14:30:57.968] [electrons:W1bVJw] [info] step       598 :  t =     23.920  e = 1.499999521887  wtime =     0.474
[2026-04-01 14:30:58.441] [electrons:W1bVJw] [info] step       599 :  t =     23.960  e = 1.499999521088  wtime =     0.473
24.000      10.430320       12.041595       1.49999952      1.000000  
[2026-04-01 14:30:58.916] [electrons:W1bVJw] [info] step       600 :  t =     24.000  e = 1.499999520288  wtime =     0.475
[2026-04-01 14:30:59.390] [electrons:W1bVJw] [info] step       601 :  t =     24.040  e = 1.499999519489  wtime =     0.474
[2026-04-01 14:30:59.863] [electrons:W1bVJw] [info] step       602 :  t =     24.080  e = 1.499999518689  wtime =     0.474
[2026-04-01 14:31:00.337] [electrons:W1bVJw] [info] step       603 :  t =     24.120  e = 1.499999517890  wtime =     0.474
[2026-04-01 14:31:00.811] [electrons:W1bVJw] [info] step       604 :  t =     24.160  e = 1.499999517090  wtime =     0.474
[2026-04-01 14:31:01.284] [electrons:W1bVJw] [info] step       605 :  t =     24.200  e = 1.499999516290  wtime =     0.474
[2026-04-01 14:31:01.758] [electrons:W1bVJw] [info] step       606 :  t =     24.240  e = 1.499999515491  wtime =     0.474
[2026-04-01 14:31:02.232] [electrons:W1bVJw] [info] step       607 :  t =     24.280  e = 1.499999514691  wtime =     0.474
[2026-04-01 14:31:02.706] [electrons:W1bVJw] [info] step       608 :  t =     24.320  e = 1.499999513892  wtime =     0.474
[2026-04-01 14:31:03.179] [electrons:W1bVJw] [info] step       609 :  t =     24.360  e = 1.499999513092  wtime =     0.474
[2026-04-01 14:31:03.653] [electrons:W1bVJw] [info] step       610 :  t =     24.400  e = 1.499999512293  wtime =     0.474
[2026-04-01 14:31:04.127] [electrons:W1bVJw] [info] step       611 :  t =     24.440  e = 1.499999511493  wtime =     0.474
[2026-04-01 14:31:04.600] [electrons:W1bVJw] [info] step       612 :  t =     24.480  e = 1.499999510694  wtime =     0.474
[2026-04-01 14:31:05.074] [electrons:W1bVJw] [info] step       613 :  t =     24.520  e = 1.499999509894  wtime =     0.474
[2026-04-01 14:31:05.547] [electrons:W1bVJw] [info] step       614 :  t =     24.560  e = 1.499999509095  wtime =     0.474
[2026-04-01 14:31:06.021] [electrons:W1bVJw] [info] step       615 :  t =     24.600  e = 1.499999508295  wtime =     0.474
[2026-04-01 14:31:06.495] [electrons:W1bVJw] [info] step       616 :  t =     24.640  e = 1.499999507496  wtime =     0.474
[2026-04-01 14:31:06.968] [electrons:W1bVJw] [info] step       617 :  t =     24.680  e = 1.499999506696  wtime =     0.473
[2026-04-01 14:31:07.442] [electrons:W1bVJw] [info] step       618 :  t =     24.720  e = 1.499999505897  wtime =     0.474
[2026-04-01 14:31:07.916] [electrons:W1bVJw] [info] step       619 :  t =     24.760  e = 1.499999505097  wtime =     0.474
[2026-04-01 14:31:08.389] [electrons:W1bVJw] [info] step       620 :  t =     24.800  e = 1.499999504298  wtime =     0.474
[2026-04-01 14:31:08.863] [electrons:W1bVJw] [info] step       621 :  t =     24.840  e = 1.499999503498  wtime =     0.474
[2026-04-01 14:31:09.337] [electrons:W1bVJw] [info] step       622 :  t =     24.880  e = 1.499999502699  wtime =     0.474
[2026-04-01 14:31:09.811] [electrons:W1bVJw] [info] step       623 :  t =     24.920  e = 1.499999501899  wtime =     0.474
[2026-04-01 14:31:10.284] [electrons:W1bVJw] [info] step       624 :  t =     24.960  e = 1.499999501100  wtime =     0.474
25.000      10.576516       12.539936       1.49999950      1.000000  
[2026-04-01 14:31:10.759] [electrons:W1bVJw] [info] step       625 :  t =     25.000  e = 1.499999500300  wtime =     0.475
[2026-04-01 14:31:11.233] [electrons:W1bVJw] [info] step       626 :  t =     25.040  e = 1.499999499501  wtime =     0.474
[2026-04-01 14:31:11.706] [electrons:W1bVJw] [info] step       627 :  t =     25.080  e = 1.499999498701  wtime =     0.474
[2026-04-01 14:31:12.180] [electrons:W1bVJw] [info] step       628 :  t =     25.120  e = 1.499999497902  wtime =     0.474
[2026-04-01 14:31:12.654] [electrons:W1bVJw] [info] step       629 :  t =     25.160  e = 1.499999497102  wtime =     0.474
[2026-04-01 14:31:13.127] [electrons:W1bVJw] [info] step       630 :  t =     25.200  e = 1.499999496303  wtime =     0.474
[2026-04-01 14:31:13.601] [electrons:W1bVJw] [info] step       631 :  t =     25.240  e = 1.499999495503  wtime =     0.474
[2026-04-01 14:31:14.074] [electrons:W1bVJw] [info] step       632 :  t =     25.280  e = 1.499999494704  wtime =     0.474
[2026-04-01 14:31:14.548] [electrons:W1bVJw] [info] step       633 :  t =     25.320  e = 1.499999493904  wtime =     0.474
[2026-04-01 14:31:15.022] [electrons:W1bVJw] [info] step       634 :  t =     25.360  e = 1.499999493105  wtime =     0.474
[2026-04-01 14:31:15.495] [electrons:W1bVJw] [info] step       635 :  t =     25.400  e = 1.499999492305  wtime =     0.474
[2026-04-01 14:31:15.969] [electrons:W1bVJw] [info] step       636 :  t =     25.440  e = 1.499999491506  wtime =     0.474
[2026-04-01 14:31:16.443] [electrons:W1bVJw] [info] step       637 :  t =     25.480  e = 1.499999490706  wtime =     0.474
[2026-04-01 14:31:16.917] [electrons:W1bVJw] [info] step       638 :  t =     25.520  e = 1.499999489907  wtime =     0.474
[2026-04-01 14:31:17.390] [electrons:W1bVJw] [info] step       639 :  t =     25.560  e = 1.499999489107  wtime =     0.474
[2026-04-01 14:31:17.866] [electrons:W1bVJw] [info] step       640 :  t =     25.600  e = 1.499999488308  wtime =     0.476
[2026-04-01 14:31:18.341] [electrons:W1bVJw] [info] step       641 :  t =     25.640  e = 1.499999487508  wtime =     0.475
[2026-04-01 14:31:18.815] [electrons:W1bVJw] [info] step       642 :  t =     25.680  e = 1.499999486709  wtime =     0.474
[2026-04-01 14:31:19.289] [electrons:W1bVJw] [info] step       643 :  t =     25.720  e = 1.499999485909  wtime =     0.474
[2026-04-01 14:31:19.762] [electrons:W1bVJw] [info] step       644 :  t =     25.760  e = 1.499999485110  wtime =     0.473
[2026-04-01 14:31:20.236] [electrons:W1bVJw] [info] step       645 :  t =     25.800  e = 1.499999484310  wtime =     0.474
[2026-04-01 14:31:20.709] [electrons:W1bVJw] [info] step       646 :  t =     25.840  e = 1.499999483511  wtime =     0.474
[2026-04-01 14:31:21.183] [electrons:W1bVJw] [info] step       647 :  t =     25.880  e = 1.499999482711  wtime =     0.474
[2026-04-01 14:31:21.657] [electrons:W1bVJw] [info] step       648 :  t =     25.920  e = 1.499999481911  wtime =     0.474
[2026-04-01 14:31:22.130] [electrons:W1bVJw] [info] step       649 :  t =     25.960  e = 1.499999481112  wtime =     0.474
26.000      10.635561       13.038405       1.49999948      1.000000  
[2026-04-01 14:31:22.605] [electrons:W1bVJw] [info] step       650 :  t =     26.000  e = 1.499999480312  wtime =     0.475
[2026-04-01 14:31:23.079] [electrons:W1bVJw] [info] step       651 :  t =     26.040  e = 1.499999479513  wtime =     0.474
[2026-04-01 14:31:23.554] [electrons:W1bVJw] [info] step       652 :  t =     26.080  e = 1.499999478713  wtime =     0.475
[2026-04-01 14:31:24.027] [electrons:W1bVJw] [info] step       653 :  t =     26.120  e = 1.499999477914  wtime =     0.474
[2026-04-01 14:31:24.501] [electrons:W1bVJw] [info] step       654 :  t =     26.160  e = 1.499999477114  wtime =     0.474
[2026-04-01 14:31:24.975] [electrons:W1bVJw] [info] step       655 :  t =     26.200  e = 1.499999476315  wtime =     0.474
[2026-04-01 14:31:25.448] [electrons:W1bVJw] [info] step       656 :  t =     26.240  e = 1.499999475515  wtime =     0.473
[2026-04-01 14:31:25.922] [electrons:W1bVJw] [info] step       657 :  t =     26.280  e = 1.499999474716  wtime =     0.474
[2026-04-01 14:31:26.395] [electrons:W1bVJw] [info] step       658 :  t =     26.320  e = 1.499999473916  wtime =     0.474
[2026-04-01 14:31:26.869] [electrons:W1bVJw] [info] step       659 :  t =     26.360  e = 1.499999473117  wtime =     0.474
[2026-04-01 14:31:27.342] [electrons:W1bVJw] [info] step       660 :  t =     26.400  e = 1.499999472317  wtime =     0.474
[2026-04-01 14:31:27.816] [electrons:W1bVJw] [info] step       661 :  t =     26.440  e = 1.499999471518  wtime =     0.474
[2026-04-01 14:31:28.290] [electrons:W1bVJw] [info] step       662 :  t =     26.480  e = 1.499999470718  wtime =     0.474
[2026-04-01 14:31:28.764] [electrons:W1bVJw] [info] step       663 :  t =     26.520  e = 1.499999469919  wtime =     0.474
[2026-04-01 14:31:29.238] [electrons:W1bVJw] [info] step       664 :  t =     26.560  e = 1.499999469119  wtime =     0.474
[2026-04-01 14:31:29.712] [electrons:W1bVJw] [info] step       665 :  t =     26.600  e = 1.499999468320  wtime =     0.474
[2026-04-01 14:31:30.185] [electrons:W1bVJw] [info] step       666 :  t =     26.640  e = 1.499999467520  wtime =     0.474
[2026-04-01 14:31:30.660] [electrons:W1bVJw] [info] step       667 :  t =     26.680  e = 1.499999466721  wtime =     0.474
[2026-04-01 14:31:31.133] [electrons:W1bVJw] [info] step       668 :  t =     26.720  e = 1.499999465921  wtime =     0.473
[2026-04-01 14:31:31.607] [electrons:W1bVJw] [info] step       669 :  t =     26.760  e = 1.499999465122  wtime =     0.473
[2026-04-01 14:31:32.080] [electrons:W1bVJw] [info] step       670 :  t =     26.800  e = 1.499999464322  wtime =     0.473
[2026-04-01 14:31:32.553] [electrons:W1bVJw] [info] step       671 :  t =     26.840  e = 1.499999463523  wtime =     0.474
[2026-04-01 14:31:33.027] [electrons:W1bVJw] [info] step       672 :  t =     26.880  e = 1.499999462723  wtime =     0.474
[2026-04-01 14:31:33.501] [electrons:W1bVJw] [info] step       673 :  t =     26.920  e = 1.499999461924  wtime =     0.474
[2026-04-01 14:31:33.974] [electrons:W1bVJw] [info] step       674 :  t =     26.960  e = 1.499999461124  wtime =     0.474
27.000      10.757737       13.536986       1.49999946      1.000000  
[2026-04-01 14:31:34.449] [electrons:W1bVJw] [info] step       675 :  t =     27.000  e = 1.499999460325  wtime =     0.475
[2026-04-01 14:31:34.923] [electrons:W1bVJw] [info] step       676 :  t =     27.040  e = 1.499999459525  wtime =     0.474
[2026-04-01 14:31:35.396] [electrons:W1bVJw] [info] step       677 :  t =     27.080  e = 1.499999458726  wtime =     0.474
[2026-04-01 14:31:35.870] [electrons:W1bVJw] [info] step       678 :  t =     27.120  e = 1.499999457926  wtime =     0.474
[2026-04-01 14:31:36.344] [electrons:W1bVJw] [info] step       679 :  t =     27.160  e = 1.499999457127  wtime =     0.474
[2026-04-01 14:31:36.817] [electrons:W1bVJw] [info] step       680 :  t =     27.200  e = 1.499999456327  wtime =     0.474
[2026-04-01 14:31:37.291] [electrons:W1bVJw] [info] step       681 :  t =     27.240  e = 1.499999455528  wtime =     0.474
[2026-04-01 14:31:37.765] [electrons:W1bVJw] [info] step       682 :  t =     27.280  e = 1.499999454728  wtime =     0.474
[2026-04-01 14:31:38.238] [electrons:W1bVJw] [info] step       683 :  t =     27.320  e = 1.499999453929  wtime =     0.474
[2026-04-01 14:31:38.712] [electrons:W1bVJw] [info] step       684 :  t =     27.360  e = 1.499999453129  wtime =     0.474
[2026-04-01 14:31:39.186] [electrons:W1bVJw] [info] step       685 :  t =     27.400  e = 1.499999452330  wtime =     0.474
[2026-04-01 14:31:39.659] [electrons:W1bVJw] [info] step       686 :  t =     27.440  e = 1.499999451530  wtime =     0.474
[2026-04-01 14:31:40.133] [electrons:W1bVJw] [info] step       687 :  t =     27.480  e = 1.499999450731  wtime =     0.474
[2026-04-01 14:31:40.606] [electrons:W1bVJw] [info] step       688 :  t =     27.520  e = 1.499999449931  wtime =     0.474
[2026-04-01 14:31:41.080] [electrons:W1bVJw] [info] step       689 :  t =     27.560  e = 1.499999449132  wtime =     0.474
[2026-04-01 14:31:41.554] [electrons:W1bVJw] [info] step       690 :  t =     27.600  e = 1.499999448332  wtime =     0.474
[2026-04-01 14:31:42.027] [electrons:W1bVJw] [info] step       691 :  t =     27.640  e = 1.499999447533  wtime =     0.474
[2026-04-01 14:31:42.501] [electrons:W1bVJw] [info] step       692 :  t =     27.680  e = 1.499999446733  wtime =     0.474
[2026-04-01 14:31:42.975] [electrons:W1bVJw] [info] step       693 :  t =     27.720  e = 1.499999445933  wtime =     0.474
[2026-04-01 14:31:43.448] [electrons:W1bVJw] [info] step       694 :  t =     27.760  e = 1.499999445134  wtime =     0.474
[2026-04-01 14:31:43.922] [electrons:W1bVJw] [info] step       695 :  t =     27.800  e = 1.499999444334  wtime =     0.474
[2026-04-01 14:31:44.396] [electrons:W1bVJw] [info] step       696 :  t =     27.840  e = 1.499999443535  wtime =     0.474
[2026-04-01 14:31:44.869] [electrons:W1bVJw] [info] step       697 :  t =     27.880  e = 1.499999442735  wtime =     0.474
[2026-04-01 14:31:45.343] [electrons:W1bVJw] [info] step       698 :  t =     27.920  e = 1.499999441936  wtime =     0.474
[2026-04-01 14:31:45.817] [electrons:W1bVJw] [info] step       699 :  t =     27.960  e = 1.499999441136  wtime =     0.474
28.000      10.967683       14.035669       1.49999944      1.000000  
[2026-04-01 14:31:46.292] [electrons:W1bVJw] [info] step       700 :  t =     28.000  e = 1.499999440337  wtime =     0.475
[2026-04-01 14:31:46.765] [electrons:W1bVJw] [info] step       701 :  t =     28.040  e = 1.499999439537  wtime =     0.474
[2026-04-01 14:31:47.239] [electrons:W1bVJw] [info] step       702 :  t =     28.080  e = 1.499999438738  wtime =     0.474
[2026-04-01 14:31:47.713] [electrons:W1bVJw] [info] step       703 :  t =     28.120  e = 1.499999437938  wtime =     0.474
[2026-04-01 14:31:48.187] [electrons:W1bVJw] [info] step       704 :  t =     28.160  e = 1.499999437139  wtime =     0.474
[2026-04-01 14:31:48.660] [electrons:W1bVJw] [info] step       705 :  t =     28.200  e = 1.499999436339  wtime =     0.474
[2026-04-01 14:31:49.134] [electrons:W1bVJw] [info] step       706 :  t =     28.240  e = 1.499999435540  wtime =     0.473
[2026-04-01 14:31:49.608] [electrons:W1bVJw] [info] step       707 :  t =     28.280  e = 1.499999434740  wtime =     0.474
[2026-04-01 14:31:50.081] [electrons:W1bVJw] [info] step       708 :  t =     28.320  e = 1.499999433941  wtime =     0.474
[2026-04-01 14:31:50.555] [electrons:W1bVJw] [info] step       709 :  t =     28.360  e = 1.499999433141  wtime =     0.474
[2026-04-01 14:31:51.028] [electrons:W1bVJw] [info] step       710 :  t =     28.400  e = 1.499999432342  wtime =     0.474
[2026-04-01 14:31:51.502] [electrons:W1bVJw] [info] step       711 :  t =     28.440  e = 1.499999431542  wtime =     0.474
[2026-04-01 14:31:51.976] [electrons:W1bVJw] [info] step       712 :  t =     28.480  e = 1.499999430743  wtime =     0.474
[2026-04-01 14:31:52.450] [electrons:W1bVJw] [info] step       713 :  t =     28.520  e = 1.499999429943  wtime =     0.474
[2026-04-01 14:31:52.923] [electrons:W1bVJw] [info] step       714 :  t =     28.560  e = 1.499999429144  wtime =     0.474
[2026-04-01 14:31:53.397] [electrons:W1bVJw] [info] step       715 :  t =     28.600  e = 1.499999428344  wtime =     0.474
[2026-04-01 14:31:53.871] [electrons:W1bVJw] [info] step       716 :  t =     28.640  e = 1.499999427545  wtime =     0.474
[2026-04-01 14:31:54.344] [electrons:W1bVJw] [info] step       717 :  t =     28.680  e = 1.499999426745  wtime =     0.474
[2026-04-01 14:31:54.818] [electrons:W1bVJw] [info] step       718 :  t =     28.720  e = 1.499999425946  wtime =     0.474
[2026-04-01 14:31:55.292] [electrons:W1bVJw] [info] step       719 :  t =     28.760  e = 1.499999425146  wtime =     0.474
[2026-04-01 14:31:55.765] [electrons:W1bVJw] [info] step       720 :  t =     28.800  e = 1.499999424347  wtime =     0.474
[2026-04-01 14:31:56.239] [electrons:W1bVJw] [info] step       721 :  t =     28.840  e = 1.499999423547  wtime =     0.474
[2026-04-01 14:31:56.712] [electrons:W1bVJw] [info] step       722 :  t =     28.880  e = 1.499999422748  wtime =     0.474
[2026-04-01 14:31:57.186] [electrons:W1bVJw] [info] step       723 :  t =     28.920  e = 1.499999421948  wtime =     0.474
[2026-04-01 14:31:57.660] [electrons:W1bVJw] [info] step       724 :  t =     28.960  e = 1.499999421149  wtime =     0.474
29.000      11.102648       14.534442       1.49999942      1.000000  
[2026-04-01 14:31:58.134] [electrons:W1bVJw] [info] step       725 :  t =     29.000  e = 1.499999420349  wtime =     0.475
[2026-04-01 14:31:58.609] [electrons:W1bVJw] [info] step       726 :  t =     29.040  e = 1.499999419550  wtime =     0.475
[2026-04-01 14:31:59.084] [electrons:W1bVJw] [info] step       727 :  t =     29.080  e = 1.499999418750  wtime =     0.475
[2026-04-01 14:31:59.559] [electrons:W1bVJw] [info] step       728 :  t =     29.120  e = 1.499999417951  wtime =     0.475
[2026-04-01 14:32:00.033] [electrons:W1bVJw] [info] step       729 :  t =     29.160  e = 1.499999417151  wtime =     0.474
[2026-04-01 14:32:00.507] [electrons:W1bVJw] [info] step       730 :  t =     29.200  e = 1.499999416352  wtime =     0.474
[2026-04-01 14:32:00.980] [electrons:W1bVJw] [info] step       731 :  t =     29.240  e = 1.499999415552  wtime =     0.474
[2026-04-01 14:32:01.454] [electrons:W1bVJw] [info] step       732 :  t =     29.280  e = 1.499999414753  wtime =     0.474
[2026-04-01 14:32:01.928] [electrons:W1bVJw] [info] step       733 :  t =     29.320  e = 1.499999413953  wtime =     0.474
[2026-04-01 14:32:02.402] [electrons:W1bVJw] [info] step       734 :  t =     29.360  e = 1.499999413154  wtime =     0.474
[2026-04-01 14:32:02.875] [electrons:W1bVJw] [info] step       735 :  t =     29.400  e = 1.499999412354  wtime =     0.474
[2026-04-01 14:32:03.349] [electrons:W1bVJw] [info] step       736 :  t =     29.440  e = 1.499999411555  wtime =     0.474
[2026-04-01 14:32:03.823] [electrons:W1bVJw] [info] step       737 :  t =     29.480  e = 1.499999410755  wtime =     0.474
[2026-04-01 14:32:04.296] [electrons:W1bVJw] [info] step       738 :  t =     29.520  e = 1.499999409956  wtime =     0.474
[2026-04-01 14:32:04.770] [electrons:W1bVJw] [info] step       739 :  t =     29.560  e = 1.499999409156  wtime =     0.474
[2026-04-01 14:32:05.244] [electrons:W1bVJw] [info] step       740 :  t =     29.600  e = 1.499999408357  wtime =     0.474
[2026-04-01 14:32:05.717] [electrons:W1bVJw] [info] step       741 :  t =     29.640  e = 1.499999407557  wtime =     0.474
[2026-04-01 14:32:06.191] [electrons:W1bVJw] [info] step       742 :  t =     29.680  e = 1.499999406758  wtime =     0.474
[2026-04-01 14:32:06.665] [electrons:W1bVJw] [info] step       743 :  t =     29.720  e = 1.499999405958  wtime =     0.474
[2026-04-01 14:32:07.139] [electrons:W1bVJw] [info] step       744 :  t =     29.760  e = 1.499999405159  wtime =     0.474
[2026-04-01 14:32:07.613] [electrons:W1bVJw] [info] step       745 :  t =     29.800  e = 1.499999404359  wtime =     0.474
[2026-04-01 14:32:08.086] [electrons:W1bVJw] [info] step       746 :  t =     29.840  e = 1.499999403559  wtime =     0.474
[2026-04-01 14:32:08.560] [electrons:W1bVJw] [info] step       747 :  t =     29.880  e = 1.499999402760  wtime =     0.474
[2026-04-01 14:32:09.034] [electrons:W1bVJw] [info] step       748 :  t =     29.920  e = 1.499999401960  wtime =     0.474
[2026-04-01 14:32:09.507] [electrons:W1bVJw] [info] step       749 :  t =     29.960  e = 1.499999401161  wtime =     0.474
30.000      11.184390       15.033296       1.49999940      1.000000  
[2026-04-01 14:32:09.982] [electrons:W1bVJw] [info] step       750 :  t =     30.000  e = 1.499999400361  wtime =     0.475
[2026-04-01 14:32:10.456] [electrons:W1bVJw] [info] step       751 :  t =     30.040  e = 1.499999399562  wtime =     0.474
[2026-04-01 14:32:10.930] [electrons:W1bVJw] [info] step       752 :  t =     30.080  e = 1.499999398762  wtime =     0.474
[2026-04-01 14:32:11.403] [electrons:W1bVJw] [info] step       753 :  t =     30.120  e = 1.499999397963  wtime =     0.474
[2026-04-01 14:32:11.877] [electrons:W1bVJw] [info] step       754 :  t =     30.160  e = 1.499999397163  wtime =     0.474
[2026-04-01 14:32:12.351] [electrons:W1bVJw] [info] step       755 :  t =     30.200  e = 1.499999396364  wtime =     0.474
[2026-04-01 14:32:12.825] [electrons:W1bVJw] [info] step       756 :  t =     30.240  e = 1.499999395564  wtime =     0.474
[2026-04-01 14:32:13.298] [electrons:W1bVJw] [info] step       757 :  t =     30.280  e = 1.499999394765  wtime =     0.474
[2026-04-01 14:32:13.772] [electrons:W1bVJw] [info] step       758 :  t =     30.320  e = 1.499999393965  wtime =     0.474
[2026-04-01 14:32:14.246] [electrons:W1bVJw] [info] step       759 :  t =     30.360  e = 1.499999393166  wtime =     0.474
[2026-04-01 14:32:14.720] [electrons:W1bVJw] [info] step       760 :  t =     30.400  e = 1.499999392366  wtime =     0.474
[2026-04-01 14:32:15.193] [electrons:W1bVJw] [info] step       761 :  t =     30.440  e = 1.499999391567  wtime =     0.474
[2026-04-01 14:32:15.667] [electrons:W1bVJw] [info] step       762 :  t =     30.480  e = 1.499999390767  wtime =     0.474
[2026-04-01 14:32:16.141] [electrons:W1bVJw] [info] step       763 :  t =     30.520  e = 1.499999389968  wtime =     0.474
[2026-04-01 14:32:16.615] [electrons:W1bVJw] [info] step       764 :  t =     30.560  e = 1.499999389168  wtime =     0.474
[2026-04-01 14:32:17.088] [electrons:W1bVJw] [info] step       765 :  t =     30.600  e = 1.499999388369  wtime =     0.474
[2026-04-01 14:32:17.562] [electrons:W1bVJw] [info] step       766 :  t =     30.640  e = 1.499999387569  wtime =     0.474
[2026-04-01 14:32:18.036] [electrons:W1bVJw] [info] step       767 :  t =     30.680  e = 1.499999386770  wtime =     0.474
[2026-04-01 14:32:18.510] [electrons:W1bVJw] [info] step       768 :  t =     30.720  e = 1.499999385970  wtime =     0.474
[2026-04-01 14:32:18.984] [electrons:W1bVJw] [info] step       769 :  t =     30.760  e = 1.499999385171  wtime =     0.474
[2026-04-01 14:32:19.459] [electrons:W1bVJw] [info] step       770 :  t =     30.800  e = 1.499999384371  wtime =     0.475
[2026-04-01 14:32:19.933] [electrons:W1bVJw] [info] step       771 :  t =     30.840  e = 1.499999383572  wtime =     0.474
[2026-04-01 14:32:20.407] [electrons:W1bVJw] [info] step       772 :  t =     30.880  e = 1.499999382772  wtime =     0.474
[2026-04-01 14:32:20.881] [electrons:W1bVJw] [info] step       773 :  t =     30.920  e = 1.499999381973  wtime =     0.474
[2026-04-01 14:32:21.355] [electrons:W1bVJw] [info] step       774 :  t =     30.960  e = 1.499999381173  wtime =     0.474
31.000      11.313870       15.532225       1.49999938      1.000000  
[2026-04-01 14:32:21.829] [electrons:W1bVJw] [info] step       775 :  t =     31.000  e = 1.499999380374  wtime =     0.475
[2026-04-01 14:32:22.303] [electrons:W1bVJw] [info] step       776 :  t =     31.040  e = 1.499999379574  wtime =     0.474
[2026-04-01 14:32:22.777] [electrons:W1bVJw] [info] step       777 :  t =     31.080  e = 1.499999378775  wtime =     0.474
[2026-04-01 14:32:23.250] [electrons:W1bVJw] [info] step       778 :  t =     31.120  e = 1.499999377975  wtime =     0.474
[2026-04-01 14:32:23.724] [electrons:W1bVJw] [info] step       779 :  t =     31.160  e = 1.499999377176  wtime =     0.474
[2026-04-01 14:32:24.198] [electrons:W1bVJw] [info] step       780 :  t =     31.200  e = 1.499999376376  wtime =     0.474
[2026-04-01 14:32:24.671] [electrons:W1bVJw] [info] step       781 :  t =     31.240  e = 1.499999375577  wtime =     0.474
[2026-04-01 14:32:25.145] [electrons:W1bVJw] [info] step       782 :  t =     31.280  e = 1.499999374777  wtime =     0.474
[2026-04-01 14:32:25.619] [electrons:W1bVJw] [info] step       783 :  t =     31.320  e = 1.499999373978  wtime =     0.474
[2026-04-01 14:32:26.092] [electrons:W1bVJw] [info] step       784 :  t =     31.360  e = 1.499999373178  wtime =     0.474
[2026-04-01 14:32:26.566] [electrons:W1bVJw] [info] step       785 :  t =     31.400  e = 1.499999372379  wtime =     0.474
[2026-04-01 14:32:27.039] [electrons:W1bVJw] [info] step       786 :  t =     31.440  e = 1.499999371579  wtime =     0.474
[2026-04-01 14:32:27.513] [electrons:W1bVJw] [info] step       787 :  t =     31.480  e = 1.499999370780  wtime =     0.474
[2026-04-01 14:32:27.987] [electrons:W1bVJw] [info] step       788 :  t =     31.520  e = 1.499999369980  wtime =     0.474
[2026-04-01 14:32:28.461] [electrons:W1bVJw] [info] step       789 :  t =     31.560  e = 1.499999369181  wtime =     0.474
[2026-04-01 14:32:28.934] [electrons:W1bVJw] [info] step       790 :  t =     31.600  e = 1.499999368381  wtime =     0.474
[2026-04-01 14:32:29.409] [electrons:W1bVJw] [info] step       791 :  t =     31.640  e = 1.499999367582  wtime =     0.475
[2026-04-01 14:32:29.884] [electrons:W1bVJw] [info] step       792 :  t =     31.680  e = 1.499999366782  wtime =     0.475
[2026-04-01 14:32:30.359] [electrons:W1bVJw] [info] step       793 :  t =     31.720  e = 1.499999365983  wtime =     0.474
[2026-04-01 14:32:30.832] [electrons:W1bVJw] [info] step       794 :  t =     31.760  e = 1.499999365183  wtime =     0.474
[2026-04-01 14:32:31.306] [electrons:W1bVJw] [info] step       795 :  t =     31.800  e = 1.499999364384  wtime =     0.474
[2026-04-01 14:32:31.780] [electrons:W1bVJw] [info] step       796 :  t =     31.840  e = 1.499999363584  wtime =     0.474
[2026-04-01 14:32:32.253] [electrons:W1bVJw] [info] step       797 :  t =     31.880  e = 1.499999362785  wtime =     0.474
[2026-04-01 14:32:32.727] [electrons:W1bVJw] [info] step       798 :  t =     31.920  e = 1.499999361985  wtime =     0.474
[2026-04-01 14:32:33.201] [electrons:W1bVJw] [info] step       799 :  t =     31.960  e = 1.499999361186  wtime =     0.474
32.000      11.507791       16.031220       1.49999936      1.000000  
[2026-04-01 14:32:33.675] [electrons:W1bVJw] [info] step       800 :  t =     32.000  e = 1.499999360386  wtime =     0.475
[2026-04-01 14:32:34.150] [electrons:W1bVJw] [info] step       801 :  t =     32.040  e = 1.499999359587  wtime =     0.474
[2026-04-01 14:32:34.623] [electrons:W1bVJw] [info] step       802 :  t =     32.080  e = 1.499999358787  wtime =     0.474
[2026-04-01 14:32:35.098] [electrons:W1bVJw] [info] step       803 :  t =     32.120  e = 1.499999357988  wtime =     0.474
[2026-04-01 14:32:35.571] [electrons:W1bVJw] [info] step       804 :  t =     32.160  e = 1.499999357188  wtime =     0.474
[2026-04-01 14:32:36.045] [electrons:W1bVJw] [info] step       805 :  t =     32.200  e = 1.499999356388  wtime =     0.474
[2026-04-01 14:32:36.518] [electrons:W1bVJw] [info] step       806 :  t =     32.240  e = 1.499999355589  wtime =     0.474
[2026-04-01 14:32:36.992] [electrons:W1bVJw] [info] step       807 :  t =     32.280  e = 1.499999354789  wtime =     0.474
[2026-04-01 14:32:37.466] [electrons:W1bVJw] [info] step       808 :  t =     32.320  e = 1.499999353990  wtime =     0.474
[2026-04-01 14:32:37.939] [electrons:W1bVJw] [info] step       809 :  t =     32.360  e = 1.499999353190  wtime =     0.474
[2026-04-01 14:32:38.413] [electrons:W1bVJw] [info] step       810 :  t =     32.400  e = 1.499999352391  wtime =     0.474
[2026-04-01 14:32:38.887] [electrons:W1bVJw] [info] step       811 :  t =     32.440  e = 1.499999351591  wtime =     0.474
[2026-04-01 14:32:39.360] [electrons:W1bVJw] [info] step       812 :  t =     32.480  e = 1.499999350792  wtime =     0.474
[2026-04-01 14:32:39.834] [electrons:W1bVJw] [info] step       813 :  t =     32.520  e = 1.499999349992  wtime =     0.474
[2026-04-01 14:32:40.307] [electrons:W1bVJw] [info] step       814 :  t =     32.560  e = 1.499999349193  wtime =     0.474
[2026-04-01 14:32:40.781] [electrons:W1bVJw] [info] step       815 :  t =     32.600  e = 1.499999348393  wtime =     0.474
[2026-04-01 14:32:41.255] [electrons:W1bVJw] [info] step       816 :  t =     32.640  e = 1.499999347594  wtime =     0.474
[2026-04-01 14:32:41.728] [electrons:W1bVJw] [info] step       817 :  t =     32.680  e = 1.499999346794  wtime =     0.474
[2026-04-01 14:32:42.202] [electrons:W1bVJw] [info] step       818 :  t =     32.720  e = 1.499999345995  wtime =     0.474
[2026-04-01 14:32:42.676] [electrons:W1bVJw] [info] step       819 :  t =     32.760  e = 1.499999345195  wtime =     0.474
[2026-04-01 14:32:43.150] [electrons:W1bVJw] [info] step       820 :  t =     32.800  e = 1.499999344396  wtime =     0.474
[2026-04-01 14:32:43.623] [electrons:W1bVJw] [info] step       821 :  t =     32.840  e = 1.499999343596  wtime =     0.474
[2026-04-01 14:32:44.097] [electrons:W1bVJw] [info] step       822 :  t =     32.880  e = 1.499999342797  wtime =     0.474
[2026-04-01 14:32:44.571] [electrons:W1bVJw] [info] step       823 :  t =     32.920  e = 1.499999341997  wtime =     0.474
[2026-04-01 14:32:45.044] [electrons:W1bVJw] [info] step       824 :  t =     32.960  e = 1.499999341198  wtime =     0.474
33.000      11.515252       16.530275       1.49999934      1.000000  
[2026-04-01 14:32:45.519] [electrons:W1bVJw] [info] step       825 :  t =     33.000  e = 1.499999340398  wtime =     0.475
[2026-04-01 14:32:45.993] [electrons:W1bVJw] [info] step       826 :  t =     33.040  e = 1.499999339599  wtime =     0.474
[2026-04-01 14:32:46.466] [electrons:W1bVJw] [info] step       827 :  t =     33.080  e = 1.499999338799  wtime =     0.474
[2026-04-01 14:32:46.940] [electrons:W1bVJw] [info] step       828 :  t =     33.120  e = 1.499999338000  wtime =     0.474
[2026-04-01 14:32:47.414] [electrons:W1bVJw] [info] step       829 :  t =     33.160  e = 1.499999337200  wtime =     0.474
[2026-04-01 14:32:47.887] [electrons:W1bVJw] [info] step       830 :  t =     33.200  e = 1.499999336401  wtime =     0.474
[2026-04-01 14:32:48.361] [electrons:W1bVJw] [info] step       831 :  t =     33.240  e = 1.499999335601  wtime =     0.474
[2026-04-01 14:32:48.835] [electrons:W1bVJw] [info] step       832 :  t =     33.280  e = 1.499999334802  wtime =     0.474
[2026-04-01 14:32:49.308] [electrons:W1bVJw] [info] step       833 :  t =     33.320  e = 1.499999334002  wtime =     0.474
[2026-04-01 14:32:49.783] [electrons:W1bVJw] [info] step       834 :  t =     33.360  e = 1.499999333203  wtime =     0.475
[2026-04-01 14:32:50.259] [electrons:W1bVJw] [info] step       835 :  t =     33.400  e = 1.499999332403  wtime =     0.475
[2026-04-01 14:32:50.732] [electrons:W1bVJw] [info] step       836 :  t =     33.440  e = 1.499999331604  wtime =     0.474
[2026-04-01 14:32:51.206] [electrons:W1bVJw] [info] step       837 :  t =     33.480  e = 1.499999330804  wtime =     0.474
[2026-04-01 14:32:51.680] [electrons:W1bVJw] [info] step       838 :  t =     33.520  e = 1.499999330005  wtime =     0.474
[2026-04-01 14:32:52.153] [electrons:W1bVJw] [info] step       839 :  t =     33.560  e = 1.499999329205  wtime =     0.474
[2026-04-01 14:32:52.627] [electrons:W1bVJw] [info] step       840 :  t =     33.600  e = 1.499999328406  wtime =     0.474
[2026-04-01 14:32:53.101] [electrons:W1bVJw] [info] step       841 :  t =     33.640  e = 1.499999327606  wtime =     0.474
[2026-04-01 14:32:53.574] [electrons:W1bVJw] [info] step       842 :  t =     33.680  e = 1.499999326807  wtime =     0.474
[2026-04-01 14:32:54.048] [electrons:W1bVJw] [info] step       843 :  t =     33.720  e = 1.499999326007  wtime =     0.474
[2026-04-01 14:32:54.522] [electrons:W1bVJw] [info] step       844 :  t =     33.760  e = 1.499999325208  wtime =     0.474
[2026-04-01 14:32:54.995] [electrons:W1bVJw] [info] step       845 :  t =     33.800  e = 1.499999324408  wtime =     0.474
[2026-04-01 14:32:55.469] [electrons:W1bVJw] [info] step       846 :  t =     33.840  e = 1.499999323609  wtime =     0.474
[2026-04-01 14:32:55.942] [electrons:W1bVJw] [info] step       847 :  t =     33.880  e = 1.499999322809  wtime =     0.474
[2026-04-01 14:32:56.416] [electrons:W1bVJw] [info] step       848 :  t =     33.920  e = 1.499999322010  wtime =     0.474
[2026-04-01 14:32:56.890] [electrons:W1bVJw] [info] step       849 :  t =     33.960  e = 1.499999321210  wtime =     0.474
34.000      11.538470       17.029386       1.49999932      1.000000  
[2026-04-01 14:32:57.365] [electrons:W1bVJw] [info] step       850 :  t =     34.000  e = 1.499999320411  wtime =     0.475
[2026-04-01 14:32:57.839] [electrons:W1bVJw] [info] step       851 :  t =     34.040  e = 1.499999319611  wtime =     0.474
[2026-04-01 14:32:58.312] [electrons:W1bVJw] [info] step       852 :  t =     34.080  e = 1.499999318812  wtime =     0.474
[2026-04-01 14:32:58.786] [electrons:W1bVJw] [info] step       853 :  t =     34.120  e = 1.499999318012  wtime =     0.474
[2026-04-01 14:32:59.259] [electrons:W1bVJw] [info] step       854 :  t =     34.160  e = 1.499999317213  wtime =     0.474
[2026-04-01 14:32:59.733] [electrons:W1bVJw] [info] step       855 :  t =     34.200  e = 1.499999316413  wtime =     0.474
[2026-04-01 14:33:00.206] [electrons:W1bVJw] [info] step       856 :  t =     34.240  e = 1.499999315614  wtime =     0.473
[2026-04-01 14:33:00.680] [electrons:W1bVJw] [info] step       857 :  t =     34.280  e = 1.499999314814  wtime =     0.474
[2026-04-01 14:33:01.154] [electrons:W1bVJw] [info] step       858 :  t =     34.320  e = 1.499999314015  wtime =     0.474
[2026-04-01 14:33:01.627] [electrons:W1bVJw] [info] step       859 :  t =     34.360  e = 1.499999313215  wtime =     0.473
[2026-04-01 14:33:02.101] [electrons:W1bVJw] [info] step       860 :  t =     34.400  e = 1.499999312416  wtime =     0.474
[2026-04-01 14:33:02.575] [electrons:W1bVJw] [info] step       861 :  t =     34.440  e = 1.499999311616  wtime =     0.474
[2026-04-01 14:33:03.048] [electrons:W1bVJw] [info] step       862 :  t =     34.480  e = 1.499999310817  wtime =     0.474
[2026-04-01 14:33:03.522] [electrons:W1bVJw] [info] step       863 :  t =     34.520  e = 1.499999310017  wtime =     0.474
[2026-04-01 14:33:03.996] [electrons:W1bVJw] [info] step       864 :  t =     34.560  e = 1.499999309218  wtime =     0.474
[2026-04-01 14:33:04.470] [electrons:W1bVJw] [info] step       865 :  t =     34.600  e = 1.499999308418  wtime =     0.474
[2026-04-01 14:33:04.943] [electrons:W1bVJw] [info] step       866 :  t =     34.640  e = 1.499999307619  wtime =     0.474
[2026-04-01 14:33:05.417] [electrons:W1bVJw] [info] step       867 :  t =     34.680  e = 1.499999306819  wtime =     0.474
[2026-04-01 14:33:05.890] [electrons:W1bVJw] [info] step       868 :  t =     34.720  e = 1.499999306020  wtime =     0.474
[2026-04-01 14:33:06.364] [electrons:W1bVJw] [info] step       869 :  t =     34.760  e = 1.499999305220  wtime =     0.474
[2026-04-01 14:33:06.837] [electrons:W1bVJw] [info] step       870 :  t =     34.800  e = 1.499999304421  wtime =     0.474
[2026-04-01 14:33:07.311] [electrons:W1bVJw] [info] step       871 :  t =     34.840  e = 1.499999303621  wtime =     0.474
[2026-04-01 14:33:07.785] [electrons:W1bVJw] [info] step       872 :  t =     34.880  e = 1.499999302822  wtime =     0.474
[2026-04-01 14:33:08.258] [electrons:W1bVJw] [info] step       873 :  t =     34.920  e = 1.499999302022  wtime =     0.474
[2026-04-01 14:33:08.732] [electrons:W1bVJw] [info] step       874 :  t =     34.960  e = 1.499999301223  wtime =     0.474
35.000      11.555416       17.528548       1.49999930      1.000000  
[2026-04-01 14:33:09.207] [electrons:W1bVJw] [info] step       875 :  t =     35.000  e = 1.499999300423  wtime =     0.475
[2026-04-01 14:33:09.680] [electrons:W1bVJw] [info] step       876 :  t =     35.040  e = 1.499999299624  wtime =     0.474
[2026-04-01 14:33:10.155] [electrons:W1bVJw] [info] step       877 :  t =     35.080  e = 1.499999298824  wtime =     0.474
[2026-04-01 14:33:10.630] [electrons:W1bVJw] [info] step       878 :  t =     35.120  e = 1.499999298025  wtime =     0.475
[2026-04-01 14:33:11.105] [electrons:W1bVJw] [info] step       879 :  t =     35.160  e = 1.499999297225  wtime =     0.476
[2026-04-01 14:33:11.579] [electrons:W1bVJw] [info] step       880 :  t =     35.200  e = 1.499999296425  wtime =     0.474
[2026-04-01 14:33:12.053] [electrons:W1bVJw] [info] step       881 :  t =     35.240  e = 1.499999295626  wtime =     0.474
[2026-04-01 14:33:12.526] [electrons:W1bVJw] [info] step       882 :  t =     35.280  e = 1.499999294826  wtime =     0.474
[2026-04-01 14:33:13.000] [electrons:W1bVJw] [info] step       883 :  t =     35.320  e = 1.499999294027  wtime =     0.474
[2026-04-01 14:33:13.474] [electrons:W1bVJw] [info] step       884 :  t =     35.360  e = 1.499999293227  wtime =     0.474
[2026-04-01 14:33:13.947] [electrons:W1bVJw] [info] step       885 :  t =     35.400  e = 1.499999292428  wtime =     0.474
[2026-04-01 14:33:14.421] [electrons:W1bVJw] [info] step       886 :  t =     35.440  e = 1.499999291628  wtime =     0.474
[2026-04-01 14:33:14.895] [electrons:W1bVJw] [info] step       887 :  t =     35.480  e = 1.499999290829  wtime =     0.474
[2026-04-01 14:33:15.368] [electrons:W1bVJw] [info] step       888 :  t =     35.520  e = 1.499999290029  wtime =     0.474
[2026-04-01 14:33:15.842] [electrons:W1bVJw] [info] step       889 :  t =     35.560  e = 1.499999289230  wtime =     0.474
[2026-04-01 14:33:16.315] [electrons:W1bVJw] [info] step       890 :  t =     35.600  e = 1.499999288430  wtime =     0.474
[2026-04-01 14:33:16.789] [electrons:W1bVJw] [info] step       891 :  t =     35.640  e = 1.499999287631  wtime =     0.474
[2026-04-01 14:33:17.263] [electrons:W1bVJw] [info] step       892 :  t =     35.680  e = 1.499999286831  wtime =     0.474
[2026-04-01 14:33:17.736] [electrons:W1bVJw] [info] step       893 :  t =     35.720  e = 1.499999286032  wtime =     0.474
[2026-04-01 14:33:18.210] [electrons:W1bVJw] [info] step       894 :  t =     35.760  e = 1.499999285232  wtime =     0.474
[2026-04-01 14:33:18.684] [electrons:W1bVJw] [info] step       895 :  t =     35.800  e = 1.499999284433  wtime =     0.474
[2026-04-01 14:33:19.158] [electrons:W1bVJw] [info] step       896 :  t =     35.840  e = 1.499999283633  wtime =     0.474
[2026-04-01 14:33:19.631] [electrons:W1bVJw] [info] step       897 :  t =     35.880  e = 1.499999282834  wtime =     0.474
[2026-04-01 14:33:20.105] [electrons:W1bVJw] [info] step       898 :  t =     35.920  e = 1.499999282034  wtime =     0.474
[2026-04-01 14:33:20.578] [electrons:W1bVJw] [info] step       899 :  t =     35.960  e = 1.499999281235  wtime =     0.474
36.000      11.674552       18.027756       1.49999928      1.000000  
[2026-04-01 14:33:21.053] [electrons:W1bVJw] [info] step       900 :  t =     36.000  e = 1.499999280435  wtime =     0.475
[2026-04-01 14:33:21.527] [electrons:W1bVJw] [info] step       901 :  t =     36.040  e = 1.499999279636  wtime =     0.474
[2026-04-01 14:33:22.001] [electrons:W1bVJw] [info] step       902 :  t =     36.080  e = 1.499999278836  wtime =     0.474
[2026-04-01 14:33:22.474] [electrons:W1bVJw] [info] step       903 :  t =     36.120  e = 1.499999278037  wtime =     0.474
[2026-04-01 14:33:22.948] [electrons:W1bVJw] [info] step       904 :  t =     36.160  e = 1.499999277237  wtime =     0.474
[2026-04-01 14:33:23.422] [electrons:W1bVJw] [info] step       905 :  t =     36.200  e = 1.499999276438  wtime =     0.474
[2026-04-01 14:33:23.895] [electrons:W1bVJw] [info] step       906 :  t =     36.240  e = 1.499999275638  wtime =     0.474
[2026-04-01 14:33:24.369] [electrons:W1bVJw] [info] step       907 :  t =     36.280  e = 1.499999274839  wtime =     0.474
[2026-04-01 14:33:24.842] [electrons:W1bVJw] [info] step       908 :  t =     36.320  e = 1.499999274039  wtime =     0.474
[2026-04-01 14:33:25.317] [electrons:W1bVJw] [info] step       909 :  t =     36.360  e = 1.499999273240  wtime =     0.474
[2026-04-01 14:33:25.790] [electrons:W1bVJw] [info] step       910 :  t =     36.400  e = 1.499999272440  wtime =     0.474
[2026-04-01 14:33:26.264] [electrons:W1bVJw] [info] step       911 :  t =     36.440  e = 1.499999271641  wtime =     0.474
[2026-04-01 14:33:26.738] [electrons:W1bVJw] [info] step       912 :  t =     36.480  e = 1.499999270841  wtime =     0.474
[2026-04-01 14:33:27.211] [electrons:W1bVJw] [info] step       913 :  t =     36.520  e = 1.499999270042  wtime =     0.474
[2026-04-01 14:33:27.685] [electrons:W1bVJw] [info] step       914 :  t =     36.560  e = 1.499999269242  wtime =     0.474
[2026-04-01 14:33:28.159] [electrons:W1bVJw] [info] step       915 :  t =     36.600  e = 1.499999268443  wtime =     0.474
[2026-04-01 14:33:28.632] [electrons:W1bVJw] [info] step       916 :  t =     36.640  e = 1.499999267643  wtime =     0.474
[2026-04-01 14:33:29.106] [electrons:W1bVJw] [info] step       917 :  t =     36.680  e = 1.499999266844  wtime =     0.474
[2026-04-01 14:33:29.580] [electrons:W1bVJw] [info] step       918 :  t =     36.720  e = 1.499999266044  wtime =     0.474
[2026-04-01 14:33:30.053] [electrons:W1bVJw] [info] step       919 :  t =     36.760  e = 1.499999265245  wtime =     0.474
[2026-04-01 14:33:30.527] [electrons:W1bVJw] [info] step       920 :  t =     36.800  e = 1.499999264445  wtime =     0.474
[2026-04-01 14:33:31.000] [electrons:W1bVJw] [info] step       921 :  t =     36.840  e = 1.499999263646  wtime =     0.474
[2026-04-01 14:33:31.474] [electrons:W1bVJw] [info] step       922 :  t =     36.880  e = 1.499999262846  wtime =     0.474
[2026-04-01 14:33:31.948] [electrons:W1bVJw] [info] step       923 :  t =     36.920  e = 1.499999262047  wtime =     0.474
[2026-04-01 14:33:32.421] [electrons:W1bVJw] [info] step       924 :  t =     36.960  e = 1.499999261247  wtime =     0.474
37.000      11.625341       18.527007       1.49999926      1.000000  
[2026-04-01 14:33:32.896] [electrons:W1bVJw] [info] step       925 :  t =     37.000  e = 1.499999260448  wtime =     0.475
[2026-04-01 14:33:33.370] [electrons:W1bVJw] [info] step       926 :  t =     37.040  e = 1.499999259648  wtime =     0.474
[2026-04-01 14:33:33.844] [electrons:W1bVJw] [info] step       927 :  t =     37.080  e = 1.499999258849  wtime =     0.474
[2026-04-01 14:33:34.318] [electrons:W1bVJw] [info] step       928 :  t =     37.120  e = 1.499999258049  wtime =     0.474
[2026-04-01 14:33:34.791] [electrons:W1bVJw] [info] step       929 :  t =     37.160  e = 1.499999257250  wtime =     0.474
[2026-04-01 14:33:35.265] [electrons:W1bVJw] [info] step       930 :  t =     37.200  e = 1.499999256450  wtime =     0.474
[2026-04-01 14:33:35.738] [electrons:W1bVJw] [info] step       931 :  t =     37.240  e = 1.499999255651  wtime =     0.474
[2026-04-01 14:33:36.212] [electrons:W1bVJw] [info] step       932 :  t =     37.280  e = 1.499999254851  wtime =     0.474
[2026-04-01 14:33:36.686] [electrons:W1bVJw] [info] step       933 :  t =     37.320  e = 1.499999254052  wtime =     0.474
[2026-04-01 14:33:37.159] [electrons:W1bVJw] [info] step       934 :  t =     37.360  e = 1.499999253252  wtime =     0.474
[2026-04-01 14:33:37.633] [electrons:W1bVJw] [info] step       935 :  t =     37.400  e = 1.499999252453  wtime =     0.474
[2026-04-01 14:33:38.107] [electrons:W1bVJw] [info] step       936 :  t =     37.440  e = 1.499999251653  wtime =     0.474
[2026-04-01 14:33:38.580] [electrons:W1bVJw] [info] step       937 :  t =     37.480  e = 1.499999250854  wtime =     0.474
[2026-04-01 14:33:39.054] [electrons:W1bVJw] [info] step       938 :  t =     37.520  e = 1.499999250054  wtime =     0.474
[2026-04-01 14:33:39.527] [electrons:W1bVJw] [info] step       939 :  t =     37.560  e = 1.499999249255  wtime =     0.474
[2026-04-01 14:33:40.002] [electrons:W1bVJw] [info] step       940 :  t =     37.600  e = 1.499999248455  wtime =     0.474
[2026-04-01 14:33:40.475] [electrons:W1bVJw] [info] step       941 :  t =     37.640  e = 1.499999247656  wtime =     0.474
[2026-04-01 14:33:40.949] [electrons:W1bVJw] [info] step       942 :  t =     37.680  e = 1.499999246856  wtime =     0.474
[2026-04-01 14:33:41.423] [electrons:W1bVJw] [info] step       943 :  t =     37.720  e = 1.499999246057  wtime =     0.474
[2026-04-01 14:33:41.897] [electrons:W1bVJw] [info] step       944 :  t =     37.760  e = 1.499999245257  wtime =     0.474
[2026-04-01 14:33:42.370] [electrons:W1bVJw] [info] step       945 :  t =     37.800  e = 1.499999244458  wtime =     0.474
[2026-04-01 14:33:42.844] [electrons:W1bVJw] [info] step       946 :  t =     37.840  e = 1.499999243658  wtime =     0.474
[2026-04-01 14:33:43.317] [electrons:W1bVJw] [info] step       947 :  t =     37.880  e = 1.499999242859  wtime =     0.474
[2026-04-01 14:33:43.791] [electrons:W1bVJw] [info] step       948 :  t =     37.920  e = 1.499999242059  wtime =     0.474
[2026-04-01 14:33:44.265] [electrons:W1bVJw] [info] step       949 :  t =     37.960  e = 1.499999241260  wtime =     0.474
38.000      11.585253       19.026298       1.49999924      1.000000  
[2026-04-01 14:33:44.739] [electrons:W1bVJw] [info] step       950 :  t =     38.000  e = 1.499999240460  wtime =     0.475
[2026-04-01 14:33:45.213] [electrons:W1bVJw] [info] step       951 :  t =     38.040  e = 1.499999239661  wtime =     0.474
[2026-04-01 14:33:45.687] [electrons:W1bVJw] [info] step       952 :  t =     38.080  e = 1.499999238861  wtime =     0.474
[2026-04-01 14:33:46.161] [electrons:W1bVJw] [info] step       953 :  t =     38.120  e = 1.499999238062  wtime =     0.474
[2026-04-01 14:33:46.634] [electrons:W1bVJw] [info] step       954 :  t =     38.160  e = 1.499999237262  wtime =     0.474
[2026-04-01 14:33:47.108] [electrons:W1bVJw] [info] step       955 :  t =     38.200  e = 1.499999236463  wtime =     0.474
[2026-04-01 14:33:47.582] [electrons:W1bVJw] [info] step       956 :  t =     38.240  e = 1.499999235663  wtime =     0.474
[2026-04-01 14:33:48.056] [electrons:W1bVJw] [info] step       957 :  t =     38.280  e = 1.499999234864  wtime =     0.474
[2026-04-01 14:33:48.529] [electrons:W1bVJw] [info] step       958 :  t =     38.320  e = 1.499999234064  wtime =     0.474
[2026-04-01 14:33:49.003] [electrons:W1bVJw] [info] step       959 :  t =     38.360  e = 1.499999233265  wtime =     0.474
[2026-04-01 14:33:49.476] [electrons:W1bVJw] [info] step       960 :  t =     38.400  e = 1.499999232465  wtime =     0.474
[2026-04-01 14:33:49.950] [electrons:W1bVJw] [info] step       961 :  t =     38.440  e = 1.499999231666  wtime =     0.474
[2026-04-01 14:33:50.424] [electrons:W1bVJw] [info] step       962 :  t =     38.480  e = 1.499999230866  wtime =     0.474
[2026-04-01 14:33:50.897] [electrons:W1bVJw] [info] step       963 :  t =     38.520  e = 1.499999230067  wtime =     0.474
[2026-04-01 14:33:51.371] [electrons:W1bVJw] [info] step       964 :  t =     38.560  e = 1.499999229267  wtime =     0.474
[2026-04-01 14:33:51.844] [electrons:W1bVJw] [info] step       965 :  t =     38.600  e = 1.499999228468  wtime =     0.474
[2026-04-01 14:33:52.318] [electrons:W1bVJw] [info] step       966 :  t =     38.640  e = 1.499999227668  wtime =     0.474
[2026-04-01 14:33:52.792] [electrons:W1bVJw] [info] step       967 :  t =     38.680  e = 1.499999226869  wtime =     0.474
[2026-04-01 14:33:53.265] [electrons:W1bVJw] [info] step       968 :  t =     38.720  e = 1.499999226069  wtime =     0.474
[2026-04-01 14:33:53.739] [electrons:W1bVJw] [info] step       969 :  t =     38.760  e = 1.499999225270  wtime =     0.474
[2026-04-01 14:33:54.213] [electrons:W1bVJw] [info] step       970 :  t =     38.800  e = 1.499999224470  wtime =     0.474
[2026-04-01 14:33:54.687] [electrons:W1bVJw] [info] step       971 :  t =     38.840  e = 1.499999223671  wtime =     0.474
[2026-04-01 14:33:55.161] [electrons:W1bVJw] [info] step       972 :  t =     38.880  e = 1.499999222871  wtime =     0.474
[2026-04-01 14:33:55.634] [electrons:W1bVJw] [info] step       973 :  t =     38.920  e = 1.499999222072  wtime =     0.474
[2026-04-01 14:33:56.108] [electrons:W1bVJw] [info] step       974 :  t =     38.960  e = 1.499999221272  wtime =     0.474
39.000      11.597970       19.525624       1.49999922      1.000000  
[2026-04-01 14:33:56.582] [electrons:W1bVJw] [info] step       975 :  t =     39.000  e = 1.499999220473  wtime =     0.475
[2026-04-01 14:33:57.056] [electrons:W1bVJw] [info] step       976 :  t =     39.040  e = 1.499999219673  wtime =     0.474
[2026-04-01 14:33:57.530] [electrons:W1bVJw] [info] step       977 :  t =     39.080  e = 1.499999218874  wtime =     0.474
[2026-04-01 14:33:58.004] [electrons:W1bVJw] [info] step       978 :  t =     39.120  e = 1.499999218074  wtime =     0.474
[2026-04-01 14:33:58.477] [electrons:W1bVJw] [info] step       979 :  t =     39.160  e = 1.499999217275  wtime =     0.474
[2026-04-01 14:33:58.951] [electrons:W1bVJw] [info] step       980 :  t =     39.200  e = 1.499999216475  wtime =     0.474
[2026-04-01 14:33:59.425] [electrons:W1bVJw] [info] step       981 :  t =     39.240  e = 1.499999215676  wtime =     0.474
[2026-04-01 14:33:59.898] [electrons:W1bVJw] [info] step       982 :  t =     39.280  e = 1.499999214876  wtime =     0.474
[2026-04-01 14:34:00.372] [electrons:W1bVJw] [info] step       983 :  t =     39.320  e = 1.499999214077  wtime =     0.474
[2026-04-01 14:34:00.846] [electrons:W1bVJw] [info] step       984 :  t =     39.360  e = 1.499999213277  wtime =     0.474
[2026-04-01 14:34:01.320] [electrons:W1bVJw] [info] step       985 :  t =     39.400  e = 1.499999212478  wtime =     0.474
[2026-04-01 14:34:01.793] [electrons:W1bVJw] [info] step       986 :  t =     39.440  e = 1.499999211678  wtime =     0.474
[2026-04-01 14:34:02.267] [electrons:W1bVJw] [info] step       987 :  t =     39.480  e = 1.499999210879  wtime =     0.474
[2026-04-01 14:34:02.740] [electrons:W1bVJw] [info] step       988 :  t =     39.520  e = 1.499999210079  wtime =     0.473
[2026-04-01 14:34:03.214] [electrons:W1bVJw] [info] step       989 :  t =     39.560  e = 1.499999209280  wtime =     0.474
[2026-04-01 14:34:03.688] [electrons:W1bVJw] [info] step       990 :  t =     39.600  e = 1.499999208480  wtime =     0.474
[2026-04-01 14:34:04.161] [electrons:W1bVJw] [info] step       991 :  t =     39.640  e = 1.499999207681  wtime =     0.474
[2026-04-01 14:34:04.635] [electrons:W1bVJw] [info] step       992 :  t =     39.680  e = 1.499999206881  wtime =     0.474
[2026-04-01 14:34:05.108] [electrons:W1bVJw] [info] step       993 :  t =     39.720  e = 1.499999206082  wtime =     0.474
[2026-04-01 14:34:05.582] [electrons:W1bVJw] [info] step       994 :  t =     39.760  e = 1.499999205282  wtime =     0.474
[2026-04-01 14:34:06.056] [electrons:W1bVJw] [info] step       995 :  t =     39.800  e = 1.499999204483  wtime =     0.474
[2026-04-01 14:34:06.529] [electrons:W1bVJw] [info] step       996 :  t =     39.840  e = 1.499999203683  wtime =     0.474
[2026-04-01 14:34:07.003] [electrons:W1bVJw] [info] step       997 :  t =     39.880  e = 1.499999202883  wtime =     0.474
[2026-04-01 14:34:07.477] [electrons:W1bVJw] [info] step       998 :  t =     39.920  e = 1.499999202084  wtime =     0.474
[2026-04-01 14:34:07.950] [electrons:W1bVJw] [info] step       999 :  t =     39.960  e = 1.499999201284  wtime =     0.474
40.000      11.547582       20.024984       1.49999920      1.000000  
[2026-04-01 14:34:08.425] [electrons:W1bVJw] [info] step      1000 :  t =     40.000  e = 1.499999200485  wtime =     0.475
[2026-04-01 14:34:08.899] [electrons:W1bVJw] [info] step      1001 :  t =     40.040  e = 1.499999199685  wtime =     0.474
[2026-04-01 14:34:09.373] [electrons:W1bVJw] [info] step      1002 :  t =     40.080  e = 1.499999198886  wtime =     0.474
[2026-04-01 14:34:09.847] [electrons:W1bVJw] [info] step      1003 :  t =     40.120  e = 1.499999198086  wtime =     0.474
[2026-04-01 14:34:10.320] [electrons:W1bVJw] [info] step      1004 :  t =     40.160  e = 1.499999197287  wtime =     0.474
[2026-04-01 14:34:10.794] [electrons:W1bVJw] [info] step      1005 :  t =     40.200  e = 1.499999196487  wtime =     0.474
[2026-04-01 14:34:11.268] [electrons:W1bVJw] [info] step      1006 :  t =     40.240  e = 1.499999195688  wtime =     0.474
[2026-04-01 14:34:11.742] [electrons:W1bVJw] [info] step      1007 :  t =     40.280  e = 1.499999194888  wtime =     0.475
[2026-04-01 14:34:12.217] [electrons:W1bVJw] [info] step      1008 :  t =     40.320  e = 1.499999194089  wtime =     0.475
[2026-04-01 14:34:12.693] [electrons:W1bVJw] [info] step      1009 :  t =     40.360  e = 1.499999193289  wtime =     0.475
[2026-04-01 14:34:13.167] [electrons:W1bVJw] [info] step      1010 :  t =     40.400  e = 1.499999192490  wtime =     0.474
[2026-04-01 14:34:13.641] [electrons:W1bVJw] [info] step      1011 :  t =     40.440  e = 1.499999191690  wtime =     0.474
[2026-04-01 14:34:14.114] [electrons:W1bVJw] [info] step      1012 :  t =     40.480  e = 1.499999190891  wtime =     0.474
[2026-04-01 14:34:14.588] [electrons:W1bVJw] [info] step      1013 :  t =     40.520  e = 1.499999190091  wtime =     0.474
[2026-04-01 14:34:15.062] [electrons:W1bVJw] [info] step      1014 :  t =     40.560  e = 1.499999189292  wtime =     0.474
[2026-04-01 14:34:15.536] [electrons:W1bVJw] [info] step      1015 :  t =     40.600  e = 1.499999188492  wtime =     0.474
[2026-04-01 14:34:16.009] [electrons:W1bVJw] [info] step      1016 :  t =     40.640  e = 1.499999187693  wtime =     0.474
[2026-04-01 14:34:16.483] [electrons:W1bVJw] [info] step      1017 :  t =     40.680  e = 1.499999186893  wtime =     0.474
[2026-04-01 14:34:16.957] [electrons:W1bVJw] [info] step      1018 :  t =     40.720  e = 1.499999186094  wtime =     0.474
[2026-04-01 14:34:17.430] [electrons:W1bVJw] [info] step      1019 :  t =     40.760  e = 1.499999185294  wtime =     0.474
[2026-04-01 14:34:17.904] [electrons:W1bVJw] [info] step      1020 :  t =     40.800  e = 1.499999184495  wtime =     0.474
[2026-04-01 14:34:18.377] [electrons:W1bVJw] [info] step      1021 :  t =     40.840  e = 1.499999183695  wtime =     0.474
[2026-04-01 14:34:18.851] [electrons:W1bVJw] [info] step      1022 :  t =     40.880  e = 1.499999182896  wtime =     0.474
[2026-04-01 14:34:19.325] [electrons:W1bVJw] [info] step      1023 :  t =     40.920  e = 1.499999182096  wtime =     0.474
[2026-04-01 14:34:19.798] [electrons:W1bVJw] [info] step      1024 :  t =     40.960  e = 1.499999181297  wtime =     0.474
41.000      11.513396       20.524376       1.49999918      1.000000  
[2026-04-01 14:34:20.273] [electrons:W1bVJw] [info] step      1025 :  t =     41.000  e = 1.499999180497  wtime =     0.475
[2026-04-01 14:34:20.747] [electrons:W1bVJw] [info] step      1026 :  t =     41.040  e = 1.499999179698  wtime =     0.474
[2026-04-01 14:34:21.221] [electrons:W1bVJw] [info] step      1027 :  t =     41.080  e = 1.499999178898  wtime =     0.474
[2026-04-01 14:34:21.695] [electrons:W1bVJw] [info] step      1028 :  t =     41.120  e = 1.499999178099  wtime =     0.474
[2026-04-01 14:34:22.170] [electrons:W1bVJw] [info] step      1029 :  t =     41.160  e = 1.499999177299  wtime =     0.475
[2026-04-01 14:34:22.645] [electrons:W1bVJw] [info] step      1030 :  t =     41.200  e = 1.499999176500  wtime =     0.476
[2026-04-01 14:34:23.119] [electrons:W1bVJw] [info] step      1031 :  t =     41.240  e = 1.499999175700  wtime =     0.474
[2026-04-01 14:34:23.593] [electrons:W1bVJw] [info] step      1032 :  t =     41.280  e = 1.499999174901  wtime =     0.474
[2026-04-01 14:34:24.066] [electrons:W1bVJw] [info] step      1033 :  t =     41.320  e = 1.499999174101  wtime =     0.474
[2026-04-01 14:34:24.540] [electrons:W1bVJw] [info] step      1034 :  t =     41.360  e = 1.499999173302  wtime =     0.474
[2026-04-01 14:34:25.014] [electrons:W1bVJw] [info] step      1035 :  t =     41.400  e = 1.499999172502  wtime =     0.474
[2026-04-01 14:34:25.487] [electrons:W1bVJw] [info] step      1036 :  t =     41.440  e = 1.499999171703  wtime =     0.474
[2026-04-01 14:34:25.961] [electrons:W1bVJw] [info] step      1037 :  t =     41.480  e = 1.499999170903  wtime =     0.474
[2026-04-01 14:34:26.435] [electrons:W1bVJw] [info] step      1038 :  t =     41.520  e = 1.499999170104  wtime =     0.474
[2026-04-01 14:34:26.908] [electrons:W1bVJw] [info] step      1039 :  t =     41.560  e = 1.499999169304  wtime =     0.474
[2026-04-01 14:34:27.382] [electrons:W1bVJw] [info] step      1040 :  t =     41.600  e = 1.499999168505  wtime =     0.474
[2026-04-01 14:34:27.855] [electrons:W1bVJw] [info] step      1041 :  t =     41.640  e = 1.499999167705  wtime =     0.473
[2026-04-01 14:34:28.329] [electrons:W1bVJw] [info] step      1042 :  t =     41.680  e = 1.499999166906  wtime =     0.474
[2026-04-01 14:34:28.803] [electrons:W1bVJw] [info] step      1043 :  t =     41.720  e = 1.499999166106  wtime =     0.474
[2026-04-01 14:34:29.276] [electrons:W1bVJw] [info] step      1044 :  t =     41.760  e = 1.499999165307  wtime =     0.474
[2026-04-01 14:34:29.750] [electrons:W1bVJw] [info] step      1045 :  t =     41.800  e = 1.499999164507  wtime =     0.474
[2026-04-01 14:34:30.224] [electrons:W1bVJw] [info] step      1046 :  t =     41.840  e = 1.499999163708  wtime =     0.474
[2026-04-01 14:34:30.698] [electrons:W1bVJw] [info] step      1047 :  t =     41.880  e = 1.499999162908  wtime =     0.474
[2026-04-01 14:34:31.171] [electrons:W1bVJw] [info] step      1048 :  t =     41.920  e = 1.499999162109  wtime =     0.474
[2026-04-01 14:34:31.645] [electrons:W1bVJw] [info] step      1049 :  t =     41.960  e = 1.499999161309  wtime =     0.474
42.000      11.662506       21.023796       1.49999916      1.000000  
[2026-04-01 14:34:32.120] [electrons:W1bVJw] [info] step      1050 :  t =     42.000  e = 1.499999160510  wtime =     0.475
[2026-04-01 14:34:32.594] [electrons:W1bVJw] [info] step      1051 :  t =     42.040  e = 1.499999159710  wtime =     0.474
[2026-04-01 14:34:33.067] [electrons:W1bVJw] [info] step      1052 :  t =     42.080  e = 1.499999158911  wtime =     0.474
[2026-04-01 14:34:33.541] [electrons:W1bVJw] [info] step      1053 :  t =     42.120  e = 1.499999158111  wtime =     0.474
[2026-04-01 14:34:34.015] [electrons:W1bVJw] [info] step      1054 :  t =     42.160  e = 1.499999157312  wtime =     0.474
[2026-04-01 14:34:34.489] [electrons:W1bVJw] [info] step      1055 :  t =     42.200  e = 1.499999156512  wtime =     0.474
[2026-04-01 14:34:34.962] [electrons:W1bVJw] [info] step      1056 :  t =     42.240  e = 1.499999155713  wtime =     0.474
[2026-04-01 14:34:35.436] [electrons:W1bVJw] [info] step      1057 :  t =     42.280  e = 1.499999154913  wtime =     0.474
[2026-04-01 14:34:35.909] [electrons:W1bVJw] [info] step      1058 :  t =     42.320  e = 1.499999154114  wtime =     0.474
[2026-04-01 14:34:36.383] [electrons:W1bVJw] [info] step      1059 :  t =     42.360  e = 1.499999153314  wtime =     0.474
[2026-04-01 14:34:36.857] [electrons:W1bVJw] [info] step      1060 :  t =     42.400  e = 1.499999152515  wtime =     0.474
[2026-04-01 14:34:37.331] [electrons:W1bVJw] [info] step      1061 :  t =     42.440  e = 1.499999151715  wtime =     0.474
[2026-04-01 14:34:37.804] [electrons:W1bVJw] [info] step      1062 :  t =     42.480  e = 1.499999150916  wtime =     0.474
[2026-04-01 14:34:38.278] [electrons:W1bVJw] [info] step      1063 :  t =     42.520  e = 1.499999150116  wtime =     0.474
[2026-04-01 14:34:38.752] [electrons:W1bVJw] [info] step      1064 :  t =     42.560  e = 1.499999149317  wtime =     0.474
[2026-04-01 14:34:39.225] [electrons:W1bVJw] [info] step      1065 :  t =     42.600  e = 1.499999148517  wtime =     0.474
[2026-04-01 14:34:39.699] [electrons:W1bVJw] [info] step      1066 :  t =     42.640  e = 1.499999147718  wtime =     0.474
[2026-04-01 14:34:40.173] [electrons:W1bVJw] [info] step      1067 :  t =     42.680  e = 1.499999146918  wtime =     0.474
[2026-04-01 14:34:40.646] [electrons:W1bVJw] [info] step      1068 :  t =     42.720  e = 1.499999146119  wtime =     0.474
[2026-04-01 14:34:41.120] [electrons:W1bVJw] [info] step      1069 :  t =     42.760  e = 1.499999145319  wtime =     0.474
[2026-04-01 14:34:41.594] [electrons:W1bVJw] [info] step      1070 :  t =     42.800  e = 1.499999144520  wtime =     0.474
[2026-04-01 14:34:42.067] [electrons:W1bVJw] [info] step      1071 :  t =     42.840  e = 1.499999143720  wtime =     0.474
[2026-04-01 14:34:42.541] [electrons:W1bVJw] [info] step      1072 :  t =     42.880  e = 1.499999142921  wtime =     0.474
[2026-04-01 14:34:43.015] [electrons:W1bVJw] [info] step      1073 :  t =     42.920  e = 1.499999142121  wtime =     0.474
[2026-04-01 14:34:43.488] [electrons:W1bVJw] [info] step      1074 :  t =     42.960  e = 1.499999141322  wtime =     0.474
43.000      11.562208       21.523243       1.49999914      1.000000  
[2026-04-01 14:34:43.963] [electrons:W1bVJw] [info] step      1075 :  t =     43.000  e = 1.499999140522  wtime =     0.475
[2026-04-01 14:34:44.437] [electrons:W1bVJw] [info] step      1076 :  t =     43.040  e = 1.499999139723  wtime =     0.474
[2026-04-01 14:34:44.911] [electrons:W1bVJw] [info] step      1077 :  t =     43.080  e = 1.499999138923  wtime =     0.474
[2026-04-01 14:34:45.385] [electrons:W1bVJw] [info] step      1078 :  t =     43.120  e = 1.499999138124  wtime =     0.474
[2026-04-01 14:34:45.858] [electrons:W1bVJw] [info] step      1079 :  t =     43.160  e = 1.499999137324  wtime =     0.474
[2026-04-01 14:34:46.332] [electrons:W1bVJw] [info] step      1080 :  t =     43.200  e = 1.499999136525  wtime =     0.474
[2026-04-01 14:34:46.806] [electrons:W1bVJw] [info] step      1081 :  t =     43.240  e = 1.499999135725  wtime =     0.474
[2026-04-01 14:34:47.279] [electrons:W1bVJw] [info] step      1082 :  t =     43.280  e = 1.499999134926  wtime =     0.473
[2026-04-01 14:34:47.753] [electrons:W1bVJw] [info] step      1083 :  t =     43.320  e = 1.499999134126  wtime =     0.474
[2026-04-01 14:34:48.226] [electrons:W1bVJw] [info] step      1084 :  t =     43.360  e = 1.499999133327  wtime =     0.474
[2026-04-01 14:34:48.700] [electrons:W1bVJw] [info] step      1085 :  t =     43.400  e = 1.499999132527  wtime =     0.474
[2026-04-01 14:34:49.174] [electrons:W1bVJw] [info] step      1086 :  t =     43.440  e = 1.499999131728  wtime =     0.474
[2026-04-01 14:34:49.647] [electrons:W1bVJw] [info] step      1087 :  t =     43.480  e = 1.499999130928  wtime =     0.474
[2026-04-01 14:34:50.121] [electrons:W1bVJw] [info] step      1088 :  t =     43.520  e = 1.499999130129  wtime =     0.474
[2026-04-01 14:34:50.595] [electrons:W1bVJw] [info] step      1089 :  t =     43.560  e = 1.499999129329  wtime =     0.474
[2026-04-01 14:34:51.068] [electrons:W1bVJw] [info] step      1090 :  t =     43.600  e = 1.499999128530  wtime =     0.474
[2026-04-01 14:34:51.542] [electrons:W1bVJw] [info] step      1091 :  t =     43.640  e = 1.499999127730  wtime =     0.474
[2026-04-01 14:34:52.016] [electrons:W1bVJw] [info] step      1092 :  t =     43.680  e = 1.499999126931  wtime =     0.474
[2026-04-01 14:34:52.490] [electrons:W1bVJw] [info] step      1093 :  t =     43.720  e = 1.499999126131  wtime =     0.474
[2026-04-01 14:34:52.963] [electrons:W1bVJw] [info] step      1094 :  t =     43.760  e = 1.499999125332  wtime =     0.474
[2026-04-01 14:34:53.437] [electrons:W1bVJw] [info] step      1095 :  t =     43.800  e = 1.499999124532  wtime =     0.474
[2026-04-01 14:34:53.911] [electrons:W1bVJw] [info] step      1096 :  t =     43.840  e = 1.499999123733  wtime =     0.474
[2026-04-01 14:34:54.384] [electrons:W1bVJw] [info] step      1097 :  t =     43.880  e = 1.499999122933  wtime =     0.474
[2026-04-01 14:34:54.858] [electrons:W1bVJw] [info] step      1098 :  t =     43.920  e = 1.499999122134  wtime =     0.474
[2026-04-01 14:34:55.332] [electrons:W1bVJw] [info] step      1099 :  t =     43.960  e = 1.499999121334  wtime =     0.474
44.000      11.468705       22.022716       1.49999912      1.000000  
[2026-04-01 14:34:55.806] [electrons:W1bVJw] [info] step      1100 :  t =     44.000  e = 1.499999120535  wtime =     0.475
[2026-04-01 14:34:56.280] [electrons:W1bVJw] [info] step      1101 :  t =     44.040  e = 1.499999119735  wtime =     0.474
[2026-04-01 14:34:56.754] [electrons:W1bVJw] [info] step      1102 :  t =     44.080  e = 1.499999118936  wtime =     0.474
[2026-04-01 14:34:57.227] [electrons:W1bVJw] [info] step      1103 :  t =     44.120  e = 1.499999118136  wtime =     0.474
[2026-04-01 14:34:57.701] [electrons:W1bVJw] [info] step      1104 :  t =     44.160  e = 1.499999117337  wtime =     0.474
[2026-04-01 14:34:58.175] [electrons:W1bVJw] [info] step      1105 :  t =     44.200  e = 1.499999116537  wtime =     0.474
[2026-04-01 14:34:58.649] [electrons:W1bVJw] [info] step      1106 :  t =     44.240  e = 1.499999115738  wtime =     0.474
[2026-04-01 14:34:59.122] [electrons:W1bVJw] [info] step      1107 :  t =     44.280  e = 1.499999114938  wtime =     0.474
[2026-04-01 14:34:59.596] [electrons:W1bVJw] [info] step      1108 :  t =     44.320  e = 1.499999114139  wtime =     0.474
[2026-04-01 14:35:00.070] [electrons:W1bVJw] [info] step      1109 :  t =     44.360  e = 1.499999113339  wtime =     0.474
[2026-04-01 14:35:00.543] [electrons:W1bVJw] [info] step      1110 :  t =     44.400  e = 1.499999112540  wtime =     0.474
[2026-04-01 14:35:01.017] [electrons:W1bVJw] [info] step      1111 :  t =     44.440  e = 1.499999111740  wtime =     0.474
[2026-04-01 14:35:01.491] [electrons:W1bVJw] [info] step      1112 :  t =     44.480  e = 1.499999110941  wtime =     0.474
[2026-04-01 14:35:01.964] [electrons:W1bVJw] [info] step      1113 :  t =     44.520  e = 1.499999110141  wtime =     0.474
[2026-04-01 14:35:02.438] [electrons:W1bVJw] [info] step      1114 :  t =     44.560  e = 1.499999109342  wtime =     0.474
[2026-04-01 14:35:02.913] [electrons:W1bVJw] [info] step      1115 :  t =     44.600  e = 1.499999108542  wtime =     0.475
[2026-04-01 14:35:03.388] [electrons:W1bVJw] [info] step      1116 :  t =     44.640  e = 1.499999107743  wtime =     0.475
[2026-04-01 14:35:03.863] [electrons:W1bVJw] [info] step      1117 :  t =     44.680  e = 1.499999106943  wtime =     0.475
[2026-04-01 14:35:04.337] [electrons:W1bVJw] [info] step      1118 :  t =     44.720  e = 1.499999106144  wtime =     0.474
[2026-04-01 14:35:04.811] [electrons:W1bVJw] [info] step      1119 :  t =     44.760  e = 1.499999105344  wtime =     0.474
[2026-04-01 14:35:05.285] [electrons:W1bVJw] [info] step      1120 :  t =     44.800  e = 1.499999104545  wtime =     0.474
[2026-04-01 14:35:05.759] [electrons:W1bVJw] [info] step      1121 :  t =     44.840  e = 1.499999103745  wtime =     0.474
[2026-04-01 14:35:06.233] [electrons:W1bVJw] [info] step      1122 :  t =     44.880  e = 1.499999102946  wtime =     0.474
[2026-04-01 14:35:06.707] [electrons:W1bVJw] [info] step      1123 :  t =     44.920  e = 1.499999102146  wtime =     0.474
[2026-04-01 14:35:07.180] [electrons:W1bVJw] [info] step      1124 :  t =     44.960  e = 1.499999101347  wtime =     0.474
45.000      11.514768       22.522211       1.49999910      1.000000  
[2026-04-01 14:35:07.655] [electrons:W1bVJw] [info] step      1125 :  t =     45.000  e = 1.499999100547  wtime =     0.475
[2026-04-01 14:35:08.129] [electrons:W1bVJw] [info] step      1126 :  t =     45.040  e = 1.499999099748  wtime =     0.474
[2026-04-01 14:35:08.603] [electrons:W1bVJw] [info] step      1127 :  t =     45.080  e = 1.499999098948  wtime =     0.474
[2026-04-01 14:35:09.076] [electrons:W1bVJw] [info] step      1128 :  t =     45.120  e = 1.499999098149  wtime =     0.474
[2026-04-01 14:35:09.550] [electrons:W1bVJw] [info] step      1129 :  t =     45.160  e = 1.499999097349  wtime =     0.474
[2026-04-01 14:35:10.024] [electrons:W1bVJw] [info] step      1130 :  t =     45.200  e = 1.499999096550  wtime =     0.474
[2026-04-01 14:35:10.497] [electrons:W1bVJw] [info] step      1131 :  t =     45.240  e = 1.499999095750  wtime =     0.474
[2026-04-01 14:35:10.971] [electrons:W1bVJw] [info] step      1132 :  t =     45.280  e = 1.499999094951  wtime =     0.474
[2026-04-01 14:35:11.445] [electrons:W1bVJw] [info] step      1133 :  t =     45.320  e = 1.499999094151  wtime =     0.474
[2026-04-01 14:35:11.919] [electrons:W1bVJw] [info] step      1134 :  t =     45.360  e = 1.499999093352  wtime =     0.474
[2026-04-01 14:35:12.392] [electrons:W1bVJw] [info] step      1135 :  t =     45.400  e = 1.499999092552  wtime =     0.474
[2026-04-01 14:35:12.867] [electrons:W1bVJw] [info] step      1136 :  t =     45.440  e = 1.499999091753  wtime =     0.474
[2026-04-01 14:35:13.340] [electrons:W1bVJw] [info] step      1137 :  t =     45.480  e = 1.499999090953  wtime =     0.474
[2026-04-01 14:35:13.814] [electrons:W1bVJw] [info] step      1138 :  t =     45.520  e = 1.499999090154  wtime =     0.474
[2026-04-01 14:35:14.288] [electrons:W1bVJw] [info] step      1139 :  t =     45.560  e = 1.499999089354  wtime =     0.474
[2026-04-01 14:35:14.762] [electrons:W1bVJw] [info] step      1140 :  t =     45.600  e = 1.499999088555  wtime =     0.474
[2026-04-01 14:35:15.235] [electrons:W1bVJw] [info] step      1141 :  t =     45.640  e = 1.499999087755  wtime =     0.474
[2026-04-01 14:35:15.709] [electrons:W1bVJw] [info] step      1142 :  t =     45.680  e = 1.499999086956  wtime =     0.474
[2026-04-01 14:35:16.183] [electrons:W1bVJw] [info] step      1143 :  t =     45.720  e = 1.499999086156  wtime =     0.474
[2026-04-01 14:35:16.656] [electrons:W1bVJw] [info] step      1144 :  t =     45.760  e = 1.499999085357  wtime =     0.474
[2026-04-01 14:35:17.130] [electrons:W1bVJw] [info] step      1145 :  t =     45.800  e = 1.499999084557  wtime =     0.474
[2026-04-01 14:35:17.604] [electrons:W1bVJw] [info] step      1146 :  t =     45.840  e = 1.499999083758  wtime =     0.474
[2026-04-01 14:35:18.078] [electrons:W1bVJw] [info] step      1147 :  t =     45.880  e = 1.499999082958  wtime =     0.474
[2026-04-01 14:35:18.551] [electrons:W1bVJw] [info] step      1148 :  t =     45.920  e = 1.499999082159  wtime =     0.474
[2026-04-01 14:35:19.025] [electrons:W1bVJw] [info] step      1149 :  t =     45.960  e = 1.499999081359  wtime =     0.474
46.000      11.576943       23.021729       1.49999908      1.000000  
[2026-04-01 14:35:19.500] [electrons:W1bVJw] [info] step      1150 :  t =     46.000  e = 1.499999080560  wtime =     0.475
[2026-04-01 14:35:19.974] [electrons:W1bVJw] [info] step      1151 :  t =     46.040  e = 1.499999079760  wtime =     0.474
[2026-04-01 14:35:20.448] [electrons:W1bVJw] [info] step      1152 :  t =     46.080  e = 1.499999078961  wtime =     0.474
[2026-04-01 14:35:20.922] [electrons:W1bVJw] [info] step      1153 :  t =     46.120  e = 1.499999078161  wtime =     0.474
[2026-04-01 14:35:21.395] [electrons:W1bVJw] [info] step      1154 :  t =     46.160  e = 1.499999077362  wtime =     0.474
[2026-04-01 14:35:21.869] [electrons:W1bVJw] [info] step      1155 :  t =     46.200  e = 1.499999076562  wtime =     0.474
[2026-04-01 14:35:22.343] [electrons:W1bVJw] [info] step      1156 :  t =     46.240  e = 1.499999075763  wtime =     0.474
[2026-04-01 14:35:22.817] [electrons:W1bVJw] [info] step      1157 :  t =     46.280  e = 1.499999074963  wtime =     0.474
[2026-04-01 14:35:23.290] [electrons:W1bVJw] [info] step      1158 :  t =     46.320  e = 1.499999074164  wtime =     0.474
[2026-04-01 14:35:23.764] [electrons:W1bVJw] [info] step      1159 :  t =     46.360  e = 1.499999073364  wtime =     0.474
[2026-04-01 14:35:24.238] [electrons:W1bVJw] [info] step      1160 :  t =     46.400  e = 1.499999072565  wtime =     0.474
[2026-04-01 14:35:24.712] [electrons:W1bVJw] [info] step      1161 :  t =     46.440  e = 1.499999071765  wtime =     0.474
[2026-04-01 14:35:25.185] [electrons:W1bVJw] [info] step      1162 :  t =     46.480  e = 1.499999070966  wtime =     0.474
[2026-04-01 14:35:25.659] [electrons:W1bVJw] [info] step      1163 :  t =     46.520  e = 1.499999070166  wtime =     0.474
[2026-04-01 14:35:26.133] [electrons:W1bVJw] [info] step      1164 :  t =     46.560  e = 1.499999069367  wtime =     0.474
[2026-04-01 14:35:26.606] [electrons:W1bVJw] [info] step      1165 :  t =     46.600  e = 1.499999068567  wtime =     0.474
[2026-04-01 14:35:27.080] [electrons:W1bVJw] [info] step      1166 :  t =     46.640  e = 1.499999067768  wtime =     0.474
[2026-04-01 14:35:27.554] [electrons:W1bVJw] [info] step      1167 :  t =     46.680  e = 1.499999066968  wtime =     0.474
[2026-04-01 14:35:28.028] [electrons:W1bVJw] [info] step      1168 :  t =     46.720  e = 1.499999066169  wtime =     0.474
[2026-04-01 14:35:28.502] [electrons:W1bVJw] [info] step      1169 :  t =     46.760  e = 1.499999065369  wtime =     0.474
[2026-04-01 14:35:28.975] [electrons:W1bVJw] [info] step      1170 :  t =     46.800  e = 1.499999064570  wtime =     0.474
[2026-04-01 14:35:29.449] [electrons:W1bVJw] [info] step      1171 :  t =     46.840  e = 1.499999063770  wtime =     0.474
[2026-04-01 14:35:29.923] [electrons:W1bVJw] [info] step      1172 :  t =     46.880  e = 1.499999062971  wtime =     0.474
[2026-04-01 14:35:30.396] [electrons:W1bVJw] [info] step      1173 :  t =     46.920  e = 1.499999062171  wtime =     0.474
[2026-04-01 14:35:30.870] [electrons:W1bVJw] [info] step      1174 :  t =     46.960  e = 1.499999061372  wtime =     0.474
47.000      11.541832       23.521267       1.49999906      1.000000  
[2026-04-01 14:35:31.345] [electrons:W1bVJw] [info] step      1175 :  t =     47.000  e = 1.499999060572  wtime =     0.475
[2026-04-01 14:35:31.819] [electrons:W1bVJw] [info] step      1176 :  t =     47.040  e = 1.499999059773  wtime =     0.474
[2026-04-01 14:35:32.292] [electrons:W1bVJw] [info] step      1177 :  t =     47.080  e = 1.499999058973  wtime =     0.474
[2026-04-01 14:35:32.766] [electrons:W1bVJw] [info] step      1178 :  t =     47.120  e = 1.499999058174  wtime =     0.474
[2026-04-01 14:35:33.240] [electrons:W1bVJw] [info] step      1179 :  t =     47.160  e = 1.499999057374  wtime =     0.474
[2026-04-01 14:35:33.715] [electrons:W1bVJw] [info] step      1180 :  t =     47.200  e = 1.499999056575  wtime =     0.475
[2026-04-01 14:35:34.190] [electrons:W1bVJw] [info] step      1181 :  t =     47.240  e = 1.499999055775  wtime =     0.475
[2026-04-01 14:35:34.665] [electrons:W1bVJw] [info] step      1182 :  t =     47.280  e = 1.499999054976  wtime =     0.475
[2026-04-01 14:35:35.138] [electrons:W1bVJw] [info] step      1183 :  t =     47.320  e = 1.499999054176  wtime =     0.474
[2026-04-01 14:35:35.612] [electrons:W1bVJw] [info] step      1184 :  t =     47.360  e = 1.499999053377  wtime =     0.474
[2026-04-01 14:35:36.086] [electrons:W1bVJw] [info] step      1185 :  t =     47.400  e = 1.499999052577  wtime =     0.474
[2026-04-01 14:35:36.559] [electrons:W1bVJw] [info] step      1186 :  t =     47.440  e = 1.499999051778  wtime =     0.474
[2026-04-01 14:35:37.033] [electrons:W1bVJw] [info] step      1187 :  t =     47.480  e = 1.499999050978  wtime =     0.474
[2026-04-01 14:35:37.507] [electrons:W1bVJw] [info] step      1188 :  t =     47.520  e = 1.499999050179  wtime =     0.474
[2026-04-01 14:35:37.981] [electrons:W1bVJw] [info] step      1189 :  t =     47.560  e = 1.499999049379  wtime =     0.474
[2026-04-01 14:35:38.455] [electrons:W1bVJw] [info] step      1190 :  t =     47.600  e = 1.499999048580  wtime =     0.474
[2026-04-01 14:35:38.928] [electrons:W1bVJw] [info] step      1191 :  t =     47.640  e = 1.499999047780  wtime =     0.474
[2026-04-01 14:35:39.402] [electrons:W1bVJw] [info] step      1192 :  t =     47.680  e = 1.499999046981  wtime =     0.474
[2026-04-01 14:35:39.876] [electrons:W1bVJw] [info] step      1193 :  t =     47.720  e = 1.499999046181  wtime =     0.474
[2026-04-01 14:35:40.349] [electrons:W1bVJw] [info] step      1194 :  t =     47.760  e = 1.499999045382  wtime =     0.474
[2026-04-01 14:35:40.823] [electrons:W1bVJw] [info] step      1195 :  t =     47.800  e = 1.499999044582  wtime =     0.474
[2026-04-01 14:35:41.297] [electrons:W1bVJw] [info] step      1196 :  t =     47.840  e = 1.499999043783  wtime =     0.474
[2026-04-01 14:35:41.773] [electrons:W1bVJw] [info] step      1197 :  t =     47.880  e = 1.499999042983  wtime =     0.476
[2026-04-01 14:35:42.250] [electrons:W1bVJw] [info] step      1198 :  t =     47.920  e = 1.499999042184  wtime =     0.477
[2026-04-01 14:35:42.727] [electrons:W1bVJw] [info] step      1199 :  t =     47.960  e = 1.499999041384  wtime =     0.477
48.000      11.435724       24.020824       1.49999904      1.000000  
[2026-04-01 14:35:43.206] [electrons:W1bVJw] [info] step      1200 :  t =     48.000  e = 1.499999040585  wtime =     0.479
[2026-04-01 14:35:43.683] [electrons:W1bVJw] [info] step      1201 :  t =     48.040  e = 1.499999039785  wtime =     0.477
[2026-04-01 14:35:44.158] [electrons:W1bVJw] [info] step      1202 :  t =     48.080  e = 1.499999038986  wtime =     0.475
[2026-04-01 14:35:44.632] [electrons:W1bVJw] [info] step      1203 :  t =     48.120  e = 1.499999038186  wtime =     0.474
[2026-04-01 14:35:45.106] [electrons:W1bVJw] [info] step      1204 :  t =     48.160  e = 1.499999037387  wtime =     0.474
[2026-04-01 14:35:45.580] [electrons:W1bVJw] [info] step      1205 :  t =     48.200  e = 1.499999036587  wtime =     0.474
[2026-04-01 14:35:46.053] [electrons:W1bVJw] [info] step      1206 :  t =     48.240  e = 1.499999035788  wtime =     0.474
[2026-04-01 14:35:46.527] [electrons:W1bVJw] [info] step      1207 :  t =     48.280  e = 1.499999034988  wtime =     0.474
[2026-04-01 14:35:47.001] [electrons:W1bVJw] [info] step      1208 :  t =     48.320  e = 1.499999034189  wtime =     0.474
[2026-04-01 14:35:47.475] [electrons:W1bVJw] [info] step      1209 :  t =     48.360  e = 1.499999033389  wtime =     0.474
[2026-04-01 14:35:47.948] [electrons:W1bVJw] [info] step      1210 :  t =     48.400  e = 1.499999032590  wtime =     0.474
[2026-04-01 14:35:48.422] [electrons:W1bVJw] [info] step      1211 :  t =     48.440  e = 1.499999031790  wtime =     0.474
[2026-04-01 14:35:48.896] [electrons:W1bVJw] [info] step      1212 :  t =     48.480  e = 1.499999030991  wtime =     0.474
[2026-04-01 14:35:49.370] [electrons:W1bVJw] [info] step      1213 :  t =     48.520  e = 1.499999030191  wtime =     0.474
[2026-04-01 14:35:49.843] [electrons:W1bVJw] [info] step      1214 :  t =     48.560  e = 1.499999029392  wtime =     0.474
[2026-04-01 14:35:50.317] [electrons:W1bVJw] [info] step      1215 :  t =     48.600  e = 1.499999028592  wtime =     0.474
[2026-04-01 14:35:50.791] [electrons:W1bVJw] [info] step      1216 :  t =     48.640  e = 1.499999027793  wtime =     0.474
[2026-04-01 14:35:51.265] [electrons:W1bVJw] [info] step      1217 :  t =     48.680  e = 1.499999026993  wtime =     0.474
[2026-04-01 14:35:51.738] [electrons:W1bVJw] [info] step      1218 :  t =     48.720  e = 1.499999026194  wtime =     0.474
[2026-04-01 14:35:52.212] [electrons:W1bVJw] [info] step      1219 :  t =     48.760  e = 1.499999025394  wtime =     0.474
[2026-04-01 14:35:52.686] [electrons:W1bVJw] [info] step      1220 :  t =     48.800  e = 1.499999024595  wtime =     0.474
[2026-04-01 14:35:53.160] [electrons:W1bVJw] [info] step      1221 :  t =     48.840  e = 1.499999023795  wtime =     0.474
[2026-04-01 14:35:53.633] [electrons:W1bVJw] [info] step      1222 :  t =     48.880  e = 1.499999022996  wtime =     0.474
[2026-04-01 14:35:54.107] [electrons:W1bVJw] [info] step      1223 :  t =     48.920  e = 1.499999022196  wtime =     0.474
[2026-04-01 14:35:54.581] [electrons:W1bVJw] [info] step      1224 :  t =     48.960  e = 1.499999021397  wtime =     0.474
49.000      11.404266       24.520400       1.49999902      1.000000  
[2026-04-01 14:35:55.055] [electrons:W1bVJw] [info] step      1225 :  t =     49.000  e = 1.499999020597  wtime =     0.475
[2026-04-01 14:35:55.529] [electrons:W1bVJw] [info] step      1226 :  t =     49.040  e = 1.499999019798  wtime =     0.474
[2026-04-01 14:35:56.003] [electrons:W1bVJw] [info] step      1227 :  t =     49.080  e = 1.499999018998  wtime =     0.474
[2026-04-01 14:35:56.477] [electrons:W1bVJw] [info] step      1228 :  t =     49.120  e = 1.499999018199  wtime =     0.474
[2026-04-01 14:35:56.951] [electrons:W1bVJw] [info] step      1229 :  t =     49.160  e = 1.499999017399  wtime =     0.474
[2026-04-01 14:35:57.424] [electrons:W1bVJw] [info] step      1230 :  t =     49.200  e = 1.499999016600  wtime =     0.474
[2026-04-01 14:35:57.898] [electrons:W1bVJw] [info] step      1231 :  t =     49.240  e = 1.499999015800  wtime =     0.474
[2026-04-01 14:35:58.372] [electrons:W1bVJw] [info] step      1232 :  t =     49.280  e = 1.499999015001  wtime =     0.474
[2026-04-01 14:35:58.845] [electrons:W1bVJw] [info] step      1233 :  t =     49.320  e = 1.499999014201  wtime =     0.474
[2026-04-01 14:35:59.319] [electrons:W1bVJw] [info] step      1234 :  t =     49.360  e = 1.499999013402  wtime =     0.474
[2026-04-01 14:35:59.793] [electrons:W1bVJw] [info] step      1235 :  t =     49.400  e = 1.499999012603  wtime =     0.474
[2026-04-01 14:36:00.267] [electrons:W1bVJw] [info] step      1236 :  t =     49.440  e = 1.499999011803  wtime =     0.474
[2026-04-01 14:36:00.740] [electrons:W1bVJw] [info] step      1237 :  t =     49.480  e = 1.499999011004  wtime =     0.474
[2026-04-01 14:36:01.214] [electrons:W1bVJw] [info] step      1238 :  t =     49.520  e = 1.499999010204  wtime =     0.474
[2026-04-01 14:36:01.688] [electrons:W1bVJw] [info] step      1239 :  t =     49.560  e = 1.499999009405  wtime =     0.474
[2026-04-01 14:36:02.162] [electrons:W1bVJw] [info] step      1240 :  t =     49.600  e = 1.499999008605  wtime =     0.473
[2026-04-01 14:36:02.635] [electrons:W1bVJw] [info] step      1241 :  t =     49.640  e = 1.499999007806  wtime =     0.474
[2026-04-01 14:36:03.109] [electrons:W1bVJw] [info] step      1242 :  t =     49.680  e = 1.499999007006  wtime =     0.474
[2026-04-01 14:36:03.583] [electrons:W1bVJw] [info] step      1243 :  t =     49.720  e = 1.499999006207  wtime =     0.474
[2026-04-01 14:36:04.057] [electrons:W1bVJw] [info] step      1244 :  t =     49.760  e = 1.499999005407  wtime =     0.474
[2026-04-01 14:36:04.531] [electrons:W1bVJw] [info] step      1245 :  t =     49.800  e = 1.499999004608  wtime =     0.474
[2026-04-01 14:36:05.005] [electrons:W1bVJw] [info] step      1246 :  t =     49.840  e = 1.499999003808  wtime =     0.474
[2026-04-01 14:36:05.479] [electrons:W1bVJw] [info] step      1247 :  t =     49.880  e = 1.499999003009  wtime =     0.474
[2026-04-01 14:36:05.952] [electrons:W1bVJw] [info] step      1248 :  t =     49.920  e = 1.499999002209  wtime =     0.474
[2026-04-01 14:36:06.426] [electrons:W1bVJw] [info] step      1249 :  t =     49.960  e = 1.499999001410  wtime =     0.474
50.000      11.520249       25.019992       1.49999900      1.000000  
[2026-04-01 14:36:06.901] [electrons:W1bVJw] [info] step      1250 :  t =     50.000  e = 1.499999000610  wtime =     0.475
[2026-04-01 14:36:06.901] [electrons:W1bVJw] [trace] real-time propagation ended normally

══════════════════════════════════════════════════════
  Simulation complete.
  Total time propagated : 50.0 atu
  Snapshots written     : 51
  T_rev (L²/π)          : 509.30 atu  (no revival in window)

  Next steps:
    python3 analysis/plot_spreading.py   # σ(t) figure
    python3 analysis/make_video.py        # spreading video
══════════════════════════════════════════════════════

