step,time_au,energy_total,energy_kinetic,energy_hartree,energy_xc,energy_external,energy_nonlocal,energy_ion,energy_ion_kinetic,energy_exact_exchange,energy_nvxc,energy_eigenvalues,current_x,current_y,current_z,density_l2
0,0,212.322077568842,11.129438474604,-228.64374745588,-14.3041241827241,444.140510732842,0,0,0,0,-18.5954332512974,-20.6129789556099,-3.82435338528424e-05,0.000140983568388588,-1.99950260551382,0
1,0.04,212.322018706034,11.1325627489149,-228.613309072847,-14.2966766873822,444.099441717348,0,0,0,0,-18.58558605452,-20.5801974104017,-3.79741274406974e-05,0.000141252963814887,-2.02000262140495,0.0127680982003337
2,0.08,212.321956350743,11.1412032741138,-228.601605117903,-14.2760156338492,444.058373828381,0,0,0,0,-18.5582562987027,-20.5618850022935,-3.75389526571046e-05,0.000141688128014776,-2.04049051120638,0.0495216389283386
3,0.12,212.321907807301,11.1535242409545,-228.602762839274,-14.246160974696,444.017307380317,0,0,0,0,-18.5187839421098,-20.553471819061,-3.74156621723624e-05,0.000141811408380761,-2.06096561412549,0.103894028594009
4,0.16,212.321861889377,11.1676263578258,-228.610392063804,-14.2116149183302,443.976242513685,0,0,0,0,-18.4731314350008,-20.5500391617999,-3.75580322951922e-05,0.000141669028657843,-2.08144061260026,0.165862447112677
5,0.2,212.32181840253,11.1820186764218,-228.619395850364,-14.1759835217516,443.935179098224,0,0,0,0,-18.426070269182,-20.5476556964195,-3.77145206491766e-05,0.000141512531159968,-2.10192148019331,0.226642974350927
6,0.24,212.321778073804,11.1957545377834,-228.626515414165,-14.1415780131885,443.894116963374,0,0,0,0,-18.3806626271189,-20.5438128086686,-3.77888909928851e-05,0.000141438152029466,-2.12240484671651,0.281027663549047
7,0.28,212.321733563825,11.2083531413842,-228.630069812892,-14.1096057392587,443.853055974592,0,0,0,0,-18.3385097540171,-20.5372307297876,-3.78023197261393e-05,0.00014142471476688,-2.14288510471076,0.326944216235935
8,0.32,212.321689741152,11.2196525727875,-228.629426353359,-14.0805325501313,443.811996071855,0,0,0,0,-18.3002206208409,-20.5274149598567,-3.7791533940143e-05,0.000141435492314564,-2.16335695809496,0.364241891048568
9,0.36,212.321644076904,11.2296626629359,-228.624553548688,-14.0544022645563,443.770937227213,0,0,0,0,-18.2658493320286,-20.5143467783958,-3.77788902199724e-05,0.000141448128052507,-2.18381839701045,0.393704685545683
10,0.4,212.321599469563,11.2384766136339,-228.6157187869,-14.0310377713523,443.729879414181,0,0,0,0,-18.2351431407147,-20.4982150009951,-3.77685614857212e-05,0.000141458448916521,-2.204267492948,0.416591276711988
11,0.44,212.321553893473,11.2462264332024,-228.603310992553,-14.0101841671617,443.688822619986,0,0,0,0,-18.2077552661054,-20.4793186719209,-3.77615456625839e-05,0.000141465456819782,-2.224702747869,0.434314347842497
12,0.48,212.321507658165,11.2530444208867,-228.587747515814,-13.9915560761387,443.647766829231,0,0,0,0,-18.1833056315624,-20.4579801096548,-3.77568673931063e-05,0.000141470127084764,-2.24512328830481,0.448130895887744
13,0.52,212.321460726383,11.259056806803,-228.569426890865,-13.9748812150497,443.606712025495,0,0,0,0,-18.1614328213572,-20.4345087373838,-3.77532206895603e-05,0.000141473765760128,-2.26552782264251,0.458990656836099
14,0.56,212.321413142034,11.2643761594307,-228.548709667119,-13.959911544624,443.565658194347,0,0,0,0,-18.1418080402255,-20.4091842929566,-3.77508806186185e-05,0.000141476097812218,-2.28591533313455,0.467561228884799
15,0.6,212.321365294384,11.2690988471232,-228.525912660861,-13.9464262104857,443.524605318607,0,0,0,0,-18.1241388576927,-20.3822516185064,-3.77487707863068e-05,0.000141478199676616,-2.3062846643571,0.474345757326597
16,0.64,212.321316948253,11.2733093005111,-228.501309645076,-13.9342360889342,443.483553381753,0,0,0,0,-18.1081750448545,-20.3539236105718,-3.7747383383945e-05,0.000141479579269241,-2.32663461124579,0.479760689302378
17,0.68,212.321268381293,11.2770778222792,-228.475135423264,-13.9231763836124,443.44250236589,0,0,0,0,-18.093698750982,-20.3243817356921,-3.77462844135561e-05,0.000141480670707865,-2.34696403664717,0.484138379222845
18,0.72,212.321219522778,11.2804648173473,-228.447590470145,-13.9131070759727,443.401452251548,0,0,0,0,-18.0805249942341,-20.2937815723617,-3.77454181400834e-05,0.000141481529791883,-2.36727167753743,0.487716952916477
19,0.76,212.321170351598,11.2835214753757,-228.418845828477,-13.9039083131029,443.360403017803,0,0,0,0,-18.0684955338425,-20.2622557938335,-3.77450425985408e-05,0.000141481898497001,-2.38755635733686,0.490657663015448
20,0.8,212.321120967799,11.2862907483384,-228.38904755424,-13.8954768672746,443.319354640975,0,0,0,0,-18.0574741658197,-20.2299173776411,-3.77446487496086e-05,0.000141482285839305,-2.40781682651257,0.493082528907758
21,0.84,212.321071210092,11.2888099723763,-228.358320567324,-13.8877252898999,443.278307094939,0,0,0,0,-18.0473455570662,-20.196863518918,-3.77447200294299e-05,0.000141482208370352,-2.42805185734303,0.495097738409952
22,0.88,212.321021156775,11.2911103438927,-228.326772042281,-13.8805774952088,443.237260350372,0,0,0,0,-18.0380094218416,-20.1631771127333,-3.77448475723846e-05,0.000141482074960579,-2.44826023181,0.49679164129976
23,0.92,212.320970696734,11.2932190974473,-228.29449418019,-13.8739685952862,443.196214374762,0,0,0,0,-18.0293802678841,-20.1289298660925,-3.77451996831193e-05,0.000141481717309142,-2.4684406918275,0.498227779335725
24,0.96,212.320919774857,11.2951595871598,-228.261566588278,-13.8678423562558,443.155169132231,0,0,0,0,-18.0213840398315,-20.0941836192433,-3.77458136871873e-05,0.000141481098084477,-2.48859203163717,0.49944883346024
25,1,212.320868370179,11.296951877253,-228.228058241919,-13.862149848326,443.114124583172,0,0,0,0,-18.0139563308196,-20.0589918910322,-3.77464413787283e-05,0.000141480465492716,-2.50871299932226,0.500489018936239
26,1.04,212.320816336394,11.2986138104692,-228.194029109299,-13.8568490486949,443.073080683919,0,0,0,0,-18.0070418423962,-20.0234015201037,-3.77474104273746e-05,0.000141479491909039,-2.52880237595708,0.501381115614005
27,1.08,212.320763661714,11.3001606104608,-228.159531530873,-13.8519028042015,443.032037386327,0,0,0,0,-18.0005917080144,-19.9874531452003,-3.77483815693929e-05,0.00014147851664265,-2.54885893761656,0.5021536667128
28,1.12,212.320710213993,11.3016060162883,-228.124611340604,-13.8472791003668,442.990994638676,0,0,0,0,-17.9945638301122,-19.9511826494182,-3.77495806314792e-05,0.00014147731385766,-2.56888144763789,0.502826834402358
29,1.16,212.32065592549,11.3029620630058,-228.089308829668,-13.8429496967297,442.949952388882,0,0,0,0,-17.9889210878979,-19.9146215115046,-3.77509127419117e-05,0.000141475978390713,-2.58886869940272,0.503413772402126
30,1.2,212.320600747498,11.304239469637,-228.053659546485,-13.8388897672783,442.908910591624,0,0,0,0,-17.9836308592084,-19.8777975327106,-3.77523033296399e-05,0.00014147458479047,-2.60881944914621,0.503925925815857
31,1.24,212.320544598797,11.3054480726602,-228.017694973581,-13.8350777186336,442.867869218351,0,0,0,0,-17.9786647751879,-19.8407355017144,-3.77539246387546e-05,0.000141472960801046,-2.62873247531044,0.50437556529938
32,1.28,212.320487522393,11.3065965481838,-227.981443109195,-13.8314941841535,442.826828267557,0,0,0,0,-17.9739974027379,-19.8034573077384,-3.77555371038215e-05,0.000141471345940994,-2.64860653234478,0.504773701055016
33,1.32,212.320429518566,11.3076930712698,-227.944928944196,-13.8281223790741,442.785787770566,0,0,0,0,-17.9696067017778,-19.7659826865863,-3.77573448207437e-05,0.000141469536038542,-2.66844036401207,0.505127727837588
34,1.36,212.320370677633,11.3087450154858,-227.908174871669,-13.8249472557294,442.744747789546,0,0,0,0,-17.9654729199717,-19.7283292368705,-3.77592014998789e-05,0.000141467677340105,-2.68823272314455,0.50544219425196
35,1.4,212.320311099413,11.3097592310537,-227.871201022169,-13.8219555192621,442.70370840979,0,0,0,0,-17.96157860948,-19.6905128368404,-3.7761136668194e-05,0.000141465740299708,-2.7079823341456,0.505721548595703
36,1.44,212.320250866706,11.3107421679917,-227.834025550378,-13.8191354831291,442.662669732221,0,0,0,0,-17.957908435379,-19.6525479104939,-3.77632034567919e-05,0.000141463671758519,-2.72768794640709,0.505971183635117
37,1.48,212.320190123388,11.3116996788554,-227.796664890162,-13.8164765402207,442.621631874915,0,0,0,0,-17.9544484844615,-19.6144474421752,-3.77652668330014e-05,0.000141461606710883,-2.74734828847274,0.506195993244655
38,1.52,212.320128961857,11.3126374322271,-227.759133977417,-13.8139694790125,442.580594986059,0,0,0,0,-17.9511866743374,-19.5762234050112,-3.7767472034169e-05,0.000141459399884392,-2.76696209298234,0.506398989492181
39,1.56,212.320067538747,11.3135606188307,-227.721446453233,-13.8116058900322,442.539559263182,0,0,0,0,-17.948111979013,-19.5378866674145,-3.77696811506317e-05,0.000141457189168617,-2.78652809454879,0.506581845276504
40,1.6,212.320006000263,11.3144741868104,-227.683614830643,-13.8093783254607,442.498524969556,0,0,0,0,-17.9452146348754,-19.4994472809278,-3.77719676972184e-05,0.000141454901015346,-2.80604500586605,0.506746511524537
41,1.64,212.319944478165,11.3153828095441,-227.645650630081,-13.8072801428974,442.457492441599,0,0,0,0,-17.9424859358703,-19.4609145711366,-3.77743122862832e-05,0.000141452554765764,-2.8255115639133,0.506895688643338
42,1.68,212.319883114773,11.3162907275287,-227.607564492063,-13.8053052141738,442.416462093482,0,0,0,0,-17.939917853573,-19.4222971366069,-3.77766654097623e-05,0.000141450199903791,-2.84492648249213,0.507031816217527
43,1.72,212.319821968087,11.3172020011943,-227.569366278041,-13.8034481846911,442.375434429625,0,0,0,0,-17.9375033732296,-19.3836031214537,-3.77791044436737e-05,0.000141447759032471,-2.86428848530951,0.5071562123675
44,1.76,212.319761108557,11.3181202250207,-227.531065177009,-13.8017040112494,442.334410071795,0,0,0,0,-17.9352358918837,-19.3448400854408,-3.77815340883671e-05,0.000141445327428937,-2.88359628359214,0.507269482829156
45,1.8,212.319700563352,11.3190487553978,-227.49266980773,-13.8000681787403,442.293389794425,0,0,0,0,-17.9331094992234,-19.3060152261653,-3.7784025684853e-05,0.000141442833731623,-2.90284855296417,0.507372564567671
46,1.84,212.319640348734,11.319990641162,-227.454188307528,-13.7985365358139,442.252374550913,0,0,0,0,-17.9311187631396,-19.2671353853683,-3.77865330717845e-05,0.000141440324091872,-2.92204396935314,0.50746695940645
47,1.88,212.319580490027,11.3209485350785,-227.415628397923,-13.7971051288277,442.2113654817,0,0,0,0,-17.9292585133283,-19.2282070442665,-3.77890587697664e-05,0.000141437795992247,-2.94118115566018,0.507554008933509
48,1.92,212.319520941397,11.3219248931682,-227.376997430667,-13.7957704301252,442.170363909021,0,0,0,0,-17.9275241372274,-19.1892365175974,-3.77916238416547e-05,0.000141435228360532,-2.96025872559109,0.507634320382045
49,1.96,212.319461661035,11.3229217182038,-227.338302435311,-13.7945289581727,442.129371336315,0,0,0,0,-17.925911085969,-19.1502298118195,-3.77941839795038e-05,0.000141432665493967,-2.97927525472304,0.50770807492754
50,2,212.31940255601,11.3239407857231,-227.299550175444,-13.7933775197919,442.088389465522,0,0,0,0,-17.9244151885927,-19.1111928085684,-3.77967796978231e-05,0.000141430066875904,-2.99822926207369,0.50777574807937
51,2.04,212.319343530886,11.3249835747074,-227.260747210335,-13.7923130591352,442.047420225648,0,0,0,0,-17.9230324553666,-19.0721312319912,-3.77993736812113e-05,0.000141427469816789,-3.017119246917,0.507838244668514
52,2.08,212.319284517106,11.3260512215509,-227.221899944748,-13.7913325561388,442.006465796442,0,0,0,0,-17.9217589456088,-19.0330506385231,-3.7801983541105e-05,0.000141424856698724,-3.03594363299808,0.50789636928573
53,2.12,212.319225413133,11.3271446927341,-227.183014655551,-13.7904332382255,441.965528614175,0,0,0,0,-17.9205910421813,-18.9939565662457,-3.78045996374673e-05,0.000141422237145388,-3.05470082297808,0.507950416656397
54,2.16,212.319166143557,11.3282645458574,-227.144097506327,-13.7896122607496,441.924611364776,0,0,0,0,-17.9195250362744,-18.9548543947266,-3.78072176008003e-05,0.000141419615508821,-3.07338917045902,0.508000396918368
55,2.2,212.319106597418,11.3294111247328,-227.105154565519,-13.7888669420237,441.883716980228,0,0,0,0,-17.9185574323151,-18.9157494948434,-3.78098397366072e-05,0.000141416989466678,-3.09200695894089,0.508046555305954
56,2.24,212.319046667292,11.3305845029082,-227.066191837674,-13.7881946412965,441.842848643354,0,0,0,0,-17.917684789229,-18.8766471841931,-3.78124580877932e-05,0.000141414366949694,-3.11055243723948,0.508089467963705
57,2.28,212.318986280351,11.3317844688501,-227.027215297725,-13.7875926838594,441.802009793085,0,0,0,0,-17.9169036231099,-18.8375527078294,-3.78150745921597e-05,0.000141411746000954,-3.12902375651085,0.508129653255713
58,2.32,212.318925356034,11.3330107105653,-226.988230910489,-13.7870585593086,441.761204115266,0,0,0,0,-17.9162106643132,-18.7984713589614,-3.78176777975859e-05,0.000141409138063918,-3.14741902821586,0.508167264731027
59,2.36,212.318863857368,11.3342626317584,-226.949244632894,-13.7865896591878,441.720435517691,0,0,0,0,-17.9156025168019,-18.7594083515467,-3.78202781494096e-05,0.000141406532700369,-3.16573630825665,0.508202249386255
60,2.4,212.318801731564,11.3355395193029,-226.910262410596,-13.786183482427,441.679708105284,0,0,0,0,-17.9150759246817,-18.7203689375272,-3.78228493920087e-05,0.00014140395618225,-3.18397357995421,0.508234731276477
61,2.44,212.318738932271,11.3368404994122,-226.871290184452,-13.7858375513865,441.639026168697,0,0,0,0,-17.9146276630558,-18.6813583658459,-3.78254145969938e-05,0.000141401385440723,-3.20212879713796,0.508265090894694
62,2.48,212.318675445058,11.3381645137315,-226.832333907468,-13.7855493472318,441.598394186027,0,0,0,0,-17.9142544541612,-18.6423818546156,-3.78279429443216e-05,0.000141398851275928,-3.22019982225595,0.508293680580947
63,2.52,212.318611256673,11.3395104778404,-226.793399557858,-13.785316484467,441.557816821157,0,0,0,0,-17.9139531937038,-18.6034446867233,-3.78304460188336e-05,0.000141396342061073,-3.23818447974859,0.508320588096033
64,2.56,212.318546399996,11.3408771378192,-226.754493138399,-13.7851365056032,441.51729890618,0,0,0,0,-17.9137206843888,-18.5645521030229,-3.78329227739351e-05,0.000141393858807345,-3.25608055095994,0.508345744130269
65,2.6,212.318480906545,11.3422631998529,-226.715620666515,-13.7850070409644,441.476845414172,0,0,0,0,-17.9135538432467,-18.5257093875244,-3.7835343866579e-05,0.000141391430861446,-3.27388575627994,0.508369208049505
66,2.64,212.318414816879,11.3436673068373,-226.676788168639,-13.7849257575255,441.436461436207,0,0,0,0,-17.9134496351517,-18.486921836025,-3.78377531673173e-05,0.000141389014368809,-3.29159779883824,0.508391237141916
67,2.68,212.318348199188,11.3450880161826,-226.638001685143,-13.7848903031999,441.396152171348,0,0,0,0,-17.9134050005857,-18.4481947258546,-3.78400916173275e-05,0.000141386668363022,-3.30921430590924,0.508412079014213
68,2.72,212.318281126189,11.3465239276998,-226.599267277169,-13.7848984464664,441.355922922125,0,0,0,0,-17.9134170367027,-18.4095333872291,-3.78424106867128e-05,0.00014138434130144,-3.3267328716748,0.508431788318249
69,2.76,212.318213711024,11.3479735779806,-226.560591024723,-13.7849479256452,441.315779083412,0,0,0,0,-17.9134828018045,-18.370943120547,-3.78446810577859e-05,0.000141382062453194,-3.34415106224537,0.508450298930302
70,2.8,212.318146072163,11.3494355288983,-226.521979016472,-13.7850365649316,441.275726124667,0,0,0,0,-17.913599465868,-18.3324292558186,-3.78469030997679e-05,0.000141379831470861,-3.36146640142826,0.508467637284251
71,2.84,212.318078338577,11.3509083484132,-226.483437341273,-13.7851622419114,441.235769573349,0,0,0,0,-17.9137642683562,-18.2939971293004,-3.78491223223499e-05,0.000141377602880976,-3.3786764130277,0.5084839810787
72,2.88,212.318010662579,11.3523905901685,-226.444972088303,-13.7853228457279,441.195915006442,0,0,0,0,-17.9139744640028,-18.2556520583122,-3.78512693944909e-05,0.000141375446008993,-3.39577856850535,0.508499507104937
73,2.92,212.317943203108,11.3538808862717,-226.406589349906,-13.7855163784797,441.156168045222,0,0,0,0,-17.9142274542908,-18.2173993908413,-3.78534286868599e-05,0.000141373276479038,-3.41277031573473,0.508514250172677
74,2.96,212.317876151198,11.3553778713591,-226.368295217368,-13.7857408468429,441.11653434405,0,0,0,0,-17.9145206468994,-18.1792444435767,-3.78555261898062e-05,0.000141371168339657,-3.42964908733255,0.508528153506509
75,3,212.31780970218,11.3568802435058,-226.330095769607,-13.7859943460607,441.077019574343,0,0,0,0,-17.9148515646464,-18.141192543371,-3.78576089408731e-05,0.000141369074555292,-3.44641229101859,0.508541228986907
76,3.04,212.317744057931,11.3583867439295,-226.291997063985,-13.7862750339125,441.037629411899,0,0,0,0,-17.9152178116985,-18.1032490080189,-3.78596960223548e-05,0.000141366975881246,-3.46305734973439,0.50855360351441
77,3.08,212.317679436005,11.3598961398926,-226.254005135933,-13.7865811014834,440.998369533528,0,0,0,0,-17.9156170356934,-18.0654191279966,-3.7861735044321e-05,0.000141364924480407,-3.47958165859637,0.508565404433708
78,3.12,212.317616058688,11.3614072889207,-226.216126001624,-13.7869108452466,440.959245616638,0,0,0,0,-17.9160470211971,-18.027708201411,-3.78638254780703e-05,0.000141362820883981,-3.4959826022903,0.508576651852453
79,3.16,212.317554170509,11.3629190785596,-226.178365653127,-13.7872625858791,440.920263330956,0,0,0,0,-17.916505584432,-17.9901214874452,-3.78658558623604e-05,0.00014136077684679,-3.51225756289776,0.508587297659178
80,3.2,212.31749401384,11.3644304676035,-226.14073004606,-13.7876347311617,440.881428323459,0,0,0,0,-17.9169906548566,-17.952664237143,-3.78679254489686e-05,0.000141358693342602,-3.52840391410893,0.508597348281754
81,3.24,212.317435827221,11.3659404673815,-226.103225090614,-13.7880257570131,440.842746207466,0,0,0,0,-17.9175002505638,-17.9153416804555,-3.78699929947703e-05,0.000141356611441245,-3.54441905780556,0.508606898688869
82,3.28,212.317379852677,11.3674481261525,-226.065856654262,-13.788434183495,440.804222564282,0,0,0,0,-17.9180324471665,-17.8781590144105,-3.78720415202803e-05,0.000141354547745944,-3.56030039084031,0.508616041971789
83,3.32,212.317326331444,11.3689525725229,-226.028630569639,-13.7888586218157,440.765862950376,0,0,0,0,-17.9185854387068,-17.8411214290956,-3.78741509754096e-05,0.000141352422171519,-3.57604531333458,0.508624787004357
84,3.36,212.317275517701,11.3704529691023,-225.991552633597,-13.789297713121,440.727672895317,0,0,0,0,-17.9191574582837,-17.8042340747041,-3.78761990396278e-05,0.000141350357257543,-3.59165123355655,0.508633092359233
85,3.4,212.317227656591,11.3719485406362,-225.954628594854,-13.7897501772492,440.689657888058,0,0,0,0,-17.9197468412882,-17.7675020857264,-3.78783403901161e-05,0.000141348198618411,-3.60711556499329,0.508640962956036
86,3.44,212.31718297976,11.3734385548935,-225.91786414269,-13.7902147965792,440.651823364136,0,0,0,0,-17.9203520044609,-17.7309305693368,-3.78803934961267e-05,0.000141346127882032,-3.62243575744968,0.508648473048882
87,3.48,212.317141711124,11.3749223122385,-225.881264909093,-13.7906903987723,440.614174706751,0,0,0,0,-17.9209714235146,-17.6945245965576,-3.78823386670178e-05,0.000141344164706381,-3.63760927295133,0.508655691430765
88,3.52,212.317104068549,11.3763991829524,-225.844836479683,-13.7911758921397,440.57671725742,0,0,0,0,-17.9216036789749,-17.6582892218879,-3.78843683502951e-05,0.000141342116645797,-3.65263358769526,0.508662618407377
89,3.56,212.317070278174,11.3778685741302,-225.808584396798,-13.7916702183613,440.539456319203,0,0,0,0,-17.9222473948565,-17.6222294578876,-3.78865719696922e-05,0.000141339894304422,-3.66750619272884,0.508669218235038
90,3.6,212.317040556503,11.3793299453418,-225.772514148078,-13.7921723864132,440.502397145652,0,0,0,0,-17.9229012826585,-17.5863502918291,-3.78890148690699e-05,0.000141337432267519,-3.6822245944788,0.508675497078808
91,3.64,212.317015102731,11.3807827867823,-225.736631153214,-13.792681458396,440.46554492756,0,0,0,0,-17.9235641229866,-17.5506566759741,-3.789124225188e-05,0.000141335185177482,-3.69678634050911,0.508681515654588
92,3.68,212.316994101595,11.3822266113092,-225.700940765571,-13.7931965383667,440.428904794224,0,0,0,0,-17.9242347510569,-17.5151535229673,-3.78932836467546e-05,0.000141333123429186,-3.7111890029328,0.50868732428593
93,3.72,212.316977729879,11.383660983371,-225.665448287235,-13.7937167943353,440.392481828078,0,0,0,0,-17.9249120852033,-17.4798457207715,-3.78952061436471e-05,0.000141331179998238,-3.72543017622716,0.508692915403747
94,3.76,212.316966172609,11.3850855016797,-225.630158978285,-13.7942414244466,440.35628107366,0,0,0,0,-17.9255950830208,-17.4447381155432,-3.78971221387279e-05,0.000141329242618955,-3.73950747192282,0.508698257689035
95,3.8,212.316959608386,11.3864998143168,-225.595078047532,-13.7947696868814,440.320307528483,0,0,0,0,-17.9262827801428,-17.409835526014,-3.78992536581632e-05,0.00014132708934914,-3.75341852118602,0.508703361019009
96,3.84,212.316958200774,11.3879035887173,-225.560210635211,-13.7953008786704,440.284566125939,0,0,0,0,-17.9269742627617,-17.3751427285991,-3.79013636446825e-05,0.000141324957255213,-3.76716099639071,0.508708278644725
97,3.88,212.316962094735,11.3892965104081,-225.525561809104,-13.7958343381324,440.249061731563,0,0,0,0,-17.9276686707843,-17.3406644578209,-3.79036167903145e-05,0.000141322681575311,-3.78073260190004,0.508713046810494
98,3.92,212.31697142504,11.3906783042932,-225.491136579285,-13.796369457707,440.213799157739,0,0,0,0,-17.928365214476,-17.3064054163466,-3.79057544522602e-05,0.000141320520771041,-3.79413107213422,0.508717649419945
99,3.96,212.31698633563,11.3920487277273,-225.456939913079,-13.7969056574469,440.178783178428,0,0,0,0,-17.9290631400805,-17.2723702625142,-3.79078007059826e-05,0.000141318450427655,-3.80735416232016,0.508722057024661
100,4,212.317006967184,11.39340759754,-225.422976731132,-13.7974424244205,440.144018525196,0,0,0,0,-17.9297617809297,-17.2385636306659,-3.79098739061639e-05,0.000141316351563975,-3.82039965199407,0.508726284485584
101,4.04,212.317033451315,11.3947547605427,-225.389251889199,-13.7979792889533,440.109509868925,0,0,0,0,-17.930460526628,-17.2049901118047,-3.79118075152557e-05,0.00014131439003011,-3.83326536140289,0.508730382972282
102,4.08,212.317065898657,11.3960901338284,-225.35577016836,-13.798515876914,440.075261810102,0,0,0,0,-17.9311588908389,-17.1716542714827,-3.79139508087142e-05,0.000141312216972048,-3.84594914553114,0.5087343789975
103,4.12,212.3171044089,11.3974137765928,-225.322536286155,-13.7990519715299,440.041278889992,0,0,0,0,-17.9318565913548,-17.138560669281,-3.79159524379254e-05,0.000141310187970969,-3.85844889190909,0.508738247208693
104,4.16,212.31714909147,11.3987260096884,-225.289554914734,-13.7995876122987,440.007565608814,0,0,0,0,-17.9325536781399,-17.1057138856487,-3.79180178288314e-05,0.000141308109243062,-3.87076250891013,0.508741958166189
105,4.2,212.317200038814,11.4000275234213,-225.256830683263,-13.8001232297887,439.974126428445,0,0,0,0,-17.933250708004,-17.0731185914668,-3.79200126722348e-05,0.000141306133904597,-3.88288793185558,0.508745538542484
106,4.24,212.317257304248,11.4013188625418,-225.224368162254,-13.800659152403,439.940965756362,0,0,0,0,-17.9339481052567,-17.0407794071136,-3.79217775275748e-05,0.000141304437364161,-3.8948231381012,0.508749055223886
107,4.28,212.317320901734,11.4025990075336,-225.192171850701,-13.8011941859019,439.908087930803,0,0,0,0,-17.9346443202792,-17.0087004637782,-3.79237418006414e-05,0.000141302587529283,-3.90656614481153,0.508752533262187
108,4.32,212.317390960415,11.4038642263219,-225.160246183074,-13.8017243073716,439.875497224538,0,0,0,0,-17.9353341357379,-16.9768848621039,-3.79253131141265e-05,0.000141301149404413,-3.91811500671859,0.508755903287759
109,4.36,212.317467735821,11.4051106710154,-225.128595543349,-13.8022452527044,439.843197860859,0,0,0,0,-17.9360120211627,-16.9453354499214,-3.79273274443508e-05,0.000141299246794953,-3.92946780093329,0.508759078610677
110,4.4,212.317551249918,11.4063390886687,-225.097224265089,-13.8027575950735,439.811194021412,0,0,0,0,-17.9366787187912,-16.9140567100051,-3.79292710450658e-05,0.000141297364132328,-3.94062262993942,0.508762090922249
111,4.44,212.317641360137,11.4075537234576,-225.066136622556,-13.8032655780515,439.779489837287,0,0,0,0,-17.9373397308533,-16.8830543354304,-3.79309602523498e-05,0.00014129568797502,-3.95157763157443,0.508765059082753
112,4.48,212.317738102122,11.408757301031,-225.035336824854,-13.8037717504691,439.748089376414,0,0,0,0,-17.9379983621868,-16.8523332682856,-3.7933337528071e-05,0.000141293305213905,-3.96233098309115,0.508768032801209
113,4.52,212.317841573016,11.4099499528249,-225.004829017552,-13.804276006183,439.716996643927,0,0,0,0,-17.9386544752656,-16.8218975273095,-3.79346696679489e-05,0.000141291973115919,-3.97288090500186,0.508770953505787
114,4.56,212.317951827972,11.41113086731,-224.974617292765,-13.8047773399889,439.686215593416,0,0,0,0,-17.9393067669784,-16.7917508482559,-3.79369045264324e-05,0.000141289745776904,-3.9832256440793,0.508773747859271
115,4.6,212.318068899696,11.4122993879911,-224.944705693662,-13.8052749261937,439.65575013156,0,0,0,0,-17.9399541667245,-16.7618969929072,-3.79392684877299e-05,0.000141287388077456,-3.99336347402763,0.508776425084901
116,4.64,212.318192796042,11.4134551642464,-224.915098203777,-13.805768272534,439.625604108107,0,0,0,0,-17.9405960359544,-16.7323397874694,-3.79399042668138e-05,0.000141286750972211,-4.0032927017873,0.508779071473493
117,4.68,212.318323547975,11.4145979199357,-224.885798733535,-13.8062569424458,439.595781304021,0,0,0,0,-17.9412318081484,-16.7030829778321,-3.79429908885526e-05,0.000141283654209736,-4.01301167018588,0.508781745234677
118,4.72,212.318461131107,11.4157276613409,-224.856811120973,-13.8067408437667,439.566285434506,0,0,0,0,-17.9418613634526,-16.6741303963183,-3.79445265604261e-05,0.000141282101130377,-4.02251876148691,0.508784406039904
119,4.76,212.318605527188,11.4168442730833,-224.828139148789,-13.8072197618237,439.537120164717,0,0,0,0,-17.9424844231935,-16.6454857762817,-3.79445733891348e-05,0.000141282031593801,-4.03181238357021,0.50878695206577
120,4.8,212.318756772764,11.4179475232774,-224.799786554865,-13.8076933135659,439.508289117917,0,0,0,0,-17.9431004903055,-16.617152699742,-3.79491462539176e-05,0.000141277432787316,-4.04089097559586,0.508789338863614
121,4.84,212.318914808679,11.4190376845838,-224.771757021255,-13.8081617182443,439.479795863594,0,0,0,0,-17.9437098490045,-16.5891349703402,-3.79503030839711e-05,0.000141276248521421,-4.0497530138561,0.50879165233479
122,4.88,212.319079621204,11.420114600864,-224.744054156723,-13.8086247199792,439.451643897043,0,0,0,0,-17.944312167398,-16.5614361289687,-3.79495369992125e-05,0.000141276986667906,-4.05839701183241,0.50879401490191
123,4.92,212.319251246232,11.4211779234766,-224.716681488103,-13.8090818220493,439.423836632908,0,0,0,0,-17.9449068011026,-16.5340595113197,-3.79550041504069e-05,0.000141271491833513,-4.06682152053006,0.508796457845489
124,4.96,212.319429562538,11.4222281624307,-224.689642470182,-13.8095335499575,439.396377420247,0,0,0,0,-17.9454944315839,-16.5070088476802,-3.79556980193368e-05,0.000141270770726536,-4.07502511165366,0.508798899967447
125,5,212.31961453458,11.4232651214702,-224.662940508042,-13.8099796404149,439.369269561566,0,0,0,0,-17.9460747174914,-16.4802874935513,-3.79528747667824e-05,0.000141273566594989,-4.0830063839697,0.508801203387285
126,5.04,212.319806233394,11.4242881495258,-224.636578960099,-13.8104192699511,439.342516313919,0,0,0,0,-17.9466465907942,-16.4538984800507,-3.79603538910528e-05,0.000141266059657089,-4.09076397599976,0.508803306059358
127,5.08,212.320004517646,11.4252980458623,-224.610561119149,-13.8108532802879,439.316120871221,0,0,0,0,-17.9472111431021,-16.427845490417,-3.7964634546072e-05,0.000141261751131525,-4.09829657107983,0.508805315453214
128,5.12,212.320209282331,11.4262949479786,-224.584890201717,-13.8112818101103,439.290086346179,0,0,0,0,-17.9477685544829,-16.402131882224,-3.79576488063239e-05,0.000141268709195571,-4.10560289511327,0.508807398243858
129,5.16,212.320420628533,11.4272775634139,-224.559569347848,-13.8117033558144,439.264415768782,0,0,0,0,-17.9483168748468,-16.3767602299603,-3.7961385650792e-05,0.000141264944990956,-4.11268169762545,0.508809625608988
130,5.2,212.320638452059,11.4282465006156,-224.534601623436,-13.812118525891,439.23911210077,0,0,0,0,-17.9488568931353,-16.3517338809278,-3.79721313154972e-05,0.000141254172861854,-4.11953175303225,0.508811954557037
131,5.24,212.320862529809,11.4292029786457,-224.509990035006,-13.8125286642024,439.214178250372,0,0,0,0,-17.9493903524231,-16.3270564668968,-3.79661489357691e-05,0.000141260129956519,-4.12615186784622,0.508814243057621
132,5.28,212.321092943973,11.4301454164889,-224.485737540639,-13.8129320053941,439.189617073517,0,0,0,0,-17.9499149634357,-16.3027303179738,-3.79604693248358e-05,0.000141265784215003,-4.13254089348874,0.508816303800377
133,5.32,212.321329749534,11.4310729382793,-224.46184703301,-13.8133275184385,439.165431362704,0,0,0,0,-17.9504293888099,-16.2787579479311,-3.79748885659794e-05,0.000141251337778642,-4.13869773388245,0.508818089506977
134,5.36,212.321572648988,11.4319878788445,-224.438321322506,-13.8137177424919,439.141623835142,0,0,0,0,-17.950936921645,-16.2551432311114,-3.79813022270223e-05,0.000141244894479006,-4.14462132162042,0.508819785120307
135,5.4,212.321821504884,11.4328904125817,-224.415163146259,-13.8141028904053,439.118197128966,0,0,0,0,-17.9514378385964,-16.2318890999399,-3.79663746714356e-05,0.000141259789804385,-4.15031061051351,0.508821625811308
136,5.44,212.322076514182,11.4337775216127,-224.392375173608,-13.8144796428504,439.095153809028,0,0,0,0,-17.9519278349796,-16.2089970028081,-3.79662325765924e-05,0.000141259896777885,-4.15576458279295,0.50882370867906
137,5.48,212.322337595912,11.4346497282303,-224.36995999586,-13.8148485145394,439.072496378081,0,0,0,0,-17.952407577868,-16.1864697581969,-3.79876500858298e-05,0.000141238442643103,-4.16098225839068,0.508825997201509
138,5.52,212.322604362631,11.4355105244048,-224.347920134509,-13.8152133113977,439.050227284133,0,0,0,0,-17.9528820031719,-16.1643114311233,-3.7988728713756e-05,0.000141237328921492,-4.16596269862974,0.508828339184672
139,5.56,212.322876779921,11.4363585722225,-224.326258061845,-13.8155726459917,439.028348915536,0,0,0,0,-17.9533493119402,-16.1425240951698,-3.79675714563274e-05,0.000141258453842605,-4.1707049926544,0.508830464357413
140,5.6,212.323155093509,11.4371895910405,-224.304976185916,-13.8159218971729,439.006863585557,0,0,0,0,-17.9538035107468,-16.1211084841986,-3.79706147819651e-05,0.000141255379648564,-4.17520825813857,0.508832167280109
141,5.64,212.323439141368,11.4380052271027,-224.284076813855,-13.8162627914642,438.985773519584,0,0,0,0,-17.9542468381352,-16.1000675842645,-3.79983397378929e-05,0.000141227625167547,-4.1794716401769,0.508833550291608
142,5.68,212.323728470638,11.4388104470676,-224.263562157217,-13.8166006761736,438.965080856961,0,0,0,0,-17.9546862293246,-16.079405693001,-3.80000757028527e-05,0.000141225863093282,-4.18349430985902,0.508834953532611
143,5.72,212.324023056164,11.4396034147317,-224.24343437256,-13.816933650998,438.944787664991,0,0,0,0,-17.9551192205,-16.0591244005201,-3.7972162017463e-05,0.000141253754848228,-4.18727547447118,0.508836640297173
144,5.76,212.324323199956,11.4403779946986,-224.223695568,-13.8172551767449,438.924895950003,0,0,0,0,-17.9555373306774,-16.0392234889435,-3.79686818929955e-05,0.000141257215452782,-4.19081437692362,0.508838666307549
145,5.8,212.324628786983,11.4411353513675,-224.204347768479,-13.817566448772,438.905407652867,0,0,0,0,-17.9559421093612,-16.0197054510914,-3.80017141285602e-05,0.000141224164874822,-4.1941102950069,0.508840986776946
146,5.84,212.324939299285,11.4418827098898,-224.185392902629,-13.8178751405011,438.886324632525,0,0,0,0,-17.9563435085941,-16.0005750878264,-3.80167295531757e-05,0.000141209132871131,-4.19716253691505,0.508843473838068
147,5.88,212.325254573787,11.4426202634697,-224.16683282789,-13.8181815167839,438.867648654991,0,0,0,0,-17.9567418728722,-15.9818344953127,-3.79882049720165e-05,0.000141237642545374,-4.19997044314629,0.508845816986579
148,5.92,212.325574937838,11.4433396706252,-224.148669340451,-13.8184767930168,438.84938140068,0,0,0,0,-17.9571258092109,-15.963482420012,-3.79652639881071e-05,0.000141260568568635,-4.20253339753384,0.508847638412273
149,5.96,212.325900487794,11.4440380123475,-224.130904150633,-13.8187578572225,438.831524483301,0,0,0,0,-17.9574912804956,-15.9455194970854,-3.79895162188797e-05,0.000141236300544897,-4.20485081986252,0.508848843726273
150,6,212.326230745445,11.4447236400557,-224.113538873348,-13.819033481078,438.814079459816,0,0,0,0,-17.9578496627784,-15.9279505174724,-3.80257520458082e-05,0.000141200049693848,-4.20692215648672,0.508849767897009
151,6.04,212.326565275801,11.445402962926,-224.096575058544,-13.8193104485051,438.797047819925,0,0,0,0,-17.9582097556203,-15.910779559534,-3.80188333795859e-05,0.00014120695599625,-4.20874688009757,0.508850886247192
152,6.08,212.32690422924,11.4460691957801,-224.080014210409,-13.8195817224307,438.780430966299,0,0,0,0,-17.9585624330481,-15.8940057912705,-3.79808569581462e-05,0.00014124492281848,-4.2103244982396,0.508852452584928
153,6.12,212.327247956944,11.4467118816493,-224.063857753892,-13.8198363776237,438.764230206811,0,0,0,0,-17.9588935243513,-15.8776268835233,-3.79713640084942e-05,0.000141254407828091,-4.2116545604481,0.508854472895429
154,6.16,212.327596312924,11.4473332251455,-224.048106993652,-13.8200766843578,438.748446765788,0,0,0,0,-17.9592059724471,-15.8616449705588,-3.80067866086137e-05,0.000141218977954083,-4.21273664402986,0.508856896203651
155,6.2,212.327948713274,11.4479458190543,-224.032763133041,-13.8203157723371,438.733081799598,0,0,0,0,-17.9595168065342,-15.8460659047026,-3.80378244462885e-05,0.000141187932162936,-4.21357034205417,0.508859633112311
156,6.24,212.328304845245,11.4485540865881,-224.017827334538,-13.8205583045994,438.718136397794,0,0,0,0,-17.9598320762716,-15.8308926080715,-3.80227067455318e-05,0.000141203037421146,-4.21415527169219,0.508862379394744
157,6.28,212.328664959719,11.4491465328568,-224.003300735216,-13.8207924067896,438.703611568867,0,0,0,0,-17.9601363813528,-15.8161222665319,-3.79852882102381e-05,0.000141240431092347,-4.21449109192931,0.508864620423473
158,6.32,212.329029381972,11.4497107119634,-223.989184388054,-13.8210051695118,438.689508227575,0,0,0,0,-17.9604129767106,-15.8017515685369,-3.79787519961945e-05,0.000141246919071376,-4.21457751195206,0.508865981651958
159,6.36,212.329397925637,11.4502507400503,-223.975479203966,-13.8212008094681,438.67582719902,0,0,0,0,-17.9606673300395,-15.787782901444,-3.80123896223336e-05,0.000141213199877047,-4.21441427523116,0.508866588545535
160,6.4,212.329770027414,11.4507830230669,-223.962185976035,-13.8213962555847,438.662569235966,0,0,0,0,-17.9609213997561,-15.7742228900287,-3.80429542679305e-05,0.000141182515391993,-4.21400114195811,0.508867004958504
161,6.44,212.330145368829,11.4513153829025,-223.949305461121,-13.8215995842445,438.649735031292,0,0,0,0,-17.9611856643906,-15.7610751326983,-3.80341648717782e-05,0.000141191148948015,-4.2133378945495,0.508867796876349
162,6.48,212.330524111528,11.4518369053984,-223.936838415549,-13.8217995910275,438.637325212706,0,0,0,0,-17.9614455932942,-15.7483367224836,-3.80007381183663e-05,0.000141224394576628,-4.21242435480845,0.508869192654673
163,6.52,212.33090654799,11.4523313841354,-223.924785535897,-13.8219796253915,438.625340325144,0,0,0,0,-17.961679588562,-15.736002839456,-3.79860957154401e-05,0.000141238849029934,-4.21126039175043,0.508871138080018
164,6.56,212.331292615095,11.4527977970647,-223.913147372378,-13.8221386282937,438.613780818702,0,0,0,0,-17.9618862739884,-15.7240737390042,-3.80081280930874e-05,0.000141216642317546,-4.20984590760431,0.508873566225124
165,6.6,212.33168184147,11.4532525671889,-223.901924321069,-13.8222934587749,438.602647054124,0,0,0,0,-17.9620875162971,-15.7125555530864,-3.80406831805277e-05,0.000141183940041589,-4.20818081724988,0.508876476960801
166,6.64,212.332073789946,11.4537102893582,-223.891116710014,-13.8224591086742,438.591939319276,0,0,0,0,-17.9623027629243,-15.7014537480693,-3.80482364786194e-05,0.000141176268865171,-4.20626504996127,0.508879718159782
167,6.68,212.332468418114,11.4541656852151,-223.880724880032,-13.822630225285,438.581657838216,0,0,0,0,-17.9625250729815,-15.6907670322915,-3.80260908141353e-05,0.000141198320258401,-4.20409856770005,0.508882802048544
168,6.72,212.332865995573,11.4545977426809,-223.870749166204,-13.8227853432003,438.571802762296,0,0,0,0,-17.9627266031851,-15.6804887184522,-3.80019273918618e-05,0.000141222406380423,-4.20168137942863,0.508885069317973
169,6.76,212.333266686118,11.454992020364,-223.861189796895,-13.8229096901829,438.562374152832,0,0,0,0,-17.9628881891552,-15.6706141973984,-3.80032263914653e-05,0.000141221043560498,-4.19901353682515,0.508886128336971
170,6.8,212.333670205068,11.4553570336895,-223.852046819738,-13.823011985345,438.553371976462,0,0,0,0,-17.9630211379055,-15.6611465140899,-3.80279118410302e-05,0.000141196306469924,-4.19609511348673,0.508886184713398
171,6.84,212.334076004005,11.455716167977,-223.843320140264,-13.8231161454153,438.544796121707,0,0,0,0,-17.9631564729395,-15.6520936432089,-3.80501678798416e-05,0.000141174009096114,-4.19292619712996,0.508885926110448
172,6.88,212.334483716314,11.4560835808771,-223.835009634446,-13.8232366498223,438.536646419705,0,0,0,0,-17.963312979396,-15.6434604005007,-3.80501993166344e-05,0.000141173943702828,-4.18950689790239,0.508886063829346
173,6.92,212.334893321295,11.4564494232364,-223.827115213475,-13.823363531719,438.528922643252,0,0,0,0,-17.9634777321376,-15.6352435830469,-3.80315767308536e-05,0.000141192537195739,-4.18583735930266,0.508886949918057
174,6.96,212.335305003821,11.4567886598143,-223.819636771378,-13.8234713644663,438.521624479851,0,0,0,0,-17.9636177489386,-15.6274348598581,-3.80146810888302e-05,0.000141209407412698,-4.18191776098229,0.508888545630452
175,7,212.335718826359,11.4570850810454,-223.812574065606,-13.8235436944013,438.514751505321,0,0,0,0,-17.9637116835406,-15.6200286926189,-3.80165229561548e-05,0.000141207543598762,-4.17774830586246,0.508890691266796
176,7.04,212.336134454665,11.4573476902743,-223.80592664981,-13.823589773813,438.508303188014,0,0,0,0,-17.9637715347721,-15.613027862141,-3.80344559541211e-05,0.000141189592075233,-4.17332921362364,0.508893370059904
177,7.08,212.336551316077,11.4576029203048,-223.799693928343,-13.8236365959239,438.502278920039,0,0,0,0,-17.9638323177981,-15.6064408801101,-3.80516404833419e-05,0.000141172391879017,-4.16866072212868,0.5088966640144
178,7.12,212.336968952995,11.4578703663859,-223.793875273177,-13.8237041781456,438.496678037932,0,0,0,0,-17.963920002243,-15.6002739328745,-3.80553339070206e-05,0.00014116868475402,-4.16374309081805,0.508900463519245
179,7.16,212.33738711626,11.4581450658453,-223.788470082372,-13.8237876711913,438.491499803979,0,0,0,0,-17.9640283016781,-15.5945251487794,-3.80452727955629e-05,0.00014117873348038,-4.15857660378809,0.508904271691335
180,7.2,212.337805692132,11.4584008658856,-223.783477730443,-13.8238608083425,438.486743365032,0,0,0,0,-17.9641231440762,-15.5891856775903,-3.80314257812769e-05,0.000141192569259959,-4.15316156124958,0.508907319276767
181,7.24,212.338224553933,11.4586117877366,-223.778897463434,-13.8238975050562,438.482407734686,0,0,0,0,-17.9641706893969,-15.5842465757703,-3.80266760810482e-05,0.000141197309190215,-4.14749827913488,0.508908954977802
182,7.28,212.338643303238,11.4587743668613,-223.774728328176,-13.8238945542688,438.478491818822,0,0,0,0,-17.9641667731576,-15.5797062282363,-3.80352308195994e-05,0.000141188746838329,-4.14158709209259,0.508909068220258
183,7.32,212.339061235533,11.4589112149746,-223.77096918619,-13.8238752439025,438.474994450651,0,0,0,0,-17.964141603295,-15.5755715888475,-3.80491181622742e-05,0.000141174854430511,-4.13542834901397,0.508908195927993
184,7.36,212.339477613135,11.4590523114707,-223.767618783043,-13.823870300414,438.471914385122,0,0,0,0,-17.9641350412248,-15.5718519362749,-3.80582968934e-05,0.000141165672332711,-4.12902240788443,0.508907203666975
185,7.4,212.339891787022,11.4592110787976,-223.764675804359,-13.8238937373671,438.469250249951,0,0,0,0,-17.9641652705429,-15.5685511027677,-3.80586507626197e-05,0.000141165314601569,-4.12236962342011,0.508906822600917
186,7.44,212.340303107937,11.4593738545489,-223.762138891002,-13.8239323624111,438.467000506801,0,0,0,0,-17.9642151816899,-15.5656641947167,-3.80512373075363e-05,0.000141172721045114,-4.11547034891213,0.508907365825854
187,7.48,212.340710916735,11.4595087405806,-223.760006626926,-13.8239546660624,438.465163469143,0,0,0,0,-17.9642438990174,-15.5631803899956,-3.80417834982693e-05,0.00014118216275494,-4.10832494896505,0.508908731524034
188,7.52,212.341114523299,11.4595880587098,-223.75827749663,-13.8239333954048,438.463737356624,0,0,0,0,-17.9642160640771,-15.5610901187943,-3.80389049681734e-05,0.000141185023758675,-4.10093380775528,0.508910655815693
189,7.56,212.34151303273,11.4596091885398,-223.756949807121,-13.8238666676952,438.462720319007,0,0,0,0,-17.9641292295866,-15.5593919390653,-3.80456383625665e-05,0.000141178268567657,-4.09329733015549,0.508913032062
190,7.6,212.341905336797,11.4595967194671,-223.756021622125,-13.8237801577823,438.462110397237,0,0,0,0,-17.9640167015013,-15.5580932246231,-3.80557406969099e-05,0.000141168141777037,-4.08541592119682,0.508916002619731
191,7.64,212.342290343236,11.4595838981517,-223.75549078076,-13.8237082419426,438.461905467787,0,0,0,0,-17.9639230783501,-15.5572039410986,-3.80625219524829e-05,0.000141161334579994,-4.0772899760057,0.508919736432295
192,7.68,212.3426670212,11.459589314607,-223.755355016003,-13.8236705210848,438.462103243681,0,0,0,0,-17.963873793381,-15.5567291823318,-3.80647667147039e-05,0.000141159062840184,-4.06891988684232,0.508924134659501
193,7.72,212.343034258286,11.4596048010505,-223.755612102767,-13.8236597830484,438.462701343051,0,0,0,0,-17.9638594952187,-15.5566655622074,-3.80624199509296e-05,0.000141161381224628,-4.06030605832951,0.508928704817731
194,7.76,212.343390882976,11.4595994699671,-223.756259919812,-13.8236460222772,438.463697355098,0,0,0,0,-17.9638412587777,-15.557002504203,-3.80558269366035e-05,0.000141167943457504,-4.05144892678189,0.508932648502613
195,7.8,212.343735809164,11.4595374842558,-223.757296353381,-13.8235941562731,438.465088834563,0,0,0,0,-17.9637735670593,-15.5577276747994,-3.80502498197554e-05,0.000141173486630694,-4.04234896189773,0.508935149200038
196,7.84,212.344068000923,11.4594008663174,-223.758719107939,-13.8234870002136,438.466873242758,0,0,0,0,-17.9636341193514,-15.5588342372147,-3.80521889613121e-05,0.000141171510643479,-4.03300666168115,0.508935782238175
197,7.88,212.344386371928,11.4592018330261,-223.760525603663,-13.8233377789842,438.469047921549,0,0,0,0,-17.9634400688831,-15.5603249231889,-3.80601865260981e-05,0.000141163474108401,-4.02342254734259,0.508934781877251
198,7.92,212.344689940576,11.4589742346933,-223.762713075894,-13.8231813684103,438.471610150187,0,0,0,0,-17.9632366624209,-15.5622091953133,-3.80668563621318e-05,0.000141156763372304,-4.0135971591954,0.508932922760241
199,7.96,212.344977975465,11.4587515323498,-223.765278787409,-13.8230520025344,438.474557233059,0,0,0,0,-17.9630683181103,-15.5644961327695,-3.80696103611268e-05,0.000141153965804546,-4.00353107042858,0.508931123749152
200,8,212.345249820053,11.4585478410343,-223.768220158673,-13.8229643845373,438.47788652223,0,0,0,0,-17.9629541173778,-15.5671886162794,-3.80710738405872e-05,0.000141152454651097,-3.99322489064847,0.508930090468941
201,8.04,212.345504663035,11.4583509184881,-223.771534731769,-13.8229068723248,438.481595348641,0,0,0,0,-17.9628789614594,-15.570281280915,-3.80708726098498e-05,0.000141152602298612,-3.98267926650073,0.508930140103016
202,8.08,212.345741606379,11.4581274369899,-223.775220052321,-13.8228467183337,438.485680940044,0,0,0,0,-17.9628003654161,-15.5737619858677,-3.80668581671823e-05,0.000141156555729603,-3.97189487384031,0.508931179502936
203,8.12,212.345959874835,11.4578391376951,-223.779273586007,-13.8227460943196,438.490140417466,0,0,0,0,-17.96266924656,-15.5776166900966,-3.80621790700296e-05,0.000141161165907888,-3.96087241053311,0.508932849312603
204,8.16,212.346158818385,11.4574643806571,-223.783692691141,-13.8225837363112,438.494970865181,0,0,0,0,-17.9624580094784,-15.5818364527535,-3.80628037958268e-05,0.000141160465110407,-3.94961259777876,0.508934831096005
205,8.2,212.346337769008,11.4570117631049,-223.78847459216,-13.8223687759949,438.500169374058,0,0,0,0,-17.962178496909,-15.5864220829306,-3.80692423395842e-05,0.000141153944557486,-3.93811617532773,0.508937116502465
206,8.24,212.346496080509,11.4565146595306,-223.793616320289,-13.8221352385926,438.505732979859,0,0,0,0,-17.9618748541613,-15.5913823006317,-3.80752191762049e-05,0.000141147880170992,-3.92638388994248,0.508939985315921
207,8.28,212.346633218913,11.4560113121143,-223.799114661539,-13.8219219685837,438.511658536921,0,0,0,0,-17.9615974833849,-15.5967270887375,-3.80769203487221e-05,0.000141146084936866,-3.91441647835054,0.508943724293589
208,8.32,212.346748583521,11.4555256660185,-223.804966191155,-13.8217535395932,438.517942648251,0,0,0,0,-17.9613782732783,-15.6024616824063,-3.80781060937966e-05,0.000141144796567883,-3.90221464823621,0.508948363303747
209,8.36,212.346841179108,11.4550580226092,-223.811167418329,-13.8216311431977,438.524581718025,0,0,0,0,-17.9612187762293,-15.6085840423778,-3.80809495608333e-05,0.000141141839626936,-3.88977908158642,0.508953585186078
210,8.4,212.346909543685,11.4545848683775,-223.817714938616,-13.8215324455117,438.531572059435,0,0,0,0,-17.961090019344,-15.615084994097,-3.80814384637029e-05,0.000141141225853986,-3.87711044865896,0.50895875418494
211,8.44,212.346951992572,11.4540667604392,-223.824605427522,-13.8214192705913,438.538909930245,0,0,0,0,-17.9609424697557,-15.621950450058,-3.80775565692391e-05,0.000141144974885248,-3.8642094318464,0.50896302418552
212,8.48,212.346966886022,11.4534648743787,-223.831835425465,-13.8212540164691,438.546591453578,0,0,0,0,-17.9607273332601,-15.6291662760002,-3.8073677298627e-05,0.000141148721531199,-3.85107672992318,0.508965588138399
213,8.52,212.346952684833,11.4527609619014,-223.839401083571,-13.8210197146343,438.554612521138,0,0,0,0,-17.9604225855143,-15.6367245617569,-3.80753229433935e-05,0.00014114695650955,-3.83771304032895,0.508966039825552
214,8.56,212.346907923526,11.4519676667615,-223.847298121882,-13.8207304328031,438.562968811449,0,0,0,0,-17.9600464749523,-15.6446270594041,-3.80823534849907e-05,0.000141139836656672,-3.82411904740976,0.508964605092933
215,8.6,212.346831323901,11.4511202731136,-223.855522064997,-13.8204228227624,438.571655938547,0,0,0,0,-17.9596465575952,-15.6528825814542,-3.80880200143063e-05,0.000141134127178655,-3.81029543180056,0.508962023914702
216,8.64,212.34672190991,11.4502566520516,-223.864068538073,-13.8201358024454,438.580669598377,0,0,0,0,-17.959273332505,-15.66150053575,-3.80877335476635e-05,0.000141134423354128,-3.7962429082482,0.508959192123747
217,8.68,212.346578837785,11.4494009248332,-223.872933349663,-13.8198943035994,438.590005566214,0,0,0,0,-17.9589591528691,-15.6704858305096,-3.80867129901114e-05,0.000141135491841771,-3.78196224806361,0.508956864769743
218,8.72,212.346401013586,11.4485578089271,-223.882112333288,-13.8197040079173,438.599659545864,0,0,0,0,-17.9587113963079,-15.679837341498,-3.80905107181749e-05,0.000141131743813625,-3.76745425931982,0.508955541682888
219,8.76,212.34618690363,11.4477125010508,-223.89160118323,-13.8195514430116,438.609627028821,0,0,0,0,-17.9585125884051,-15.6895479373762,-3.80946757198078e-05,0.000141127586367967,-3.75271974589418,0.508955422909764
220,8.8,212.345934739394,11.4468322797441,-223.90139549643,-13.8194053601114,438.619903316192,0,0,0,0,-17.958322186118,-15.6996047362078,-3.80936581833448e-05,0.000141128538094932,-3.73775948298987,0.508956364647639
221,8.84,212.345642818707,11.4458747163044,-223.911490953118,-13.819224626773,438.630483682293,0,0,0,0,-17.9580868147898,-15.7099915581033,-3.80893363952648e-05,0.000141132711499344,-3.72257424565634,0.508957940969214
222,8.88,212.345309598214,11.4448052790913,-223.921883363358,-13.8189758133685,438.64136349585,0,0,0,0,-17.9577630888816,-15.7206946799202,-3.80868857136027e-05,0.000141134939375917,-3.70716484987518,0.50895969668316
223,8.92,212.344933651065,11.4436152188164,-223.932568427181,-13.8186512858297,438.652538145259,0,0,0,0,-17.9573410948931,-15.7317086487973,-3.8090219200287e-05,0.000141131323745083,-3.6915321578404,0.508961455903432
224,8.96,212.344513695782,11.4423261401667,-223.943541386394,-13.8182738792796,438.664002821289,0,0,0,0,-17.9568504609238,-15.743037504618,-3.8098294350495e-05,0.000141122919881746,-3.67567703654223,0.508963425373163
225,9,212.344048705152,11.4409777010812,-223.954796918185,-13.8178844573512,438.675752379607,0,0,0,0,-17.956344213808,-15.7546904885914,-3.81037216901805e-05,0.000141117123383128,-3.65960030452103,0.508966004313929
226,9.04,212.343537876212,11.4396086241615,-223.966329425384,-13.8175227687583,438.687781446192,0,0,0,0,-17.9558739358795,-15.7666760320413,-3.8101466175265e-05,0.000141118970114604,-3.64330273507323,0.508969501756336
227,9.08,212.342980388768,11.4382435182465,-223.978133506168,-13.8172143095719,438.700084686261,0,0,0,0,-17.955472715796,-15.7789980963775,-3.80984189331556e-05,0.000141121567956084,-3.62678511379957,0.508973991057984
228,9.12,212.342375124286,11.4368887848807,-223.990204211325,-13.8169664301345,438.712656980864,0,0,0,0,-17.9551500967949,-15.791655392913,-3.81029017285419e-05,0.000141116593919063,-3.61004830275135,0.508979311396858
229,9.16,212.341720527645,11.435532700833,-224.002536892108,-13.8167686194241,438.725493338345,0,0,0,0,-17.9548924449435,-15.8046414315735,-3.81098471707216e-05,0.000141109113753829,-3.59309325281982,0.508985092751684
230,9.2,212.341014726342,11.4341459529717,-224.015126817779,-13.8165930430487,438.738588634198,0,0,0,0,-17.9546636445054,-15.8179441618216,-3.8111213400208e-05,0.000141107167368146,-3.57592094941714,0.508990743453768
231,9.24,212.340255796317,11.4326859869199,-224.027968929615,-13.8163987072496,438.751937446261,0,0,0,0,-17.9544104979077,-15.831546812457,-3.81082113466998e-05,0.000141109542066173,-3.55853235316547,0.508995473427999
232,9.28,212.33944198944,11.4311098409947,-224.041057920234,-13.8161440816478,438.765534150326,0,0,0,0,-17.9540791053299,-15.8454319368141,-3.81050748566011e-05,0.000141112003000547,-3.54092838302155,0.508998472273704
233,9.32,212.338571833619,11.4293923290954,-224.054388484741,-13.8158051833059,438.779373172571,0,0,0,0,-17.9536383361797,-15.8595876229302,-3.81046232053363e-05,0.000141111731158581,-3.52310995626488,0.508999237168076
234,9.36,212.337644131431,11.4275384050138,-224.067955441653,-13.815387972838,438.793449140908,0,0,0,0,-17.9530959207668,-15.8740118133046,-3.81094814702528e-05,0.000141106102528169,-3.50507804145337,0.50899783985255
235,9.4,212.336658002415,11.4255801345663,-224.081753594853,-13.8149253283557,438.807756791057,0,0,0,0,-17.9524945251907,-15.8887111694786,-3.81189445809954e-05,0.000141095822896252,-3.48683366987222,0.508994889030405
236,9.44,212.335612894074,11.4235606397014,-224.095777488831,-13.8144609904061,438.822290733609,0,0,0,0,-17.9518909143832,-15.9036954688551,-3.81249422397732e-05,0.000141088962210382,-3.46837790366621,0.508991219350656
237,9.48,212.334508432411,11.4215168297857,-224.110021314521,-13.8140323962455,438.837045313392,0,0,0,0,-17.9513336735895,-15.9189719021947,-3.81207189411568e-05,0.000141092274364607,-3.44971178531204,0.508987585845679
238,9.52,212.333344192769,11.4194704842638,-224.124479079509,-13.8136618947333,438.852014682747,0,0,0,0,-17.9508518077186,-15.9345425037403,-3.81148898006427e-05,0.000141097141060094,-3.43083632034558,0.508984544295521
239,9.56,212.332119462095,11.4174280272796,-224.139144922817,-13.8133566466198,438.867193004253,0,0,0,0,-17.9504546129087,-15.950404645258,-3.81197015034263e-05,0.000141091310621515,-3.41175250850904,0.508982469987867
240,9.6,212.330833102511,11.4153821742173,-224.154013350534,-13.8131103263322,438.88257460516,0,0,0,0,-17.9501338852031,-15.9665519561378,-3.81301313359541e-05,0.000141079799549514,-3.39246139622747,0.50898157881422
241,9.64,212.329483597391,11.4133107911974,-224.169079256543,-13.8129019208031,438.898153983539,0,0,0,0,-17.9498623600003,-15.9829738623847,-3.81341636112789e-05,0.000141074617185954,-3.37296411841609,0.5089818822731
242,9.68,212.328069236907,11.411176421037,-224.184337745711,-13.812695136113,438.913925697693,0,0,0,0,-17.9495929387432,-15.9996549839069,-3.81318017374071e-05,0.00014107575469647,-3.35326189889449,0.508983128901645
243,9.72,212.326588356712,11.4089331798308,-224.199783861754,-13.8124451902057,438.929884228841,0,0,0,0,-17.9492675019313,-16.0165768836207,-3.81294078070215e-05,0.00014107684676321,-3.3333560124886,0.508984838546802
244,9.76,212.325039546363,11.4065421940657,-224.215412331226,-13.8121142011914,438.946023884715,0,0,0,0,-17.9488368810045,-16.0337228050002,-3.81287544508731e-05,0.000141076120830686,-3.31324772547736,0.5089864944607
245,9.8,212.323421752487,11.4039884150503,-224.231217431461,-13.8116880096034,438.962338778501,0,0,0,0,-17.948282694476,-16.0510831776645,-3.81296131462363e-05,0.000141073808227845,-3.29293825782154,0.508987832206958
246,9.84,212.321734287258,11.4012878437151,-224.247193073601,-13.8111833846588,438.978822901802,0,0,0,0,-17.9476267032714,-16.0686582057356,-3.81344586541481e-05,0.000141067437398752,-3.27242878876996,0.508989005510563
247,9.88,212.319976895309,11.3984794434393,-224.263333086359,-13.8106397349334,438.995470273161,0,0,0,0,-17.9469200522303,-16.0864553297652,-3.81447356378235e-05,0.000141055565458184,-3.25172050186034,0.508990458035206
248,9.92,212.318149718818,11.3956079179357,-224.279631519077,-13.8101017560256,439.012275075985,0,0,0,0,-17.9462207478987,-16.1044836899447,-3.81529047574761e-05,0.000141045731957587,-3.2308146500845,0.508992628976646
249,9.96,212.316253045457,11.3927087165617,-224.296082736684,-13.8096046089614,439.029231674541,0,0,0,0,-17.9455744219263,-16.1227494181366,-3.81492264885763e-05,0.000141047675336495,-3.20971258044129,0.50899574939495
250,10,212.314287064031,11.3898019329452,-224.312681244701,-13.8091681021898,439.046334477976,0,0,0,0,-17.9450067813954,-16.1412536979961,-3.81401223588293e-05,0.000141054971483257,-3.18841571415622,0.508999823665258
251,10.04,212.312251639998,11.3868947307092,-224.329421417905,-13.8087994310729,439.063577758267,0,0,0,0,-17.9445271654983,-16.1599936248702,-3.8141939086675e-05,0.00014105126945856,-3.16692549637825,0.509004726459283
252,10.08,212.310146174754,11.3839851282545,-224.346297392258,-13.8084971420576,439.080955580815,0,0,0,0,-17.9441336910559,-16.1789635713147,-3.81550020526288e-05,0.000141036238240988,-3.1452433438294,0.509010282071207
253,10.12,212.307969642033,11.3810606578456,-224.363303227805,-13.8082496954763,439.098461907468,0,0,0,0,-17.9438113866803,-16.1981547980777,-3.81644253828773e-05,0.000141024756670028,-3.12337063202678,0.509016236808358
254,10.16,212.305720679585,11.378094066156,-224.380433200465,-13.8080309620321,439.116090775927,0,0,0,0,-17.943526345875,-16.2175540723381,-3.81641661242616e-05,0.000141022859506571,-3.10130872168866,0.50902216146687
255,10.2,212.303397710615,11.3750433785969,-224.397681970153,-13.8078001017421,439.133836403914,0,0,0,0,-17.9432255675787,-16.2371436272571,-3.81611653908064e-05,0.000141023597930757,-3.07905902485392,0.509027398703777
256,10.24,212.30099915055,11.3718609161239,-224.415044489518,-13.8075104337089,439.151693157653,0,0,0,0,-17.9428484661257,-16.2569038821419,-3.81607774356417e-05,0.00014102161292398,-3.05662302256442,0.509031153972618
257,10.28,212.2985237241,11.3685094475659,-224.432515725408,-13.8071254477803,439.169655449722,0,0,0,0,-17.9423476533012,-16.2768183716534,-3.81622079716497e-05,0.000141017698080872,-3.03400224871242,0.509032764113384
258,10.32,212.29597068686,11.3649781260677,-224.45009038128,-13.806634718049,439.187717660121,0,0,0,0,-17.9417095952356,-16.2968787963964,-3.81639214249719e-05,0.000141013391094951,-3.01119830289944,0.509032029188043
259,10.36,212.293339922407,11.3612876589594,-224.467762775906,-13.8060590702089,439.205874109563,0,0,0,0,-17.9409613200091,-16.3170866725629,-3.81674811399777e-05,0.000141007130936981,-2.98821280150794,0.509029331076721
260,10.4,212.290632002597,11.3574803899378,-224.485526908918,-13.8054405364333,439.224119058011,0,0,0,0,-17.9401573786628,-16.3374499272025,-3.8176204960178e-05,0.000140995600424202,-2.96504735461488,0.509025408354723
261,10.44,212.287847913271,11.3536031181487,-224.503376645606,-13.8048252775273,439.242446718256,0,0,0,0,-17.9393576789402,-16.3579774644041,-3.81872917030217e-05,0.000140981599636546,-2.94170355584882,0.509021012052403
262,10.48,212.284988638961,11.3496926002376,-224.521305946355,-13.8042493289106,439.260851313989,0,0,0,0,-17.9386089866872,-16.3786748540451,-3.81901392627956e-05,0.000140975728696989,-2.91818296478487,0.509016702538889
263,10.52,212.28205491751,11.3457696233289,-224.539309072496,-13.8037328193123,439.279327185989,0,0,0,0,-17.9379374231047,-16.399542740365,-3.8181873546141e-05,0.000140980857788186,-2.89448720278851,0.509012826018083
264,10.56,212.279047184921,11.3418422243923,-224.557380677583,-13.8032832390303,439.297868877142,0,0,0,0,-17.9373527071349,-16.4205780912754,-3.81760299519897e-05,0.000140983441898263,-2.87061795806858,0.509009597311113
265,10.6,212.275965644528,11.337912580004,-224.575515719412,-13.8029023242197,439.316471108155,0,0,0,0,-17.9368570932741,-16.441776426046,-3.81837677580764e-05,0.000140972304164151,-2.84657698588266,0.509007199773091
266,10.64,212.272810156129,11.333979834953,-224.593709241201,-13.8025890764042,439.335128638781,0,0,0,0,-17.9364492889719,-16.4631327462019,-3.81978262219608e-05,0.000140954683031831,-2.82236615556674,0.509005817095941
267,10.68,212.269580212663,11.3300344056388,-224.611956180839,-13.8023341358186,439.353836123681,0,0,0,0,-17.9361171506017,-16.4846393740345,-3.82056309651854e-05,0.000140943133493326,-2.79798727219907,0.509005566576294
268,10.72,212.266274949089,11.3260509481262,-224.630251343408,-13.8021127391767,439.372588083547,0,0,0,0,-17.9358285456455,-16.5062833996691,-3.82060214512895e-05,0.000140938806517187,-2.77344209999615,0.509006390035454
269,10.76,212.262893008755,11.3219883709745,-224.648589528272,-13.8018848384567,439.391379004509,0,0,0,0,-17.9355315031325,-16.5280469125626,-3.8205038111604e-05,0.000140935664164762,-2.7487325173058,0.50900797928382
270,10.8,212.259432967287,11.3177963780366,-224.666965682469,-13.8016012060779,439.410203477797,0,0,0,0,-17.9351621323401,-16.5499088375719,-3.82053879857166e-05,0.000140931010909645,-2.7238602942202,0.509009792700741
271,10.84,212.255893807942,11.3134305040944,-224.685374937306,-13.8012180337225,439.429056274877,0,0,0,0,-17.9346635729989,-16.5718496524013,-3.82067913165368e-05,0.000140925140075592,-2.69882716947426,0.509011243825141
272,10.88,212.252275013677,11.3088708168168,-224.703812495998,-13.8007156300111,439.447932322869,0,0,0,0,-17.9340102686859,-16.5938578633765,-3.82096097847838e-05,0.000140917697883713,-2.67363514813642,0.509012030813858
273,10.92,212.248576891813,11.3041302294542,-224.722273495227,-13.800106482187,439.466826639773,0,0,0,0,-17.9332184286861,-16.6159325216222,-3.82138230645694e-05,0.000140908708494815,-2.64828621933428,0.509012324930332
274,10.96,212.244800541197,11.2992486530372,-224.740752961899,-13.7994294414895,439.485734291549,0,0,0,0,-17.93233847619,-16.6380812381161,-3.82197113624511e-05,0.000140897900151345,-2.62278229059393,0.509012608837719
275,11,212.240947640144,11.2942769249188,-224.75924584893,-13.7987338063708,439.504650370526,0,0,0,0,-17.9314343909661,-16.6603148097637,-3.82285380363941e-05,0.000140884021084621,-2.59712547974122,0.509013357496202
276,11.04,212.237020138111,11.2892598893118,-224.777747079861,-13.7980626521611,439.523569980821,0,0,0,0,-17.9305620752068,-16.6826416339736,-3.82377767127268e-05,0.000140869604358979,-2.57131792099818,0.509014871761265
277,11.08,212.23301967696,11.2842271571562,-224.796251579888,-13.7974441294204,439.542488229112,0,0,0,0,-17.9297580573425,-16.7050651669701,-3.82405252154925e-05,0.0001408615534383,-2.54536162107519,0.509017271063576
278,11.12,212.228947496409,11.2791913851041,-224.814754307717,-13.7968898051967,439.561400224219,0,0,0,0,-17.9290373435622,-16.7275834093471,-3.82352264377202e-05,0.000140861428157487,-2.51925862342739,0.509020510986369
279,11.16,212.224804490402,11.2741545899019,-224.833250308711,-13.7964008928208,439.580301102032,0,0,0,0,-17.9284015073941,-16.7501911008455,-3.82313894610239e-05,0.000140859725730061,-2.49301097810018,0.509024439537112
280,11.2,212.220591292479,11.2691175055972,-224.851734793394,-13.7959774997417,439.599186080018,0,0,0,0,-17.9278506875693,-16.7728830245363,-3.82377673770667e-05,0.000140847695892909,-2.46662069300526,0.509028910909414
281,11.24,212.216308455616,11.2640831753864,-224.870203225902,-13.7956220156755,439.618050521808,0,0,0,0,-17.9273879846315,-16.7956551474092,-3.8249963629191e-05,0.00014082972791714,-2.4400897959163,0.509033862402829
282,11.28,212.211956295154,11.2590524577833,-224.888651388608,-13.7953347541423,439.636889980121,0,0,0,0,-17.927013807508,-16.8185032563999,-3.82587108410279e-05,0.00014081507370148,-2.41342043666697,0.509039269399264
283,11.32,212.207534761025,11.2540139791761,-224.907075371566,-13.7951040276573,439.655700181072,0,0,0,0,-17.9267129942655,-16.8414194431819,-3.82624091447893e-05,0.000140805316751696,-2.3866149154268,0.509045011622499
284,11.36,212.203043259742,11.2489381113959,-224.925471458074,-13.7949003309434,439.674476937363,0,0,0,0,-17.9264472579314,-16.8643899786551,-3.82646805990866e-05,0.000140796823542373,-2.35967551052279,0.509050758309521
285,11.4,212.19848045425,11.243779551524,-224.94383594016,-13.794679183253,439.693216026139,0,0,0,0,-17.9261588732629,-16.8873962697723,-3.82669730813699e-05,0.000140788140746388,-2.3326045034179,0.509055926417363
286,11.44,212.193844785409,11.2384851254379,-224.962164951684,-13.7943884994543,439.711913111109,0,0,0,0,-17.925780247122,-16.9104168138571,-3.82680472979482e-05,0.000140780506386899,-2.30540426308648,0.509059739139554
287,11.48,212.189135061295,11.2330090910242,-224.980454402101,-13.7939834088303,439.730563781202,0,0,0,0,-17.9252531512527,-16.9334319720099,-3.82687408442272e-05,0.000140773083624051,-2.27807708421157,0.509061464321856
288,11.52,212.184350888602,11.2273314492658,-224.998700030007,-13.7934442203965,439.74916368974,0,0,0,0,-17.9245520335543,-16.9564302693506,-3.82722632424959e-05,0.000140762663562393,-2.25062517472887,0.509060781815912
289,11.56,212.179493097755,11.2214667123269,-225.016897533076,-13.7927847712202,439.767708689724,0,0,0,0,-17.9236948524751,-16.9794113289359,-3.82787603141429e-05,0.000140749100315782,-2.2230507680206,0.509057982444808
290,11.6,212.174563655336,11.215457908675,-225.035042703111,-13.7920464196652,439.786194869437,0,0,0,0,-17.9227352816678,-17.0023840091575,-3.82856808006243e-05,0.000140734944351676,-2.1953561236145,0.509053785648986
291,11.64,212.169565306257,11.2093592129662,-225.053131499509,-13.7912808868288,439.804618479628,0,0,0,0,-17.9217404405241,-17.0253605644467,-3.82921993550697e-05,0.000140721018013643,-2.16754355152486,0.509048955256416
292,11.68,212.164501002574,11.2032191785055,-225.071160052196,-13.7905339558953,439.82297583216,0,0,0,0,-17.9207697397378,-17.0483511903073,-3.82991095043273e-05,0.000140706522307401,-2.13961540717008,0.509044052860572
293,11.72,212.159373173799,11.1970723114936,-225.089124640769,-13.789837750849,439.841263253924,0,0,0,0,-17.9198648624826,-17.0713618107736,-3.83058425415346e-05,0.000140692017798727,-2.11157409282042,0.509039406416098
294,11.76,212.154183529388,11.1909351919235,-225.107021676068,-13.7892070907172,439.85947710425,0,0,0,0,-17.9190450359377,-17.0943928291836,-3.83087925848183e-05,0.000140681099695003,-2.08342209242385,0.50903516033519
295,11.8,212.148933283371,11.1848083168534,-225.124847664131,-13.7886411746627,439.877613805311,0,0,0,0,-17.9183092184639,-17.1174394240738,-3.83067397221615e-05,0.000140674976971375,-2.0551619176128,0.50903134200574
296,11.84,212.143623385041,11.1786863141838,-225.142599145393,-13.7881336311967,439.895669847447,0,0,0,0,-17.9176491397409,-17.1404949694256,-3.8306419219714e-05,0.000140666906787802,-2.02679606772696,0.509027950588237
297,11.88,212.138254845016,11.1725689188135,-225.160272647809,-13.7876832014468,439.913641775458,0,0,0,0,-17.9170631649063,-17.1635546878373,-3.83135929471655e-05,0.000140651126798279,-1.99832705947907,0.509025044431471
298,11.92,212.132828899588,11.166464116907,-225.177864701087,-13.7872966984564,439.931526182225,0,0,0,0,-17.9165601349155,-17.1866166592204,-3.8323797072757e-05,0.000140632109475339,-1.96975739049605,0.509022770510274
299,11.96,212.127346765639,11.1603815891093,-225.195371909315,-13.7869826294626,439.949319715308,0,0,0,0,-17.9161510906092,-17.209679741275,-3.83308369374226e-05,0.000140616064894407,-1.94108948236687,0.509021312414632
300,12,212.121809240233,11.1543210670928,-225.212791035706,-13.7867398756771,439.967019084523,0,0,0,0,-17.9158345822706,-17.2327397344875,-3.8335479533e-05,0.000140602241749824,-1.91232572743658,0.509020805176058
301,12.04,212.116216302641,11.1482647897738,-225.230119070493,-13.7865504916964,439.984621075057,0,0,0,0,-17.9155873249494,-17.2557870349354,-3.834060633067e-05,0.000140587767829023,-1.88346854722202,0.50902127011919
302,12.08,212.11056684439,11.1421774164307,-225.247353285077,-13.7863798718246,440.002122584861,0,0,0,0,-17.9153644141331,-17.2788069073714,-3.83461676049614e-05,0.000140572693127953,-1.85452042052008,0.50902256129658
303,12.12,212.104858916007,11.1360089577277,-225.264491252241,-13.7861794644731,440.019520674994,0,0,0,0,-17.9151028484547,-17.3017801939813,-3.83500098200031e-05,0.000140559165264096,-1.82548393193609,0.509024306995719
304,12.16,212.09909038585,11.1297022095903,-225.281530768025,-13.7858936386218,440.036812582907,0,0,0,0,-17.9147304403966,-17.324685150201,-3.83508866502042e-05,0.000140548424398375,-1.79636172778707,0.509025925459509
305,12.2,212.093259655127,11.1232093261849,-225.298469636479,-13.785475693216,440.053995658637,0,0,0,0,-17.9141865923787,-17.3475026924144,-3.83515194844903e-05,0.000140537744838803,-1.76715647174339,0.509026839295191
306,12.24,212.087366344421,11.1165109071863,-225.315305402556,-13.7849064122555,440.071067252045,0,0,0,0,-17.9134463736784,-17.370222752923,-3.83559840766572e-05,0.000140523045349566,-1.73787085687124,0.509026818908651
307,12.28,212.081411682091,11.1096246730443,-225.332035219828,-13.7842024107189,440.088024639594,0,0,0,0,-17.9125313473529,-17.3928472077523,-3.83640325489519e-05,0.000140504569506418,-1.70850756653981,0.509026134184344
308,12.32,212.07539840331,11.1025976127325,-225.348655962343,-13.7834083013766,440.104865054297,0,0,0,0,-17.911499403757,-17.4153872140461,-3.83724709286869e-05,0.000140485514569862,-1.67906919909093,0.509025327516738
309,12.36,212.069330230717,11.0954876130804,-225.365164485378,-13.7825786858718,440.121585788887,0,0,0,0,-17.9104213932686,-17.4378570543638,-3.83794503685859e-05,0.000140467737400142,-1.64955828273378,0.509024858930698
310,12.4,212.063211140652,11.0883470495683,-225.381557841175,-13.7817623495769,440.138184281836,0,0,0,0,-17.9093606182223,-17.4602689159788,-3.83845003111469e-05,0.000140451713796619,-1.61997734014475,0.509024970360118
311,12.44,212.057044635507,11.0812148195518,-225.397833351156,-13.7809949614528,440.154658128564,0,0,0,0,-17.9083633596322,-17.4826307703763,-3.83894091260497e-05,0.000140435655167737,-1.59032891585429,0.509025766736537
312,12.48,212.050833261157,11.0741130588609,-225.413988575853,-13.78029625996,440.171005038109,0,0,0,0,-17.907455226234,-17.504945627888,-3.83965101858099e-05,0.000140417223651011,-1.56061560286425,0.509027293847534
313,12.52,212.044578517821,11.0670456128851,-225.430021264952,-13.7796686232652,440.187222793153,0,0,0,0,-17.9066393001905,-17.5272109156758,-3.84023533842729e-05,0.000140399863400882,-1.53084007178102,0.509029518168995
314,12.56,212.038281117366,11.0600020838092,-225.445929320118,-13.7791008882802,440.203309241955,0,0,0,0,-17.9059010938752,-17.5494196022295,-3.84026319782455e-05,0.000140387877003078,-1.501005032353,0.509032290668134
315,12.6,212.031941561278,11.0529691202072,-225.461710752796,-13.7785791107354,440.219262304602,0,0,0,0,-17.9052225133333,-17.5715638122481,-3.84028792210809e-05,0.000140375730181401,-1.47111320974002,0.509035400492855
316,12.64,212.025560767258,11.0459432630553,-225.477363632217,-13.7780988353146,440.235079971734,0,0,0,0,-17.9045977778874,-17.593639088461,-3.84104224798659e-05,0.000140356097132789,-1.44116734288774,0.50903870814494
317,12.68,212.01914031936,11.0389359021566,-225.492886060974,-13.7776698245242,440.250760302702,0,0,0,0,-17.9040395533126,-17.6156460949585,-3.84208267103287e-05,0.000140333417575748,-1.41117014510912,0.509042229458027
318,12.72,212.012682261121,11.0319658241191,-225.508276199991,-13.7773087968501,440.266301433843,0,0,0,0,-17.9035695308784,-17.6375879834643,-3.84266033455763e-05,0.000140315189378022,-1.38112429613196,0.50904608704044
319,12.76,212.00618849975,11.0250461117139,-225.523532302438,-13.7770268899923,440.281701580466,0,0,0,0,-17.9032021623849,-17.6594659543647,-3.84300088404334e-05,0.000140299168524568,-1.35103246409495,0.509050398325866
320,12.8,211.999660144557,11.0181753752209,-225.538652700152,-13.7768215348115,440.296959004299,0,0,0,0,-17.9029341153672,-17.6812765420566,-3.84359826176621e-05,0.000140280425809163,-1.32089733182088,0.509055199473337
321,12.84,211.993097085055,11.0113356067572,-225.553635749535,-13.7766747249333,440.312071952765,0,0,0,0,-17.9027420271273,-17.7030111656549,-3.8443713060946e-05,0.000140259776485234,-1.29072159161769,0.50906040653486
322,12.88,211.986497830619,11.0044925103498,-225.56847980995,-13.7765534931983,440.327038623417,0,0,0,0,-17.9025831230805,-17.7246563323213,-3.84507280497072e-05,0.000140239689472809,-1.26050794511269,0.509065762891603
323,12.92,211.979859606402,10.9975960912921,-225.58318331046,-13.7764103794087,440.341857204979,0,0,0,0,-17.9023958246187,-17.7461936757293,-3.84557471649487e-05,0.000140221437816023,-1.23025911069759,0.509070761504044
324,12.96,211.973178829231,10.9905853613952,-225.597744864549,-13.7761876537075,440.356525986092,0,0,0,0,-17.9021052301645,-17.7676012303098,-3.84576511578124e-05,0.00014020613613506,-1.19997777391093,0.509074623900602
325,13,211.966452143089,10.9834022362229,-225.612163315691,-13.7758302383443,440.371043460902,0,0,0,0,-17.9016398814737,-17.7888577618471,-3.84580021441686e-05,0.000140192230377137,-1.16966659858038,0.509076489039276
326,13.04,211.959677737131,10.976012701837,-225.626437644049,-13.7753056821114,440.385408361455,0,0,0,0,-17.9009576778194,-17.8099497845895,-3.84612903560968e-05,0.000140175243285662,-1.13932824875627,0.509075836778438
327,13.08,211.952856239711,10.9684226986885,-225.640566803213,-13.7746192601724,440.399619604408,0,0,0,0,-17.9000654663668,-17.8308770643987,-3.84689498692378e-05,0.000140153724420063,-1.10896539051081,0.509072833754537
328,13.12,211.945990805694,10.9606752105562,-225.654549610998,-13.7738109808534,440.41367618699,0,0,0,0,-17.899015157933,-17.8516514344527,-3.84779003428108e-05,0.00014013071035998,-1.0785807170028,0.509068225460352
329,13.16,211.93908630906,10.9528312409382,-225.668384725618,-13.7729372829033,440.427577076643,0,0,0,0,-17.8978799795266,-17.8722900468809,-3.84864309494989e-05,0.000140107892610401,-1.04817697022635,0.509062879236511
330,13.2,211.932148125147,10.9449502181027,-225.682070650422,-13.7720525710018,440.441321128468,0,0,0,0,-17.8967305175666,-17.8928088545007,-3.84944046089605e-05,0.000140085427055053,-1.01775693939074,0.509057432626987
331,13.24,211.925181118048,10.9370799230362,-225.6956057513,-13.7712001155469,440.454907061859,0,0,0,0,-17.8956229121255,-17.9132197562262,-3.84991786510046e-05,0.000140065986688026,-0.987323422062155,0.509052237496303
332,13.28,211.91818910211,10.9292535965284,-225.70898833966,-13.7704096759009,440.468333521142,0,0,0,0,-17.8945957725965,-17.9335301218219,-3.85006619761786e-05,0.000140049682423594,-0.956879193348538,0.509047449474133
333,13.32,211.911174626529,10.9214887329619,-225.722216844851,-13.7696964703115,440.481599208729,0,0,0,0,-17.8936688406882,-17.9537426349229,-3.85057609685606e-05,0.000140029606474869,-0.926426990836652,0.509043111190977
334,13.36,211.904138869637,10.9137864465532,-225.735290004373,-13.7690605975683,440.494703025024,0,0,0,0,-17.8928422410944,-17.9738552259586,-3.85166849779799e-05,0.000140003530545622,-0.895969462697601,0.509039194652314
335,13.4,211.897081782832,10.9061325826411,-225.748206947322,-13.768487980001,440.507644127515,0,0,0,0,-17.892097707308,-17.9938612953759,-3.85237664335213e-05,0.000139981101708566,-0.865509199890324,0.509035616756155
336,13.44,211.890002712496,10.898503898201,-225.76096709877,-13.7679559557093,440.520421868773,0,0,0,0,-17.8914058376195,-18.0137513157504,-3.85223542569099e-05,0.000139966963773283,-0.835048784941863,0.509032265693542
337,13.48,211.882901382822,10.8908817237366,-225.773569958082,-13.7674460426609,440.533035659829,0,0,0,0,-17.8907426542399,-18.0335171506967,-3.85232838665746e-05,0.000139950288637715,-0.804590816375291,0.509029067347676
338,13.52,211.875778781298,10.8832659017802,-225.78601489302,-13.7669570778895,440.545484850428,0,0,0,0,-17.8901066486816,-18.0531567879929,-3.85345065194761e-05,0.000139923137743937,-0.774137949946541,0.509026046978573
339,13.56,211.868637339989,10.8756764205992,-225.798301070857,-13.7665067015913,440.557768691838,0,0,0,0,-17.8895207057825,-18.0726748872856,-3.85468740139492e-05,0.000139894670215895,-0.743692896642654,0.509023308239191
340,13.6,211.861480246932,10.868140650211,-225.810427539255,-13.7661192468606,440.569886382837,0,0,0,0,-17.889016393104,-18.0920783244988,-3.85502451503143e-05,0.000139875036125804,-0.713258413405274,0.5090209525827
341,13.64,211.85431038044,10.86067866438,-225.822393381789,-13.7658120590509,440.5818371569,0,0,0,0,-17.8886162136443,-18.1113713805189,-3.8550333463111e-05,0.000139858529209135,-0.682837254758165,0.509019052271414
342,13.68,211.847129525985,10.8532971944024,-225.834197867847,-13.7655901661665,440.593620365596,0,0,0,0,-17.8883266916092,-18.1305542427233,-3.85564985422382e-05,0.000139835793574497,-0.652432135517394,0.509017702732271
343,13.72,211.83993815793,10.8459897356106,-225.845840548821,-13.7654465527743,440.605235523914,0,0,0,0,-17.8881387258229,-18.1496233357813,-3.85666452900091e-05,0.000139808924507321,-0.622045722797417,0.509017052763141
344,13.76,211.832735369134,10.8387367488103,-225.857321269081,-13.7653624045151,440.616682293919,0,0,0,0,-17.8880279063702,-18.1685713873794,-3.85750589613475e-05,0.000139783636531928,-0.591680614664849,0.50901723856734
345,13.8,211.825518706853,10.8315040425119,-225.868640077551,-13.7653056636888,440.627960405581,0,0,0,0,-17.8879526407478,-18.1873867118975,-3.85815776453073e-05,0.000139760092919074,-0.561339383252903,0.509018254346935
346,13.84,211.818284001245,10.8242412641507,-225.87979707114,-13.7652297450722,440.639069553306,0,0,0,0,-17.8878524905228,-18.2060524868157,-3.85871835204768e-05,0.000139737315439015,-0.53102464477319,0.509019835653527
347,13.88,211.811025650605,10.8168842901932,-225.890792243711,-13.7650757317398,440.650009335863,0,0,0,0,-17.8876510226747,-18.2245471546678,-3.85902850441511e-05,0.000139716903431387,-0.500739057793978,0.509021433931648
348,13.92,211.803737858827,10.8093668812883,-225.901625399283,-13.7647829064652,440.660779283286,0,0,0,0,-17.8872694731577,-18.242847829393,-3.85908920037662e-05,0.000139698856611642,-0.470485331544228,0.509022372499979
349,13.96,211.796416619358,10.8016432396054,-225.912296140134,-13.7643094302454,440.671378950133,0,0,0,0,-17.8866535696563,-18.2609378857394,-3.85932924871937e-05,0.000139678889034303,-0.440266145858811,0.509022192457448
350,14,211.789061435073,10.7937090970633,-225.922803917158,-13.7636517500558,440.681808005224,0,0,0,0,-17.8857987051666,-18.2788145275802,-3.86005131885779e-05,0.000139653962567569,-0.410084112693473,0.509020957659444
351,14.04,211.781675713089,10.7856034938007,-225.933148122852,-13.7628459129779,440.692066255119,0,0,0,0,-17.8847516426256,-18.2964894737107,-3.86097831431978e-05,0.000139626837941333,-0.379941767101456,0.509019203626191
352,14.08,211.774265569933,10.7773899129439,-225.943328188488,-13.7619497543699,440.702153599847,0,0,0,0,-17.8835874100458,-18.3139822546332,-3.86176039144483e-05,0.000139601024541128,-0.349841546565434,0.509017555965301
353,14.12,211.766837991952,10.7691332672487,-225.953343634584,-13.7610216084106,440.712069967698,0,0,0,0,-17.8823816844964,-18.3313122810897,-3.86252195802044e-05,0.000139575298523783,-0.31978589473558,0.509016393172632
354,14.16,211.759399418103,10.7608874015582,-225.9631940685,-13.7601091946654,440.721815279711,0,0,0,0,-17.8811963748695,-18.3484950297638,-3.86344834333357e-05,0.000139547819590696,-0.289777293459597,0.509015795284421
355,14.2,211.751955109915,10.7526922349951,-225.972879171919,-13.7592474142745,440.731389461113,0,0,0,0,-17.8800767611386,-18.3655415247998,-3.86412837872879e-05,0.000139522704683268,-0.25981830313553,0.509015680464286
356,14.24,211.744509028943,10.7445736747738,-225.982398711064,-13.7584584152234,440.740792480457,0,0,0,0,-17.8790515757722,-18.382458380747,-3.86409916803184e-05,0.000139504584893206,-0.229911577027043,0.509015952963648
357,14.28,211.737063771939,10.7365446139797,-225.991752566807,-13.7577526616188,440.750024386386,0,0,0,0,-17.8781343904235,-18.3992482833416,-3.8640177340009e-05,0.000139486892197092,-0.200059771426979,0.509016585719988
358,14.32,211.729620515679,10.728605934261,-226.000940755004,-13.7571299761523,440.759085312574,0,0,0,0,-17.877324970891,-18.4159104514303,-3.86496498956027e-05,0.000139458821027817,-0.170265502057999,0.509017619820089
359,14.36,211.722178842123,10.7207457702268,-226.009963403918,-13.7565789585336,440.767975434347,0,0,0,0,-17.8766085250738,-18.4324403959639,-3.86651364614817e-05,0.000139424649032963,-0.14053129214742,0.509019089771017
360,14.4,211.714736709729,10.7129383226153,-226.018820675115,-13.7560758279557,440.776694890185,0,0,0,0,-17.8759542023905,-18.4488291759061,-3.86717213064597e-05,0.000139399296099785,-0.110859571211157,0.509020930079533
361,14.44,211.707291270449,10.7051496150489,-226.02751265108,-13.7555894072839,440.785243713765,0,0,0,0,-17.8753215587588,-18.4650647683477,-3.86673817454784e-05,0.000139384785491974,-0.0812527464793268,0.509022960557188
362,14.48,211.699840579693,10.6973547580932,-226.036039254968,-13.7550967554509,440.793621832018,0,0,0,0,-17.8746808353627,-18.4811378792661,-3.86664206303473e-05,0.000139366809885398,-0.0517132382295853,0.509024990915183
363,14.52,211.692385260724,10.6895547554848,-226.044400269394,-13.7545983714146,440.801829146048,0,0,0,0,-17.8740326805871,-18.4970478823445,-3.86785620473356e-05,0.000139335638295269,-0.0222435027728217,0.509026951470971
364,14.56,211.684928722812,10.6817764502197,-226.052595457136,-13.7541179185416,440.80986564827,0,0,0,0,-17.8734077911761,-18.5128028209987,-3.86947763564482e-05,0.000139300296120049,0.00715399085147221,0.50902892107689
365,14.6,211.677475700069,10.6740554417198,-226.060624707887,-13.7536865355619,440.817731501798,0,0,0,0,-17.8728465596416,-18.5284134468157,-3.87002504520202e-05,0.000139275597781921,0.0364768201741041,0.509031043939977
366,14.64,211.670030436845,10.6664185627651,-226.068488117858,-13.7533270487008,440.825427040639,0,0,0,0,-17.8723785956069,-18.5438873200836,-3.86964581473844e-05,0.00013926007511725,0.0657225973494661,0.509033445024552
367,14.68,211.662595804511,10.6588794415825,-226.076185971528,-13.7530503743492,440.832952708806,0,0,0,0,-17.8720180606142,-18.5592278092305,-3.86973138669385e-05,0.000139239820681968,0.0948889665343732,0.509036217994349
368,14.72,211.655173407654,10.6514424188941,-226.083718666632,-13.7528593298623,440.840308985254,0,0,0,0,-17.8717686104051,-18.5744357120738,-3.87072668056051e-05,0.000139210390717945,0.123973582809347,0.509039447126105
369,14.76,211.64776378774,10.6441042889911,-226.09108663541,-13.7527501881459,440.847496322305,0,0,0,0,-17.8716254103545,-18.5895096575409,-3.87185431386045e-05,0.000139179560195648,0.152974070044815,0.509043206115005
370,14.8,211.640366187399,10.6368522162844,-226.098290293961,-13.7527108383142,440.85451510339,0,0,0,0,-17.871572747931,-18.6044452582663,-3.87258260088496e-05,0.000139152642117352,0.181888032698074,0.509047530089298
371,14.84,211.632978093728,10.629660909752,-226.105330039561,-13.752718403332,440.861365626869,0,0,0,0,-17.8715809421674,-18.619234231786,-3.8731216009012e-05,0.000139127530278452,0.210713053921319,0.509052363370054
372,14.88,211.625594748231,10.622490177436,-226.112206306582,-13.7527372528041,440.868048130181,0,0,0,0,-17.8716037691679,-18.6338637776445,-3.87374370750692e-05,0.000139101498861475,0.239446740684828,0.509057464258389
373,14.92,211.618208853402,10.6152825735715,-226.118919654019,-13.7527169200346,440.874562853885,0,0,0,0,-17.8715757640761,-18.6483157051477,-3.87431927125585e-05,0.000139075850778999,0.268086777327371,0.509062286625893
374,14.96,211.610811146127,10.6079660288526,-226.125470800171,-13.7525941909001,440.880910108346,0,0,0,0,-17.871414931893,-18.6625667919656,-3.8745626355369e-05,0.000139053457946952,0.296630899822149,0.509065958865144
375,15,211.603392525426,10.6004697248636,-226.131860522255,-13.7523069737536,440.88709029657,0,0,0,0,-17.8710407358185,-18.676593668076,-3.87457251469525e-05,0.000139033347825881,0.325076878274972,0.509067522085852
376,15.04,211.595947319023,10.5927511347971,-226.138089444826,-13.7518182565918,440.893103885644,0,0,0,0,-17.8704051695166,-18.690381978694,-3.87483831519619e-05,0.000139010621240427,0.353422469326728,0.509066407437068
377,15.08,211.588475731212,10.5848166016906,-226.144157869278,-13.7511343671589,440.898951365958,0,0,0,0,-17.8695164407126,-18.7039337233628,-3.87558500288259e-05,0.000138983003215227,0.381665380483513,0.509062802011343
378,15.12,211.580983706951,10.5767173301533,-226.150065794117,-13.7503010718219,440.904633242737,0,0,0,0,-17.868433911675,-18.7172658233549,-3.8765078837009e-05,0.000138953542779839,0.409803306531024,0.50905753050753
379,15.16,211.573480436238,10.5685245512392,-226.155813103422,-13.7493810679071,440.910150056327,0,0,0,0,-17.8672389075619,-18.7304012414254,-3.87727110876739e-05,0.000138925648305296,0.437833947014193,0.509051563701042
380,15.2,211.565975392827,10.560305404789,-226.161399756632,-13.7484326430249,440.915502387695,0,0,0,0,-17.866007036837,-18.7433609208572,-3.87787568320622e-05,0.000138899358309697,0.465755062485382,0.509045616400323
381,15.24,211.558476617783,10.5521126269336,-226.166825853616,-13.7475009769077,440.920690821374,0,0,0,0,-17.864796909941,-18.7561608879414,-3.87853863866335e-05,0.000138872518264497,0.493564504577107,0.509040057922659
382,15.28,211.550990352975,10.5439844538087,-226.172091584178,-13.7466184027003,440.925715886044,0,0,0,0,-17.8636504753698,-18.7688125859199,-3.87937911741284e-05,0.000138843910184135,0.521260182729544,0.509035012413329
383,15.32,211.543521122004,10.535946413302,-226.177197153225,-13.7458061603358,440.930578022263,0,0,0,0,-17.8625952889789,-18.781323513988,-3.88008708408468e-05,0.000138816583108843,0.548840032353532,0.509030478123239
384,15.36,211.536071830293,10.5280120740009,-226.182142755635,-13.7450750926582,440.935277604585,0,0,0,0,-17.8616454149939,-18.7936973375314,-3.88016515085164e-05,0.000138795469158605,0.576301967524376,0.50902640110561
385,15.4,211.528644013063,10.5201852927463,-226.186928612828,-13.7444276690726,440.939815002218,0,0,0,0,-17.8608040520545,-18.8059346561062,-3.87990962814941e-05,0.000138777594363597,0.603643874956253,0.509022718396655
386,15.44,211.521238192711,10.5124640310521,-226.191555042965,-13.7438614404166,440.944190645041,0,0,0,0,-17.8600680175639,-18.8180345172614,-3.88040437414242e-05,0.000138752135258576,0.630863636951095,0.509019388596666
387,15.48,211.513853785921,10.5048406459511,-226.19602252875,-13.743369402765,440.948405071484,0,0,0,0,-17.8594282227184,-18.8299947107106,-3.88185774499905e-05,0.000138717032604984,0.657959143022589,0.50901639393723
388,15.52,211.506488303713,10.4972956707033,-226.200331746686,-13.7429345660442,440.952458945739,0,0,0,0,-17.8588626288173,-18.8418094964056,-3.88310341705015e-05,0.00013868397236091,0.684928311690277,0.50901369945422
389,15.56,211.49913688412,10.4897927232142,-226.204483519178,-13.742525351091,440.956353031175,0,0,0,0,-17.8583302747031,-18.8534673040317,-3.88329741555655e-05,0.000138661412982211,0.711769102634604,0.509011209450197
390,15.6,211.491793628011,10.4822875270899,-226.208478678851,-13.742103337132,440.960088116904,0,0,0,0,-17.8577813243328,-18.8649534339394,-3.88290572777851e-05,0.000138644709171577,0.738479490744744,0.509008788771161
391,15.64,211.484454684714,10.4747508470724,-226.212317907619,-13.7416431864293,440.96366493169,0,0,0,0,-17.857182911818,-18.8762579977943,-3.88292904705642e-05,0.000138623864213252,0.765057436965316,0.509006350935227
392,15.68,211.477120869445,10.4671873439799,-226.216001663839,-13.7411489168954,440.9670841062,0,0,0,0,-17.8565402503107,-18.8873826395246,-3.88390410023058e-05,0.000138593517446851,0.791500867910572,0.509003924174983
393,15.72,211.46979753738,10.4596326092311,-226.219530259566,-13.7406510265194,440.970346214234,0,0,0,0,-17.8558929007407,-18.8983394586376,-3.88538188182232e-05,0.000138558163787912,0.817807700689253,0.509001611552292
394,15.76,211.462491774994,10.4521308409517,-226.222904018303,-13.7401868966223,440.973451848967,0,0,0,0,-17.8552893504035,-18.9091430723726,-3.88624794947474e-05,0.000138528952530954,0.843975911840452,0.50899947712017
395,15.8,211.455209328649,10.4447135168742,-226.226123361654,-13.7397824738086,440.976401647238,0,0,0,0,-17.854763253395,-18.9198033268721,-3.88608151105428e-05,0.000138510096616838,0.870003575017107,0.508997478729501
396,15.84,211.447953582259,10.4373949325255,-226.229188744068,-13.7394488309416,440.979196224743,0,0,0,0,-17.8543289717232,-18.930324147057,-3.88583416513834e-05,0.000138492083111861,0.895888842193468,0.508995515455356
397,15.88,211.440726473602,10.4301811058132,-226.232100516407,-13.7391902030521,440.981836087248,0,0,0,0,-17.8539919993091,-18.9407069797551,-3.88639135785283e-05,0.000138466054973107,0.92162988646929,0.508993536519195
398,15.92,211.433529535064,10.4230772404754,-226.234858883633,-13.7390104494937,440.984321627715,0,0,0,0,-17.8537573436132,-18.9509533838576,-3.88736745980277e-05,0.000138435858507872,0.94722484844555,0.508991609593036
399,15.96,211.426363895777,10.4160863919993,-226.237464038249,-13.7389117058258,440.986653247852,0,0,0,0,-17.85362777549,-18.9610643449012,-3.88811054558754e-05,0.000138407999261787,0.972671814980356,0.508989905874394
400,16,211.419229628458,10.4092047258055,-226.23991638232,-13.738890234876,440.988831519849,0,0,0,0,-17.8535984456101,-18.9710386787086,-3.8886240512717e-05,0.000138382432130575,0.99796884981672,0.508988644156107
401,16.04,211.412125239768,10.4024192546033,-226.242216667205,-13.7389346032509,440.990857255621,0,0,0,0,-17.8536545182752,-18.9808725295503,-3.8891257626399e-05,0.000138356974684061,1.02311407533972,0.508988041796592
402,16.08,211.405047281522,10.3957067543359,-226.244365954259,-13.7390249444622,440.992731425907,0,0,0,0,-17.8537702180752,-18.9905591650611,-3.8897074656327e-05,0.000138330709555059,1.04810569980446,0.508988264121691
403,16.12,211.397989622159,10.3890303021889,-226.246365446396,-13.7391302292451,440.994454995611,0,0,0,0,-17.8539052937215,-19.0000877484069,-3.89036398766042e-05,0.000138303693105782,1.0729419589078,0.508989338028517
404,16.16,211.390942525311,10.3823339914661,-226.2482163207,-13.739203944986,440.996028799531,0,0,0,0,-17.8539994174958,-19.0094412850922,-3.89093201101927e-05,0.000138277568367569,1.09762106160917,0.508991028557254
405,16.2,211.383892703803,10.3755424113713,-226.249919644046,-13.7391835938117,440.99745353029,0,0,0,0,-17.8539715331915,-19.0185959273314,-3.89117793823977e-05,0.000138254686272127,1.12214120418775,0.50899276087169
406,16.24,211.376825811998,10.3685742802614,-226.251476346311,-13.7390019341144,440.998729812162,0,0,0,0,-17.8537344317114,-19.0275250942585,-3.89112696307117e-05,0.000138234809194534,1.14650059722484,0.508993750185669
407,16.28,211.369731298243,10.3613716214598,-226.252887183683,-13.7386114207988,440.999858281265,0,0,0,0,-17.8532264482617,-19.0362095501328,-3.8911930754973e-05,0.000138213800306864,1.1706974429209,0.508993407051813
408,16.32,211.362606910533,10.3539274015186,-226.254152687729,-13.7380074174939,441.000839614237,0,0,0,0,-17.8524415689558,-19.0446474631519,-3.89172107230835e-05,0.00013818819830726,1.19472997189633,0.508991755080436
409,16.36,211.355459536921,10.3462883804798,-226.255273158137,-13.7372301865831,441.001674501161,0,0,0,0,-17.851432013175,-19.0528553701992,-3.8925434077028e-05,0.000138159668304452,1.21859653072736,0.508989432449796
410,16.4,211.34830178045,10.3385308867586,-226.256248716444,-13.7363439823082,441.002363592444,0,0,0,0,-17.8502811188312,-19.0608592241815,-3.89330830843306e-05,0.000138131748472448,1.24229556018338,0.508987243279747
411,16.44,211.341147136141,10.3307307639793,-226.257079375817,-13.7354117123273,441.002907460306,0,0,0,0,-17.8490704759116,-19.0686837674202,-3.89393986954463e-05,0.00013810521541153,1.26582548625713,0.50898571010755
412,16.48,211.334006845436,10.3229471948147,-226.257765109519,-13.7344818515924,441.003306611732,0,0,0,0,-17.8478629568781,-19.0763475574121,-3.89451119516244e-05,0.000138079344930593,1.2891846527294,0.508984965788894
413,16.52,211.326889221239,10.3152214396199,-226.258305954123,-13.7335878291766,441.003561564918,0,0,0,0,-17.8467019248784,-19.0838632173894,-3.89498440872219e-05,0.000138054513269988,1.31237134760912,0.508984892882645
414,16.56,211.319800185319,10.3075812225333,-226.258702151431,-13.7327518404153,441.003672954632,0,0,0,0,-17.8456161755307,-19.0912392839776,-3.89534139373835e-05,0.000138030893977613,1.33538388569828,0.508985283047074
415,16.6,211.312743774135,10.3000440606828,-226.258954250674,-13.7319876293367,441.003641593463,0,0,0,0,-17.8446235407233,-19.0984814271287,-3.8958467953278e-05,0.000138005833589073,1.3582206695601,0.508985921256748
416,16.64,211.305722266583,10.2926181287505,-226.259063073944,-13.7313012174591,441.003468429235,0,0,0,0,-17.8437318316937,-19.105592624599,-3.89656757687632e-05,0.000137978659789118,1.38088019297798,0.508986615957175
417,16.68,211.298736320497,10.2853028977242,-226.259029533449,-13.7306914543957,441.003154410617,0,0,0,0,-17.8429395544982,-19.1125730636054,-3.89689494744086e-05,0.000137955461739567,1.40336097987136,0.508987221198045
418,16.72,211.291785688619,10.2780929047934,-226.258854408469,-13.7301531564282,441.002700348723,0,0,0,0,-17.842239982818,-19.1194211010903,-3.89663461971474e-05,0.000137938184611782,1.4256615136576,0.508987673706157
419,16.76,211.284870350454,10.2709844120159,-226.25853823508,-13.7296826992715,441.00210687279,0,0,0,0,-17.8416284128962,-19.1261355790289,-3.89675453915482e-05,0.000137917150331615,1.4477802312691,0.508988029031385
420,16.8,211.277990709644,10.2639774770406,-226.258081383471,-13.7292798892864,441.001374505361,0,0,0,0,-17.8411045916955,-19.1327169367307,-3.89783389698378e-05,0.000137886567904553,1.46971557081406,0.508988447591607
421,16.84,211.271145774525,10.2570662566418,-226.257484253802,-13.7289400169392,441.000503788625,0,0,0,0,-17.8406624109264,-19.1391640560517,-3.89904712518584e-05,0.000137854694946799,1.49146603453498,0.508989104026863
422,16.88,211.264330516322,10.2502243462242,-226.256747430369,-13.7286417597474,440.999495360215,0,0,0,0,-17.8402742161047,-19.1454690187489,-3.89953799353213e-05,0.000137830097590193,1.51303021321081,0.508990069759005
423,16.92,211.257535370404,10.2434020697019,-226.255871672248,-13.728344954915,440.998349927866,0,0,0,0,-17.8398879151681,-19.1516158839257,-3.89949457933877e-05,0.000137810901629071,1.53440675359787,0.508991257232702
424,16.96,211.250749586224,10.2365441609365,-226.254857750243,-13.728005001941,440.997068177472,0,0,0,0,-17.8394456577316,-19.1575864922443,-3.89945790827936e-05,0.000137791708577471,1.55559431906008,0.508992474548435
425,17,211.243966725057,10.2296184757453,-226.253706256608,-13.7275961907173,440.995650696636,0,0,0,0,-17.8389140957568,-19.1633703179057,-3.89961506402801e-05,0.000137770666791282,1.57659154906,0.508993559613149
426,17.04,211.237188411416,10.2226348319231,-226.252417534937,-13.7271268643066,440.994097978737,0,0,0,0,-17.8383040528946,-19.1689711058546,-3.90007302738295e-05,0.000137746731452818,1.59739704538611,0.508994491096157
427,17.08,211.230423484521,10.2156387763262,-226.250991792504,-13.7266340132653,440.992410513965,0,0,0,0,-17.837663510594,-19.174404665788,-3.90101589140575e-05,0.000137718090669205,1.6180093951955,0.508995383502985
428,17.12,211.223683151028,10.2086852239524,-226.249429323896,-13.726161662918,440.990588913889,0,0,0,0,-17.8370495721702,-19.1796896989808,-3.90208753079313e-05,0.000137688342466286,1.63842720636175,0.508996384210028
429,17.16,211.216975767033,10.2018122147274,-226.247730689577,-13.7257397458564,440.988633987738,0,0,0,0,-17.8365010597309,-19.1848389230857,-3.90239953609791e-05,0.000137666419576887,1.65864914242791,0.508997575482307
430,17.2,211.210304843525,10.1950322979092,-226.245896718138,-13.7253774444084,440.986546708163,0,0,0,0,-17.8360298808666,-19.1898563372803,-3.90190409106145e-05,0.000137652854038274,1.67867392612235,0.508998954994695
431,17.24,211.203670877311,10.1883433636334,-226.24392832031,-13.7250722354214,440.984328069408,0,0,0,0,-17.8356327608684,-19.1947411426733,-3.90177717558709e-05,0.000137635921654008,1.69850030217085,0.509000490220953
432,17.28,211.197074409097,10.181744875976,-226.241826240456,-13.7248231464363,440.981978920013,0,0,0,0,-17.8353084363497,-19.1994934153676,-3.90256778825479e-05,0.000137610115449672,1.7181269946336,0.509002186549769
433,17.32,211.190517317404,10.1752436563901,-226.239590927258,-13.7246352970824,440.979499885354,0,0,0,0,-17.8350635461214,-19.2041158244502,-3.90336604759796e-05,0.000137584439537376,1.7375526892053,0.509004104825418
434,17.36,211.184001997214,10.1688485781261,-226.23722262213,-13.7245153993288,440.976891440546,0,0,0,0,-17.8349067962317,-19.2086114769535,-3.90355857098135e-05,0.000137564866393523,1.75677606457574,0.50900633008391
435,17.4,211.177530243108,10.1625651544083,-226.234721595931,-13.7244673945194,440.97415407915,0,0,0,0,-17.834843300688,-19.212982264818,-3.90367916753501e-05,0.000137545889644933,1.77579585407602,0.509008950875053
436,17.44,211.171102821859,10.1563942999008,-226.232088347493,-13.7244915692586,440.97128843871,0,0,0,0,-17.8348734322424,-19.21722885673,-3.90414583479707e-05,0.000137523232128746,1.7946108799994,0.509012066920381
437,17.48,211.164719191372,10.1503312389283,-226.22932361062,-13.7245837100432,440.968295273106,0,0,0,0,-17.834991723381,-19.2213503246751,-3.90473156868484e-05,0.000137499171452485,1.81322003827552,0.509015787003977
438,17.52,211.158376932076,10.1443632254016,-226.226428178706,-13.7247334080145,440.965175293395,0,0,0,0,-17.8351846674511,-19.2253432270338,-3.90523875471748e-05,0.000137475759011687,1.831622246416,0.509020195666831
439,17.56,211.152070900126,10.1384666364216,-226.223402718458,-13.7249220392144,440.961929021376,0,0,0,0,-17.8354281029159,-19.2292006837762,-3.90573164796058e-05,0.000137452434186382,1.84981639076279,0.509025284609998
440,17.6,211.145791924457,10.1326017264194,-226.220247759751,-13.7251188402022,440.958556797991,0,0,0,0,-17.8356821293991,-19.23291066612,-3.90626634433429e-05,0.00013742869647107,1.86780131242943,0.509030839335717
441,17.64,211.139525431892,10.1267062527653,-226.21696388836,-13.7252758895086,440.955058956995,0,0,0,0,-17.8358846006377,-19.2364536992422,-3.90671262144378e-05,0.000137405891143381,1.88557584787926,0.509036310575789
442,17.68,211.133251748444,10.120696102394,-226.213551966034,-13.725328416287,440.951436028371,0,0,0,0,-17.8359515200097,-19.239802722869,-3.90684940537329e-05,0.000137386259191045,1.9031388845154,0.5090407813565
443,17.72,211.126950110726,10.1144825901397,-226.210013144183,-13.7252081421765,440.947688806946,0,0,0,0,-17.8357943379828,-19.2429286211134,-3.90670747242636e-05,0.000137369507629208,1.92048938689887,0.509043183636444
444,17.76,211.120605982756,10.1080055900356,-226.206348598048,-13.7248692446577,440.943818235426,0,0,0,0,-17.8353536244441,-19.2458117372788,-3.90669022016492e-05,0.000137351601092006,1.93762637871319,0.509042784241745
445,17.8,211.114217436487,10.1012626100591,-226.202559164753,-13.7243112135217,440.939825204702,0,0,0,0,-17.8346287155017,-19.2484523946253,-3.90712746160937e-05,0.000137329224585869,1.95454888755474,0.509039632743634
446,17.84,211.107795708396,10.0943093425924,-226.198645173703,-13.7235788930539,440.935710432561,0,0,0,0,-17.8336777713725,-19.2508708589388,-3.90785562137932e-05,0.000137304002102763,1.97125589940383,0.509034543092718
447,17.88,211.101359546305,10.0872311246125,-226.194606590843,-13.7227394886802,440.931474501215,0,0,0,0,-17.8325879537355,-19.2530966311604,-3.90853341740069e-05,0.000137279369435083,1.98774636757594,0.509028604337799
448,17.92,211.094927966605,10.0801097312103,-226.190443334151,-13.7218564239688,440.927117993514,0,0,0,0,-17.8314415144523,-19.255156788885,-3.90904949628599e-05,0.000137256457276249,2.00401925728053,0.5090226841591
449,17.96,211.088515908655,10.0730063122113,-226.186155520189,-13.7209764757748,440.922641592408,0,0,0,0,-17.8302991144993,-19.2570709477219,-3.9094793434599e-05,0.00013723451664751,2.02007359822634,0.509017259391881
450,18,211.08213356074,10.065960826489,-226.181743508298,-13.7201298129605,440.91804605551,0,0,0,0,-17.8291998810554,-19.2588518461661,-3.90996715941981e-05,0.000137212103518333,2.03590850636004,0.509012496545931
451,18.04,211.075787529856,10.0589983285584,-226.177207774232,-13.7193351184041,440.913332093934,0,0,0,0,-17.8281680512648,-19.2605077084085,-3.9104806287162e-05,0.000137189535126592,2.05152315114305,0.50900838786177
452,18.08,211.069482139988,10.0521347189134,-226.172548746633,-13.7186040976999,440.908500265407,0,0,0,0,-17.8272188151523,-19.262044012722,-3.91070157512974e-05,0.000137169986733516,2.06691670105576,0.509004853553415
453,18.12,211.063220142028,10.0453793775501,-226.16776673253,-13.7179434733832,440.903550970391,0,0,0,0,-17.8263608973109,-19.2634640715622,-3.91061857048173e-05,0.000137153568209729,2.08208828768025,0.50900179813611
454,18.16,211.057002865224,10.0387355729399,-226.162861966245,-13.7173552876144,440.898484546144,0,0,0,0,-17.8255969480497,-19.2647690408401,-3.91092612907361e-05,0.000137133332072577,2.09703701557577,0.508999132165553
455,18.2,211.050830020639,10.0321999422327,-226.157834720186,-13.7168365783272,440.89330137692,0,0,0,0,-17.8249231245145,-19.2659578861522,-3.91192259824934e-05,0.00013710629121915,2.11176201308942,0.508996771481328
456,18.24,211.044699526989,10.0257620325175,-226.152685385292,-13.7163790613798,440.888001941143,0,0,0,0,-17.8243286802683,-19.2670273141707,-3.91260913588331e-05,0.000137082427222775,2.12626247959174,0.508994627764455
457,18.28,211.038608355644,10.0194076673905,-226.147414470468,-13.7159716247396,440.882586783462,0,0,0,0,-17.8237992012546,-19.2679728065582,-3.91226100782074e-05,0.000137068979934016,2.14053768791152,0.508992618725266
458,18.32,211.032554910062,10.0131288701525,-226.142022540219,-13.7156078824246,440.877056462553,0,0,0,0,-17.8233264034325,-19.268792076337,-3.91184049147065e-05,0.000137056321945016,2.15458693185988,0.508990711497956
459,18.36,211.026541022054,10.0069322883144,-226.136510152424,-13.7152926443136,440.871411530477,0,0,0,0,-17.8229165242604,-19.2694881727803,-3.91246261304294e-05,0.000137033303212747,2.1684094696627,0.508988956208941
460,18.4,211.020570536908,10.0008329161532,-226.130877844112,-13.7150370883508,440.865652553218,0,0,0,0,-17.8225840621274,-19.2700671920816,-3.91372329348058e-05,0.000137003971659633,2.18200450470785,0.508987454912592
461,18.44,211.014644421312,9.99483377682789,-226.12512616422,-13.7148433297934,440.859780138498,0,0,0,0,-17.822331763104,-19.2705309855686,-3.91453642427877e-05,0.00013697920387613,2.19537122262178,0.50898628152565
462,18.48,211.008756130829,9.98890815118731,-226.119255717971,-13.7146912397927,440.853794937406,0,0,0,0,-17.8221335226145,-19.2708711464293,-3.91462522849368e-05,0.000136961788151081,2.20850886025243,0.508985419353532
463,18.52,211.002891137035,9.98299905065691,-226.113267186324,-13.7145383467195,440.847697619421,0,0,0,0,-17.8219342541582,-19.2710690787578,-3.91453786922028e-05,0.000136946259715839,2.22141674316361,0.508984754795601
464,18.56,210.997031625399,9.97703810808787,-226.107161299083,-13.7143340281,440.841488844495,0,0,0,0,-17.8216682959256,-19.271102386645,-3.9147228205128e-05,0.000136928140553296,2.23409425961727,0.508984127090749
465,18.6,210.991164264299,9.97097550942453,-226.100938761961,-13.7140417321933,440.835169249029,0,0,0,0,-17.8212882362789,-19.2709549419316,-3.91506359676573e-05,0.000136908594790767,2.24654079878342,0.508983417592599
466,18.64,210.985286746243,9.96480474178252,-226.094600167497,-13.7136572682078,440.828739440165,0,0,0,0,-17.8207886401594,-19.2706253892893,-3.91526624009296e-05,0.000136890561393021,2.25875570656338,0.508982629010587
467,18.68,210.979408940537,9.95856566831581,-226.088145940957,-13.7132107711844,440.822199984363,0,0,0,0,-17.8202085964483,-19.2701280572684,-3.91544392997735e-05,0.000136872911784403,2.27073830026683,0.50898188283753
468,18.72,210.973547856592,9.95232360482578,-226.081576358432,-13.7127507805008,440.815551390699,0,0,0,0,-17.8196110637984,-19.2694854727125,-3.91603477472686e-05,0.0001368512695141,2.28248792927162,0.50898132459665
469,18.76,210.967719727798,9.94613896647352,-226.074891628954,-13.7123217156952,440.808794105973,0,0,0,0,-17.8190536549088,-19.2687180804664,-3.9170571378289e-05,0.000136825451440019,2.29400402806542,0.50898101537465
470,18.8,210.961933806859,9.94004490312211,-226.068091991346,-13.7119476392851,440.801928534368,0,0,0,0,-17.8185675776942,-19.2678370420003,-3.91775677427426e-05,0.000136802992738451,2.30528611595533,0.508980883475711
471,18.84,210.956190781432,9.93404224633714,-226.061177766983,-13.7116287695662,440.794955071644,0,0,0,0,-17.8181531138855,-19.2668426453471,-3.91748453013448e-05,0.000136790371758612,2.31633374122379,0.508980747543007
472,18.88,210.950486189938,9.92811258401591,-226.054149338722,-13.7113511848051,440.787874129449,0,0,0,0,-17.8177922063152,-19.2657285929616,-3.91684455918919e-05,0.0001367815346409,2.32714642039191,0.50898039506226
473,18.92,210.944816361358,9.92224077067074,-226.047007082659,-13.7111034642211,440.780686137567,0,0,0,0,-17.8174700426535,-19.2644897427595,-3.91712434185948e-05,0.000136763601566311,2.33772362113122,0.508979684408136
474,18.96,210.939182333271,9.91642969152099,-226.039751321623,-13.7108875734679,440.77339153684,0,0,0,0,-17.8171891735444,-19.2631273616783,-3.91835609081083e-05,0.000136736253392941,2.34806479718919,0.508978607227878
475,19,210.93358893402,9.91069619998257,-226.032382351349,-13.7107156984571,440.765990783844,0,0,0,0,-17.8169654052076,-19.2616475883954,-3.91918579656969e-05,0.000136713036508949,2.35816944469961,0.508977262417792
476,19.04,210.928041116845,9.90505693112819,-226.024900518512,-13.7105996656637,440.758484369893,0,0,0,0,-17.8168140773922,-19.260056346204,-3.91904266928811e-05,0.00013669966265934,2.36803713252585,0.508975777815493
477,19.08,210.922541791543,9.89952075390542,-226.017306276357,-13.7105455197234,440.750872833718,0,0,0,0,-17.8167430305289,-19.2583569628988,-3.91880787747468e-05,0.00013668731824769,2.37766748210622,0.508974261953308
478,19.12,210.917092231786,9.89409087671792,-226.00960016655,-13.7105552265076,440.743156748126,0,0,0,0,-17.8167548138162,-19.2565511261065,-3.91913474890557e-05,0.000136669463270401,2.38706011521603,0.50897280793849
479,19.16,210.911693006067,9.88876794502177,-226.001782750424,-13.7106288778945,440.735336689364,0,0,0,0,-17.8168495436259,-19.2546396787463,-3.91973893113527e-05,0.000136648933781542,2.39621461648172,0.508971513801401
480,19.2,210.906344138739,9.88355022981595,-225.993854564564,-13.7107647498474,440.727413223334,0,0,0,0,-17.817024978192,-19.2526223862814,-3.92023654595377e-05,0.000136629563218978,2.40513053386267,0.508970501147227
481,19.24,210.901044840126,9.87843303375215,-225.985816156153,-13.7109589682718,440.719386930798,0,0,0,0,-17.8172760845111,-19.250497911726,-3.9205782794574e-05,0.000136611840907603,2.41380741595502,0.508969931489468
482,19.28,210.89579293761,9.87340744714447,-225.977668174973,-13.7112047808604,440.711258446299,0,0,0,0,-17.8175940965815,-19.2482638276186,-3.92087282295126e-05,0.000136594676524425,2.42224485932551,0.508970002018216
483,19.32,210.890583516102,9.86845620409031,-225.969411432095,-13.7114897073885,440.703028451495,0,0,0,0,-17.8179628245263,-19.2459154996464,-3.92123118145281e-05,0.00013657695804604,2.43044253059113,0.508970897907775
484,19.36,210.885406597128,9.86354594570423,-225.961046853545,-13.7117900867725,440.694697591742,0,0,0,0,-17.8183515866149,-19.2434434174001,-3.92167706879736e-05,0.000136558450066954,2.43840014888371,0.508972695294134
485,19.4,210.880244664832,9.85861864619121,-225.952575355429,-13.7120649906227,440.686266364692,0,0,0,0,-17.8187073145369,-19.2408298585715,-3.92209471686951e-05,0.000136540317102289,2.44611744659617,0.508975230545952
486,19.44,210.875072098164,9.85358921444245,-225.943997746357,-13.7122544556159,440.677735085695,0,0,0,0,-17.8189522538341,-19.2380473805509,-3.92226664236877e-05,0.000136524745402449,2.45359413968598,0.508977997941479
487,19.48,210.869859281558,9.84835901477699,-225.935314728975,-13.7122889977186,440.669103993475,0,0,0,0,-17.8189962946817,-19.2350628840854,-3.92210827173952e-05,0.000136512592294956,2.46082992910579,0.508980211264219
488,19.52,210.864582151855,9.8428487632761,-225.926526952853,-13.7121130931859,440.660373434617,0,0,0,0,-17.8187674235359,-19.2318492111719,-3.92190508505175e-05,0.000136501005366315,2.46782453006086,0.508981144785076
489,19.56,210.859232639466,9.83703521044597,-225.91763500496,-13.7117115325135,440.651543966493,0,0,0,0,-17.8182459098463,-19.2283989431924,-3.9220612860492e-05,0.000136485929937259,2.47457770597554,0.508980599592633
490,19.6,210.853822274888,9.83096300360966,-225.908639291375,-13.7111176955828,440.642616258236,0,0,0,0,-17.8174750458337,-19.2247289377819,-3.92259172037724e-05,0.00013646720148861,2.48108928341174,0.508979055675547
491,19.64,210.848375871476,9.82472069527864,-225.899539884305,-13.7103957823823,440.633590842885,0,0,0,0,-17.8165380979049,-19.2208709992358,-3.92318482312195e-05,0.000136447948288542,2.48735913924493,0.508977315222084
492,19.68,210.842920719708,9.81840202641377,-225.890336475741,-13.7096127660496,440.624467935085,0,0,0,0,-17.8155219203085,-19.2168573570415,-3.92366077778456e-05,0.000136429984359518,2.49338717108472,0.508976019781067
493,19.72,210.837478882046,9.81208039828536,-225.88102855627,-13.7088204711629,440.615247511194,0,0,0,0,-17.8144937128136,-19.2127121417387,-3.92402591081368e-05,0.000136413256217488,2.49917327131444,0.508975464245619
494,19.76,210.832065169487,9.80580343306023,-225.871615794441,-13.7080521028138,440.605929633682,0,0,0,0,-17.8134965292553,-19.2084504299977,-3.92432739369747e-05,0.000136397293180272,2.5047173197674,0.50897567584859
495,19.8,210.826688568562,9.79959865917985,-225.862098384694,-13.7073264718008,440.596514765876,0,0,0,0,-17.8125547637948,-19.2040808565825,-3.92460960128499e-05,0.000136381645593434,2.51001919161081,0.508976539924129
496,19.84,210.821354462347,9.7934815195648,-225.852477075825,-13.7066537737425,440.58700379235,0,0,0,0,-17.811681645321,-19.1996086004433,-3.92490094935926e-05,0.000136366020031301,2.51507877228291,0.508977889707964
497,19.88,210.816066224307,9.78746117659994,-225.842752813209,-13.7060398299562,440.577397690872,0,0,0,0,-17.8108847326767,-19.1950372334918,-3.92524692247495e-05,0.000136349950496243,2.51989597343378,0.508979565559432
498,19.92,210.81082583391,9.78154284457567,-225.832926256236,-13.7054878612792,440.56769710685,0,0,0,0,-17.8101682104433,-19.1903691452274,-3.92557305244978e-05,0.000136334171000978,2.52447074279207,0.508981444390393
499,19.96,210.805633958858,9.77572797534285,-225.822997562005,-13.7049986417259,440.557902187246,0,0,0,0,-17.809533086268,-19.1856052700635,-3.92557250493697e-05,0.000136321744805993,2.52880306288543,0.508983436943956
500,20,210.800490199647,9.77001467988716,-225.812966619977,-13.7045706888745,440.548012828611,0,0,0,0,-17.8089774381567,-19.1807451823358,-3.92530260901478e-05,0.000136312102783257,2.53289294352127,0.508985467285147
501,20.04,210.795393525221,9.76439891525165,-225.802833546288,-13.7042009908998,440.538029147157,0,0,0,0,-17.8084973587953,-19.1757878256878,-3.92554176736911e-05,0.000136297471741285,2.536740405996,0.508987455856101
502,20.08,210.790341935187,9.75887349118247,-225.792599024293,-13.7038843170064,440.527951785304,0,0,0,0,-17.8080860627547,-19.1707315296814,-3.9265386980795e-05,0.000136275374764709,2.54034546212852,0.508989308456651
503,20.12,210.785331086671,9.75342361410311,-225.782264199234,-13.7036101248415,440.517781796644,0,0,0,0,-17.8077298764225,-19.165572258223,-3.9272555972e-05,0.000136256194369838,2.5437081022846,0.508990907136272
504,20.16,210.780354228227,9.74802652527166,-225.771830194714,-13.7033622943068,440.507520191976,0,0,0,0,-17.8074078922263,-19.1603028198937,-3.92698657797919e-05,0.000136246988615162,2.54682830526133,0.508992126371865
505,20.2,210.775405902199,9.74266379012497,-225.761297621698,-13.7031277656894,440.497167499462,0,0,0,0,-17.8071031710847,-19.1549169554554,-3.92651021603442e-05,0.000136239968540478,2.54970607008026,0.508992895782185
506,20.24,210.770487143044,9.73733853884431,-225.750666457165,-13.7029086144197,440.486723675784,0,0,0,0,-17.8068184036071,-19.1494158510024,-3.92675909061696e-05,0.000136225803712349,2.55234145532327,0.508993269051151
507,20.28,210.765606460574,9.73207814851382,-225.739936379808,-13.702723735213,440.476188427081,0,0,0,0,-17.8065780956044,-19.1438094087138,-3.92749750018362e-05,0.000136206844803673,2.55473460071276,0.508993427467881
508,20.32,210.760774509296,9.72691615941828,-225.729107300581,-13.7025960378337,440.465561688292,0,0,0,0,-17.8064119619638,-19.1381098210483,-3.92803654309877e-05,0.000136189973671134,2.55688570678734,0.508993607175451
509,20.36,210.755996480483,9.72186805044814,-225.71817969367,-13.7025357820967,440.454843905801,0,0,0,0,-17.8063333124438,-19.1323231363034,-3.92832416737608e-05,0.00013617570435581,2.55879497625573,0.508994009244122
510,20.4,210.75126721775,9.71691696281433,-225.707154508111,-13.7025311705005,440.444035933547,0,0,0,0,-17.8063268487791,-19.1264444850517,-3.92859863368012e-05,0.000136161649482154,2.56046255270287,0.508994740482628
511,20.44,210.746570624499,9.71201296450405,-225.696032761665,-13.7025482227833,440.433138644443,0,0,0,0,-17.8063484992546,-19.1204576885006,-3.92881516610144e-05,0.000136148254401578,2.56188850475391,0.508995786588786
512,20.48,210.741882976737,9.7070837210648,-225.684815132023,-13.7025381676649,440.42215255536,0,0,0,0,-17.8063350045447,-19.1143384736338,-3.92891384699393e-05,0.00013613611793856,2.56307287674797,0.508997015987032
513,20.52,210.737179867618,9.70205585729393,-225.673501825073,-13.702451896166,440.411077731564,0,0,0,0,-17.8062226653424,-19.1080616553915,-3.92898295608275e-05,0.00013612435762377,2.56401577671001,0.508998232362921
514,20.56,210.732445236047,9.69688260676429,-225.662092773414,-13.7022586141348,440.399914016831,0,0,0,0,-17.8059715380897,-19.1016111961629,-3.9290821085392e-05,0.000136112377869851,2.56471744047957,0.508999277137134
515,20.6,210.727678236257,9.69156447439599,-225.650587986502,-13.7019596533993,440.388661401762,0,0,0,0,-17.805583350045,-19.0949880936069,-3.92924373889329e-05,0.000136099857936415,2.56517821883179,0.509000123284809
516,20.64,210.72289358489,9.68614886704928,-225.638987797726,-13.7015877493163,440.377320264883,0,0,0,0,-17.8051005614627,-19.0882101548156,-3.92955586125732e-05,0.00013608592819069,2.56539849012851,0.509000878371511
517,20.68,210.718115182722,9.68070890461279,-225.627292860873,-13.701192201494,440.365891340476,0,0,0,0,-17.8045871170867,-19.0813037617168,-3.9300047070204e-05,0.000136070740671471,2.5653785618031,0.509001698840526
518,20.72,210.71336713842,9.67531583640845,-225.615503941556,-13.7008202313949,440.354375474962,0,0,0,0,-17.8041042653878,-19.074293784561,-3.93037416129889e-05,0.000136056466317038,2.56511863021006,0.509002706213719
519,20.76,210.708666459673,9.67001819298405,-225.603621684156,-13.7005034157496,440.342773366594,0,0,0,0,-17.8036929619636,-19.0671966132106,-3.93065832700592e-05,0.000136043164981427,2.56461882604408,0.509003958576328
520,20.8,210.704019130852,9.66483164708763,-225.591646517439,-13.7002514544572,440.33108545566,0,0,0,0,-17.803365786873,-19.0600172294088,-3.93108087339559e-05,0.00013602859327389,2.56387931099025,0.509005451585442
521,20.84,210.699419919302,9.65973945732178,-225.579578726444,-13.7000528059547,440.319311994379,0,0,0,0,-17.8031077695974,-19.0527497289678,-3.93139393483739e-05,0.000136015220109719,2.56290035974645,0.509007120552501
522,20.88,210.694856381655,9.65470449880895,-225.567418593263,-13.6998827259364,440.307453202046,0,0,0,0,-17.8028868157451,-19.0453814745437,-3.93115500657709e-05,0.000136007462591338,2.56168237673057,0.509008855402165
523,20.92,210.690316551212,9.64969182894784,-225.555166491568,-13.6997181738702,440.295509387703,0,0,0,0,-17.8026730413691,-19.0379009209615,-3.93079033933336e-05,0.000136001055008004,2.56022584196761,0.509010550473974
524,20.96,210.685796417062,9.64469057179176,-225.542822894587,-13.6995522458345,440.283480985691,0,0,0,0,-17.8024574928374,-19.0303053887209,-3.93118686556121e-05,0.000135987129154798,2.55853123097715,0.509012169111862
525,21,210.68130152648,9.63971789159981,-225.530388332802,-13.6993965537305,440.271368521412,0,0,0,0,-17.8022552317482,-19.0226021956395,-3.93221079018468e-05,0.000135967025518237,2.55659895378458,0.509013761483346
526,21.04,210.676841549651,9.63480183832972,-225.517863347938,-13.699269490123,440.259172549382,0,0,0,0,-17.8020901134223,-19.0148018739627,-3.93274198475351e-05,0.000135951946466172,2.55442933856206,0.509015411978311
527,21.08,210.672423658523,9.62996163842868,-225.505248454285,-13.6991831168537,440.246893591233,0,0,0,0,-17.8019777821385,-19.0069109003053,-3.93241653963213e-05,0.000135945529832053,2.55202266725199,0.509017175604714
528,21.12,210.668050855186,9.62520387006422,-225.492544100689,-13.6991410003983,440.23453208621,0,0,0,0,-17.8019228642555,-18.9989309476815,-3.93216557617414e-05,0.000135938462632097,2.54937924277461,0.509019069792515
529,21.16,210.663724536427,9.62053114382668,-225.479750643963,-13.699144330781,440.222088367344,0,0,0,0,-17.8019269037663,-18.9908627536985,-3.93255852224774e-05,0.000135925051595385,2.54649945458392,0.509021110249091
530,21.2,210.659446452308,9.61594794284624,-225.466868357296,-13.6991958099693,440.209562676727,0,0,0,0,-17.8019934047729,-18.9827083166795,-3.93305092856889e-05,0.000135910745887645,2.54338380847435,0.509023334912336
531,21.24,210.655218264392,9.61145878836842,-225.453897477278,-13.6992982633757,440.196955216677,0,0,0,0,-17.802126030316,-18.9744698865774,-3.93323085037888e-05,0.000135899669784012,2.54003290520013,0.509025799515472
532,21.28,210.651040759329,9.60706564875466,-225.44083826277,-13.6994528362635,440.184266209608,0,0,0,0,-17.8023262625208,-18.9661488398421,-3.93334271711891e-05,0.000135889379689223,2.53644737583016,0.509028572099205
533,21.32,210.64691411388,9.60276862038462,-225.427691034772,-13.6996594053085,440.171495933576,0,0,0,0,-17.8025939355436,-18.957745862016,-3.9335793709505e-05,0.000135877942873466,2.53262780249074,0.509031738846705
534,21.36,210.642838444812,9.59856730018264,-225.414456190891,-13.6999173872285,440.15864472275,0,0,0,0,-17.8029282845674,-18.9492612642442,-3.93386509544181e-05,0.000135866109284611,2.52857467348837,0.509035407086259
535,21.4,210.638813734036,9.5944605853162,-225.401134213044,-13.7002255905387,440.145712952302,0,0,0,0,-17.8033277556836,-18.9406948951939,-3.93412807624535e-05,0.000135854589651245,2.52428837136961,0.509039696009878
536,21.44,210.634838809093,9.59044414436863,-225.387725687838,-13.7005806817015,440.132701034264,0,0,0,0,-17.8037880203902,-18.9320454882138,-3.93437333445023e-05,0.00013584332933346,2.51976934564801,0.509044710840569
537,21.48,210.630908964981,9.58650451253268,-225.374231334961,-13.7009736394771,440.119609426886,0,0,0,0,-17.8042973809651,-18.9233091013254,-3.93464073645162e-05,0.000135831927109225,2.51501803534317,0.509050489876884
538,21.52,210.627012599645,9.58261035861418,-225.360652013638,-13.7013843755425,440.10643863021,0,0,0,0,-17.8048297951539,-18.9144763627237,-3.93496282250408e-05,0.000135820056498025,2.51003502818938,0.509056913830282
539,21.56,210.623127719892,9.57870322656489,-225.346988679877,-13.7017759679888,440.093189141194,0,0,0,0,-17.8053373946783,-18.9055292006857,-3.93528679438543e-05,0.000135808246467706,2.5048210219485,0.509063583733843
540,21.6,210.619220794709,9.57469417447918,-225.333242293495,-13.7020924637975,440.079861377522,0,0,0,0,-17.8057476283943,-18.8964390300666,-3.93543343003925e-05,0.000135798294180072,2.49937675926731,0.509069727581156
541,21.64,210.615251521424,9.57047616706115,-225.319413703985,-13.7022665661858,440.066455624533,0,0,0,0,-17.8059732242784,-18.8871701340137,-3.93526630216709e-05,0.000135791571245818,2.49370294979993,0.509074274826858
542,21.68,210.611185184645,9.56595746958489,-225.305503561096,-13.7022407919018,440.052972068058,0,0,0,0,-17.8059396270001,-18.8776910112742,-3.93496682933285e-05,0.000135786264962019,2.48780022893855,0.509076229371459
543,21.72,210.607007585732,9.56110284349242,-225.291512302821,-13.701993881451,440.039410926512,0,0,0,0,-17.8056192579851,-18.8679897564434,-3.934929889539e-05,0.000135778415698385,2.48166913831659,0.509075218092863
544,21.76,210.602731866534,9.555951892268,-225.277440251379,-13.7015523888561,440.025772614501,0,0,0,0,-17.8050465562733,-18.8580812782526,-3.93527678949194e-05,0.000135766797270911,2.47531027166715,0.509071756759263
545,21.8,210.598391277772,9.55059772393496,-225.263287761444,-13.7009765056588,440.01205782094,0,0,0,0,-17.804299591411,-18.8479992574329,-3.93575697213377e-05,0.000135753922304787,2.46872419120022,0.509066926879876
546,21.84,210.594024177673,9.54514479317769,-225.249055279923,-13.7003327537957,439.998267418214,0,0,0,0,-17.8034646341705,-18.8377803823579,-3.93616312823997e-05,0.000135741875266822,2.46191156599831,0.509061779696656
547,21.88,210.589662147984,9.53967739602823,-225.23474323743,-13.6996742392561,439.984402228643,0,0,0,0,-17.8026105442496,-18.827453542263,-3.93646395252786e-05,0.000135730978323985,2.45487315069685,0.509056992300074
548,21.92,210.585326008899,9.53425039752145,-225.220351864232,-13.6990353055708,439.97046278118,0,0,0,0,-17.8017818456683,-18.8170373113737,-3.93667660907873e-05,0.000135721061280969,2.4476097649741,0.509052872315792
549,21.96,210.581027214541,9.5288937889828,-225.205881108656,-13.698434678475,439.95644921269,0,0,0,0,-17.8010028136296,-18.8065418368924,-3.93685684753875e-05,0.000135711562019205,2.44012225379752,0.509049490903186
550,22,210.576771074955,9.52362132121582,-225.191330749966,-13.6978808776943,439.9423613814,0,0,0,0,-17.8002844958874,-18.7959717574494,-3.93708061869831e-05,0.000135701716536961,2.43241145107693,0.509046797362845
551,22.04,210.572559865762,9.5184385645359,-225.1767006475,-13.697377179472,439.928199128198,0,0,0,0,-17.7996311469687,-18.7853289368034,-3.9373455266886e-05,0.000135691546720196,2.4244781522175,0.50904469162417
552,22.08,210.568394859875,9.51334806669526,-225.16199097844,-13.6969247659508,439.913962537571,0,0,0,0,-17.799044308761,-18.7746142415289,-3.93750273535802e-05,0.000135682539548612,2.41632310676535,0.509043063634394
553,22.12,210.564277101997,9.50835140129132,-225.147202332883,-13.6965240304577,439.899652064046,0,0,0,0,-17.7985244995093,-18.7638283272474,-3.93746811583394e-05,0.000135675534781241,2.40794704162827,0.50904181259844
554,22.16,210.560207277592,9.50344907691311,-225.132335622654,-13.6961746506806,439.885268474013,0,0,0,0,-17.798071306626,-18.7529717155344,-3.93755230551718e-05,0.000135667424473117,2.39935069714843,0.509040854393719
555,22.2,210.556185194373,9.49863948957572,-225.117391851462,-13.6958750853278,439.870812641587,0,0,0,0,-17.7976827338173,-18.7420444506709,-3.9380593666633e-05,0.000135655164122218,2.39053486729649,0.509040121380985
556,22.24,210.552209380917,9.49391811766392,-225.102371845741,-13.6956221804342,439.856285289428,0,0,0,0,-17.7973546913316,-18.7310457220991,-3.93849574201047e-05,0.00013564368191926,2.38150041934676,0.509039558369436
557,22.28,210.54827741198,9.48927832890397,-225.087276055505,-13.6954116416374,439.841686780218,0,0,0,0,-17.7970816092415,-18.7199738713184,-3.93821898045769e-05,0.000135639395956394,2.37224827946605,0.509039122267074
558,22.32,210.544387386722,9.48471522280634,-225.072104515929,-13.6952403741603,439.827017054005,0,0,0,0,-17.7968594726716,-18.7088276867536,-3.93779241909474e-05,0.000135636671820753,2.36277940201379,0.509038792410613
559,22.36,210.540538857628,9.48022823369478,-225.056857010699,-13.6951081289028,439.812275763535,0,0,0,0,-17.7966879574007,-18.6976076561602,-3.9382180411809e-05,0.000135625492151818,2.35309473525118,0.509038575328413
560,22.4,210.536730335003,9.47581441350493,-225.041533389147,-13.6950132639743,439.797462574619,0,0,0,0,-17.7965649338526,-18.6863136503177,-3.93921529174442e-05,0.00013560866475832,2.34319520342994,0.509038477423257
561,22.44,210.53295467569,9.4714558310027,-225.026133890374,-13.6949447650139,439.782577500076,0,0,0,0,-17.7964761176226,-18.6749400471612,-3.93967150466334e-05,0.000135597318127161,2.33308170797598,0.50903846066751
562,22.48,210.529198511041,9.46711777196117,-225.010659293796,-13.694881058145,439.767621091021,0,0,0,0,-17.7963935278076,-18.663474816552,-3.93927604471225e-05,0.000135594561141817,2.32275513662761,0.509038435277609
563,22.52,210.525449257201,9.4627672032415,-224.995110797738,-13.6948015174417,439.752594369139,0,0,0,0,-17.7962904110002,-18.6519063941409,-3.93880653198104e-05,0.000135592620059801,2.31221637604461,0.509038313307095
564,22.56,210.521704829803,9.45839836829386,-224.979489684597,-13.6947023783177,439.737498524424,0,0,0,0,-17.7961618830713,-18.6402333594617,-3.93906033873238e-05,0.000135583521655652,2.30146629643014,0.509038078421971
565,22.6,210.517977121964,9.45404162949632,-224.963796954425,-13.6946020883838,439.722334535276,0,0,0,0,-17.7960318707313,-18.6284675633731,-3.93985070082568e-05,0.000135569130590073,2.29050585477811,0.509037802487412
566,22.64,210.514285977307,9.44974731458353,-224.948033114888,-13.6945311277324,439.707102905344,0,0,0,0,-17.7959399075093,-18.6166276809047,-3.94026151090471e-05,0.000135558602624077,2.27933597856002,0.509037594518408
567,22.68,210.51064915351,9.44555980542476,-224.932198213578,-13.6945160755343,439.691803637198,0,0,0,0,-17.7959204678118,-18.6047295969115,-3.93999608662464e-05,0.000135554898752048,2.26795766998643,0.509037540411925
568,22.72,210.507075698605,9.44150123829618,-224.916292074337,-13.6945699026656,439.676436437311,0,0,0,0,-17.7959903768983,-18.5927810329792,-3.93980988328753e-05,0.000135550460908123,2.25637198226623,0.509037688672382
569,22.76,210.503564273591,9.43756806109054,-224.900314621211,-13.6946902095286,439.66100104324,0,0,0,0,-17.7961465247049,-18.5807810589776,-3.94023054844261e-05,0.000135540014139602,2.24457999866178,0.509038068549242
570,22.8,210.500103244473,9.43373158371448,-224.884266157632,-13.6948597080163,439.645497526407,0,0,0,0,-17.7963664894251,-18.5687205404131,-3.94082127290366e-05,0.00013552793309936,2.23258279756295,0.509038693287694
571,22.84,210.496670942318,9.42993853358738,-224.868147494874,-13.6950465449644,439.629926448569,0,0,0,0,-17.7966089559538,-18.5565820676845,-3.94107927014736e-05,0.00013551925291262,2.22038142321336,0.509039535184926
572,22.88,210.493237787912,9.42611625953642,-224.851959877811,-13.6952074074589,439.614288813645,0,0,0,0,-17.7968177439784,-18.5443413930921,-3.94106440772959e-05,0.000135513378441065,2.20797687529687,0.509040500653064
573,22.92,210.489772248649,9.42218748168161,-224.835704727654,-13.6952963410525,439.598585835674,0,0,0,0,-17.7969332471097,-18.5319722755666,-3.94100462269481e-05,0.000135508030183161,2.19537012344962,0.509041443698637
574,22.96,210.486250320616,9.41809386991433,-224.819383295897,-13.6952788697811,439.582818616379,0,0,0,0,-17.7969107479328,-18.5194547647655,-3.9409932303235e-05,0.00013550227375492,2.18256213941721,0.509042236742621
575,23,210.482664708842,9.41381902925312,-224.802996374406,-13.6951458118951,439.56698786589,0,0,0,0,-17.7967383362554,-18.5067837913639,-3.94102789171782e-05,0.000135496131111011,2.16955391094969,0.509042861242425
576,23.04,210.479027852124,9.40939570182582,-224.78654419629,-13.6949174387294,439.551093785318,0,0,0,0,-17.7964423023705,-18.4939719352265,-3.94111593525457e-05,0.000135489529412836,2.15634655037624,0.509043430174582
577,23.08,210.475366452467,9.40489119351524,-224.770026573573,-13.694634328025,439.53513616055,0,0,0,0,-17.7960752756568,-18.4810437753277,-3.9414072723781e-05,0.000135480973075132,2.1429411757446,0.509044109544322
578,23.12,210.471711763261,9.40038261129943,-224.753443197036,-13.6943422746591,439.519114623656,0,0,0,0,-17.7956966552732,-18.4680267054164,-3.94197265750633e-05,0.000135469755813208,2.12933899280358,0.509045021354869
579,23.16,210.468091301154,9.39593664679834,-224.736793955179,-13.6940803583438,439.503028967878,0,0,0,0,-17.7953571321227,-18.4549440703281,-3.94237315955652e-05,0.000135460264658086,2.11554125425047,0.509046211016495
580,23.2,210.464524155119,9.39159864521355,-224.720079142258,-13.693874730587,439.486879382751,0,0,0,0,-17.7950906274819,-18.4418117444341,-3.94216093463603e-05,0.000135456974359948,2.10154922243788,0.509047663410911
581,23.24,210.461019368931,9.38738925035239,-224.703299490659,-13.6937369067779,439.470666516015,0,0,0,0,-17.794912077052,-18.4286372249467,-3.94181462251002e-05,0.000135455095132747,2.08736412286862,0.50904931867379
582,23.28,210.457575943867,9.38330499626323,-224.686456038296,-13.6936643603866,439.454391346286,0,0,0,0,-17.7948182030343,-18.4154199545804,-3.94211599328391e-05,0.000135446805758042,2.07298710565379,0.509051075707286
583,23.32,210.454183014485,9.37931905662497,-224.669549900154,-13.6936410717972,439.438054929811,0,0,0,0,-17.7947882273575,-18.4021513356203,-3.94283782666946e-05,0.000135434374122859,2.05841924513795,0.509052791144827
584,23.36,210.450821236073,9.3753845396951,-224.652582035503,-13.6936393998301,439.42165813171,0,0,0,0,-17.7947862987236,-18.3888153207466,-3.94313553996971e-05,0.000135426243309683,2.04366158340346,0.509054286889728
585,23.4,210.447468699217,9.37144870031495,-224.635553089183,-13.6936283613376,439.405201449423,0,0,0,0,-17.7947722302558,-18.3753932104943,-3.94280442753288e-05,0.000135424463456228,2.02871519771362,0.509055386981869
586,23.44,210.444111188902,9.36747790063986,-224.618463353741,-13.6935883478485,439.388684989852,0,0,0,0,-17.7947205881182,-18.3618730965133,-3.94240890982322e-05,0.000135423400518382,2.01358123855058,0.509055984659233
587,23.48,210.440749842969,9.36347608197106,-224.601312860976,-13.6935219742869,439.372108596261,0,0,0,0,-17.7946347641261,-18.3482571495902,-3.94256966812226e-05,0.000135416862255954,1.99826100288481,0.509056095779838
588,23.52,210.437399059544,9.35947900833863,-224.584101569183,-13.6934504453979,439.355472065786,0,0,0,0,-17.7945422620331,-18.334559382304,-3.94335204254769e-05,0.000135404207736145,1.98275587114454,0.509055846664863
589,23.56,210.434075737289,9.35552772652554,-224.56682957367,-13.6933977875996,439.338775372033,0,0,0,0,-17.7944742445015,-18.320795540128,-3.94409200440929e-05,0.000135392083194586,1.9670672266219,0.509055400436964
590,23.6,210.430789018847,9.35164384018137,-224.549497255784,-13.6933763792686,439.322018813718,0,0,0,0,-17.7944467660656,-18.3069738544259,-3.9440419902646e-05,0.000135387957542695,1.95119646439679,0.509054881858735
591,23.64,210.427538515127,9.34782566340415,-224.53210531356,-13.6933848765969,439.30520304188,0,0,0,0,-17.7944580838232,-18.2930938269133,-3.94343465338226e-05,0.000135389480873494,1.93514493132163,0.509054351632821
592,23.68,210.424320653941,9.34406388047116,-224.514654672652,-13.6934175170189,439.28832896314,0,0,0,0,-17.7945007243642,-18.2791523294691,-3.94331774144066e-05,0.000135386139098276,1.91891387525998,0.509053828700082
593,23.72,210.421135465028,9.34035792121691,-224.497146329243,-13.6934736888614,439.271397561915,0,0,0,0,-17.7945738956947,-18.2651497607418,-3.94398293332857e-05,0.000135374976978617,1.90250449428192,0.509053320130301
594,23.76,210.417987391552,9.33671758257249,-224.47958119696,-13.6935587063479,439.254409712288,0,0,0,0,-17.7946844922263,-18.2510902357085,-3.94455933649485e-05,0.000135364675338977,1.88591792684948,0.509052824129527
595,23.8,210.414881639212,9.33315416203324,-224.461960009601,-13.693678561409,439.237366048189,0,0,0,0,-17.7948402873826,-18.2369779773432,-3.94453604270397e-05,0.000135360335584817,1.86915528035864,0.509052317623556
596,23.84,210.41182166662,9.3296748910852,-224.444283295494,-13.6938368608919,439.220266931921,0,0,0,0,-17.7950459599127,-18.2228155684844,-3.9443743585391e-05,0.000135357365193645,1.85221774678704,0.509051763343525
597,23.88,210.408809128396,9.32628321848954,-224.426551414417,-13.6940351956289,439.203112519952,0,0,0,0,-17.7953035710647,-18.208604497476,-3.94444989104608e-05,0.000135352052737525,1.83510670206627,0.509051133646723
598,23.92,210.405844254058,9.32297967928412,-224.408764636878,-13.6942736783237,439.185902889976,0,0,0,0,-17.7956132619833,-18.1943455262317,-3.94464251686326e-05,0.000135345644590274,1.81782359044453,0.509050423422233
599,23.96,210.402926568731,9.31976333125801,-224.390923240508,-13.6945516997557,439.168638177736,0,0,0,0,-17.7959742352895,-18.1800390731255,-3.94482939960128e-05,0.000135339387820859,1.80036992487441,0.509049651493234
600,24,210.400056133393,9.3166345007172,-224.373027598982,-13.6948694459179,439.151318677575,0,0,0,0,-17.7963867236798,-18.1656861921428,-3.9449997402629e-05,0.000135333380754667,1.78274725333476,0.509048861930801
601,24.04,210.397234189291,9.31359604210645,-224.355078242391,-13.6952284895722,439.133944879147,0,0,0,0,-17.796852758449,-18.1512888645158,-3.94514502023511e-05,0.000135327690289766,1.76495705209113,0.509048124359985
602,24.08,210.394462615278,9.31065188299828,-224.337075876365,-13.6956308304959,439.11651743914,0,0,0,0,-17.797374926638,-18.1368492616017,-3.94527548615626e-05,0.000135322203235436,1.74700071298741,0.509047537156244
603,24.12,210.391742558524,9.30780400136204,-224.319021363634,-13.6960771901278,439.099037110924,0,0,0,0,-17.7979541614771,-18.1223687117842,-3.9454094932878e-05,0.000135316733830726,1.72887953916197,0.509047238106002
604,24.16,210.389072242023,9.30504776373326,-224.300915686405,-13.6965644987868,439.081504663482,0,0,0,0,-17.7985864854944,-18.1078462567107,-3.94556370503985e-05,0.000135311114689763,1.71059476489005,0.509047406258723
605,24.2,210.386443567277,9.30236462576966,-224.282759907443,-13.6970819626627,439.063920811613,0,0,0,0,-17.7992579106098,-18.0932762930147,-3.94576332357967e-05,0.000135305089806164,1.69214759815908,0.509048226798916
606,24.24,210.383837726127,9.2997126519002,-224.264555133761,-13.6976059564842,439.046286164472,0,0,0,0,-17.7999378128791,-18.0786453940504,-3.94601848455729e-05,0.000135298553117078,1.67353928962197,0.509049800748503
607,24.28,210.381221351221,9.29701812504021,-224.246302472392,-13.6980954955826,439.028601194156,0,0,0,0,-17.8005730557278,-18.0639292539965,-3.94624642160236e-05,0.000135292333190612,1.65477119661114,0.509052013357147
608,24.32,210.378546942216,9.29417638914885,-224.22800296265,-13.6984927162321,439.010866231949,0,0,0,0,-17.8010886062949,-18.0490924478259,-3.94626601593839e-05,0.000135288248704153,1.63584483216671,0.509054439241843
609,24.36,210.375762107679,9.2910724457367,-224.209657477753,-13.6987343624646,438.993081502159,0,0,0,0,-17.8014024282377,-18.0340953692143,-3.94600893157577e-05,0.000135286989607707,1.61676179624091,0.509056422173489
610,24.4,210.372828174506,9.28762249706362,-224.19126661723,-13.698774894543,438.975247189216,0,0,0,0,-17.8014554543649,-18.0189090758634,-3.94570683423113e-05,0.000135286237310296,1.59752374231741,0.509057399767202
611,24.44,210.36973797674,9.28381401916152,-224.172830654452,-13.6986089006162,438.957363512646,0,0,0,0,-17.8012406612719,-18.0035305815105,-3.94569122230917e-05,0.000135282665499046,1.57813233607678,0.50905728319741
612,24.48,210.366519123057,9.27971227916067,-224.154349608544,-13.6982743262719,438.939430778712,0,0,0,0,-17.8008072642704,-17.9879851781888,-3.94598455842584e-05,0.000135276042025883,1.5585891678405,0.509056523216244
613,24.52,210.36321974334,9.27542675890798,-224.135823432442,-13.6978329803745,438.921449397248,0,0,0,0,-17.8002354285785,-17.9723130644489,-3.94634592573222e-05,0.000135268782907935,1.5388957034187,0.509055770428129
614,24.56,210.35988879257,9.2710664487778,-224.117252216323,-13.6973453193673,438.903419879482,0,0,0,0,-17.7996035552598,-17.9565526193676,-3.94663475835974e-05,0.000135262299589617,1.51905335139525,0.509055483907741
615,24.6,210.356563810713,9.26671339635214,-224.098636306356,-13.6968561155523,438.88534283627,0,0,0,0,-17.798969694295,-17.9407316962049,-3.94683676823325e-05,0.000135256737901846,1.49906347303341,0.50905581277909
616,24.64,210.35326846019,9.2624183656866,-224.079976310898,-13.6963925663569,438.867218971759,0,0,0,0,-17.7983691008521,-17.92486708941,-3.94697005326468e-05,0.000135251916701991,1.47892742342849,0.509056698506425
617,24.68,210.350015166642,9.25820740935929,-224.061273014737,-13.6959682743963,438.849049046416,0,0,0,0,-17.7978194039868,-17.9089673969438,-3.94708018722456e-05,0.000135247377111894,1.45864658350249,0.509058003861155
618,24.72,210.346808948779,9.25409055223672,-224.042527235013,-13.6955881638543,438.83083379541,0,0,0,0,-17.7973269848964,-17.8930360752326,-3.9472087350755e-05,0.000135242698677645,1.43822245481325,0.509059589555514
619,24.76,210.343650590217,9.2500690207843,-224.023739669289,-13.6952525892369,438.812573827959,0,0,0,0,-17.7968923048801,-17.8770740452113,-3.94736138852799e-05,0.000135237819728706,1.41765664186803,0.509061344119633
620,24.8,210.340538974517,9.24614031901141,-224.004910797913,-13.6949601066807,438.794269560099,0,0,0,0,-17.7965134975066,-17.861081290259,-3.94748596468623e-05,0.000135233257077075,1.39695085081183,0.509063183785033
621,24.84,210.337472514329,9.24230121994589,-223.98604088308,-13.6947090425131,438.775921219976,0,0,0,0,-17.7961884002556,-17.8450577268376,-3.94754662590462e-05,0.000135229364651178,1.3761068363806,0.509065042236245
622,24.88,210.334449818825,9.23854901167945,-223.967130060365,-13.6944980548546,438.757528922365,0,0,0,0,-17.795915280414,-17.829003450946,-3.94763567684575e-05,0.000135225217281576,1.35512633351544,0.509066866647744
623,24.92,210.331469747082,9.23488139193257,-223.948178478835,-13.6943259425706,438.739092776556,0,0,0,0,-17.7956925858889,-17.812918526179,-3.94780663895379e-05,0.000135220280840406,1.33401100512362,0.509068622399986
624,24.96,210.328531205178,9.23129590976261,-223.929186438371,-13.6941912576242,438.720612991411,0,0,0,0,-17.7955184421092,-17.7968027316308,-3.9478342077525e-05,0.000135216811416605,1.31276243171896,0.509070297490545
625,25,210.325633072148,9.22778974761284,-223.91015448893,-13.6940921450506,438.702089958516,0,0,0,0,-17.7953904448281,-17.7806554871308,-3.94763853619035e-05,0.000135215610864261,1.29138213913328,0.509071901364634
626,25.04,210.322774298228,9.22436007723121,-223.891083472364,-13.6940266087715,438.683524302132,0,0,0,0,-17.7953060054902,-17.7644762001589,-3.94772768106581e-05,0.000135211602035548,1.26987156107703,0.509073462230646
627,25.08,210.319953367811,9.22100306448809,-223.871974494298,-13.6939920812551,438.664916878877,0,0,0,0,-17.7952617938893,-17.7482640912088,-3.94832924501065e-05,0.000135202512193975,1.24823216185351,0.509075019907168
628,25.12,210.317166734022,9.21771046060039,-223.852828820705,-13.6939836161472,438.646268710273,0,0,0,0,-17.7952513946022,-17.7320168061595,-3.94870332274097e-05,0.000135195741806598,1.22646542374429,0.509076607502702
629,25.16,210.314409108525,9.21447017436712,-223.833647713255,-13.6939942054687,438.627580852882,0,0,0,0,-17.7952657179815,-17.715730398912,-3.9483367152606e-05,0.000135196421165033,1.20457286159487,0.509078235865046
630,25.2,210.311677974186,9.21127623318658,-223.814432249893,-13.6940202537445,438.608854244637,0,0,0,0,-17.7953000995469,-17.6994031793395,-3.94787508032631e-05,0.000135198090239615,1.1825560857001,0.509079899602238
631,25.24,210.308977768575,9.20813822601935,-223.795183196814,-13.6940668429728,438.590089582343,0,0,0,0,-17.7953611295042,-17.6830397435568,-3.94806810459396e-05,0.00013519324955926,1.16041683252875,0.509081591164216
632,25.28,210.306316772314,9.20507451482391,-223.775900981206,-13.6941440323272,438.571287271023,0,0,0,0,-17.7954618549462,-17.6666483892815,-3.94870559956055e-05,0.000135183999442606,1.13815689701849,0.509083293715217
633,25.32,210.30369715815,9.20209055688724,-223.756585769086,-13.6942550854274,438.552447455776,0,0,0,0,-17.795606510776,-17.6502326211091,-3.94913019975968e-05,0.000135176912176483,1.11577804545481,0.509084953868945
634,25.36,210.30110705521,9.19916183583011,-223.737237613803,-13.6943872904304,438.533570123613,0,0,0,0,-17.7957786112377,-17.6337845427012,-3.94914992731764e-05,0.000135173904753658,1.09328202012786,0.509086463323326
635,25.4,210.298522142232,9.19623735919987,-223.717856626683,-13.6945138413229,438.514655251038,0,0,0,0,-17.7959433871913,-17.6172861217767,-3.94901553659404e-05,0.000135172465674668,1.07067051074171,0.509087671591154
636,25.44,210.295916953004,9.19326369358545,-223.698443124281,-13.6946065797161,438.495702963416,0,0,0,0,-17.7960643127179,-17.6007181118461,-3.94888893538751e-05,0.000135170971941821,1.04794516075807,0.509088433969786
637,25.48,210.293279211992,9.19021534990866,-223.678997718009,-13.6946520828446,438.476713662937,0,0,0,0,-17.7961239754066,-17.5840715717142,-3.94877935330438e-05,0.000135169327350796,1.02510756154486,0.509088677562556
638,25.52,210.290617623255,9.18711110258813,-223.65952132806,-13.6946602340188,438.457688082746,0,0,0,0,-17.796135194739,-17.5673541572464,-3.94885384999345e-05,0.000135165855332192,1.00215929937986,0.509088442046454
639,25.56,210.287957601119,9.18400441826194,-223.640015120346,-13.6946589425329,438.438627245736,0,0,0,0,-17.7961341719599,-17.550586263577,-3.94929837665936e-05,0.000135158687383724,0.979101942157198,0.509087858824535
640,25.6,210.285328488883,9.18095617214123,-223.620480378166,-13.6946796448354,438.419532339743,0,0,0,0,-17.796161682591,-17.5337905900228,-3.94978727036992e-05,0.000135151071465527,0.955937046019302,0.509087085531549
641,25.64,210.282752177253,9.17801088748527,-223.60091833372,-13.6947449240967,438.400404547584,0,0,0,0,-17.7962470184542,-17.516983354507,-3.94973430942285e-05,0.000135148864158052,0.932666238008697,0.509086251322938
642,25.68,210.280239862408,9.17519059881659,-223.581329999739,-13.6948656141554,438.381244877486,0,0,0,0,-17.7964042319341,-17.5001724965595,-3.94926561839772e-05,0.000135150806037774,0.909291209257727,0.50908544562333
643,25.72,210.277795412694,9.17250252049547,-223.561716050962,-13.6950450898324,438.362054032992,0,0,0,0,-17.7966377009496,-17.4833609705557,-3.94911140909982e-05,0.000135149610637085,0.885813744878635,0.509084735888996
644,25.76,210.275418502371,9.16994586821397,-223.542076799555,-13.6952829210508,438.342832354763,0,0,0,0,-17.7969468683301,-17.4665494136134,-3.94946099387773e-05,0.000135143418029698,0.862235647252049,0.509084182217313
645,25.8,210.273103642808,9.16750962125024,-223.522412282437,-13.6955735545045,438.323579858499,0,0,0,0,-17.7973245310773,-17.449734945635,-3.9498478477082e-05,0.000135136934698286,0.838558735054437,0.509083834639978
646,25.84,210.270836984276,9.16516579565783,-223.502722439426,-13.695902744741,438.304296372785,0,0,0,0,-17.7977522104142,-17.4329085452424,-3.95000434465534e-05,0.000135132865648711,0.814784774426829,0.509083722521792
647,25.88,210.268594783408,9.16286629164177,-223.483007325755,-13.696245926106,438.284981743627,0,0,0,0,-17.7981980407601,-17.4160539075276,-3.95006844956535e-05,0.000135129835759313,0.790915558445091,0.509083844148867
648,25.92,210.266344352172,9.16054494509425,-223.463267289494,-13.6965693424717,438.265636039043,0,0,0,0,-17.7986182378625,-17.3991483120016,-3.95015267683625e-05,0.000135126704129479,0.766952840158394,0.509084150945992
649,25.96,210.26404813285,9.15812565226162,-223.443503057521,-13.6968341445373,438.246259682647,0,0,0,0,-17.798962415458,-17.3821652366252,-3.95016670392499e-05,0.000135124351943524,0.742898345568931,0.509084534373487
650,26,210.261672246213,9.15553977291005,-223.423715708226,-13.697005297921,438.22685347945,0,0,0,0,-17.7991851375054,-17.3650805207074,-3.95004919144552e-05,0.000135123374904225,0.718753729875289,0.509084851874412
651,26.04,210.259198461106,9.15275075322956,-223.403906550029,-13.697064285984,438.207418543889,0,0,0,0,-17.7992623888956,-17.3478815759493,-3.94995272838566e-05,0.000135122228528106,0.694520625591771,0.509085006962011
652,26.08,210.256632281655,9.14977087297976,-223.384076955103,-13.6970178042053,438.187956167984,0,0,0,0,-17.7992028493325,-17.3305740276144,-3.95003431328085e-05,0.000135119311164442,0.670200703824838,0.509085020749715
653,26.12,210.254000402196,9.14665559352739,-223.364228198424,-13.6968946574162,438.168467664508,0,0,0,0,-17.799043872572,-17.3131794159994,-3.9502068868111e-05,0.00013511546571041,0.645795673203172,0.50908501003319
654,26.16,210.251339439292,9.1434798715449,-223.344361328406,-13.6967333101831,438.148954206336,0,0,0,0,-17.798835343913,-17.2957258800684,-3.95033674033198e-05,0.00013511202131087,0.621307257379204,0.509085091272582
655,26.2,210.248684721608,9.1403152225914,-223.324477080128,-13.696570104373,438.129416683517,0,0,0,0,-17.7986244006484,-17.2782396736487,-3.95050504651861e-05,0.000135108168495972,0.596737210691897,0.509085315004924
656,26.24,210.246064424743,9.13721817884083,-223.304575850141,-13.6964335184364,438.109855614479,0,0,0,0,-17.7984479849602,-17.2607412865516,-3.95083424328199e-05,0.000135102689535941,0.572087338697126,0.509085670930216
657,26.28,210.24349751176,9.13422658451186,-223.284657752799,-13.6963424724403,438.090271152487,0,0,0,0,-17.798330641874,-17.2432444795109,-3.95113561405799e-05,0.000135097487839242,0.547359461803265,0.509086117677457
658,26.32,210.240993715711,9.13135965304928,-223.264722751529,-13.696306388792,438.070663202983,0,0,0,0,-17.7982845953151,-17.2257562627744,-3.95102103135907e-05,0.000135096472282818,0.522555431875893,0.509086605420533
659,26.36,210.238555626086,9.12862224909384,-223.244770827555,-13.6963274151153,438.051031619663,0,0,0,0,-17.7983126308757,-17.2082785290178,-3.95057893608543e-05,0.000135098787381953,0.497677121304786,0.509087098256356
660,26.4,210.236182054593,9.12601183061896,-223.224802139301,-13.696404046088,438.031376409363,0,0,0,0,-17.7984127949597,-17.1908108881391,-3.95048091605375e-05,0.000135097733362945,0.472726394160864,0.509087595696817
661,26.44,210.233868996421,9.12352048057162,-223.204817138144,-13.6965322236357,438.011697877629,0,0,0,0,-17.7985798238337,-17.1733516038189,-3.95098556234422e-05,0.000135090723422103,0.447705078454527,0.509088132275593
662,26.48,210.231605913848,9.12112728337349,-223.184816622429,-13.696701431749,437.991996684652,0,0,0,0,-17.7988000791046,-17.1558944873505,-3.95151315714189e-05,0.000135083544489049,0.422614968810601,0.509088743579436
663,26.52,210.229371122648,9.11878891065546,-223.164801720277,-13.6968898896764,437.972273821945,0,0,0,0,-17.7990453111676,-17.1384249633771,-3.9515910160902e-05,0.000135080912607479,0.397457797638707,0.509089421072215
664,26.56,210.227133834094,9.11644366276371,-223.144773797465,-13.6970665648175,437.952530533613,0,0,0,0,-17.7992752675111,-17.1209212096715,-3.95143261201287e-05,0.000135080684266426,0.372235291776751,0.50909009708195
665,26.6,210.224865253407,9.11403388622678,-223.124734301082,-13.6972025261972,437.93276819446,0,0,0,0,-17.7994524194586,-17.103362612582,-3.95137411265157e-05,0.000135079490912392,0.346949158886973,0.509090679827342
666,26.64,210.222552643347,9.11153428263891,-223.104684573117,-13.697285215114,437.912988148939,0,0,0,0,-17.7995604755882,-17.0857406664473,-3.95141396568369e-05,0.000135077345074492,0.321601130135371,0.509091115073046
667,26.68,210.220206149752,9.10896547181087,-223.084625688632,-13.6973251674526,437.893191534026,0,0,0,0,-17.7996131023503,-17.068064197884,-3.95143679130206e-05,0.000135075400771448,0.296192931702984,0.509091424557667
668,26.72,210.217853001174,9.10638193234498,-223.064558370595,-13.697349700937,437.87337914036,0,0,0,0,-17.799645733961,-17.050354426996,-3.9515126589985e-05,0.000135072957964394,0.270726327954561,0.50909168922473
669,26.76,210.215522986042,9.10384283410752,-223.04448300365,-13.6973882165432,437.853551372128,0,0,0,0,-17.7996965060107,-17.0326338311999,-3.9518157858917e-05,0.000135068273333861,0.24520310606942,0.509091995900266
670,26.8,210.213234660913,9.10138482897941,-223.024399729526,-13.6974587644667,437.833708325927,0,0,0,0,-17.799788831067,-17.0149162074356,-3.95228043612271e-05,0.000135062001025408,0.219625109772353,0.509092392737737
671,26.84,210.210989280641,9.0990103103005,-223.004308582743,-13.6975623957288,437.813849948811,0,0,0,0,-17.7999240726437,-16.9972025477155,-3.95249255358131e-05,0.000135058277097452,0.193994250860479,0.509092875385474
672,26.88,210.20877431629,9.09669459916583,-222.984209624727,-13.6976868627299,437.793976204581,0,0,0,0,-17.8000863447542,-16.979483897881,-3.95216256518832e-05,0.000135059993724122,0.168312460086227,0.509093398938375
673,26.92,210.206574482489,9.09440776609975,-222.964103051454,-13.6978174316814,437.774087199525,0,0,0,0,-17.8002565363579,-16.9617495755854,-3.95169692920072e-05,0.00013506308405925,0.142581627717304,0.509093908928909
674,26.96,210.204383278489,9.09213738609974,-222.943989270051,-13.6979481027232,437.754183265163,0,0,0,0,-17.8004268651608,-16.9439958602156,-3.95183612988123e-05,0.000135060141380087,0.116803663002684,0.509094378426101
675,27,210.202206142128,9.08989457632291,-222.923868945786,-13.6980845031695,437.73426501476,0,0,0,0,-17.8006046303448,-16.926228246034,-3.95255300921241e-05,0.000135051433664997,0.0909804384503034,0.509094822043381
676,27.04,210.200053426626,9.08769965807112,-222.903743008367,-13.6982365901263,437.714333367048,0,0,0,0,-17.8008027470674,-16.9084554385704,-3.95296805991064e-05,0.000135045750812432,0.0651138029765062,0.509095271780347
677,27.08,210.197931556801,9.08556461402315,-222.883612598312,-13.6984099631799,437.69438950427,0,0,0,0,-17.8010284787411,-16.8906824564266,-3.95266662040127e-05,0.000135047235852274,0.0392055359307098,0.509095743643338
678,27.12,210.195841581084,9.08349056284496,-222.863478952698,-13.6986047749229,437.67443474586,0,0,0,0,-17.80128202383,-16.8729099498824,-3.95231460211837e-05,0.000135049231088078,0.0132573681256,0.509096233839747
679,27.16,210.193783673231,9.08147707545466,-222.843343266083,-13.6988205082817,437.654470372141,0,0,0,0,-17.8015627115962,-16.8551382236158,-3.95249680766941e-05,0.000135045896144032,-0.0127289779504076,0.509096740435133
680,27.2,210.191759963885,9.07952780039216,-222.823206577404,-13.6990587304006,437.634497471297,0,0,0,0,-17.8018725739066,-16.8373693263313,-3.95287150335523e-05,0.000135040660340126,-0.0387517918287505,0.509097276282503
681,27.24,210.189773261179,9.077647737995,-222.803069710232,-13.6993216322398,437.614516865656,0,0,0,0,-17.8022144515352,-16.8196056187029,-3.95299678760429e-05,0.000135037954164672,-0.0648093310529973,0.509097862459826
682,27.28,210.187825404083,9.0758400562221,-222.78293325903,-13.6996105089154,437.594529115807,0,0,0,0,-17.8025900230285,-16.8018486056053,-3.95297269789274e-05,0.000135036784134049,-0.0908998044069318,0.509098522044219
683,27.32,210.185917478287,9.07410668100176,-222.762797603764,-13.6999261594907,437.57453456054,0,0,0,0,-17.8030003224991,-16.7840994316744,-3.95298843361978e-05,0.00013503525994349,-0.117021372174653,0.509099284100358
684,27.36,210.184050509655,9.07244962126126,-222.742662951227,-13.7002695244362,437.554533364057,0,0,0,0,-17.8034465659996,-16.7663593868022,-3.95305952079846e-05,0.00013503322454008,-0.143172150842967,0.509100187797597
685,27.4,210.182225785307,9.07087147011899,-222.722529414177,-13.7006418540607,437.534525583425,0,0,0,0,-17.8039303700104,-16.7486299936234,-3.95316914103054e-05,0.000135030842274837,-0.169350216159427,0.509101282479666
686,27.44,210.180445163571,9.06937591001719,-222.702397127353,-13.7010449007136,437.51451128162,0,0,0,0,-17.8044540009463,-16.730913196856,-3.95328928323016e-05,0.000135028388133864,-0.195553609970739,0.509102628145527
687,27.48,210.178711317214,9.06796808544484,-222.682266371058,-13.7014810706715,437.494490673498,0,0,0,0,-17.8050205729363,-16.7132115293194,-3.95339369989676e-05,0.000135026118954817,-0.221780361569968,0.509104297232909
688,27.52,210.17702757716,9.0666542306753,-222.662137658398,-13.7019532401427,437.474464245026,0,0,0,0,-17.8056338107438,-16.6955279990155,-3.95348584577426e-05,0.000135023994730648,-0.248028524102585,0.509106376250435
689,27.56,210.175397197337,9.06544025196046,-222.642011761282,-13.7024640796092,437.454432786268,0,0,0,0,-17.8062971752667,-16.6778655902548,-3.95357366769427e-05,0.000135021931029521,-0.274296209310448,0.509108964793468
690,27.6,210.173821856463,9.06432893313263,-222.621889686941,-13.7030147215886,437.434397331859,0,0,0,0,-17.8070121371096,-16.6602262681786,-3.95366176572638e-05,0.000135019877757982,-0.300581601726947,0.509112166112025
691,27.64,210.172299059303,9.06331513019285,-222.601772635977,-13.7036024922738,437.414359057361,0,0,0,0,-17.8077752355594,-16.6426092941564,-3.95375935324252e-05,0.00013501774017781,-0.326882946547817,0.509116059812515
692,27.68,210.170818087485,9.06237830391231,-222.581661960197,-13.7042174410368,437.394319184807,0,0,0,0,-17.8085735778809,-16.6250086535203,-3.95389308630292e-05,0.000135015250560159,-0.353198525831745,0.509120644460321
693,27.72,210.169354657851,9.061472660412,-222.561559113362,-13.7048377997798,437.37427891058,0,0,0,0,-17.8093789492161,-16.6074096142625,-3.95408397106441e-05,0.000135012199122898,-0.379526638847205,0.509125741928925
694,27.76,210.167866128245,9.06051824591013,-222.541465577715,-13.7054258750174,437.354239335067,0,0,0,0,-17.8101424807676,-16.5897853688386,-3.95427069371963e-05,0.000135009201864451,-0.405865586188762,0.50913088232898
695,27.8,210.166291971569,9.05940176846209,-222.521382757419,-13.7059284233218,437.334201383848,0,0,0,0,-17.8107951301439,-16.5720967490025,-3.95429947437482e-05,0.000135007802422867,-0.432213650742233,0.509135250770146
696,27.84,210.164565565897,9.05799862524882,-222.501311843905,-13.7062869627027,437.314165747256,0,0,0,0,-17.811261050053,-16.5542995266888,-3.95408121708086e-05,0.000135008897787535,-0.45856905879416,0.509137834836227
697,27.88,210.162637640102,9.05621731508838,-222.48125367884,-13.7064588762748,437.294132880128,0,0,0,0,-17.8114849618092,-16.5363609399619,-3.95377577496159e-05,0.000135010890975149,-0.484929995281382,0.50913783571885
698,27.92,210.160499358866,9.05404326259797,-222.461208674012,-13.7064383033788,437.274103073659,0,0,0,0,-17.8114592596728,-16.5182767553557,-3.95367791851233e-05,0.000135010827895147,-0.511294535180383,0.509135128673514
699,27.96,210.158186637179,9.05154659752259,-222.441176856905,-13.7062596682307,437.254076564792,0,0,0,0,-17.8112285935079,-16.5000744490062,-3.95385797993528e-05,0.000135008000482236,-0.537660708618967,0.509130362945982
700,28,210.155761825689,9.04884632525902,-222.421158046043,-13.7059800844273,437.2340536309,0,0,0,0,-17.8108670412131,-16.4817986981628,-3.95413320019148e-05,0.000135004240815208,-0.564026517756103,0.509124572587373
701,28.04,210.153287895164,9.04606124264673,-222.401152071306,-13.7056559206081,437.214034644431,0,0,0,0,-17.8104477044473,-16.4634928883167,-3.95436748443197e-05,0.000135000915079402,-0.590390008500561,0.509118664695471
702,28.08,210.150812834429,9.04328081577039,-222.38115894392,-13.7053291381696,437.194020100748,0,0,0,0,-17.8100249887119,-16.4451887222905,-3.95453419317302e-05,0.000134998291909654,-0.61674922345304,0.509113181080203
703,28.12,210.148366472324,9.0405600642866,-222.361178943047,-13.7050252924936,437.174010643578,0,0,0,0,-17.809632019024,-16.426905469248,-3.95463821890696e-05,0.000134996320191102,-0.64310225372806,0.509108342590152
704,28.16,210.145964170154,9.03792684086081,-222.341212630257,-13.7047571299155,437.154007089465,0,0,0,0,-17.8092853118379,-16.4086529423718,-3.95471152572401e-05,0.000134994677521844,-0.669447242500514,0.509104179597957
705,28.2,210.143611793326,9.03539128354581,-222.321260810454,-13.7045291075921,437.134010427826,0,0,0,0,-17.8089906393445,-16.3904349572788,-3.9547860653261e-05,0.000134993044592947,-0.695782399835411,0.509100633936552
706,28.24,210.141309839848,9.03295356787969,-222.301324459651,-13.7043410431349,437.114021774755,0,0,0,0,-17.8087477620946,-16.3722520165319,-3.95487300434034e-05,0.000134991307966923,-0.722106003317855,0.509097617007147
707,28.28,210.139056278981,9.0306091988704,-222.281404642417,-13.7041905641864,437.094042286714,0,0,0,0,-17.8085536046374,-16.3541030574124,-3.95496796469914e-05,0.00013498950153047,-0.748416372104562,0.509095037488434
708,28.32,210.136848335623,9.02835234594615,-222.261502434389,-13.7040746431959,437.074073067262,0,0,0,0,-17.80840424494,-16.335986552157,-3.95505219625402e-05,0.000134987785606004,-0.774711827486849,0.509092812421361
709,28.36,210.134683468077,9.02617769530846,-222.241618853614,-13.7039904749107,437.054115101293,0,0,0,0,-17.80829605122,-16.3179011689572,-3.95510780123228e-05,0.000134986297134105,-0.80099065877769,0.509090869944775
710,28.4,210.132559701984,9.02408111885848,-222.221754801093,-13.7039358436774,437.034169227896,0,0,0,0,-17.8082261567352,-16.2998460801052,-3.9551492922776e-05,0.000134984859144114,-0.827251107849354,0.509089148483464
711,28.44,210.130475503825,9.02205947669012,-222.201911016858,-13.7039090938032,437.014236137796,0,0,0,0,-17.8081924199194,-16.2818209471032,-3.95520512041969e-05,0.00013498319532353,-0.85349136849876,0.509087595405504
712,28.48,210.128429456064,9.02011001226852,-222.182088062536,-13.7039088702834,436.994316376615,0,0,0,0,-17.80819308748,-16.2638256798171,-3.9552153995077e-05,0.000134981951764941,-0.879709586014558,0.50908616618191
713,28.52,210.126420038724,9.01822990968487,-222.162286336681,-13.7039338860769,436.974410351796,0,0,0,0,-17.8082264927017,-16.2458601986784,-3.9551315028163e-05,0.000134981666859692,-0.905903855909363,0.509084823894612
714,28.56,210.124445609597,9.01641622594787,-222.142506119427,-13.7039828564576,436.954518359534,0,0,0,0,-17.8082909707436,-16.2279243788899,-3.95518197343063e-05,0.000134980084269729,-0.932072229787816,0.509083538933336
715,28.6,210.122504221774,9.01466555061108,-222.122747637196,-13.7040543386477,436.934640647007,0,0,0,0,-17.8083846510836,-16.2100179716928,-3.95552892394156e-05,0.000134975590622534,-0.958212738797027,0.509082287764233
716,28.64,210.120593100407,9.0129729577792,-222.103011136749,-13.7041462223882,436.914777501765,0,0,0,0,-17.8085047971084,-16.1921401417396,-3.95572624227956e-05,0.000134972647275983,-0.984323431496604,0.509081049792022
717,28.68,210.118709078444,9.011332644183,-222.083296955718,-13.7042559448484,436.894929334827,0,0,0,0,-17.8086480848077,-16.174289519034,-3.95538823120203e-05,0.000134975110246365,-1.01040240678206,0.509079807678975
718,28.72,210.116850969446,9.00974231237226,-222.063605575196,-13.7043824904914,436.875096722762,0,0,0,0,-17.8088131964512,-16.1564659838228,-3.95503566865701e-05,0.000134977769171292,-1.03644782905989,0.509078556088058
719,28.76,210.115020593063,9.00820524159135,-222.043937645587,-13.7045274043221,436.855280401381,0,0,0,0,-17.8090021353385,-16.1386718109296,-3.95530977035399e-05,0.000134974207079294,-1.06245792529555,0.509077305980138
720,28.8,210.113218267145,9.00672199060932,-222.024293986333,-13.7046909723226,436.835481235191,0,0,0,0,-17.8092152726562,-16.1209083872063,-3.95592189755832e-05,0.000134967304761104,-1.08843097461934,0.50907606800142
721,28.84,210.111436373533,9.00527838125047,-222.004675563852,-13.7048666357824,436.815700191917,0,0,0,0,-17.8094441022439,-16.1031710657233,-3.95614112778028e-05,0.000134964367249687,-1.11436528954967,0.509074828666154
722,28.88,210.109660312322,9.00384726584297,-221.985083448967,-13.7050418302841,436.795938325731,0,0,0,0,-17.809672326977,-16.0854497522382,-3.95583719516904e-05,0.000134966694462602,-1.14025924135593,0.509073551657592
723,28.92,210.107879543797,9.00240883964275,-221.965518753185,-13.7052072876826,436.776196745022,0,0,0,0,-17.8098879236244,-16.0677369822908,-3.95553276592467e-05,0.00013496905787993,-1.16611118274244,0.509072209983809
724,28.96,210.106098808167,9.00097132743028,-221.94598254952,-13.7053665140484,436.756476544305,0,0,0,0,-17.8100954383071,-16.0500364289478,-3.95562435868218e-05,0.000134967490473589,-1.19191945664811,0.509070817499841
725,29,210.104338345035,8.99957120846391,-221.926475795525,-13.7055357828165,436.736778714912,0,0,0,0,-17.8103159789185,-16.0323628618583,-3.95592675140491e-05,0.00013496384269276,-1.21768236021041,0.509069427064229
726,29.04,210.102622154294,8.99825163478081,-221.906999283225,-13.7057342771548,436.717104079894,0,0,0,0,-17.810574428908,-16.0147334713872,-3.95609576099854e-05,0.000134961554283697,-1.2433981335162,0.50906809895389
727,29.08,210.10096375358,8.99703670424051,-221.887553630731,-13.7059726076135,436.697453287683,0,0,0,0,-17.8108845532847,-15.997158060939,-3.9561569092384e-05,0.000134960366436076,-1.26906496529775,0.509066872117773
728,29.12,210.099358102999,8.99591724890477,-221.868139308885,-13.7062466911078,436.677826854086,0,0,0,0,-17.8112410580228,-15.9796340599701,-3.95627466915465e-05,0.000134958627917349,-1.29468100817726,0.509065756522407
729,29.16,210.097781217791,8.99485040047391,-221.848756679916,-13.7065377115193,436.658225208753,0,0,0,0,-17.8116195372968,-15.9621465211533,-3.95638196618436e-05,0.000134957000796296,-1.32024439364641,0.509064735778975
730,29.2,210.096196024901,8.99377007546494,-221.829406028983,-13.7068167379775,436.638648716396,0,0,0,0,-17.8119824629335,-15.9446717474705,-3.95639398254408e-05,0.000134956326730919,-1.34575324405734,0.509063769666163
731,29.24,210.094564056351,8.99260782221086,-221.810087591174,-13.7070538632342,436.619097688548,0,0,0,0,-17.8122910387173,-15.9271848230474,-3.95638183894656e-05,0.000134955894366193,-1.37120568761592,0.509062804563351
732,29.28,210.092860572513,8.99131992761312,-221.790801593227,-13.7072301876097,436.599572425737,0,0,0,0,-17.8125207471676,-15.9096700236237,-3.95637696150463e-05,0.000134955394131683,-1.39659987891966,0.509061799788256
733,29.32,210.091085785003,8.98990750280778,-221.771548320318,-13.7073466998154,436.580073302328,0,0,0,0,-17.8126728702273,-15.8921288165849,-3.95632785874277e-05,0.000134955345027671,-1.42193402018855,0.50906075495101
734,29.36,210.089264640289,8.98841574046249,-221.752328190816,-13.707423764844,436.560600855487,0,0,0,0,-17.8127738240198,-15.8745794564601,-3.95628318102205e-05,0.000134955261650904,-1.44720637323849,0.509059709003415
735,29.4,210.087435094721,8.98691246890934,-221.73314180505,-13.7074913924062,436.541155823268,0,0,0,0,-17.8128625351164,-15.8570483554045,-3.95643525954173e-05,0.000134953220002493,-1.47241525681214,0.509058705189221
736,29.44,210.08563261241,8.98546036383928,-221.713989948112,-13.7075769188482,436.521739115531,0,0,0,0,-17.812974462844,-15.8395594076864,-3.95682794335192e-05,0.000134948780069539,-1.4975590345903,0.50905775229611
737,29.48,210.083879239996,8.98409774426412,-221.694873558262,-13.707696700818,436.502351754811,0,0,0,0,-17.8131308247237,-15.8221269634335,-3.95712320205266e-05,0.000134945319527429,-1.52263610070152,0.509056810893042
738,29.52,210.082181353687,8.98283487101663,-221.675793685199,-13.7078546668649,436.482994834734,0,0,0,0,-17.8133367169547,-15.8047546485137,-3.95699083267176e-05,0.000134946136526164,-1.5476448652309,0.509055806271296
739,29.56,210.080535942251,8.98166534648893,-221.656751443669,-13.7080474625787,436.46366950201,0,0,0,0,-17.8135877881925,-15.7874398806442,-3.95666356440692e-05,0.000134948900241222,-1.57258373766461,0.509054658871381
740,29.6,210.078940648404,8.98058416429897,-221.637747947822,-13.7082724928096,436.444376924737,0,0,0,0,-17.8138806720108,-15.7701810514817,-3.95664805828492e-05,0.000134948543692378,-1.59745110761283,0.509053320090126
741,29.64,210.077399499013,8.97959793206178,-221.618784222149,-13.708532427439,436.42511821654,0,0,0,0,-17.8142188319627,-15.7529815043639,-3.95693022452259e-05,0.000134945211841898,-1.62224532871745,0.509051792814986
742,29.68,210.0759201838,8.97871986014131,-221.599861115964,-13.7088328976578,436.405894337281,0,0,0,0,-17.8146095729952,-15.7358472225263,-3.95708440973444e-05,0.00013494316792613,-1.64696471197886,0.509050122247741
743,29.72,210.074507260992,8.97795761266852,-221.580979262102,-13.7091771189279,436.386706029354,0,0,0,0,-17.8150570657767,-15.7187818767297,-3.95704763307122e-05,0.00013494304771835,-1.6716075298199,0.509048369431513
744,29.76,210.07315796047,8.97730603817294,-221.562139097537,-13.7095628091404,436.367553828975,0,0,0,0,-17.8155583479488,-15.7017842401806,-3.95707524670936e-05,0.000134942300526647,-1.69617202673245,0.509046594066342
745,29.8,210.071861640847,8.97674641440195,-221.543340925255,-13.7099819814438,436.348438133144,0,0,0,0,-17.8161030549238,-15.6848482087347,-3.95721026170917e-05,0.000134940495650295,-1.72065643150528,0.50904485532739
746,29.84,210.070599818393,8.97624658022565,-221.524584980199,-13.710421048809,436.329359267175,0,0,0,0,-17.8166735572905,-15.6679629406812,-3.95734958610223e-05,0.000134938661291416,-1.74505897049673,0.509043216939374
747,29.88,210.069345068169,8.97575903454524,-221.505871480998,-13.7108600062086,436.31031752083,0,0,0,0,-17.8172439042673,-15.6511121308148,-3.95747735112023e-05,0.000134936953311833,-1.76937788319641,0.50904173993444
748,29.92,210.068060076007,8.97521923229312,-221.48720067752,-13.7112716515945,436.291313172828,0,0,0,0,-17.8177788175931,-15.6342732318696,-3.95757264798868e-05,0.000134935579632467,-1.79361143893666,0.509040458810335
749,29.96,210.066700511716,8.97455042101231,-221.46857290625,-13.7116235459551,436.272346542908,0,0,0,0,-17.8182362339843,-15.6174188634981,-3.95756038258241e-05,0.000134935291496043,-1.81775794931372,0.50903935880382
750,30,210.065225468008,8.97368173336269,-221.449988640181,-13.7118857010397,436.253418075866,0,0,0,0,-17.8185772705348,-15.6005233042656,-3.95743197334117e-05,0.000134936173633255,-1.8418157709368,0.509038388101837
751,30.04,210.063613229641,8.97257586416558,-221.431448505188,-13.7120425433739,436.234528414037,0,0,0,0,-17.8187817340244,-15.5835732440133,-3.95731112408111e-05,0.000134936985304192,-1.86578330052258,0.509037513742967
752,30.08,210.061871789171,8.97124753487165,-221.412953256151,-13.7121008989155,436.215678409366,0,0,0,0,-17.8188584724589,-15.5665752168813,-3.95732913706809e-05,0.000134936411740833,-1.88965896852415,0.50903676919645
753,30.12,210.060034842371,8.96975611901811,-221.394503738566,-13.7120866095902,436.196869071509,0,0,0,0,-17.8188409898888,-15.549552528386,-3.95745426115151e-05,0.000134934772077311,-1.9134412339668,0.509036231257656
754,30.16,210.058146726811,8.96817885574974,-221.376100863383,-13.712032761621,436.178101496065,0,0,0,0,-17.818772187123,-15.5325345660579,-3.95758476137395e-05,0.000134933084833248,-1.93712857679311,0.50903594833409
755,30.2,210.056248529463,8.96658661012051,-221.357745594754,-13.7119693029006,436.159376816998,0,0,0,0,-17.8186909024585,-15.515547767647,-3.95772416485843e-05,0.000134931314445951,-1.9607194836329,0.509035904444714
756,30.24,210.054372233407,8.96503404079286,-221.339438927827,-13.711919062782,436.140696183223,0,0,0,0,-17.8186267496131,-15.4986124879536,-3.95788185999596e-05,0.000134929366110363,-1.98421243045418,0.509036045737217
757,30.28,210.052540214531,8.96355904842896,-221.321181837051,-13.7118977197779,436.122060722931,0,0,0,0,-17.8186000708093,-15.4817431013202,-3.95792520050006e-05,0.000134928564664175,-2.00760587011203,0.509036320604267
758,30.32,210.050765670052,8.96218366699628,-221.302975199188,-13.7119142696741,436.103471471917,0,0,0,0,-17.8186225386831,-15.4649482359211,-3.9578003083964e-05,0.000134929440775141,-2.03089822974377,0.509036695287078
759,30.36,210.049053323825,8.96091539069101,-221.284819720752,-13.7119716353277,436.084929289214,0,0,0,0,-17.8186979454311,-15.4482311499336,-3.95777952569021e-05,0.000134929247061624,-2.05408791507119,0.509037151016163
760,30.4,210.047401218325,8.95975039473812,-221.266715904133,-13.712068083145,436.066434810865,0,0,0,0,-17.8188240417665,-15.4315909996543,-3.95802341946016e-05,0.000134926337100629,-2.07717331386659,0.509037677232921
761,30.44,210.045803270606,8.95867792796061,-221.248664063065,-13.7121990636937,436.047988469404,0,0,0,0,-17.8189949267843,-15.4150244150661,-3.95815091585811e-05,0.000134924479502002,-2.10015279635007,0.509038263035154
762,30.48,210.044252913376,8.95768643260951,-221.230664368307,-13.7123597081809,436.029590557255,0,0,0,0,-17.8192042865742,-15.3985275556989,-3.95788008796036e-05,0.000134926474059418,-2.12302471827553,0.509038889825603
763,30.52,210.042748204964,8.95677236274485,-221.212716898265,-13.7125485487095,436.011241289193,0,0,0,0,-17.8194502185761,-15.3820996020661,-3.95758917229577e-05,0.000134928557590445,-2.14578743364324,0.509039533186449
764,30.56,210.041294361623,8.95594468439977,-221.194821689178,-13.7127694764502,435.992940842852,0,0,0,0,-17.8197377711745,-15.3657448798592,-3.95768018001495e-05,0.000134926765410506,-2.16843931495491,0.509040170318648
765,30.6,210.039898385095,8.95521555210758,-221.176978796698,-13.7130277657186,435.974689395404,0,0,0,0,-17.8200737872779,-15.349469197821,-3.95800641411567e-05,0.000134922637795669,-2.19097876918206,0.50904077922712
766,30.64,210.038558118805,8.9545813516964,-221.159188373043,-13.7133220433619,435.956487183514,0,0,0,0,-17.8204564877886,-15.3332722248882,-3.95823332403408e-05,0.000134919586970397,-2.21340424065512,0.509041326698662
767,30.68,210.037254377905,8.95400927819056,-221.141450741517,-13.7136387422428,435.938334583474,0,0,0,0,-17.8208682756783,-15.317142348551,-3.95826872532486e-05,0.000134918574510888,-2.23571420476791,0.509041754909081
768,30.72,210.035951719814,8.95343881863703,-221.123766439064,-13.7139528341726,435.920232174414,0,0,0,0,-17.8212766852528,-15.3010573793124,-3.95822205722496e-05,0.000134918510649583,-2.25790716449222,0.509041975840263
769,30.76,210.034607652592,8.95279749678242,-221.10613620947,-13.7142343832737,435.902180748553,0,0,0,0,-17.8216428831259,-15.2849904395326,-3.95819708144547e-05,0.000134918334346045,-2.27998165477548,0.509041880839897
770,30.8,210.033187312373,8.95202588120475,-221.088560954255,-13.7144588830163,435.884181268439,0,0,0,0,-17.821935078722,-15.2689194239693,-3.95818464312782e-05,0.000134918102660855,-2.30193624676655,0.509041372016487
771,30.84,210.031677840718,8.95110216652301,-221.071041665388,-13.7146174644287,435.866234804012,0,0,0,0,-17.82214176692,-15.252836700141,-3.95813172173763e-05,0.000134918316938891,-2.32376954062754,0.509040406747572
772,30.88,210.030094308313,8.95005220280563,-221.053579362166,-13.7147210121213,435.848342479795,0,0,0,0,-17.8222770660372,-15.2367531330199,-3.95809936271623e-05,0.000134918350523604,-2.3454801463652,0.509039022852037
773,30.92,210.028473042373,8.94893778448374,-221.036175038959,-13.7147951360619,435.830505432911,0,0,0,0,-17.8223741947321,-15.2206932498983,-3.95824027494803e-05,0.000134916670305752,-2.36706666507276,0.50903731872977
774,30.96,210.026857063169,8.94783159669713,-221.018829617906,-13.7148696783447,435.812724762722,0,0,0,0,-17.822471861988,-15.2046852871729,-3.95851041444083e-05,0.000134913715873166,-2.38852768295571,0.509035407086222
775,31,210.025282353134,8.94679398087897,-221.001543903656,-13.7149691885778,435.795001464489,0,0,0,0,-17.8226019130319,-15.1887523932611,-3.95861056206017e-05,0.000134912479644061,-2.40986177753936,0.509033384096679
776,31.04,210.023769750066,8.94585952043858,-220.984318548703,-13.7151075881792,435.77733636651,0,0,0,0,-17.8227824072879,-15.172907849614,-3.95848206311092e-05,0.000134913546958231,-2.43106752343631,0.509031327156814
777,31.08,210.022322077481,8.94503250918425,-220.967154039474,-13.7152864919785,435.75973009975,0,0,0,0,-17.8230154404301,-15.157153631181,-3.95847938198033e-05,0.000134913370165403,-2.45214348770085,0.509029302508484
778,31.12,210.020924736427,8.94428811017664,-220.95005070308,-13.7154957805458,435.742183109876,0,0,0,0,-17.8232878866407,-15.141480880176,-3.95873836374972e-05,0.000134910587142842,-2.47308821953533,0.509027365105731
779,31.16,210.019550007119,8.94357955311901,-220.933008726959,-13.7157165144922,435.724695695452,0,0,0,0,-17.8235751787292,-15.1258723449118,-3.95893321444691e-05,0.000134908452408379,-2.49390024782387,0.509025551254895
780,31.2,210.018167266677,8.94285526006928,-220.916028187464,-13.7159278563899,435.707268050461,0,0,0,0,-17.823850286765,-15.1103086860682,-3.95882561038798e-05,0.000134909346167187,-2.51457809325898,0.50902387785052
781,31.24,210.016757637783,8.94208360415231,-220.899109092184,-13.7161171807549,435.68990030657,0,0,0,0,-17.8240968329253,-15.0947782854552,-3.95856283899678e-05,0.000134911792947658,-2.53512028766054,0.509022354798874
782,31.28,210.015323933338,8.94126970604717,-220.882251441068,-13.7162869177129,435.672592586072,0,0,0,0,-17.8243179693517,-15.0792841089192,-3.95847023830938e-05,0.000134912536778411,-2.55552538695667,0.509020994563513
783,31.32,210.013886783314,8.9404486497919,-220.865455298681,-13.7164516378235,435.655345070026,0,0,0,0,-17.8245325961328,-15.0638408447213,-3.95874325254148e-05,0.000134909619332183,-2.57579197238781,0.509019798956564
784,31.36,210.012469098615,8.93965902042429,-220.848720856302,-13.7166271308997,435.638158065393,0,0,0,0,-17.8247611946725,-15.0484641589859,-3.95920650485562e-05,0.000134904788842483,-2.59591864667235,0.509018731299185
785,31.4,210.011081376376,8.93891815769325,-220.832048464874,-13.7168203621053,435.621032045663,0,0,0,0,-17.8250127999738,-15.0331609819641,-3.95938480559974e-05,0.000134902791990327,-2.61590403544692,0.509017704696905
786,31.44,210.009718884395,8.93821762186026,-220.815438637631,-13.7170277539831,435.603967654149,0,0,0,0,-17.8252827722096,-15.0179279910592,-3.95904894180714e-05,0.000134905918983565,-2.63574679540451,0.509016603778702
787,31.48,210.008371105355,8.93753929742605,-220.798892035824,-13.7172418390813,435.586965682834,0,0,0,0,-17.8255614253969,-15.002758271183,-3.95865556222333e-05,0.000134909606721258,-2.65544562056153,0.509015328387299
788,31.52,210.007033577325,8.93687541254326,-220.782409448666,-13.7174594340123,435.570027047459,0,0,0,0,-17.8258446299787,-14.9876494430992,-3.95880444166884e-05,0.000134907865882041,-2.67499923943243,0.509013832258288
789,31.56,210.005711037559,8.93623370284235,-220.765991766002,-13.717683663977,435.553152764695,0,0,0,0,-17.8261364391478,-14.9726055089423,-3.95931320087647e-05,0.000134902530879415,-2.69440640432195,0.509012131492052
790,31.6,210.004410851189,8.93562612179409,-220.749639934638,-13.7179192544643,435.536343918497,0,0,0,0,-17.8264429821078,-14.957631852846,-3.9594881430377e-05,0.000134900547921095,-2.71366588022928,0.509010277896847
791,31.64,210.003136459964,8.93505781626194,-220.733354895874,-13.7181680634756,435.519601603052,0,0,0,0,-17.8267666691092,-14.9427307376013,-3.95923675489908e-05,0.000134902847971197,-2.73277643881158,0.509008320647585
792,31.68,210.001888028598,8.93452847721236,-220.717137517855,-13.7184297806617,435.502926849902,0,0,0,0,-17.8271070977634,-14.9279022987073,-3.9590929525774e-05,0.000134904094084092,-2.75173685565403,0.509006282778579
793,31.72,210.00066630056,8.93403897080949,-220.700988544968,-13.7187046902054,435.486320564924,0,0,0,0,-17.8274646362504,-14.9131474479961,-3.95923935022017e-05,0.00013490245958701,-2.77054590656432,0.509004155488212
794,31.76,209.999473310176,8.93359240522661,-220.684908575992,-13.7189940162039,435.469783497145,0,0,0,0,-17.8278408715893,-14.8984679909394,-3.95939385820605e-05,0.000134900763441588,-2.78920236137006,0.509001902579801
795,31.8,209.998310806547,8.9331913895014,-220.668898063512,-13.7192987589891,435.453316239546,0,0,0,0,-17.8282371005292,-14.8838653158645,-3.95944063892438e-05,0.000134900161698625,-2.80770497893675,0.508999474614962
796,31.84,209.997179878098,8.93283747920085,-220.652957320224,-13.7196195246596,435.436919243781,0,0,0,0,-17.8286541080364,-14.8693403433394,-3.95945935689258e-05,0.000134899855578051,-2.82605250749716,0.508996826723774
797,31.88,209.996081567133,8.93253224048187,-220.637086527041,-13.7199569789092,435.420592832601,0,0,0,0,-17.829092755459,-14.8548940469353,-3.95947553233067e-05,0.000134899588669899,-2.84424368843024,0.508993923458485
798,31.92,209.995017137867,8.93227764331892,-220.621285749981,-13.7203119672992,435.404337211828,0,0,0,0,-17.8295541364072,-14.8405275200458,-3.95950261937959e-05,0.000134899226229885,-2.86227725955272,0.508990728184108
799,31.96,209.99398824003,8.93207630027712,-220.605554975913,-13.720685582493,435.388152498159,0,0,0,0,-17.8300396639638,-14.8262420375883,-3.95955703219561e-05,0.000134898603031601,-2.88015195698331,0.508987194660323
800,32,209.992997235766,8.93193198902285,-220.589894169657,-13.7210793579544,435.372038774355,0,0,0,0,-17.8305513220977,-14.8120392735588,-3.95962144035823e-05,0.00013489788835547,-2.89786651935714,0.508983272722443
801,32.04,209.992047440556,8.93185001503637,-220.574303342149,-13.7214953956573,435.355996163326,0,0,0,0,-17.8310918318426,-14.7979214393624,-3.95967769449597e-05,0.000134897257704342,-2.91541969781201,0.50897892088438
802,32.08,209.991143179754,8.93183727112384,-220.558782610759,-13.7219363765517,435.340024895941,0,0,0,0,-17.8316646656545,-14.7838913172578,-3.95972052627589e-05,0.000134896759020586,-2.93281026826885,0.508974112674391
803,32.12,209.990289610186,8.93190192333403,-220.543332235633,-13.722405426556,435.324125349041,0,0,0,0,-17.8322738743927,-14.7699521609073,-3.95975579655865e-05,0.000134896332188218,-2.95003703969873,0.508968835266811
804,32.16,209.989492179223,8.93205252504951,-220.527952628926,-13.7229057655344,435.308298048634,0,0,0,0,-17.8329236326416,-14.7561073910854,-3.95979342532931e-05,0.000134895879286086,-2.96709885497171,0.508963093939401
805,32.2,209.988755583874,8.93229634364602,-220.512644348204,-13.7234400640574,435.29254365249,0,0,0,0,-17.8336174049081,-14.7423600274891,-3.95983591874303e-05,0.000134895375670585,-2.98399458734684,0.508956934731686
806,32.24,209.98808196477,8.93263646731268,-220.497408090319,-13.7240093432392,435.276862931016,0,0,0,0,-17.8343565195763,-14.728711724921,-3.95988237818322e-05,0.000134894827402759,-3.00072313912171,0.50895047974022
807,32.28,209.987467807,8.93306683080098,-220.482244693687,-13.7246110834005,435.261256753287,0,0,0,0,-17.8351377172274,-14.7151611053928,-3.95993567743169e-05,0.000134894203794299,-3.01728344339697,0.508943954248024
808,32.32,209.986899015546,8.93356429843318,-220.467155142107,-13.725236209856,435.245726069076,0,0,0,0,-17.8359492420685,-14.7017010262475,-3.96001374311596e-05,0.000134893325941358,-3.03367446458678,0.508937684797707
809,32.36,209.986344349474,8.93407809498678,-220.452140553711,-13.725865064695,435.230271872893,0,0,0,0,-17.8367656163269,-14.6883148067681,-3.96013839810049e-05,0.000134891976385948,-3.04989519256136,0.508932054646216
810,32.4,209.985749463771,8.93452017101274,-220.437202139196,-13.7264637148186,435.214895146773,0,0,0,0,-17.8375428477862,-14.674972525217,-3.96027637983917e-05,0.000134890489539456,-3.06594463010766,0.508927411766041
811,32.44,209.985037314574,8.93476576556578,-220.422341118735,-13.7269841276381,435.199596795382,0,0,0,0,-17.8382186509846,-14.6616305734429,-3.96031210569526e-05,0.000134890025284124,-3.08182178021261,0.508923953829913
812,32.48,209.984122575282,8.93467666406337,-220.407558593935,-13.7273730900592,435.184377595213,0,0,0,0,-17.8387240096839,-14.6482393624597,-3.96015088306088e-05,0.000134891535038442,-3.0975256378402,0.5089216760737
813,32.52,209.982941226934,8.93414940905757,-220.392855391885,-13.7275909630856,435.169238172848,0,0,0,0,-17.8390075039626,-14.634761192262,-3.95987499573796e-05,0.000134894196731638,-3.11305518670213,0.508920480844085
814,32.56,209.981480416884,8.93316420104489,-220.378231940309,-13.7276308553374,435.154179011485,0,0,0,0,-17.8390601892892,-14.6211895178334,-3.95971230180618e-05,0.000134895729131998,-3.12840939929687,0.508920386965534
815,32.6,209.979785355061,8.93179588185443,-220.363688254195,-13.7275227450562,435.139200472458,0,0,0,0,-17.8389209508499,-14.6075532702649,-3.95977228510579e-05,0.000134895036174274,-3.14358723713157,0.508921580321059
816,32.64,209.977936631851,8.93017621473889,-220.34922405469,-13.7273183453239,435.124302817126,0,0,0,0,-17.8386568666701,-14.5939016500778,-3.95994573912522e-05,0.000134893212539309,-3.15858765191458,0.508924190612725
817,32.68,209.976016796282,8.92843912927052,-220.334838941541,-13.7270696146819,435.109486223234,0,0,0,0,-17.8383353224057,-14.5802831299939,-3.96011340897858e-05,0.000134891456362106,-3.17340958887972,0.508928059760501
818,32.72,209.97408892179,8.92668626010347,-220.320532522543,-13.7268156165198,435.094750800749,0,0,0,0,-17.8380069661594,-14.5667334441308,-3.96023796942912e-05,0.000134890145621681,-3.18805199242548,0.508932776158361
819,32.76,209.97219227627,8.92498049773197,-220.306304477283,-13.7265803613594,435.080096617181,0,0,0,0,-17.8377029187061,-14.5532742915681,-3.9603090805296e-05,0.000134889382406855,-3.20251381291305,0.508937881017665
820,32.8,209.970346973263,8.92335382038893,-220.292154587941,-13.7263759975786,435.065523738393,0,0,0,0,-17.8374389196696,-14.5399166564798,-3.96034498059177e-05,0.000134888977211311,-3.21679401188185,0.508943014580269
821,32.84,209.968560426188,8.92181779731883,-220.278082763348,-13.7262068885424,435.051032280759,0,0,0,0,-17.8372206179309,-14.526664614987,-3.96037643663877e-05,0.000134888617189618,-3.23089156726434,0.508947943421222
822,32.88,209.966832779532,8.92037234813841,-220.264089058756,-13.7260729699189,435.036622460069,0,0,0,0,-17.8370479251138,-14.5135183808835,-3.96041883721313e-05,0.00013488815088286,-3.2448054810067,0.508952531494177
823,32.92,209.965160581691,8.91901162109794,-220.250173682505,-13.725971976115,435.022294619213,0,0,0,0,-17.836917901634,-14.5004762750188,-3.96046934311857e-05,0.000134887610353251,-3.25853478749239,0.508956707497404
824,32.96,209.963538991583,8.9177275212906,-220.236336982828,-13.7259007721517,435.008049225272,0,0,0,0,-17.8368264828491,-14.4875358972245,-3.96051293970834e-05,0.000134887143187163,-3.27207855960423,0.508960445200769
825,33,209.961963000381,8.91651167148405,-220.222579418819,-13.7258560957448,434.99388684346,0,0,0,0,-17.8367694406833,-14.4746947782501,-3.96054290196928e-05,0.000134886810238813,-3.28543590834173,0.508963751480874
826,33.04,209.960428071377,8.91535645004835,-220.208901529087,-13.7258349570752,434.979808107491,0,0,0,0,-17.8367429015203,-14.46195073989,-3.96056445901416e-05,0.000134886555799866,-3.29860597713443,0.508966654262871
827,33.08,209.958930461024,8.91425551655288,-220.195303910317,-13.7258348474463,434.965813702235,0,0,0,0,-17.8367436162808,-14.4493020857668,-3.96058239371168e-05,0.000134886332694745,-3.31158793601681,0.508969189724628
828,33.12,209.957467311037,8.91320394958672,-220.181787205158,-13.7258537903526,434.951904356961,0,0,0,0,-17.8367690261258,-14.4367476225228,-3.96059557438647e-05,0.000134886152596438,-3.32438097841089,0.508971393212629
829,33.16,209.956036581707,8.91219812368915,-220.168352086105,-13.7258902880301,434.938080832153,0,0,0,0,-17.8368171926393,-14.4242865795358,-3.96061545136838e-05,0.000134885899141628,-3.33698432022441,0.508973297033118
830,33.2,209.954636849705,8.91123537972263,-220.154999222523,-13.7259431926625,434.924343885168,0,0,0,0,-17.8368866304403,-14.4119184646381,-3.96065735099248e-05,0.000134885417719412,-3.34939719663168,0.508974932648068
831,33.24,209.953267021677,8.91031358774438,-220.141729232773,-13.7260115517876,434.910694218493,0,0,0,0,-17.8369761065797,-14.3996429141347,-3.96066760819896e-05,0.000134885245907315,-3.36161885372794,0.508976332644829
832,33.28,209.951926085689,8.90943078309346,-220.128542638685,-13.726094490206,434.897132431487,0,0,0,0,-17.8370844875116,-14.3874595849083,-3.96060274625242e-05,0.000134885819186711,-3.37364853750849,0.508977531475334
833,33.32,209.950613019141,8.90858505097668,-220.115439840583,-13.7261911873098,434.883658996057,0,0,0,0,-17.8372107099023,-14.3753681542028,-3.96062591888542e-05,0.000134885504364618,-3.38548548439714,0.508978567422348
834,33.36,209.949326619514,8.90777428410882,-220.102421117529,-13.7263008072704,434.870274260205,0,0,0,0,-17.8373536902641,-14.3633682820165,-3.9608414193494e-05,0.000134883255728518,-3.39712891756207,0.5089794845636
835,33.4,209.948065037852,8.90699540095653,-220.089486643019,-13.726422187246,434.85697846716,0,0,0,0,-17.8375119207044,-14.3514592222838,-3.96091670276883e-05,0.000134882396225123,-3.4085780489643,0.508980327709869
836,33.44,209.946826170039,8.90624490655417,-220.076636503307,-13.7265540088251,434.843771775617,0,0,0,0,-17.8376836912537,-14.339639911167,-3.96062926438332e-05,0.000134885149115,-3.41983208435558,0.508981128634256
837,33.48,209.945609480538,8.90552187383563,-220.063870714057,-13.7266959555422,434.830654276302,0,0,0,0,-17.8378685911315,-14.327910349697,-3.96042909028787e-05,0.000134887015265433,-3.43089022933941,0.508981891524521
838,33.52,209.944415835466,8.90482778498579,-220.051189239878,-13.7268487187398,434.817626009098,0,0,0,0,-17.8380675168225,-14.3162718297731,-3.96071705479767e-05,0.000134883990769619,-3.44175169474828,0.508982583821145
839,33.56,209.94324284418,8.90415899259405,-220.03859202007,-13.7270111134704,434.804686985126,0,0,0,0,-17.8382789318041,-14.3047236543436,-3.96112902500791e-05,0.000134879723919942,-3.45241570067718,0.508983136534743
840,33.6,209.942081601939,8.90350132502812,-220.026078996418,-13.727177940369,434.791837213698,0,0,0,0,-17.8384960926114,-14.2932604513104,-3.96111806624162e-05,0.000134879689265492,-3.46288147903843,0.508983464198414
841,33.64,209.940922534374,8.9028394107915,-220.013650138235,-13.7273434703533,434.779076732171,0,0,0,0,-17.8387115675744,-14.281875981378,-3.96075691221993e-05,0.00013488316145134,-3.47314827638031,0.508983506615453
842,33.68,209.939766444036,8.90217443775855,-220.001305466815,-13.727508164178,434.76640563727,0,0,0,0,-17.8389259530507,-14.2705708754441,-3.96054752718306e-05,0.00013488512121604,-3.48321536029358,0.508983269479689
843,33.72,209.938627695411,8.90152922969056,-219.989045083148,-13.7276805653255,434.753824114194,0,0,0,0,-17.8391503302381,-14.2593549062682,-3.96070480205845e-05,0.000134883420251652,-3.49308202907822,0.508982833313302
844,33.76,209.937523650416,8.90093130889674,-219.976869193506,-13.7278709199405,434.741332454965,0,0,0,0,-17.8393979904359,-14.2482398451601,-3.96098823391126e-05,0.000134880464403021,-3.50274762072022,0.508982325211334
845,33.8,209.936458748348,8.90038761024888,-219.964778119368,-13.7280817998636,434.728931057331,0,0,0,0,-17.8396722715432,-14.237229060435,-3.96113293700872e-05,0.000134878902173399,-3.51221151617434,0.508981876248902
846,33.84,209.935416243886,8.8998715435164,-219.952772283557,-13.7283034203156,434.716620404242,0,0,0,0,-17.8399604826217,-14.2263123946857,-3.96112442512105e-05,0.000134878875813495,-3.52147313466354,0.508981588649815
847,33.88,209.934363689566,8.89933178075811,-219.940852178926,-13.7285169474379,434.704401035172,0,0,0,0,-17.8402381924498,-14.2154697210546,-3.96105720591301e-05,0.000134879435791239,-3.53053192415355,0.50898152085411
848,33.92,209.93326930328,8.89871810401392,-219.929018333834,-13.728703989459,434.692273522559,0,0,0,0,-17.8404815415103,-14.2046812463934,-3.96095642098556e-05,0.000134880326008004,-3.53938735229892,0.508981690305371
849,33.96,209.932120220042,8.89801018565521,-219.917271284134,-13.7288571383703,434.68023845689,0,0,0,0,-17.8406809185574,-14.1939391895684,-3.96083598171935e-05,0.000134881403409349,-3.54803890195606,0.508982089598544
850,34,209.930931148302,8.89723114594767,-219.905611552129,-13.7289848779932,434.668296432477,0,0,0,0,-17.840847328258,-14.1832532766157,-3.96082942012846e-05,0.000134881328983717,-3.55648607110781,0.508982702075306
851,34.04,209.929737375883,8.89643629704934,-219.894039628219,-13.7291073181477,434.656448025201,0,0,0,0,-17.8410068567933,-14.1726458555715,-3.96104153349233e-05,0.000134879050536302,-3.56472837271864,0.508983503219448
852,34.08,209.92857790061,8.89568643145512,-219.882555952778,-13.7292463415691,434.644693763503,0,0,0,0,-17.8411878901627,-14.1621408729774,-3.96125852505215e-05,0.00013487670108112,-3.57276533096021,0.508984452487322
853,34.12,209.927481156446,8.89502547793744,-219.871160900167,-13.7294175240381,434.633034102713,0,0,0,0,-17.8414106334301,-14.1517550951322,-3.9611662232589e-05,0.000134877417613686,-3.58059647374816,0.508985492819731
854,34.16,209.926460626261,8.89447390450205,-219.85985476815,-13.7296279208395,434.621469410748,0,0,0,0,-17.8416842393237,-14.1414960158608,-3.96089404559489e-05,0.000134879904240965,-3.58822132468924,0.508986563961848
855,34.2,209.925517131792,8.8940326009092,-219.848637773392,-13.7298776597278,434.609999964002,0,0,0,0,-17.8420088742841,-14.1313639297485,-3.96085097153902e-05,0.000134880076230684,-3.59563939796664,0.508987617649292
856,34.24,209.924640204602,8.89368514131806,-219.837510051856,-13.7301608327053,434.598625947845,0,0,0,0,-17.8423768750703,-14.121352936075,-3.96107209708738e-05,0.000134877596738634,-3.60285019756599,0.508988620097086
857,34.28,209.923806109694,8.89339465618179,-219.826471665075,-13.7304643422167,434.587347460804,0,0,0,0,-17.8427712518176,-14.1114494324562,-3.96126138031168e-05,0.000134875447432296,-3.60985322080542,0.508989539449579
858,34.32,209.922976837684,8.89310221145898,-219.815522615077,-13.7307672861157,434.576164527418,0,0,0,0,-17.8431648901912,-14.1016312234254,-3.96129472303168e-05,0.000134874890894455,-3.61664796482589,0.508990328169351
859,34.36,209.922104840406,8.89273414879883,-219.804662866303,-13.7310435643694,434.56507712228,0,0,0,0,-17.8435239336614,-14.0918702604364,-3.96125364576629e-05,0.000134875125635863,-3.62323393391653,0.508990913681251
860,34.4,209.921144466385,8.89221980539049,-219.793892365042,-13.7312681729363,434.554085198972,0,0,0,0,-17.8438159489484,-14.0821394327838,-3.96119228246453e-05,0.000134875613123361,-3.62961064511024,0.508991208876029
861,34.44,209.920067161429,8.89151514554361,-219.783211046861,-13.7314256506265,434.543188713373,0,0,0,0,-17.8440208823668,-14.0724218831068,-3.96111690698884e-05,0.000134876289169894,-3.63577763031782,0.50899114635834
862,34.48,209.918873211368,8.89062107908068,-219.772618835535,-13.7315166693966,434.532387637219,0,0,0,0,-17.8441396056384,-14.0627184796899,-3.96105126365888e-05,0.000134876921955127,-3.64173443695111,0.508990717042574
863,34.52,209.917591823375,8.8895834425961,-219.762115649468,-13.7315579372609,434.521681967508,0,0,0,0,-17.8441937885883,-14.0530477399066,-3.96104375085373e-05,0.000134877041603655,-3.64748063012524,0.508989976510922
864,34.56,209.916269032504,8.88847388995523,-219.751701426297,-13.7315751705266,434.511071739372,0,0,0,0,-17.8442167858364,-14.0434379471601,-3.96114461619332e-05,0.000134876155053787,-3.65301579799752,0.508989009768165
865,34.6,209.914951838319,8.8873651304516,-219.741376158137,-13.7315941771657,434.50055704317,0,0,0,0,-17.84424207343,-14.0339173570889,-3.96129244899044e-05,0.000134874868650345,-3.65833955921073,0.508987889765918
866,34.64,209.913676459497,8.88631284708848,-219.731139920355,-13.7316345065659,434.490138039329,0,0,0,0,-17.844295010685,-14.0245073315111,-3.96129660832247e-05,0.000134875060837883,-3.6634515685303,0.508986663378857
867,34.68,209.912462718938,8.8853472199908,-219.720992883463,-13.731706582165,434.479814964576,0,0,0,0,-17.8443891185953,-14.0152192391289,-3.96117028489012e-05,0.000134876555349559,-3.66835151777365,0.508985361184297
868,34.72,209.911313502378,8.88447229105791,-219.710935308889,-13.7318116082793,434.469588128488,0,0,0,0,-17.8445259589166,-14.0060544301296,-3.96120481849699e-05,0.000134876389386239,-3.6730391320521,0.50898401052174
869,34.76,209.910217509849,8.88367032124192,-219.700967533657,-13.7319431800719,434.459457902336,0,0,0,0,-17.8446972240018,-13.9970060371806,-3.96140908036871e-05,0.0001348744371644,-3.6775141636362,0.508982639756735
870,34.8,209.909154590183,8.8829099470196,-219.691089946131,-13.732090111135,434.449424700429,0,0,0,0,-17.8448884049976,-13.9880618479722,-3.96139729301208e-05,0.000134874544980746,-3.68177638594422,0.508981273944008
871,34.84,209.908105225113,8.88216073992755,-219.681302952837,-13.732241515488,434.43948895351,0,0,0,0,-17.8450853827392,-13.9792097832917,-3.96109023560939e-05,0.000134877519059293,-3.68582558794018,0.508979930877334
872,34.88,209.907062208103,8.88141135268067,-219.671606941931,-13.7323932812,434.429651078553,0,0,0,0,-17.8452828241947,-13.9704454735089,-3.96092741047828e-05,0.000134878991377475,-3.68966156965755,0.508978622021409
873,34.92,209.906035411846,8.88067692737037,-219.662002256118,-13.7325507140712,434.419911454664,0,0,0,0,-17.8454876120093,-13.9617754761503,-3.96117152050548e-05,0.000134876361428981,-3.69328413977437,0.508977349528104
874,34.96,209.905044172903,8.8799871282264,-219.652489184126,-13.7327241833228,434.410270412125,0,0,0,0,-17.8457131967526,-13.9532120042907,-3.9614774331913e-05,0.000134873103621719,-3.69669311455672,0.508976094210403
875,35,209.904104945567,8.879366928452,-219.643067965167,-13.7329222491263,434.400728231409,0,0,0,0,-17.8459706825655,-13.9447647738381,-3.96143951723979e-05,0.000134873298561076,-3.69988831684303,0.508974808957064
876,35.04,209.903225858372,8.87882834187545,-219.633738790872,-13.7331488337538,434.391285141123,0,0,0,0,-17.8462651574302,-13.9364379498508,-3.96120084301786e-05,0.000134875539949889,-3.70286957327348,0.508973433591155
877,35.08,209.902409543066,8.87837502007932,-219.62450179529,-13.7334049886306,434.381941306907,0,0,0,0,-17.8465979844037,-13.9282325525519,-3.96112310542584e-05,0.000134876224858301,-3.70563671001845,0.508971922439157
878,35.12,209.901656699471,8.87800780466703,-219.61535703839,-13.7336908813294,434.372696814523,0,0,0,0,-17.8469693782909,-13.9201487962603,-3.96122813319162e-05,0.000134875131225999,-3.70818954917069,0.508970260377762
879,35.16,209.90096600088,8.87772450500266,-219.606304496531,-13.7340056661565,434.363551658565,0,0,0,0,-17.8473782374571,-13.9121857310054,-3.96133573174146e-05,0.00013487404542532,-3.71052790827421,0.508968459669397
880,35.2,209.900332551802,8.87751752758593,-219.597344069177,-13.7343466526875,434.354505746081,0,0,0,0,-17.8478210654179,-13.9043402197408,-3.9613825969167e-05,0.00013487358501353,-3.71265160459752,0.508966553692576
881,35.24,209.899746939548,8.87737251459928,-219.588475601677,-13.7347088887695,434.345558915395,0,0,0,0,-17.8482914313004,-13.8966066252805,-3.96140279769726e-05,0.000134873399459348,-3.71456046214374,0.508964601854357
882,35.28,209.899193478934,8.8772657342527,-219.579698917949,-13.735084301177,434.336710963807,0,0,0,0,-17.8487788585825,-13.8889760760881,-3.9614403168469e-05,0.000134873043962144,-3.7162543180723,0.508962699154803
883,35.32,209.898646399557,8.87715828716216,-219.571013855655,-13.7354597093534,434.327961677403,0,0,0,0,-17.8492662530853,-13.8814344345499,-3.96151622136252e-05,0.000134872306314226,-3.71773302675456,0.508960972612322
884,35.36,209.898065869337,8.87699002334693,-219.562420295802,-13.7358147163606,434.319310858153,0,0,0,0,-17.8497271698724,-13.8739599650326,-3.96159721682149e-05,0.000134871520223166,-3.71899646195867,0.50895955470865
885,35.4,209.897398702298,8.87668051631022,-219.553918176059,-13.7361219813745,434.310758343421,0,0,0,0,-17.8501261649066,-13.8665233133181,-3.96161581783653e-05,0.000134871361822209,-3.72004451912988,0.50895854494514
886,35.44,209.896589036361,8.87614520419085,-219.545507477758,-13.7363527036275,434.302304013556,0,0,0,0,-17.850425901817,-13.859093103227,-3.9615324860836e-05,0.000134872226230394,-3.7208771171859,0.508957990693906
887,35.48,209.895598478541,8.87532611829285,-219.537188189671,-13.7364872386074,434.293947788526,0,0,0,0,-17.8506009133944,-13.8516476238777,-3.96139350490685e-05,0.000134873648262348,-3.72149419887641,0.50895790926332
888,35.52,209.894424311037,8.8742197508359,-219.528960273403,-13.7365247889736,434.285689622577,0,0,0,0,-17.8506501645416,-13.8441859038605,-3.96130973792104e-05,0.000134874516978923,-3.72189573050333,0.508958324720836
889,35.56,209.893101009169,8.8728792065521,-219.520823662418,-13.7364840427922,434.277529507826,0,0,0,0,-17.850597879621,-13.8367284372113,-3.96133327994073e-05,0.000134874310474211,-3.7220817019391,0.508959262553401
890,35.6,209.891683323677,8.87138805559428,-219.512778301894,-13.7363939190604,434.269467489037,0,0,0,0,-17.8504815464165,-13.8293066752271,-3.96141392942529e-05,0.0001348735309335,-3.72205212835977,0.508960696879207
891,35.64,209.890224925391,8.86982768337138,-219.504824200419,-13.7362822366957,434.261503679135,0,0,0,0,-17.8503372288323,-13.8219505633343,-3.96149724474118e-05,0.000134872723866329,-3.72180705218886,0.508962518999167
892,35.68,209.888766415875,8.86825925586876,-219.496961456188,-13.7361696443903,434.253638260584,0,0,0,0,-17.8501916991755,-13.8146822653863,-3.96156286693114e-05,0.000134872094200174,-3.72134654242656,0.508964572905941
893,35.72,209.887334371087,8.86672254112679,-219.489190244984,-13.7360693910626,434.245871466007,0,0,0,0,-17.8500621412671,-13.8075162555233,-3.96159905545436e-05,0.000134871760734439,-3.72067069051264,0.508966717539667
894,35.76,209.885945454011,8.86524230470573,-219.481510784076,-13.7359896115295,434.23820354491,0,0,0,0,-17.8499591125575,-13.8004618687026,-3.96161784967636e-05,0.000134871604798,-3.71977960347739,0.508968858681371
895,35.8,209.884610414273,8.86383442440997,-219.473923293744,-13.7359354469334,434.23063473054,0,0,0,0,-17.8498892901969,-13.7935254491241,-3.96166849007128e-05,0.000134871135672404,-3.71867339826533,0.508970944838668
896,35.84,209.883335928863,8.86250867624624,-219.466427970252,-13.7359099943059,434.223165217175,0,0,0,0,-17.8498566988954,-13.7867111209005,-3.9617693995425e-05,0.00013487016943614,-3.71735219921658,0.508972951523513
897,35.88,209.88212482695,8.86126904803131,-219.459024972319,-13.7359143984023,434.21579514964,0,0,0,0,-17.8498628282222,-13.7800206556343,-3.96178754256355e-05,0.000134870034478278,-3.71581613705638,0.508974867752626
898,35.92,209.880976537738,8.86011440917801,-219.451714416681,-13.7359480761897,434.208524621431,0,0,0,0,-17.849906923835,-13.7734536640552,-3.96159635506383e-05,0.000134871993174021,-3.71406534828615,0.50897668351759
899,35.96,209.879888258995,8.8590403372838,-219.444496378306,-13.736009377244,434.20135367726,0,0,0,0,-17.8499868451134,-13.7670084976172,-3.96142243819101e-05,0.00013487377732644,-3.71209997406476,0.508978376513307
900,36,209.878854524362,8.85803854974655,-219.437370892189,-13.7360954494403,434.194282316245,0,0,0,0,-17.8500988922142,-13.7606822461775,-3.96158943342983e-05,0.000134872151027067,-3.70992016037342,0.508979902224206
901,36.04,209.877863690789,8.85709156652176,-219.430337952304,-13.7362004145213,434.187310491093,0,0,0,0,-17.8502354402445,-13.7544684190236,-3.96192633595051e-05,0.000134868827051714,-3.70752605980597,0.508981193007336
902,36.08,209.876896073915,8.85616975100432,-219.423397502122,-13.7363142746309,434.180438099663,0,0,0,0,-17.8503835203448,-13.7483552330124,-3.96198095293038e-05,0.000134868330935326,-3.70491783229864,0.508982170224657
903,36.12,209.875930893047,8.85524173692758,-219.416549416587,-13.7364263983817,434.173664971089,0,0,0,0,-17.8505293408945,-13.7423296920582,-3.96171757094813e-05,0.000134871023652461,-3.70209564391921,0.508982768967104
904,36.16,209.874960093931,8.85429538155401,-219.409793486292,-13.7365326575168,434.166990856186,0,0,0,0,-17.8506675456615,-13.7363866117419,-3.96154808212327e-05,0.00013487279019831,-3.69905966465185,0.508982965224889
905,36.2,209.873996513797,8.85335009733065,-219.403129419685,-13.7366395971955,434.160415433347,0,0,0,0,-17.850806624619,-13.7305339895224,-3.96171788229133e-05,0.000134871179868376,-3.69581006887947,0.508982788853371
906,36.24,209.873067490298,8.85244704283738,-219.39655687014,-13.7367610155864,434.153938333188,0,0,0,0,-17.8509644771065,-13.7247886363375,-3.96195845055085e-05,0.000134868878942384,-3.6923470400735,0.508982314207521
907,36.28,209.872199523109,8.85162589683661,-219.390075478113,-13.7369100693034,434.147559173688,0,0,0,0,-17.8511581706567,-13.7191662979022,-3.96192493403273e-05,0.000134869333380093,-3.68867077745676,0.508981638167418
908,36.32,209.871406568991,8.85090737330456,-219.383684909938,-13.7370934862516,434.141277591876,0,0,0,0,-17.8513964335345,-13.7136747476782,-3.96173879185894e-05,0.000134871321634124,-3.68478150209609,0.508980861740022
909,36.36,209.870686920067,8.85028879570812,-219.377384881078,-13.7373102569571,434.135093262393,0,0,0,0,-17.8516779564883,-13.7083125704318,-3.96172124064205e-05,0.000134871620731677,-3.68067946004502,0.508980080559468
910,36.4,209.870023994812,8.84974544624611,-219.371175164182,-13.7375521900001,434.129005902748,0,0,0,0,-17.8519921128616,-13.7030700074033,-3.96187114332469e-05,0.000134870230341192,-3.67636492300934,0.508979379687901
911,36.44,209.869386795664,8.84923126372584,-219.365055589157,-13.7378041506688,434.123015271764,0,0,0,0,-17.8523192686597,-13.6979291464083,-3.96199426880852e-05,0.000134869085299133,-3.67183818771963,0.508978829981316
912,36.48,209.868731509586,8.84868120986451,-219.359026040668,-13.7380448275839,434.117121167973,0,0,0,0,-17.8526317784857,-13.6928647358928,-3.96203070554576e-05,0.000134868785105753,-3.66709957415106,0.508978485728464
913,36.52,209.86800764204,8.84802037105053,-219.35308645353,-13.7382497063593,434.111323430878,0,0,0,0,-17.8528978446728,-13.6878476659208,-3.96200692806944e-05,0.000134869072013533,-3.66214942326411,0.508978381856047
914,36.56,209.867170216066,8.84718207301327,-219.347236804339,-13.738396997399,434.105621944791,0,0,0,0,-17.8530892065939,-13.6828519363306,-3.961933079931e-05,0.000134869854258589,-3.65698809426622,0.508978533159326
915,36.6,209.866195349145,8.84613111195493,-219.341477101179,-13.7384753057024,434.100016644072,0,0,0,0,-17.8531910862068,-13.6778638482183,-3.96184998015468e-05,0.000134870732983553,-3.65161596326299,0.508978940975894
916,36.64,209.86509054745,8.84487911455166,-219.335807377982,-13.7384887069664,434.094507517846,0,0,0,0,-17.8532087680977,-13.6728881858219,-3.96181571841989e-05,0.000134871132248704,-3.64603342496888,0.508979600193024
917,36.68,209.86389138919,8.84347939285445,-219.330227697194,-13.7384549163206,434.089094609851,0,0,0,0,-17.8531652242882,-13.6679459528958,-3.96181720520455e-05,0.000134871179278099,-3.64024089532575,0.508980491329348
918,36.72,209.862647090506,8.84200517382246,-219.324738153032,-13.7383979376453,434.083778007361,0,0,0,0,-17.8530915853057,-13.6630655522539,-3.96182389687896e-05,0.00013487116749108,-3.63423881223841,0.508981563665843
919,36.76,209.861405898389,8.84052783268026,-219.319338861952,-13.7383408887188,434.078557816379,0,0,0,0,-17.853017838243,-13.6582744320347,-3.96190616948126e-05,0.000134870375900275,-3.62802763223743,0.508982734805344
920,36.8,209.860206812479,8.83910479011047,-219.314029937334,-13.7383021684913,434.073434128194,0,0,0,0,-17.8529678542286,-13.6535946906931,-3.96210789366147e-05,0.000134868346429469,-3.62160782415833,0.508983912350617
921,36.84,209.859076050457,8.83777446405809,-219.308811460357,-13.7382939422829,434.068406989039,0,0,0,0,-17.8529574195253,-13.6490411317637,-3.96224816697733e-05,0.000134866873196024,-3.61497986336672,0.508985017273628
922,36.88,209.858026185311,8.83655507413875,-219.303683461908,-13.7383218105929,434.063476383673,0,0,0,0,-17.8529938027711,-13.6446205419104,-3.96210570848429e-05,0.000134868170064987,-3.6081442281097,0.508985996291938
923,36.92,209.857058751767,8.8354485678519,-219.298645920249,-13.7383861308236,434.058642234989,0,0,0,0,-17.8530774682524,-13.6403331711914,-3.96182155333386e-05,0.000134870850067335,-3.6011013988215,0.508986829144696
924,36.96,209.856168771404,8.83444744853141,-219.293698768081,-13.7384843211953,434.053904412149,0,0,0,0,-17.8532050653037,-13.6361757942247,-3.9617836096526e-05,0.000134871071770493,-3.59385185990942,0.508987534223765
925,37,209.855345378106,8.83353577232978,-219.288841899406,-13.7386112318204,434.049262737003,0,0,0,0,-17.8533699118378,-13.6321423815633,-3.96203828162908e-05,0.000134868406688342,-3.58639610270069,0.508988163906169
926,37.04,209.85456642107,8.83268106898752,-219.284075170826,-13.7387564610557,434.044716983964,0,0,0,0,-17.8535585144804,-13.6282205322712,-3.96224745571558e-05,0.000134866257496172,-3.57873462861268,0.508988783588729
927,37.08,209.85379456115,8.83182844896971,-219.279398397507,-13.7389023664501,434.040266876137,0,0,0,0,-17.8537479875323,-13.6243885491741,-3.96223489457604e-05,0.000134866389939832,-3.57086795026353,0.508989444489907
928,37.12,209.852984237453,8.83091088610106,-219.274811346525,-13.7390273852783,434.035912083155,0,0,0,0,-17.85391035905,-13.6206194054843,-3.96213250781834e-05,0.000134867471091279,-3.56279659015132,0.50899016832378
929,37.16,209.852099212269,8.82987517930088,-219.270313729904,-13.7391144601035,434.031652222976,0,0,0,0,-17.8540235009794,-13.6168914879478,-3.96206446351701e-05,0.00013486823512524,-3.55452107791786,0.508990952422749
930,37.2,209.851129966892,8.82870764576411,-219.265905200096,-13.7391593451885,434.027486866412,0,0,0,0,-17.8540819054799,-13.6131993382022,-3.96203029804732e-05,0.000134868663567688,-3.54604194825307,0.508991787327895
931,37.24,209.850098712083,8.82744139459546,-219.261585353565,-13.7391728732261,434.023415544279,0,0,0,0,-17.8540996249515,-13.6095565385803,-3.9620276133778e-05,0.000134868765374314,-3.5373597421045,0.508992669673778
932,37.28,209.849048334027,8.82613981606108,-219.257353748487,-13.7391754937925,434.019437760246,0,0,0,0,-17.8541031864169,-13.6059886110539,-3.96206652826969e-05,0.000134868431765423,-3.52847501060786,0.508993600378582
933,37.32,209.848022887514,8.82486774992317,-219.253209935953,-13.7391879381763,434.01555301172,0,0,0,0,-17.8541194824415,-13.6025212060231,-3.9621025432586e-05,0.000134868105692746,-3.51938832030274,0.508994576036776
934,37.36,209.847050847793,8.82366695654665,-219.249153494661,-13.7392234291459,434.011760815053,0,0,0,0,-17.854165666325,-13.5991704853072,-3.96211619190674e-05,0.00013486798479514,-3.51010025782768,0.508995587202797
935,37.4,209.84613697409,8.82254435687887,-219.245184055594,-13.73928405305,434.008060725855,0,0,0,0,-17.8542444456103,-13.5959387115872,-3.96217998941215e-05,0.000134867349373207,-3.50061143268742,0.508996623387369
936,37.44,209.845263168253,8.82147339451363,-219.241301308858,-13.7393612645171,434.004452347114,0,0,0,0,-17.8543447359435,-13.5928147990959,-3.96228647290017e-05,0.000134866278364024,-3.49092247841819,0.508997674773491
937,37.48,209.844397953014,8.82040792789263,-219.23750499549,-13.7394403058502,434.000935326461,0,0,0,0,-17.8544473934592,-13.589779692541,-3.96227719338949e-05,0.000134866358802509,-3.48103405167764,0.508998729169575
938,37.52,209.843512995835,8.81930646460419,-219.233794894778,-13.7395079248757,433.997509350884,0,0,0,0,-17.8545352267684,-13.5868161869331,-3.96208650986784e-05,0.000134868249333656,-3.47094682948815,0.50899977302313
939,37.56,209.842599173066,8.81815578113204,-219.230170817239,-13.7395599364035,433.994174145576,0,0,0,0,-17.8546028064386,-13.5839188763964,-3.96188175814144e-05,0.000134870278313595,-3.46066150620704,0.509000800016971
940,37.6,209.841670435897,8.8169765602404,-219.226632605836,-13.7396029943701,433.990929475862,0,0,0,0,-17.8546587637761,-13.5810965139469,-3.9618997793893e-05,0.000134870076917872,-3.4501787915504,0.509001816969076
941,37.64,209.840751149504,8.81580465556965,-219.223180140148,-13.7396485123487,433.987775146431,0,0,0,0,-17.8547179041659,-13.5783638943266,-3.96217379874632e-05,0.000134867309580562,-3.43949941095963,0.509002836588329
942,37.68,209.83985731102,8.81466346077275,-219.219813336806,-13.7397038082634,433.984710995316,0,0,0,0,-17.8547897203956,-13.575730213317,-3.96241283522034e-05,0.000134864880125866,-3.42862410744318,0.509003862947801
943,37.72,209.838987580385,8.81355083963636,-219.216532144679,-13.7397680008787,433.981736886307,0,0,0,0,-17.8548730698254,-13.5731938305871,-3.96229038690224e-05,0.000134866046125332,-3.41755364304473,0.509004885037266
944,37.76,209.838130273051,8.81244952693712,-219.213336537751,-13.7398354202194,433.978852704084,0,0,0,0,-17.8549605978215,-13.5707469334106,-3.96191973436977e-05,0.000134869668916448,-3.40628879873424,0.509005884688908
945,37.8,209.837277600328,8.81134810432384,-219.210226506803,-13.7399023474994,433.976058350306,0,0,0,0,-17.8550474803078,-13.5683845536759,-3.96179291484006e-05,0.000134870827623465,-3.39483037238353,0.509006850749732
946,37.84,209.836432576367,8.81025107712739,-219.207202047082,-13.7399701874857,433.973353733807,0,0,0,0,-17.855135539042,-13.5661086650185,-3.96207366814523e-05,0.000134867890485609,-3.38317917601327,0.50900778533052
947,37.88,209.835603297022,8.80917032936964,-219.204263139585,-13.7400426438395,433.970738751078,0,0,0,0,-17.8552295780304,-13.5639241297402,-3.96231739414747e-05,0.000134865311754991,-3.37133603259878,0.509008695920671
948,37.92,209.83479394157,8.80811187061657,-219.201409728889,-13.7401214621919,433.968213262034,0,0,0,0,-17.855331861985,-13.5618329092392,-3.96218597573638e-05,0.000134866479437315,-3.35930177221171,0.509009584212966
949,37.96,209.834003663711,8.80707434449164,-219.19864170525,-13.7402060469206,433.96577707139,0,0,0,0,-17.8554416188191,-13.5598337880293,-3.96196187871129e-05,0.000134868573444012,-3.34707722833589,0.509010446657611
950,38,209.833231754385,8.80605673666576,-219.195958897686,-13.7402960064922,433.963429921898,0,0,0,0,-17.8555583406609,-13.5579260177124,-3.96197858226717e-05,0.000134868262616668,-3.33466323563268,0.509011283966595
951,38.04,209.83247993817,8.80506167837064,-219.193361077155,-13.7403921598279,433.961171496782,0,0,0,0,-17.8556830893872,-13.556110542365,-3.96209406730673e-05,0.000134866970715481,-3.32206063056257,0.509012104559353
952,38.08,209.831750192587,8.80409212770394,-219.190847962337,-13.7404953972204,433.959001424441,0,0,0,0,-17.8558170196208,-13.5543882627995,-3.96209670926276e-05,0.000134866817121926,-3.30927025441212,0.509012919196215
953,38.12,209.831043408838,8.80314942175001,-219.188419222812,-13.7406060723571,433.956919282258,0,0,0,0,-17.8559605899921,-13.5527592766667,-3.96205261441708e-05,0.000134867142548918,-3.29629295676339,0.509013736959358
954,38.16,209.830360269846,8.8022346157957,-219.186074482224,-13.7407244655112,433.954924601786,0,0,0,0,-17.8561141634421,-13.5512236066899,-3.96204423101947e-05,0.00013486712205943,-3.28312959758366,0.509014566072787
955,38.2,209.829701716392,8.80134913869425,-219.183813326046,-13.7408509736895,433.953016877434,0,0,0,0,-17.8562782537564,-13.5497813945268,-3.96204662470599e-05,0.000134867002125703,-3.26978104672242,0.509015414702159
956,38.24,209.829068666215,8.80049435754145,-219.181635312235,-13.7409859551939,433.951195576102,0,0,0,0,-17.8564533240448,-13.5484326365072,-3.96204308634646e-05,0.000134866946094933,-3.25624818206018,0.509016290909478
957,38.28,209.828462131089,8.79967177377494,-219.179539978307,-13.741129807211,433.949460142832,0,0,0,0,-17.8566398873382,-13.5471773179193,-3.96203020614985e-05,0.000134866986196093,-3.24253188865906,0.509017203850706
958,38.32,209.827883532448,8.79888349631661,-219.177526842121,-13.7412831231505,433.947810001403,0,0,0,0,-17.8568387106958,-13.5460156251871,-3.96201474684321e-05,0.000134867056063224,-3.22863305962419,0.509018165264436
959,38.36,209.827334873295,8.79813248484152,-219.175595401711,-13.7414467651631,433.946244555327,0,0,0,0,-17.8570509094358,-13.5449480332128,-3.96201468703208e-05,0.000134866978629828,-3.21455259791995,0.509019190130822
960,38.4,209.826818921062,8.7974228061233,-219.173745142731,-13.7416219386975,433.944763196368,0,0,0,0,-17.8572780440345,-13.5439754283932,-3.96202892144509e-05,0.000134866766110401,-3.2002914181429,0.509020296827441
961,38.44,209.826339328067,8.79675978803059,-219.171975556315,-13.7418102257239,433.943365322075,0,0,0,0,-17.8575221634206,-13.5430991696193,-3.9620468288762e-05,0.000134866522681683,-3.1858504484413,0.509021507211784
962,38.48,209.825900627874,8.79614999445164,-219.170286160855,-13.7420135620889,433.942050356367,0,0,0,0,-17.8577857757281,-13.5423210552795,-3.96205900518975e-05,0.000134866338469767,-3.17123063337279,0.509022847499824
963,38.52,209.825508186797,8.79560114566135,-219.168676518168,-13.7422342058388,433.940817765143,0,0,0,0,-17.8580718071823,-13.5416432606077,-3.96205811807853e-05,0.000134866284299128,-3.15643293735535,0.509024350304097
964,38.56,209.825168127833,8.79512200150963,-219.167146240333,-13.7424746969681,433.939667063625,0,0,0,0,-17.8583835498869,-13.5410682648379,-3.96204551495169e-05,0.000134866347306809,-3.14145834702888,0.509026056982547
965,38.6,209.824887182481,8.79472214805652,-219.165694991415,-13.7427377919971,433.938597817837,0,0,0,0,-17.8587245772476,-13.5405987943374,-3.96202845256692e-05,0.000134866455257067,-3.12630787097001,0.509028019640444
966,38.64,209.82467229921,8.79441144285379,-219.164322490082,-13.7430262972997,433.937609643738,0,0,0,0,-17.8590985282884,-13.5402376640195,-3.96201694923703e-05,0.000134866506884676,-3.11098253716657,0.509030302727603
967,38.68,209.82452976324,8.79419877397837,-219.16302851413,-13.7433427007026,433.936702204095,0,0,0,0,-17.8595086305998,-13.5399873994435,-3.96201683747003e-05,0.000134866442230394,-3.09548339024735,0.509032983439501
968,38.72,209.82446348137,8.79408964057709,-219.161812903342,-13.7436884564331,433.935875200568,0,0,0,0,-17.8599567739735,-13.5398494779764,-3.96202444919503e-05,0.00013486629403382,-3.07981149011151,0.509036147876124
969,38.76,209.824471869798,8.79408175170494,-219.160675559275,-13.7440626832594,433.935128360627,0,0,0,0,-17.8604418230893,-13.5398229085105,-3.96203496948076e-05,0.000134866107131503,-3.06396791185123,0.509039876952552
970,38.8,209.824542675952,8.79415769500914,-219.159616447478,-13.7444599953934,433.934461423814,0,0,0,0,-17.8609568051267,-13.5399018263319,-3.96205281888713e-05,0.000134865838205299,-3.04795374573516,0.509044212844092
971,38.84,209.824645463262,8.79427427714481,-219.15863560962,-13.7448673380062,433.933874133744,0,0,0,0,-17.8614848050274,-13.5400718522755,-3.96209467421225e-05,0.000134865322931465,-3.03177009643225,0.509049095923304
972,38.88,209.824723242205,8.79435061345754,-219.157733182714,-13.7452604266143,433.933366238076,0,0,0,0,-17.861994344395,-13.5403057398171,-3.96216731581617e-05,0.000134864494565491,-3.0154180817925,0.509054273237608
973,38.92,209.824688401085,8.79426225724175,-219.156909403313,-13.745601944418,433.932937491574,0,0,0,0,-17.8624370377943,-13.5405607100846,-3.96222531320462e-05,0.000134863808193399,-2.99889883179866,0.509059214862705
974,38.96,209.824432059422,8.7938543733579,-219.156164562237,-13.7458454057843,433.932587654085,0,0,0,0,-17.8627525978986,-13.5407821845699,-3.9621817737505e-05,0.000134864134638501,-2.98221348703246,0.509063129622741
975,39,209.82385387136,8.79298420620189,-219.155498890822,-13.7459479230988,433.932316479079,0,0,0,0,-17.8628853931598,-13.5409185036942,-3.96200356775997e-05,0.000134865806400355,-2.96536319579615,0.509065186706322
976,39.04,209.822903636442,8.79158076219793,-219.154912411076,-13.7458884104548,433.932123695775,0,0,0,0,-17.8628080656136,-13.5409434503265,-3.96178473598604e-05,0.000134867882114065,-2.94834911050101,0.509064916682358
977,39.08,209.821606862381,8.7896814769491,-219.154404835877,-13.7456787706326,433.932008991942,0,0,0,0,-17.862536051437,-13.5408706893749,-3.96167242289644e-05,0.000134868889119611,-2.93117238471771,0.509062517084609
978,39.12,209.820052195792,8.78741381145805,-219.153975591905,-13.7453580256391,433.931972001878,0,0,0,0,-17.8621199694379,-13.5407464460755,-3.96169767035054e-05,0.000134868517743907,-2.91383417208497,0.509058752364905
979,39.16,209.81835090017,8.78493686483526,-219.153623942866,-13.7449743208652,433.932012299065,0,0,0,0,-17.8616222683202,-13.5406270873646,-3.96177882728002e-05,0.000134867587812832,-2.89633562664246,0.509054513774924
980,39.2,209.816599421671,8.78238793139839,-219.153349115318,-13.7445687862775,433.932129391868,0,0,0,0,-17.8610962846687,-13.5405596961997,-3.96185943750952e-05,0.000134866668468796,-2.87867790368535,0.509050443873021
981,39.24,209.814863849898,8.77986073027584,-219.153150361704,-13.7441692427393,433.932322724065,0,0,0,0,-17.8605780834623,-13.5405752661166,-3.96191740742534e-05,0.000134865983466239,-2.86086216073961,0.509046859593598
982,39.28,209.813181878398,8.77740855092089,-219.153026973234,-13.7437913834293,433.93259168414,0,0,0,0,-17.8600879995178,-13.5406907667146,-3.96194110623383e-05,0.000134865647424993,-2.8428895583662,0.509043854628541
983,39.32,209.811570705457,8.77505562635634,-219.152978279499,-13.7434422645995,433.932935623199,0,0,0,0,-17.8596351705313,-13.5409134509896,-3.96194338319036e-05,0.000134865526558808,-2.82476126156773,0.509041408398673
984,39.36,209.81003482154,8.77280822504262,-219.153003648031,-13.7431236298052,433.933353874334,0,0,0,0,-17.8592218494945,-13.5412446980383,-3.96194327638271e-05,0.000134865428054423,-2.80647844218153,0.50903945360844
985,39.4,209.80857185314,8.77066293999242,-219.153102478078,-13.7428343723619,433.933845763588,0,0,0,0,-17.8588465971872,-13.5416827716153,-3.96195047454473e-05,0.000134865259897259,-2.78804228132387,0.50903791158258
986,39.44,209.807176221634,8.7686118619673,-219.153274184973,-13.7425720644051,433.934410609045,0,0,0,0,-17.8585062638254,-13.5422244944394,-3.96196067226992e-05,0.000134865070413289,-2.76945397082472,0.509036707895728
987,39.48,209.805841205272,8.76664549621546,-219.153518182829,-13.7423338227828,433.935047714668,0,0,0,0,-17.858197110978,-13.5428662046373,-3.96196236016066e-05,0.000134864972494682,-2.75071471277708,0.509035778150728
988,39.52,209.804560004045,8.76475426734122,-219.153833877569,-13.7421167550109,433.935756369283,0,0,0,0,-17.8579153891623,-13.5436042599851,-3.9619516879058e-05,0.000134864998506959,-2.73182571834862,0.509035068918596
989,39.56,209.803326247707,8.7629292323211,-219.15422067337,-13.7419181659887,433.936535854745,0,0,0,0,-17.8576576054179,-13.5444352758631,-3.96193383424814e-05,0.000134865094704357,-2.71278820767868,0.509034536671415
990,39.6,209.802134239897,8.76116241946422,-219.154677984041,-13.7417356538469,433.937385458321,0,0,0,0,-17.8574206473501,-13.5453562304677,-3.9619189691296e-05,0.000134865162121719,-2.69360341138099,0.50903414637994
991,39.64,209.80097906796,8.75944697649311,-219.155205240165,-13.7415671511022,433.938304482734,0,0,0,0,-17.8572018363955,-13.5463645001563,-3.96191177523321e-05,0.000134865155696681,-2.67427257328874,0.509033869964391
992,39.68,209.799856636082,8.7577772071476,-219.155801893011,-13.741410931919,433.939292253864,0,0,0,0,-17.8569989371199,-13.5474578622473,-3.96190671484215e-05,0.000134865129058936,-2.65479695278105,0.509033684289762
993,39.72,209.798763651795,8.75614853983914,-219.156467423654,-13.7412655957436,433.940348131354,0,0,0,0,-17.8568101358218,-13.5486344797076,-3.96189875789436e-05,0.000134865129609506,-2.63517782612572,0.509033569127892
994,39.76,209.797697578164,8.75455745149514,-219.15720135989,-13.7411300368703,433.941471523429,0,0,0,0,-17.8566340009304,-13.5498928657241,-3.96189188838054e-05,0.000134865115973209,-2.61541648731975,0.509033506219302
995,39.8,209.796656551756,8.75300135220068,-219.158003290941,-13.7410034077286,433.942661898224,0,0,0,0,-17.8564694353456,-13.5512318310756,-3.96188770127332e-05,0.00013486507172218,-2.59551424858811,0.50903347970506
996,39.84,209.79563924282,8.75147839537189,-219.15887286636,-13.7408850677723,433.94391878158,0,0,0,0,-17.856315610161,-13.5526504054827,-3.96187460850329e-05,0.000134865111665729,-2.57547244049141,0.509033476931929
997,39.88,209.794644670051,8.74998722621495,-219.159809777304,-13.7407745192126,433.945241740353,0,0,0,0,-17.8561718813377,-13.5541477477378,-3.96186252435168e-05,0.000134865135043896,-2.55529241064438,0.509033488659122
998,39.92,209.793672027836,8.74852674698402,-219.160813733457,-13.7406713476101,433.946630361919,0,0,0,0,-17.8560377126548,-13.555723084227,-3.96188229454611e-05,0.000134864832893745,-2.53497552104297,0.509033508346526
999,39.96,209.792720517206,8.74709587674833,-219.161884450576,-13.7405751508494,433.948084241883,0,0,0,0,-17.8559125835713,-13.5573756352881,-3.96187930159995e-05,0.000134864752041497,-2.51452314510932,0.509033530622117
1000,40,209.791789282323,8.74569344424155,-219.163021650281,-13.7404854934508,433.949602981813,0,0,0,0,-17.8557959299702,-13.5591045527156,-3.96178413938321e-05,0.000134865586113782,-2.49393666551413,0.50903354972359
1001,40.04,209.790877636669,8.7443185067077,-219.164225061107,-13.7404019979075,433.951186188975,0,0,0,0,-17.8556872626493,-13.560909074516,-3.96174909457164e-05,0.000134865809668411,-2.47321747347344,0.509033559136491
1002,40.08,209.789984944937,8.74297020871723,-219.165494412422,-13.7403243228314,433.952833471473,0,0,0,0,-17.8555861390661,-13.5627885494867,-3.96191168010303e-05,0.000134864044555661,-2.45236696870667,0.509033551837956
1003,40.12,209.789109636321,8.74164636677631,-219.166829425367,-13.7402517364942,433.954544431406,0,0,0,0,-17.8554916103098,-13.5647417434438,-3.96200788731349e-05,0.000134862929110488,-2.43138655918975,0.509033519634964
1004,40.16,209.788249510016,8.7403438525839,-219.168229810279,-13.7401831952015,433.956318662913,0,0,0,0,-17.8554023226299,-13.5667667983195,-3.96179470064761e-05,0.000134864893393828,-2.41027766054378,0.509033453982242
1005,40.2,209.78740469594,8.73906283323165,-219.169695271377,-13.7401186211198,433.958155755205,0,0,0,0,-17.8553181747139,-13.5688632158023,-3.96156145868513e-05,0.000134867046093469,-2.38904169546878,0.509033350561526
1006,40.24,209.786578228392,8.73780767697003,-219.1712255083,-13.7400592319102,433.960055291632,0,0,0,0,-17.8552407456672,-13.5710326016451,-3.96167333784436e-05,0.000134865740089054,-2.36768009365563,0.509033211290922
1007,40.28,209.785770042004,8.73657843319779,-219.172820204064,-13.7400050238143,433.962016836685,0,0,0,0,-17.8551700308556,-13.5732748802696,-3.96197588802895e-05,0.000134862525936692,-2.34619429084248,0.509033037584882
1008,40.32,209.784971667066,8.73536323653359,-219.174479001353,-13.7399524826334,433.964039914518,0,0,0,0,-17.8551014723031,-13.5755845691991,-3.96205332173445e-05,0.000134861566749853,-2.32458572590929,0.509032822937132
1009,40.36,209.784171967979,8.73414639259676,-219.176201481422,-13.73989693544,433.966123992245,0,0,0,0,-17.855029008189,-13.577954138128,-3.96182432978631e-05,0.000134863678309509,-2.30285583705491,0.509032557400896
1010,40.4,209.783370337915,8.73292705678339,-219.177987158812,-13.7398380375905,433.968268477534,0,0,0,0,-17.8549521905372,-13.5803824096235,-3.9615917331596e-05,0.000134865832385542,-2.28100605934746,0.50903224095652
1011,40.44,209.782581827232,8.7317264773632,-219.179835491297,-13.7397818860255,433.970472727192,0,0,0,0,-17.8548789277462,-13.5828779333321,-3.9615998663608e-05,0.00013486558465927,-2.25903782518489,0.509031889522363
1012,40.48,209.7818259626,8.73057221953737,-219.181745893536,-13.7397364197421,433.972736056341,0,0,0,0,-17.8548195189614,-13.5854521516778,-3.96177767486677e-05,0.000134863646442509,-2.23695256659433,0.509031525387162
1013,40.52,209.781108262964,8.72947220764736,-219.183717746208,-13.7397039421813,433.975057743706,0,0,0,0,-17.8547769538034,-13.5881082634031,-3.96191927512045e-05,0.000134862080407614,-2.21475171757279,0.50903116196095
1014,40.56,209.780410571612,8.72840123611259,-219.185750403868,-13.7396772990533,433.977437038421,0,0,0,0,-17.8547419526552,-13.5908354802041,-3.96192942342753e-05,0.00013486184468228,-2.19243671572101,0.509030797654814
1015,40.6,209.779698418841,8.72731131995868,-219.187843207813,-13.7396428675619,433.979873174257,0,0,0,0,-17.8546968429317,-13.5936132789407,-3.96183569324639e-05,0.000134862668669633,-2.17000900345148,0.509030422384554
1016,40.64,209.778941082119,8.72615973898944,-219.189995501076,-13.7395885432754,433.982365387481,0,0,0,0,-17.8546259204474,-13.5964231737309,-3.96170270929931e-05,0.000134863908831462,-2.14747002961001,0.509030029033677
1017,40.68,209.778131639012,8.7249370381987,-219.19220663499,-13.7395116915655,433.984912927369,0,0,0,0,-17.8545257661387,-13.5992606725246,-3.96162196079677e-05,0.000134864649620512,-2.12482125143114,0.509029619488355
1018,40.72,209.777293414068,8.7236759534503,-219.194475963115,-13.7394216299609,433.987515053694,0,0,0,0,-17.8544084670092,-13.6021390106016,-3.96166980561232e-05,0.000134864123415333,-2.1020641359784,0.5090291989763
1019,40.76,209.776468365287,8.72243505747228,-219.196802831744,-13.7393348883745,433.990171027933,0,0,0,0,-17.8542954670118,-13.6050819163445,-3.96177152549434e-05,0.00013486307067886,-2.07920016027982,0.509028763663285
1020,40.8,209.775696738961,8.7212703263621,-219.199186580455,-13.7392671174283,433.992880110482,0,0,0,0,-17.8542070699082,-13.6081115631969,-3.96174939633474e-05,0.000134863260230225,-2.05623081033159,0.509028296435917
1021,40.84,209.775001867584,8.72021407837776,-219.201626556334,-13.7392272234245,433.995641568964,0,0,0,0,-17.8541548307614,-13.6112401618865,-3.96161340082171e-05,0.000134864582874133,-2.03315758047017,0.509027779481934
1022,40.88,209.774385262743,8.71926836185204,-219.204122133053,-13.7392156576308,433.998454691575,0,0,0,0,-17.8541393361664,-13.6144677975491,-3.96157431981658e-05,0.000134864920999625,-2.0099819740583,0.509027213972116
1023,40.92,209.773827292975,8.71840603991999,-219.206672723785,-13.7392248199466,434.001318796786,0,0,0,0,-17.8541507273337,-13.6177831316365,-3.96168258344362e-05,0.000134863761248267,-1.98670550511886,0.509026629302072
1024,40.96,209.773289248273,8.71757364588196,-219.20927778556,-13.7392398500353,434.004233237987,0,0,0,0,-17.8541697261767,-13.6211643029899,-3.96176649898351e-05,0.000134862814533868,-1.9633296999128,0.50902607540336
1025,41,209.772719326808,8.71669961011862,-219.211936820797,-13.7392408709118,434.007197408399,0,0,0,0,-17.8541705460079,-13.6245818812809,-3.96174119541433e-05,0.000134862928655008,-1.9398560977615,0.509025606216025
1026,41.04,209.772066305906,8.71571316969152,-219.214649379785,-13.7392082330965,434.010210749095,0,0,0,0,-17.854127695253,-13.6280064969039,-3.96167478546786e-05,0.000134863426076475,-1.91628625145468,0.50902526585737
1027,41.08,209.771298118025,8.71457012929355,-219.217415059802,-13.7391297063873,434.013272754921,0,0,0,0,-17.8540253076995,-13.6314196528311,-3.96162168347425e-05,0.000134863766472666,-1.89262172747015,0.509025082680719
1028,41.12,209.770415702419,8.71327205809146,-219.22023349491,-13.7390058313871,434.016382970625,0,0,0,0,-17.8538640843142,-13.6348217845442,-3.96157129595149e-05,0.000134864056891847,-1.8688641056339,0.509025067485094
1029,41.16,209.769452977429,8.71186614104309,-219.223104338747,-13.7388498013659,434.019540976499,0,0,0,0,-17.853661139282,-13.638231966932,-3.96149950106815e-05,0.000134864540521324,-1.84501497765722,0.509025208114077
1030,41.2,209.768462581393,8.71042528553387,-219.226027250359,-13.7386818251192,434.022746371338,0,0,0,0,-17.8534426882709,-13.641679512106,-3.96144633471951e-05,0.000134864824500395,-1.82107594442239,0.509025460686587
1031,41.24,209.767496069357,8.70902067830204,-219.229001890001,-13.7385214799689,434.025998761024,0,0,0,0,-17.8532341295322,-13.6451927484181,-3.96150477769492e-05,0.000134863993340658,-1.79704861313384,0.509025748412115
1032,41.28,209.76658846079,8.70770049394367,-219.232027921713,-13.738381865048,434.029297753607,0,0,0,0,-17.8530524582109,-13.6487903465684,-3.96165827148812e-05,0.000134862233095522,-1.77293459532411,0.509025973541282
1033,41.32,209.765752796495,8.70648247030323,-219.235105013716,-13.7382676156027,434.032642955511,0,0,0,0,-17.8529036884789,-13.6524782459092,-3.96172393842854e-05,0.000134861393828498,-1.7487355056736,0.509026034615419
1034,41.36,209.764985907092,8.70536196002967,-219.238232831466,-13.7381771866625,434.03603396519,0,0,0,0,-17.8527858155362,-13.6562530981235,-3.96158815499555e-05,0.000134862621939873,-1.72445296128,0.509025841727376
1035,41.4,209.764281241236,8.70432972549603,-219.24141102735,-13.738107823676,434.039470366765,0,0,0,0,-17.8526952649085,-13.6601099848324,-3.96140776618485e-05,0.000134864338219688,-1.70008858124703,0.509025330878827
1036,41.44,209.763639421626,8.70338654502569,-219.244639235356,-13.7380596162633,434.042951728219,0,0,0,0,-17.8526321523864,-13.664048697312,-3.96138404893819e-05,0.000134864502878115,-1.67564398704103,0.509024477414114
1037,41.48,209.763068609103,8.70254365519889,-219.247917073719,-13.7380355763119,434.046477603935,0,0,0,0,-17.8526003853104,-13.6680736621795,-3.96145829631989e-05,0.000134863677152922,-1.65112080352169,0.509023301749951
1038,41.52,209.762575852407,8.70181073045353,-219.25124414952,-13.7380382642786,434.050047535753,0,0,0,0,-17.8526032850637,-13.6721884730409,-3.96147594977092e-05,0.000134863395381219,-1.62652065962807,0.509021862326982
1039,41.56,209.762158123774,8.70118353970413,-219.254620056908,-13.7380664064844,434.053661047462,0,0,0,0,-17.8526391978549,-13.6763906502624,-3.96144882729187e-05,0.000134863541259712,-1.60184518784273,0.509020241764635
1040,41.6,209.761799042414,8.70063956148552,-219.258044367825,-13.7381137852363,434.05731763399,0,0,0,0,-17.8527000547178,-13.68067018339,-3.96144692220761e-05,0.000134863421176755,-1.57709602220125,0.509018537768513
1041,41.64,209.761469390914,8.70013880114762,-219.26151662215,-13.7381695393416,434.061016751258,0,0,0,0,-17.8527717628194,-13.6850103163401,-3.96147018267115e-05,0.000134863041877394,-1.55227479568438,0.509016862211152
1042,41.68,209.761127761988,8.69962469152428,-219.265036323533,-13.7382184171418,434.064757811139,0,0,0,0,-17.852834536818,-13.6893882292915,-3.96150298662914e-05,0.000134862565299977,-1.52738313794856,0.509015340629229
1043,41.72,209.760722316225,8.69902645121954,-219.26860293929,-13.7382413767286,434.068540181023,0,0,0,0,-17.8528636802514,-13.6937760615061,-3.96152014911159e-05,0.000134862247347398,-1.50242267385776,0.50901410242334
1044,41.76,209.760198265663,8.69826926779765,-219.272215897184,-13.7382182900794,434.072363185129,0,0,0,0,-17.8528330927235,-13.6981446089514,-3.96148192476122e-05,0.000134862486528964,-1.47739502302914,0.509013261039191
1045,41.8,209.759513610016,8.6972958657003,-219.275874575854,-13.7381337865277,434.076226106698,0,0,0,0,-17.8527228449245,-13.7024714131046,-3.96138857714037e-05,0.000134863279509798,-1.4523018002576,0.509012894776495
1046,41.84,209.758656765317,8.69609077086665,-219.279578295592,-13.7379839031247,434.080128193168,0,0,0,0,-17.8525277987527,-13.7067502685963,-3.96129369854339e-05,0.000134864090372123,-1.42714461714599,0.509013037499841
1047,41.88,209.757652581585,8.69468853331144,-219.283326321403,-13.7377782964336,434.08406866611,0,0,0,0,-17.8522604733323,-13.7109943267178,-3.9612534761974e-05,0.000134864358071752,-1.40192508491612,0.509013674943785
1048,41.92,209.756550788856,8.69315765884458,-219.287117882711,-13.7375357216382,434.088046734361,0,0,0,0,-17.8519451849361,-13.715229539452,-3.96126046224531e-05,0.000134864157438649,-1.37664481744718,0.509014741082264
1049,41.96,209.755406739079,8.69157405083621,-219.290952200461,-13.7372767177387,434.092061606443,0,0,0,0,-17.8516085669783,-13.7194845353838,-3.96126469572864e-05,0.000134863988556946,-1.3513054337889,0.509016125366948
1050,42,209.754268150774,8.69000290658958,-219.294828507812,-13.7370187473999,434.096112499396,0,0,0,0,-17.8512732702109,-13.7237841073096,-3.9612563481121e-05,0.000134863951807596,-1.32590855974939,0.509017701742835
1051,42.04,209.753171037707,8.68849330021945,-219.298746059252,-13.736774847201,434.100198643941,0,0,0,0,-17.8509562099719,-13.7281472671483,-3.96128401178311e-05,0.000134863564546108,-1.30045582867324,0.509019364466927
1052,42.08,209.75213954175,8.68707805128335,-219.302704132551,-13.7365536643742,434.104319287393,0,0,0,0,-17.8506686094405,-13.7325868411122,-3.96136942589685e-05,0.000134862611007568,-1.27494888153017,0.509021044215565
1053,42.12,209.751186299615,8.68577424654792,-219.306702029234,-13.7363596133365,434.108473695637,0,0,0,0,-17.8504161995762,-13.7371092109762,-3.96140316009045e-05,0.000134862182548675,-1.24938936626333,0.50902269828418
1054,42.16,209.750314468103,8.68458602636585,-219.310739075535,-13.7361936375972,434.112661154869,0,0,0,0,-17.8502002064812,-13.7417152802108,-3.96126047796715e-05,0.000134863519427696,-1.22377893701385,0.509024290050863
1055,42.2,209.749521662071,8.68351003168483,-219.314814623779,-13.7360547197236,434.116880973889,0,0,0,0,-17.8500193107438,-13.7464029568856,-3.96105572721506e-05,0.000134865471254156,-1.1981192538984,0.509025774143018
1056,42.24,209.748801715336,8.68253788928468,-219.318928054819,-13.7359406069274,434.121132487798,0,0,0,0,-17.8498705899516,-13.7511685663289,-3.96102937922739e-05,0.000134865630726231,-1.17241198374421,0.509027092882598
1057,42.28,209.748140321023,8.68165025161958,-219.323078782668,-13.7358462111929,434.125415063265,0,0,0,0,-17.8497474440008,-13.7560043463253,-3.96117274026282e-05,0.000134864086025636,-1.1466588014484,0.509028179942739
1058,42.32,209.747508580266,8.68080789117156,-219.327266260573,-13.7357611546438,434.129728104311,0,0,0,0,-17.849636410271,-13.7608941874865,-3.96126952300921e-05,0.000134863001101788,-1.12086139085315,0.509028965913431
1059,42.36,209.746865004167,8.67995435563101,-219.33148998526,-13.7356704232954,434.134071057092,0,0,0,0,-17.8495180107295,-13.765814259671,-3.96123663905124e-05,0.000134863205214739,-1.09502144474603,0.50902938540262
1060,42.4,209.746170837291,8.67903688574488,-219.335749496202,-13.7355599649601,434.138443412708,0,0,0,0,-17.8493740142556,-13.7707418978463,-3.9611408302161e-05,0.000134864027738266,-1.06914066434286,0.50902938799258
1061,42.44,209.745410039632,8.67803371249943,-219.340044369972,-13.7354240105182,434.142844707623,0,0,0,0,-17.8491969358147,-13.7756675667871,-3.96102263307362e-05,0.000134865060600047,-1.04322075902571,0.509028951538917
1062,42.48,209.74459844475,8.67696650658698,-219.344374213044,-13.7352683699529,434.14727452116,0,0,0,0,-17.8489943127836,-13.7806001998373,-3.96091278014007e-05,0.000134865994379896,-1.01726344641148,0.509028090628895
1063,42.52,209.743774092807,8.67588708061228,-219.348738656155,-13.7351068010109,434.151732469361,0,0,0,0,-17.8487839932972,-13.7855611620897,-3.96090512798084e-05,0.000134865887966966,-0.991270451714356,0.509026853986091
1064,42.56,209.74297563572,8.67484790447316,-219.35313735,-13.7349531138848,434.156218195131,0,0,0,0,-17.8485838934927,-13.7905715657213,-3.96104984573583e-05,0.000134864236554563,-0.965243505772739,0.509025312956671
1065,42.6,209.742224174448,8.67387743644859,-219.357569959384,-13.7348146585912,434.160731355975,0,0,0,0,-17.8484035489941,-13.7956420681139,-3.96118796913808e-05,0.000134862626875635,-0.939184341985038,0.509023548237522
1066,42.64,209.741519706996,8.67297540541473,-219.362036153934,-13.7346911561393,434.165271611655,0,0,0,0,-17.8482425984103,-13.8007711935378,-3.96109496527123e-05,0.000134863302464474,-0.913094693259428,0.509021637566967
1067,42.68,209.740851991763,8.67212768934586,-219.366535596321,-13.7345787150193,434.169838613758,0,0,0,0,-17.8480959936392,-13.8059518894698,-3.9608491806512e-05,0.000134865480268374,-0.886976290080517,0.509019642427448
1068,42.72,209.740215365623,8.67132652024747,-219.371067931183,-13.7344752214158,434.174431997974,0,0,0,0,-17.8479609926603,-13.8111802802064,-3.96077064572455e-05,0.000134865963587512,-0.860830859923977,0.509017593979587
1069,42.76,209.739614913514,8.67057881535118,-219.375632778157,-13.7343825026174,434.179051378938,0,0,0,0,-17.8478399661199,-13.8164590150558,-3.96091916705837e-05,0.000134864161141343,-0.834660127517847,0.509015482336844
1070,42.8,209.739060946186,8.66989852690286,-219.380229730155,-13.7343041976474,434.183696347085,0,0,0,0,-17.8477376347282,-13.8217934913592,-3.96101950436011e-05,0.000134862834398019,-0.808465814985098,0.509013255692529
1071,42.84,209.738560975244,8.66929567839986,-219.384858354624,-13.7342428156234,434.188366467092,0,0,0,0,-17.8476572528761,-13.8271869858668,-3.96093896910749e-05,0.000134863320780775,-0.782249641604211,0.509010835062296
1072,42.88,209.738117962106,8.66877407458705,-219.389518194454,-13.734199195461,434.193061277434,0,0,0,0,-17.8475999072282,-13.8326399753436,-3.96082925700622e-05,0.00013486411430403,-0.756013323712853,0.509008140335697
1073,42.92,209.73773301039,8.66833503788147,-219.394208767253,-13.7341735506699,434.197780290431,0,0,0,0,-17.8475658716417,-13.8381519255152,-3.96079620456268e-05,0.000134864165752971,-0.729758574918557,0.509005110855952
1074,42.96,209.737406843553,8.6679793961133,-219.398929563876,-13.734165980646,434.202522991962,0,0,0,0,-17.8475552704631,-13.8437219616651,-3.96079856464956e-05,0.000134863892186659,-0.703487106262793,0.50900170877728
1075,43,209.737139551265,8.66770712404197,-219.403680047346,-13.7341763658379,434.207288840407,0,0,0,0,-17.8475679428546,-13.8493485949927,-3.96079803931403e-05,0.000134863674973891,-0.677200625830822,0.508997913572633
1076,43.04,209.736930335467,8.66751703448525,-219.408459652572,-13.7342043111747,434.212077264728,0,0,0,0,-17.8476033700333,-13.8550297559038,-3.96078876034684e-05,0.00013486356563291,-0.650900837921597,0.508993725287815
1077,43.08,209.736776649694,8.66740564810232,-219.413267786914,-13.7342488733209,434.216887661827,0,0,0,0,-17.8476603228425,-13.8607626472577,-3.96077131162023e-05,0.000134863549272707,-0.624589442231023,0.508989183765361
1078,43.12,209.736671366842,8.66736339770915,-219.418103831666,-13.7343075928873,434.221719393686,0,0,0,0,-17.8477356084804,-13.8665426131116,-3.96075651557007e-05,0.000134863511433163,-0.598268133237426,0.508984395992896
1079,43.16,209.736597764821,8.66736791108463,-219.422967145465,-13.7343747865793,434.226571785781,0,0,0,0,-17.8478218574341,-13.8723608728685,-3.96075602516995e-05,0.000134863333725571,-0.571938600080539,0.508979555605647
1080,43.2,209.736523344464,8.66737572576582,-219.427857070737,-13.7344394392433,434.231444128678,0,0,0,0,-17.8479047909916,-13.8782015164249,-3.96077663502895e-05,0.000134862948495195,-0.545602526967478,0.508974939261637
1081,43.24,209.736395343659,8.66731625073571,-219.432772941803,-13.7344836491877,434.236335683914,0,0,0,0,-17.8479612052198,-13.8840391116824,-3.96080432738381e-05,0.000134862496091031,-0.519261593966967,0.508970873045982
1082,43.28,209.736143340558,8.66709519453713,-219.437714088703,-13.7344834585465,434.241245693271,0,0,0,0,-17.8479600459871,-13.8898394932786,-3.96079652787497e-05,0.000134862402242191,-0.492917477947096,0.508967676033091
1083,43.32,209.735694727934,8.66661528708709,-219.442679829389,-13.7344141189869,434.246173389223,0,0,0,0,-17.8478692332364,-13.8955668080634,-3.96072260361676e-05,0.000134862973227376,-0.46657185331255,0.508965602880158
1084,43.36,209.73500161119,8.66581249813003,-219.447669450389,-13.7342594413584,434.251118004807,0,0,0,0,-17.8476677804659,-13.9011969669227,-3.96060164906859e-05,0.000134864017453624,-0.440226392945794,0.508964808717883
1085,43.4,209.734063854373,8.66468713986254,-219.452682189898,-13.7340198783722,434.25607878278,0,0,0,0,-17.8473562732161,-13.9067297769577,-3.96049622013773e-05,0.00013486490811913,-0.413882769811246,0.508965334864918
1086,43.44,209.73292953522,8.66330434107346,-219.457717242764,-13.7337125477134,434.261054984624,0,0,0,0,-17.8469568992193,-13.9121889259462,-3.96045243008084e-05,0.000134865183058739,-0.387542658979343,0.508967091643697
1087,43.48,209.731671847653,8.66176270783175,-219.462773791454,-13.7333629675494,434.266045898825,0,0,0,0,-17.846502735183,-13.9176098028125,-3.96045496443306e-05,0.000134864995546669,-0.361207739321308,0.508969843442146
1088,43.52,209.730361045744,8.66015651988745,-219.467851044176,-13.7329952763821,434.271050846416,0,0,0,0,-17.8460250697738,-13.923025607813,-3.96047294246866e-05,0.00013486465560879,-0.334879694099178,0.50897324324259
1089,43.56,209.729048748751,8.65855479337695,-219.472948257992,-13.7326269687997,434.276069182165,0,0,0,0,-17.8455465806339,-13.9284601849691,-3.96049120823429e-05,0.000134864315995437,-0.308560210598975,0.508976927827184
1090,43.6,209.727766302995,8.65699928609133,-219.478064742313,-13.7322685328698,434.281100292087,0,0,0,0,-17.8450808648287,-13.9339277663256,-3.96049656497472e-05,0.000134864109051892,-0.28225097938455,0.508980609546671
1091,43.64,209.726529661892,8.65551114312584,-219.483199852556,-13.7319252188426,434.286143590165,0,0,0,0,-17.8446347316359,-13.9394355375081,-3.96048603077434e-05,0.000134864064661159,-0.255953693595185,0.50898410585534
1092,43.68,209.725345345731,8.65409890144976,-219.488352983756,-13.7315990892815,434.291198517319,0,0,0,0,-17.844210860011,-13.9449865439831,-3.96046571663515e-05,0.000134864122232348,-0.229670048718151,0.508987317317466
1093,43.72,209.72421554061,8.65276531754769,-219.493523567888,-13.7312907525079,434.296264543458,0,0,0,0,-17.8438100452676,-13.9505821376249,-3.9604433701685e-05,0.000134864205962951,-0.203401742742385,0.508990196661927
1094,43.76,209.72314127542,8.65151161238782,-219.49871107379,-13.7310004340814,434.301341170904,0,0,0,0,-17.8434325870909,-13.956223333962,-3.96043567082911e-05,0.00013486415308924,-0.177150476509196,0.508992730727537
1095,43.8,209.722123388267,8.65033876011102,-219.503915007183,-13.7307283015807,434.306427936919,0,0,0,0,-17.843078709209,-13.9619109768643,-3.96043875675128e-05,0.000134864007624957,-0.150917954056399,0.508994930805195
1096,43.84,209.721162062071,8.64924686650317,-219.5091349098,-13.7304743092347,434.311524414602,0,0,0,0,-17.8427483569514,-13.9676452695344,-3.96038394078737e-05,0.000134864457813423,-0.124705882738403,0.508996820475485
1097,43.88,209.720256215042,8.64823435686342,-219.514370358429,-13.7302379963339,434.316630212941,0,0,0,0,-17.8424409356745,-13.973425437676,-3.960242379911e-05,0.000134865784746322,-0.0985159731300748,0.508998419101482
1098,43.92,209.719403160572,8.64729753466589,-219.519620964572,-13.7300183861362,434.321744976614,0,0,0,0,-17.8421551800052,-13.9792497121262,-3.96017008757081e-05,0.000134866414951405,-0.0723499385445121,0.508999727522846
1099,43.96,209.718597658514,8.64642930874521,-219.524886373582,-13.7298136611878,434.326868384538,0,0,0,0,-17.8418887331404,-13.9851148982522,-3.96028877925219e-05,0.000134865119460057,-0.0462094941792714,0.509000722997296
1100,44,209.717831043759,8.64561797000488,-219.53016626045,-13.7296208109872,434.332000145192,0,0,0,0,-17.8416376900303,-13.9910156624342,-3.96040077604854e-05,0.00013486386888775,-0.0200963559043182,0.509001368112745
1101,44.04,209.717094274013,8.64485121740325,-219.535460320145,-13.7294366109014,434.337139987656,0,0,0,0,-17.841397867206,-13.9969460103515,-3.96027988257854e-05,0.000134864923719253,0.0059877612667412,0.509001634825473
1102,44.08,209.716385638858,8.64412652606263,-219.540768253684,-13.7292602830313,434.34228764951,0,0,0,0,-17.8411682548293,-14.0029039991873,-3.96005784020679e-05,0.000134866967993643,0.0320411447225213,0.509001535262073
1103,44.12,209.715714824604,8.64345667965407,-219.546089754342,-13.7290949648495,434.347442864142,0,0,0,0,-17.8409529227434,-14.0088946536111,-3.95999748618608e-05,0.000134867376585887,0.0580620858169303,0.509001140373523
1104,44.16,209.715094598324,8.64285865816185,-219.551424497865,-13.7289449115996,434.352605349627,0,0,0,0,-17.8407573918067,-14.0149252622535,-3.96010725500149e-05,0.000134866068876929,0.0840488815629768,0.509000571716791
1105,44.2,209.714524375609,8.64233165941022,-219.556772136929,-13.7288099470073,434.357774800135,0,0,0,0,-17.8405814344041,-14.0209956399254,-3.96020409948684e-05,0.000134864878689395,0.109999836373814,0.508999971233288
1106,44.24,209.713979869303,8.64184331563366,-219.562132297498,-13.7286820289805,434.362950880148,0,0,0,0,-17.8404146178104,-14.0270919757749,-3.96019598072886e-05,0.000134864729606289,0.135913263317079,0.508999467674716
1107,44.28,209.713418296428,8.64133667704462,-219.567504574987,-13.7285470272237,434.368133221594,0,0,0,0,-17.8402386094489,-14.033189702409,-3.9601396021295e-05,0.000134865057917283,0.161787484518161,0.508999154270948
1108,44.32,209.712797076949,8.64075511343454,-219.572888529648,-13.7283909303416,434.373321423504,0,0,0,0,-17.8400352302372,-14.0392641868069,-3.96009019840426e-05,0.000134865314172224,0.187620831172471,0.508999081103879
1109,44.36,209.712095590058,8.64007125522051,-219.578283682035,-13.7282070362169,434.378515053089,0,0,0,0,-17.8397957843609,-14.0453033668998,-3.96002409584882e-05,0.000134865736605955,0.213411643538493,0.508999258403576
1110,44.4,209.711326745883,8.63930234860882,-219.58368951062,-13.7279997391353,434.38371364703,0,0,0,0,-17.8395259728251,-14.0513144194621,-3.95992328935956e-05,0.000134866505100164,0.239158270772253,0.508999663914114
1111,44.44,209.710530420192,8.63850140938211,-219.589105453733,-13.7277822480663,434.388916712609,0,0,0,0,-17.8392429325892,-14.0573195931368,-3.95986950105984e-05,0.000134866801862128,0.264859070285342,0.509000249106887
1112,44.48,209.709753473582,8.63773055872217,-219.594530915816,-13.7275698985657,434.394123729242,0,0,0,0,-17.8389665596324,-14.0633444825983,-3.95995312734638e-05,0.000134865723982792,0.290512406613962,0.509000945490011
1113,44.52,209.709030376655,8.63703528730569,-219.599965275084,-13.7273737863664,434.3993341508,0,0,0,0,-17.8387112497454,-14.0694071218,-3.96008212064768e-05,0.000134864195390124,0.316116650413276,0.509001675485026
1114,44.56,209.708376100327,8.6364351107295,-219.605407888654,-13.7271985295851,434.404547407836,0,0,0,0,-17.8384829949828,-14.0755142718745,-3.96006235935186e-05,0.00013486416183684,0.341670178244339,0.509002366928386
1115,44.6,209.707792530327,8.63593220940058,-219.610858092809,-13.7270444942782,434.409762908014,0,0,0,0,-17.8382822705398,-14.0816654592103,-3.95990434369459e-05,0.000134865521776662,0.367171373212978,0.509002964875128
1116,44.64,209.707279737207,8.63552647302607,-219.61631519958,-13.7269115706207,434.414980034381,0,0,0,0,-17.8381089338106,-14.0878597154802,-3.95980337952194e-05,0.000134866323172839,0.392618625691048,0.509003436708909
1117,44.68,209.706841172961,8.63522238012328,-219.621778494131,-13.7268008568291,434.420198143797,0,0,0,0,-17.8379644090275,-14.0940984383293,-3.95981585995166e-05,0.000134866000671428,0.418010333306201,0.509003771227496
1118,44.72,209.706479689972,8.63502363163167,-219.627247237691,-13.7267132728536,434.425416568885,0,0,0,0,-17.8378498883005,-14.1003826457548,-3.95983547865918e-05,0.000134865614407946,0.443344900261083,0.50900397433948
1119,44.76,209.706190864386,8.63492427752582,-219.632720677047,-13.7266473610402,434.430634624947,0,0,0,0,-17.837763477783,-14.1067089548445,-3.95981786496303e-05,0.000134865605037736,0.468620736464087,0.509004064240896
1120,44.8,209.70595997025,8.63490478837252,-219.638198057323,-13.7265983807972,434.435851619997,0,0,0,0,-17.8376990232729,-14.1130681695436,-3.95979658652924e-05,0.000134865634878157,0.493836256707901,0.509004066471089
1121,44.84,209.705761770299,8.63493186865881,-219.643678633795,-13.7265583292077,434.441066864643,0,0,0,0,-17.8376461386642,-14.1194457194112,-3.95979001639365e-05,0.000134865519577295,0.518989879748443,0.509004005368784
1122,44.88,209.705559621909,8.63495730948953,-219.649161680964,-13.726515686939,434.446279680323,0,0,0,0,-17.8375898796264,-14.1258217255899,-3.9598016501702e-05,0.000134865224458708,0.544080027150196,0.509003889724802
1123,44.92,209.705304461712,8.63491662164086,-219.654646499431,-13.7264550675593,434.451489407062,0,0,0,0,-17.8375102915862,-14.1321707031499,-3.95981507944436e-05,0.000134864914054359,0.569105122226511,0.509003697912796
1124,44.96,209.704938830945,8.63473426890636,-219.660132420404,-13.7263584297529,434.456695412195,0,0,0,0,-17.8373839818176,-14.1384632788708,-3.95979168548315e-05,0.000134864974560281,0.594063589505015,0.509003374831432
1125,45,209.704410794171,8.63434197079203,-219.665618805458,-13.726209470254,434.461897099091,0,0,0,0,-17.8371898133766,-14.14467279668,-3.95971649531644e-05,0.000134865554923827,0.618953854736111,0.509002851923783
1126,45.04,209.703694368777,8.63370569266027,-219.671105040522,-13.7260001963726,434.467093913011,0,0,0,0,-17.8369174244705,-14.1507858010288,-3.95961743550288e-05,0.000134866374880819,0.643774344761767,0.509002086069881
1127,45.08,209.702802544173,8.63284284214091,-219.676590528679,-13.7257351115789,434.47228534229,0,0,0,0,-17.8365726533381,-14.1568088188347,-3.95954359117731e-05,0.000134866943985145,0.668523486689386,0.509001090221287
1128,45.12,209.701781115964,8.63181398869149,-219.68207468932,-13.7254290992733,434.477470915866,0,0,0,0,-17.83617479437,-14.1627648024312,-3.95951624673326e-05,0.000134867052811667,0.693199707069116,0.508999926723067
1129,45.16,209.700688347687,8.63069587395855,-219.687556965583,-13.7251007604102,434.482650199722,0,0,0,0,-17.8357479632544,-14.1686826181089,-3.95950879239096e-05,0.000134866975700716,0.717801432146868,0.508998667619719
1130,45.2,209.699576737385,8.62955738125411,-219.693036833918,-13.7247666036759,434.487822793725,0,0,0,0,-17.8353135678703,-14.1745883131096,-3.9595057421224e-05,0.000134866880359335,0.742327089371985,0.508997357646029
1131,45.24,209.698486158801,8.62845063556765,-219.698513808769,-13.7244389966296,434.492988328631,0,0,0,0,-17.8348876520414,-14.1805021482739,-3.95953210969588e-05,0.000134866527663909,0.76677510906721,0.508996004513763
1132,45.28,209.697444804542,8.62741236488472,-219.703987441266,-13.7241265819649,434.498146462888,0,0,0,0,-17.8344814323299,-14.1864390050341,-3.95957252749457e-05,0.000134866068975161,0.791143925031651,0.508994589787319
1133,45.32,209.696470989922,8.62646631697224,-219.709457315613,-13.7238348917302,434.503296880293,0,0,0,0,-17.8341020908915,-14.1924087787944,-3.9595344119906e-05,0.00013486640719831,0.815431974071723,0.508993084381404
1134,45.36,209.695573507244,8.6256237410894,-219.714923046847,-13.7235664769555,434.508439289958,0,0,0,0,-17.8337529413554,-14.1984161205477,-3.95941244512836e-05,0.000134867559110272,0.839637695371326,0.508991461777403
1135,45.4,209.69475164506,8.62488344201914,-219.720384280666,-13.7233209444244,434.513573428131,0,0,0,0,-17.8334334761807,-14.2044603814992,-3.95937234811068e-05,0.000134867836773574,0.8637595306013,0.508989707209057
1136,45.44,209.693995960491,8.6242328096552,-219.725840692834,-13.7230952154569,434.518699059127,0,0,0,0,-17.8331397029921,-14.2105360855967,-3.95947191114725e-05,0.000134866651787146,0.887795924777333,0.508987820992398
1137,45.48,209.693291308731,8.6236517649565,-219.731291985322,-13.7228844438842,434.523815972981,0,0,0,0,-17.8328653358737,-14.2166344292554,-3.95951614578312e-05,0.000134865962072494,0.91174532713279,0.508985816138295
1138,45.52,209.69262435327,8.6231225880182,-219.736737879155,-13.7226843359794,434.528923980386,0,0,0,0,-17.832604804884,-14.2227472912643,-3.95939825497363e-05,0.000134866850903272,0.935606191518151,0.508983713658896
1139,45.56,209.691993363028,8.62264279717176,-219.742178107206,-13.7224942344537,434.534022907516,0,0,0,0,-17.8323572569911,-14.2288729478703,-3.95927876308218e-05,0.000134867727140954,0.959376976368307,0.5089815382418
1140,45.6,209.691411493372,8.62222946177258,-219.747612409719,-13.7223181505522,434.539112591871,0,0,0,0,-17.8321278956047,-14.2350182291617,-3.95927889586943e-05,0.000134867389566803,0.983056144898424,0.508979313995551
1141,45.64,209.69089775448,8.62190730620592,-219.753040531374,-13.7221618974543,434.544192877102,0,0,0,0,-17.8319242621017,-14.2411933664336,-3.95930974604519e-05,0.000134866737730794,1.00664216611831,0.508977061716307
1142,45.68,209.690461674696,8.62168858446505,-219.758462216096,-13.7220282979224,434.549263604249,0,0,0,0,-17.831750018255,-14.247403158458,-3.95929055218681e-05,0.000134866592702699,1.03013351653158,0.508974803186521
1143,45.72,209.690092910208,8.6215595562684,-219.763877198222,-13.7219140478624,434.554324600024,0,0,0,0,-17.831600876565,-14.2536412557843,-3.95926795447152e-05,0.000134866504318484,1.05352868197382,0.508972574644855
1144,45.76,209.689759980318,8.62147896078701,-219.769285192936,-13.7218094536307,434.559375666098,0,0,0,0,-17.831464259574,-14.2598898336579,-3.95927737412989e-05,0.00013486613059232,1.07682615917421,0.508970440863711
1145,45.8,209.689414927545,8.62138415202531,-219.774685889292,-13.7216999078598,434.564416572672,0,0,0,0,-17.8313212157651,-14.2661223585823,-3.95928723058131e-05,0.000134865787505697,1.10002445724547,0.508968496094006
1146,45.84,209.68900214311,8.62120257714505,-219.780078945246,-13.7215685447871,434.569447055998,0,0,0,0,-17.8311498656742,-14.2723083004708,-3.95926815112505e-05,0.000134865757451002,1.12312209918551,0.508966846786796
1147,45.88,209.688472633524,8.62087035844388,-219.785463981375,-13.7214005607067,434.574466817162,0,0,0,0,-17.8309310068271,-14.2784208150723,-3.9592134536028e-05,0.000134866093624443,1.14611762284514,0.508965585487975
1148,45.92,209.687801195601,8.62035471702168,-219.790840572743,-13.7211884694179,434.57947552074,0,0,0,0,-17.8306549296864,-14.2844461433781,-3.95914050898933e-05,0.000134866612931242,1.16900958078986,0.508964770413443
1149,45.96,209.686997344276,8.6196682224914,-219.796208243627,-13.7209354292359,434.584472794647,0,0,0,0,-17.8303257310452,-14.2903894617925,-3.95907430083687e-05,0.000134867059684392,1.19179653909795,0.508964416174984
1150,46,209.686101585734,8.61886381237612,-219.801566470611,-13.7206539887703,434.58945823274,0,0,0,0,-17.8299596866127,-14.2962725094591,-3.95901279749484e-05,0.000134867451574929,1.21447707607064,0.508964491432999
1151,46.04,209.685169362331,8.61801370464837,-219.806914693276,-13.7203610483217,434.59443139928,0,0,0,0,-17.8295787177723,-14.3021247699317,-3.95897424089531e-05,0.000134867608940756,1.23704978156184,0.508964922741783
1152,46.08,209.684253768935,8.61718684645944,-219.812252325444,-13.7200725846155,434.599391832536,0,0,0,0,-17.8292035511908,-14.3079744002036,-3.95902254835705e-05,0.000134866900287713,1.25951325661424,0.508965609864162
1153,46.12,209.683394901301,8.61643513281635,-219.817578761397,-13.719800516485,434.604339046367,0,0,0,0,-17.8288496521921,-14.3138425864932,-3.95913128721263e-05,0.000134865599128536,1.28186611283535,0.508966449117655
1154,46.16,209.682616311176,8.61578888565343,-219.822893377793,-13.7195517281433,434.609272531459,0,0,0,0,-17.8285259549951,-14.3197413985196,-3.95913394630364e-05,0.000134865377301757,1.30410697140585,0.508967349942562
1155,46.2,209.681926827318,8.6152592875606,-219.828195535296,-13.7193286833357,434.614191758389,0,0,0,0,-17.8282356577058,-14.3256746979209,-3.9589659066456e-05,0.000134866882421787,1.3262344623266,0.508968236478941
1156,46.24,209.681324924297,8.61484414082728,-219.833484581734,-13.719130816957,434.619096182161,0,0,0,0,-17.8279780276556,-14.331640894207,-3.95881274583486e-05,0.000134868254813137,1.34824722431408,0.508969040948407
1157,46.28,209.680800118944,8.61452973527009,-219.838759855435,-13.718955006496,434.623985245604,0,0,0,0,-17.8277490138201,-14.3376340400228,-3.95883997718613e-05,0.000134867832818836,1.37014390505908,0.50896969904879
1158,46.32,209.680328784832,8.61428537869615,-219.844020686924,-13.7187942870497,434.62885838011,0,0,0,0,-17.8275395801895,-14.3436412387921,-3.95895015117492e-05,0.000134866585132655,1.39192316156801,0.508970150447016
1159,46.36,209.679870661316,8.61405880156848,-219.849266399317,-13.7186367466676,434.633715005732,0,0,0,0,-17.8273342723134,-14.3496400894472,-3.95897718493396e-05,0.000134866169657446,1.41358366038707,0.50897034167156
1160,46.4,209.6793754425,8.61378469841065,-219.854496309369,-13.7184674808541,434.638554534312,0,0,0,0,-17.827113752742,-14.3556020805513,-3.95891575653281e-05,0.000134866639849769,1.43512407772307,0.508970229026933
1161,46.44,209.678800726233,8.61340805780549,-219.859709730427,-13.7182739779923,434.643376376847,0,0,0,0,-17.8268617884385,-14.3615029282398,-3.95883624639197e-05,0.000134867294298898,1.45654309934401,0.508969782208665
1162,46.48,209.678131525044,8.61290950391198,-219.864905976906,-13.718051954523,434.648179952561,0,0,0,0,-17.8265728217446,-14.3673339714896,-3.95876555995645e-05,0.000134867867295925,1.47783941979661,0.508968989524792
1163,46.52,209.67738801369,8.61231529393068,-219.870084369941,-13.7178076067693,434.652964696469,0,0,0,0,-17.8262548915031,-14.3731064880106,-3.95871538008007e-05,0.000134868245256258,1.49901174090063,0.508967862256287
1164,46.56,209.67661573233,8.6116844856092,-219.875244244995,-13.7175545731285,434.657730064844,0,0,0,0,-17.8259256915423,-14.3788457137906,-3.95870184592885e-05,0.000134868268506857,1.52005876993501,0.508966434674848
1165,46.6,209.675864872771,8.61108199771105,-219.88038496188,-13.717307703502,434.662475540443,0,0,0,0,-17.825604487922,-14.384579010185,-3.95870178645175e-05,0.000134868167218608,1.54097921823402,0.508964761298481
1166,46.64,209.675170978012,8.61055363810045,-219.885505915433,-13.7170773832406,434.667200638585,0,0,0,0,-17.8253047553781,-14.3903253092876,-3.95867263095178e-05,0.000134868361941752,1.56177180055077,0.508962916528627
1167,46.68,209.67454455447,8.61011277196168,-219.890606543625,-13.7168665865297,434.671904912663,0,0,0,0,-17.8250303537488,-14.3960896681082,-3.95863889195904e-05,0.000134868601022306,1.5824352349064,0.508960996112463
1168,46.72,209.673970022632,8.60973905971271,-219.895686330762,-13.7166706631564,434.676587956838,0,0,0,0,-17.8247752504347,-14.4018627799159,-3.95865147896937e-05,0.000134868370847936,1.60296824267003,0.508959112626786
1169,46.76,209.673412897844,8.60938775885803,-219.90074480577,-13.7164794608998,434.681249405656,0,0,0,0,-17.8245262737267,-14.4076247480858,-3.95867195106752e-05,0.000134868054882622,1.62336954876749,0.508957379902094
1170,46.8,209.672835076819,8.60900947187742,-219.905781537435,-13.7162817900327,434.685888932409,0,0,0,0,-17.8242689054304,-14.4133534786719,-3.95862709783158e-05,0.000134868386592936,1.64363788222044,0.508955891089805
1171,46.84,209.672214227475,8.60857523734186,-219.910796128756,-13.7160711286873,434.690506247577,0,0,0,0,-17.8239946836399,-14.4190358822487,-3.95852095127764e-05,0.000134869327133359,1.66377197705107,0.508954699956226
1172,46.88,209.671555981548,8.6080923097559,-219.915788211876,-13.7158492128133,434.695101096481,0,0,0,0,-17.8237058605222,-14.4246750771631,-3.958417512889e-05,0.000134870236560573,1.68377057316195,0.508953810192841
1173,46.92,209.670888450785,8.60759699458555,-219.920757444202,-13.7156243542199,434.699673254621,0,0,0,0,-17.8234132197869,-14.4302870003045,-3.9583846615043e-05,0.000134870433770236,1.70363241712027,0.508953171760923
1174,46.96,209.67024190382,8.60712828437983,-219.925703505734,-13.71540539605,434.704222521225,0,0,0,0,-17.8231282345224,-14.4358884508621,-3.95845285817415e-05,0.000134869609034364,1.72335626283605,0.508952685328485
1175,47,209.669629026095,8.60670234914944,-219.930626097369,-13.7151959395644,434.708748713879,0,0,0,0,-17.822855577337,-14.4414858741475,-3.95856321512172e-05,0.000134868343969893,1.74294087220401,0.508952219417669
1176,47.04,209.669039982776,8.60630623310963,-219.935524939763,-13.7149929770424,434.713251666472,0,0,0,0,-17.8225913464831,-14.4470727532193,-3.95857349576895e-05,0.000134868053279093,1.76238501577329,0.508951640095121
1177,47.08,209.668454356315,8.60591335323799,-219.940399771789,-13.7147904546605,434.717731229526,0,0,0,0,-17.8223276879046,-14.4526366223725,-3.95841169384285e-05,0.0001348694512285,1.78168747322327,0.508950844456245
1178,47.12,209.667859400171,8.60550712307492,-219.945250347553,-13.7145846452996,434.72218726995,0,0,0,0,-17.8220597659262,-14.4581697719857,-3.95822465337938e-05,0.00013487106718609,1.80084703351531,0.508949786141873
1179,47.16,209.667259248763,8.60509283021879,-219.950076432435,-13.7143768174136,434.726619668392,0,0,0,0,-17.8217892260177,-14.4636745662483,-3.95823315985968e-05,0.000134870694470327,1.81986249464822,0.50894848336269
1180,47.2,209.666667708393,8.60468823537942,-219.954877799876,-13.7141710421572,434.731028315046,0,0,0,0,-17.8215213499415,-14.4691588877955,-3.95841544583875e-05,0.000134868552941919,1.83873266349003,0.508947005577095
1181,47.24,209.66609345958,8.60430438596105,-219.95965422936,-13.7139698025878,434.735413105567,0,0,0,0,-17.8212593594858,-14.4746272157249,-3.9584972518983e-05,0.000134867386511631,1.85745635628662,0.508945444730966
1182,47.28,209.665533985217,8.60393780498846,-219.964405503746,-13.7137722535051,434.739773937479,0,0,0,0,-17.8210021587626,-14.4800772186246,-3.95833818263028e-05,0.000134868600709333,1.87603239965886,0.508943883928056
1183,47.32,209.664982999761,8.60358018942863,-219.96913140438,-13.7135764913649,434.744110706077,0,0,0,0,-17.8207472786154,-14.4855045429704,-3.95815443776232e-05,0.000134870038178862,1.8944596315867,0.50894237351631
1184,47.36,209.664439709224,8.60323040879449,-219.973831704874,-13.7133822938577,434.748423299161,0,0,0,0,-17.8204944305889,-14.4909084300118,-3.95817912572673e-05,0.000134869376893762,1.91273690194678,0.508940918249029
1185,47.4,209.663908477282,8.6028939944561,-219.978506165631,-13.7131909427626,434.75271159122,0,0,0,0,-17.8202452774235,-14.4962911793319,-3.95829379607376e-05,0.000134867814501096,1.9308630729383,0.508939478360543
1186,47.44,209.663392386067,8.60257474851452,-219.983154529495,-13.7130032709134,434.756975437961,0,0,0,0,-17.820000899709,-14.5016540326667,-3.95826987407847e-05,0.000134867652961589,1.94883702000139,0.508937988172364
1187,47.48,209.662891184447,8.60227213121413,-219.987776516998,-13.7128191009542,434.761214671185,0,0,0,0,-17.8197610676069,-14.5069961266921,-3.95815803521627e-05,0.000134868401586208,1.96665763300687,0.508936387749961
1188,47.52,209.662404645868,8.60198567454043,-219.992371820481,-13.7126383016896,434.765429093498,0,0,0,0,-17.8195256107766,-14.512316788532,-3.95812151384522e-05,0.000134868437960047,1.9843238173267,0.508934648775231
1189,47.56,209.661934102705,8.60171695608306,-219.996940098551,-13.7124612280327,434.769618473206,0,0,0,0,-17.8192949890429,-14.5176163533964,-3.95813377928446e-05,0.000134868026858886,2.00183449447428,0.508932775088359
1190,47.6,209.661480431284,8.60146695476947,-220.001480973059,-13.7122880915905,434.773782541164,0,0,0,0,-17.8190694761345,-14.522894743075,-3.95811225604581e-05,0.000134867984899012,2.01918860231121,0.508930779644347
1191,47.64,209.661042980148,8.60123468348332,-220.005994029459,-13.7121186650542,434.777920991177,0,0,0,0,-17.818848776362,-14.5281509100959,-3.95807881221003e-05,0.000134868081843147,2.03638509491412,0.508928659946639
1192,47.68,209.660620760262,8.60101874793336,-220.01047881985,-13.7119526513851,434.782033483564,0,0,0,0,-17.8186325037483,-14.5333836801871,-3.95805619811918e-05,0.000134868081279515,2.05342294193697,0.508926390961803
1193,47.72,209.660213840677,8.60081913561809,-220.014934866944,-13.7117900775781,434.78611964958,0,0,0,0,-17.8184206930955,-14.5385925703807,-3.95803302366403e-05,0.000134868092834626,2.07030112779613,0.508923936167796
1194,47.76,209.65982380273,8.60063779481817,-220.019361667664,-13.7116314193496,434.790179094925,0,0,0,0,-17.818213961595,-14.5437780404793,-3.95801205812879e-05,0.000134868090160869,2.08701865089338,0.508921262672756
1195,47.8,209.659452866694,8.60047749783375,-220.023758696464,-13.7114773371041,434.794211402428,0,0,0,0,-17.8180131658668,-14.5489408884842,-3.95799066507501e-05,0.000134868106656614,2.10357452293432,0.508918345075249
1196,47.84,209.659102528943,8.60034006367532,-220.02812540891,-13.7113282608672,434.798216135045,0,0,0,0,-17.8178188632236,-14.5540813144537,-3.95796457058268e-05,0.00013486819367978,2.11996776856192,0.508915155943252
1197,47.88,209.658773508325,8.60022629481749,-220.032461245372,-13.7111843807649,434.802192839645,0,0,0,0,-17.8176312992598,-14.5591989262355,-3.95794093825494e-05,0.000134868282018986,2.13619742502823,0.508911654945401
1198,47.92,209.658466727945,8.60013725626271,-220.036765634356,-13.7110459450098,434.806141051049,0,0,0,0,-17.8174507945721,-14.5642934137808,-3.95792235395861e-05,0.000134868337852424,2.15226254181579,0.508907787246837
1199,47.96,209.658183803817,8.60007490229115,-220.04103799564,-13.7109133986141,434.81006029578,0,0,0,0,-17.8172779250134,-14.5693648385949,-3.9579071641259e-05,0.000134868364320497,2.16816218021024,0.508903489384497
1200,48,209.657926978903,8.60004199046196,-220.04527774386,-13.7107873633468,434.813950095648,0,0,0,0,-17.8171134958435,-14.5744135833211,-3.95789148369237e-05,0.000134868390866951,2.18389541280614,0.50889869328281
1201,48.04,209.657699051072,8.60004198735571,-220.049484292596,-13.710668615007,434.81780997132,0,0,0,0,-17.8169585121632,-14.57944030096,-3.95787140196513e-05,0.000134868455345766,2.19946132323688,0.508893322461814
1202,48.08,209.657503359368,8.60007903951743,-220.053657057746,-13.7105580676562,434.821639445252,0,0,0,0,-17.8168141583194,-14.584445878792,-3.95784861552627e-05,0.000134868544436677,2.2148590060392,0.508887283959866
1203,48.12,209.657343824459,8.60015801793611,-220.05779545902,-13.7104567777019,434.825438043245,0,0,0,0,-17.8166818031271,-14.5894314495226,-3.9578271977562e-05,0.00013486862152926,2.23008756666445,0.508880463879621
1204,48.16,209.65722501521,8.60028460552185,-220.061898920288,-13.7103659651899,434.829205295166,0,0,0,0,-17.8165630274937,-14.59439842229,-3.95781035528431e-05,0.00013486865734425,2.24514612155762,0.508872728253697
1205,48.2,209.657152202094,8.60046536948659,-220.065966871345,-13.7102870328697,434.832940736822,0,0,0,0,-17.8164596491922,-14.5993484973236,-3.95779722277859e-05,0.00013486866124123,2.26003379796234,0.508863923681591
1206,48.24,209.657131428754,8.60070785265062,-220.069998752941,-13.7102215854106,434.836643914455,0,0,0,0,-17.8163737478473,-14.6042836977498,-3.95778281697706e-05,0.000134868681739984,2.2747497335112,0.508853874724557
1207,48.28,209.657169561416,8.60102063118738,-220.073994024143,-13.7101714368557,434.840314391228,0,0,0,0,-17.8163076747115,-14.6092063889243,-3.95776290102236e-05,0.000134868759393925,2.28929307546034,0.508842383343892
1208,48.32,209.657274237055,8.60141324333936,-220.077952169582,-13.710138590208,434.843951753506,0,0,0,0,-17.8162640263675,-14.614119243749,-3.95773703129989e-05,0.000134868897459953,2.30366297970785,0.508829237917699
1209,48.36,209.657453621612,8.60189588130381,-220.081872705349,-13.7101251697893,434.847555615446,0,0,0,0,-17.8162455573014,-14.6190251386754,-3.95770883966986e-05,0.00013486905879546,2.31785860997032,0.508814233898522
1210,48.4,209.657715795184,8.60247861514635,-220.085755184841,-13.7101332574405,434.85112562232,0,0,0,0,-17.8162549679495,-14.6239269128497,-3.95768322029132e-05,0.000134869193600908,2.33187913713543,0.508797205929076
1211,48.44,209.65806744953,8.60316975087154,-220.089599206574,-13.7101645483939,434.854661453626,0,0,0,0,-17.8162944590724,-14.6288268584417,-3.95766261996123e-05,0.000134869276503756,2.34572373902313,0.50877807838934
1212,48.48,209.658511379646,8.60397266752705,-220.093404424765,-13.7102196890576,434.858162825942,0,0,0,0,-17.8163648737396,-14.6337257269581,-3.95764644953097e-05,0.000134869312360059,2.35939160040803,0.508756947323708
1213,48.52,209.659042030035,8.60488020180458,-220.097170562262,-13.7102971038747,434.861629494368,0,0,0,0,-17.8164641766107,-14.6386209350995,-3.95763419235366e-05,0.000134869305181463,2.3728819130896,0.508734195104273
1214,48.56,209.659638353444,8.60586564390436,-220.100897425702,-13.7103911168287,434.865061252071,0,0,0,0,-17.8165850177976,-14.6435036117506,-3.9576291378473e-05,0.00013486922112531,2.38619387611121,0.508710608071556
1215,48.6,209.660254060598,8.60687043129625,-220.104584922234,-13.7104893773921,434.868457928929,0,0,0,0,-17.8167113931062,-14.6483543845515,-3.95764072549395e-05,0.000134868965419575,2.39932669602278,0.508687436292427
1216,48.64,209.660808060638,8.60779204989934,-220.108233071527,-13.7105703080389,434.871819390305,0,0,0,0,-17.8168153300323,-14.6531388825632,-3.95767424761854e-05,0.000134868485372943,2.41227958752303,0.508666330680058
1217,48.68,209.661182856549,8.60848193095297,-220.111841996509,-13.7106026131775,434.875145535283,0,0,0,0,-17.8168562459706,-14.6578061663271,-3.95770282668913e-05,0.000134868050292403,2.42505177472824,0.508649131746936
1218,48.72,209.661242548617,8.60876813134731,-220.115411871812,-13.7105500033829,434.878436292465,0,0,0,0,-17.816787072374,-14.6622956389364,-3.9576725832641e-05,0.00013486819927259,2.43764249298992,0.508637556085029
1219,48.76,209.660875504661,8.60850940346012,-220.118942826118,-13.7103826855086,434.881691612828,0,0,0,0,-17.8165691598312,-14.6665561970965,-3.95756096774725e-05,0.000134869157118658,2.45005099093649,0.508632880128178
1220,48.8,209.660043920619,8.60765821539642,-220.122434835297,-13.7100909213382,434.884911461859,0,0,0,0,-17.8161898713921,-14.6705702838144,-3.95741644741727e-05,0.000134870437662318,2.46227653157966,0.508635694756076
1221,48.84,209.658804003417,8.60628633616724,-220.125887672916,-13.7096904739253,434.888095814091,0,0,0,0,-17.8156696528645,-14.6743638522003,-3.95732295347045e-05,0.000134871200874559,2.47431839217816,0.508645737973865
1222,48.88,209.657278518245,8.60454967263633,-220.129300956746,-13.7092148484729,434.891244650827,0,0,0,0,-17.8150519671301,-14.6779926860897,-3.95730574837134e-05,0.00013487119488746,2.48617586357622,0.508661842633472
1223,48.92,209.655604313536,8.60262150023887,-220.132674256053,-13.7087008896645,434.894357959015,0,0,0,0,-17.814384604407,-14.6815174414994,-3.95732534210679e-05,0.000134870816004963,2.49784824969083,0.50868213341657
1224,48.96,209.653892196136,8.60064171380314,-220.136007184095,-13.7081780627018,434.89743572913,0,0,0,0,-17.8137057734245,-14.684985672653,-3.95735322054877e-05,0.000134870350460011,2.50933486739932,0.508704517643763
1225,49,209.652214456612,8.59870130410228,-220.139299434954,-13.7076653646793,434.900477952143,0,0,0,0,-17.8130400987175,-14.6884273779211,-3.9573749170857e-05,0.000134869943404818,2.52063504646117,0.508727230467687
1226,49.04,209.650610487306,8.59684967067294,-220.142550778096,-13.7071730223442,434.903484617073,0,0,0,0,-17.8124008295822,-14.6918584091097,-3.95737867555798e-05,0.000134869712487698,2.53174812951052,0.508749108395419
1227,49.08,209.649097047237,8.59510766649221,-220.145761038815,-13.7067052900451,434.906455709605,0,0,0,0,-17.8117934729809,-14.6952851875583,-3.95736881460969e-05,0.000134869614382296,2.54267347231407,0.508769525652886
1228,49.12,209.64767728717,8.59347901154802,-220.148930078493,-13.7062628563347,434.909391210449,0,0,0,0,-17.8112189154417,-14.69870857719,-3.95735613681094e-05,0.000134869540623968,2.55341044414199,0.508788189714036
1229,49.16,209.646347192872,8.5919584264538,-220.152057777429,-13.7058445482886,434.912291092135,0,0,0,0,-17.810675632619,-14.7021265791481,-3.95734788224571e-05,0.000134869418453163,2.56395842822417,0.508804990167476
1230,49.2,209.645099526776,8.59053659821434,-220.155144020831,-13.7054483654088,434.915155314801,0,0,0,0,-17.8101610291254,-14.7055359293627,-3.95734282453303e-05,0.000134869260145119,2.57431682212298,0.508819940678707
1231,49.24,209.643926033013,8.58920295563591,-220.158188689087,-13.7050720564686,434.917983822933,0,0,0,0,-17.8096721857939,-14.7089329870107,-3.95733384232505e-05,0.000134869137362942,2.58448503798291,0.508833152629762
1232,49.28,209.642818567409,8.58794708757627,-220.161191652243,-13.7047134117026,434.920776543778,0,0,0,0,-17.809206238008,-14.712314174131,-3.95731661809958e-05,0.000134869093976228,2.59446250283212,0.508844793805678
1233,49.32,209.641769594308,8.58675936323923,-220.164152766208,-13.7043703885144,434.923533385791,0,0,0,0,-17.8087605383255,-14.7156761583979,-3.95729119660341e-05,0.000134869130022981,2.6042486589582,0.508855042929948
1234,49.36,209.640772358413,8.58563114752743,-220.167071867777,-13.7040411564363,434.926254235099,0,0,0,0,-17.8083327145302,-14.7190159194057,-3.95726327226979e-05,0.000134869188885289,2.61384296448123,0.508864066404062
1235,49.4,209.63982089447,8.58455481606507,-220.169948768343,-13.7037241036132,434.928938950361,0,0,0,0,-17.8079206779048,-14.7223307574167,-3.95723982792594e-05,0.000134869200854377,2.62324489396529,0.508872016925296
1236,49.44,209.638909973672,8.58352369098064,-220.172783249027,-13.703417827074,434.931587358792,0,0,0,0,-17.8075226105525,-14.725618277577,-3.95722336803794e-05,0.000134869140409519,2.63245393889708,0.508879035431418
1237,49.48,209.638035039106,8.58253195973355,-220.175575059759,-13.703121116426,434.934199255558,0,0,0,0,-17.8071369442262,-14.728876366202,-3.95721218532203e-05,0.000134869023149922,2.6414696079204,0.508885247890956
1238,49.52,209.637192141448,8.58157458842446,-220.178323921714,-13.7028329312446,434.936774405982,0,0,0,0,-17.8067623309833,-14.732103164829,-3.95720183076829e-05,0.000134868890641509,2.65029142671876,0.508890762824297
1239,49.56,209.636377882156,8.58064724118476,-220.181029530385,-13.7025523768542,434.939312548211,0,0,0,0,-17.8063976117431,-14.7352970532997,-3.95718783799436e-05,0.000134868783850929,2.65891893763497,0.50889567384123
1240,49.6,209.635589353609,8.5797461998397,-220.183691557629,-13.7022786838338,434.941813395231,0,0,0,0,-17.8060417896879,-14.738456631166,-3.95716770005249e-05,0.000134868726946219,2.66735169902056,0.508900063095899
1241,49.64,209.634824054966,8.57886826294473,-220.186309653655,-13.7020111916788,434.944276637355,0,0,0,0,-17.8056940091066,-14.7415806755481,-3.95714331370946e-05,0.000134868707262305,2.67558928446755,0.508904001677374
1242,49.68,209.634079785199,8.57801062062476,-220.188883450778,-13.7017493311594,434.946701946512,0,0,0,0,-17.8053535325916,-14.7446680767185,-3.95711983182635e-05,0.000134868686167667,2.68363128212081,0.508907549209044
1243,49.72,209.633354598128,8.57717079963065,-220.191412568757,-13.7014926143832,434.949088981638,0,0,0,0,-17.805019728248,-14.7477178102769,-3.95709926077369e-05,0.000134868655319418,2.69147729421413,0.508910756296379
1244,49.76,209.632647042849,8.57634695744868,-220.193896619548,-13.7012406879828,434.951437392931,0,0,0,0,-17.8046921387853,-14.7507290953791,-3.95708170482765e-05,0.000134868616323866,2.69912693688765,0.508913668484235
1245,49.8,209.631956688833,8.57553853568909,-220.196335210037,-13.7009934608093,434.95374682399,0,0,0,0,-17.804370647172,-14.7537017563966,-3.9570683342e-05,0.000134868552004807,2.70657984001409,0.508916327323299
1246,49.84,209.631284130665,8.57474626535185,-220.198727943947,-13.7007511040958,434.956016913356,0,0,0,0,-17.804055476686,-14.7566362763123,-3.95705233461741e-05,0.000134868525271335,2.71383564682389,0.508918767898631
1247,49.88,209.630629667051,8.5739704961871,-220.201074425046,-13.7005137017315,434.958247297641,0,0,0,0,-17.803746736987,-14.7595329433033,-3.95702799016644e-05,0.000134868593960514,2.72089401333713,0.50892101747064
1248,49.92,209.62999187662,8.57320939148672,-220.203374261789,-13.7002808693219,434.960437616245,0,0,0,0,-17.8034439297516,-14.7623908343594,-3.95701337102674e-05,0.00013486858204515,2.72775460785966,0.508923099025125
1249,49.96,209.629368274906,8.57245977111264,-220.205627071194,-13.7000519404786,434.962587515466,0,0,0,0,-17.8031461903252,-14.7652082016113,-3.95700531491096e-05,0.000134868524610962,2.73441711076172,0.508925036362795
1250,50,209.628757258234,8.57171958794071,-220.20783248018,-13.6998264997255,434.964696650199,0,0,0,0,-17.8028529793321,-14.7679838149861,-3.95696374518785e-05,0.000134868820203505,2.74088121439154,0.508926852493849
1251,50.04,209.628158565605,8.57098850666074,-220.209990125203,-13.6996044997277,434.966764683875,0,0,0,0,-17.8025642351721,-14.7707173265497,-3.95692958394815e-05,0.000134869048196241,2.74714662300432,0.508928559480264
1252,50.08,209.627572079096,8.57026638107168,-220.212099652541,-13.6993859383568,434.968791288921,0,0,0,0,-17.8022799552361,-14.7734085382098,-3.956977771717e-05,0.000134868439225933,2.7532130526714,0.508930150179843
1253,50.12,209.626996838638,8.56955200951618,-220.214160720602,-13.6991705992486,434.970776148972,0,0,0,0,-17.8019998592059,-14.776056766588,-3.95701068296478e-05,0.000134867950611758,2.75908023123559,0.50893160456609
1254,50.16,209.626431589238,8.56884381079997,-220.216173003282,-13.6989581802022,434.972718961922,0,0,0,0,-17.8017235554202,-14.7786610663594,-3.95690439111835e-05,0.000134868816377855,2.76474789836919,0.508932911892761
1255,50.2,209.625876543398,8.56814205554279,-220.218136192712,-13.698748761814,434.974619442382,0,0,0,0,-17.8014511486688,-14.7812213757974,-3.95678644052492e-05,0.000134869771121005,2.77021580547246,0.508934095657004
1256,50.24,209.625333116763,8.56744856427417,-220.220050001611,-13.6985427696163,434.976477323716,0,0,0,0,-17.8011831911564,-14.7837385891357,-3.95683750033243e-05,0.000134869021946966,2.77548371517267,0.508935221630304
1257,50.28,209.624800008626,8.56676174696108,-220.221914166691,-13.6983399326356,434.978292360991,0,0,0,0,-17.8009193316331,-14.7862120426829,-3.95696768586929e-05,0.000134867474116149,2.78055140057766,0.508936378117515
1258,50.32,209.624271652979,8.56607459579849,-220.223728453061,-13.6981388249315,434.980064335173,0,0,0,0,-17.8006577204324,-14.7886381807699,-3.95695887767045e-05,0.000134867306843989,2.78541864476052,0.508937638462594
1259,50.36,209.623744422119,8.5653824922094,-220.225492657623,-13.6979384695484,434.981793057081,0,0,0,0,-17.8003970899658,-14.7910143487861,-3.95680157718517e-05,0.00013486861107217,2.79008524063977,0.508939028404271
1260,50.4,209.623223513336,8.56469191666273,-220.227206610236,-13.6977401623598,434.98347836927,0,0,0,0,-17.8001391210757,-14.7933434123125,-3.95668922286087e-05,0.000134869452510666,2.79455099093709,0.508940513744988
1261,50.44,209.622719086155,8.56401561651238,-220.228870173576,-13.6975465024429,434.985120145662,0,0,0,0,-17.7998871856717,-14.7956316149151,-3.95673756919423e-05,0.00013486867904196,2.79881570810321,0.508942009222322
1262,50.48,209.622233380708,8.56335642195379,-220.230483243265,-13.6973580884774,434.986718290496,0,0,0,0,-17.7996420608795,-14.797880583772,-3.95685834712639e-05,0.000134867180553647,2.80287921435438,0.508943401834063
1263,50.52,209.621753486739,8.56269816232307,-220.232045748292,-13.6971716652671,434.988272737975,0,0,0,0,-17.7993995236966,-14.8000826148567,-3.9569009752656e-05,0.000134866467935075,2.8067413419794,0.508944580833972
1264,50.56,209.621259871398,8.56201635264106,-220.233557650164,-13.6969822832949,434.989783452216,0,0,0,0,-17.7991531521289,-14.8022256603922,-3.95682386821823e-05,0.000134866959032833,2.81040193389535,0.50894546648958
1265,50.6,209.620744184454,8.56130049720339,-220.235018939631,-13.6967877991303,434.991250426013,0,0,0,0,-17.7989001644173,-14.804304278111,-3.95671117471968e-05,0.000134867812191346,2.81386084410009,0.508946030168878
1266,50.64,209.62021976177,8.56056721888741,-220.236429632013,-13.6965915028739,434.99267367777,0,0,0,0,-17.7986448287929,-14.8063261623768,-3.95665938767086e-05,0.000134868061022499,2.81711793777679,0.508946301294388
1267,50.68,209.619714575891,8.55985141065259,-220.237789763542,-13.6964003187882,434.994053247569,0,0,0,0,-17.7983961293386,-14.8083078479099,-3.95667426924951e-05,0.00013486764589363,2.82017309119236,0.508946361431758
1268,50.72,209.619251882374,8.55918204791713,-220.239099389842,-13.69621996925,434.995389193549,0,0,0,0,-17.7981614914124,-14.8102630828877,-3.95669838177034e-05,0.000134867139367162,2.82302619183727,0.50894632985534
1269,50.76,209.618833244836,8.55856104708851,-220.240358585104,-13.6960508057673,434.996681588618,0,0,0,0,-17.7979413720042,-14.8121928341426,-3.95670393353045e-05,0.000134866817990345,2.82567713917064,0.508946345147918
1270,50.8,209.618434762792,8.5579586235013,-220.241567439587,-13.6958869377449,434.997930516622,0,0,0,0,-17.7977281285109,-14.8140830960343,-3.95669937815351e-05,0.00013486659603927,2.82812584584399,0.508946543978599
1271,50.84,209.618017615645,8.55732644642489,-220.24272605453,-13.6957188440795,434.99913606783,0,0,0,0,-17.7975094069282,-14.8159109945513,-3.95668087322135e-05,0.000134866510834666,2.8303722389281,0.508947037816308
1272,50.88,209.617547532398,8.55662186833752,-220.243834535708,-13.6955381351654,435.000298334934,0,0,0,0,-17.7972743209924,-14.8176562358858,-3.9566312711568e-05,0.000134866733050805,2.83241626056545,0.508947892987244
1273,50.92,209.617013836665,8.55583162861448,-220.244892988076,-13.6953422148117,435.001417410938,0,0,0,0,-17.7970195016028,-14.819312524009,-3.95655771663827e-05,0.000134867190792705,2.83425786778957,0.508949120835443
1274,50.96,209.616436785771,8.55498096115806,-220.245901513406,-13.6951360507808,435.0024933888,0,0,0,0,-17.7967513941761,-14.8208918721365,-3.95651360571177e-05,0.00013486734979896,2.83589703191537,0.508950679314664
1275,51,209.615857978545,8.55412158400176,-220.246860210707,-13.6949297559843,435.003526361234,0,0,0,0,-17.7964831201686,-14.8224185815331,-3.95653837974508e-05,0.00013486681523049,2.83733373816122,0.508952483177439
1276,51.04,209.615320969148,8.55330753774776,-220.247769177354,-13.6947338105268,435.004516419281,0,0,0,0,-17.7962282779153,-14.8239176561505,-3.95657150273495e-05,0.000134866191680644,2.83856798573477,0.508954421141404
1277,51.08,209.61485521251,8.55257526681573,-220.248628509281,-13.6945551949321,435.005463649907,0,0,0,0,-17.7959959254869,-14.8254056089652,-3.95652638201956e-05,0.000134866344021023,2.83959978804676,0.508956378327559
1278,51.12,209.614470110252,8.5519363279667,-220.249438300331,-13.6943960511746,435.006368133791,0,0,0,0,-17.795788842799,-14.826887402799,-3.95644173350761e-05,0.000134866884202393,2.84042917275927,0.508958257500049
1279,51.16,209.614155713021,8.5513783519504,-220.250198641647,-13.694253941047,435.007229943765,0,0,0,0,-17.7956038663694,-14.8283571807227,-3.9564205737834e-05,0.00013486678190622,2.84105618184278,0.508959990408025
1280,51.2,209.613884181734,8.55086686816609,-220.250909620805,-13.6941222087876,435.008049143161,0,0,0,0,-17.7954323599542,-14.8297990831995,-3.95645843656737e-05,0.00013486608251412,2.84148087196414,0.508961536071204
1281,51.24,209.613612154522,8.55034820126251,-220.251571319477,-13.6939905105515,435.008825783288,0,0,0,0,-17.795260902035,-14.8311883473429,-3.95647876824765e-05,0.000134865552664324,2.84170331524077,0.508962870837161
1282,51.28,209.613288881337,8.54975952993175,-220.25218380899,-13.6938467400244,435.00955990042,0,0,0,0,-17.7950737847891,-14.8324958539371,-3.95645909511516e-05,0.000134865417945867,2.84172359997052,0.50896397822652
1283,51.32,209.612871753455,8.54904814125941,-220.252747144608,-13.6936807565545,435.010251513359,0,0,0,0,-17.7948578514738,-14.8336972030851,-3.95641973335238e-05,0.000134865475571585,2.84154183094485,0.508964844145777
1284,51.36,209.612343247626,8.54819244108783,-220.253261360064,-13.6934884553421,435.010900621945,0,0,0,0,-17.7946077767987,-14.8347826064951,-3.95637671103539e-05,0.00013486556528352,2.84115812938788,0.508965458019374
1285,51.4,209.611719086499,8.54721203916198,-220.25372646374,-13.6932736946387,435.011507205715,0,0,0,0,-17.7943285662296,-14.8357613711257,-3.95633255534975e-05,0.000134865661622577,2.84057263286367,0.508965815664449
1286,51.44,209.611041496385,8.54615932157007,-220.254142437212,-13.6930466098086,435.012071221836,0,0,0,0,-17.7940333684352,-14.8366576944336,-3.95628236663747e-05,0.000134865813532984,2.83978549539867,0.508965919076732
1287,51.48,209.610361657426,8.54509765087143,-220.254509235873,-13.6928193601631,435.012592602591,0,0,0,0,-17.7937379585708,-14.8375006422385,-3.95625295064083e-05,0.000134865753581586,2.83879688761449,0.508965773893935
1288,51.52,209.609722162892,8.54407966063921,-220.254826790645,-13.6926019608373,435.013071253735,0,0,0,0,-17.7934553315615,-14.8383143688574,-3.95628809161672e-05,0.000134865045032223,2.8376069965861,0.50896539022045
1289,51.56,209.609147528324,8.54313557143407,-220.255095009982,-13.6924000878818,435.013507054754,0,0,0,0,-17.7931928536266,-14.8391126554699,-3.95635509581608e-05,0.000134864014939385,2.83621602552756,0.508964788150904
1290,51.6,209.6086445903,8.54227373106804,-220.255313781815,-13.6922152196943,435.013899860742,0,0,0,0,-17.7929524443221,-14.8398988851496,-3.95635234763929e-05,0.000134863676889231,2.83462419357034,0.508964001662833
1291,51.64,209.608210814509,8.54149092178277,-220.255482975345,-13.6920466369144,435.014249504986,0,0,0,0,-17.7927331707371,-14.8406708946066,-3.95625724536054e-05,0.0001348642516553,2.83283173564047,0.508963075052983
1292,51.68,209.607844621731,8.54078516483366,-220.255602443107,-13.6918939018441,435.014555801849,0,0,0,0,-17.7925344648253,-14.8414273909774,-3.95616857056823e-05,0.000134864746344415,2.83083890203538,0.50896205338022
1293,51.72,209.607549362505,8.54016063522385,-220.25567202424,-13.6917577987443,435.014818550265,0,0,0,0,-17.7923573437519,-14.8421703923918,-3.95615269407371e-05,0.000134864497178799,2.8286459574681,0.508960974154022
1294,51.76,209.607327912819,8.53962093890944,-220.255691549304,-13.6916390146404,435.015037537853,0,0,0,0,-17.7922026980659,-14.8429016500076,-3.95616388463771e-05,0.000134863970186853,2.8262531800384,0.508959868142891
1295,51.8,209.607173845251,8.53915818818266,-220.255660845598,-13.6915360421612,435.015212544827,0,0,0,0,-17.7920685703945,-14.843617168792,-3.95615276820532e-05,0.000134863674873082,2.82366086071934,0.508958772289475
1296,51.84,209.607066502004,8.5387469656684,-220.255579741332,-13.6914440690693,435.015343346737,0,0,0,0,-17.7919487149939,-14.8443046163687,-3.95613185611403e-05,0.00013486350060799,2.82086930344527,0.508957748756467
1297,51.88,209.606971043903,8.5383444452194,-220.255448068065,-13.6913550492795,435.015429716028,0,0,0,0,-17.7918326912282,-14.8449440104339,-3.95612406621897e-05,0.000134863222805933,2.81787882536566,0.508956896659691
1298,51.92,209.606841092107,8.53789365688743,-220.255265661951,-13.691258326202,435.015471423372,0,0,0,0,-17.7917066740782,-14.845509720553,-3.95612822752306e-05,0.000134862846972125,2.81468975684473,0.508956344491916
1299,51.96,209.606624696302,8.53733079713453,-220.255032364057,-13.691141976453,435.015468239677,0,0,0,0,-17.7915551980979,-14.8459737554573,-3.95612315532251e-05,0.000134862574925172,2.8113024413013,0.508956222871932
1300,52,209.60627669545,8.53660041996242,-220.254748018999,-13.6909956441494,435.015419938636,0,0,0,0,-17.7913648328602,-14.8463121106109,-3.95608593862792e-05,0.000134862629131498,2.80771723514582,0.508956630156483
1301,52.04,209.605775343519,8.53567593830631,-220.254412471751,-13.6908144219962,435.01532629896,0,0,0,0,-17.7911292148445,-14.8465135166569,-3.95602345956505e-05,0.000134862939337396,2.80393450779568,0.50895760627988
1302,52.08,209.605132727748,8.53457247493645,-220.254025564948,-13.6906012880168,435.015187105776,0,0,0,0,-17.7908522060175,-14.8465848308397,-3.95597020916737e-05,0.000134863163065379,2.7999546414744,0.508959121632607
1303,52.12,209.604389722914,8.53334057660972,-220.253587140017,-13.690365865216,435.015002151537,0,0,0,0,-17.7905462850737,-14.8465479679904,-3.95594105315936e-05,0.000134863157048236,2.7957780306751,0.508961079734939
1304,52.16,209.603599139768,8.53204536632433,-220.253097042742,-13.6901204208736,435.014771237059,0,0,0,0,-17.7902273611987,-14.8464310808148,-3.95592155738439e-05,0.000134863072445025,2.79140508157703,0.508963334246248
1305,52.2,209.60280982155,8.53074694809462,-220.252555129926,-13.689876169354,435.014494172735,0,0,0,0,-17.7899099814477,-14.8462607087563,-3.95591900759558e-05,0.000134862839851712,2.7868362117445,0.508965722166728
1306,52.24,209.602059256089,8.52949137899615,-220.251961273721,-13.6896416287784,435.014170779593,0,0,0,0,-17.7896051989529,-14.8460580144997,-3.95595138373048e-05,0.000134862272957239,2.78207185016148,0.508968103822027
1307,52.28,209.601372279768,8.52830914481438,-220.251315363232,-13.6894223919226,435.013800890108,0,0,0,0,-17.7893202733164,-14.8458376286318,-3.95597065751234e-05,0.000134861833513412,2.77711243730555,0.508970390331862
1308,52.32,209.600761283773,8.52721545008265,-220.2506173053,-13.6892212104558,435.013384349446,0,0,0,0,-17.7890587777413,-14.8456071610392,-3.95590789665668e-05,0.00013486218836359,2.77195842490049,0.508972548550499
1309,52.36,209.600226580488,8.52621069973556,-220.249867026181,-13.6890381109277,435.012921017861,0,0,0,0,-17.7888207485417,-14.8453671621506,-3.95581101883872e-05,0.000134862846706983,2.76661027533859,0.508974590079947
1310,52.4,209.599756558868,8.52528071151749,-220.249064474464,-13.6888704523639,435.012410774178,0,0,0,0,-17.7886027598216,-14.8451112349709,-3.95579677288167e-05,0.000134862649008322,2.76106846107442,0.508976554906857
1311,52.44,209.599328073143,8.52439716313567,-220.248209624126,-13.6887129850633,435.011853519196,0,0,0,0,-17.788398000082,-14.844826104661,-3.95585888367747e-05,0.000134861678867305,2.7553334643791,0.508978493859178
1312,52.48,209.598910948912,8.52352307033454,-220.247302476103,-13.6885588231612,435.011249177842,0,0,0,0,-17.7881975343723,-14.8444939660366,-3.95587534137324e-05,0.00013486117461577,2.7494057775541,0.508980450599693
1313,52.52,209.598479872704,8.52262738506975,-220.246343057642,-13.6884021546232,435.010597699899,0,0,0,0,-17.787993820854,-14.8440996306157,-3.95578949202675e-05,0.000134861708782746,2.74328590315922,0.50898244666586
1314,52.56,209.598028218121,8.52170202551616,-220.245331420383,-13.6882414470255,435.009899060014,0,0,0,0,-17.7877848708337,-14.8436392751827,-3.95567527062533e-05,0.000134862537377405,2.73697435383869,0.508984475162634
1315,52.6,209.597571854674,8.52076656069282,-220.244267638877,-13.6880803246506,435.009153257508,0,0,0,0,-17.7875753869433,-14.843122806181,-3.95564270862124e-05,0.000134862551379716,2.73047165189225,0.508986504922623
1316,52.64,209.597138191759,8.51985469266913,-220.24315181032,-13.6879250064195,435.008360315829,0,0,0,0,-17.7873734385681,-14.8425667928327,-3.95570107448903e-05,0.000134861649842457,2.72377832914834,0.508988491546062
1317,52.68,209.596750030015,8.51899438029416,-220.241984054707,-13.6877805768592,435.007520281287,0,0,0,0,-17.7871856232035,-14.8419844497658,-3.95573839277434e-05,0.000134860946228699,2.71689492734585,0.508990390434929
1318,52.72,209.596417974541,8.51819855959071,-220.240764514293,-13.6876492920822,435.006633221325,0,0,0,0,-17.7870148683031,-14.8413813116899,-3.95568110788422e-05,0.000134861172718815,2.70982199859223,0.508992168261469
1319,52.76,209.596144537385,8.51747026392549,-220.239493352345,-13.6875315971442,435.005699222948,0,0,0,0,-17.7868617510632,-14.8407581754468,-3.95559552749298e-05,0.000134861666568262,2.70256010550044,0.508993810131543
1320,52.8,209.595931140151,8.51681125705897,-220.238170751948,-13.6874277565043,435.004718391544,0,0,0,0,-17.7867266137255,-14.8401154559158,-3.95556062460966e-05,0.000134861641144116,2.69510982108701,0.508995320701283
1321,52.84,209.595779793405,8.51622405306869,-220.236796915136,-13.6873381940272,435.003690849499,0,0,0,0,-17.7866100045381,-14.8394538494261,-3.95555689234603e-05,0.000134861294958898,2.68747172886108,0.508996719888847
1322,52.88,209.595690460834,8.51570863758177,-220.235372061715,-13.6872628489399,435.002616733907,0,0,0,0,-17.7865118419427,-14.8387724233087,-3.95554306374841e-05,0.000134861042890252,2.67964642329882,0.508998036420361
1323,52.92,209.595659134017,8.51526011974608,-220.233896427275,-13.687200751854,435.0014961934,0,0,0,0,-17.7864308645346,-14.8380675746624,-3.95552058858803e-05,0.000134860871416804,2.6716345103866,0.508999302473168
1324,52.96,209.595677438781,8.51486829763919,-220.232370260838,-13.6871499828832,435.000329384864,0,0,0,0,-17.7863645775005,-14.8373332965916,-3.95549842190447e-05,0.000134860691180719,2.66343660796171,0.509000549484734
1325,53,209.595730930285,8.5145156104503,-220.230793823174,-13.6871073277129,434.999116470721,0,0,0,0,-17.7863088081445,-14.8365609078421,-3.95548064752259e-05,0.00013486046108029,2.6550533459296,0.509001802668606
1326,53.04,209.595794788512,8.51417189362653,-220.229167386162,-13.6870673358528,434.9978576169,0,0,0,0,-17.7862564862411,-14.8357373415082,-3.95547533832565e-05,0.00013486010004589,2.64648536658686,0.509003072943728
1327,53.08,209.595829120872,8.51378863360764,-220.227491232336,-13.6870212716186,434.996552991219,0,0,0,0,-17.7861962845757,-14.8348429029542,-3.95548165501821e-05,0.000134859616415738,2.6377333251021,0.509004348050417
1328,53.12,209.595778774323,8.51329870119805,-220.225765652776,-13.6869570361912,434.995202762093,0,0,0,0,-17.7861125175895,-14.8338508288144,-3.95548422448971e-05,0.000134859164270512,2.62879788995783,0.50900558795663
1329,53.16,209.595583244318,8.51262840798528,-220.223990941471,-13.6868613198574,434.993807097661,0,0,0,0,-17.7859879308103,-14.8327316828435,-3.95546198287229e-05,0.00013485895478147,2.61967974324635,0.509006732380071
1330,53.2,209.595197359883,8.5117227750609,-220.222167385899,-13.6867241945379,434.992366165259,0,0,0,0,-17.7858096539198,-14.8314634922366,-3.9554068205472e-05,0.000134859069391161,2.61037958076947,0.509007724749097
1331,53.24,209.594612443839,8.51057143385311,-220.22029525693,-13.6865438637915,434.990880130708,0,0,0,0,-17.7855753579738,-14.8300424899768,-3.95533883243024e-05,0.000134859307201016,2.60089811186797,0.50900854271677
1332,53.28,209.593861593415,8.509215064177,-220.218374803593,-13.6863278240596,434.98934915689,0,0,0,0,-17.785294760109,-14.828485508684,-3.95528952543505e-05,0.000134859353130276,2.59123605912697,0.509009211991142
1333,53.32,209.59300364496,8.50772569775315,-220.216406255719,-13.6860891986168,434.987773401543,0,0,0,0,-17.7849848713591,-14.8268215474106,-3.95526867379279e-05,0.000134859109699387,2.58139415814467,0.509009789391268
1334,53.36,209.592098854887,8.50617694734139,-220.214389831487,-13.685841275825,434.986153014857,0,0,0,0,-17.7846629180623,-14.8250799921232,-3.95526441735701e-05,0.000134858696129385,2.57137315743378,0.509010329488439
1335,53.4,209.591193218248,8.50462490163399,-220.212325743701,-13.6855940771596,434.984488137475,0,0,0,0,-17.7843418940868,-14.8232835878497,-3.95526294136785e-05,0.000134858251400846,2.56117381846823,0.509010861878736
1336,53.44,209.590315993806,8.50310519133826,-220.210214201574,-13.6853538949383,434.98277889898,0,0,0,0,-17.784029961336,-14.821447646701,-3.95525152901785e-05,0.000134857903837483,2.55079691579546,0.509011388526012
1337,53.48,209.589484306323,8.50163866115334,-220.208055408962,-13.6851243623992,434.98102541653,0,0,0,0,-17.7837318360798,-14.8195823076172,-3.95523074297292e-05,0.000134857649626339,2.54024323716636,0.509011891692015
1338,53.52,209.588708308867,8.50023768439296,-220.205849561454,-13.6849076076118,434.979227793539,0,0,0,0,-17.7834502838059,-14.8176947154523,-3.9552223950063e-05,0.000134857272629462,2.52951358356106,0.50901234326678
1339,53.56,209.587994144048,8.49890977493178,-220.203596844059,-13.6847049055901,434.977386118765,0,0,0,0,-17.7831869633779,-14.8157899236522,-3.95522876582017e-05,0.000134856750127852,2.51860876900792,0.509012713105962
1340,53.6,209.587344664004,8.49765845634764,-220.201297430077,-13.6845168282809,434.975500466014,0,0,0,0,-17.7829426204651,-14.813870781281,-3.95520216555215e-05,0.000134856555224098,2.50752962033436,0.509012975956588
1341,53.64,209.586759272201,8.49648306479397,-220.198951480595,-13.6843432060205,434.973570894023,0,0,0,0,-17.7827170372054,-14.8119377303107,-3.95511709184602e-05,0.000134856936722011,2.49627697706087,0.509013116483436
1342,53.68,209.586233593748,8.49537835820262,-220.196559143702,-13.6841830666527,434.9715974459,0,0,0,0,-17.7825089534158,-14.8099887960442,-3.95505063917549e-05,0.000134857120762149,2.4848516915203,0.509013131672199
1343,53.72,209.585758427973,8.49433323959776,-220.194120553211,-13.6840344065174,434.969580148104,0,0,0,0,-17.7823157698149,-14.8080190636735,-3.95507741769061e-05,0.000134856366974995,2.47325462903949,0.509013029570434
1344,53.76,209.585319444568,8.49333035016761,-220.191635827429,-13.6838940878917,434.967519009721,0,0,0,0,-17.7821334151431,-14.8060202605065,-3.95512712285549e-05,0.000134855391961141,2.46148666804853,0.509012824767001
1345,53.8,209.584901921711,8.49235181041828,-220.189105068454,-13.6837588431202,434.965414022867,0,0,0,0,-17.7819576490842,-14.803983405712,-3.95509451112899e-05,0.000134855262533127,2.44954870010892,0.509012533458842
1346,53.84,209.584500671473,8.49139133830536,-220.186528362207,-13.6836274689175,434.963265164292,0,0,0,0,-17.7817869097747,-14.8019051604206,-3.9550108609339e-05,0.000134855673592335,2.43744162972592,0.509012170636618
1347,53.88,209.584126447381,8.490462094512,-220.183905779458,-13.6835022652695,434.961072397597,0,0,0,0,-17.7816241814027,-14.7997921964732,-3.95497044889915e-05,0.000134855680283787,2.42516637385412,0.509011749001003
1348,53.92,209.583800285161,8.4895897782828,-220.181237378301,-13.6833877902781,434.958835675457,0,0,0,0,-17.7814753787188,-14.7976576642255,-3.95497717871211e-05,0.000134855232995151,2.41272386120788,0.509011279132752
1349,53.96,209.583538839687,8.48879475189566,-220.178523208091,-13.6832876459824,434.956554941865,0,0,0,0,-17.7813451760843,-14.7955119339724,-3.95497472164297e-05,0.000134854878981115,2.400115031598,0.509010774080159
1350,54,209.583341770018,8.48807671934395,-220.175763314221,-13.6832017698087,434.954230134705,0,0,0,0,-17.7812334924413,-14.7933549596681,-3.9549564719459e-05,0.000134854667489586,2.38734083543546,0.509010261223568
1351,54.04,209.583187667375,8.48740983574107,-220.172957742609,-13.6831256143023,434.951861188545,0,0,0,0,-17.7811344268081,-14.7911741699007,-3.95495001036009e-05,0.000134854311867248,2.37440223344364,0.509009796223924
1352,54.08,209.583037240392,8.48674660066577,-220.170106542622,-13.6830508545516,434.949448036899,0,0,0,0,-17.7810371766788,-14.7889466468243,-3.95495303943495e-05,0.000134853834779958,2.36130019665244,0.509009467126855
1353,54.12,209.58284161586,8.48602791008939,-220.167209767417,-13.6829671401754,434.946990613363,0,0,0,0,-17.7809283120192,-14.7866440572311,-3.95494686614932e-05,0.000134853431408226,2.34803570662866,0.5090093810234
1354,54.16,209.582555728688,8.48519928218778,-220.164267471697,-13.6828649337828,434.94448885198,0,0,0,0,-17.7807954585605,-14.7842404923804,-3.95492102084822e-05,0.000134853217169487,2.33460975571457,0.509009637652249
1355,54.2,209.582154250479,8.48423018688822,-220.161279708312,-13.6827389158418,434.941942687745,0,0,0,0,-17.7806317150984,-14.7817217809199,-3.95487496653223e-05,0.000134853206399624,2.32102334701731,0.509010302705261
1356,54.24,209.581642470756,8.48312724753174,-220.158246526096,-13.6825903084937,434.939352057814,0,0,0,0,-17.7804386673208,-14.7790915891046,-3.95482150161946e-05,0.000134853278214496,2.30727749405396,0.509011391655987
1357,54.28,209.581054587425,8.48193213040305,-220.155167970861,-13.6824264752639,434.936716903147,0,0,0,0,-17.7802258678129,-14.7763700529,-3.95477921050002e-05,0.000134853253307551,2.29337322025275,0.509012866547779
1358,54.32,209.580439770731,8.48070457799334,-220.15204408944,-13.6822578877514,434.934037169929,0,0,0,0,-17.7800069016578,-14.7735856681002,-3.95477073108964e-05,0.000134852910440821,2.27931155849011,0.509014643532468
1359,54.36,209.579845188693,8.47950179910451,-220.148874934625,-13.6820944863895,434.931312810603,0,0,0,0,-17.7797946663612,-14.7707658093042,-3.95479887834392e-05,0.000134852221483336,2.2650935506722,0.509016609510272
1360,54.4,209.579304845662,8.47836498931148,-220.145660568856,-13.6819433596645,434.92854378487,0,0,0,0,-17.7795983607761,-14.7679304967019,-3.95480769540585e-05,0.000134851737257255,2.25072024738208,0.509018643306813
1361,54.44,209.57883524542,8.47731415713535,-220.142401066218,-13.6818079064086,434.925730060912,0,0,0,0,-17.7794223967932,-14.7650897301732,-3.9547535036742e-05,0.000134851878289036,2.23619270765806,0.509020631809642
1362,54.48,209.578434505738,8.47634710097121,-220.139096513423,-13.6816876983885,434.922871616579,0,0,0,0,-17.779266219827,-14.762242702636,-3.95469612763182e-05,0.000134852030107249,2.22151199895993,0.509022475308878
1363,54.52,209.578083489855,8.47544078222339,-220.13574701023,-13.6815787223468,434.919968440207,0,0,0,0,-17.7791246225596,-14.759378300782,-3.95470385533182e-05,0.000134851501976944,2.20667919726664,0.509024086360502
1364,54.56,209.577750578766,8.47455706914526,-220.13235266942,-13.6814743521337,434.917020531174,0,0,0,0,-17.7789890066339,-14.7564777853555,-3.9547368593124e-05,0.000134850694664093,2.19169538719421,0.509025390427904
1365,54.6,209.577402557426,8.47365588348517,-220.128913616221,-13.6813676105054,434.914027900667,0,0,0,0,-17.7788503179707,-14.7535212521152,-3.95471939949857e-05,0.000134850373523163,2.17656166208459,0.509026332200137
1366,54.64,209.577019874068,8.47271368929693,-220.125429987466,-13.6812544007728,434.91099057301,0,0,0,0,-17.7787032404922,-14.7504971318524,-3.9546420485592e-05,0.000134850639895288,2.16127912393946,0.509026885029009
1367,54.68,209.576606815458,8.47173583729524,-220.121901931409,-13.6811356777793,434.907908587351,0,0,0,0,-17.77854901323,-14.7474086294295,-3.95455917163177e-05,0.000134850953263225,2.14584888304989,0.509027057560067
1368,54.72,209.576186996897,8.47075107863939,-220.118329609193,-13.681016471836,434.904781999287,0,0,0,0,-17.7783941636036,-14.7442707261198,-3.95453899195815e-05,0.000134850632098443,2.13027205741608,0.509026893569126
1369,54.76,209.575786406808,8.46979099280729,-220.114713197899,-13.6809022702768,434.901610882177,0,0,0,0,-17.7782458121378,-14.7410994696011,-3.95459528158046e-05,0.000134849540368527,2.11454977221956,0.509026465229231
1370,54.8,209.575417632406,8.46887088496012,-220.111052893902,-13.6807956868987,434.898395328246,0,0,0,0,-17.7781073508451,-14.7379023257498,-3.95464878292982e-05,0.000134848474636837,2.09868315955108,0.50902586099273
1371,54.84,209.575077289296,8.46798670833603,-220.107348914925,-13.6806959535722,434.895135449457,0,0,0,0,-17.7779777833839,-14.7346768724357,-3.95460726080049e-05,0.000134848361862718,2.08267335844205,0.509025167601659
1372,54.88,209.574756237681,8.46712747413888,-220.103601500029,-13.6806011142454,434.891831377816,0,0,0,0,-17.777854571768,-14.7314174183381,-3.95450229713683e-05,0.000134848888922,2.06652151505206,0.509024447433783
1373,54.92,209.574451195657,8.46628932158366,-220.099810908109,-13.6805104826657,434.888483264847,0,0,0,0,-17.7777368254367,-14.7281222871887,-3.95445904019889e-05,0.000134848803914306,2.05022878276024,0.509023718188908
1374,54.96,209.574167118696,8.46547835856308,-220.095977416331,-13.680425104011,434.885091280475,0,0,0,0,-17.7776259002828,-14.7247949803226,-3.95450127257835e-05,0.000134847866243654,2.03379632209375,0.509022945269101
1375,55,209.573910977258,8.4647030778497,-220.092101319387,-13.6803463931212,434.881655611917,0,0,0,0,-17.777523631744,-14.7214399297755,-3.95452284520541e-05,0.000134847134057504,2.01722530068096,0.509022053270067
1376,55.04,209.573686369939,8.46396783769789,-220.088182929128,-13.6802750015358,434.878176462905,0,0,0,0,-17.7774308647478,-14.7180591619376,-3.95447658943356e-05,0.000134847076453893,2.00051689336868,0.509020952769339
1377,55.08,209.573494335528,8.46327389620909,-220.084222573586,-13.6802110400726,434.874654052978,0,0,0,0,-17.7773477423439,-14.7146530917078,-3.95442483463195e-05,0.000134847068660382,1.98367228242014,0.509019567533445
1378,55.12,209.573336255424,8.46262295141485,-220.08022059516,-13.6801547172409,434.871088616411,0,0,0,0,-17.7772745339325,-14.711222387995,-3.95440270792995e-05,0.000134846758821105,1.96669265764411,0.50901784525256
1379,55.16,209.573214255842,8.46201761197371,-220.076177348522,-13.6801064083221,434.867480400712,0,0,0,0,-17.777211724986,-14.7077680065024,-3.95438702777312e-05,0.00013484637867428,1.94957921643262,0.509015747637023
1380,55.2,209.573130451535,8.46146047641226,-220.072093198907,-13.6800664910957,434.863829665126,0,0,0,0,-17.7771598039538,-14.7042906088128,-3.95436770888575e-05,0.000134846029184663,1.93233316375862,0.509013232252739
1381,55.24,209.57308723443,8.46095449051856,-220.067968521063,-13.6800354144649,434.860136679439,0,0,0,0,-17.7771193511915,-14.7007907762658,-3.95434929500983e-05,0.000134845665078052,1.91495571219871,0.50901024184422
1382,55.28,209.573087927737,8.46050372661034,-220.06380369855,-13.6800138231444,434.856401722821,0,0,0,0,-17.777091200661,-14.6972694304729,-3.95432962831364e-05,0.00013484530804501,1.89744808207549,0.50900670678952
1383,55.32,209.573136892203,8.46011349139678,-220.059599122802,-13.6800025585611,434.852625082169,0,0,0,0,-17.7770764411676,-14.6937279445589,-3.95430753761859e-05,0.000134844969746222,1.87981150170648,0.509002556439785
1384,55.36,209.573239167997,8.45978989123791,-220.05535519175,-13.6800025815245,434.848807050033,0,0,0,0,-17.7770763162102,-14.6901680483528,-3.95428311786843e-05,0.000134844649044792,1.86204720760428,0.508997733593477
1385,55.4,209.573399584255,8.45953877293327,-220.051072308679,-13.6800148027825,434.844947922783,0,0,0,0,-17.7770920044536,-14.6865914334948,-3.95425762135042e-05,0.000134844333219901,1.84415644452603,0.508992211134125
1386,55.44,209.573621060117,8.45936369827603,-220.046750882268,-13.6800397554583,434.841047999567,0,0,0,0,-17.7771241952416,-14.6829989465456,-3.95423378901844e-05,0.000134843994755604,1.82614046542737,0.50898601486261
1387,55.48,209.573901794848,8.45926258592975,-220.042391328143,-13.6800770448611,434.837107581923,0,0,0,0,-17.7771723755942,-14.67938934558,-3.95421218947804e-05,0.000134843627980849,1.80800053142073,0.508979256092594
1388,55.52,209.574230855915,8.45922243136735,-220.037994071626,-13.6801244772819,434.833126973456,0,0,0,0,-17.7772337012152,-14.6757574294699,-3.95419397598034e-05,0.000134843221399255,1.78973791172887,0.508972169897041
1389,55.56,209.57458206412,8.4592119831347,-220.033559551062,-13.6801768472279,434.829106479274,0,0,0,0,-17.7773014247531,-14.672091422105,-3.95418409716663e-05,0.000134842725452647,1.77135388357382,0.508965143611673
1390,55.6,209.574907711588,8.45917420636579,-220.029088220535,-13.6802246796033,434.825046405361,0,0,0,0,-17.7773632653726,-14.6683701568622,-3.95418735504135e-05,0.000134842092021235,1.75284973207708,0.508958712617224
1391,55.64,209.575136633932,8.45902393916048,-220.024580549079,-13.6802538142141,434.820947058065,0,0,0,0,-17.7774008696126,-14.6645619220268,-3.95419541734114e-05,0.000134841404647966,1.73422675040237,0.508953504783826
1392,55.68,209.575183816102,8.45865936497061,-220.020037012029,-13.6802472802102,434.816808743371,0,0,0,0,-17.7773922401666,-14.660628300344,-3.95418498821537e-05,0.000134840897082291,1.7154862402956,0.508950134739245
1393,55.72,209.574975612998,8.45799227215012,-220.015458072498,-13.6801903521058,434.812631765452,0,0,0,0,-17.7773182892478,-14.6565355928822,-3.95413945950845e-05,0.000134840736095303,1.69662951278048,0.508949075149861
1394,55.76,209.5744815219,8.45698627413384,-220.010844158579,-13.6800770181981,434.808416424543,0,0,0,0,-17.7771712236177,-14.6522701183316,-3.95406826148649e-05,0.000134840827097069,1.67765788842933,0.5089505444562
1395,55.8,209.573730369938,8.45567628072269,-220.006195649203,-13.6799132763975,434.804163014816,0,0,0,0,-17.7769588169475,-14.6478459493249,-3.95400398311563e-05,0.000134840843624525,1.65857269697768,0.508954441512013
1396,55.84,209.572796369716,8.4541516368939,-220.001512878612,-13.679714211411,434.799871822845,0,0,0,0,-17.7767006209582,-14.6432977393068,-3.95396968783644e-05,0.000134840555251491,1.63937527674945,0.508960347686159
1397,55.88,209.571766226656,8.45251650908761,-219.996796155357,-13.6794972535709,434.795543126496,0,0,0,0,-17.776419227757,-14.6386652343295,-3.95395915723904e-05,0.000134840025013087,1.62006697439813,0.508967615145366
1398,55.92,209.570711765088,8.45085704210738,-219.992045781311,-13.6792766895163,434.791177193808,0,0,0,0,-17.7761331551806,-14.6339811557076,-3.95395867992363e-05,0.000134839390793811,1.60064914497871,0.508975532600403
1399,55.96,209.569680302387,8.44922991369588,-219.987262060629,-13.679061832531,434.786774281851,0,0,0,0,-17.7758544754474,-14.6292672870841,-3.95395824630622e-05,0.00013483875300696,1.5811231519821,0.508983500336729
1400,56,209.568697681985,8.44766606049294,-219.982445299841,-13.678857714711,434.782334636044,0,0,0,0,-17.7755897123418,-14.6245360466215,-3.95394996188844e-05,0.00013483819058853,1.56149036709023,0.508991125669105
1401,56.04,209.567774858373,8.44617860226478,-219.977595804788,-13.6786664293256,434.777858490222,0,0,0,0,-17.7753415809734,-14.6197933660976,-3.95393407239166e-05,0.000134837700817271,1.54175216980528,0.508998210527915
1402,56.08,209.56691379071,8.44476990712192,-219.972713877512,-13.6784883059889,434.773346067089,0,0,0,0,-17.775110510662,-14.61504118029,-3.9539147783101e-05,0.000134837240981364,1.52190994722916,0.509004679624927
1403,56.12,209.566111772478,8.4434367782231,-219.967799813414,-13.6783227706399,434.768797578308,0,0,0,0,-17.7748957593742,-14.6102792986996,-3.9538948797478e-05,0.000134836782203723,1.50196509404968,0.509010515279795
1404,56.16,209.565364218758,8.44217378982192,-219.962853898622,-13.6781688964413,434.764213224,0,0,0,0,-17.774696127768,-14.6055066584012,-3.95387596829932e-05,0.000134836308353409,1.48191901257773,0.509015728516473
1405,56.2,209.56466636023,8.44097531152712,-219.957876408278,-13.6780257353188,434.7595931923,0,0,0,0,-17.7745103890198,-14.6007221509639,-3.95385886330471e-05,0.00013483581237126,1.46177311266667,0.509020354717974
1406,56.24,209.564014095435,8.43983651774461,-219.952867606462,-13.6778924756382,434.754937659791,0,0,0,0,-17.7743374931632,-14.5959250440569,-3.9538422685104e-05,0.000134835309708056,1.44152881146549,0.509024449933898
1407,56.28,209.56340392613,8.43875329317607,-219.947827747488,-13.6777684124043,434.750246792846,0,0,0,0,-17.7741765281019,-14.5911148152169,-3.95381780113757e-05,0.000134834886989204,1.42118753312598,0.509028079119642
1408,56.32,209.56283233045,8.43772146993532,-219.942757077285,-13.6776528113868,434.745520749186,0,0,0,0,-17.7740265430248,-14.5862905924384,-3.95378430515815e-05,0.000134834557441961,1.4007507085648,0.509031304335703
1409,56.36,209.562295720017,8.43673678140776,-219.937655834054,-13.6775449064425,434.740759679106,0,0,0,0,-17.7738865449352,-14.5814510692006,-3.95376646257989e-05,0.000134834074461163,1.38021977523644,0.509034180758929
1410,56.4,209.561791498474,8.43579615354555,-219.932524248654,-13.6774441330738,434.735963726656,0,0,0,0,-17.773755802068,-14.576595361228,-3.95377254132704e-05,0.000134833355270997,1.35959617680302,0.509036757155382
1411,56.44,209.56131875544,8.43489855340023,-219.927362545624,-13.6773502836519,434.731133031315,0,0,0,0,-17.7736340457504,-14.5717236868842,-3.95375304761659e-05,0.000134832895795168,1.33888136267452,0.509039072076265
1412,56.48,209.560877214078,8.43404372552823,-219.922170944954,-13.6772632965513,434.726267730054,0,0,0,0,-17.7735211969212,-14.5668367143576,-3.95368991557025e-05,0.000134832878949056,1.31807678760229,0.509041144010061
1413,56.52,209.560465287555,8.43322986415382,-219.916949663772,-13.6771828718527,434.721367959026,0,0,0,0,-17.773416867261,-14.561934240017,-3.95366336749622e-05,0.000134832504312533,1.29718391146086,0.509042963900277
1414,56.56,209.560078668256,8.43245192312417,-219.911698917318,-13.6771081918882,434.716433854339,0,0,0,0,-17.7733199963917,-14.5570142385556,-3.95371136902173e-05,0.000134831391417367,1.27620419916623,0.509044500111137
1415,56.6,209.559710866782,8.43170223149221,-219.906418919319,-13.6770379976439,434.711465552253,0,0,0,0,-17.7732289509969,-14.5520730332947,-3.9537403531659e-05,0.000134830472441365,1.25513912065465,0.509045718573846
1416,56.64,209.559357534638,8.43097564862286,-219.901109882249,-13.6769714212632,434.706463189528,0,0,0,0,-17.7731426050436,-14.5471079561542,-3.95368056049583e-05,0.00013483044057026,1.23399015083361,0.509046611196383
1417,56.68,209.55902202775,8.43027625684921,-219.895772017943,-13.6769091154114,434.701426904255,0,0,0,0,-17.7730618053366,-14.5421212286596,-3.95359416364852e-05,0.00013483067011511,1.21275876939856,0.509047218635643
1418,56.72,209.558714129344,8.42961586402325,-219.890405538826,-13.6768530326038,434.69635683675,0,0,0,0,-17.7729890854971,-14.5371195291038,-3.95356622891025e-05,0.000134830307439783,1.19144646051661,0.509047634126151
1419,56.76,209.558439153383,8.42900095264842,-219.885010659532,-13.6768042697757,434.691253130043,0,0,0,0,-17.7729258692203,-14.5321070268973,-3.95359451918962e-05,0.000134829373086742,1.17005471257496,0.509047985593902
1420,56.8,209.558186668864,8.42841917473485,-219.879587598379,-13.6767608376983,434.686115930207,0,0,0,0,-17.7728695755002,-14.5270779333763,-3.95362287088706e-05,0.000134828427831456,1.14858501813293,0.509048405665166
1421,56.84,209.557930618547,8.42783949537723,-219.874136578257,-13.6767176857816,434.680945387208,0,0,0,0,-17.7728136503237,-14.5220163353994,-3.9536159541653e-05,0.000134827825253921,1.12703887399473,0.509049002644514
1422,56.88,209.557642842783,8.4272283618418,-219.868657826639,-13.676669348766,434.675741656347,0,0,0,0,-17.7727510011159,-14.5169047678604,-3.95357065368486e-05,0.000134827598350359,1.10541778126492,0.509049840516255
1423,56.92,209.557310906588,8.42657099793197,-219.863151574654,-13.676613416228,434.670504899538,0,0,0,0,-17.7726784993729,-14.5117356751105,-3.95350357389932e-05,0.000134827583789499,1.08372324522497,0.50905093034418
1424,56.96,209.55694756706,8.42588269521291,-219.857618055831,-13.6765523580328,434.66523528571,0,0,0,0,-17.7725993497737,-14.5065174279748,-3.95345513400365e-05,0.000134827379270243,1.06195677497309,0.509052232576491
1425,57,209.556585142409,8.42520205878101,-219.852057505861,-13.676492401138,434.659932990627,0,0,0,0,-17.7725216327269,-14.5012705329833,-3.95345815037236e-05,0.00013482665657466,1.04011988299459,0.509053668501337
1426,57.04,209.556259607752,8.42457199747892,-219.846470164239,-13.6764404225692,434.654598197081,0,0,0,0,-17.7724542725269,-14.4960174146396,-3.95348056723389e-05,0.000134825734407615,1.01821408484171,0.509055138470255
1427,57.08,209.555996397196,8.42402279689106,-219.840856277178,-13.6764012184724,434.649231095955,0,0,0,0,-17.7724034932998,-14.4907735881626,-3.95345626614554e-05,0.00013482527141499,0.99624089896978,0.509056543533033
1428,57.12,209.555805408486,8.4235662211799,-219.835216100227,-13.676376600068,434.643831887601,0,0,0,0,-17.7723716453865,-14.4855448423604,-3.95338761136462e-05,0.000134825242225897,0.974201846638537,0.509057805029888
1429,57.16,209.555682500819,8.42319736551407,-219.829549899745,-13.6763657477032,434.638400782754,0,0,0,0,-17.7723576645563,-14.4803285144572,-3.95334083574609e-05,0.000134824984543011,0.952098451761299,0.509058875715396
1430,57.2,209.555610803527,8.42289624000716,-219.823857953733,-13.6763654856527,434.632938002906,0,0,0,0,-17.7723574289419,-14.475114476523,-3.95333859781684e-05,0.000134824273215699,0.929932240710956,0.50905973906277
1431,57.24,209.555560150317,8.42262707760807,-219.818140553001,-13.6763701552017,434.627443780912,0,0,0,0,-17.7723635950322,-14.4698848325775,-3.95334739695774e-05,0.000134823444813997,0.907704742175047,0.509060398969197
1432,57.28,209.555488563606,8.42234007344828,-219.812398002664,-13.6763718694696,434.621918362291,0,0,0,0,-17.7723659290421,-14.4646149316775,-3.95334727907541e-05,0.000134822699726421,0.885417487138459,0.509060865947044
1433,57.32,209.555349588916,8.42198009016557,-219.806630622585,-13.6763618853453,434.616362006681,0,0,0,0,-17.772353087481,-14.459277901167,-3.95333535590654e-05,0.000134822067115862,0.863072008985356,0.509061146353386
1434,57.36,209.555105419995,8.42150225892544,-219.800838745337,-13.676333082015,434.610774988421,0,0,0,0,-17.7723158326399,-14.4538523419528,-3.95330397994527e-05,0.000134821623580334,0.840669843610421,0.509061239041546
1435,57.4,209.554741148335,8.42088893740945,-219.795022712162,-13.6762826729156,434.605157596003,0,0,0,0,-17.7722505498906,-14.4483303674877,-3.9532579154148e-05,0.000134821321540951,0.818212529390006,0.509061139257623
1436,57.44,209.55427177588,8.4201580607737,-219.789182869578,-13.676213546479,434.599510131163,0,0,0,0,-17.7721609859732,-14.44272131194,-3.95321451481161e-05,0.000134820987455139,0.795701606952029,0.509060843913104
1437,57.48,209.553736098907,8.41935583489483,-219.783319569107,-13.676133075235,434.593832908354,0,0,0,0,-17.7720567043011,-14.4370479995313,-3.95318451339618e-05,0.000134820514033963,0.773138618904396,0.509060351624092
1438,57.52,209.553181508004,8.41853861398327,-219.777433169787,-13.676050190603,434.588126254411,0,0,0,0,-17.7719492916876,-14.4313382532981,-3.95317555658811e-05,0.000134819825208663,0.750525109690844,0.509059658743333
1439,57.56,209.552649948203,8.41775621178318,-219.771524040833,-13.6759727304968,434.58239050775,0,0,0,0,-17.7718489183845,-14.4256172373088,-3.95318372847604e-05,0.000134818960891527,0.72786262554656,0.509058759635886
1440,57.6,209.552170362999,8.41704296808618,-219.765592562592,-13.6759060595576,434.576626017062,0,0,0,0,-17.7717625471948,-14.4199030012275,-3.95317266643604e-05,0.000134818285624292,0.705152714462219,0.509057655294349
1441,57.64,209.551755859816,8.41641442363303,-219.7596391262,-13.675852577865,434.570833140248,0,0,0,0,-17.7716932943468,-14.4142042692325,-3.95312501569185e-05,0.000134817973623764,0.682396926112462,0.50905636498381
1442,57.68,209.5514032021,8.4158667343105,-219.753664133129,-13.6758116433245,434.565012244243,0,0,0,0,-17.7716403276773,-14.4085196615237,-3.95309218770797e-05,0.000134817510813265,0.659596811793107,0.509054932274819
1443,57.72,209.551094937507,8.41537919181499,-219.747667994768,-13.6757799648784,434.559163705339,0,0,0,0,-17.7715993766676,-14.4028387852156,-3.95310794226543e-05,0.000134816559157486,0.636753924455025,0.509053420272737
1444,57.76,209.550805892036,8.41492191130632,-219.741651131208,-13.6757527970576,434.553287908996,0,0,0,0,-17.7715642829014,-14.3971461907355,-3.95311625495627e-05,0.000134815678677824,0.613869818848502,0.509051896730819
1445,57.8,209.550514540888,8.41446932732349,-219.735613968688,-13.6757260664547,434.547385248707,0,0,0,0,-17.7715297600267,-14.3914286335628,-3.95306140312271e-05,0.000134815426896362,0.590946051672737,0.509050414874807
1446,57.84,209.550214591726,8.41401397582674,-219.729556936674,-13.6756985720932,434.541456124666,0,0,0,0,-17.7714942494429,-14.3856826947793,-3.95298053716205e-05,0.000134815432538125,0.567984181524278,0.509048996726724
1447,57.88,209.549917795534,8.4135698406882,-219.7234804663,-13.6756725220081,434.535500943153,0,0,0,0,-17.7714606165581,-14.3799165481668,-3.95295312970295e-05,0.000134814900245788,0.544985768618347,0.509047623066223
1448,57.92,209.549644597395,8.41316121348019,-219.717384990712,-13.6756517419198,434.529520116546,0,0,0,0,-17.7714338260288,-14.3741436043328,-3.95298557663281e-05,0.000134813764405949,0.521952374564825,0.509046232937793
1449,57.96,209.549411078578,8.41280715547127,-219.711270945965,-13.6756391938822,434.523514062954,0,0,0,0,-17.771417721716,-14.3683739798718,-3.95299961161627e-05,0.000134812805570254,0.49888556238432,0.509044735849843
1450,58,209.549223770279,8.41251536145147,-219.705138770928,-13.675636025198,434.517483204954,0,0,0,0,-17.7714137924292,-14.3626114468673,-3.95295383497531e-05,0.000134812436214861,0.475786896658501,0.509043035614894
1451,58.04,209.549083974323,8.41228733918143,-219.69898890638,-13.6756424266086,434.51142796813,0,0,0,0,-17.77142228537,-14.3568565744801,-3.95289919777445e-05,0.000134812147129561,0.452657943576544,0.509041055762568
1452,58.08,209.548993328943,8.41212502445574,-219.692821794722,-13.6756586813157,434.505348780524,0,0,0,0,-17.7714435671724,-14.3511102874962,-3.95287882279055e-05,0.000134811509425317,0.429500270791037,0.509038752307334
1453,58.12,209.548954465628,8.41203151990619,-219.686637880877,-13.675685246535,434.499246073134,0,0,0,0,-17.7714782295707,-14.3453739196804,-3.95287092472964e-05,0.000134810742899919,0.406315447221425,0.509036108293573
1454,58.16,209.548968875052,8.41200853936209,-219.680437613313,-13.6757223315002,434.493120280503,0,0,0,0,-17.771526541734,-14.3396476152787,-3.95285337491266e-05,0.000134810066616657,0.383105042897779,0.509033119775043
1455,58.2,209.549036063347,8.4120554313432,-219.674221444006,-13.6757697644897,434.4869718405,0,0,0,0,-17.7715882778031,-14.3339299031451,-3.95283215922551e-05,0.000134809413973906,0.359870628833195,0.50902978996701
1456,58.24,209.549153795685,8.41216950518258,-219.667989827639,-13.6758270752754,434.480801193417,0,0,0,0,-17.7716628243357,-14.3282181951045,-3.95281084579293e-05,0.000134808743021041,0.336613776925533,0.509026140998652
1457,58.28,209.549316929741,8.41234467081973,-219.661743221307,-13.6758933009768,434.474608781205,0,0,0,0,-17.7717489293461,-14.3225086061525,-3.95278895829e-05,0.000134808057821819,0.31333605992498,0.509022238927154
1458,58.32,209.549513823172,8.41256719649067,-219.655482085398,-13.6759663350883,434.468395047168,0,0,0,0,-17.7718438589156,-14.3167944796803,-3.95277078907876e-05,0.000134807319744506,0.290039051477945,0.509018218432106
1459,58.36,209.549721079356,8.41280949718038,-219.649206884859,-13.6760419685019,434.462160435537,0,0,0,0,-17.7719421542703,-14.3110639466006,-3.95276126182904e-05,0.000134806484469867,0.266724326194779,0.509014292867149
1460,58.4,209.549898906576,8.41302464027544,-219.642918089248,-13.6761130347051,434.455905390254,0,0,0,0,-17.7720345237701,-14.3052976209848,-3.95276210483269e-05,0.000134805537808475,0.243393459770891,0.509010740673836
1461,58.44,209.549991529328,8.41314680676438,-219.63661617011,-13.6761694604925,434.449630353166,0,0,0,0,-17.7721079084854,-14.2994685452797,-3.95276374364443e-05,0.000134804577122173,0.22004802924991,0.509007866821418
1462,58.48,209.549937902531,8.4131039241072,-219.630301594941,-13.6762001891615,434.443335762526,0,0,0,0,-17.7721479748299,-14.2935470399956,-3.95274768434325e-05,0.000134803787979246,0.196689613403191,0.509005946504575
1463,58.52,209.549693025083,8.41284286791083,-219.623974818328,-13.6761970767773,434.437022052277,0,0,0,0,-17.7721441652518,-14.2875112371047,-3.95270547418715e-05,0.000134803254678708,0.173319793037847,0.509005165995571
1464,58.56,209.549249138931,8.41235456678368,-219.617636273306,-13.6761588062284,434.430689651682,0,0,0,0,-17.7720947722981,-14.281358023147,-3.95265075005327e-05,0.00013480284044332,0.14994015091796,0.509005577118884
1465,58.6,209.548640511137,8.41167964266837,-219.611286367713,-13.6760917483928,434.424338984574,0,0,0,0,-17.7720080545344,-14.2751051680527,-3.95260770643522e-05,0.000134802303455592,0.126552271299751,0.509007077192615
1466,58.64,209.547926867896,8.41088874368774,-219.604925488101,-13.6760068559726,434.417970468282,0,0,0,0,-17.7718982096443,-14.2687824771127,-3.95258553818193e-05,0.000134801552499585,0.103157739472098,0.509009423731845
1467,58.68,209.54716866647,8.41005326466258,-219.598554008323,-13.6759151028144,434.411584512945,0,0,0,0,-17.7717794632584,-14.262419776002,-3.95257634980377e-05,0.000134800667645625,0.0797581414987519,0.509012290163866
1468,58.72,209.546411133896,8.4092265184153,-219.59217229707,-13.6758246091868,434.405181521738,0,0,0,0,-17.7716623433824,-14.2560397405204,-3.95257099401192e-05,0.000134799741808712,0.0563550641225372,0.509015349654476
1469,58.76,209.545681688706,8.40844075990542,-219.585780721179,-13.675740241528,434.398761891507,0,0,0,0,-17.7715531613996,-14.2496569449344,-3.95256114837203e-05,0.000134798859893868,0.0329500946711543,0.509018348329694
1470,58.8,209.544994472747,8.40771257901925,-219.579379645323,-13.6756644738573,434.392326012909,0,0,0,0,-17.7714551280841,-14.2432800018787,-3.95254381679045e-05,0.000134798052678886,0.00954482084037477,0.509021132912877
1471,58.84,209.544355860272,8.40704941239113,-219.572969430022,-13.6755983919087,434.385874269812,0,0,0,0,-17.7713696548567,-14.2369140969731,-3.95252877914179e-05,0.000134797219938756,-0.0138591695534287,0.509023633863192
1472,58.88,209.543768678524,8.40645452950192,-219.566550429744,-13.6755424600066,434.379407038772,0,0,0,0,-17.7712973475868,-14.2305628749284,-3.95252078591088e-05,0.000134796307700269,-0.0372602887493463,0.509025832909327
1473,58.92,209.543234285428,8.40592948460646,-219.560122992252,-13.6754968963042,434.372924689378,0,0,0,0,-17.771238492553,-14.2242291241866,-3.95249989462372e-05,0.000134795508841631,-0.0606569491581505,0.509027740238272
1474,58.96,209.542752645049,8.40547419850291,-219.553687459179,-13.6754616795992,434.366427585324,0,0,0,0,-17.771193064752,-14.2179144488407,-3.95245436991605e-05,0.000134794939767654,-0.084047563501924,0.509029386391331
1475,59,209.542321582542,8.40508607297849,-219.547244166975,-13.6754364089,434.359916085438,0,0,0,0,-17.7711605455419,-14.2116187360807,-3.95242413031806e-05,0.000134794206301907,-0.107430545059202,0.509030818720339
1476,59.04,209.541936427442,8.40475955954459,-219.540793447495,-13.6754202288333,434.353390544226,0,0,0,0,-17.7711398259595,-14.2053399747474,-3.95244165557821e-05,0.000134792989394291,-0.130804307950903,0.509032091362028
1477,59.08,209.541591244679,8.40448759751531,-219.534335628221,-13.6754120369508,434.346851312335,0,0,0,0,-17.771129475864,-14.1990750087506,-3.95245428914826e-05,0.000134791818398506,-0.154167267346621,0.509033247516303
1478,59.12,209.541282207364,8.40426559829976,-219.527871032475,-13.6754110959103,434.340298737449,0,0,0,0,-17.7711285384623,-14.1928217575413,-3.95240516444446e-05,0.000134791262810944,-0.177517839586865,0.509034302312381
1479,59.16,209.541010439598,8.40409483384586,-219.521399979899,-13.6754175798492,434.3337331655,0,0,0,0,-17.7711372395588,-14.186581390667,-3.9523364770786e-05,0.000134790901552887,-0.200854442366835,0.509035235616193
1480,59.2,209.540779097945,8.40397901773622,-219.514922787217,-13.675432074118,434.327154941543,0,0,0,0,-17.7711563386725,-14.1803567553923,-3.95231694322055e-05,0.000134790048608055,-0.22417549506776,0.509035998029042
1481,59.24,209.540584098847,8.4039133520542,-219.508439769006,-13.6754538941225,434.32056440992,0,0,0,0,-17.7711849475239,-14.1741462689216,-3.95233977830866e-05,0.000134788772505129,-0.247479419036365,0.509036526469495
1482,59.28,209.540406524161,8.40387554639836,-219.501951238114,-13.6754796982078,434.313961914085,0,0,0,0,-17.7712187297943,-14.1679386506644,-3.95235657805857e-05,0.00013478755703169,-0.270764637576887,0.509036761925242
1483,59.32,209.540215769363,8.40382952582296,-219.495457505447,-13.6755040477017,434.307347796689,0,0,0,0,-17.7712506277041,-14.1617147846165,-3.95234634436026e-05,0.000134786611175953,-0.294029575677807,0.509036661938703
1484,59.36,209.539983643338,8.40374205799186,-219.488958878988,-13.6755219356591,434.300722399993,0,0,0,0,-17.7712741436478,-14.1554569632485,-3.95231396201796e-05,0.000134785885090699,-0.31727265976368,0.509036204446497
1485,59.4,209.539700248858,8.40360146947001,-219.482455662327,-13.6755316243636,434.294086066078,0,0,0,0,-17.7712870225465,-14.1491593191417,-3.95226557272193e-05,0.000134785316881065,-0.340492317796876,0.509035385298965
1486,59.44,209.539380371772,8.40342516102561,-219.475948153696,-13.6755357721552,434.287439136598,0,0,0,0,-17.7712927140622,-14.1428318842793,-3.95221557933269e-05,0.000134784762495479,-0.363686979716932,0.509034214282907
1487,59.48,209.539055611186,8.40325030546558,-219.46943664659,-13.6755400002175,434.280781952528,0,0,0,0,-17.771298512684,-14.1364952582074,-3.9521949759485e-05,0.000134783912200154,-0.386855077890224,0.509032712642443
1488,59.52,209.538758305813,8.40311488977648,-219.46292143195,-13.6755500065619,434.274114854548,0,0,0,0,-17.7713118127271,-14.13017014148,-3.95221519239758e-05,0.000134782651981474,-0.40999504732034,0.509030912095996
1489,59.56,209.538509161712,8.40304315309876,-219.456402800655,-13.6755693748332,434.267438184102,0,0,0,0,-17.7713372648575,-14.1238694844159,-3.95223267798569e-05,0.000134781417466013,-0.43310532567673,0.509028853170235
1490,59.6,209.538315853974,8.40304398005964,-219.44988104498,-13.6755993656468,434.260752284541,0,0,0,0,-17.7713765050209,-14.1175977927086,-3.95220052041015e-05,0.000134780677534515,-0.456184353377519,0.509026580060754
1491,59.64,209.538179777896,8.40311889291302,-219.443356458872,-13.6756401579246,434.254057501779,0,0,0,0,-17.7714297650749,-14.1113557037415,-3.95214211082912e-05,0.000134780197729241,-0.479230573861274,0.509024131814913
1492,59.68,209.538102261312,8.40326937804791,-219.436829337977,-13.6756919633313,434.247354184572,0,0,0,0,-17.7714973189319,-14.1051440230145,-3.95210869014167e-05,0.000134779465071575,-0.502242433945813,0.509021534574509
1493,59.72,209.538084673264,8.40349699195265,-219.430299980372,-13.6757550232291,434.240642684912,0,0,0,0,-17.7715794785538,-14.098963514324,-3.9520996939347e-05,0.000134778484883519,-0.525218384056109,0.509018802306377
1494,59.76,209.538124384565,8.40379858706676,-219.423768688062,-13.6758288731766,434.233923358737,0,0,0,0,-17.7716756394733,-14.0928120643681,-3.95208710841555e-05,0.000134777537233105,-0.548156878253728,0.509015950416981
1495,59.8,209.538211528929,8.40416251525477,-219.417235768583,-13.675911784377,434.227196566634,0,0,0,0,-17.7717835562504,-14.0866828432367,-3.95206565522879e-05,0.000134776674842356,-0.571056374232328,0.509013018738218
1496,59.84,209.538327768663,8.40456721145996,-219.410701536171,-13.6760005808403,434.220462674214,0,0,0,0,-17.7718991061125,-14.0805642473709,-3.95204506842298e-05,0.000134775800158759,-0.593915333429965,0.50901009233851
1497,59.88,209.538444910219,8.4049795869525,-219.404166312546,-13.6760904164672,434.21372205228,0,0,0,0,-17.7720160011988,-14.0744399171239,-3.95203394846801e-05,0.000134774826961814,-0.616732221186629,0.509007306903365
1498,59.92,209.538523531125,8.4053534052421,-219.397630427241,-13.6761745240603,434.206975077184,0,0,0,0,-17.7721254641192,-14.068288371342,-3.95203269589267e-05,0.000134773751234333,-0.639505506765854,0.509004832592066
1499,59.96,209.53851608958,8.40563290038046,-219.391094216698,-13.6762447255837,434.200222131481,0,0,0,0,-17.7722168897323,-14.0620844547526,-3.95202741988676e-05,0.000134772711981698,-0.66223366318667,0.509002841304413
1500,60,209.538378739451,8.40576662423761,-219.384558021262,-13.6762934680248,434.1934636045,0,0,0,0,-17.7722804844413,-14.0558052484991,-3.95200175999905e-05,0.00013477187270507,-0.684915167032923,0.509001469281631
1501,60.04,209.538088900448,8.40572808398352,-219.378022180725,-13.6763168953164,434.186699892505,0,0,0,0,-17.7723112486939,-14.049439363814,-3.95195644725948e-05,0.000134771225773375,-0.707548498521838,0.509000786307419
1502,60.08,209.537656934456,8.40552946246139,-219.37148703112,-13.6763168954357,434.17993139855,0,0,0,0,-17.7723116305892,-14.0429931007529,-3.95191105053362e-05,0.000134770575314735,-0.730132141900829,0.509000777692894
1503,60.12,209.537121489199,8.4052161138825,-219.364952905466,-13.6763002516913,434.173158532474,0,0,0,0,-17.7722904251212,-14.036487576281,-3.95188237031866e-05,0.000134769753580268,-0.752664585873435,0.509001342710485
1504,60.16,209.536531796382,8.40484572841844,-219.358420138122,-13.6762755050231,434.166381711109,0,0,0,0,-17.7722587066777,-14.0299492930685,-3.95186652552833e-05,0.000134768800388561,-0.775144323800243,0.509002314337937
1505,60.2,209.535931089587,8.404468869194,-219.351889069544,-13.6762500684408,434.159601358378,0,0,0,0,-17.7722260889807,-14.023402034964,-3.95185169434017e-05,0.000134767836024021,-0.797569853763188,0.509003500300708
1506,60.24,209.535350447836,8.40412180037831,-219.345360048627,-13.6762292088543,434.152817904939,0,0,0,0,-17.7721994052008,-14.0168641599196,-3.95183967874999e-05,0.000134766844765902,-0.819939678675966,0.509004730079892
1507,60.28,209.53481046018,8.40382848833569,-219.338833432601,-13.6762163830242,434.146031787469,0,0,0,0,-17.7721831424872,-14.0103492486792,-3.95183881064026e-05,0.000134765743590625,-0.84225230646057,0.509005883188998
1508,60.32,209.534323969243,8.40360383506065,-219.332309585987,-13.6762137278216,434.139243447991,0,0,0,0,-17.7721800761915,-14.0038667883385,-3.95183321799429e-05,0.000134764688253629,-0.864506250159613,0.50900688648823
1509,60.36,209.533897087439,8.40345487217558,-219.325788879623,-13.6762222386458,434.132453333532,0,0,0,0,-17.7721915001534,-13.9974220239356,-3.95179386349226e-05,0.000134763965197948,-0.886700027913834,0.509007691237716
1510,60.4,209.533529155905,8.40338072054737,-219.319271689812,-13.6762417708297,434.125661895999,0,0,0,0,-17.7722172281021,-13.9910156621189,-3.95174180618758e-05,0.000134763363110716,-0.90883216291821,0.509008251021059
1511,60.44,209.533212614471,8.40337244012176,-219.312758397473,-13.6762710202189,434.118869592041,0,0,0,0,-17.7722555685065,-13.9846437698474,-3.95173221719811e-05,0.000134762333631155,-0.930901183486329,0.509008514096246
1512,60.48,209.532934066958,8.403414259433,-219.306249387308,-13.6763076879995,434.112076882832,0,0,0,0,-17.7723035386301,-13.9782983547744,-3.95175313440522e-05,0.00013476099983599,-0.952905623171893,0.509008429953875
1513,60.52,209.532678919341,8.40348898577617,-219.299745047119,-13.6763492532496,434.105284233934,0,0,0,0,-17.7723578671576,-13.971970244171,-3.95173779894024e-05,0.000134760029116411,-0.974844020804125,0.509007961953038
1514,60.56,209.532439726233,8.40358778757551,-219.293245767299,-13.6763944093466,434.098492115302,0,0,0,0,-17.7724168583241,-13.9656547171877,-3.95168058849864e-05,0.000134759474432336,-0.996714920463253,0.509007098152559
1515,60.6,209.53222232638,8.40371739962569,-219.286751940517,-13.676444134025,434.091701001296,0,0,0,0,-17.7724817806529,-13.9593558415916,-3.95164059743441e-05,0.000134758741278754,-1.01851687157959,0.509005856105088
1516,60.64,209.532042851635,8.40389660823229,-219.280263961738,-13.6765011653292,434.08491137047,0,0,0,0,-17.7725561869211,-13.9530844453273,-3.95163800469806e-05,0.000134757625348384,-1.04024842918203,0.509004281003093
1517,60.68,209.53191714044,8.40414382888298,-219.273782228605,-13.6765681650118,434.078123705174,0,0,0,0,-17.772643530771,-13.9468509226866,-3.95163235647947e-05,0.000134756529344386,-1.06190815412512,0.509002439768762
1518,60.72,209.531851275164,8.40446604120355,-219.267307142092,-13.6766461151468,434.071338491199,0,0,0,0,-17.7727450860047,-13.9406591414388,-3.95160230186819e-05,0.000134755665119712,-1.08349461317442,0.509000415285908
1519,60.76,209.531838224156,8.40485490961099,-219.260839107143,-13.6767337959151,434.064556217603,0,0,0,0,-17.7728592689969,-13.9345046761066,-3.95157161851743e-05,0.000134754793717986,-1.10500637897188,0.508998303254404
1520,60.8,209.531857906206,8.40528689062243,-219.254378533044,-13.6768278279122,434.05777737654,0,0,0,0,-17.7729816939211,-13.9283751886752,-3.95155708951949e-05,0.000134753747387189,-1.12644202995019,0.508996210502038
1521,60.84,209.53187782225,8.40572396161541,-219.247925833214,-13.6769227689896,434.051002462838,0,0,0,0,-17.7731052990486,-13.9222509879996,-3.9515530586249e-05,0.000134752584319252,-1.14780015022955,0.508994251465063
1522,60.88,209.531856263777,8.40611735158394,-219.241481424136,-13.6770116370447,434.044231973374,0,0,0,0,-17.7732210257789,-13.916107214298,-3.95155112932947e-05,0.000134751390928929,-1.1690793295031,0.508992539827116
1523,60.92,209.531751030165,8.40641771573926,-219.235045723286,-13.6770873688061,434.037466406518,0,0,0,0,-17.7733197115048,-13.9099192699653,-3.95153840640164e-05,0.000134750298245298,-1.19027816290744,0.508991174014583
1524,60.96,209.531532840928,8.40659080003996,-219.228619146239,-13.6771450746424,434.030706261769,0,0,0,0,-17.7733950140644,-13.9036706050083,-3.9515049932933e-05,0.00013474940636784,-1.21139525092046,0.5089902182773
1525,61,209.53119754889,8.40663171658771,-219.222202103816,-13.6771841033239,434.023952039443,0,0,0,0,-17.7734460889456,-13.897359516234,-3.9514628954225e-05,0.000134748595943069,-1.23242919941165,0.508989684534224
1526,61.04,209.530768590455,8.40656779838664,-219.215795000751,-13.6772084474267,434.017204240246,0,0,0,0,-17.7734781145153,-13.891000253425,-3.95143220048412e-05,0.000134747667160384,-1.25337861990904,0.508989522272553
1527,61.08,209.530286798998,8.40644665648246,-219.209398236672,-13.6772249855958,434.010463364783,0,0,0,0,-17.7735000126947,-13.8846170567162,-3.9514127873132e-05,0.000134746622795312,-1.2742421299512,0.508989623726922
1528,61.12,209.529795243402,8.40631844420288,-219.203012208566,-13.6772409053475,434.003729913112,0,0,0,0,-17.773521107437,-13.8782358227758,-3.95139131036903e-05,0.000134745597737839,-1.29501835335419,0.508989847122582
1529,61.16,209.529328757601,8.40622365557731,-219.196637312885,-13.6772619694441,433.997004384353,0,0,0,0,-17.7735488764291,-13.8718783872334,-3.95137086526198e-05,0.000134744561414805,-1.31570592031922,0.508990050262793
1530,61.2,209.528910178296,8.40618877350043,-219.190273946186,-13.6772919251605,433.990287276142,0,0,0,0,-17.7735881836969,-13.8655599302878,-3.95136886723257e-05,0.000134743338502353,-1.33630346741129,0.508990118021734
1531,61.24,209.528550416861,8.40622636611826,-219.183922504396,-13.6773325286674,433.983579083806,0,0,0,0,-17.773641309758,-13.8592882108723,-3.95138008855867e-05,0.000134741979350833,-1.35680963750458,0.508989972381985
1532,61.28,209.528251348993,8.40633845391137,-219.177583381441,-13.6773840229236,433.976880299447,0,0,0,0,-17.7737085708735,-13.8530648618242,-3.95136594281929e-05,0.000134740868756909,-1.37722307977664,0.508989569160486
1533,61.32,209.528011252924,8.40652286634184,-219.171256967947,-13.6774460567747,433.970191411304,0,0,0,0,-17.7737895115982,-13.8468889574122,-3.95130840141157e-05,0.000134740187220394,-1.39754244978383,0.508988894180033
1534,61.36,209.527829113861,8.40677828816457,-219.164943650465,-13.6775184273287,433.963512903491,0,0,0,0,-17.7738838684473,-13.8407601836889,-3.95124851468773e-05,0.00013473952457583,-1.41776640958968,0.508987965514454
1535,61.4,209.527703061515,8.40710244454482,-219.158643811217,-13.67760082763,433.956845255817,0,0,0,0,-17.773991242774,-13.8346779646846,-3.95122796928206e-05,0.000134738463427196,-1.43789362787367,0.508986837061175
1536,61.44,209.527623337219,8.40748388367669,-219.152357828136,-13.6776916617622,433.950188943441,0,0,0,0,-17.7741095632831,-13.8286366805441,-3.95123323512868e-05,0.000134737137863338,-1.45792277996254,0.50898559455386
1537,61.48,209.527566158337,8.40789480823453,-219.146086074949,-13.6777870113854,433.943544436437,0,0,0,0,-17.7742337450745,-13.8226215397232,-3.95123387162042e-05,0.000134735851240566,-1.47785254778642,0.508984340772312
1538,61.52,209.527494880844,8.40829243085272,-219.139828921022,-13.6778808285948,433.936912199607,0,0,0,0,-17.774355940207,-13.8166095048844,-3.95122419046003e-05,0.000134734660218495,-1.49768161978469,0.50898317488646
1539,61.56,209.527369670478,8.40863024761729,-219.133586730506,-13.6779665392095,433.930292692577,0,0,0,0,-17.7744676183861,-13.8105757207227,-3.95120731305703e-05,0.000134733534264717,-1.51740869078366,0.508982173727712
1540,61.6,209.527161878934,8.4088747906203,-219.127359860529,-13.6780394209847,433.923686369828,0,0,0,0,-17.7745626526911,-13.8045026688684,-3.95118063783352e-05,0.000134732500626519,-1.53703246192481,0.508981379632113
1541,61.64,209.52686630285,8.40901991776479,-219.121148659009,-13.6780986363447,433.917093680439,0,0,0,0,-17.7746399565358,-13.7983877448259,-3.95114503844835e-05,0.000134731551857153,-1.55655164077934,0.508980795124051
1542,61.68,209.526503961914,8.40909004321984,-219.114953463546,-13.6781476854438,433.910515067684,0,0,0,0,-17.7747040710618,-13.7922447282746,-3.95110821793364e-05,0.000134730611841772,-1.57596494167847,0.508980383208106
1543,61.72,209.526113020687,8.40912952811367,-219.10877460244,-13.678192873878,433.903950968891,0,0,0,0,-17.7747631773254,-13.7860979508776,-3.95108442632032e-05,0.000134729538400619,-1.59527108608468,0.508980074037602
1544,61.76,209.525733941756,8.40918535724681,-219.10261239717,-13.6782408339094,433.897401815589,0,0,0,0,-17.7748258809242,-13.7799731913525,-3.95108681991047e-05,0.000134728199860921,-1.61446880281682,0.508979780524846
1545,61.8,209.525397870305,8.40929362097598,-219.096467164571,-13.6782966197202,433.89086803362,0,0,0,0,-17.7748987407804,-13.7738905755308,-3.95109713873401e-05,0.000134726778755739,-1.6335568281024,0.508979421848783
1546,61.84,209.525121952337,8.40947410115956,-219.090339217528,-13.6783629742426,433.884350042948,0,0,0,0,-17.7749853170967,-13.7678614755479,-3.95107502809016e-05,0.000134725678970251,-1.65253390557372,0.508978946553418
1547,61.88,209.52490929764,8.40973026561589,-219.084228864594,-13.6784403607319,433.877848257349,0,0,0,0,-17.775086211517,-13.7618882636311,-3.95102595595311e-05,0.000134724846497216,-1.67139878634961,0.50897834472497
1548,61.92,209.524749872241,8.41005032839263,-219.078136409675,-13.6785271309678,433.871363084492,0,0,0,0,-17.7751992851789,-13.7559648537523,-3.95099863346536e-05,0.0001347237948868,-1.69015022921934,0.508977644780887
1549,61.96,209.52462092629,8.41040773976053,-219.072062152343,-13.6786195876563,433.864894926528,0,0,0,0,-17.7753197399705,-13.7500769533594,-3.95100407158112e-05,0.000134722414406409,-1.70878700078448,0.508976898540726
1550,62,209.524489672477,8.41076427298912,-219.06600638811,-13.6787123931857,433.858444180784,0,0,0,0,-17.7754406493011,-13.7442036503779,-3.95100900715417e-05,0.000134721037790381,-1.727307875421,0.508976162429034
1551,62.04,209.524322309244,8.41108050812527,-219.059969407699,-13.6788000311829,433.85201124,0,0,0,0,-17.775554854842,-13.7383232564182,-3.95099232002572e-05,0.000134719876351842,-1.74571163513292,0.508975481845154
1552,62.08,209.524098084986,8.41133220883993,-219.053951495326,-13.6788791206919,433.845596492164,0,0,0,0,-17.7756579694297,-13.7324226677808,-3.95095849882833e-05,0.000134718885735969,-1.76399706955071,0.508974881781804
1553,62.12,209.52381991093,8.41152267955047,-219.047952927378,-13.6789501616297,433.839200320388,0,0,0,0,-17.7757506417872,-13.7265043676884,-3.95092358817421e-05,0.000134717906609483,-1.78216297620712,0.508974363232621
1554,62.16,209.523513175077,8.41168136505183,-219.041973972761,-13.6790173203471,433.832823103133,0,0,0,0,-17.7758382781171,-13.7205854512922,-3.95090127970926e-05,0.000134716803105923,-1.80020816091069,0.508973904767294
1555,62.2,209.523212840815,8.41184881297513,-219.036014894687,-13.679086291956,433.826465214483,0,0,0,0,-17.7759282684306,-13.7146890558976,-3.9508879770779e-05,0.000134715610987198,-1.81813143797573,0.508973470357323
1556,62.24,209.522947189203,8.41205776412643,-219.030075952469,-13.6791616465165,433.820127024062,0,0,0,0,-17.7760265431673,-13.7088338393099,-3.95087058828976e-05,0.000134714459232286,-1.8359316302737,0.508973023342147
1557,62.28,209.522726955412,8.41232055262575,-219.024157402308,-13.6792450915526,433.813808896647,0,0,0,0,-17.7761353184114,-13.703026991871,-3.95085110177052e-05,0.000134713325232629,-1.85360756922865,0.50897254137399
1558,62.32,209.522542984467,8.41262641263573,-219.018259497316,-13.6793351228667,433.807511192014,0,0,0,0,-17.7762526423754,-13.6972626744832,-3.95084354145884e-05,0.000134712066987766,-1.87115809483897,0.508972024051986
1559,62.36,209.522371475171,8.41294757625548,-219.012382487275,-13.6794278790782,433.801234265269,0,0,0,0,-17.7763735042111,-13.6915253638132,-3.95084404530916e-05,0.000134710723503856,-1.88858205566872,0.508971489034324
1560,62.4,209.522185357087,8.41325248245263,-219.006526618089,-13.6795189746202,433.794978467344,0,0,0,0,-17.7764922128395,-13.6857973476944,-3.95083071673792e-05,0.000134709516071542,-1.90587830876439,0.508970960508624
1561,62.44,209.521968396026,8.41352216905645,-219.000692130704,-13.6796057874483,433.788744145123,0,0,0,0,-17.7766053657596,-13.6800682167336,-3.95079623628311e-05,0.000134708520801946,-1.92304571962905,0.508970457849368
1562,62.48,209.521724274262,8.41376083126634,-218.99487926013,-13.6796889380747,433.7825316412,0,0,0,0,-17.7767137682124,-13.6743409859778,-3.95075575586287e-05,0.000134707587793413,-1.94008316242206,0.508969989423679
1563,62.52,209.521473229475,8.41399190326255,-218.989088235678,-13.6797717319331,433.776341293824,0,0,0,0,-17.7768217094321,-13.6686296877128,-3.95072718013322e-05,0.000134706536494591,-1.95698952032495,0.508969551920106
1564,62.56,209.521237639484,8.41424128489341,-218.983319282759,-13.679857800096,433.770173437446,0,0,0,0,-17.7769339012134,-13.6629495602875,-3.95071997834691e-05,0.000134705267186985,-1.97376368584053,0.50896913389603
1565,62.6,209.521027195422,8.41452011183141,-218.977572625117,-13.67994869495,433.764028403658,0,0,0,0,-17.7770523580549,-13.6573071542348,-3.95073223225808e-05,0.000134703792822924,-1.99040456088873,0.508968722140652
1566,62.64,209.520834262748,8.41481938508126,-218.971848486063,-13.6800431581539,433.757906521883,0,0,0,0,-17.7771754471288,-13.6516973261148,-3.95074387061288e-05,0.000134702310358943,-2.00691105674515,0.508968308288144
1567,62.68,209.520641733636,8.41511911227904,-218.966147088197,-13.6801384100008,433.751808119554,0,0,0,0,-17.7772995613155,-13.646108619844,-3.95072443676283e-05,0.000134701124754735,-2.02328209397629,0.508967892223573
1568,62.72,209.520436881007,8.41540440914673,-218.96046865247,-13.6802323978198,433.74573352215,0,0,0,0,-17.7774220369098,-13.6405327554075,-3.95066853330031e-05,0.000134700293263707,-2.03951660253253,0.508967480540283
1569,62.76,209.520220664741,8.41567630669196,-218.954813397795,-13.6803252976988,433.739683053543,0,0,0,0,-17.7775431023991,-13.6349709880579,-3.95061507282183e-05,0.000134699431050692,-2.05561352202014,0.508967081369084
1570,62.8,209.520005088118,8.41594866372142,-218.949181541738,-13.6804190704718,433.733657036606,0,0,0,0,-17.7776653023111,-13.6294321594843,-3.95060910795246e-05,0.000134698092012938,-2.07157180197908,0.508966698677111
1571,62.84,209.519801279161,8.41623429817684,-218.943573301673,-13.6805155109108,433.727655793568,0,0,0,0,-17.7777909658017,-13.623924341016,-3.95064403909586e-05,0.000134696346336165,-2.08739040197622,0.508966329272271
1572,62.88,209.519609955895,8.41653390424306,-218.937988895399,-13.6806146988363,433.721679645887,0,0,0,0,-17.7779201966543,-13.6184481861555,-3.95065940848254e-05,0.000134694801957105,-2.10306829151939,0.508965964467859
1573,62.92,209.519423287023,8.41683823682638,-218.932428540924,-13.6807153229425,433.715728914063,0,0,0,0,-17.7780512932302,-13.6129982869576,-3.95061330853836e-05,0.000134693879497244,-2.11860444998276,0.508965595303384
1574,62.96,209.519234694121,8.41713953083357,-218.926892456085,-13.6808162985679,433.709803917941,0,0,0,0,-17.7781828476622,-13.607570171477,-3.95054570471352e-05,0.000134693178019558,-2.13399786671555,0.5089652172412
1575,63,209.519045104172,8.41743876852122,-218.921380858712,-13.6809177830859,433.703904977449,0,0,0,0,-17.778315063642,-13.6021647202363,-3.95053063061517e-05,0.000134691952771051,-2.14924754129509,0.508964830631334
1576,63.04,209.518859644158,8.41774181158177,-218.915893967221,-13.6810206133639,433.698032413161,0,0,0,0,-17.7784490267472,-13.5967857392417,-3.95056595830466e-05,0.000134690218304682,-2.16435248371366,0.508964437092239
1577,63.08,209.518680593748,8.41805119081906,-218.910432000966,-13.6811251423555,433.692186546251,0,0,0,0,-17.7785851949585,-13.5914349744531,-3.95057314633504e-05,0.000134688752708471,-2.17931171439659,0.508964035756044
1578,63.12,209.51850589493,8.41836438732001,-218.904995180049,-13.6812310104937,433.686367698152,0,0,0,0,-17.7787231018727,-13.5861111594072,-3.95052339737641e-05,0.000134687838408515,-2.19412426417532,0.508963623220862
1579,63.16,209.518333641448,8.41867907989899,-218.899583725022,-13.6813379039719,433.680576190542,0,0,0,0,-17.7788623403689,-13.5808132644916,-3.95048171714178e-05,0.000134686824186081,-2.20878917436655,0.50896319677361
1580,63.2,209.518164887293,8.41899641034436,-218.89419785711,-13.6814460117187,433.674812345778,0,0,0,0,-17.7790031555376,-13.5755423841368,-3.95048867057883e-05,0.000134685308935516,-2.22330549692426,0.508962756883652
1581,63.24,209.518001400541,8.419318346621,-218.888837798782,-13.6815556345547,433.669076487257,0,0,0,0,-17.7791459377268,-13.5703000017722,-3.95049581749268e-05,0.000134683785741248,-2.23767229451517,0.508962306614929
1582,63.28,209.517843222611,8.41964483663055,-218.883503773964,-13.6816667792804,433.663368939225,0,0,0,0,-17.7792906959138,-13.5650862956539,-3.95046796937118e-05,0.000134682615346002,-2.25188864049665,0.508961849717928
1583,63.32,209.517689700143,8.41997502353049,-218.878196007771,-13.6817793418509,433.657690026234,0,0,0,0,-17.7794372952208,-13.5599009988677,-3.95044105267658e-05,0.000134681443752017,-2.2659536189223,0.508961389778017
1584,63.36,209.517541104653,8.4203091330333,-218.872914726323,-13.6818933748676,433.652040072811,0,0,0,0,-17.779585803886,-13.554744549808,-3.95043633704858e-05,0.000134680058692546,-2.27986632461271,0.508960930118699
1585,63.4,209.517398043396,8.42064777092315,-218.867660156991,-13.682008974039,433.646419403503,0,0,0,0,-17.7797363460155,-13.5496175750576,-3.95042863323215e-05,0.000134678709146076,-2.29362586319666,0.508960473289688
1586,63.44,209.517260579754,8.42099089365917,-218.862432528563,-13.6821261282642,433.640828342922,0,0,0,0,-17.7798889071019,-13.5445202667065,-3.95041119216402e-05,0.000134677458975321,-2.30723135108752,0.508960020581546
1587,63.48,209.51712869183,8.4213383529059,-218.857232070835,-13.6822448056469,433.635267215406,0,0,0,0,-17.7800434455621,-13.5394527747267,-3.95039740295022e-05,0.000134676171820835,-2.32068191546761,0.508959572308031
1588,63.52,209.517002643052,8.42169033193992,-218.852059013823,-13.6823650195494,433.629736344484,0,0,0,0,-17.7801999784602,-13.5344154528045,-3.95038531734035e-05,0.000134674866255987,-2.33397669433401,0.508959128413585
1589,63.56,209.516882667057,8.42204698009815,-218.846913587241,-13.6824867784545,433.624236052653,0,0,0,0,-17.7803585165493,-13.5294086009952,-3.95037288234782e-05,0.000134673563023513,-2.34711483658122,0.508958688999216
1590,63.6,209.516768945138,8.42240839492532,-218.841796020515,-13.6826100909858,433.618766661714,0,0,0,0,-17.7805190708268,-13.5244324781131,-3.95036337562086e-05,0.000134672230251948,-2.36009550208678,0.508958254980097
1591,63.64,209.516661805738,8.42277485969532,-218.836706543075,-13.682735004129,433.613328493246,0,0,0,0,-17.7806817021346,-13.5194874512724,-3.95035323153902e-05,0.000134670904749208,-2.37291786178779,0.508957828667512
1592,63.68,209.516561652488,8.42314675603534,-218.831645384503,-13.6828615877469,433.607921868703,0,0,0,0,-17.7808465010775,-13.5145739222566,-3.95034138132736e-05,0.00013466959780796,-2.38558109774051,0.508957413703905
1593,63.72,209.51646890373,8.42352448701508,-218.826612774531,-13.682989917806,433.602547109053,0,0,0,0,-17.7810135662069,-13.5096922864142,-3.95032981573955e-05,0.000134668288967225,-2.39808440317935,0.508957014228166
1594,63.76,209.516384046788,8.42390853103289,-218.821608943152,-13.6831200755387,433.597204534446,0,0,0,0,-17.7811830028452,-13.5048429674895,-3.95031767393526e-05,0.000134666985512021,-2.41042698257946,0.508956633643896
1595,63.8,209.516307637159,8.42429943226003,-218.816634120935,-13.683252138377,433.59189446421,0,0,0,0,-17.781354911268,-13.5000263990015,-3.9503053192924e-05,0.000134665682680939,-2.42260805169316,0.508956273659119
1596,63.84,209.5162403139,8.42469781839488,-218.811688539166,-13.6833861822987,433.586617216969,0,0,0,0,-17.7815293897457,-13.4952430340366,-3.95029362178668e-05,0.000134664371264195,-2.43462683755384,0.508955934235077
1597,63.88,209.516182846817,8.42510446312885,-218.806772429428,-13.6835222973424,433.581373110459,0,0,0,0,-17.7817065547257,-13.490493386266,-3.95028290707073e-05,0.000134663047868725,-2.44648257847245,0.508955614503574
1598,63.92,209.516136156884,8.42552031908242,-218.801886022735,-13.6836606004576,433.576162460994,0,0,0,0,-17.781886557578,-13.4857780515486,-3.95027336866907e-05,0.000134661710530664,-2.45817452406031,0.508955314006183
1599,63.96,209.516101330362,8.42594653845573,-218.797029548857,-13.6838012422303,433.570985582994,0,0,0,0,-17.7820695933486,-13.4810977193862,-3.95026406598738e-05,0.000134660368656904,-2.46970193528074,0.508955033380247
1600,64,209.516079623246,8.42638447454864,-218.792203236193,-13.6839444039573,433.565842788848,0,0,0,0,-17.7822558969334,-13.4764531607321,-3.95025434834731e-05,0.000134659028745638,-2.48106408449106,0.508954774159541
1601,64.04,209.516072463066,8.42683567802684,-218.787407311896,-13.6840902920242,433.560734388959,0,0,0,0,-17.7824457357349,-13.4718452089088,-3.95024417928234e-05,0.000134657691132948,-2.49226025545407,0.508954538234885
1602,64.08,209.516081475132,8.42730192625537,-218.782642001685,-13.684239140961,433.555660691523,0,0,0,0,-17.7826394136113,-13.467274768212,-3.95023403077879e-05,0.000134656351108629,-2.50328974333397,0.508954327720038
1603,64.12,209.516108525413,8.4277852756931,-218.777907529267,-13.6843912229831,433.550622001971,0,0,0,0,-17.7828372832686,-13.4627428422348,-3.95022469214707e-05,0.000134655000843902,-2.51415185471104,0.508954145235105
1604,64.16,209.51615576582,8.42828811441162,-218.773204115864,-13.6845468551839,433.545618622456,0,0,0,0,-17.7830397555862,-13.4582505587506,-3.95021626548094e-05,0.000134653639372997,-2.52484590762787,0.508953993973446
1605,64.2,209.516225678579,8.42881320854783,-218.768531980179,-13.6847064015045,433.540650851715,0,0,0,0,-17.7832473021308,-13.4537991806094,-3.95020830249049e-05,0.000134652271180273,-2.53537123163576,0.508953877332597
1606,64.24,209.516321128188,8.42936375832326,-218.763891338566,-13.6848702767466,433.535718985178,0,0,0,0,-17.7834604603277,-13.4493901168549,-3.95019997940771e-05,0.000134650904505939,-2.54572716782202,0.508953798731859
1607,64.28,209.516445430482,8.42994347947056,-218.759282404859,-13.685038959024,433.530823314895,0,0,0,0,-17.7836798496214,-13.4450249497048,-3.9501907033375e-05,0.000134649545387395,-2.55591306882726,0.508953762107145
1608,64.32,209.516602434894,8.43055670224839,-218.754705389772,-13.6852130066811,433.525964129099,0,0,0,0,-17.7839061934504,-13.4407054705927,-3.9501807217092e-05,0.000134648191604069,-2.56592829887113,0.508953772707218
1609,64.36,209.516796615907,8.43120847841862,-218.750160500237,-13.6853930739179,433.521141711644,0,0,0,0,-17.7841403395285,-13.4364337154287,-3.95017088713418e-05,0.000134646834874329,-2.57577223378796,0.508953837650444
1610,64.4,209.517033176466,8.43190469927958,-218.745647939051,-13.6855799254109,433.516356341648,0,0,0,0,-17.78438327881,-13.4322119997481,-3.95016208146746e-05,0.000134645466373316,-2.58544426103896,0.508953966272011
1611,64.44,209.51731816133,8.43265222446989,-218.741167904751,-13.6857744516813,433.511608293293,0,0,0,0,-17.7846361654316,-13.4280429556585,-3.95015456993295e-05,0.000134644083283896,-2.59494377968742,0.508954170530514
1612,64.48,209.517658567096,8.43345900698039,-218.73672059149,-13.6859776838844,433.50689783549,0,0,0,0,-17.7849003359224,-13.4239295694356,-3.95014800665751e-05,0.000134642689143395,-2.60427020036252,0.508954465566831
1613,64.52,209.518062422227,8.43433418371792,-218.732306188876,-13.6861908039594,433.502225231345,0,0,0,0,-17.7851773224295,-13.4198752106369,-3.95014139257478e-05,0.000134641294270886,-2.61342294525325,0.508954870436476
1614,64.56,209.518538787886,8.43528807524216,-218.727924882154,-13.6864151428889,433.497590737687,0,0,0,0,-17.7854688505677,-13.4158836248624,-3.9501335373735e-05,0.000134639910728136,-2.62240144815597,0.508955409085507
1615,64.6,209.519097589017,8.43633199158912,-218.723576853171,-13.6866521543881,433.492994604987,0,0,0,0,-17.7857768054826,-13.4119588527592,-3.95012407262245e-05,0.000134638542173052,-2.63120515454287,0.508956111619576
1616,64.64,209.519749097912,8.43747764087334,-218.719262282328,-13.68690333821,433.488437077577,0,0,0,0,-17.7861031326868,-13.408105015781,-3.9501135516505e-05,0.000134637183181639,-2.63983352162194,0.508957015614215
1617,64.68,209.520502736588,8.43873575689686,-218.714981351658,-13.6871700624542,433.483918393803,0,0,0,0,-17.7864496080318,-13.4043258339723,-3.95010289849224e-05,0.000134635824631013,-2.64828601839587,0.508958166544404
1618,64.72,209.521364642815,8.44011330790781,-218.710734249541,-13.6874532014716,433.47943878592,0,0,0,0,-17.7868173685917,-13.4006236475164,-3.95009266588624e-05,0.000134634460796595,-2.65656212573597,0.508959615476994
1619,64.76,209.522333180432,8.44160834669741,-218.706521178097,-13.6877524680704,433.474998479903,0,0,0,0,-17.7872060470158,-13.3969976118123,-3.95008312668736e-05,0.000134633088696321,-2.66466133647832,0.508961410708962
1620,64.8,209.523391440099,8.44320140621536,-218.70234236407,-13.6880652975252,433.470597695479,0,0,0,0,-17.7876123242023,-13.3934406537751,-3.95007517167e-05,0.000134631699632797,-2.67258315550672,0.508963577968211
1621,64.84,209.524496394537,8.44484304817391,-218.698198072378,-13.6883852276258,433.466236646367,0,0,0,0,-17.7880278273685,-13.3899349536872,-3.95007272837895e-05,0.000134630254778476,-2.68032709976591,0.508966083341312
1622,64.88,209.525566971637,8.4464401476554,-218.694088617638,-13.6887000987872,433.461915540408,0,0,0,0,-17.7884367932045,-13.3864466436747,-3.95008419989928e-05,0.000134628670213242,-2.68789269816149,0.508968780257615
1623,64.92,209.526478584686,8.44784955927957,-218.69001436356,-13.6889911904106,433.457634579377,0,0,0,0,-17.7888149443283,-13.3829227612157,-3.95011082725157e-05,0.000134626933615873,-2.69527949126934,0.508971363263714
1624,64.96,209.527076874333,8.44889383540976,-218.685975696797,-13.6892352228471,433.453393958567,0,0,0,0,-17.7891320835452,-13.3792962870302,-3.9501326261344e-05,0.000134625245324663,-2.70248703081355,0.508973380897464
1625,65,209.527220025045,8.4494098503705,-218.681972968998,-13.6894107226906,433.449193866363,0,0,0,0,-17.7893603510023,-13.3755043179791,-3.95012199307144e-05,0.000134623881695573,-2.70951487912276,0.508974361606602
1626,65.04,209.52683753429,8.44931650682843,-218.678006423313,-13.6895070331097,433.445034483885,0,0,0,0,-17.7894859165514,-13.3715151600522,-3.95007319693306e-05,0.000134622899794548,-2.71636260900681,0.50897403253088
1627,65.08,209.525966451817,8.44865653006009,-218.674076146424,-13.6895299163869,433.440915984568,0,0,0,0,-17.7895162532477,-13.3673454953602,-3.95001502321303e-05,0.000134622011413346,-2.72302980424139,0.508972488912054
1628,65.12,209.524733727405,8.44757604500949,-218.670182082924,-13.6894987682814,433.436838533601,0,0,0,0,-17.7894765251156,-13.3630516799743,-3.94998229409806e-05,0.000134620868385696,-2.72951606027165,0.508970153061589
1629,65.16,209.523298669309,8.44625822898249,-218.666324105143,-13.6894377418895,433.43280228736,0,0,0,0,-17.7893980672207,-13.3587034026789,-3.94997724171596e-05,0.000134619448937331,-2.7358209846449,0.508967539679863
1630,65.2,209.521798800132,8.44486102261719,-218.66250208958,-13.6893675259978,433.428807393093,0,0,0,0,-17.7893077141547,-13.3543598633261,-3.94998528786463e-05,0.000134617899440532,-2.74194419700481,0.508965031809457
1631,65.24,209.520326945605,8.44349088717673,-218.658715958277,-13.6893019723159,433.424853989021,0,0,0,0,-17.7892234250654,-13.3500603623621,-3.94999850227497e-05,0.000134616299397946,-2.74788532892242,0.508962819220574
1632,65.28,209.51893493181,8.44220717562574,-218.654965683491,-13.6892487649791,433.420942204654,0,0,0,0,-17.7891551569895,-13.3458267987902,-3.95000929874721e-05,0.0001346147245815,-2.75364402389665,0.508960956042826
1633,65.32,209.517645845646,8.4410362672773,-218.651251275987,-13.6892113066926,433.417072161048,0,0,0,0,-17.7891073152603,-13.3416692283689,-3.95001384829055e-05,0.000134613213027305,-2.75921993749694,0.508959429353757
1634,65.36,209.516465068706,8.43998423889186,-218.647572771524,-13.6891903696442,433.413243970983,0,0,0,0,-17.7890808960204,-13.3375904015377,-3.95001420167801e-05,0.000134611744050111,-2.76461273751613,0.50895819982997
1635,65.4,209.515388483673,8.4390462861068,-218.643930220142,-13.6891853215326,433.40945773924,0,0,0,0,-17.7890750761225,-13.3335891542045,-3.95001263779648e-05,0.000134610295286354,-2.76982210409898,0.508957222393567
1636,65.44,209.514407643612,8.43821265138386,-218.640323678856,-13.6891948919172,433.405713563002,0,0,0,0,-17.789088206405,-13.3296624957905,-3.9500118310558e-05,0.000134608840679285,-2.77484772980282,0.508956455062578
1637,65.48,209.513512590581,8.43747185251131,-218.636753206924,-13.6892175871586,433.402011532152,0,0,0,0,-17.7891183492678,-13.3258067253804,-3.9500122346679e-05,0.000134607375478464,-2.77968931959117,0.508955861720914
1638,65.52,209.512693372552,8.43681242189997,-218.633218862682,-13.6892519160307,433.398351729365,0,0,0,0,-17.7891635708794,-13.3220180861646,-3.95001200726633e-05,0.000134605917016933,-2.78434659082782,0.508955412581386
1639,65.56,209.511940750137,8.43622371452206,-218.629720701566,-13.6892964929316,433.394734230113,0,0,0,0,-17.7892220747575,-13.3182930716022,-3.95000980601737e-05,0.00013460447820576,-2.7888192733018,0.508955083457573
1640,65.6,209.511246444142,8.43569618918403,-218.62625877507,-13.6893500728141,433.391159102842,0,0,0,0,-17.7892922468688,-13.314628523824,-3.95000538047742e-05,0.0001346030622162,-2.79310710926528,0.508954854671785
1641,65.64,209.510603168544,8.43522144558887,-218.622833130363,-13.6894115560266,433.387626409344,0,0,0,0,-17.7893726617867,-13.3110216458287,-3.95000035783936e-05,0.000134601653678624,-2.79720985345183,0.508954710166652
1642,65.68,209.51000457013,8.43479215584268,-218.619443810148,-13.6894799806955,433.384136205131,0,0,0,0,-17.7894620727586,-13.3074699822357,-3.94999680128633e-05,0.000134600232191843,-2.80112727307669,0.508954636898721
1643,65.72,209.50944514608,8.43440197112755,-218.616090852555,-13.6895545121402,433.380688539648,0,0,0,0,-17.7895593979522,-13.3039713965043,-3.94999538011918e-05,0.000134598790845311,-2.80485914784869,0.508954624376843
1644,65.76,209.508920149293,8.43404541361198,-218.612774291091,-13.6896344296639,433.377283456436,0,0,0,0,-17.78966370331,-13.3005240391232,-3.94999523650468e-05,0.000134597338109612,-2.80840527001347,0.508954664242265
1645,65.8,209.508425490443,8.43371776498723,-218.609494154822,-13.689719113158,433.373920993436,0,0,0,0,-17.7897741851766,-13.2971263127565,-3.94999502188966e-05,0.000134595887495886,-2.81176544441215,0.508954749985668
1646,65.84,209.507957646582,8.43341496290825,-218.606250468794,-13.6898080309828,433.370601183451,0,0,0,0,-17.7898901545928,-13.2937768389507,-3.94999392059502e-05,0.000134594447120759,-2.81493948851521,0.508954876788408
1647,65.88,209.507513577922,8.43313350520737,-218.603043254523,-13.6899007273508,433.367324054588,0,0,0,0,-17.7900110209367,-13.2904744266516,-3.94999182087427e-05,0.000134593018061149,-2.81792723242789,0.508955041229609
1648,65.92,209.507090653396,8.43287036124086,-218.599872530451,-13.6899968079625,433.364089630568,0,0,0,0,-17.790136273273,-13.2872180430762,-3.94998955280411e-05,0.000134591592100019,-2.82072851890529,0.50895524067951
1649,65.96,209.506686584836,8.43262289178884,-218.596738312393,-13.6900959255528,433.360897930992,0,0,0,0,-17.7902654615765,-13.2840067858571,-3.94998813914722e-05,0.000134590159134811,-2.82334320340986,0.508955472587668
1650,66,209.506299375529,8.4323887883654,-218.593640614012,-13.6901977705725,433.357748971748,0,0,0,0,-17.7903981846415,-13.2808398622014,-3.94998769669183e-05,0.000134588718066802,-2.82577115419498,0.508955734184867
1651,66.04,209.505927286952,8.43216603853297,-218.590579447264,-13.6903020698348,433.354642765518,0,0,0,0,-17.790534088363,-13.2777165812648,-3.94998767883729e-05,0.000134587274389484,-2.82801225236042,0.50895602284572
1652,66.08,209.505568812996,8.43195290068186,-218.587554822664,-13.6904085871694,433.351579322148,0,0,0,0,-17.7906728666294,-13.2746363510143,-3.9499876422889e-05,0.000134585832514467,-2.83006639185522,0.508956336571816
1653,66.12,209.505222645825,8.43174786390326,-218.584566749393,-13.6905171174236,433.348558648738,0,0,0,0,-17.7908142535402,-13.2715986625263,-3.94998741568024e-05,0.000134584394055259,-2.83193347945681,0.50895667382337
1654,66.16,209.50488763666,8.43154959820846,-218.58161523536,-13.6906274757911,433.345580749602,0,0,0,0,-17.7909580095294,-13.2686030654001,-3.94998703350298e-05,0.000134582958549449,-2.83361343476843,0.508957032827632
1655,66.2,209.504562771737,8.43135692611256,-218.57870028728,-13.6907394934443,433.342645626349,0,0,0,0,-17.7911039156988,-13.2656491574149,-3.94998663505223e-05,0.000134581524571593,-2.83510619024042,0.508957411291598
1656,66.24,209.504247171019,8.4311688272726,-218.575821910742,-13.6908530236202,433.339753278109,0,0,0,0,-17.7912517817658,-13.2627365960382,-3.94998635020022e-05,0.000134580090930345,-2.83641169117923,0.508957806953803
1657,66.28,209.503940094173,8.43098445276045,-218.572980110213,-13.6909679500955,433.336903701721,0,0,0,0,-17.7914014571191,-13.2598651142712,-3.94998644095683e-05,0.000134578655260306,-2.83752989572207,0.508958218403403
1658,66.32,209.503640933519,8.43080311866249,-218.570174889049,-13.6910841878325,433.334096891738,0,0,0,0,-17.791552831672,-13.2570345211284,-3.94998678445451e-05,0.000134577219268231,-2.83846077480451,0.508958645361198
1659,66.36,209.503349187212,8.43062426939058,-218.567406249733,-13.6912016728408,433.331332840396,0,0,0,0,-17.7917058226639,-13.2542446813737,-3.94998673208978e-05,0.000134575790338754,-2.83920431216604,0.508959088164685
1660,66.4,209.503064422944,8.43044742607885,-218.564674194457,-13.6913203464608,433.328611537783,0,0,0,0,-17.791860354198,-13.2514954836242,-3.94998622176953e-05,0.000134574370483554,-2.83976050439779,0.508959546813727
1661,66.44,209.502786248971,8.43027214529607,-218.561978725802,-13.6914401427135,433.325932972191,0,0,0,0,-17.79201634077,-13.248786813374,-3.94998568783682e-05,0.000134572956712927,-2.84012936098345,0.508960020178332
1662,66.48,209.502514303163,8.43009800477316,-218.559319847112,-13.691560984885,433.323297130387,0,0,0,0,-17.7921736828281,-13.2461185441271,-3.94998594035683e-05,0.000134571541164881,-2.84031090429087,0.508960505805025
1663,66.52,209.502248259419,8.42992461582257,-218.5566975623,-13.6916827917053,433.320703997602,0,0,0,0,-17.7923322748259,-13.2434905496274,-3.94998858955228e-05,0.000134570106277069,-2.84030516952942,0.508961000357036
1664,66.56,209.501987824852,8.42975162828762,-218.554111875343,-13.6918054854642,433.318153557372,0,0,0,0,-17.792492015809,-13.2409027143445,-3.94999096138873e-05,0.000134568676547856,-2.84011220472348,0.508961500376447
1665,66.6,209.501732717602,8.42957871162315,-218.551562789883,-13.6919289956496,433.315645791512,0,0,0,0,-17.7926528141886,-13.2383549219612,-3.94998875246369e-05,0.000134567293859292,-2.8397320707227,0.508962003010162
1666,66.64,209.501482678908,8.42940557280631,-218.549050309135,-13.6920532650587,433.313180680295,0,0,0,0,-17.7928145957016,-13.2358470653109,-3.94999048088219e-05,0.000134565874054192,-2.8391648412175,0.508962506520108
1667,66.68,209.501237477755,8.42923196345702,-218.546574435926,-13.6921782523759,433.3107582026,0,0,0,0,-17.7929773067671,-13.2333790553662,-3.95000014655049e-05,0.000134564379845765,-2.83841060272113,0.508963010482155
1668,66.72,209.50099686221,8.42905762065824,-218.544135172662,-13.6923039215962,433.30837833581,0,0,0,0,-17.7931409007578,-13.2309507720678,-3.94999920348208e-05,0.000134562999724538,-2.83746945451976,0.508963515600919
1669,66.76,209.500760670403,8.42888239018166,-218.541732521267,-13.6924302540838,433.306041055572,0,0,0,0,-17.7933053536095,-13.22856214316,-3.94999113492552e-05,0.000134561700588989,-2.83634150863503,0.508964023279077
1670,66.8,209.500528903014,8.42870630944234,-218.539366483311,-13.6925572587852,433.303746335668,0,0,0,0,-17.793470677034,-13.2262132419197,-3.95000587070381e-05,0.000134560182193056,-2.83502688982921,0.508964535113648
1671,66.84,209.500301259506,8.42852906825014,-218.537037060373,-13.6926848964855,433.301494148114,0,0,0,0,-17.7936368202461,-13.2239039222682,-3.95002819748894e-05,0.000134558593040078,-2.8335257356094,0.508965052280919
1672,66.88,209.500077061611,8.4283499102255,-218.53474425429,-13.6928130575386,433.299284463214,0,0,0,0,-17.7938036410364,-13.2216336683893,-3.95001692970741e-05,0.00013455734035198,-2.83183819617388,0.508965575094717
1673,66.92,209.499856373498,8.42816892601161,-218.532488067027,-13.692941734881,433.297117249394,0,0,0,0,-17.7939711301751,-13.2194024802252,-3.94999257687497e-05,0.000134556215293647,-2.82996443434217,0.508966103226103
1674,66.96,209.49964007487,8.42798715159589,-218.530268500353,-13.693071049301,433.294992472928,0,0,0,0,-17.7941394442331,-13.2172110699883,-3.95000689947354e-05,0.000134554698173039,-2.82790462553947,0.508966636080094
1675,67,209.499427593852,8.42780395790513,-218.528085555771,-13.6932009061427,433.292910097861,0,0,0,0,-17.7943084602992,-13.2150591065246,-3.95004826848244e-05,0.000134552904601741,-2.82565895780071,0.508967172481675
1676,67.04,209.499216269826,8.42761630303186,-218.525939234629,-13.6933308847626,433.290870086186,0,0,0,0,-17.7944776325492,-13.2129445626248,-3.95005858019159e-05,0.00013455141575594,-2.82322763173482,0.508967710366662
1677,67.08,209.499005057562,8.4274229903483,-218.523829538049,-13.693460792801,433.288872398063,0,0,0,0,-17.7946467112977,-13.2108665521498,-3.95002689658153e-05,0.00013455034128994,-2.82061086049713,0.508968247649442
1678,67.12,209.498797416693,8.42722800593169,-218.521756466624,-13.6935911144437,433.286916991829,0,0,0,0,-17.7948163246705,-13.2088277583175,-3.95000383648662e-05,0.000134549174970374,-2.81780886983391,0.508968783418381
1679,67.16,209.498597594961,8.42703626038175,-218.519720020234,-13.6937224690094,433.285003823823,0,0,0,0,-17.7949872762958,-13.20683170831,-3.95002530421854e-05,0.000134547557690446,-2.81482189813552,0.508969317638366
1680,67.2,209.498404039344,8.42684601696964,-218.51772019816,-13.6938546277298,433.283132848264,0,0,0,0,-17.7951592695384,-13.2048775478767,-3.95006710233972e-05,0.000134545732172194,-2.81165019638987,0.508969849636538
1681,67.24,209.498209201792,8.42664865346342,-218.515756999149,-13.6939864697904,433.281304017267,0,0,0,0,-17.7953308501688,-13.2029595675914,-3.95008381178971e-05,0.00013454415446408,-2.80829402804374,0.508970377564117
1682,67.28,209.498007626086,8.42643793384881,-218.51383042106,-13.6941171675481,433.279517280846,0,0,0,0,-17.7955009440426,-13.2010733168381,-3.95006526309315e-05,0.000134542928492027,-2.80475366889686,0.508970899813975
1683,67.32,209.4978033541,8.42621850758056,-218.511940460172,-13.6942472799472,433.277772586639,0,0,0,0,-17.7956702759997,-13.1992214664882,-3.95004058072023e-05,0.000134541764527995,-2.80102940712083,0.508971416778147
1684,67.36,209.497607525258,8.42600316777331,-218.510087110701,-13.6943784112758,433.276069879462,0,0,0,0,-17.7958409273849,-13.1974122003336,-3.95003884742939e-05,0.000134540372021177,-2.79712154333278,0.508971930803477
1685,67.4,209.49742760348,8.42580051681629,-218.508270364945,-13.6945116493539,433.274409100963,0,0,0,0,-17.7960143097262,-13.1956511857947,-3.950061390451e-05,0.000134538736980197,-2.79303039060008,0.508972444370886
1686,67.44,209.497258635692,8.4256049566445,-218.50649021381,-13.6946462967265,433.272790189584,0,0,0,0,-17.7961895183232,-13.1939349478129,-3.95008942678176e-05,0.000134537046176495,-2.78875627432931,0.508972958666365
1687,67.48,209.497085211718,8.42539892470842,-218.504746647008,-13.6947801465889,433.271213080607,0,0,0,0,-17.7963636900171,-13.1922521827007,-3.95010412158724e-05,0.000134535487352631,-2.78429953207362,0.508973474124329
1688,67.52,209.496893020825,8.42516610569738,-218.503039652461,-13.6949111383815,433.26967770597,0,0,0,0,-17.7965341512273,-13.1905922932706,-3.95009961479824e-05,0.000134534119636465,-2.77966051336824,0.508973991955463
1689,67.56,209.496680775007,8.4249050616187,-218.501369215222,-13.69503906524,433.26818399385,0,0,0,0,-17.7967006334177,-13.18895423739,-3.95008731599718e-05,0.000134532830476645,-2.7748395797142,0.508974514215827
1690,67.6,209.49646302666,8.42463245481791,-218.499735316773,-13.6951659796933,433.266731868307,0,0,0,0,-17.7968657995856,-13.1873486108363,-3.95008392654501e-05,0.000134531454349534,-2.76983710470717,0.50897504134389
1691,67.64,209.496261440004,8.42437307561447,-218.498137935239,-13.6952949496209,433.265321249249,0,0,0,0,-17.7970336302495,-13.1857912151381,-3.9500917390223e-05,0.00013452996909907,-2.76465347417486,0.508975569388707
1692,67.68,209.496090925778,8.42414400555924,-218.496577046211,-13.6954280861195,433.263952052549,0,0,0,0,-17.79720686465,-13.1842928935108,-3.95010186176093e-05,0.000134528464353008,-2.75928908618688,0.508976091164471
1693,67.72,209.495950117756,8.42394375132135,-218.495052623362,-13.695565200191,433.262624189988,0,0,0,0,-17.7973852576741,-13.1828526077405,-3.95011257796588e-05,0.00013452695851979,-2.75374435091596,0.508976602874765
1694,67.76,209.495821087294,8.42375192609254,-218.49356463844,-13.6957037693062,433.261337568948,0,0,0,0,-17.7975655363693,-13.1814573015058,-3.95012731287948e-05,0.000134525418452812,-2.74801969042886,0.508977111762717
1695,67.8,209.495677391264,8.42353842565769,-218.492113060771,-13.6958400657454,433.260092092123,0,0,0,0,-17.7977428640339,-13.1800877942484,-3.95014143873973e-05,0.000134523890614874,-2.74211553850104,0.50897763745456
1696,67.84,209.495496881,8.42327802997127,-218.490697856532,-13.6959709499227,433.258887657483,0,0,0,0,-17.7979131670867,-13.1787280455741,-3.95014555656607e-05,0.000134522468423588,-2.73603234052681,0.50897820359801
1697,67.88,209.495273716591,8.42296411258192,-218.489318987924,-13.6960955664575,433.25772415839,0,0,0,0,-17.7980753355904,-13.1773738282774,-3.95013930899138e-05,0.000134521154557453,-2.72977055355606,0.508978823678604
1698,67.92,209.495022535468,8.4226134057706,-218.48797641247,-13.6962159413814,433.256601483548,0,0,0,0,-17.798231998039,-13.1760356949431,-3.95013667699366e-05,0.000134519808292588,-2.7233306464062,0.508979489375366
1699,67.96,209.494771505386,8.42225807239331,-218.486670082731,-13.6963360009476,433.255519516671,0,0,0,0,-17.7983882484219,-13.1747338683293,-3.95015078539503e-05,0.000134518297924234,-2.71671309973728,0.508980168849183
1700,68,209.494549111947,8.42193062775989,-218.4853999466,-13.6964597053093,433.254478136096,0,0,0,0,-17.7985492249254,-13.1734886892643,-3.9501724464071e-05,0.000134516715444611,-2.70991840603628,0.508980817392984
1701,68.04,209.49437336809,8.42165164225481,-218.484165947921,-13.6965895409034,433.25347721466,0,0,0,0,-17.7987181537793,-13.1723128750493,-3.95018101055384e-05,0.000134515267352048,-2.70294706955454,0.508981396537566
1702,68.08,209.494247709896,8.42142508770901,-218.482968027084,-13.6967259705737,433.252516619845,0,0,0,0,-17.7988956355252,-13.1712086245008,-3.9501775651709e-05,0.000134513942194412,-2.69579960625034,0.508981892866822
1703,68.12,209.494161367114,8.42123877944718,-218.481806121357,-13.6968675048723,433.251596213896,0,0,0,0,-17.7990797374502,-13.1701680133773,-3.95018194015433e-05,0.000134512540997994,-2.68847654372672,0.508982327512181
1704,68.16,209.494091117641,8.42106636754061,-218.480680164966,-13.6970109386604,433.250715853727,0,0,0,0,-17.799266300828,-13.1691743727599,-3.95020019473619e-05,0.0001345110029699,-2.68097842111777,0.50898275212346
1705,68.2,209.49400526643,8.42087184385765,-218.479590088941,-13.6971518792502,433.249875390764,0,0,0,0,-17.799449626439,-13.1682051553744,-3.95022126302755e-05,0.000134509438899655,-2.67330578892023,0.508983233575135
1706,68.24,209.493872341353,8.42061943197261,-218.478535820631,-13.6972859409833,433.249074670995,0,0,0,0,-17.7996240244725,-13.1672381008121,-3.95023529355872e-05,0.000134507947432373,-2.66545920884298,0.508983833694508
1707,68.28,209.493673157281,8.42028733660407,-218.477517282795,-13.6974104317483,433.24831353522,0,0,0,0,-17.7997860023832,-13.1662597577059,-3.95023937185678e-05,0.000134506557829785,-2.6574392537599,0.508984590688731
1708,68.32,209.493409851687,8.41987805295837,-218.476534392508,-13.6975256279702,433.247591819207,0,0,0,0,-17.7999359187183,-13.1652717436277,-3.95023666953302e-05,0.000134505238534365,-2.64924650777639,0.508985506946385
1709,68.36,209.493105392062,8.41941780994872,-218.475587060543,-13.6976347109225,433.246909353579,0,0,0,0,-17.8000779004056,-13.1642902329891,-3.950232778828e-05,0.000134503933764203,-2.64088156633297,0.508986545484877
1710,68.4,209.492793264455,8.41894481073609,-218.474675191759,-13.6977423181094,433.246265963587,0,0,0,0,-17.8002179637114,-13.1633387301822,-3.95023540606021e-05,0.000134502566485064,-2.6323450362688,0.508987635786641
1711,68.44,209.492504251282,8.41849415760669,-218.47379868629,-13.6978526891092,433.245661469075,0,0,0,0,-17.800361609109,-13.1624389314625,-3.95025588655188e-05,0.000134501023219946,-2.62363753582475,0.508988688477812
1712,68.48,209.492258335032,8.41808863402598,-218.472957440657,-13.6979685430391,433.245095684703,0,0,0,0,-17.8005123648294,-13.1616049870727,-3.95028922526267e-05,0.000134499353699328,-2.61475969459503,0.508989615778774
1713,68.52,209.492064370722,8.41773835113655,-218.472151348093,-13.6980910524976,433.244568420176,0,0,0,0,-17.8006717525878,-13.160843037422,-3.95030759817827e-05,0.000134497835933225,-2.60571215344679,0.508990351801964
1714,68.56,209.491924356961,8.41744563534534,-218.471380298134,-13.6982204604928,433.244079480243,0,0,0,0,-17.8008400876894,-13.1601541710736,-3.95030126968847e-05,0.000134496567123294,-2.59649556445044,0.508990866788599
1715,68.6,209.491837001071,8.41720910512622,-218.470644176204,-13.69835659242,433.243628664569,0,0,0,0,-17.8010171433035,-13.1595371089185,-3.95029495932159e-05,0.000134495300189983,-2.58711059086472,0.508991172816308
1716,68.64,209.491796986303,8.41702283410849,-218.469942863887,-13.6984987516979,433.243215767779,0,0,0,0,-17.8012020152086,-13.1589877304186,-3.95030586359127e-05,0.000134493863787924,-2.57755790716045,0.50899132189617
1717,68.68,209.491790889145,8.41687168249562,-218.469276239928,-13.6986451331514,433.242840579729,0,0,0,0,-17.8013923608832,-13.1584961155487,-3.95032464473852e-05,0.000134492352306493,-2.56783819900168,0.508991398358894
1718,68.72,209.491794254364,8.41672795028225,-218.468644181252,-13.6987924004259,433.24250288576,0,0,0,0,-17.8015838515366,-13.1580446706078,-3.95034313457794e-05,0.000134490848261886,-2.55795216311873,0.508991507029967
1719,68.76,209.491773446485,8.41655347829117,-218.468046563065,-13.6989359354232,433.242202466681,0,0,0,0,-17.8017704960912,-13.1576098510312,-3.95036423214041e-05,0.000134489322820481,-2.54790050708986,0.508991758221677
1720,68.8,209.491692914486,8.41630791024324,-218.467483257701,-13.6990708365924,433.241939098536,0,0,0,0,-17.8019459364334,-13.1571673922211,-3.9503842645198e-05,0.000134487812313747,-2.53768394910913,0.50899225056013
1721,68.84,209.491526371325,8.4159614120998,-218.466954132647,-13.6991934605828,433.241712552454,0,0,0,0,-17.8021054469674,-13.1566997041693,-3.95039278692072e-05,0.0001344864207918,-2.52730321783713,0.50899305366183
1722,68.88,209.491267629078,8.4155070140876,-218.466459048687,-13.6993029310857,433.241522594762,0,0,0,0,-17.8022478911813,-13.1562027732188,-3.95039086975829e-05,0.000134485137510822,-2.5167590524101,0.508994194002493
1723,68.92,209.490934167108,8.41496468421614,-218.465997859169,-13.6994016451585,433.24136898722,0,0,0,0,-17.8023763780325,-13.1556882853319,-3.95039189101695e-05,0.000134483828979377,-2.50605220257623,0.508995647500604
1724,68.96,209.490559755736,8.41437292328882,-218.465570410832,-13.6994942438614,433.241251487141,0,0,0,0,-17.8024969270741,-13.1551787367516,-3.95040278530708e-05,0.000134482426233461,-2.49518342881415,0.508997341677881
1725,69,209.490181134929,8.41377358685732,-218.46517654568,-13.6995857536084,433.24116984736,0,0,0,0,-17.8026160583054,-13.154698924452,-3.95041772127579e-05,0.000134480987705388,-2.48415350233912,0.508999168916557
1726,69.04,209.489827426148,8.41319984239361,-218.464816102863,-13.6996801296541,433.241123816272,0,0,0,0,-17.8027389031596,-13.1542691658267,-3.95042978114942e-05,0.00013447958205308,-2.47296320505327,0.509001008043361
1727,69.08,209.489515657366,8.41267110168039,-218.464488919758,-13.6997796626667,433.24111313811,0,0,0,0,-17.8028684342132,-13.1539019805239,-3.95044108642322e-05,0.000134478187040949,-2.46161332952026,0.509002745593267
1728,69.12,209.489250486636,8.41219272061821,-218.464194832095,-13.6998849552003,433.241137553314,0,0,0,0,-17.8030054339218,-13.1536011551815,-3.95046119389752e-05,0.000134476706501227,-2.4501046789352,0.509004287979169
1729,69.16,209.489026863471,8.41175902398218,-218.463933673359,-13.6999952858818,433.24119679873,0,0,0,0,-17.8031489667016,-13.1533630533069,-3.95048835393246e-05,0.000134475158471197,-2.43843806702381,0.509005563633931
1730,69.2,209.488835962504,8.41136004957711,-218.463705273897,-13.7001094207746,433.241290607598,0,0,0,0,-17.8032974316104,-13.1531808702133,-3.95050253704807e-05,0.000134473744483482,-2.42661431790231,0.509006521813369
1731,69.24,209.488672640436,8.41099003206728,-218.463509460267,-13.7002266409191,433.241418709554,0,0,0,0,-17.8034498957098,-13.1530504373525,-3.95049932064153e-05,0.000134472509723747,-2.41463426600784,0.509007134398754
1732,69.28,209.488539801284,8.41065237230606,-218.463346055172,-13.7003473466866,433.241580830836,0,0,0,0,-17.8036068782937,-13.1529736795765,-3.95050281727959e-05,0.00013447121328772,-2.40249875614665,0.509007400265203
1733,69.32,209.488446247725,8.41035718712377,-218.463214877997,-13.7004727560171,433.241776694615,0,0,0,0,-17.8037699593122,-13.1529568562318,-3.95052342125753e-05,0.000134469750808289,-2.39020864356648,0.509007346596971
1734,69.36,209.488400088157,8.41011379743681,-218.463115745656,-13.7006039848565,433.242006021232,0,0,0,0,-17.8039405862,-13.1530053673705,-3.95054360859944e-05,0.000134468296700029,-2.37776479392955,0.509007023863188
1735,69.4,209.488403444501,8.40992471165002,-218.463048473481,-13.7007413219526,433.242268528284,0,0,0,0,-17.8041191329461,-13.1531198532533,-3.95055381689184e-05,0.000134466945660207,-2.3651680831934,0.509006498076879
1736,69.44,209.488450948134,8.40978393352413,-218.463012876081,-13.7008840400356,433.242563930727,0,0,0,0,-17.8043046551656,-13.1532954360905,-3.95056236591844e-05,0.000134465613867881,-2.3524193975101,0.509005847149273
1737,69.48,209.48852939309,8.40967657847144,-218.463008768226,-13.7010303583271,433.242891941171,0,0,0,0,-17.8044948417217,-13.1535218887475,-3.95057457911422e-05,0.000134464248078842,-2.33951963319091,0.50900516420837
1738,69.52,209.488616371503,8.40957732278224,-218.463035965514,-13.7011772560086,433.243252270243,0,0,0,0,-17.8046857733591,-13.1537831931607,-3.95059128300994e-05,0.000134462840475962,-2.32646969666045,0.509004563528861
1739,69.56,209.488679467759,8.40944948645297,-218.463094284423,-13.7013203610797,433.243644626809,0,0,0,0,-17.8048717792702,-13.1540575956732,-3.9506154541596e-05,0.000134461361756305,-2.31327050431994,0.509004180009061
1740,69.6,209.488679360126,8.40924854364378,-218.463183541348,-13.7014543601644,433.244068717995,0,0,0,0,-17.805045968906,-13.1543198317139,-3.95064359168626e-05,0.000134459847378338,-2.2999229823183,0.509004154979021
1741,69.64,209.48857936816,8.40893294817658,-218.463303550524,-13.7015742786193,433.244524249126,0,0,0,0,-17.8052018917194,-13.1545468336101,-3.9506631683249e-05,0.000134458423275727,-2.28642806630369,0.509004609265901
1742,69.68,209.488359651451,8.40848026445287,-218.463454121435,-13.7016774153307,433.245010923764,0,0,0,0,-17.8053360454711,-13.1547262526201,-3.95066745711866e-05,0.000134457157145945,-2.27278670130751,0.509005612996883
1743,69.72,209.488027444856,8.40789881191902,-218.463635057034,-13.7017647538984,433.245528443869,0,0,0,0,-17.8054497055979,-13.1548626263424,-3.95066617393576e-05,0.000134455951335511,-2.25899984185245,0.509007164500181
1744,69.76,209.487614267285,8.40722448961168,-218.463846153975,-13.701840578298,433.246076509946,0,0,0,0,-17.8055484267532,-13.1549754233857,-3.95067365657346e-05,0.00013445466155899,-2.24506845213929,0.509009187780694
1745,69.8,209.487161511277,8.40650438171151,-218.464087204795,-13.7019104867103,433.246654821071,0,0,0,0,-17.8056394679329,-13.1550902214338,-3.95069075718745e-05,0.00013445327937726,-2.23099350609425,0.509011552091696
1746,69.84,209.486705860724,8.40578018856625,-218.464358000596,-13.7019794020878,433.247263074842,0,0,0,0,-17.8057292135702,-13.1552302888085,-3.95070838991266e-05,0.000134451897185989,-2.21677598725542,0.509014108142667
1747,69.88,209.486273276051,8.40508142010156,-218.46465833289,-13.7020507785787,433.247900967418,0,0,0,0,-17.8058221446104,-13.155413254372,-3.95072440959818e-05,0.000134450538417938,-2.20241688864477,0.509016725340393
1748,69.92,209.485880027711,8.40442659334996,-218.464987994305,-13.7021267649919,433.248568193658,0,0,0,0,-17.8059210497674,-13.1556513491459,-3.95074711095617e-05,0.000134449121067542,-2.18791721271746,0.50901931196582
1749,69.96,209.485535051795,8.40382590943415,-218.465346778493,-13.7022085263839,433.249264447237,0,0,0,0,-17.8060274416985,-13.1559520229163,-3.95077741196978e-05,0.000134447634773651,-2.17327797133503,0.509021811361642
1750,70,209.485241429562,8.40328293189968,-218.46573447957,-13.7022964434447,433.249989420678,0,0,0,0,-17.8061418151374,-13.156318296657,-3.95079690900285e-05,0.000134446260290976,-2.15850018569612,0.509024183387199
1751,70.04,209.484997409291,8.40279575903009,-218.466150891379,-13.702390263725,433.250742805364,0,0,0,0,-17.8062638430024,-13.1567493678126,-3.95079529381434e-05,0.000134445097120365,-2.14358488625489,0.509026387016234
1752,70.08,209.484796361156,8.40235698463807,-218.466595806963,-13.7024891081839,433.251524291665,0,0,0,0,-17.8063923850128,-13.1572406826728,-3.95079498740055e-05,0.000134443919701948,-2.12853311267597,0.509028374014647
1753,70.12,209.484625286963,8.40195199737238,-218.467069018449,-13.7025912610986,433.252333569137,0,0,0,0,-17.8065252152666,-13.1577828029191,-3.95081863643846e-05,0.000134442503160896,-2.1133459137788,0.509030093650578
1754,70.16,209.484464712038,8.40155883099426,-218.467570317093,-13.7026941285644,433.253170326701,0,0,0,0,-17.8066589684739,-13.1583611405829,-3.95085524522461e-05,0.000134440960208304,-2.09802434737974,0.50903150227012
1755,70.2,209.484293998878,8.40115417596578,-218.468099493169,-13.7027949366257,433.254034252707,0,0,0,0,-17.8067900457369,-13.1589599336425,-3.95087990958646e-05,0.000134439541781161,-2.08256948006083,0.509032571325741
1756,70.24,209.484101247922,8.40072462023869,-218.468656335614,-13.7028920716861,433.254925034983,0,0,0,0,-17.8069163536072,-13.159569984927,-3.95088384732915e-05,0.00013443833628444,-2.06698238703276,0.50903329081269
1757,70.28,209.48389046176,8.40027479229188,-218.46924063177,-13.7029860597088,433.255842360947,0,0,0,0,-17.8070385744678,-13.1601942760921,-3.95088021771303e-05,0.000134437211992256,-2.05126415219625,0.509033668450492
1758,70.32,209.483679098661,8.3998245841798,-218.469852167551,-13.703079235733,433.256785917766,0,0,0,0,-17.8071597377163,-13.1608459829763,-3.95089264854108e-05,0.000134435932347213,-2.03541586828463,0.509033726509382
1759,70.36,209.483487470907,8.39939710970564,-218.470490727937,-13.7031743033031,433.257755392442,0,0,0,0,-17.8072833508002,-13.1615401891461,-3.95092863594095e-05,0.000134434422146044,-2.01943863687729,0.50903349802869
1760,70.4,209.483328905457,8.39900753850631,-218.471156097322,-13.7032730075356,433.258750471808,0,0,0,0,-17.807411677702,-13.1622863393864,-3.9509652801574e-05,0.000134432910151727,-2.00333356822365,0.509033022404911
1761,70.44,209.483207973579,8.39866110663852,-218.471848059495,-13.7033759160672,433.259770842503,0,0,0,0,-17.8075454547193,-13.1630870568565,-3.95097981828394e-05,0.00013443162378239,-1.98710178101429,0.509032338291294
1762,70.48,209.483125510282,8.39835883515997,-218.472566397471,-13.7034831184456,433.260816191038,0,0,0,0,-17.8076847977914,-13.1639421937036,-3.95098305568875e-05,0.000134430454854732,-1.97074440226641,0.509031472935648
1763,70.52,209.483083410529,8.39810297373892,-218.47331089355,-13.7035948735865,433.261886203927,0,0,0,0,-17.8078300424285,-13.1648524547696,-3.95099729033222e-05,0.000134429180323109,-1.95426256733517,0.509030432186864
1764,70.56,209.483084902607,8.39789728979332,-218.474081329771,-13.7037116251982,433.262980567783,0,0,0,0,-17.8079817636202,-13.1658192844206,-3.95102112160593e-05,0.000134427814149796,-1.9376574199176,0.509029199305876
1765,70.6,209.483132204231,8.39774439140338,-218.474877488579,-13.7038336679427,433.26409896935,0,0,0,0,-17.8081403426349,-13.1668428573638,-3.95104270490263e-05,0.000134426474821457,-1.92093011196331,0.509027748127554
1766,70.64,209.483225110779,8.39764413009551,-218.47569915345,-13.7039609613957,433.265241095529,0,0,0,0,-17.8083057256786,-13.1679211452005,-3.95106134845711e-05,0.000134425169426913,-1.9040818035446,0.50902606783546
1767,70.68,209.483360631954,8.3975932080071,-218.476546109384,-13.704093100125,433.266406633456,0,0,0,0,-17.8084773853236,-13.1690501060863,-3.95107913143913e-05,0.000134423877335465,-1.88711366277113,0.509024188929367
1768,70.72,209.483531299305,8.39758327591439,-218.477418143373,-13.7042291038271,433.267595270591,0,0,0,0,-17.8086540488194,-13.1702231470623,-3.95109564531251e-05,0.000134422602644327,-1.87002686574882,0.509022199247478
1769,70.76,209.483721164582,8.39759640588148,-218.478315044963,-13.7043668910634,433.268806694727,0,0,0,0,-17.8088330161699,-13.1714291060351,-3.9511140319818e-05,0.000134421313932054,-1.85282259651397,0.509020245209499
1770,70.8,209.483901240256,8.39759992209045,-218.479236606706,-13.704502669069,433.27004059394,0,0,0,0,-17.809009369305,-13.1726497821725,-3.95113955528233e-05,0.000134419958719871,-1.83550204688494,0.509018519792444
1771,70.84,209.484028203927,8.39754491404334,-218.480182623903,-13.7046307427644,433.271296656551,0,0,0,0,-17.8091757245824,-13.1738591770952,-3.95117355791316e-05,0.000134418523695866,-1.81806641621106,0.509017239632311
1772,70.88,209.484051067026,8.39737376153527,-218.481152892789,-13.7047443728482,433.272574571128,0,0,0,0,-17.8093233451452,-13.1750271880165,-3.95120796703243e-05,0.000134417089314563,-1.80051691104824,0.509016611899805
1773,70.92,209.483927461965,8.3970385700628,-218.482147206876,-13.7048379276859,433.273874026464,0,0,0,0,-17.8094449303875,-13.1761289491049,-3.95122911915077e-05,0.000134415791714509,-1.78285474488486,0.509016793433021
1774,70.96,209.483642799034,8.39652288900136,-218.483165352664,-13.7049094487804,433.275194711477,0,0,0,0,-17.8095379414853,-13.1771559797689,-3.95123461757162e-05,0.000134414654637426,-1.76508113809622,0.509017850694429
1775,71,209.483218732026,8.39585132271084,-218.484207107241,-13.7049617984954,433.276536315052,0,0,0,0,-17.8096060889689,-13.1781208923892,-3.95123866047827e-05,0.000134413536210794,-1.74719731815235,0.509019734371192
1776,71.04,209.482702899507,8.39507789757998,-218.485272239618,-13.7050012844027,433.277898525947,0,0,0,0,-17.8096575493599,-13.1790510564621,-3.9512537221222e-05,0.000134412311860981,-1.7292045198441,0.509022282409615
1777,71.08,209.482147569528,8.39426184727352,-218.486360514895,-13.7050347956439,433.279281032793,0,0,0,0,-17.8097012533925,-13.1799763955426,-3.95127846285303e-05,0.000134410995020625,-1.71110398528619,0.509025257560889
1778,71.12,209.481593049054,8.39344882720847,-218.487471698308,-13.705067603933,433.280683524087,0,0,0,0,-17.8097440358893,-13.1809204640942,-3.95130669639063e-05,0.00013440964726597,-1.69289696371254,0.509028409125118
1779,71.16,209.481063569238,8.39266628682548,-218.488605557074,-13.7051028486396,433.282105688127,0,0,0,0,-17.8097899682087,-13.1818984015687,-3.95133362587552e-05,0.000134408316014791,-1.6745847112485,0.509031531857275
1780,71.2,209.480571328563,8.39192807136901,-218.489761860212,-13.7051420954793,433.283547212886,0,0,0,0,-17.8098410820771,-13.182919033358,-3.95135667587491e-05,0.000134407026848899,-1.65616849077869,0.509034495438425
1781,71.24,209.480121775585,8.39124040615921,-218.490940377634,-13.705186038854,433.285007785913,0,0,0,0,-17.8098982797212,-13.1839875088808,-3.95138097162373e-05,0.000134405729314593,-1.63764957188781,0.509037239284947
1782,71.28,209.479717104471,8.39060585010714,-218.492140879439,-13.7052349605401,433.286487094343,0,0,0,0,-17.8099619282492,-13.1851069434802,-3.95141202981284e-05,0.000134404369705268,-1.61902923081923,0.509039749498536
1783,71.32,209.47935766239,8.39002488293624,-218.493363135623,-13.705288909885,433.287984824962,0,0,0,0,-17.8100320930083,-13.1862788891677,-3.95143989745621e-05,0.000134403048582997,-1.60030875042764,0.509042038440638
1784,71.36,209.47904192406,8.38949586832228,-218.494606916013,-13.705347692474,433.289500664225,0,0,0,0,-17.8101085227153,-13.1875031093826,-3.95145202523413e-05,0.000134401891105126,-1.5814894201073,0.509044135478645
1785,71.4,209.478765993417,8.38901448622056,-218.495871990148,-13.7054108008516,433.291034298197,0,0,0,0,-17.8101905596253,-13.1887772979565,-3.95146245183366e-05,0.000134400755295032,-1.5625725356905,0.509046084108288
1786,71.44,209.478523273012,8.38857335614976,-218.497158127037,-13.7054773686288,433.292585412528,0,0,0,0,-17.8102770801238,-13.190096935781,-3.95149502715392e-05,0.000134399401060075,-1.5435593993275,0.509047935904153
1787,71.48,209.478305390749,8.38816307746445,-218.498465094821,-13.7055462844434,433.294153692549,0,0,0,0,-17.8103666426367,-13.1914558911159,-3.95153929014961e-05,0.000134397932613782,-1.5244513193471,0.509049736866473
1788,71.52,209.478105849745,8.38777635556365,-218.499792660336,-13.7056166688673,433.295738823385,0,0,0,0,-17.8104581062919,-13.1928490764508,-3.95156581462952e-05,0.000134396644923419,-1.50524961011902,0.50905151074305
1789,71.56,209.477925050558,8.38741369782495,-218.501140588599,-13.7056885486538,433.297340489986,0,0,0,0,-17.8105515056338,-13.1942764455694,-3.95157498722635e-05,0.000134395534941509,-1.48595559198525,0.509053248790402
1790,71.6,209.4777715589,8.38708486663045,-218.502508642446,-13.7057630423399,433.298958377055,0,0,0,0,-17.8106482915393,-13.1957442617355,-3.95158976123379e-05,0.000134394373452391,-1.46657059128378,0.50905491258221
1791,71.64,209.47765619086,8.38680219222614,-218.503896582673,-13.7058415876896,433.300592168996,0,0,0,0,-17.8107503290892,-13.1972606114554,-3.95161727083799e-05,0.000134393089128578,-1.44709594037376,0.509056448774777
1792,71.68,209.477582202111,8.38656946658651,-218.505304168783,-13.7059246456812,433.302241549989,0,0,0,0,-17.8108582162013,-13.1988277063931,-3.95164737940948e-05,0.000134391783637706,-1.42753297755591,0.509057808078615
1793,71.72,209.47753851316,8.38637427571603,-218.506731159968,-13.7060108067378,433.30390620415,0,0,0,0,-17.8109701241018,-13.2004367400302,-3.95167530654387e-05,0.000134390505647017,-1.40788304688329,0.50905895900409
1794,71.76,209.477499790711,8.38618808976841,-218.508177315751,-13.7060967989187,433.305585815612,0,0,0,0,-17.8110818081196,-13.2020683743769,-3.95170584267557e-05,0.000134389208135442,-1.38814749792381,0.509059890654732
1795,71.8,209.477432726152,8.38597334944897,-218.509642395813,-13.7061782959493,433.307280068465,0,0,0,0,-17.8111876561496,-13.2036978042431,-3.95174026044344e-05,0.00013438787835474,-1.36832768551548,0.50906060568415
1796,71.84,209.477306611092,8.38569540694164,-218.511126158903,-13.7062512835809,433.308988646634,0,0,0,0,-17.8112824611341,-13.2053025147236,-3.9517708728582e-05,0.000134386592129901,-1.34842496954437,0.509061110114062
1797,71.88,209.477105326041,8.38533608317073,-218.512628361259,-13.7063136297116,433.310711233841,0,0,0,0,-17.8113634575453,-13.2068707759808,-3.95179124715074e-05,0.000134385412744515,-1.32844071483411,0.509061406830432
1798,71.92,209.476835015078,8.38490236152287,-218.514148755425,-13.7063661047027,433.312447513683,0,0,0,0,-17.8114316446007,-13.2084069472789,-3.95180675730411e-05,0.000134384286119132,-1.30837629121309,0.509061494767205
1799,71.96,209.476521897397,8.38442391977843,-218.515687090175,-13.706412101878,433.314197169671,0,0,0,0,-17.811491423692,-13.2099297716728,-3.95182810040759e-05,0.000134383104900646,-1.28823307365758,0.509061371449986
1800,72,209.476200974732,8.38394035341712,-218.517243111569,-13.7064561522539,433.315959885138,0,0,0,0,-17.8115486721245,-13.2114643991983,-3.95185783902754e-05,0.000134381842397272,-1.2680124423295,0.509061036814737
1801,72.04,209.475902918377,8.38348634827467,-218.518816564351,-13.7065022086292,433.317735343083,0,0,0,0,-17.8116085176275,-13.213033196291,-3.95188902569217e-05,0.00013438056756906,-1.24771578245765,0.509060498877415
1802,72.08,209.475645765389,8.38308231249314,-218.520407192866,-13.7065525803879,433.319523226149,0,0,0,0,-17.8116739564506,-13.21464965819,-3.95191469659663e-05,0.000134379351695844,-1.2273444841625,0.509059781430825
1803,72.12,209.475432437295,8.3827315932052,-218.522014741258,-13.7066076314206,433.321323216768,0,0,0,0,-17.8117454610334,-13.2163160903815,-3.95193970638676e-05,0.000134378149511581,-1.20689994230865,0.509058929800109
1804,72.16,209.475252408666,8.38242236092123,-218.523638953183,-13.7066659963891,433.323134997317,0,0,0,0,-17.811821260236,-13.2180243464974,-3.9519758528937e-05,0.000134376845789039,-1.18638355635613,0.509058008521572
1805,72.2,209.475087204393,8.38213380240809,-218.525279571255,-13.7067252769179,433.324958250158,0,0,0,0,-17.811898242521,-13.2197598909225,-3.95201810010195e-05,0.000134375491702053,-1.16579673016484,0.509057088537847
1806,72.24,209.474919511261,8.38184640494044,-218.526936336272,-13.7067832150021,433.326792657594,0,0,0,0,-17.8119734784276,-13.2215090380128,-3.95204589411319e-05,0.000134374292049396,-1.14514087181265,0.509056227985787
1807,72.28,209.474742417117,8.3815524067835,-218.528608986466,-13.706838905134,433.328637901934,0,0,0,0,-17.8120457932109,-13.2232663480952,-3.95205590572624e-05,0.000134373278872196,-1.12441739355587,0.509055454294768
1808,72.32,209.474562486912,8.38125929009975,-218.53029725718,-13.7068932116986,433.330493665691,0,0,0,0,-17.8121163083162,-13.2250369919632,-3.95207211256772e-05,0.000134372211038798,-1.10362771194693,0.50905475426903
1809,72.36,209.474393566285,8.38098277560174,-218.532000881226,-13.7069479598838,433.332359631793,0,0,0,0,-17.8121873916922,-13.2268316478331,-3.95211428852517e-05,0.000134370889293149,-1.08277324792528,0.509054075574619
1810,72.4,209.474246606172,8.38073530482894,-218.533719589635,-13.7070045926335,433.334235483612,0,0,0,0,-17.8122609154535,-13.2286583656955,-3.95216696007413e-05,0.000134369466878404,-1.06185542669273,0.509053339877515
1811,72.44,209.474124816798,8.38052055786807,-218.535453112312,-13.7070635336233,433.336120904865,0,0,0,0,-17.8123374294469,-13.2305189110677,-3.9521994155613e-05,0.000134368249839176,-1.04087567742538,0.509052464044347
1812,72.48,209.474027098992,8.38033734476112,-218.537201178427,-13.7071246469288,433.338015579587,0,0,0,0,-17.8124167574886,-13.2324117585203,-3.95221367509564e-05,0.000134367217624177,-1.01983543305796,0.509051381235455
1813,72.52,209.473953744062,8.380186054793,-218.53896351674,-13.7071879862576,433.339919192267,0,0,0,0,-17.8124989692288,-13.2343366437657,-3.9522375517772e-05,0.000134366092575806,-0.998736130258784,0.509050052007047
1814,72.56,209.47390791129,8.38007031098018,-218.540739855962,-13.7072539717613,433.341831428033,0,0,0,0,-17.8125846094586,-13.236295458168,-3.95227552304681e-05,0.000134364830909339,-0.977579209461275,0.509048460023716
1815,72.6,209.473893342161,8.37999436742512,-218.542529925009,-13.7073230729457,433.34375197269,0,0,0,0,-17.8126742867438,-13.2382901977171,-3.95231006225323e-05,0.000134363608743825,-0.956366114784175,0.509046595961617
1816,72.64,209.473912813959,8.37996136320455,-218.544333452905,-13.7073956089799,433.345680512639,0,0,0,0,-17.8127684143648,-13.2403217361045,-3.95233808087417e-05,0.000134362457303005,-0.935098293861748,0.509044440399252
1817,72.68,209.473968884956,8.37997418248532,-218.546150168403,-13.7074718639616,433.347616734836,0,0,0,0,-17.8128673598313,-13.24239045328,-3.95236766068156e-05,0.000134361295792419,-0.913777197710281,0.509041956234906
1818,72.72,209.474064945955,8.38003665609262,-218.547979799622,-13.7075522374263,433.349560326911,0,0,0,0,-17.8129716401748,-13.2444969974088,-3.95239928798012e-05,0.000134360119364152,-0.892404280662166,0.509039094096273
1819,72.76,209.474205345922,8.38015370806748,-218.549822073946,-13.7076372655512,433.351510977352,0,0,0,0,-17.8130819495516,-13.2466423486559,-3.95243112699393e-05,0.00013435894644008,-0.870981000302995,0.509035806703951
1820,72.8,209.474394999606,8.38033091396644,-218.551676718313,-13.7077275716349,433.353468375587,0,0,0,0,-17.8131990950721,-13.2488276375508,-3.95246341912673e-05,0.000134357774670132,-0.849508817381333,0.509032065608596
1821,72.84,209.474638406464,8.38057338972693,-218.553543459875,-13.7078237353369,433.355432211949,0,0,0,0,-17.8133238272415,-13.2510536467865,-3.95249516879896e-05,0.000134356614065796,-0.827989195713802,0.509027876841077
1822,72.88,209.474937452641,8.38088330805148,-218.555422027039,-13.7079260060189,433.357402177648,0,0,0,0,-17.8134564683268,-13.2533195925619,-3.95252558409123e-05,0.000134355472617811,-0.80642360210799,0.509023297017683
1823,72.92,209.475287690987,8.38125571004765,-218.557312150848,-13.7080338330909,433.359377964878,0,0,0,0,-17.813596303655,-13.2556211763432,-3.95255449589889e-05,0.000134354352035228,-0.784813506306309,0.509018452107744
1824,72.96,209.475673033947,8.38167253369161,-218.559213566634,-13.7081452001141,433.361359267004,0,0,0,0,-17.8137407186876,-13.2579479823243,-3.95258342034998e-05,0.000134353237050991,-0.763160380922119,0.509013554972527
1825,73,209.476059682349,8.38209577038224,-218.561126015567,-13.7082558511367,433.363345778671,0,0,0,0,-17.8138841964179,-13.2602805649015,-3.95261802116004e-05,0.000134352071093797,-0.741465701305596,0.50900891009723
1826,73.04,209.476392600498,8.3824634719589,-218.563049244988,-13.7083588222583,433.365337195786,0,0,0,0,-17.8140177102353,-13.2625887452639,-3.95266310588851e-05,0.000134350806659742,-0.719730945275558,0.509004892105218
1827,73.08,209.476600538613,8.38269537895443,-218.564983005984,-13.7084450497982,433.367333215441,0,0,0,0,-17.8141295120496,-13.2648341286054,-3.95271381716124e-05,0.000134349492780991,-0.697957592712822,0.509001892119639
1828,73.12,209.476614442088,8.38271365518524,-218.566927047304,-13.7085057017033,433.36933353591,0,0,0,0,-17.8142081540073,-13.2669796636739,-3.9527556111594e-05,0.000134348274261067,-0.676147125144211,0.509000240515701
1829,73.16,209.476395034026,8.38247401283722,-218.568881107024,-13.7085357284902,433.371337856703,0,0,0,0,-17.8142470911063,-13.2690044037598,-3.95277837996946e-05,0.000134347250924077,-0.654301025583141,0.509000127824295
1830,73.2,209.475952924748,8.38198843443086,-218.570844906251,-13.7085364820146,433.373345878583,0,0,0,0,-17.8142480755181,-13.2709141812003,-3.95279047332868e-05,0.000134346338777185,-0.632420778788757,0.509001549102327
1831,73.24,209.475344430997,8.3813204554212,-218.572818149313,-13.7085151786,433.375357303489,0,0,0,0,-17.814220460479,-13.2727387429412,-3.95280946770872e-05,0.000134345362631099,-0.610507871696618,0.509004292101269
1832,73.28,209.474645123778,8.38055528591413,-218.57480053064,-13.7084814658893,433.377371834393,0,0,0,0,-17.8141767504376,-13.2745174443182,-3.95284143742281e-05,0.000134344262648507,-0.588563793579827,0.509007981222018
1833,73.32,209.473921538104,8.37976789025737,-218.576791743595,-13.7084437837945,433.379389175236,0,0,0,0,-17.8141278848194,-13.2762850755269,-3.95288105991901e-05,0.000134343092538525,-0.566590035823178,0.509012172216661
1834,73.36,209.473217987912,8.37900815560779,-218.578791486125,-13.7084077125492,433.381409030978,0,0,0,0,-17.8140810972066,-13.278065656375,-3.95292305039205e-05,0.000134341904993363,-0.544588091565219,0.509016463626005
1835,73.4,209.472557993567,8.37830254645919,-218.580799462038,-13.7083761985688,433.383431107715,0,0,0,0,-17.8140402079002,-13.2798730503207,-3.95296355849547e-05,0.00013434073816044,-0.52255945546259,0.509020573658745
1836,73.44,209.471950837119,8.37766150967029,-218.582815379885,-13.7083504053879,433.385455112722,0,0,0,0,-17.8140067264932,-13.2817138255243,-3.95300075973418e-05,0.000134339610159699,-0.50050562359084,0.509024352678404
1837,73.48,209.471397447452,8.37708610045194,-218.584838951458,-13.708330456,433.387480754459,0,0,0,0,-17.8139808138025,-13.2835899303388,-3.95303591428952e-05,0.000134338508380585,-0.478428093382909,0.509027745885298
1838,73.52,209.470894699428,8.37657281636017,-218.586869890777,-13.7083159687884,433.389507742633,0,0,0,0,-17.8139619763933,-13.2855008727111,-3.95307058258109e-05,0.000134337417101393,-0.456328363575618,0.509030745451792
1839,73.56,209.470438198894,8.3761167221908,-218.588907913676,-13.7083063980159,433.391535788395,0,0,0,0,-17.8139495078671,-13.2874452855238,-3.95310667691076e-05,0.000134336317089769,-0.434207934162867,0.50903336093482
1840,73.6,209.470023650985,8.37571297947804,-218.590952737634,-13.7083011953889,433.39356460453,0,0,0,0,-17.81394269825,-13.2894217193226,-3.95314434897335e-05,0.000134335206965758,-0.412068306330085,0.509035611444461
1841,73.64,209.469647153393,8.37535717388027,-218.593004081407,-13.7082998446389,433.395593905559,0,0,0,0,-17.8139408787707,-13.2914286970216,-3.95317917799336e-05,0.000134334131255383,-0.389910982356184,0.509037527024445
1842,73.68,209.469305056861,8.3750451656551,-218.595061664387,-13.7083018521686,433.397623407762,0,0,0,0,-17.8139434097535,-13.2934644726439,-3.95321142980404e-05,0.000134333087349453,-0.367737465493267,0.509039147447701
1843,73.72,209.468994204289,8.37477337485961,-218.597125205911,-13.7083067938885,433.399652829229,0,0,0,0,-17.8139497415161,-13.2955272683492,-3.95325148448319e-05,0.000134331970767929,-0.345549259856912,0.509040515574177
1844,73.76,209.46871250006,8.37453943732243,-218.599194424908,-13.7083144023803,433.401681890027,0,0,0,0,-17.8139595276201,-13.2976159476688,-3.95329859151227e-05,0.000134330787629646,-0.323347870351236,0.509041668117836
1845,73.8,209.46845884491,8.37434213359193,-218.601269039956,-13.7083245610971,433.403710312371,0,0,0,0,-17.8139726174312,-13.2997301151682,-3.95333174992415e-05,0.000134329746511983,-0.301134802603355,0.509042626688577
1846,73.84,209.468232011732,8.37418011671534,-218.603348769618,-13.7083371560708,433.405737820706,0,0,0,0,-17.8139888636789,-13.3018692194521,-3.9533484330407e-05,0.000134328872000831,-0.278911562869123,0.509043391260285
1847,73.88,209.468028862859,8.37404989621922,-218.605433332939,-13.708351842101,433.407764141679,0,0,0,0,-17.8140078190307,-13.3040311142047,-3.95337875135987e-05,0.000134327863286237,-0.256679657915405,0.509043939314945
1848,73.92,209.46784295322,8.37394424423195,-218.607522449947,-13.7083678451957,433.409789004131,0,0,0,0,-17.8140284797482,-13.3062108580379,-3.95343472350288e-05,0.00013432660113404,-0.234440594876489,0.509044233970045
1849,73.96,209.46766600001,8.37385382441462,-218.60961584196,-13.7083841216102,433.411812139166,0,0,0,0,-17.8140494919569,-13.3084016865037,-3.95348933822304e-05,0.000134325356941239,-0.212195881058397,0.509044240860101
1850,74,209.467493650751,8.37377369189105,-218.611713231434,-13.70840008998,433.413833280274,0,0,0,0,-17.8140701014013,-13.3105996242036,-3.95352125985858e-05,0.000134324345460345,-0.189947023768767,0.509043947934234
1851,74.04,209.467331189998,8.37370975546293,-218.613814341508,-13.7084163873491,433.415852163392,0,0,0,0,-17.8140911343206,-13.3128083597813,-3.95354202564711e-05,0.000134323452579846,-0.167695530308531,0.509043379065224
1852,74.08,209.467191968748,8.37367703251955,-218.615918895785,-13.7084346948932,433.417868526907,0,0,0,0,-17.814114771524,-13.3150382023655,-3.95357186654743e-05,0.000134322476997213,-0.145442908081954,0.509042595320699
1853,74.12,209.467087650718,8.3736886594671,-218.618026618704,-13.7084565016846,433.41988211164,0,0,0,0,-17.8141429447014,-13.3172982402937,-3.95361321782673e-05,0.000134321395277683,-0.123190664621546,0.509041685236068
1854,74.16,209.467017460125,8.37374377122346,-218.620137236277,-13.7084817357048,433.421892660884,0,0,0,0,-17.8141755604005,-13.3195877325366,-3.95365722319977e-05,0.000134320296736369,-0.10094030741615,0.509040750397555
1855,74.2,209.466964063853,8.37382286101336,-218.622250476646,-13.7085082409926,433.423899920478,0,0,0,0,-17.8142098217411,-13.3218930345641,-3.9537012534642e-05,0.000134319207498563,-0.0786933436027971,0.50903989112136
1856,74.24,209.466898239035,8.37389303138141,-218.624366069986,-13.708532361198,433.425903638838,0,0,0,0,-17.814240985567,-13.3241915312736,-3.9537468043533e-05,0.000134318111058142,-0.0564512796374959,0.509039193002837
1857,74.28,209.46679005665,8.37392057234822,-218.626483747625,-13.7085503349596,433.427903566887,0,0,0,0,-17.8142641726455,-13.3264603185354,-3.9537902373163e-05,0.000134317041802974,-0.0342156210341206,0.50903871442437
1858,74.32,209.466622156991,8.37388590215549,-218.628603240679,-13.7085599624373,433.429899457953,0,0,0,0,-17.8142765293881,-13.328686165277,-3.95382687949854e-05,0.000134316045328971,-0.0119878722587454,0.509038477612551
1859,74.36,209.466398593766,8.37379353550828,-218.63072427889,-13.7085617305795,433.431891067727,0,0,0,0,-17.8142786873727,-13.3308720283308,-3.95385757838074e-05,0.00013431511284099,0.0102304631734978,0.509038466802069
1860,74.4,209.466143307257,8.37367037518659,-218.632846590417,-13.7085586318417,433.433878154329,0,0,0,0,-17.8142745281983,-13.3330357688024,-3.95388613500308e-05,0.000134314205622897,0.0324378825131219,0.509038634496538
1861,74.44,209.465888597469,8.37355273273275,-218.634969902744,-13.7085547108941,433.435860478374,0,0,0,0,-17.8142692985266,-13.3352014961559,-3.9539186901663e-05,0.000134313260646831,0.0546328837172008,0.509038913583015
1862,74.48,209.465661297084,8.37347075556456,-218.637093944024,-13.7085533174322,433.437837802976,0,0,0,0,-17.814267343808,-13.3373892396876,-3.95396436862383e-05,0.000134312185305747,0.0768139656092546,0.509039231645739
1863,74.52,209.465475267943,8.37343997981066,-218.639218444022,-13.7085561615728,433.439809893728,0,0,0,0,-17.8142708827656,-13.3396091624297,-3.95402079211948e-05,0.000134311004138073,0.0989796281614932,0.50903952351747
1864,74.56,209.465333061061,8.37346320561713,-218.641343134244,-13.7085635290545,433.441776518743,0,0,0,0,-17.8142802862339,-13.3418626137903,-3.95406806996636e-05,0.000134309919283031,0.121128372743232,0.509039738676458
1865,74.6,209.465233166334,8.37353866996156,-218.643467747494,-13.7085752049122,433.443737448779,0,0,0,0,-17.8142952752828,-13.3441477121985,-3.95409746232385e-05,0.000134309021843664,0.1432587022438,0.509039842758024
1866,74.64,209.465176546269,8.37366741630776,-218.645592017336,-13.7085913100683,433.445692457365,0,0,0,0,-17.8143160065872,-13.3464645311285,-3.95412637979653e-05,0.000134308139371393,0.165369121072475,0.509039815744558
1867,74.68,209.465167756581,8.37385455950311,-218.647715677973,-13.7086124458178,433.447641320869,0,0,0,0,-17.8143432599083,-13.3488158218666,-3.95416800680001e-05,0.00013430713917578,0.187458135124531,0.509039649964999
1868,74.72,209.465211024646,8.37410485655694,-218.649838464813,-13.70863918558,433.449583818483,0,0,0,0,-17.8143777786845,-13.3512036288277,-3.95421375269822e-05,0.000134306105426467,0.209524251827041,0.509039348902498
1869,74.76,209.465305823417,8.37441770969259,-218.651960115569,-13.7086715029145,433.451519732208,0,0,0,0,-17.8144195279458,-13.3536258460944,-3.95425456413956e-05,0.000134305127457367,0.23156598028368,0.509038925904069
1870,74.8,209.465444939167,8.3747849940878,-218.654080371423,-13.7087085303756,433.453448846878,0,0,0,0,-17.8144673815898,-13.3560752646961,-3.95429227290219e-05,0.000134304186373774,0.253581831431272,0.509038401436722
1871,74.84,209.465613500048,8.37518997787353,-218.656198977863,-13.7087484501814,433.455370950219,0,0,0,0,-17.8145189809891,-13.3585397641548,-3.95433028065688e-05,0.000134303247820445,0.275570318151326,0.509037798069883
1872,74.88,209.465786719221,8.37560479052754,-218.658315685012,-13.7087882191637,433.457285832868,0,0,0,0,-17.8145703789291,-13.3610016538504,-3.95437233020931e-05,0.000134302274243165,0.297529955383362,0.509037133769693
1873,74.92,209.465927919374,8.37598819205459,-218.660430247297,-13.7088233137208,433.459193288337,0,0,0,0,-17.8146157093561,-13.363436814707,-3.95442278109043e-05,0.000134301222214472,0.319459260316423,0.509036415872711
1874,74.96,209.465991715035,8.37628912776269,-218.662542422134,-13.7088481035385,433.461093112946,0,0,0,0,-17.8146476720061,-13.3658165678055,-3.95447814200452e-05,0.000134300126859561,0.341356752682293,0.509035639181629
1875,75,209.465935902141,8.37646008079326,-218.664651967337,-13.7088573170838,433.462985105768,0,0,0,0,-17.8146594322382,-13.3681146918649,-3.95452648636278e-05,0.000134299107335208,0.363220955066852,0.509034790841091
1876,75.04,209.46573875171,8.37647653304153,-218.666758637742,-13.7088482121635,433.464869068574,0,0,0,0,-17.8146474348661,-13.3703178516526,-3.95456062289413e-05,0.000134298235203925,0.385050393049204,0.50903386064514
1877,75.08,209.465410559084,8.37634998351913,-218.668862182746,-13.7088220474449,433.466744805755,0,0,0,0,-17.8146133116954,-13.3724324571661,-3.95458835994898e-05,0.000134297432155825,0.406843595052727,0.509032849786513
1878,75.12,209.464989306292,8.37612307499343,-218.670962346414,-13.7087835465117,433.468612124224,0,0,0,0,-17.8145631866193,-13.374481646185,-3.95462281754066e-05,0.00013429656700122,0.428599092082328,0.509031770371399
1879,75.16,209.46452303493,8.37584974748363,-218.673058870137,-13.7087386757292,433.470470833312,0,0,0,0,-17.8145047950442,-13.3764945719782,-3.95466582348769e-05,0.000134295621811518,0.450315417667276,0.509030635796847
1880,75.2,209.46405274162,8.37557599459119,-218.675151495932,-13.7086925017269,433.472320744688,0,0,0,0,-17.8144447067258,-13.3784966898653,-3.95471127226783e-05,0.000134294658924711,0.471991108089843,0.509029450548525
1881,75.24,209.463606004294,8.37533271878669,-218.677239968603,-13.7086484182229,433.474161672333,0,0,0,0,-17.8143873234817,-13.3805064529043,-3.95475785684532e-05,0.000134293694339115,0.4936247026842,0.509028206953103
1882,75.28,209.463199340893,8.3751384062854,-218.679324036533,-13.7086084614233,433.475993432564,0,0,0,0,-17.8143352876096,-13.3825364901795,-3.95480693193203e-05,0.000134292718618948,0.515214744001649,0.50902688855449
1883,75.32,209.462841890817,8.37500326375896,-218.681403451812,-13.7085737651764,433.477815844046,0,0,0,0,-17.8142900712862,-13.3845949778642,-3.95485293235318e-05,0.000134291790079362,0.536759777849434,0.509025475854162
1884,75.36,209.462536873218,8.37493084432529,-218.68347797013,-13.7085447287803,433.479628727803,0,0,0,0,-17.8142521935956,-13.3866856798185,-3.95488998890759e-05,0.000134290965261484,0.558258353316814,0.509023952125085
1885,75.4,209.462281769099,8.37491824630032,-218.68554735038,-13.708521034056,433.481431907235,0,0,0,0,-17.8142212424487,-13.3888076010268,-3.9549286393511e-05,0.000134290131430943,0.579709022855261,0.509022308507787
1886,75.44,209.46206927642,8.37495718386442,-218.687611353923,-13.7085017616944,433.483225208172,0,0,0,0,-17.8141960255446,-13.3909555371029,-3.95498223977968e-05,0.000134289146643145,0.601110342427612,0.509020546784319
1887,75.48,209.461890613579,8.37503769739194,-218.689669743605,-13.7084857991115,433.485008458903,0,0,0,0,-17.8141750995941,-13.3931225980877,-3.95503853270709e-05,0.000134288129386046,0.622460871701381,0.509018678504893
1888,75.52,209.461740962411,8.37515428061082,-218.691722282798,-13.708472525564,433.486781490162,0,0,0,0,-17.8141576592682,-13.3953046661742,-3.95507842410783e-05,0.00013428727237386,0.643759174186889,0.509016721383032
1889,75.56,209.461623543341,8.37531048256034,-218.693768734861,-13.7084623394497,433.488544135091,0,0,0,0,-17.8141442213963,-13.3975039542152,-3.95510941258241e-05,0.000134286505259165,0.665003817220474,0.509014695549658
1890,75.6,209.461547609144,8.37551666175814,-218.695808863375,-13.7084564184583,433.490296229219,0,0,0,0,-17.8141363138208,-13.3997275365934,-3.95514886916332e-05,0.000134285657825013,0.686193371856946,0.509012622121124
1891,75.64,209.46152007665,8.37578056609447,-218.697842433161,-13.7084556667416,433.492037610458,0,0,0,0,-17.8141351094588,-13.4019805685606,-3.9551963173765e-05,0.000134284735678405,0.70732641287335,0.509010525580546
1892,75.68,209.461536472979,8.37609714201506,-218.699869211481,-13.7084595766383,433.493768119083,0,0,0,0,-17.8141399495872,-13.4042591982831,-3.95524268150892e-05,0.000134283829012485,0.728401518974456,0.509008439728731
1893,75.72,209.461576991706,8.37644410272443,-218.701888968807,-13.7084657398912,433.49548759768,0,0,0,0,-17.8141477099359,-13.406548010235,-3.95528790836924e-05,0.000134282938038767,0.749417273083521,0.509006413892711
1894,75.76,209.461608914063,8.37678465056601,-218.70390147869,-13.7084701488896,433.497195891076,0,0,0,0,-17.8141531918113,-13.4088224841245,-3.95533787836065e-05,0.0001342820042103,0.77037226259508,0.509004513900351
1895,75.8,209.461594230399,8.37707603326738,-218.705906516607,-13.7084681325267,433.498892846266,0,0,0,0,-17.8141503363397,-13.4110549179165,-3.95539214277679e-05,0.000134281032369678,0.791265079594243,0.509002814118146
1896,75.84,209.46150125598,8.37728259030857,-218.707903858025,-13.7084557886371,433.500578312334,0,0,0,0,-17.8141340824833,-13.4132227350234,-3.95544153242591e-05,0.000134280114419854,0.812094321044909,0.509001381866625
1897,75.88,209.461316932122,8.3773895777371,-218.709893276426,-13.708431509576,433.502252140387,0,0,0,0,-17.8141023454312,-13.4153168464717,-3.95548034239066e-05,0.000134279307543759,0.832858588854861,0.509000259858114
1898,75.92,209.46105328621,8.3774104288894,-218.711874542412,-13.708396783772,433.503914183504,0,0,0,0,-17.8140570557837,-13.4173457295979,-3.95551460088232e-05,0.000134278551492497,0.853556489763017,0.508999453272597
1899,75.96,209.460742891197,8.37738164374292,-218.713847424505,-13.7083556247358,433.505564296695,0,0,0,0,-17.8140034189488,-13.419332142609,-3.95555225300754e-05,0.000134277766598252,0.874186635161681,0.508998926252494
1900,76,209.460425624914,8.37734789831807,-218.715811691124,-13.7083129191402,433.50720233686,0,0,0,0,-17.8139477730462,-13.4213042023166,-3.95559739658889e-05,0.000134276911351282,0.894747641055542,0.508998609586889
1901,76.04,209.46013552109,8.37734727719859,-218.717767112386,-13.7082728064733,433.50882816275,0,0,0,0,-17.8138954876533,-13.4232864709303,-3.95565319528876e-05,0.000134275953388082,0.915238128227718,0.508998417139883
1902,76.08,209.459894378524,8.3774041269369,-218.719713460894,-13.7082379224653,433.510441634947,0,0,0,0,-17.8138499823347,-13.4252952811608,-3.9557114279259e-05,0.000134274974397941,0.935656722478627,0.508998263744368
1903,76.12,209.45971129334,8.37752856373242,-218.72165051173,-13.7082093745407,433.512042615878,0,0,0,0,-17.8138126943011,-13.4273378424021,-3.95575473087866e-05,0.000134274148330994,0.956002054782696,0.508998076306229
1904,76.16,209.459583723619,8.37771767621754,-218.723578042296,-13.7081868801584,433.513630969856,0,0,0,0,-17.8137832574419,-13.4294124917011,-3.95578600774199e-05,0.000134273447490398,0.976272761351805,0.508997795500536
1905,76.2,209.459497831402,8.37795589381047,-218.725495832326,-13.7081687931916,433.515206563109,0,0,0,0,-17.8137595364278,-13.4315087724307,-3.95582700010031e-05,0.000134272656006032,0.996467483698854,0.508997372512662
1906,76.24,209.459429327233,8.37821590919798,-218.72740366378,-13.7081521820026,433.516769263818,0,0,0,0,-17.8137377281516,-13.4336081361466,-3.95588342290751e-05,0.000134271717457664,1.01658486879923,0.508996766975051
1907,76.28,209.459348298227,8.37846407779676,-218.72930132022,-13.7081334014664,433.518318942117,0,0,0,0,-17.8137131040178,-13.4356876866871,-3.95594137666065e-05,0.00013427077076329,1.0366235693647,0.508995948529812
1908,76.32,209.459229882903,8.37867240190064,-218.731188585694,-13.7081094033766,433.519855470073,0,0,0,0,-17.8136817099337,-13.4377283829909,-3.9559902179991e-05,0.00013426992222231,1.05658224408166,0.508994900149402
1909,76.36,209.459066294581,8.37883204452216,-218.733065243676,-13.708079227921,433.521378721656,0,0,0,0,-17.8136423009715,-13.4397242306423,-3.95603060013395e-05,0.000134269165444245,1.07645955761655,0.508993620318692
1910,76.4,209.458871241461,8.37895830186215,-218.734931076814,-13.7080445563028,433.522888572715,0,0,0,0,-17.8135970580839,-13.4416855433331,-3.9560688326513e-05,0.000134268437533089,1.09625418040112,0.508992123426181
1911,76.44,209.458672015655,8.37908172009007,-218.73678586771,-13.7080087376995,433.524384900974,0,0,0,0,-17.8135503258836,-13.4436328322718,-3.95610937565102e-05,0.000134267693904688,1.11596478843964,0.50899043997428
1912,76.48,209.458494053381,8.37923075878737,-218.738629400286,-13.7079748911362,433.525867586016,0,0,0,0,-17.8135061505064,-13.4455851289286,-3.95615420256656e-05,0.000134266914501078,1.13559006334889,0.508988617448673
1913,76.52,209.45834815255,8.37941744350681,-218.740461460917,-13.7079443393218,433.527336509281,0,0,0,0,-17.8134662479518,-13.4475503059946,-3.95620772507145e-05,0.000134266054688886,1.15512869262846,0.508986719494703
1914,76.56,209.458227605953,8.37963415065312,-218.742281838764,-13.7079162600067,433.528791554071,0,0,0,0,-17.8134295516573,-13.4495228220216,-3.95627038926743e-05,0.000134265110025445,1.17457937000938,0.508984819335313
1915,76.6,209.45811558226,8.37986189278756,-218.744090325254,-13.7078885908221,433.530232605548,0,0,0,0,-17.8133933862414,-13.4514893797137,-3.95632880299659e-05,0.000134264215417125,1.1939407957307,0.508982985934408
1916,76.64,209.457997577439,8.38008429678404,-218.745886713107,-13.7078595569598,433.531659550721,0,0,0,0,-17.8133554493667,-13.4534386399584,-3.95636774182314e-05,0.000134263524200042,1.21321167664863,0.508981266508238
1917,76.68,209.457870953728,8.38029831694635,-218.747670795607,-13.7078288460323,433.533072278421,0,0,0,0,-17.8133153358278,-13.4553686208325,-3.95639407248395e-05,0.000134262967480995,1.23239072614785,0.508979672347855
1918,76.72,209.457744727659,8.38051399553233,-218.749442366598,-13.7077975805763,433.534470679301,0,0,0,0,-17.8132745017941,-13.457286342924,-3.95643482069825e-05,0.000134262273011371,1.2514766639616,0.508978174338802
1919,76.76,209.457630122232,8.38074384015058,-218.751201221143,-13.7077671426316,433.535854645857,0,0,0,0,-17.813234740004,-13.4592002932959,-3.95650209610526e-05,0.000134261316941149,1.27046821613345,0.508976711106543
1920,76.8,209.457531202912,8.38099229687766,-218.752947156183,-13.7077380102288,433.537224072447,0,0,0,0,-17.8131966704885,-13.4611131645953,-3.95657167170027e-05,0.000134260339525954,1.28936411524671,0.508975208120193
1921,76.84,209.457444529844,8.38125536981005,-218.754679970564,-13.7077097246983,433.538578855297,0,0,0,0,-17.8131596981749,-13.4630218102889,-3.95661498625381e-05,0.000134259625846566,1.30816310075175,0.508973601210665
1922,76.88,209.457366201191,8.38152855427514,-218.756399464487,-13.7076817811123,433.539918892515,0,0,0,0,-17.8131231679405,-13.4649229323913,-3.95664319971711e-05,0.000134259065056625,1.32686391910716,0.508971854674355
1923,76.92,209.457296922217,8.3818125376495,-218.758105438936,-13.7076542606269,433.54124408413,0,0,0,0,-17.8130871848861,-13.4668169473231,-3.95668902280897e-05,0.000134258331570733,1.3454653236997,0.508969965809153
1924,76.96,209.457240217789,8.38211118021922,-218.759797695471,-13.7076275991011,433.542554332142,0,0,0,0,-17.8130523142689,-13.4687063441219,-3.95675227967953e-05,0.000134257428897721,1.36396607478306,0.508967954842991
1925,77,209.457198273537,8.38242683824786,-218.76147603626,-13.707602068994,433.543849540543,0,0,0,0,-17.813018909536,-13.4705923863133,-3.95680647285152e-05,0.000134256623490799,1.38236493959403,0.508965846947848
1926,77.04,209.457171306364,8.38275966942411,-218.763140264168,-13.7075777142036,433.545129615311,0,0,0,0,-17.8129870278019,-13.472474771063,-3.95684874216417e-05,0.000134255944924777,1.40066069253663,0.50896365589653
1927,77.08,209.457159708694,8.38311005106847,-218.764790182989,-13.7075546237719,433.546394464387,0,0,0,0,-17.8129567847869,-13.4743533790101,-3.9568953591974e-05,0.000134255230926781,1.41885211527651,0.508961376123011
1928,77.12,209.457164813084,8.38347942401854,-218.766425597985,-13.7075330105965,433.547643997647,0,0,0,0,-17.8129284568281,-13.4762287657259,-3.95694685235423e-05,0.000134254475881623,1.436937996775,0.508958984774174
1929,77.16,209.457187990307,8.3838692565467,-218.768046316606,-13.7075130765388,433.548878126904,0,0,0,0,-17.8129023058383,-13.4781013748614,-3.95699617946248e-05,0.000134253748785489,1.45491713336236,0.508956450522675
1930,77.2,209.457230419685,8.38428077848176,-218.769652149041,-13.7074949756718,433.550096765916,0,0,0,0,-17.8128785315373,-13.4799713870205,-3.95704506362522e-05,0.000134253030277771,1.47278832883136,0.508953742461786
1931,77.24,209.457293615029,8.38471557334083,-218.771242908356,-13.7074788803545,433.551299830399,0,0,0,0,-17.8128573571027,-13.481839127191,-3.95709490370077e-05,0.000134252304779673,1.49055039450919,0.50895083260331
1932,77.28,209.457379592004,8.38517577040758,-218.772818410173,-13.7074650062415,433.552487238011,0,0,0,0,-17.8128390616691,-13.4837051464078,-3.95714453494319e-05,0.000134251583896011,1.50820214933807,0.508947690975967
1933,77.32,209.457490864145,8.38566405254114,-218.774378472066,-13.7074536246523,433.553658908322,0,0,0,0,-17.8128239964876,-13.4855702078467,-3.9571944706477e-05,0.000134250863763158,1.52574241997162,0.508944278734786
1934,77.36,209.457630627418,8.38618387758346,-218.775922912986,-13.7074450999828,433.554814762804,0,0,0,0,-17.812812633537,-13.4874354237224,-3.95724437304773e-05,0.000134250149236293,1.54317004084882,0.508940545408997
1935,77.4,209.457802879549,8.38673961545532,-218.777451553046,-13.707439907725,433.555954724865,0,0,0,0,-17.8128055889117,-13.4893023004526,-3.95729407158888e-05,0.000134249442889972,1.56048385424703,0.508936431215269
1936,77.44,209.458012445546,8.38733656928726,-218.778964213673,-13.7074386299544,433.557078719886,0,0,0,0,-17.8128036168971,-13.4911726959164,-3.95734432164289e-05,0.000134248737341366,1.57768271034651,0.508931870299627
1937,77.48,209.4582650439,8.38798104083501,-218.7804607179,-13.7074419542591,433.558186675224,0,0,0,0,-17.8128076084853,-13.4930488057109,-3.95739516728402e-05,0.000134248031896385,1.59476546731437,0.508926790821518
1938,77.52,209.458567339125,8.38868038653556,-218.781940890582,-13.7074506770164,433.559278520187,0,0,0,0,-17.8128185955876,-13.4949331402804,-3.95744667449113e-05,0.000134247325517626,1.61173099139032,0.508921112157328
1939,77.56,209.458926936114,8.38944301366165,-218.783404558612,-13.7074657049802,433.560354186044,0,0,0,0,-17.8128377531085,-13.496828477032,-3.95749851977722e-05,0.00013424662112568,1.6285781569537,0.50891474344625
1940,77.6,209.459352261592,8.39027824835912,-218.784851551356,-13.707488041473,433.561413606062,0,0,0,0,-17.8128663810625,-13.4987377654011,-3.95754976364487e-05,0.000134245927921648,1.64530584657195,0.508907588283964
1941,77.64,209.459852156639,8.39119587735822,-218.786281701386,-13.7075187348923,433.562456715558,0,0,0,0,-17.8129058378427,-13.5006639001097,-3.95759985084538e-05,0.000134245251431343,1.66191295105198,0.508899558774253
1942,77.68,209.46043491236,8.39220506986277,-218.787694845488,-13.7075587639411,433.563483451927,0,0,0,0,-17.812957391534,-13.5026092581547,-3.95764862868347e-05,0.00013424459338115,1.67839836950616,0.508890600547492
1943,77.72,209.461106311903,8.39331219328329,-218.789090826106,-13.7076088098899,433.564493754615,0,0,0,0,-17.8130219248903,-13.5045748315667,-3.95769626993506e-05,0.000134243952383927,1.6947610094164,0.508880729227224
1944,77.76,209.461866001408,8.39451676228636,-218.79046949356,-13.7076688324516,433.565487565133,0,0,0,0,-17.8130993858174,-13.5065586977062,-3.95774314393741e-05,0.000134243324921515,1.71099978667326,0.50887007672185
1945,77.8,209.462701427714,8.39580466633782,-218.791830709305,-13.7077373564325,433.566464827114,0,0,0,0,-17.8131878629316,-13.508553497623,-3.957789750099e-05,0.00013424270568778,1.72711362559309,0.508858939946185
1946,77.84,209.46357919918,8.39713851066285,-218.793174349896,-13.7078104479958,433.567425486408,0,0,0,0,-17.8132822585991,-13.5105427770756,-3.95783813298981e-05,0.000134242073504806,1.74310145896118,0.508847814806831
1947,77.88,209.464435872002,8.39844730178408,-218.79450031022,-13.7078806106997,433.568369491137,0,0,0,0,-17.813372857632,-13.5124970210662,-3.95789341376385e-05,0.000134241376648741,1.75896222817462,0.508837390639196
1948,77.92,209.465174094443,8.39962210487258,-218.795808502994,-13.7079362990832,433.569296791648,0,0,0,0,-17.8134446960623,-13.514371920602,-3.95795904316371e-05,0.000134240580958913,1.77469488353655,0.508828484419344
1949,77.96,209.465673827724,8.4005285502295,-218.797098850687,-13.7079632122195,433.570207340401,0,0,0,0,-17.8134792369647,-13.5161129513348,-3.95802869644611e-05,0.000134239750609384,1.79029838469724,0.508821914185408
1950,78,209.465825491144,8.40104390344223,-218.798371268369,-13.7079482357419,433.571101091812,0,0,0,0,-17.813459480013,-13.5176699306598,-3.9580886514126e-05,0.00013423902338291,1.80577170109485,0.508818338756804
1951,78.04,209.465575217075,8.40110777659896,-218.799625642579,-13.7078849190396,433.571978002094,0,0,0,0,-17.8133770625364,-13.5190183180954,-3.95813001020729e-05,0.000134238488090005,1.82111381201181,0.508818107700795
1952,78.08,209.464952549771,8.40075319441734,-218.800861817983,-13.7077768557746,433.572838029111,0,0,0,0,-17.8132366429763,-13.5201722682634,-3.95815902675509e-05,0.000134238081767409,1.83632370606305,0.508821162177231
1953,78.12,209.46405681584,8.40009128883977,-218.802079601967,-13.707636003267,433.573681132234,0,0,0,0,-17.8130537219712,-13.5211770735795,-3.95819196148652e-05,0.000134237641646002,1.85140038064018,0.508827018149143
1954,78.16,209.463012263406,8.39926100240426,-218.803278785017,-13.7074772261703,433.574507272188,0,0,0,0,-17.8128475680006,-13.5220882339392,-3.95823684552679e-05,0.000134237087626035,1.86634284182642,0.508834858803959
1955,78.2,209.461925439524,8.39838137417017,-218.804459163063,-13.7073131825117,433.575316410928,0,0,0,0,-17.8126345877365,-13.5229533242851,-3.95829072628228e-05,0.000134236449618424,1.88115010467577,0.508843734688656
1956,78.24,209.460867271109,8.39753154452389,-218.80562054965,-13.7071522353496,433.576108511585,0,0,0,0,-17.8124256197335,-13.5238047397211,-3.95834934636984e-05,0.000134235770312736,1.89582119355528,0.508852801235167
1957,78.28,209.45987643718,8.39675459408037,-218.806762777153,-13.706998918233,433.576883538485,0,0,0,0,-17.8122265388571,-13.5246611382227,-3.95840818237513e-05,0.000134235094603986,1.91035514236333,0.50886147859802
1958,78.32,209.45896938662,8.39606877387605,-218.807885693063,-13.7068551513619,433.577641457169,0,0,0,0,-17.8120398332927,-13.5255315218714,-3.95846421225077e-05,0.000134234452334553,1.92475099460119,0.508869469310918
1959,78.36,209.45814899034,8.39547717444209,-218.808989155835,-13.7067212626483,433.578382234381,0,0,0,0,-17.8118659280481,-13.5264187210898,-3.95851818505357e-05,0.000134233835984419,1.93900780339085,0.508876671222981
1960,78.4,209.457410932752,8.39497486746315,-218.810073031697,-13.7065967411187,433.579105838105,0,0,0,0,-17.8117041612267,-13.5273220936273,-3.95857121858226e-05,0.000134233234510292,1.95312463148518,0.508883073654145
1961,78.44,209.45674781321,8.39455348668565,-218.811137192519,-13.7064807186136,433.579812237657,0,0,0,0,-17.8115534081358,-13.5282393173242,-3.95862408390052e-05,0.000134232640196135,1.96710055127943,0.508888696823326
1962,78.48,209.456151292339,8.39420362101959,-218.812181514486,-13.7063722179581,433.580501403764,0,0,0,0,-17.8114124028083,-13.5291673453471,-3.95867721344081e-05,0.00013423204863811,1.98093464485353,0.508893578335289
1963,78.52,209.455613193226,8.39391604212162,-218.81320587725,-13.70627028022,433.581173308574,0,0,0,0,-17.8112799028678,-13.5301029586662,-3.9587301460996e-05,0.000134231464498465,1.99462600403964,0.508897776894535
1964,78.56,209.455126016234,8.39368227722902,-218.814210163342,-13.7061740232726,433.581827925619,0,0,0,0,-17.8111547653974,-13.5310430623098,-3.95878252312571e-05,0.000134230891587992,2.00817373048502,0.508901368179718
1965,78.6,209.45468311024,8.39349480160181,-218.815194257762,-13.7060826634027,433.582465229802,0,0,0,0,-17.8110359749601,-13.5319848135938,-3.95883421579792e-05,0.000134230331494353,2.02157693570104,0.50890443140369
1966,78.64,209.454278708977,8.39334708384509,-218.816158047723,-13.7059955245887,433.583085197444,0,0,0,0,-17.8109226556708,-13.5329256865116,-3.95888560313036e-05,0.000134229780579177,2.03483474111084,0.508907038128297
1967,78.68,209.453907909027,8.39323356118047,-218.817101422619,-13.7059120358576,433.583687806324,0,0,0,0,-17.8108140677845,-13.5338635039577,-3.95893749244122e-05,0.000134229230435996,2.04794627811332,0.508909249571816
1968,78.72,209.453566632134,8.39314958917526,-218.818024274157,-13.7058317185469,433.584273035662,0,0,0,0,-17.8107095911347,-13.5347964584418,-3.95899036826328e-05,0.000134228675278474,2.06091068816015,0.508911118844172
1969,78.76,209.453251570152,8.39309137298259,-218.818926496385,-13.7057541724857,433.584840866039,0,0,0,0,-17.8106087071718,-13.535723107693,-3.95904373139924e-05,0.000134228118938994,2.07372712282481,0.508912692712918
1970,78.8,209.452960095961,8.3930558719537,-218.81980798545,-13.7056790698955,433.585391279352,0,0,0,0,-17.8105109910979,-13.5366423328254,-3.95909641856702e-05,0.000134227572319132,2.08639474385214,0.508914011881277
1971,78.84,209.452690145297,8.39304068084604,-218.820668639182,-13.7056061552088,433.585924258841,0,0,0,0,-17.8104161117415,-13.5375532685953,-3.95914904942564e-05,0.000134227029267243,2.09891272319925,0.508915111477651
1972,78.88,209.452440080115,8.39304388841749,-218.821508356783,-13.7055352406638,433.586439789145,0,0,0,0,-17.8103238259403,-13.5384552193675,-3.95920222199655e-05,0.000134226484588677,2.11128024308902,0.50891602224231
1973,78.92,209.452208553508,8.39306392903614,-218.822327038806,-13.705466193015,433.586937856293,0,0,0,0,-17.81023396133,-13.5393475823643,-3.95925209225776e-05,0.000134225978158407,2.12349649607832,0.508916771083585
1974,78.96,209.451994390007,8.39309944271771,-218.823124587457,-13.7053989128872,433.587418447634,0,0,0,0,-17.8101463895194,-13.5402297901388,-3.95929942251743e-05,0.000134225504054839,2.13556068512209,0.508917380170108
1975,79,209.451796470313,8.39314913415477,-218.823900907139,-13.7053333084565,433.587881551754,0,0,0,0,-17.8100609918685,-13.5411012503114,-3.95935545866447e-05,0.000134224950714958,2.14747202362117,0.508917866155331
1976,79.04,209.451613691206,8.39321171451062,-218.824655905052,-13.705269276732,433.58832715848,0,0,0,0,-17.8099776351285,-13.5419613087315,-3.95941732370055e-05,0.000134224346182218,2.15922973546889,0.508918242557893
1977,79.08,209.451445175276,8.39328612980362,-218.825389491581,-13.7052067218462,433.588755258901,0,0,0,0,-17.8098961951179,-13.5428093985185,-3.9594635971129e-05,0.000134223903043316,2.17083305511167,0.508918526247679
1978,79.12,209.451290394319,8.3933717056773,-218.826101580334,-13.705145576378,433.589165845353,0,0,0,0,-17.8098165843907,-13.5436452074463,-3.95949899967885e-05,0.000134223572963057,2.18228122759938,0.508918744342831
1979,79.16,209.451148323996,8.39346720956829,-218.82679208788,-13.7050857090377,433.589558911346,0,0,0,0,-17.8097386325715,-13.5444681119566,-3.95955464066057e-05,0.000134223044417266,2.19357350861707,0.508918934820447
1980,79.2,209.451016403743,8.39356968140476,-218.827460933392,-13.7050267957537,433.589934451484,0,0,0,0,-17.809661919213,-13.5452762560389,-3.95962912371455e-05,0.000134222330930442,2.20470916456413,0.50891913678403
1981,79.24,209.450892120699,8.39367620235734,-218.828108038256,-13.7049685048613,433.590292461458,0,0,0,0,-17.8095860139955,-13.5460675753196,-3.95968744181382e-05,0.000134221782051415,2.21568747268596,0.508919373734682
1982,79.28,209.450776760404,8.39378811116577,-218.828733325764,-13.7049109630887,433.59063293809,0,0,0,0,-17.809511081145,-13.5468428160307,-3.95971937811104e-05,0.000134221500107218,2.22650772110416,0.508919639179332
1983,79.32,209.450675333823,8.39391094353634,-218.829336721053,-13.704854768033,433.590955879372,0,0,0,0,-17.8094378956916,-13.5476058297523,-3.95975235216799e-05,0.000134221212152424,2.23716920868161,0.508919893348763
1984,79.36,209.450589762319,8.39404679891563,-218.829918151289,-13.7048001697521,433.591261284445,0,0,0,0,-17.8093667819735,-13.5483584078321,-3.959809414165e-05,0.000134220689323622,2.24767124495295,0.508920073611637
1985,79.4,209.450512389182,8.3941870556235,-218.830477545829,-13.7047462741456,433.591549153533,0,0,0,0,-17.80929658026,-13.549094993334,-3.95988232442504e-05,0.000134220014910214,2.25801315033475,0.508920113997083
1986,79.44,209.450429094815,8.39431584299136,-218.831014836035,-13.7046914000538,433.591819487912,0,0,0,0,-17.8092251098259,-13.5498047578968,-3.95994758834234e-05,0.000134219423719618,2.26819425647503,0.508919965252947
1987,79.48,209.450331260043,8.39442343190491,-218.831529954773,-13.7046345070289,433.59207228994,0,0,0,0,-17.8091510209752,-13.550480790988,-3.9599947821544e-05,0.000134219019551349,2.27821390640124,0.508919607971259
1988,79.52,209.450225681484,8.39451733901888,-218.832022836004,-13.7045763846228,433.592307563092,0,0,0,0,-17.8090753378473,-13.5511278859565,-3.96003399269898e-05,0.000134218701665413,2.28807145432978,0.508919056209272
1989,79.56,209.450132701086,8.39462024141213,-218.832493414895,-13.7045194373669,433.592525311936,0,0,0,0,-17.809001179596,-13.5517612274366,-3.96007966184866e-05,0.000134218326629425,2.29776626534744,0.508918353908623
1990,79.6,209.450073227618,8.39475546359803,-218.832941628507,-13.7044661495581,433.592725542086,0,0,0,0,-17.8089317689568,-13.5523965444456,-3.96013340166708e-05,0.00013421787967315,2.30729771526859,0.508917568063976
1991,79.64,209.450054296934,8.39493083411993,-218.833367416706,-13.7044173806581,433.592908260178,0,0,0,0,-17.8088682209626,-13.553039162761,-3.96018862372267e-05,0.000134217427309514,2.31666519078613,0.508916780758697
1992,79.68,209.450062629551,8.39513148824204,-218.833770722777,-13.7043716098243,433.59307347391,0,0,0,0,-17.8088085628612,-13.5536792161369,-3.96024441163475e-05,0.000134216977697944,2.32586808980054,0.508916079437915
1993,79.72,209.450068832612,8.39532456089194,-218.83415149343,-13.7043254269169,433.593221192067,0,0,0,0,-17.8087483711129,-13.5542949653418,-3.96030322619004e-05,0.000134216503772275,2.33490582173689,0.508915544554565
1994,79.76,209.450039554235,8.39547275331926,-218.834509678072,-13.704274945475,433.593351424463,0,0,0,0,-17.8086826044158,-13.5548618950705,-3.96036229489159e-05,0.000134216030726652,2.34377780774439,0.508915236409351
1995,79.8,209.44995285499,8.39555149892662,-218.834845227687,-13.7042175980834,433.593464181834,0,0,0,0,-17.8086079325749,-13.555363949414,-3.9604154845572e-05,0.000134215618845282,2.35248348072576,0.508915185005484
1996,79.84,209.449809779535,8.39556189747739,-218.835158093982,-13.7041534997297,433.593559475769,0,0,0,0,-17.8085245048226,-13.555801907549,-3.96045975410682e-05,0.000134215299434105,2.36102228514876,0.508915385733565
1997,79.88,209.44963482615,8.39553124337551,-218.835448229363,-13.7040855065999,433.593637318737,0,0,0,0,-17.808436026001,-13.5561936026893,-3.96050014736888e-05,0.00013421502371422,2.36939367673945,0.50891580160254
1998,79.92,209.449464510641,8.39550024527452,-218.835715587685,-13.7040178710863,433.593697724137,0,0,0,0,-17.8083480120612,-13.5565655202112,-3.9605493112761e-05,0.000134214665675179,2.37759712230495,0.508916371495976
1999,79.96,209.449332096405,8.39550596816444,-218.835960125183,-13.7039544528447,433.593740706268,0,0,0,0,-17.8082654697394,-13.5569417174105,-3.96061363082164e-05,0.000134214160080544,2.38563209981962,0.508917022864697
2000,80,209.449258363415,8.39557153336381,-218.836181801125,-13.7038976490751,433.593766280251,0,0,0,0,-17.808191508868,-13.5573370589537,-3.9606795269588e-05,0.000134213641148332,2.39349809867098,0.508917685619213
2001,80.04,209.449251311081,8.39570580367199,-218.836380578142,-13.7038483764383,433.593774461989,0,0,0,0,-17.8081273185793,-13.5577569282713,-3.96072949585136e-05,0.000134213284091382,2.40119461985187,0.508918303077277
2002,80.08,209.4493096582,8.39590730447734,-218.836556422403,-13.7038064920999,433.593765268226,0,0,0,0,-17.8080727132694,-13.5581998646407,-3.96076891729991e-05,0.000134213036725006,2.40872117597832,0.508918837278049
2003,80.12,209.449423783498,8.39616527499947,-218.83670930373,-13.703770904392,433.59373871662,0,0,0,0,-17.8080262762639,-13.5586584056039,-3.96081461607505e-05,0.000134212732050678,2.41607729121788,0.508919268843751
2004,80.16,209.449573157894,8.3964567943311,-218.8368391956,-13.703739266599,433.593694825762,0,0,0,0,-17.8079849629631,-13.5591173971216,-3.96086884359856e-05,0.000134212347702444,2.42326250130302,0.508919593227259
2005,80.2,209.449724624339,8.39674485386008,-218.836946074985,-13.7037077696374,433.593633615101,0,0,0,0,-17.8079438323631,-13.5595531166728,-3.96092656962126e-05,0.000134211933659747,2.43027635368574,0.508919815054209
2006,80.24,209.449836029538,8.39698240400244,-218.837029921921,-13.7036715574255,433.593555104882,0,0,0,0,-17.8078965861661,-13.5599363451205,-3.96098791318393e-05,0.000134211488496804,2.43711840773827,0.508919942027377
2007,80.28,209.449866169643,8.39712344127845,-218.837090718665,-13.7036258690979,433.593459316127,0,0,0,0,-17.8078370502195,-13.5602393848693,-3.96104916050715e-05,0.00013421104929997,2.44378823489801,0.508919980191871
2008,80.32,209.449788445135,8.39713823595868,-218.837128448422,-13.7035676130321,433.59334627063,0,0,0,0,-17.8077612154519,-13.5604448124548,-3.96110175347717e-05,0.000134210701655726,2.45028541871406,0.508919932043672
2009,80.36,209.449602242688,8.39702604246212,-218.837143094129,-13.703496696553,433.593215990907,0,0,0,0,-17.8076689617824,-13.5605524855291,-3.96114561270272e-05,0.000134210445956195,2.45660955473779,0.50891979711519
2010,80.4,209.449334320561,8.3968166600517,-218.837134638023,-13.7034162015753,433.593068500107,0,0,0,0,-17.8075642857506,-13.560580229766,-3.96118976579553e-05,0.000134210190372232,2.46276025026802,0.508919572771098
2011,80.44,209.449027815982,8.39655816130626,-218.83710306238,-13.703331104882,433.592903821938,0,0,0,0,-17.8074536413038,-13.5605567316125,-3.96124012269236e-05,0.000134209872452961,2.46873712415627,0.508919253814108
2012,80.48,209.448726260628,8.39629904805471,-218.837048350971,-13.7032464170931,433.592721980638,0,0,0,0,-17.8073435269027,-13.5605114812254,-3.96129541389945e-05,0.00013420950007217,2.47453980683309,0.508918832794198
2013,80.52,209.448462246236,8.39607561931073,-218.83697049033,-13.7031658837314,433.592523000987,0,0,0,0,-17.8072388011171,-13.5604675509655,-3.96135037477997e-05,0.000134209122036533,2.48016794045818,0.508918303903221
2014,80.56,209.448253201018,8.39590728168315,-218.836869470381,-13.7030915185863,433.592306908303,0,0,0,0,-17.807142076924,-13.5604382423789,-3.96139987660819e-05,0.000134208790693631,2.48562117903917,0.508917669726177
2015,80.6,209.448101246955,8.39579639138091,-218.836745284544,-13.703023588293,433.592073728411,0,0,0,0,-17.807053700996,-13.5604259605944,-3.96144898097638e-05,0.000134208463063237,2.49089918851137,0.50891694625936
2016,80.64,209.447995772014,8.39573110141427,-218.836597929577,-13.7029608874308,433.591823487608,0,0,0,0,-17.8069721101213,-13.5604232906175,-3.96150863857248e-05,0.000134208040164832,2.49600164685714,0.508916161923294
2017,80.68,209.447919961028,8.39569262530635,-218.836427405254,-13.7029014716817,433.591556212658,0,0,0,0,-17.8068947822064,-13.5604176758166,-3.96157172415676e-05,0.000134207600236471,2.5009282442612,0.508915349768497
2018,80.72,209.447860607659,8.39566618077021,-218.836233713845,-13.7028437900787,433.591271930813,0,0,0,0,-17.8068197052054,-13.5603990813402,-3.96161954698248e-05,0.000134207330621836,2.50567868317929,0.508914535693625
2019,80.76,209.447816332303,8.39565017436288,-218.83601685947,-13.7027876523961,433.590970669806,0,0,0,0,-17.8067466321724,-13.5603664945005,-3.96165687776216e-05,0.000134207179729511,2.51025267821444,0.508913727602103
2020,80.8,209.447798271579,8.39565698650356,-218.835776847552,-13.7027343251849,433.590652457812,0,0,0,0,-17.8066772058434,-13.5603283518593,-3.96170689314167e-05,0.000134206911412435,2.51464995587394,0.508912910173904
2021,80.84,209.447822552884,8.39570457280305,-218.835513684619,-13.7026856587015,433.590317323401,0,0,0,0,-17.8066138260367,-13.5602964500136,-3.96177179819984e-05,0.000134206501026739,2.51887025444191,0.508912047846942
2022,80.88,209.447901370667,8.39580650156779,-218.835227378427,-13.7026430480019,433.589965295528,0,0,0,0,-17.8065583019783,-13.5602789896599,-3.96183108111273e-05,0.000134206153162405,2.52291332409738,0.508911096014003
2023,80.92,209.448039814776,8.39596842781391,-218.834917938263,-13.7026070783298,433.589596403554,0,0,0,0,-17.806511392297,-13.5602783693365,-3.9618775448381e-05,0.000134205940172248,2.52677892711992,0.508910017385636
2024,80.96,209.448237944493,8.39619042394272,-218.834585375418,-13.7025777813167,433.589210677284,0,0,0,0,-17.8064731373182,-13.5602930087129,-3.96192393791872e-05,0.000134205734548946,2.53046683796059,0.508908797561085
2025,81,209.448492651054,8.3964690514387,-218.834229703956,-13.7025548433941,433.588808146966,0,0,0,0,-17.8064431293893,-13.5603188530955,-3.96197626643194e-05,0.000134205475562494,2.53397684318513,0.508907454124691
2026,81.04,209.448796619942,8.39679618599422,-218.833850941731,-13.7025374676025,433.588388843281,0,0,0,0,-17.8064203337836,-13.5603489421238,-3.96202876165952e-05,0.000134205220174061,2.53730874142876,0.508906038067914
2027,81.08,209.449135266945,8.39715559912975,-218.833449111338,-13.7025240182024,433.587952797355,0,0,0,0,-17.8064026282014,-13.5603721511044,-3.96207899838951e-05,0.000134204992258974,2.54046234339601,0.508904630654199
2028,81.12,209.449482629253,8.39751838571817,-218.833024240731,-13.702511556539,433.587500040805,0,0,0,0,-17.8063862014845,-13.5603715439952,-3.96213030303261e-05,0.000134204758481523,2.5434374718767,0.508903338408468
2029,81.16,209.449797969997,8.39783917352457,-218.832576363208,-13.7024954460789,433.587030605759,0,0,0,0,-17.8063650419286,-13.5603227426335,-3.96218697989171e-05,0.000134204475881875,2.5462339618226,0.508902285127201
2030,81.2,209.450027853441,8.39805841487249,-218.832105516355,-13.7024695698926,433.586544524817,0,0,0,0,-17.8063312192976,-13.5601949063918,-3.96224998056118e-05,0.000134204135066144,2.54885166053786,0.508901597836864
2031,81.24,209.450118481279,8.39811612371813,-218.831611739566,-13.7024277338175,433.586041830944,0,0,0,0,-17.8062767036906,-13.5599574318068,-3.96231218652674e-05,0.00013420380727209,2.55129042790989,0.508901385926374
2032,81.28,209.450036205717,8.3979747589399,-218.831095070545,-13.7023660400648,433.585522557387,0,0,0,0,-17.8061964423404,-13.5595914880576,-3.96236392862533e-05,0.000134203589159016,2.55355013648202,0.50890171716847
2033,81.32,209.44978435248,8.39763801414534,-218.830555542455,-13.7022848568437,433.584986737633,0,0,0,0,-17.8060909126242,-13.559099421489,-3.96240550567609e-05,0.000134203477737525,2.55563067122656,0.508902597699763
2034,81.36,209.449402774757,8.3971503284848,-218.82999318355,-13.7021887755831,433.584434405405,0,0,0,0,-17.8059660663743,-13.5585040266379,-3.96244719646073e-05,0.000134203370283998,2.557531929165,0.508903963957042
2035,81.4,209.448949155384,8.39657600809961,-218.829408019659,-13.7020844276883,433.583865594632,0,0,0,0,-17.8058304998535,-13.5578377667312,-3.96249604142729e-05,0.000134203196365719,2.55925381917339,0.508905693107871
2036,81.44,209.448476465914,8.39597406880815,-218.828800077727,-13.7019778645504,433.583280339383,0,0,0,0,-17.8056920579881,-13.5571307571783,-3.96255017799693e-05,0.000134202974392418,2.56079626209028,0.508907632765854
2037,81.48,209.448021410833,8.39538536762083,-218.828169388208,-13.7018732424033,433.582678673824,0,0,0,0,-17.8055561298997,-13.5564051364535,-3.96260524892839e-05,0.000134202747616488,2.56215919093437,0.50890963982299
2038,81.52,209.447605455496,8.39483378533242,-218.827515985608,-13.7017729764538,433.582060632225,0,0,0,0,-17.8054258485194,-13.5556757371496,-3.96266029543106e-05,0.000134202525325006,2.56334255102443,0.508911609877569
2039,81.56,209.447240447775,8.39433251562547,-218.826839907997,-13.7016784088653,433.581426249011,0,0,0,0,-17.805302956048,-13.554952603045,-3.9627179494513e-05,0.000134202280995923,2.56434629996608,0.508913483791313
2040,81.6,209.44693252435,8.39388841846119,-218.82614119654,-13.7015902563524,433.580775558782,0,0,0,0,-17.8051883837236,-13.5542423331653,-3.9627756096623e-05,0.000134202040551077,2.56517040758737,0.508915233632622
2041,81.64,209.446683288558,8.39350332094718,-218.825419895469,-13.7015087332387,433.580108596318,0,0,0,0,-17.8050824109385,-13.5535480730407,-3.96282359486069e-05,0.00013420190070592,2.56581485589381,0.508916841990569
2042,81.68,209.446489600001,8.39317376689154,-218.824676052313,-13.7014335111912,433.579425396614,0,0,0,0,-17.8049846127661,-13.552869027548,-3.9628658896654e-05,0.000134201821263596,2.56627963906298,0.508918288239275
2043,81.72,209.446343778035,8.39289122658233,-218.823909717981,-13.7013637254848,433.578725994919,0,0,0,0,-17.8048938680424,-13.552200503461,-3.96292118031572e-05,0.000134201614678585,2.5665647634883,0.508919547025938
2044,81.76,209.446236068317,8.3926448342294,-218.823120946418,-13.7012982462695,433.578010426775,0,0,0,0,-17.8048087113073,-13.5515356776988,-3.96298863134958e-05,0.000134201288722294,2.5666702478655,0.508920596053966
2045,81.8,209.44615990152,8.39242725493853,-218.822309793905,-13.7012362875317,433.577278728019,0,0,0,0,-17.8047281228654,-13.5508696433738,-3.96304593540571e-05,0.000134201066483357,2.56659612324851,0.508921426917454
2046,81.84,209.446117000892,8.3922404053767,-218.821476318365,-13.7011780208858,433.576530934765,0,0,0,0,-17.8046523251606,-13.5502036434913,-3.96308744550289e-05,0.000134201004842423,2.566342432956,0.508922053654067
2047,81.88,209.446116715163,8.39209473553367,-218.820620579123,-13.7011245246859,433.575767083438,0,0,0,0,-17.8045827168818,-13.5495448680404,-3.96312957847666e-05,0.000134200939917016,2.56590923233618,0.50892251565471
2048,81.92,209.446167394882,8.39199961410143,-218.819742637334,-13.7010767927098,433.574987210824,0,0,0,0,-17.8045205870242,-13.5488998437418,-3.96318130277119e-05,0.000134200782528311,2.56529658860206,0.508922873769674
2049,81.96,209.44626521385,8.3919508509727,-218.818842556787,-13.7010344344465,433.574191354111,0,0,0,0,-17.804465428874,-13.5482658849199,-3.96323686429843e-05,0.000134200591960272,2.56450458090677,0.508923201147341
2050,82,209.446388397259,8.39192425369701,-218.817920404601,-13.7009950027283,433.573379550891,0,0,0,0,-17.8044140679292,-13.5476270796345,-3.96329222334156e-05,0.000134200411532711,2.56353330057432,0.50892357198443
2051,82.04,209.446500196612,8.3918789357355,-218.816976251328,-13.7009543269548,433.572551839159,0,0,0,0,-17.8043610943775,-13.5469570265597,-3.96335011544839e-05,0.000134200216221192,2.56238285130258,0.508924050928426
2052,82.08,209.446559207376,8.39176880051172,-218.816010170242,-13.7009076802184,433.571708257324,0,0,0,0,-17.8043003771407,-13.5462265327949,-3.96341052668807e-05,0.000134200006221055,2.56105334927755,0.508924684722346
2053,82.12,209.446533878795,8.39155870432433,-218.815022235866,-13.7008514338729,433.57084884421,0,0,0,0,-17.8042272098758,-13.5454137601377,-3.96346702221604e-05,0.000134199843936164,2.55954492319506,0.508925497031986
2054,82.16,209.446415841001,8.39123932190316,-218.814012522353,-13.7007845975949,433.569973639046,0,0,0,0,-17.8041403082158,-13.5445132531406,-3.96351551220886e-05,0.000134199768070643,2.55785771412808,0.508926486783855
2055,82.2,209.446224541774,8.3908323317524,-218.812981102685,-13.7007093687338,433.569082681439,0,0,0,0,-17.8040425220605,-13.543538829867,-3.96356063920591e-05,0.000134199731129157,2.55599187524135,0.508927629702377
2056,82.24,209.445999166025,8.39038141120296,-218.811928049328,-13.7006302072148,433.568176011365,0,0,0,0,-17.8039396358127,-13.5425178720823,-3.96360992510407e-05,0.000134199658099104,2.55394757151816,0.508928883170586
2057,82.28,209.445782528958,8.38993427571238,-218.810853435906,-13.7005519799987,433.56725366915,0,0,0,0,-17.8038379620665,-13.5414804073056,-3.96366583781842e-05,0.000134199525163347,2.55172497967718,0.508930195480711
2058,82.32,209.445606705235,8.3895266680463,-218.809757338799,-13.7004783194878,433.566315695475,0,0,0,0,-17.8037422125552,-13.540449322877,-3.96372336748445e-05,0.000134199383112896,2.5493242882778,0.508931519083788
2059,82.36,209.445486183991,8.3891747523011,-218.808639837903,-13.7004108617755,433.565362131368,0,0,0,0,-17.8036545098362,-13.5394353458503,-3.96377518315695e-05,0.000134199305181016,2.54674569787151,0.508932823241176
2060,82.4,209.445417524129,8.38887474348891,-218.807501016605,-13.7003492209665,433.564393018212,0,0,0,0,-17.803574353599,-13.5384363603559,-3.96382439905117e-05,0.000134199259448841,2.54398942109948,0.50893409936095
2061,82.44,209.44538279924,8.38860673397983,-218.806340961316,-13.7002913711784,433.563408397755,0,0,0,0,-17.8034991160325,-13.5374396010414,-3.96388270267094e-05,0.000134199128326163,2.54105568275544,0.508935356183262
2062,82.48,209.445356595303,8.38834246503197,-218.805159760733,-13.7002344211365,433.56240831214,0,0,0,0,-17.8034250466692,-13.5364266276173,-3.9639492298631e-05,0.00013419892073595,2.53794471986877,0.508936608815244
2063,82.52,209.445316955103,8.38805751224866,-218.803957504793,-13.7001758562672,433.561392803915,0,0,0,0,-17.8033488836944,-13.5353813900696,-3.9640084118222e-05,0.000134198794131843,2.53465678176544,0.508937868928087
2064,82.56,209.445256540878,8.38774374428743,-218.802734283663,-13.700114835773,433.560361916027,0,0,0,0,-17.8032695365245,-13.5342986944883,-3.96405187626721e-05,0.000134198835060281,2.53119212995801,0.50893914059766
2065,82.6,209.445185893869,8.38741297725695,-218.801490187403,-13.7000525878045,433.559315691819,0,0,0,0,-17.8031885983923,-13.5331867326971,-3.96409043402716e-05,0.00013419893780197,2.52755103783337,0.508940420915396
2066,82.64,209.445124558447,8.38708707600217,-218.80022530663,-13.6999913859607,433.558254175035,0,0,0,0,-17.8031090186732,-13.5320602772229,-3.96414390823974e-05,0.000134198904099376,2.52373379038112,0.508941702220003
2067,82.68,209.445087010608,8.3867822478014,-218.798939733716,-13.6999329133114,433.557177409834,0,0,0,0,-17.8030329807569,-13.5309300007318,-3.96421679626597e-05,0.000134198685532114,2.51974068422273,0.508942974463495
2068,82.72,209.445075662956,8.38650123669424,-218.797633563667,-13.6998774508738,433.556085440802,0,0,0,0,-17.8029608493482,-13.5297973429828,-3.96428749222149e-05,0.00013419849264648,2.51557202788557,0.508944227906308
2069,82.76,209.44508555934,8.38623856886289,-218.796306894274,-13.699824428203,433.554978312954,0,0,0,0,-17.8028918846085,-13.5286583208092,-3.96433677550177e-05,0.000134198513248846,2.51122814200898,0.50894545581781
2070,82.8,209.445113617136,8.38599086911293,-218.794959825834,-13.6997734978723,433.553856071729,0,0,0,0,-17.8028256358717,-13.5275106380562,-3.96437803215985e-05,0.000134198612497785,2.50670935926655,0.508946655775358
2071,82.84,209.445162551809,8.385761229087,-218.793592460985,-13.699724979299,433.552718763006,0,0,0,0,-17.8027625173076,-13.526356427321,-3.96443465553353e-05,0.000134198558106057,2.50201602412388,0.50894782857808
2072,82.88,209.445237636135,8.38555557366697,-218.792204904843,-13.6996794658327,433.551566433144,0,0,0,0,-17.8027032982527,-13.5251994854871,-3.96450161674132e-05,0.000134198401759951,2.49714849270621,0.508948975772865
2073,82.92,209.445342475042,8.38537794314905,-218.790797265103,-13.6996373320123,433.550399129008,0,0,0,0,-17.8026484640905,-13.5240420412294,-3.96456039786259e-05,0.00013419832825919,2.49210713285142,0.508950098216574
2074,82.96,209.445478773754,8.3852302507079,-218.789369651791,-13.6995987231526,433.549216897989,0,0,0,0,-17.8025982027458,-13.5228847207933,-3.96461188967752e-05,0.000134198327899033,2.48689232418499,0.508951196910891
2075,83,209.445648399159,8.38511459898726,-218.787922176708,-13.6995638111169,433.548019787997,0,0,0,0,-17.8025527364383,-13.5217281053595,-3.96466573488351e-05,0.000134198304918114,2.48150445808737,0.508952274897041
2076,83.04,209.445854179489,8.38503417626689,-218.786454952895,-13.699532891345,433.546807847463,0,0,0,0,-17.8025124475889,-13.5205731633548,-3.96472176780973e-05,0.000134198262949477,2.47594393761565,0.508953338486811
2077,83.08,209.44609960376,8.38499292299712,-218.784968094364,-13.6995063502424,433.545581125369,0,0,0,0,-17.8024778365887,-13.5194209241126,-3.96477795737311e-05,0.000134198224090353,2.47021117746794,0.508954397339938
2078,83.12,209.446389031666,8.38499576715769,-218.783461716254,-13.699484690527,433.54433967129,0,0,0,0,-17.802449554648,-13.5182726600897,-3.96483518425625e-05,0.000134198180266057,2.46430660396643,0.508955463415938
2079,83.16,209.446728094497,8.38504906012738,-218.78193593542,-13.6994685656402,433.54308353543,0,0,0,0,-17.8024284483216,-13.5171302125522,-3.96489291007076e-05,0.000134198136746215,2.45823065502153,0.508956548933009
2080,83.2,209.447123475898,8.38516031593047,-218.780390871179,-13.6994587374825,433.541812768629,0,0,0,0,-17.8024155045993,-13.5159958519708,-3.96495046434981e-05,0.000134198099852243,2.45198378008763,0.508957664421147
2081,83.24,209.447582138774,8.3853373470031,-218.778826645926,-13.6994559846701,433.540527422367,0,0,0,0,-17.802411731921,-13.5148718029131,-3.96500762531868e-05,0.000134198071531258,2.44556644011508,0.508958818282953
2082,83.28,209.448109936789,8.38558672995423,-218.777243385644,-13.6994609563195,433.539227548799,0,0,0,0,-17.8024179707109,-13.5137594901415,-3.96506380584781e-05,0.000134198057529784,2.438979107494,0.5089600177207
2083,83.32,209.448709068614,8.38591098746009,-218.775641220656,-13.6994738990077,433.537913200818,0,0,0,0,-17.8024345396194,-13.5126583107707,-3.96511895376393e-05,0.000134198058331462,2.43222226599951,0.508961269247249
2084,83.36,209.449373789509,8.3863038282945,-218.774020286893,-13.6994941839864,433.536584432094,0,0,0,0,-17.8024606229113,-13.5115637380906,-3.96517299606948e-05,0.000134198074777191,2.42529641074393,0.508962577021525
2085,83.4,209.45008403874,8.38674306385878,-218.772380727671,-13.6995195945209,433.535241297073,0,0,0,0,-17.8024933469697,-13.5104645888856,-3.96522658708151e-05,0.000134198100553976,2.41820204813666,0.508963938255601
2086,83.44,209.450797890166,8.38718220747534,-218.770722695402,-13.6995454728781,433.533883850971,0,0,0,0,-17.8025266748402,-13.5093397697558,-3.9652832002057e-05,0.000134198101019371,2.41093969587129,0.50896533610886
2087,83.48,209.451446625128,8.38754497512565,-218.76904635202,-13.6995641477579,433.53251214978,0,0,0,0,-17.8025506640742,-13.5081560673312,-3.9653471138166e-05,0.000134198033201006,2.40350988298528,0.508966732782689
2088,83.52,209.451939566526,8.38773062761867,-218.767351866257,-13.6995654451103,433.531126250275,0,0,0,0,-17.8025521285217,-13.5068701681909,-3.96541777308132e-05,0.000134197902487402,2.39591315003211,0.508968069255937
2089,83.56,209.452185311303,8.38763756502696,-218.765639406531,-13.6995390571489,433.529726209956,0,0,0,0,-17.8025177085594,-13.5054384323904,-3.96548725511479e-05,0.000134197788284267,2.38815004930554,0.508969279153709
2090,83.6,209.452126067066,8.38720155193774,-218.763909130908,-13.6994784408852,433.528312086921,0,0,0,0,-17.8024389240466,-13.5038335385431,-3.96554586891381e-05,0.000134197787640408,2.38022114488263,0.508970316324383
2091,83.64,209.451765858116,8.3864271544047,-218.762161179162,-13.6993840568863,433.526883939759,0,0,0,0,-17.8023163721343,-13.5020582135826,-3.96559240736822e-05,0.000134197912306825,2.37212701228728,0.508971180645277
2092,83.68,209.45117008144,8.38538724634033,-218.760395672425,-13.6992633199958,433.525441827521,0,0,0,0,-17.802159663018,-13.5001441667556,-3.96563643099558e-05,0.00013419806634951,2.36386823798137,0.50897192044294
2093,83.72,209.450435013637,8.38418902219833,-218.758612721208,-13.6991270970904,433.523985809736,0,0,0,0,-17.8019828804501,-13.498136843993,-3.96568680850185e-05,0.000134198161356237,2.35544541911374,0.508972606718938
2094,83.76,209.44965070265,8.38293267867593,-218.756812436366,-13.698985486047,433.522515946387,0,0,0,0,-17.8017991113778,-13.4960786622909,-3.96574415501332e-05,0.000134198191859152,2.34685916360741,0.50897330005608
2095,83.8,209.448880544581,8.38168872482617,-218.754994936534,-13.6988455415362,433.521032297825,0,0,0,0,-17.8016174990133,-13.4940004776712,-3.9658061799225e-05,0.00013419818121422,2.33811009033264,0.508974034510157
2096,83.84,209.448160422908,8.38049707445516,-218.753160350044,-13.6987112262369,433.519534924733,0,0,0,0,-17.8014431797322,-13.4919212235143,-3.96587040831964e-05,0.000134198154100974,2.32919882918169,0.508974821336708
2097,83.88,209.447506366454,8.37937558700736,-218.751308813573,-13.6985842951286,433.518023888148,0,0,0,0,-17.8012784289558,-13.4898508908554,-3.96593386247319e-05,0.000134198139971273,2.3201260210398,0.508975659232047
2098,83.92,209.446922111809,8.37832847460606,-218.749440470066,-13.6984651422744,433.516499249543,0,0,0,0,-17.8011237583925,-13.487793527615,-3.96599563818853e-05,0.00013419814774016,2.31089231772054,0.50897654168501
2099,83.96,209.44640470436,8.37735252586128,-218.747555466911,-13.6983534254829,433.514961070893,0,0,0,0,-17.8009787254728,-13.4857496375005,-3.96605622718862e-05,0.000134198172886444,2.30149838190501,0.508977460872773
2100,84,209.445948280197,8.37644131146533,-218.74565395455,-13.6982484914105,433.513409414692,0,0,0,0,-17.8008424842544,-13.4837179564389,-3.96611608375917e-05,0.000134198211779065,2.29194488707992,0.508978409657233
2101,84.04,209.445546220219,8.3755875784198,-218.743736085601,-13.6981496165542,433.511844343954,0,0,0,0,-17.8007140978018,-13.4816965489809,-3.96617575718793e-05,0.000134198259854953,2.28223251747197,0.508979382228228
2102,84.08,209.445192303148,8.3747845269669,-218.741802014547,-13.6980561314962,433.510265922224,0,0,0,0,-17.8005926992428,-13.4796834834376,-3.96623590976931e-05,0.000134198310654654,2.2723619679843,0.508980373409088
2103,84.12,209.444881300929,8.37402645976677,-218.739851897938,-13.6979674745352,433.508674213636,0,0,0,0,-17.8004775612229,-13.477677227304,-3.96629773612265e-05,0.000134198351287646,2.26233394413791,0.508981376859452
2104,84.16,209.444609117929,8.37330892146718,-218.737885894696,-13.6978831917963,433.507069282954,0,0,0,0,-17.8003680959405,-13.4756767333465,-3.96635975728369e-05,0.000134198395149819,2.2521491620215,0.508982383420195
2105,84.2,209.444372576294,8.37262845542684,-218.735904166124,-13.6978029085906,433.505451195582,0,0,0,0,-17.8002638179649,-13.4736812697695,-3.96641760374752e-05,0.000134198485088392,2.24180834824535,0.508983381166691
2106,84.24,209.444169001673,8.37198215170212,-218.733906875481,-13.6977262920765,433.503820017528,0,0,0,0,-17.8001642958717,-13.4716901256053,-3.96647448485449e-05,0.000134198588637341,2.23131223989126,0.508984357339209
2107,84.28,209.443995863031,8.37136725903285,-218.73189418738,-13.6976530240362,433.502175815415,0,0,0,0,-17.8000691170469,-13.4697023813453,-3.96654014519791e-05,0.000134198607497823,2.2206615844604,0.508985300842183
2108,84.32,209.443850770416,8.37078119093802,-218.72986626726,-13.6975828097788,433.500518656517,0,0,0,0,-17.7999778993297,-13.4677169536307,-3.96660861472185e-05,0.000134198600145304,2.20985713982715,0.508986204033413
2109,84.36,209.443731765271,8.37022185582574,-218.727823281041,-13.6975154183335,433.49884860882,0,0,0,0,-17.799890343217,-13.4657329226634,-3.96666182079487e-05,0.00013419874708181,2.19889967418943,0.508987063363637
2110,84.4,209.443636968797,8.36968727282845,-218.72576539501,-13.6974506500473,433.497165741025,0,0,0,0,-17.79980618991,-13.4637494923801,-3.96670649018299e-05,0.000134198982098811,2.18778996599339,0.508987878868523
2111,84.44,209.443562887842,8.36917368192024,-218.723692775933,-13.6973881406836,433.495470122539,0,0,0,0,-17.7997249672747,-13.4617648353086,-3.96676889655919e-05,0.000134199043424609,2.17652880386,0.508988652834088
2112,84.48,209.443503484174,8.3686744882021,-218.721605591252,-13.6973272362424,433.493761823467,0,0,0,0,-17.7996458274211,-13.459775136166,-3.96684889143608e-05,0.000134198932723614,2.16511698658562,0.508989388677175
2113,84.52,209.443453547181,8.36818400326599,-218.719504009179,-13.6972673615352,433.492040914629,0,0,0,0,-17.7995680246017,-13.4577767666177,-3.96692057578054e-05,0.000134198909192716,2.15355532318722,0.508990091084304
2114,84.56,209.443414871862,8.36770433228556,-218.717388198766,-13.6972087292505,433.490307467593,0,0,0,0,-17.7994918348191,-13.4557710088076,-3.96697345178247e-05,0.000134199078602885,2.14184463283369,0.50899076687017
2115,84.6,209.443397541933,8.36724681792504,-218.715258330255,-13.6971525004239,433.488561554687,0,0,0,0,-17.7994187640385,-13.4537654636853,-3.96702174991972e-05,0.000134199299462406,2.12998574460808,0.508991424870448
2116,84.64,209.443411640684,8.36682281495695,-218.713114575743,-13.6970998475287,433.486803248999,0,0,0,0,-17.7993503330371,-13.4517680620574,-3.9670799189313e-05,0.000134199427390723,2.1179794972808,0.508992074520468
2117,84.68,209.443455038988,8.36643008890042,-218.710957109792,-13.6970505644984,433.485032624378,0,0,0,0,-17.7992862744472,-13.4497777045123,-3.96714813025066e-05,0.000134199460056582,2.10582673929557,0.50899272481146
2118,84.72,209.443508146283,8.36604696702422,-218.708786109462,-13.6970024667286,433.483249755449,0,0,0,0,-17.7992237544281,-13.447780049397,-3.96721991658945e-05,0.000134199461362686,2.0935283289535,0.50899338498964
2119,84.76,209.443541115353,8.3656403525944,-218.706601753592,-13.6969522012968,433.481454717647,0,0,0,0,-17.799158423665,-13.4457529540547,-3.96729072137816e-05,0.000134199476518353,2.08108513459363,0.508994065842165
2120,84.8,209.443529425856,8.36518305868414,-218.704404221603,-13.6968969984424,433.479647587217,0,0,0,0,-17.7990866893367,-13.4436783012258,-3.96735653034891e-05,0.000134199545893757,2.06849803459515,0.508994778679662
2121,84.84,209.443468197651,8.36466972938081,-218.702193692415,-13.696836280496,433.477828441181,0,0,0,0,-17.7990078020675,-13.4415526640651,-3.96741393245996e-05,0.000134199704199802,2.05576791717224,0.508995530270868
2122,84.88,209.443376221769,8.36412132991954,-218.699970344085,-13.6967721213994,433.475997357334,0,0,0,0,-17.7989244519478,-13.4393902001133,-3.96746614739795e-05,0.00013419992000807,2.04289568004832,0.508996315271704
2123,84.92,209.443287077063,8.36357526968959,-218.697734354387,-13.6967082525269,433.474154414288,0,0,0,0,-17.7988414790392,-13.4372159517571,-3.96752448600036e-05,0.00013420008113406,2.02988223018367,0.508997110691038
2124,84.96,209.443233916672,8.36306847820978,-218.695485901954,-13.6966483511079,433.472299691524,0,0,0,0,-17.798763653302,-13.4350544723842,-3.96759656949382e-05,0.000134200112107116,2.01672848370817,0.508997877417228
2125,85,209.44323859241,8.36262531047286,-218.693225167247,-13.6965948202248,433.470433269409,0,0,0,0,-17.7986940919458,-13.4329216730361,-3.96767299040997e-05,0.000134200106672044,2.00343536602843,0.508998570759979
2126,85.04,209.443310120799,8.36225585562086,-218.690952332865,-13.6965486311243,433.468555229168,0,0,0,0,-17.7986340546228,-13.4308236720563,-3.967737915139e-05,0.00013420022129416,1.99000381192166,0.508999156570064
2127,85.08,209.443448334489,8.36196001944053,-218.688667583326,-13.6965097545249,433.466665652898,0,0,0,0,-17.7985835028184,-13.4287596727742,-3.96779262944816e-05,0.000134200440557562,1.97643476547728,0.508999625655623
2128,85.12,209.443645686404,8.36172954240211,-218.686371104832,-13.6964773747937,433.464764623628,0,0,0,0,-17.7985413778666,-13.4267235387045,-3.96785048553135e-05,0.000134200629244901,1.96272917993842,0.509000000277191
2129,85.16,209.443885084698,8.36154558805515,-218.684063085403,-13.6964496433532,433.462852225398,0,0,0,0,-17.7985052814181,-13.4247024706909,-3.96791461217958e-05,0.00013420075609156,1.94888801759094,0.509000331286947
2130,85.2,209.444137167283,8.36137569921019,-218.681743715246,-13.6964233599848,433.460928543304,0,0,0,0,-17.7984710624021,-13.4226755006366,-3.96798076450449e-05,0.000134200864837918,1.93491224975536,0.509000688627162
2131,85.24,209.4443612589,8.3611748428924,-218.679413186925,-13.6963940605416,433.458993663474,0,0,0,0,-17.7984329310871,-13.4206147799723,-3.9680501986553e-05,0.000134200944309006,1.92080285682767,0.50900114892727
2132,85.28,209.444512192146,8.3608929689645,-218.677071694724,-13.6963567551332,433.457047673038,0,0,0,0,-17.7983844165548,-13.4184905315346,-3.96812373475919e-05,0.000134200987022339,1.9065608283159,0.509001782878371
2133,85.32,209.444552912664,8.3604890046033,-218.674719433071,-13.6963073189713,433.455090660104,0,0,0,0,-17.7983201701586,-13.4162790708215,-3.96819456690188e-05,0.000134201061208024,1.892187162841,0.509002643964817
2134,85.36,209.444468922691,8.35994691609242,-218.67235659458,-13.6962441125818,433.453122713761,0,0,0,0,-17.7982380660933,-13.4139715879607,-3.96825669861327e-05,0.000134201226832227,1.87768286803029,0.509003759669272
2135,85.4,209.444275830763,8.35928412190043,-218.66998336885,-13.6961688463684,433.451143924081,0,0,0,0,-17.7981403221596,-13.4115785681234,-3.96831401705173e-05,0.000134201444956709,1.86304896025891,0.509005126237898
2136,85.44,209.444013128174,8.358544580143,-218.667599942833,-13.6960858912326,433.449154382096,0,0,0,0,-17.7980326059581,-13.4091257115311,-3.96837341451482e-05,0.000134201646503658,1.84828646436064,0.509006708679443
2137,85.48,209.443728079421,8.35778087415406,-218.665206502516,-13.6960004719934,433.447154179777,0,0,0,0,-17.7979216928436,-13.4066440793609,-3.96843521157404e-05,0.000134201828103347,1.83339641349171,0.50900844799388
2138,85.52,209.443461301869,8.35703819040065,-218.662803234848,-13.6959170637022,433.445143410019,0,0,0,0,-17.7978133868327,-13.4041614895038,-3.96850041255991e-05,0.000134201979575273,1.81837984915658,0.509010274978541
2139,85.56,209.443240804009,8.35634771333017,-218.660390329075,-13.6958387469249,433.443122166679,0,0,0,0,-17.7977116843173,-13.4016985881945,-3.96857394080978e-05,0.000134202051508178,1.80323782124992,0.509012124708198
2140,85.6,209.443081971822,8.35572662325541,-218.657967977339,-13.6957672187149,433.441090544621,0,0,0,0,-17.7976187875459,-13.3992679086667,-3.96864945783975e-05,0.000134202107113229,1.78797138802348,0.509013944055572
2141,85.64,209.44298866658,8.35517931531374,-218.655536374716,-13.6957029137519,433.439048639734,0,0,0,0,-17.797535261091,-13.3968736086437,-3.96871258966499e-05,0.000134202290225439,1.77258161600329,0.509015690066065
2142,85.68,209.442953731332,8.3546979591968,-218.653095718898,-13.6956450579203,433.436996548954,0,0,0,0,-17.7974601011055,-13.394511356327,-3.96876655961037e-05,0.000134202569157473,1.75706957990189,0.509017324057331
2143,85.72,209.442959406249,8.35426295263617,-218.65064620971,-13.6955917069736,433.434934370297,0,0,0,0,-17.797390785543,-13.3921685830125,-3.96882964946038e-05,0.000134202761860385,1.74143636255449,0.509018807971499
2144,85.76,209.44297972279,8.35384555983121,-218.648188048513,-13.6955399914481,433.43286220292,0,0,0,0,-17.7973235920422,-13.3898262741615,-3.96890652852266e-05,0.000134202822151628,1.72568305491991,0.509020106113479
2145,85.8,209.442988014922,8.35341624054179,-218.645721437366,-13.6954869353999,433.430780147146,0,0,0,0,-17.7972546601264,-13.3874646625445,-3.96898394631363e-05,0.000134202882529535,1.70981075612188,0.5090211910929
2146,85.84,209.442968742083,8.35295779738113,-218.643246577974,-13.6954307817531,433.42868830443,0,0,0,0,-17.7971817104675,-13.3850723426477,-3.96904980335999e-05,0.000134203063644885,1.6938205733929,0.509022050026228
2147,85.88,209.442925828254,8.35247466590746,-218.640763670953,-13.6953719440458,433.426586777346,0,0,0,0,-17.7971052794283,-13.3826526801098,-3.96910432392743e-05,0.000134203362950903,1.67771362183473,0.509022687091937
2148,85.92,209.442879501192,8.35198941094744,-218.638272915889,-13.6953126634714,433.424475669605,0,0,0,0,-17.7970282741396,-13.3802212604527,-3.96916021698722e-05,0.000134203653259444,1.66149102411257,0.509023121321108
2149,85.96,209.442853024211,8.35152797073789,-218.635774512114,-13.6952555205222,433.422355086109,0,0,0,0,-17.7969540418706,-13.3777956632081,-3.96923157264572e-05,0.000134203793707524,1.64515391029418,0.509023381580557
2150,86,209.442860076136,8.35110562158046,-218.633268659465,-13.6952020189468,433.420225132967,0,0,0,0,-17.7968845332259,-13.3753859164536,-3.96931462723712e-05,0.000134203822053215,1.62870341790868,0.509023501108697
2151,86.04,209.442902435364,8.35072441273759,-218.630755558431,-13.6951523364272,433.418085917485,0,0,0,0,-17.7968199787258,-13.3729929373327,-3.96938929687137e-05,0.000134203939187221,1.6121406920802,0.509023511684784
2152,86.08,209.442977250733,8.35038126842177,-218.628235409817,-13.6951061560163,433.415937548145,0,0,0,0,-17.7967599672975,-13.3706143038115,-3.96944849634943e-05,0.000134204215398307,1.59546688552706,0.509023436071087
2153,86.12,209.443084840225,8.35007666196203,-218.625708414585,-13.6950635417899,433.413780134637,0,0,0,0,-17.7967045820837,-13.3682501817643,-3.9695085663578e-05,0.000134204485618562,1.57868315838191,0.50902327957098
2154,86.16,209.443230003857,8.34981605420276,-218.623174774236,-13.6950250640227,433.411613787912,0,0,0,0,-17.7966545627018,-13.3659039654187,-3.96957987044791e-05,0.000134204643995829,1.56179067798344,0.50902302520339
2155,86.2,209.443418357424,8.34960579135094,-218.620634691503,-13.6949913626406,433.409438620217,0,0,0,0,-17.7966107388652,-13.3635791609004,-3.96965227627078e-05,0.000134204790719627,1.54479061877883,0.509022637181059
2156,86.24,209.443653647361,8.34945011376911,-218.618088370836,-13.694962840658,433.407254745086,0,0,0,0,-17.7965736326619,-13.3612773158083,-3.96971873045215e-05,0.00013420499760701,1.52768416230923,0.509022072478632
2157,86.28,209.443938452866,8.34935194985673,-218.615536018437,-13.6949397558733,433.40506227732,0,0,0,0,-17.796543577456,-13.3589986356415,-3.96978471062877e-05,0.000134205213054267,1.51047249716544,0.509021294421045
2158,86.32,209.444275739462,8.34931465611207,-218.612977842036,-13.6949224076135,433.402861332999,0,0,0,0,-17.7965209601512,-13.3567431680814,-3.96985316812749e-05,0.000134205410316075,1.49315681888299,0.509020281576491
2159,86.36,209.444668884041,8.34934205255129,-218.61041405073,-13.6949111473007,433.40065202952,0,0,0,0,-17.7965062350504,-13.354510914865,-3.96992202409805e-05,0.000134205610620189,1.47573832983139,0.509019030903766
2160,86.4,209.445120231536,8.34943682852901,-218.60784485513,-13.6949062274879,433.398434485625,0,0,0,0,-17.7964997282753,-13.3523011630211,-3.96999025358202e-05,0.000134205822717638,1.4582182391197,0.509017560088207
2161,86.44,209.445628298441,8.34959744494397,-218.605270467993,-13.6949074999176,433.396208821408,0,0,0,0,-17.7965012464433,-13.3501111857353,-3.97005709215575e-05,0.000134206052756939,1.44059776249614,0.509015914315284
2162,86.48,209.446183031657,8.34981287185251,-218.602691105297,-13.6949138932046,433.393975158306,0,0,0,0,-17.7965093996989,-13.3479339323806,-3.97012222872688e-05,0.000134206303426839,1.42287812224343,0.50901417746796
2163,86.52,209.446759481799,8.35005556452125,-218.600106987414,-13.6949227144187,433.391733619111,0,0,0,0,-17.7965206965871,-13.34575500036,-3.97018766280979e-05,0.000134206554884353,1.40506054709662,0.509012481079078
2164,86.56,209.447312202505,8.35027524090569,-218.597518339721,-13.6949290266678,433.389484327988,0,0,0,0,-17.7965287374946,-13.3435500532496,-3.97025716200237e-05,0.000134206769490765,1.38714627221226,0.509011001209064
2165,86.6,209.447775155364,8.35039875494643,-218.594925391711,-13.6949256183548,433.387227410484,0,0,0,0,-17.796524174829,-13.3412847517762,-3.97033346048572e-05,0.000134206919844487,1.36913653921631,0.509009937263537
2166,86.64,209.448073264323,8.35034289327415,-218.592328373727,-13.6949042487046,433.38496299348,0,0,0,0,-17.7964963272258,-13.3389203015285,-3.97041348750348e-05,0.000134207036711496,1.35103259631126,0.509009476199435
2167,86.68,209.448146962901,8.35004162075036,-218.589727511497,-13.6948583514506,433.382691205099,0,0,0,0,-17.7964366838805,-13.3364260857456,-3.97048841960679e-05,0.000134207208376113,1.3328356983096,0.509009753479358
2168,86.72,209.447978915319,8.34947577476217,-218.587123020695,-13.6947860133725,433.380412174624,0,0,0,0,-17.7963427652748,-13.3337938851983,-3.97055251306243e-05,0.000134207492154573,1.31454710643268,0.509010822269551
2169,86.76,209.44760397426,8.34868413656214,-218.58451510491,-13.6946910898803,433.378126032488,0,0,0,0,-17.796219568862,-13.3310426068831,-3.97061038990357e-05,0.000134207841713279,1.29616808791382,0.50901263727673
2170,86.8,209.447093070561,8.34774551911676,-218.581903958787,-13.6945814000449,433.375832910276,0,0,0,0,-17.7960772291075,-13.3282089695546,-3.97067110833882e-05,0.00013420816654288,1.27769991565922,0.509015057694892
2171,86.84,209.446522796606,8.34674497040718,-218.579289774319,-13.6944653401788,433.373532940696,0,0,0,0,-17.7959266284303,-13.3253320777962,-3.97073782560047e-05,0.000134208435181118,1.25914386814793,0.509017874895291
2172,86.88,209.445952066579,8.34574787519573,-218.576672746195,-13.6943493199271,433.371226257505,0,0,0,0,-17.7957760747619,-13.3224426757036,-3.97080874379382e-05,0.000134208665447333,1.24050122950283,0.509020863073477
2173,86.92,209.445416060293,8.3447932751469,-218.574053073951,-13.6942371363691,433.368912995466,0,0,0,0,-17.7956304905904,-13.3195605824931,-3.97088170538014e-05,0.000134208878285373,1.22177328955229,0.509023833526307
2174,86.96,209.444931477156,8.34389973090353,-218.571430961643,-13.69413058247,433.366593290366,0,0,0,0,-17.7954922012544,-13.3166968896518,-3.97095408137281e-05,0.000134209098998249,1.20296134379192,0.509026665721219
2175,87,209.444503584664,8.34307314052587,-218.568806616778,-13.694030218134,433.36426727905,0,0,0,0,-17.7953619338973,-13.3138568781929,-3.97102467741384e-05,0.000134209338812884,1.1840666932857,0.509029304461967
2176,87.04,209.444131667426,8.34231276968008,-218.566180249343,-13.6939359523524,433.361935099442,0,0,0,0,-17.7952395717934,-13.3110425321004,-3.97109476791624e-05,0.000134209585519331,1.16509064456177,0.509031736039789
2177,87.08,209.443812901996,8.34161554333181,-218.563552070982,-13.6938474608867,433.359596890533,0,0,0,0,-17.7951246956904,-13.3082545831731,-3.97116426607977e-05,0.000134209842097065,1.14603450950076,0.509033964397989
2178,87.12,209.443544362074,8.340978269761,-218.560922294249,-13.6937644058359,433.357252792398,0,0,0,0,-17.7950168684388,-13.3054935237039,-3.97123172302309e-05,0.000134210125161076,1.12689960521568,0.509035999096441
2179,87.16,209.443323372237,8.3403980384354,-218.558291131962,-13.6936864804506,433.354902946213,0,0,0,0,-17.7949156931045,-13.30275960567,-3.9713005487894e-05,0.000134210400109889,1.10768725394609,0.50903785315495
2180,87.2,209.443147220864,8.33987191003862,-218.555658796772,-13.6936133866862,433.352547494283,0,0,0,0,-17.7948207838825,-13.3000525452079,-3.97137595236279e-05,0.000134210611387383,1.08839878297216,0.509039542112538
2181,87.24,209.443013032157,8.33939677885729,-218.553025501054,-13.6935448256889,433.350186580042,0,0,0,0,-17.7947317537782,-13.2973715022089,-3.97145021518966e-05,0.000134210833188902,1.06903552453186,0.509041078785048
2182,87.28,209.442917648615,8.33896924133329,-218.550391457104,-13.6934804836697,433.347820348056,0,0,0,0,-17.7946481962812,-13.294715183908,-3.97151062397234e-05,0.000134211193510038,1.04959881571892,0.509042465534926
2183,87.32,209.442856505525,8.33858433852505,-218.54775687749,-13.6934198995407,433.345448944031,0,0,0,0,-17.794569513659,-13.2920811611655,-3.97156679029248e-05,0.000134211600007467,1.03008999836526,0.509043689884355
2184,87.36,209.442821771982,8.33823347380692,-218.545121975275,-13.6933622413902,433.34307251484,0,0,0,0,-17.7944946270086,-13.2894643821608,-3.97163921972884e-05,0.00013421185070356,1.01051041895987,0.509044727814476
2185,87.4,209.442803015376,8.33790513152461,-218.542486963843,-13.6933063608429,433.340691208537,0,0,0,0,-17.794422046763,-13.2868573890889,-3.97172368694384e-05,0.00013421198858333,0.990861428637476,0.509045554559226
2186,87.44,209.442793059099,8.33759138229592,-218.53985205635,-13.6932514411755,433.338305174329,0,0,0,0,-17.7943507134242,-13.2842547185265,-3.97179937045308e-05,0.000134212221287498,0.971144383161981,0.509046158240967
2187,87.48,209.442795309538,8.33729604171161,-218.537217465257,-13.6931978294735,433.335914562557,0,0,0,0,-17.7942810770956,-13.2816588609111,-3.97186195744923e-05,0.000134212591235055,0.951360642783838,0.509046549799677
2188,87.52,209.442824248978,8.3370352361232,-218.534583402402,-13.6931471094565,433.333519524713,0,0,0,0,-17.7942151920241,-13.2790809586204,-3.97192419034085e-05,0.000134212970269817,0.931511571982786,0.509046764851138
2189,87.56,209.442895910172,8.33682682716804,-218.531950079592,-13.6931010508731,433.331120213469,0,0,0,0,-17.7941553537647,-13.2765334754102,-3.97199346500863e-05,0.000134213283423733,0.911598539255489,0.509046858044927
2190,87.6,209.443014751745,8.33667583853098,-218.529317709229,-13.6930601602557,433.328716782699,0,0,0,0,-17.7941022191957,-13.2740200677554,-3.9720656304224e-05,0.00013421357091012,0.891622917060078,0.509046894087119
2191,87.64,209.443166115608,8.33656608943458,-218.526686504536,-13.6930228567629,433.326309387473,0,0,0,0,-17.7940537374955,-13.271530051965,-3.97213717289993e-05,0.000134213866618684,0.871586081865748,0.50904693912052
2192,87.68,209.443318111803,8.33646228952529,-218.524056679242,-13.6929856825191,433.323898184038,0,0,0,0,-17.7940054232021,-13.2690402573328,-3.97221048022057e-05,0.000134214145990597,0.851489414194241,0.509047053292091
2193,87.72,209.443431414542,8.33632089513384,-218.521428446821,-13.6929443635876,433.321483329817,0,0,0,0,-17.7939517326202,-13.2665225017525,-3.97228638873895e-05,0.000134214400782747,0.831334298610792,0.509047283853997
2194,87.76,209.443473706073,8.33610611750382,-218.518802019418,-13.6928953754032,433.31906498339,0,0,0,0,-17.793888094296,-13.2639539713649,-3.97236063770143e-05,0.000134214674214933,0.811122123662122,0.50904765925342
2195,87.8,209.44343358338,8.33580535157187,-218.516177606791,-13.6928374658833,433.316643304483,0,0,0,0,-17.793812884381,-13.2613269814564,-3.9724297649082e-05,0.000134215001475153,0.790854281724795,0.509048185943858
2196,87.84,209.443326447422,8.33543572045738,-218.513555415886,-13.6927723110865,433.314218453937,0,0,0,0,-17.7937282768637,-13.2586529264003,-3.97249573217339e-05,0.000134215363204916,0.770532168753425,0.509048849041925
2197,87.88,209.443187729078,8.33503656451245,-218.510935651476,-13.6927037776534,433.311790593695,0,0,0,0,-17.7936392869647,-13.2559573349348,-3.97256129567031e-05,0.000134215731875911,0.750157184016017,0.509049616633269
2198,87.92,209.443057087985,8.33465190870246,-218.508318517643,-13.6926361898698,433.309359886795,0,0,0,0,-17.7935515236856,-13.2532688238225,-3.97262610617401e-05,0.00013421611092268,0.729730729933949,0.509050446998538
2199,87.96,209.442963215937,8.33431360401382,-218.505704219226,-13.6925726662097,433.306926497359,0,0,0,0,-17.793469032299,-13.2506084320772,-3.97269307369136e-05,0.000134216471220427,0.709254212056687,0.509051297403881
2200,88,209.442916893851,8.33403362881178,-218.50309296251,-13.6925143630446,433.304490590594,0,0,0,0,-17.793393313092,-13.2479843521265,-3.97276888736444e-05,0.00013421674606757,0.688729039101283,0.509052131764495
2201,88.04,209.442913630501,8.33380701518388,-218.500484954941,-13.6924607625242,433.302052332782,0,0,0,0,-17.7933236944278,-13.2453933605406,-3.9728505773364e-05,0.000134216965609175,0.66815662297523,0.509052924242517
2202,88.08,209.442942853249,8.33362204313451,-218.497880404236,-13.6924106769253,433.299611891276,0,0,0,0,-17.793258635489,-13.2428274945304,-3.97292375899164e-05,0.000134217274089576,0.647538378734938,0.509053658011887
2203,88.12,209.442998391827,8.33347187958438,-218.495279517409,-13.6923634048465,433.297169434498,0,0,0,0,-17.7931972262328,-13.2402821693937,-3.97298407167578e-05,0.000134217715032688,0.626875724447794,0.509054321373452
2204,88.16,209.443083855487,8.33336055456109,-218.492682500178,-13.6923193308672,433.294725131971,0,0,0,0,-17.7931399653449,-13.2377602958928,-3.97304674380971e-05,0.000134218135457661,0.606170080974705,0.509054904567669
2205,88.2,209.443209709279,8.33329971510324,-218.490089556875,-13.6922796032821,433.292279154333,0,0,0,0,-17.7930883421414,-13.2352696927344,-3.97312201822877e-05,0.000134218431884565,0.585422871773027,0.509055399406966
2206,88.24,209.443386021372,8.33330056849286,-218.48750089077,-13.6922453296792,433.289831673329,0,0,0,0,-17.7930437930188,-13.2328172510532,-3.97319913441115e-05,0.000134218711011811,0.564635522808135,0.509055801583149
2207,88.28,209.443618072227,8.33336900952871,-218.484916704542,-13.6922170945356,433.287382861776,0,0,0,0,-17.7930070756436,-13.2304056511409,-3.97326820829292e-05,0.000134219071540451,0.543809462536518,0.509056113648474
2208,88.32,209.443907088749,8.33350644181463,-218.482337200836,-13.6921950457816,433.284932893552,0,0,0,0,-17.7929783811515,-13.2280341292616,-3.97333486679061e-05,0.000134219458234703,0.52294612185194,0.509056346057992
2209,88.36,209.444252264186,8.33371201758043,-218.47976258287,-13.692179114137,433.282481943613,0,0,0,0,-17.792957618601,-13.2257001238198,-3.97340464277935e-05,0.000134219817490385,0.5020469339652,0.509056514942244
2210,88.4,209.444650482445,8.3339823269678,-218.477193055026,-13.6921689775049,433.280030188008,0,0,0,0,-17.7929443689368,-13.2233993676182,-3.97347502432304e-05,0.000134220175580487,0.481113334274563,0.50905663774043
2211,88.44,209.445093575693,8.33430836476748,-218.474628823328,-13.6921637696151,433.277577803869,0,0,0,0,-17.7929375075125,-13.2211247340125,-3.9735437297811e-05,0.000134220555200812,0.460146760253494,0.509056728860316
2212,88.48,209.445563808634,8.33467053816159,-218.472070095847,-13.6921616030775,433.275124969397,0,0,0,0,-17.7929345861253,-13.218864271741,-3.97361145724144e-05,0.000134220948581282,0.439148651341811,0.509056796223904
2213,88.52,209.446028602777,8.33503281915537,-218.469517082938,-13.6921589973083,433.272671863868,0,0,0,0,-17.7929310916998,-13.2165986186577,-3.97368085505482e-05,0.000134221328675986,0.418120448860967,0.509056838443757
2214,88.56,209.446438171914,8.33534010604544,-218.46696999686,-13.6921506049051,433.270218667634,0,0,0,0,-17.7929200917336,-13.2142996896242,-3.97375566926686e-05,0.000134221657868574,0.397063595997636,0.509056843408254
2215,88.6,209.446731789533,8.33552514553251,-218.464429050054,-13.6921298680465,433.267765562101,0,0,0,0,-17.792893085193,-13.2119339210298,-3.97383561218527e-05,0.00013422193906072,0.375979537852669,0.509056790769415
2216,88.64,209.446855420053,8.33552806480235,-218.461894451916,-13.6920909224809,433.265312729648,0,0,0,0,-17.7928424705301,-13.2094718204898,-3.97391377807773e-05,0.000134222241303413,0.3548697214708,0.509056660156401
2217,88.68,209.446784530911,8.33532167599562,-218.459366405173,-13.6920310934459,433.262860353534,0,0,0,0,-17.7927647808821,-13.20690052082,-3.97398312311414e-05,0.000134222634777836,0.333735595720788,0.509056442481258
2218,88.72,209.446537267089,8.33492610402251,-218.456845104018,-13.6919523507645,433.260408617848,0,0,0,0,-17.7926625699105,-13.2042307519573,-3.9740451686984e-05,0.000134223103803847,0.312578610986207,0.509056146768416
2219,88.76,209.446166482783,8.33439994437761,-218.454330735443,-13.6918604336512,433.2579577075,0,0,0,0,-17.7925432770489,-13.2014918411759,-3.97410799886057e-05,0.000134223567300787,0.291400218825057,0.509055796196507
2220,88.8,209.445735813303,8.33381370970531,-218.451823483001,-13.6917622216008,433.2555078082,0,0,0,0,-17.7924158197656,-13.1987186114989,-3.97417584587341e-05,0.000134223983151873,0.270201871804639,0.509055415781794
2221,88.84,209.44529762693,8.33322538669568,-218.449323530538,-13.6916633356128,433.253059106385,0,0,0,0,-17.7922874847592,-13.1959402334153,-3.97424720066956e-05,0.000134224366791765,0.248985023521768,0.509055021213116
2222,88.88,209.44488501164,8.33267158135256,-218.44683106409,-13.6915672947733,433.250611789151,0,0,0,0,-17.7921628348934,-13.1931765178929,-3.97431999211279e-05,0.000134224739031741,0.22775112864794,0.50905461527423
2223,88.92,209.444515302606,8.33217145351131,-218.444346271953,-13.6914759231805,433.248166044228,0,0,0,0,-17.7920442363471,-13.1904396703655,-3.97439306494831e-05,0.000134225111108784,0.206501642884603,0.509054190216441
2224,88.96,209.444196539643,8.33173387826741,-218.441869343888,-13.6913900547453,433.245722060009,0,0,0,0,-17.7919327718385,-13.1877372726156,-3.97446573073857e-05,0.000134225489130356,0.185238022845711,0.509053731799931
2225,89,209.443932075275,8.3313625518822,-218.439400470228,-13.691310031949,433.243280025569,0,0,0,0,-17.7918288869384,-13.1850742808726,-3.9745359261562e-05,0.000134225892800443,0.163961725925941,0.50905322333146
2226,89.04,209.443722634709,8.3310582771755,-218.436939841222,-13.691235931906,433.240840130662,0,0,0,0,-17.7917326829356,-13.1824536547051,-3.97460253688942e-05,0.000134226333250432,0.142674210175936,0.509052649465401
2227,89.08,209.443566575129,8.3308192455146,-218.434487646739,-13.6911675893473,433.2384025657,0,0,0,0,-17.7916439464515,-13.1798760660504,-3.97467265441787e-05,0.000134226741528715,0.121376934193581,0.509051999170706
2228,89.12,209.443460269801,8.33064144920413,-218.432044076218,-13.6911046249403,433.235967521755,0,0,0,0,-17.7915621861096,-13.1773400566444,-3.97475187792336e-05,0.000134227064908123,0.100071357039793,0.509051267607437
2229,89.16,209.443400004267,8.33052077820548,-218.429609318631,-13.6910466458676,433.23353519056,0,0,0,0,-17.791486892733,-13.1748436141735,-3.9748285770758e-05,0.000134227421882986,0.078758938153393,0.509050457113591
2230,89.2,209.443383608161,8.33045483850077,-218.42718356242,-13.690993432449,433.231105764529,0,0,0,0,-17.7914177815048,-13.1723857490633,-3.97489048605989e-05,0.000134227934508911,0.0574411372244127,0.509049577092726
2231,89.24,209.443408357487,8.33044063725871,-218.424766995475,-13.6909447210505,433.228679436753,0,0,0,0,-17.7913545104788,-13.16996522746,-3.97494747300804e-05,0.000134228501168525,0.0361194140344556,0.509048642545888
2232,89.28,209.443465012444,8.33046796851861,-218.42235980516,-13.6908995519102,433.226256400996,0,0,0,0,-17.7912958346698,-13.1675760562731,-3.9750157515885e-05,0.000134228956198975,0.0147952283377069,0.50904767190563
2233,89.32,209.443533613097,8.33051473421303,-218.419962178148,-13.6908557946418,433.223836851673,0,0,0,0,-17.7912389905687,-13.1652040047651,-3.97509522827381e-05,0.000134229298064119,-0.00652996015490792,0.50904668519617
2234,89.36,209.443587768126,8.33055168568153,-218.417574299917,-13.6908106014913,433.221420983853,0,0,0,0,-17.7911802841179,-13.1628296633998,-3.97517575622892e-05,0.0001342296277394,-0.0278546917322376,0.509045702383862
2235,89.4,209.443607340934,8.33055648963185,-218.415196354019,-13.690761787908,433.219008993229,0,0,0,0,-17.7911168815891,-13.1604381535768,-3.97524938758061e-05,0.000134230026023657,-0.0491775067108976,0.509044740419869
2236,89.44,209.443590798289,8.33052742675797,-218.412828521557,-13.6907091830172,433.216601076105,0,0,0,0,-17.7910485613796,-13.1580285774794,-3.97531321096218e-05,0.000134230524029409,-0.0704969456163824,0.509043807781964
2237,89.48,209.443557263785,8.33048567161103,-218.410470981289,-13.690654855896,433.214197429359,0,0,0,0,-17.790978007501,-13.1556154781806,-3.9753725165274e-05,0.000134231070359129,-0.0918115494599447,0.509042897560124
2238,89.52,209.443536354471,8.33046401924433,-218.408123910414,-13.690602004791,433.211798250432,0,0,0,0,-17.7909093686969,-13.1532210367439,-3.9754394433562e-05,0.000134231544220932,-0.113119859965576,0.509041982853758
2239,89.56,209.443553913293,8.33049106028909,-218.40578748553,-13.6905533987877,433.209403737322,0,0,0,0,-17.7908462369921,-13.1508642859454,-3.97551914604813e-05,0.000134231893968143,-0.134420419645592,0.509041019048156
2240,89.6,209.443624266823,8.33058260253464,-218.4034618831,-13.6905105411851,433.207014088574,0,0,0,0,-17.7907905623356,-13.1485553310174,-3.97560029444743e-05,0.000134232232458366,-0.155711771764857,0.509039954529277
2241,89.64,209.443752313194,8.3307440067698,-218.40114727923,-13.6904739175972,433.204629503252,0,0,0,0,-17.7907429743302,-13.1462970501422,-3.97567017192007e-05,0.000134232686392762,-0.176992460334796,0.509038745921015
2242,89.68,209.443939580938,8.33097692515959,-218.398843849149,-13.6904436759981,433.202250180925,0,0,0,0,-17.7907036643764,-13.1440897550604,-3.97573325294064e-05,0.000134233210762222,-0.198261030227953,0.509037370692649
2243,89.72,209.444186893101,8.33128225793113,-218.396551766968,-13.6904199195359,433.199876321674,0,0,0,0,-17.7906727655558,-13.1419330809446,-3.97580076339882e-05,0.000134233693287735,-0.219516027360995,0.509035832236401
2244,89.76,209.444492220251,8.33165776258407,-218.394271205988,-13.6904024624622,433.197508126118,0,0,0,0,-17.7906500360747,-13.1398242490642,-3.97587261433842e-05,0.000134234134943369,-0.240755998838743,0.50903415808958
2245,89.8,209.444847149357,8.33209413331996,-218.392002339414,-13.6903904399817,433.195145795433,0,0,0,0,-17.7906343533077,-13.137755776669,-3.97594285470173e-05,0.000134234595219436,-0.26197949303438,0.509032395761754
2246,89.84,209.445234248727,8.33257208492756,-218.389745341139,-13.6903820264124,433.192789531351,0,0,0,0,-17.7906233485793,-13.1357145435067,-3.97601050290484e-05,0.000134235083753842,-0.28318505966051,0.509030609816502
2247,89.88,209.445624712926,8.33305974639242,-218.387500386226,-13.6903741833738,433.190439536134,0,0,0,0,-17.7906130811442,-13.1336813739718,-3.97607865375446e-05,0.00013423556944307,-0.304371249858396,0.5090288798824
2248,89.92,209.445976867698,8.33351099238006,-218.385267650734,-13.6903624865066,433.188096012558,0,0,0,0,-17.7905978139417,-13.1316306675697,-3.97615132932931e-05,0.000134236012079719,-0.325536616261437,0.509027296020152
2249,89.96,209.446239980737,8.33386964100715,-218.383047310545,-13.6903415136175,433.185759163892,0,0,0,0,-17.7905705169355,-13.129532460302,-3.97622942434003e-05,0.000134236402796958,-0.34667971299278,0.50902594837899
2250,90,209.446367392354,8.33408398424357,-218.380839539174,-13.6903062465744,433.183429193859,0,0,0,0,-17.7905246844565,-13.1273597209443,-3.97630702951101e-05,0.000134236800702154,-0.367799095647807,0.509024911769878
2251,90.04,209.446335336747,8.33412764582372,-218.378644505209,-13.6902541104374,433.18110630657,0,0,0,0,-17.7904569785295,-13.1250991252494,-3.97637697090745e-05,0.000134237277563777,-0.388893321380929,0.509024229193289
2252,90.08,209.446155353683,8.3340133502386,-218.376462370796,-13.6901863322066,433.178790706446,0,0,0,0,-17.7903689900536,-13.1227580171253,-3.97643991916579e-05,0.000134237826814573,-0.409960949153706,0.509023899216136
2253,90.12,209.445869586726,8.33378771490092,-218.374293292283,-13.6901074340601,433.176482598168,0,0,0,0,-17.7902665816319,-13.1203612216906,-3.97650323425346e-05,0.000134238374985705,-0.431000540035352,0.509023871725476
2254,90.16,209.445531672941,8.3335100618724,-218.372137422701,-13.6900231528804,433.17418218665,0,0,0,0,-17.7901571906838,-13.1179400096586,-3.97657121146352e-05,0.000134238879091021,-0.45201065737645,0.509024056224141
2255,90.2,209.445187852034,8.33323148834783,-218.369994914393,-13.6899383989237,433.171889677002,0,0,0,0,-17.7900471836208,-13.1155220344426,-3.97664134216686e-05,0.000134239364046085,-0.472989866819077,0.509024343586617
2256,90.24,209.444869568007,8.33298669727879,-218.367865920369,-13.6898564833795,433.169605274477,0,0,0,0,-17.7899408546945,-13.1131277835657,-3.97671054220673e-05,0.00013423986061196,-0.493936736273306,0.50902463432376
2257,90.28,209.444595884756,8.3327967029012,-218.365750594357,-13.6897794082093,433.167329184421,0,0,0,0,-17.7898408014027,-13.1107716872713,-3.97678129062043e-05,0.000134240344354424,-0.514849835975395,0.509024860415611
2258,90.32,209.444377724167,8.33267353366173,-218.363649090368,-13.6897083313845,433.165061612258,0,0,0,0,-17.7897485270428,-13.1084635550151,-3.9768575927021e-05,0.000134240776272574,-0.535727738615966,0.509024991572282
2259,90.36,209.444219822226,8.33262239126211,-218.361561562428,-13.6896437701029,433.162802763495,0,0,0,0,-17.7896647036846,-13.1062087706192,-3.97693361543824e-05,0.000134241216184108,-0.556569019469098,0.509025027548736
2260,90.4,209.444120977428,8.33264191825143,-218.359488164514,-13.6895856200502,433.160552843741,0,0,0,0,-17.7895891968713,-13.1040080012233,-3.97699862687907e-05,0.000134241772252548,-0.577372256498216,0.509024985404281
2261,90.44,209.444073710003,8.33272381336416,-218.357429050453,-13.6895331116232,433.158312058715,0,0,0,0,-17.7895210087755,-13.1018568858154,-3.97705836193703e-05,0.000134242385959606,-0.598136030449497,0.509024889154482
2262,90.48,209.444064387093,8.33285295614437,-218.355384373617,-13.6894848096609,433.156080614227,0,0,0,0,-17.7894582779098,-13.0997460757054,-3.97712966745906e-05,0.000134242885306856,-0.618858924921662,0.509024763152606
2263,90.52,209.444076128245,8.33301060839643,-218.353354286397,-13.6894389098906,433.153858716136,0,0,0,0,-17.7893986637744,-13.0976632997226,-3.97721115462813e-05,0.000134243279794028,-0.639539526397998,0.509024626707398
2264,90.56,209.444096062974,8.33318244967475,-218.351338939596,-13.689394017437,433.151646570333,0,0,0,0,-17.7893403568515,-13.0955989248768,-3.97728479520644e-05,0.000134243746928157,-0.66017642428586,0.509024488550059
2265,90.6,209.444123586652,8.33336773696374,-218.349338482009,-13.6893500510322,433.14944438273,0,0,0,0,-17.7892832516578,-13.0935525398777,-3.97734560301669e-05,0.000134244336898371,-0.680768211048936,0.509024342799921
2266,90.64,209.444172368542,8.33358154112839,-218.347353060439,-13.6893084714216,433.147252359274,0,0,0,0,-17.7892292430479,-13.0915346003756,-3.97740785336956e-05,0.000134244909846561,-0.701313482434404,0.509024169173719
2267,90.68,209.444263010805,8.33384661023992,-218.345382820144,-13.6892714852171,433.145070705926,0,0,0,0,-17.78918119334,-13.0895605641813,-3.97748090706535e-05,0.000134245375950537,-0.721810837675193,0.509023938613566
2268,90.72,209.444411990051,8.33418111420776,-218.343427905386,-13.6892408474048,433.142899628634,0,0,0,0,-17.789141378785,-13.0876422199663,-3.97755603338881e-05,0.000134245825942442,-0.742258879570814,0.509023622729296
2269,90.76,209.444624920747,8.33459119638498,-218.341488459777,-13.6892171491671,433.140739333306,0,0,0,0,-17.7891105656857,-13.0857827305735,-3.97762386054607e-05,0.000134246355967431,-0.762656214492458,0.509023203057584
2270,90.8,209.444895770005,8.3350701280072,-218.339564626476,-13.6891997573542,433.138590025829,0,0,0,0,-17.7890879320125,-13.0839765971313,-3.97768819589485e-05,0.00013424692863902,-0.783001452421937,0.509022675611065
2271,90.84,209.445207696738,8.33559924554541,-218.337656548453,-13.6891869124351,433.136451912081,0,0,0,0,-17.7890711947645,-13.0822109806021,-3.97775455500333e-05,0.000134247487415675,-0.803293207049394,0.509022048530429
2272,90.88,209.445532631567,8.3361474723477,-218.335764368813,-13.6891756698935,433.134325197925,0,0,0,0,-17.789056534361,-13.0804660892274,-3.97782277617213e-05,0.000134248031536877,-0.823530095867384,0.509021334775424
2273,90.92,209.445831467409,8.3366715111271,-218.333888230799,-13.6891619020821,433.132210089163,0,0,0,0,-17.7890385974354,-13.078715892529,-3.97789411619323e-05,0.000134248546690235,-0.843710740220638,0.509020544553277
2274,90.96,209.446058693252,8.33712095675028,-218.332028277021,-13.6891407779758,433.130106791499,0,0,0,0,-17.7890111192005,-13.0769313457884,-3.97797008618188e-05,0.000134249017202953,-0.863833765320083,0.509019681670361
2275,91,209.446173688035,8.33745078802959,-218.330184647799,-13.6891079626942,433.128015510499,0,0,0,0,-17.7889684788096,-13.075087275576,-3.978046027829e-05,0.000134249489754801,-0.883897800256116,0.50901874520796
2276,91.04,209.446155906033,8.33763818526995,-218.328357479192,-13.6890612515866,433.125936451542,0,0,0,0,-17.7889078178919,-13.0731714550294,-3.97811539823656e-05,0.000134250029902011,-0.903901478085683,0.50901773452822
2277,91.08,209.446014988313,8.33769373985003,-218.326546901804,-13.6890016694765,433.123869819743,0,0,0,0,-17.7888304654645,-13.0711904239954,-3.97817843198857e-05,0.00013425063517206,-0.92384343604301,0.509016653038261
2278,91.12,209.445787248179,8.33765756275864,-218.324753041249,-13.6889330932398,433.121815819909,0,0,0,0,-17.7887414483953,-13.0691669325558,-3.97824149180166e-05,0.000134251241565253,-0.943722315793907,0.509015506832402
2279,91.16,209.445520247216,8.33758219440809,-218.32297602004,-13.6888605836411,433.119774656489,0,0,0,0,-17.7886473288076,-13.0671307285984,-3.9783084785404e-05,0.000134251809540825,-0.963536763595769,0.509014299231243
2280,91.2,209.445256808366,8.33751490577335,-218.321215959672,-13.6887886712847,433.117746533548,0,0,0,0,-17.7885539821777,-13.0651095771175,-3.97837819381106e-05,0.000134252350424227,-0.983285430338336,0.509013026731016
2281,91.24,209.445027415584,8.33748930849039,-218.319472981872,-13.6887205657617,433.115731654727,0,0,0,0,-17.7884655719083,-13.0631248573503,-3.97844773881374e-05,0.000134252892418292,-1.002966971559,0.509011680278554
2282,91.28,209.444849884519,8.33752501488048,-218.317747208959,-13.6886581446129,433.11373022321,0,0,0,0,-17.7883845343797,-13.0611905807094,-3.97851405584901e-05,0.000134253465111547,-1.0225800475085,0.509010250283631
2283,91.32,209.444730802495,8.33762923215282,-218.31603876375,-13.6886021076264,433.111742441718,0,0,0,0,-17.7883117783159,-13.0593130996071,-3.97857896432253e-05,0.000134254049223996,-1.04212332324784,0.509008731493995
2284,91.36,209.444667397127,8.33779881276311,-218.314347769215,-13.6885521589163,433.109768512495,0,0,0,0,-17.7882469205405,-13.0574914969984,-3.97864981931613e-05,0.000134254571025878,-1.06159546871625,0.509007125777507
2285,91.4,209.444652002376,8.33802518506362,-218.312674347902,-13.6885074721072,433.107808637321,0,0,0,0,-17.7881888893105,-13.0557205382266,-3.97872559723442e-05,0.000134255043039421,-1.08099515876733,0.509005442525675
2286,91.44,209.444678946334,8.33830198023747,-218.31101862129,-13.6884674301244,433.105863017511,0,0,0,0,-17.7881368841028,-13.0539960240605,-3.9787951562618e-05,0.000134255581364221,-1.1003210732379,0.509003696677811
2287,91.48,209.444749683782,8.33863072677064,-218.309380709378,-13.6884321875169,433.103931853906,0,0,0,0,-17.7880911052494,-13.0523190545408,-3.97885665832736e-05,0.000134256208616383,-1.11957189710083,0.509001905234423
2288,91.52,209.444871552986,8.33901948276227,-218.30776073073,-13.6884025458965,433.10201534685,0,0,0,0,-17.788052592395,-13.0506952107684,-3.97892001301341e-05,0.000134256826421387,-1.13874632066942,0.50900008459185
2289,91.56,209.445049945017,8.33947416258678,-218.306158802918,-13.688379110843,433.100113696192,0,0,0,0,-17.7880221307454,-13.0491284578876,-3.97898872243705e-05,0.000134257397041717,-1.15784303975234,0.508998251332466
2290,91.6,209.445279166616,8.33998841614475,-218.304575043069,-13.6883613077477,433.098227101288,0,0,0,0,-17.7879989744384,-13.0476143127263,-3.97905741341285e-05,0.000134257970941389,-1.1768607556986,0.508996427109092
2291,91.64,209.445537840512,8.3405385414867,-218.30300956817,-13.688346893811,433.096355761006,0,0,0,0,-17.7879802137726,-13.0461370241161,-3.97912397900111e-05,0.000134258567751529,-1.1957981753814,0.508994644674493
2292,91.68,209.445790461812,8.34108520998475,-218.301462494942,-13.6883321269407,433.09449987371,0,0,0,0,-17.7879609946833,-13.0446715110076,-3.97919214861345e-05,0.000134259150479043,-1.21465401119744,0.508992949862798
2293,91.72,209.445994038852,8.34158080319797,-218.299933939123,-13.6883124624434,433.092659637221,0,0,0,0,-17.7879354226881,-13.0431884614815,-3.97926496895008e-05,0.000134259689223032,-1.23342698109151,0.508991396164976
2294,91.76,209.446109253285,8.34198174603809,-218.298424014155,-13.688283727361,433.090835248764,0,0,0,0,-17.7878980859801,-13.0416618303529,-3.97933938392405e-05,0.000134260214504529,-1.25211580859262,0.508990033278248
2295,91.8,209.446114202071,8.34226371112946,-218.296932829685,-13.6882435842867,433.089026904913,0,0,0,0,-17.7878459535525,-13.0400775774853,-3.97940872296644e-05,0.000134260792664367,-1.27071922289874,0.508988894484759
2296,91.84,209.446014241357,8.3424325223547,-218.295460490686,-13.6881925918618,433.08723480155,0,0,0,0,-17.787779750104,-13.0384396786962,-3.97947223260022e-05,0.000134261431094646,-1.2892359590566,0.508987987687414
2297,91.88,209.445840481406,8.34252249269991,-218.294007097887,-13.6881340472303,433.085459133824,0,0,0,0,-17.7877037515777,-13.0367688813289,-3.97953558182302e-05,0.000134262073291202,-1.30766475819499,0.508987292953966
2298,91.92,209.445636875924,8.34258212870915,-218.292572749331,-13.6880725995521,433.083700096098,0,0,0,0,-17.7876239874075,-13.0350944773896,-3.97960021248225e-05,0.000134262705255899,-1.32600436769819,0.508986767538499
2299,91.96,209.445444747434,8.34265700689947,-218.291157542155,-13.6880125992023,433.081957881892,0,0,0,0,-17.7875461000965,-13.0334446945421,-3.97966347583105e-05,0.000134263354124959,-1.34425354127158,0.508986357062455
2300,92,209.445293547982,8.34277956896404,-218.289761573726,-13.6879571311016,433.080232683845,0,0,0,0,-17.7874740915515,-13.0318407004013,-3.97972935037026e-05,0.000134263980747878,-1.36241103895753,0.508986008240891
2301,92.04,209.445199319917,8.3429674367343,-218.288384941907,-13.6879078686189,433.078524693709,0,0,0,0,-17.7874101331036,-13.0302948838828,-3.97980418069585e-05,0.000134264521721923,-1.38047562716205,0.508985677131701
2302,92.08,209.445167756723,8.34322680113348,-218.287027744762,-13.6878654019916,433.076834102343,0,0,0,0,-17.7873549909532,-13.0288120888687,-3.97988201339834e-05,0.00013426503571778,-1.39844607869917,0.508985330227056
2303,92.12,209.445199015608,8.34355774548685,-218.285690080048,-13.6878297495306,433.075161099699,0,0,0,0,-17.7873086890451,-13.0273927115937,-3.9799499366083e-05,0.000134265650469082,-1.41632117286316,0.508984940962142
2304,92.16,209.445291130441,8.34395802666455,-218.284372044898,-13.6878007261408,433.073505874816,0,0,0,0,-17.7872709871382,-13.0260354143146,-3.98000796460981e-05,0.000134266364636337,-1.43409969556048,0.508984486202198
2305,92.2,209.445438559206,8.3444214666425,-218.283073735838,-13.6877777874287,433.07186861583,0,0,0,0,-17.7872411787093,-13.024736301144,-3.98006822416347e-05,0.000134267056359666,-1.45178043947351,0.508983945342277
2306,92.24,209.445626435165,8.34493157858155,-218.281795248958,-13.6877594044539,433.070249509996,0,0,0,0,-17.7872172800448,-13.0234847228693,-3.98013594215724e-05,0.000134267673355382,-1.46936220415845,0.508983301763276
2307,92.28,209.445826313439,8.34545684853043,-218.280536679851,-13.6877425989065,433.068648743666,0,0,0,0,-17.7871954275064,-13.0222602752152,-3.98020689693306e-05,0.000134268258179266,-1.48684379603493,0.508982544623261
2308,92.32,209.445999194284,8.3459540749297,-218.279298122986,-13.6877232599084,433.06706650225,0,0,0,0,-17.7871702887054,-13.0210352714391,-3.98027882443434e-05,0.000134268833958547,-1.50422402833084,0.508981669075666
2309,92.36,209.446106648603,8.3463806730851,-218.278079670601,-13.6876973240306,433.065502970149,0,0,0,0,-17.7871365931961,-13.0197828560118,-3.98035101739859e-05,0.000134269408241239,-1.52150172107132,0.508980674736229
2310,92.4,209.446125446322,8.3467108546294,-218.276881411493,-13.6876623275244,433.06395833071,0,0,0,0,-17.7870911456576,-13.0184871659026,-3.98041990974859e-05,0.000134270017031881,-1.53867570116201,0.50897956375012
2311,92.44,209.44605800432,8.34694718570487,-218.275703430382,-13.6876185171764,433.062432766174,0,0,0,0,-17.7870342664012,-13.0171502531662,-3.98048368480979e-05,0.000134270678690288,-1.55574480257198,0.508978339512759
2312,92.48,209.445931995005,8.34712015519416,-218.274545808298,-13.6875688095251,433.060926457634,0,0,0,0,-17.7869697383029,-13.0157915326691,-3.98054430932782e-05,0.000134271373759513,-1.57270786656458,0.508977005923227
2313,92.52,209.445788747708,8.34727534247384,-218.273408623874,-13.6875175558736,433.059439584982,0,0,0,0,-17.7869032051885,-13.0144398522476,-3.98060517212391e-05,0.000134272068819564,-1.58956374188082,0.508975567156462
2314,92.56,209.445667902169,8.34745644503047,-218.272291954836,-13.6874689148853,433.05797232686,0,0,0,0,-17.7868400613751,-13.0131232229992,-3.98067194076883e-05,0.000134272707889057,-1.60631128481457,0.508974029020632
2315,92.6,209.445597247554,8.34769405604321,-218.271195878965,-13.6874257901301,433.056524860606,0,0,0,0,-17.7867840736212,-13.011861838724,-3.98074686077157e-05,0.00013427326891203,-1.62294935921626,0.508972402571437
2316,92.64,209.445590316506,8.34800302274652,-218.270120474398,-13.6873895940842,433.055097362242,0,0,0,0,-17.7867370746047,-13.0106659654048,-3.98082030031446e-05,0.000134273847670959,-1.63947683650418,0.508970708561982
2317,92.68,209.445647959165,8.34838419562432,-218.269065819483,-13.6873604234464,433.053690006471,0,0,0,0,-17.7866991899116,-13.0095365623277,-3.98088281480895e-05,0.00013427453718846,-1.65589259572348,0.508968980011223
2318,92.72,209.445759471834,8.34882567396357,-218.268031992503,-13.6873371762942,433.052302966668,0,0,0,0,-17.7866689899207,-13.0084659733966,-3.9809409543179e-05,0.000134275270626228,-1.67219552363806,0.508967260974487
2319,92.76,209.445902235922,8.34930239538802,-218.267019071334,-13.6873175030133,433.050936414882,0,0,0,0,-17.7866434263829,-13.0074378302682,-3.98100589447138e-05,0.000134275935902274,-1.68838451480287,0.508965601593045
2320,92.8,209.446042990098,8.3497775246952,-218.266027132881,-13.6872979235336,433.049590521817,0,0,0,0,-17.7866179848024,-13.0064281108256,-3.9810778537756e-05,0.000134276531406453,-1.70445847156558,0.508964051281298
2321,92.84,209.44614522428,8.35021061679081,-218.265056252169,-13.6872745971362,433.048265456794,0,0,0,0,-17.7865876831632,-13.0054105543339,-3.98115083432551e-05,0.000134277117777912,-1.72041630402069,0.508962652200504
2322,92.88,209.44618263433,8.35057249483479,-218.264106501265,-13.6872447469243,433.046961387685,0,0,0,0,-17.7865489196108,-13.0043664234962,-3.9812200210989e-05,0.000134277743492005,-1.73625693002541,0.508961433831679
2323,92.92,209.446151530875,8.35085897835308,-218.263177948571,-13.6872079797571,433.045678480851,0,0,0,0,-17.7865011843671,-13.0032933527642,-3.9812834085902e-05,0.000134278428902651,-1.75197927535652,0.50896040823079
2324,92.96,209.446073423458,8.35109374299881,-218.262270658969,-13.6871665616653,433.044416901094,0,0,0,0,-17.7864474168168,-13.0022069859472,-3.98134392383341e-05,0.000134279145400653,-1.76758227395868,0.508959566087394
2325,93,209.445985308604,8.35131757883339,-218.26138469487,-13.6871243869813,433.043176811622,0,0,0,0,-17.7863926684247,-13.0011339712214,-3.98140756413853e-05,0.000134279833910112,-1.78306486815651,0.50895887550203
2326,93.04,209.44592386204,8.35157091267414,-218.260520117607,-13.6870853070383,433.041958374011,0,0,0,0,-17.7863419350628,-13.0001008534342,-3.98147660125721e-05,0.000134280472200389,-1.79842600874996,0.508958286010829
2327,93.08,209.445912689802,8.35187972463743,-218.259676988473,-13.6870517945243,433.040761748162,0,0,0,0,-17.7862984244961,-12.9991250344681,-3.98154594886788e-05,0.000134281110443681,-1.81366465501704,0.508957737951424
2328,93.12,209.445956969162,8.3522496406021,-218.258855369057,-13.6870243946511,433.039587092268,0,0,0,0,-17.7862628441871,-12.9982107011293,-3.98161002765463e-05,0.000134281802448475,-1.82877977470148,0.508957173454734
2329,93.16,209.446043797364,8.35266632307915,-218.258055320998,-13.6870017675231,433.038434562806,0,0,0,0,-17.7862334560319,-12.9973487614128,-3.98167236267446e-05,0.000134282510727504,-1.84377034402358,0.508956544254929
2330,93.2,209.446146084393,8.35309975968833,-218.257276905344,-13.6869810844886,433.037304314537,0,0,0,0,-17.7862065905437,-12.9965194728774,-3.98174000209873e-05,0.000134283163733586,-1.85863534768386,0.508955814466927
2331,93.24,209.446230818217,8.35351337782359,-218.256520181621,-13.6869588784643,433.036196500478,0,0,0,0,-17.7861777500596,-12.9956984532431,-3.98181161469228e-05,0.000134283775213743,-1.87337377883638,0.508954960277844
2332,93.28,209.446272049562,8.35387838989675,-218.255785206797,-13.6869324053962,433.035111271859,0,0,0,0,-17.7861433749271,-12.9948663918187,-3.98188032803114e-05,0.000134284414720318,-1.88798463909239,0.50895396946289
2333,93.32,209.446263567291,8.35418781633911,-218.25507203454,-13.6869009925605,433.034048778053,0,0,0,0,-17.7861025925179,-12.9940186855177,-3.98194328754017e-05,0.00013428511074078,-1.90246693865312,0.508952841694027
2334,93.36,209.44622262291,8.35446061685868,-218.254380715255,-13.6868664452397,433.033009166547,0,0,0,0,-17.7860577447047,-12.9931682577034,-3.9820037287469e-05,0.000134285829861725,-1.9168196965688,0.508951588765856
2335,93.4,209.446180698285,8.35473148681181,-218.253711296993,-13.6868320744405,433.031992582907,0,0,0,0,-17.786013126574,-12.9923385209732,-3.98206580285014e-05,0.000134286529565039,-1.93104194098154,0.50895023415313
2336,93.44,209.446166858971,8.35503245385153,-218.253063826722,-13.6868009389132,433.030999170755,0,0,0,0,-17.7859727060009,-12.991550990217,-3.98212893919179e-05,0.000134287215612394,-1.94513270922622,0.508948812382048
2337,93.48,209.446193905715,8.35537757383636,-218.252438351224,-13.6867743886199,433.030029071723,0,0,0,0,-17.7859382342199,-12.9908151260047,-3.98219114845731e-05,0.000134287909040761,-1.95909104779779,0.508947368183213
2338,93.52,209.44625392691,8.35575801856405,-218.25183491721,-13.6867515998682,433.029082425424,0,0,0,0,-17.7859086427015,-12.9901250291397,-3.98225512918052e-05,0.000134288584598768,-1.97291601226475,0.508945953622359
2339,93.56,209.446323661749,8.35614799747424,-218.251253570696,-13.6867301344565,433.028159369427,0,0,0,0,-17.785880768475,-12.9894633748722,-3.98232387796939e-05,0.000134289214554645,-1.9866066671955,0.50894462126456
2340,93.6,209.446376703399,8.35651823334881,-218.250694355994,-13.6867072131871,433.027260039231,0,0,0,0,-17.7858510062735,-12.9888105373561,-3.98239401101112e-05,0.000134289835489749,-2.00016208613949,0.508943414155335
2341,93.64,209.446397717479,8.35685167671484,-218.250157314735,-13.6866812127312,433.02638456823,0,0,0,0,-17.7858172503458,-12.9881552443944,-3.98245961785765e-05,0.000134290508823107,-2.01358135170737,0.508942356161136
2342,93.68,209.446391227629,8.35715322965661,-218.249642485457,-13.6866526042377,433.025533087667,0,0,0,0,-17.7857801119429,-12.9875011043137,-3.9825197818388e-05,0.000134291244203024,-2.02686355577755,0.508941446074952
2343,93.72,209.446378231689,8.35744601396245,-218.249149904074,-13.686623604799,433.0247057266,0,0,0,0,-17.7857424671166,-12.9868639739717,-3.98257838941348e-05,0.000134292001242591,-2.04000779975891,0.508940656980921
2344,93.76,209.446381854294,8.35775550709362,-218.248679604932,-13.6865966597462,433.023902611878,0,0,0,0,-17.7857074879666,-12.9862611854817,-3.9826393010631e-05,0.000134292739055542,-2.05301319475705,0.508939941121265
2345,93.8,209.44641218907,8.35809277974804,-218.248231621717,-13.6865728370716,433.02312386811,0,0,0,0,-17.7856765599105,-12.985700239392,-3.98270501405914e-05,0.000134293430816108,-2.06587886155729,0.508939239710327
2346,93.84,209.446461020849,8.35844866019514,-218.247805987604,-13.6865512693719,433.02236961763,0,0,0,0,-17.785648557734,-12.9851748619075,-3.98277636200537e-05,0.000134294067043122,-2.07860393048378,0.5089384956306
2347,93.88,209.446509241329,8.35880193347226,-218.247402734594,-13.6865299380066,433.021639980457,0,0,0,0,-17.7856208628088,-12.9846706167762,-3.98284943345509e-05,0.000134294686207407,-2.09118754128071,0.508937665576448
2348,93.92,209.446541060131,8.35913505373658,-218.247021892555,-13.6865071753014,433.020935074251,0,0,0,0,-17.7855913118268,-12.9841757009423,-3.98291653177012e-05,0.00013429536503352,-2.10362884313921,0.508936728426069
2349,93.96,209.446555044726,8.35944635400925,-218.246663488658,-13.6864828349168,433.020255014291,0,0,0,0,-17.7855597150058,-12.9836892590843,-3.98297419820099e-05,0.000134296138330087,-2.11592699489085,0.508935688082432
2350,94,209.446563953835,8.35974986581969,-218.246327547597,-13.686458277853,433.019599913466,0,0,0,0,-17.7855278378609,-12.983221124989,-3.98302807355797e-05,0.000134296950256558,-2.12808116526979,0.508934570670774
2351,94.04,209.446583323703,8.36006269390858,-218.24601409243,-13.6864351600381,433.018969882263,0,0,0,0,-17.7854978284525,-12.9827831066633,-3.98308816024007e-05,0.000134297701244222,-2.14009053307983,0.50893341747611
2352,94.08,209.446618462409,8.3603906244748,-218.245723145284,-13.6864140455239,433.018365028742,0,0,0,0,-17.7854704184736,-12.9823791538632,-3.98315968187732e-05,0.000134298338902787,-2.15195428716492,0.508932275815634
2353,94.12,209.446661338101,8.36072468136368,-218.245454727363,-13.686394074369,433.01778545847,0,0,0,0,-17.7854444924345,-12.9820030507871,-3.98323683932497e-05,0.000134298920389609,-2.16367162625622,0.508931189500362
2354,94.16,209.446699488645,8.36105098748208,-218.245208858332,-13.6863739149908,433.017231274486,0,0,0,0,-17.785418323031,-12.9816452866361,-3.98330624084487e-05,0.000134299578595476,-2.17524175889195,0.508930189590039
2355,94.2,209.446727838779,8.3613638437796,-218.244985555686,-13.6863530265956,433.016702577281,0,0,0,0,-17.7853912087509,-12.9813021119273,-3.98336107437553e-05,0.000134300381162787,-2.18666390353425,0.508929286503182
2356,94.24,209.446752283469,8.36166969451808,-218.244784834695,-13.6863320411524,433.016199464799,0,0,0,0,-17.7853639693407,-12.9809781658328,-3.98341139602376e-05,0.000134301228042169,-2.19793728880747,0.508928466017525
2357,94.28,209.446782361101,8.36197901619589,-218.244606708889,-13.6863119786241,433.015722032418,0,0,0,0,-17.7853379278231,-12.9806807754721,-3.98347423805442e-05,0.000134301950188046,-2.20906115366815,0.508927692296098
2358,94.32,209.446821199765,8.36229518594953,-218.244451190521,-13.6862931685745,433.015270372911,0,0,0,0,-17.7853135116864,-12.9804122812143,-3.98355216546533e-05,0.000134302523310547,-2.22003474739397,0.508926919161301
2359,94.36,209.446863474623,8.36261222044936,-218.244318290515,-13.6862750317082,433.014844576397,0,0,0,0,-17.7852899695113,-12.9801685325757,-3.98362808908958e-05,0.000134303119171213,-2.23085732946363,0.508926106540471
2360,94.4,209.446902780907,8.36292294491627,-218.244208018004,-13.6862568763109,433.014444730306,0,0,0,0,-17.7852664040385,-12.9799446261949,-3.983686619393e-05,0.000134303891918146,-2.24152816952369,0.508925234954052
2361,94.44,209.446938970299,8.36322711921558,-218.24412038001,-13.686238688288,433.014070919381,0,0,0,0,-17.7852427969405,-12.9797405420147,-3.9837359380352e-05,0.000134304759525136,-2.25204654753374,0.508924310918599
2362,94.48,209.44697701623,8.36353017600972,-218.244055381579,-13.6862210038704,433.01372322567,0,0,0,0,-17.7852198437193,-12.979560159344,-3.98379774959986e-05,0.000134305504423173,-2.26241175395397,0.508923361141322
2363,94.52,209.447020075757,8.36383553180421,-218.244013026097,-13.6862041584433,433.013401728494,0,0,0,0,-17.785197979388,-12.979405878676,-3.98387546134326e-05,0.000134306091797211,-2.27262308980059,0.508922419608169
2364,94.56,209.447066145107,8.36414088484335,-218.243993315335,-13.6861879288039,433.013106504403,0,0,0,0,-17.7851769144525,-12.9792761024509,-3.98394822806172e-05,0.000134306729279167,-2.2826798665785,0.508921514237441
2365,94.6,209.447111927172,8.36444250754925,-218.24399624919,-13.6861719583327,433.012837627146,0,0,0,0,-17.7851561863583,-12.9791682882882,-3.98400376565013e-05,0.000134307538933371,-2.2925814062536,0.50892065780545
2366,94.64,209.447157529466,8.36474045424101,-218.244021825515,-13.6861562669256,433.012595167666,0,0,0,0,-17.7851358208914,-12.9790825783485,-3.98405819912812e-05,0.000134308358720152,-2.30232704135896,0.508919844866644
2367,94.68,209.447205458198,8.36503743839876,-218.244070040231,-13.6861411340617,433.012379194092,0,0,0,0,-17.7851161805382,-12.9790209345573,-3.98412784695462e-05,0.000134309024524931,-2.31191611512718,0.508919055240134
2368,94.72,209.447256539551,8.36533430626357,-218.244140887512,-13.6861266509052,433.012189771704,0,0,0,0,-17.7850973835737,-12.9789839522492,-3.98420099023373e-05,0.000134309652738329,-2.32134798151713,0.508918263726392
2369,94.76,209.447309331503,8.36562938963599,-218.244234359788,-13.6861126612338,433.01202696289,0,0,0,0,-17.7850792274243,-12.9789704680877,-3.98426079485849e-05,0.000134310411888708,-2.33062200518182,0.508917452544142
2370,94.8,209.447363048156,8.36592175451618,-218.24435044768,-13.686099085805,433.011890827125,0,0,0,0,-17.7850616093343,-12.9789798776498,-3.98431629054845e-05,0.000134311213583033,-2.33973756150414,0.508916619688345
2371,94.84,209.447418644254,8.36621240003529,-218.244489140061,-13.6860860367001,433.01178142098,0,0,0,0,-17.7850446746728,-12.9790129397861,-3.9843825513751e-05,0.00013431191022633,-2.34869403669574,0.508915777870394
2372,94.88,209.447476861211,8.36650208317819,-218.244650424197,-13.6860735958742,433.011698798104,0,0,0,0,-17.7850285297449,-12.9790702080473,-3.98445182707132e-05,0.000134312581908009,-2.35749082785036,0.508914945098629
2373,94.92,209.447537261261,8.3667902479946,-218.244834285779,-13.6860617101311,433.011643009177,0,0,0,0,-17.7850131055701,-12.9791513086589,-3.9845127910942e-05,0.000134313342183081,-2.36612734294123,0.508914133488396
2374,94.96,209.447599542865,8.3670764910683,-218.245040708857,-13.6860503412255,433.011614101879,0,0,0,0,-17.7849983525222,-12.9792560042508,-3.98457286324641e-05,0.000134314114809677,-2.37460300085042,0.508913343034917
2375,95,209.447664144951,8.36736123198269,-218.24526967581,-13.6860395321108,433.011612120889,0,0,0,0,-17.7849843262503,-12.9793846318104,-3.98463865623256e-05,0.000134314831011432,-2.38291723144037,0.508912563204398
2376,95.04,209.447731302416,8.36764466175326,-218.245521167335,-13.6860292998779,433.011637107875,0,0,0,0,-17.7849710488588,-12.9795373313516,-3.98470362127869e-05,0.000134315554763294,-2.39106947559694,0.508911780637403
2377,95.08,209.447800803119,8.36792647560622,-218.245795162368,-13.6860196115959,433.011689101477,0,0,0,0,-17.7849584775857,-12.9797138924831,-3.98476573533636e-05,0.000134316306116926,-2.39905918524102,0.50891098772913
2378,95.12,209.447872687059,8.36820665324453,-218.246091637961,-13.6860104654912,433.011768137267,0,0,0,0,-17.7849466100799,-12.9799143276095,-3.98482910760362e-05,0.000134317044108668,-2.40688582336263,0.508910186187501
2379,95.16,209.447947276034,8.36848549081289,-218.246410569213,-13.6860018932962,433.01187424773,0,0,0,0,-17.784935487464,-12.9801388603889,-3.98489237746502e-05,0.000134317782093097,-2.41454886407237,0.508909383444948
2380,95.2,209.448024772541,8.3687631547935,-218.246751929239,-13.6859939152586,433.012007462245,0,0,0,0,-17.7849251359941,-12.9803875909354,-3.98495451875508e-05,0.000134318530066326,-2.42204779263675,0.508908585456551
2381,95.24,209.448105308812,8.36903973922077,-218.247115689188,-13.6859865483029,433.012167807082,0,0,0,0,-17.7849155776172,-12.9806605460544,-3.98501763639441e-05,0.000134319267409545,-2.42938210550871,0.50890779180623
2382,95.28,209.448188862577,8.36931517231033,-218.247501818303,-13.6859797968242,433.012355305394,0,0,0,0,-17.7849068180096,-12.9809576065133,-3.98508045629992e-05,0.000134320008123374,-2.43655131036348,0.50890699647135
2383,95.32,209.44827491186,8.36958882917946,-218.247910283991,-13.6859736105072,433.012569977178,0,0,0,0,-17.7848987918804,-12.9812782424912,-3.98514233653628e-05,0.000134320760129176,-2.44355492612202,0.508906192807598
2384,95.36,209.44836278039,8.36985991130523,-218.248341051884,-13.6859679182814,433.012811839251,0,0,0,0,-17.7848914070309,-12.9816218342167,-3.98520519392414e-05,0.00013432150512669,-2.45039248296879,0.508905378083177
2385,95.4,209.448452520611,8.37012842431306,-218.248794085867,-13.6859627230673,433.013080905233,0,0,0,0,-17.7848846672423,-12.9819883932468,-3.98526864000637e-05,0.000134322246663268,-2.45706352238992,0.508904553723975
2386,95.44,209.448545087853,8.37039537177346,-218.249269348071,-13.6859581214051,433.013377185556,0,0,0,0,-17.7848786977232,-12.9823786654914,-3.98533202672156e-05,0.000134322989873805,-2.46356759722614,0.508903721649339
2387,95.48,209.448641482375,8.37066180675933,-218.249766798826,-13.6859542130168,433.013700687459,0,0,0,0,-17.7848736277943,-12.9827933995687,-3.98539569079256e-05,0.000134323729805554,-2.46990427170977,0.508902880641046
2388,95.52,209.448741960056,8.37092796065986,-218.250286396572,-13.6859510189914,433.014051414959,0,0,0,0,-17.7848694847744,-12.9832327014279,-3.9854590768051e-05,0.00013432447070394,-2.47607312147625,0.508902026198962
2389,95.56,209.448846266657,8.37119350661788,-218.250828097757,-13.685948511026,433.014429368822,0,0,0,0,-17.7848662319197,-12.9836962448288,-3.98552205663026e-05,0.000134325212914815,-2.48207373357638,0.508901153498031
2390,95.6,209.448954313249,8.37145830802008,-218.251391856832,-13.6859466844929,433.014834546554,0,0,0,0,-17.7848638632032,-12.9841838332634,-3.98558482811999e-05,0.000134325954310307,-2.48790570650943,0.508900259912311
2391,95.64,209.449066302738,8.37172255350807,-218.251977626343,-13.6859455668318,433.015266942404,0,0,0,0,-17.784862414205,-12.9846954998179,-3.98564722136079e-05,0.000134326697947517,-2.49356865026081,0.508899344521947
2392,95.68,209.449182497025,8.37198649472302,-218.252585357055,-13.6859451880027,433.015726547359,0,0,0,0,-17.7848619237715,-12.9852313193657,-3.98570937121155e-05,0.000134327445197373,-2.49906218632586,0.508898405655535
2393,95.72,209.449303150707,8.37225037184461,-218.253214998036,-13.6859455722186,433.016213349116,0,0,0,0,-17.7848624232628,-12.9857913537787,-3.98577155458378e-05,0.000134328195921463,-2.50438594772869,0.508897439338115
2394,95.76,209.449428533696,8.3725144386347,-218.253866496641,-13.6859467403553,433.016727332057,0,0,0,0,-17.7848639396727,-12.9863756608681,-3.98583409131769e-05,0.000134328947899151,-2.50953957904591,0.508896439975456
2395,95.8,209.449558935721,8.37277896970116,-218.254539798437,-13.6859487127797,433.017268477236,0,0,0,0,-17.7848664993151,-12.986984298311,-3.98589703558043e-05,0.000134329699573115,-2.51452273643251,0.508895402093412
2396,95.84,209.449694695581,8.37304429687605,-218.255234847093,-13.6859515165887,433.017836762387,0,0,0,0,-17.7848701372372,-12.9876173533764,-3.98596005919867e-05,0.00013433045223064,-2.51933508764587,0.508894321115296
2397,95.88,209.449836207359,8.37331081779631,-218.255951584294,-13.6859551880618,433.018432161919,0,0,0,0,-17.7848749004126,-12.9882749463193,-3.98602288504557e-05,0.00013433120702077,-2.52397631206568,0.508893192538893
2398,95.92,209.449983901453,8.37357897373314,-218.256689949701,-13.6859597694799,433.019054646901,0,0,0,0,-17.7848808436127,-12.9889572101399,-3.98608529837168e-05,0.000134331965353165,-2.52844610071119,0.508892010676287
2399,95.96,209.450138245114,8.37384924854351,-218.257449880949,-13.6859653075173,433.019704185036,0,0,0,0,-17.7848880273079,-12.989664287962,-3.98614737628277e-05,0.000134332726196517,-2.53274415626091,0.508890768307833
2400,96,209.450299754566,8.3741221816887,-218.258231313652,-13.6859718541255,433.020380740655,0,0,0,0,-17.7848965188081,-12.9903963416918,-3.98620946164731e-05,0.0001343334859587,-2.53687019307515,0.508889457306198
2401,96.04,209.450469002098,8.37439837666859,-218.259034181413,-13.6859794678779,433.02108427472,0,0,0,0,-17.7849063940098,-12.991153556161,-3.98627178510646e-05,0.000134334242364153,-2.5408239372166,0.508888069235068
2402,96.08,209.450646616906,8.37467850180932,-218.259858415841,-13.6859882138965,433.021814744834,0,0,0,0,-17.7849177373003,-12.9919361359209,-3.98633446965432e-05,0.000134334994503248,-2.54460512646583,0.508886595165283
2403,96.12,209.450833288277,8.37496329216629,-218.26070394658,-13.6859981625342,433.022572105225,0,0,0,0,-17.7849306398388,-12.9927443037334,-3.98639742953804e-05,0.000134335743623212,-2.54821351033465,0.508885024878575
2404,96.16,209.451029776389,8.37525355989891,-218.26157070133,-13.6860093889104,433.02335630673,0,0,0,0,-17.7849451989423,-12.9935783058226,-3.98646029320122e-05,0.000134336493664578,-2.55164885008233,0.508883346072376
2405,96.2,209.451236924862,8.37555020859907,-218.262458605824,-13.6860219747006,433.024167296788,0,0,0,0,-17.7849615204074,-12.9944384180449,-3.9865226791728e-05,0.000134337248521202,-2.55491091873436,0.508881543866935
2406,96.24,209.451455671777,8.37585424776236,-218.26336758377,-13.6860360116672,433.025005019452,0,0,0,0,-17.7849797231054,-12.9953249500643,-3.98658448958637e-05,0.000134338009240074,-2.55799950109935,0.508879600530259
2407,96.28,209.451687061074,8.37616680730234,-218.264297556796,-13.6860516048351,433.025869415402,0,0,0,0,-17.7849999431121,-12.9962382491934,-3.98664591346255e-05,0.000134338774028622,-2.56091439378124,0.508877495391205
2408,96.32,209.451932256929,8.37648915328569,-218.265248444427,-13.686068873869,433.026760421939,0,0,0,0,-17.7850223354922,-12.9971787057559,-3.98670731383663e-05,0.000134339539326714,-2.56365540518944,0.508875205051146
2409,96.36,209.452192561178,8.37682270522802,-218.266220164113,-13.6860879529105,433.027677972974,0,0,0,0,-17.7850470740728,-12.9981467586761,-3.98676907671916e-05,0.000134340301259917,-2.56622235555111,0.508872703691133
2410,96.4,209.452469432753,8.37716905515626,-218.267212631273,-13.6861089901548,433.028621999025,0,0,0,0,-17.7850743508773,-12.9991428997645,-3.98683130174718e-05,0.000134341058730525,-2.56861507692556,0.508869962824765
2411,96.44,209.45276451136,8.37752999243697,-218.268225759338,-13.6861321489745,433.029592427235,0,0,0,0,-17.785104377573,-13.0001676802547,-3.98689373823299e-05,0.000134341814132838,-2.57083341321703,0.508866950063772
2412,96.48,209.453079647464,8.37790753744941,-218.269259459723,-13.686157611653,433.030589181391,0,0,0,0,-17.7851373903155,-13.0012217224406,-3.98695598700946e-05,0.000134342571446912,-2.57287722018392,0.508863627252646
2413,96.52,209.453416937298,8.37830398182364,-218.270313641743,-13.6861855847068,433.031612181923,0,0,0,0,-17.7851736566633,-13.0023057333786,-3.98701774336752e-05,0.000134343333796061,-2.57474636544599,0.508859948692264
2414,96.56,209.453778762233,8.37872193285833,-218.271388212512,-13.6862163040238,433.032661345911,0,0,0,0,-17.7852134822484,-13.0034205177654,-3.98707903926071e-05,0.000134344100909413,-2.57644072849324,0.508855859741859
2415,96.6,209.454167835202,8.37916436483381,-218.272483076857,-13.6862500398514,433.033736587077,0,0,0,0,-17.7852572172473,-13.0045669925982,-3.98714020210017e-05,0.000134344869504529,-2.57796020069664,0.508851295567514
2416,96.64,209.454587256771,8.37963468106969,-218.273598137261,-13.686287102854,433.034837815816,0,0,0,0,-17.7853052642414,-13.0057462064549,-3.98720160487464e-05,0.000134345635844006,-2.57930468531795,0.508846179730793
2417,96.68,209.45504058148,8.38013678730105,-218.274733293819,-13.6863278512206,433.035964939219,0,0,0,0,-17.7853580874388,-13.006959362074,-3.98726345322436e-05,0.000134346397857226,-2.58047409751575,0.50884042244769
2418,96.72,209.455531895785,8.38067517674356,-218.275888444218,-13.6863726978266,433.037117861086,0,0,0,0,-17.7854162219635,-13.0082078413426,-3.98732564575316e-05,0.000134347156515565,-2.58146836434939,0.508833918309631
2419,96.76,209.456065910252,8.38125502965574,-218.277063483724,-13.6864221176118,433.038296481933,0,0,0,0,-17.7854802834183,-13.0094932348351,-3.98738780237866e-05,0.000134347915610216,-2.58228742478414,0.508826543115097
2420,96.8,209.456648067479,8.38188233054625,-218.278258305185,-13.6864766568838,433.039500699002,0,0,0,0,-17.7855509799566,-13.0108173774974,-3.98744952379385e-05,0.0001343486791904,-2.58293122969885,0.508818149604718
2421,96.84,209.457284665553,8.38256400413762,-218.279472799005,-13.6865369458744,433.040730406294,0,0,0,0,-17.7856291285926,-13.0121823888455,-3.98751068178897e-05,0.000134349448594957,-2.58339974189338,0.508808562390177
2422,96.88,209.457982996284,8.38330806871016,-218.280706853124,-13.6866037139086,433.041985494607,0,0,0,0,-17.7857156749203,-13.0135907147039,-3.98757151852996e-05,0.000134350221409048,-2.58369293609324,0.508797572761058
2423,96.92,209.458751494976,8.3841238016176,-218.281960353064,-13.6866778051472,433.04326585157,0,0,0,0,-17.7858117135909,-13.0150451698204,-3.98763252446351e-05,0.000134350992704692,-2.58381079895238,0.508784934024554
2424,96.96,209.459599890155,8.38502190342994,-218.283233182087,-13.6867601928513,433.044571361664,0,0,0,0,-17.7859185068897,-13.016548981669,-3.98769408039262e-05,0.000134351758660008,-2.58375332905733,0.508770358025993
2425,97,209.460539324326,8.3860146296779,-218.284525221566,-13.6868519900412,433.045901906255,0,0,0,0,-17.7860374986729,-13.0181058255671,-3.98775613662492e-05,0.00013435251978855,-2.58352053693416,0.50875351435156
2426,97.04,209.461582385965,8.38711582583162,-218.285836351662,-13.6869544518458,433.047257363641,0,0,0,0,-17.7861703175862,-13.0197198250214,-3.98781823365734e-05,0.000134353280702311,-2.58311244505592,0.508734035692376
2427,97.08,209.46274294074,8.38834074245944,-218.287166452521,-13.6870689583121,433.048637609113,0,0,0,0,-17.786318755013,-13.021395480728,-3.98787980978789e-05,0.000134354046982285,-2.58252908784769,0.508711535522858
2428,97.12,209.464035552592,8.38970539949412,-218.288515406332,-13.6871969555786,433.050042515009,0,0,0,0,-17.7864846890992,-13.0231374665249,-3.98794054289497e-05,0.00013435482179919,-2.58177051169024,0.508685647269142
2429,97.16,209.465474104741,8.39122507101614,-218.289883100821,-13.6873398162149,433.05147195076,0,0,0,0,-17.7866699039947,-13.0249501640701,-3.98800044525264e-05,0.000134355605043024,-2.58083677492615,0.508656096899672
2430,97.2,209.467068941329,8.39291114522972,-218.291269434976,-13.687498551875,433.05292578295,0,0,0,0,-17.7868757175143,-13.0268366983815,-3.98805976339191e-05,0.000134356394245563,-2.57972794787006,0.508622820510504
2431,97.24,209.468821487022,8.39476521377618,-218.292674328109,-13.6876732740341,433.054403875388,0,0,0,0,-17.787102281782,-13.0287970807706,-3.98811870243205e-05,0.000134357187207209,-2.57844411281893,0.508586129312404
2432,97.28,209.470715046805,8.3967689624197,-218.294097733192,-13.6878622716152,433.055906089193,0,0,0,0,-17.7873473862082,-13.030824971423,-3.98817697890793e-05,0.000134357986586537,-2.57698536405051,0.508546901292392
2433,97.32,209.472700872581,8.39886885607975,-218.295539654143,-13.6880606122318,433.057432282876,0,0,0,0,-17.7876046411761,-13.0329027672896,-3.98823394642613e-05,0.000134358798911356,-2.57535180780226,0.508506743652828
2434,97.36,209.474680970061,8.40095722706766,-218.297000162941,-13.6882584064653,433.0589823124,0,0,0,0,-17.787861222799,-13.0349952750583,-3.98829063197882e-05,0.000134359614211624,-2.57354356223601,0.508468038547292
2435,97.4,209.476495231817,8.40285808946089,-218.298479405845,-13.6884394829968,433.060556031197,0,0,0,0,-17.7880961496039,-13.0370440516752,-3.98835196460583e-05,0.000134360383452226,-2.57156075735189,0.508433785383404
2436,97.44,209.477928621462,8.40433497363964,-218.299977581807,-13.6885820604873,433.062153290117,0,0,0,0,-17.788281151596,-13.0389684868198,-3.9884222403501e-05,0.000134361063717604,-2.56940353478819,0.50840720976363
2437,97.48,209.478755547276,8.40513968345477,-218.301494879905,-13.6886631935229,433.06377393725,0,0,0,0,-17.7883864411315,-13.0406816355875,-3.98849750913462e-05,0.000134361694331905,-2.56707204757603,0.508391207352469
2438,97.52,209.478819554391,8.40510004316499,-218.303031384988,-13.6886669214448,433.065417817658,0,0,0,0,-17.7883912936838,-13.0421218168248,-3.98856802593861e-05,0.000134362372459364,-2.56456646002703,0.508387766101181
2439,97.56,209.478106633958,8.40420073802537,-218.304586994215,-13.6885918829381,433.067084773086,0,0,0,0,-17.7882939376885,-13.0432831841756,-3.98862642897507e-05,0.000134363171526619,-2.56188694783364,0.508397506711411
2440,97.6,209.476754423638,8.40259341612388,-218.306161399685,-13.6884522345297,433.068774641729,0,0,0,0,-17.7881127519941,-13.0442188840403,-3.98867531354144e-05,0.000134364065732878,-2.55903369820818,0.508419438946592
2441,97.64,209.474988216321,8.40052608237178,-218.307754156165,-13.6882709679419,433.070487258056,0,0,0,0,-17.7878775892587,-13.0450146545168,-3.9887247395723e-05,0.000134364954900566,-2.55600690992948,0.50845103888458
2442,97.68,209.473034080632,8.39824742843522,-218.309364790821,-13.6880710096031,433.072222452621,0,0,0,0,-17.7876182127615,-13.0457553699458,-3.98877910936928e-05,0.000134365795284631,-2.55280679340541,0.508488757322673
2443,97.72,209.471062334396,8.3959446861938,-218.310992887042,-13.687869516629,433.073980051874,0,0,0,0,-17.7873568858231,-13.0465037726693,-3.98883779405733e-05,0.00013436659323909,-2.54943357069359,0.508528895827098
2444,97.76,209.46917661785,8.39373170849635,-218.312638111394,-13.6876768573128,433.075759878061,0,0,0,0,-17.7871070519056,-13.0472972810858,-3.98890069281922e-05,0.000134367349820834,-2.54588747547141,0.508568484767614
2445,97.8,209.467429385649,8.39166609649658,-218.314300201758,-13.6874982583497,433.07756174926,0,0,0,0,-17.7868754799033,-13.0481548857331,-3.98896530895273e-05,0.000134368089936192,-2.54216875305958,0.50860572521983
2446,97.84,209.465840146913,8.38976927217083,-218.31597894571,-13.6873356590365,433.079385479488,0,0,0,0,-17.7866646749654,-13.0490839407996,-3.98902913629216e-05,0.000134368838435555,-2.53827766045739,0.508639869522212
2447,97.88,209.464408958526,8.38804129857673,-218.317674162311,-13.687189056544,433.081230878805,0,0,0,0,-17.7864746253977,-13.0500848319303,-3.98909218723658e-05,0.000134369595188275,-2.5342144663443,0.508670790863579
2448,97.92,209.463126144823,8.38647156232856,-218.319385689081,-13.6870574818506,433.083097753426,0,0,0,0,-17.7863040687203,-13.0511544926954,-3.98915455890181e-05,0.000134370359453264,-2.52997945107336,0.508698586023372
2449,97.96,209.461978145246,8.38504519430004,-218.321113373519,-13.6869395813553,433.08498590582,0,0,0,0,-17.7861512455855,-13.0522884253575,-3.98921679474028e-05,0.000134371125634015,-2.525572906658,0.508723389554226
2450,98,209.46095039468,8.38374622711389,-218.32285706791,-13.6868338993242,433.0868951348,0,0,0,0,-17.7860142655756,-13.0534816851133,-3.98927947285527e-05,0.00013437188728165,-2.52099513675013,0.508745366999115
2451,98.04,209.460028879761,8.38255930478654,-218.324616626091,-13.6867390345425,433.088825235607,0,0,0,0,-17.7858913099676,-13.0547294960574,-3.98934220333437e-05,0.000134372648018838,-2.51624645662006,0.508764753918061
2452,98.08,209.459200837561,8.38147044903641,-218.326391901518,-13.6866537099601,433.090776000002,0,0,0,0,-17.7857807217475,-13.056027483004,-3.9894044698381e-05,0.000134373413563625,-2.51132719313422,0.508781847105042
2453,98.12,209.458454916613,8.38046723419137,-218.328182746154,-13.6865767877687,433.092747216344,0,0,0,0,-17.7856810249327,-13.0573716973128,-3.98946576068728e-05,0.000134374189639254,-2.50623768472636,0.508796951442418
2454,98.16,209.457781162708,8.37953877098683,-218.329989009838,-13.6865072680991,433.094738669658,0,0,0,0,-17.7855909227225,-13.0587586304578,-3.98952609981829e-05,0.000134374975961162,-2.50097828136844,0.508810334639565
2455,98.2,209.457170907358,8.37867558363098,-218.331810539952,-13.6864442780191,433.096750141699,0,0,0,0,-17.7855092831256,-13.0601851878995,-3.98958620468298e-05,0.000134375765001102,-2.49554934454482,0.508822219242839
2456,98.24,209.456616625633,8.37786945453975,-218.333647181247,-13.6863870586753,433.098781411015,0,0,0,0,-17.7854351222159,-13.0616486416792,-3.98964673353239e-05,0.000134376550102607,-2.48995124722654,0.508832798296492
2457,98.28,209.456111799656,8.37711327560902,-218.335498775785,-13.6863349531823,433.100832253014,0,0,0,0,-17.7853675883821,-13.0631465843003,-3.98970797173719e-05,0.000134377328535366,-2.48418437384261,0.508842247433947
2458,98.32,209.455650788505,8.3764009049037,-218.337365162995,-13.6862873934294,433.102902440026,0,0,0,0,-17.7853059451799,-13.064676889429,-3.98976964948979e-05,0.00013437810296913,-2.47824912024936,0.508850723851275
2459,98.36,209.455228714881,8.3757270403279,-218.339246179781,-13.6862438870235,433.104991741359,0,0,0,0,-17.7852495543644,-13.066237683585,-3.98983119204379e-05,0.000134378879058273,-2.4721458937008,0.508858361366606
2460,98.4,209.454841359368,8.37508710188593,-218.341141660642,-13.6862040052211,433.107099923345,0,0,0,0,-17.7851978602146,-13.0678273149839,-3.9898921608929e-05,0.000134379661276029,-2.4658751128211,0.508865271139934
2461,98.44,209.454485060522,8.37447712209324,-218.343051437754,-13.6861673732217,433.109226749405,0,0,0,0,-17.7851503769388,-13.0694443194497,-3.98995256552056e-05,0.000134380449685241,-2.45943720757623,0.508871547255895
2462,98.48,209.454156626654,8.37389365047179,-218.344975341024,-13.6861336628939,433.111371980099,0,0,0,0,-17.7851066792465,-13.0710873907808,-3.99001295033871e-05,0.00013438123888014,-2.4528326192428,0.508877271254816
2463,98.52,209.453853261627,8.37333367334157,-218.346913198135,-13.6861025867678,433.113535373188,0,0,0,0,-17.785066394566,-13.0727553557767,-3.99007386584632e-05,0.000134382023371415,-2.44606180037501,0.508882513472115
2464,98.56,209.453572505584,8.37279454912,-218.348864834608,-13.6860738926101,433.115716683682,0,0,0,0,-17.7850291960107,-13.0744471522409,-3.99013534911813e-05,0.000134382802841642,-2.43912521477254,0.508887333650009
2465,98.6,209.45331218913,8.37227395768786,-218.35083007388,-13.686047358567,433.117915663889,0,0,0,0,-17.7849947960796,-13.0761618128426,-3.99019702730789e-05,0.000134383580961335,-2.43202333744981,0.508891782859472
2466,98.64,209.453070397152,8.37176986036362,-218.352808737397,-13.6860227892827,433.120132063468,0,0,0,0,-17.7849629416211,-13.0778984557874,-3.99025847712988e-05,0.00013438436182005,-2.42475665460468,0.508895905844448
2467,98.68,209.45284543641,8.37128046437972,-218.354800644713,-13.6860000127435,433.122365629486,0,0,0,0,-17.7849334097427,-13.0796562757126,-3.99031941095186e-05,0.000134385148279522,-2.41732566358441,0.508899742123077
2468,98.72,209.452635805093,8.37080418907864,-218.356805613592,-13.6859788768611,433.124616106467,0,0,0,0,-17.784906003378,-13.0814345324551,-3.99037988845109e-05,0.000134385939872805,-2.40973087284916,0.508903325848019
2469,98.76,209.452440166047,8.37033963493384,-218.358823460121,-13.6859592452044,433.126883236438,0,0,0,0,-17.7848805457442,-13.0832325410934,-3.99044034588995e-05,0.000134386732343795,-2.40197280193597,0.508906685722755
2470,98.8,209.452257323926,8.36988555650152,-218.360853998816,-13.6859409927411,433.129166758981,0,0,0,0,-17.7848568748071,-13.0850496639657,-3.99050120870696e-05,0.000134387521448982,-2.39405198142469,0.508909845766648
2471,98.84,209.452086206186,8.36944084096625,-218.362897042675,-13.6859240033823,433.131466411277,0,0,0,0,-17.784834840095,-13.0868853040581,-3.99056261930463e-05,0.000134388305727747,-2.38596895290342,0.508912826580563
2472,98.88,209.451925848332,8.36900449345703,-218.36495240318,-13.6859081701095,433.133781928164,0,0,0,0,-17.7848143028735,-13.0887389008537,-3.99062441923424e-05,0.000134389086740877,-2.37772426893105,0.508915646443213
2473,98.92,209.451775381803,8.36857562620674,-218.367019890259,-13.6858933963307,433.136113042186,0,0,0,0,-17.7847951379235,-13.0906099274989,-3.99068625589283e-05,0.000134389868030466,-2.36931849299726,0.508918321995161
2474,98.96,209.451634022254,8.36815344727179,-218.369099312267,-13.685879596387,433.138459483637,0,0,0,0,-17.7847772342102,-13.0924978864638,-3.99074781225846e-05,0.000134390652797378,-2.3607521994831,0.508920868576269
2475,99,209.451501060072,8.36773725028383,-218.371190476013,-13.6858666948083,433.140820980609,0,0,0,0,-17.7847604939208,-13.0944023059297,-3.99080899330775e-05,0.000134391442028485,-2.35202597362326,0.50892330025682
2476,99.04,209.451375855207,8.3673264081688,-218.373293186816,-13.6858546251867,433.143197259041,0,0,0,0,-17.7847448310015,-13.0963227403705,-3.99086994794214e-05,0.000134392234380662,-2.34314041146802,0.508925629605358
2477,99.08,209.451257831421,8.36692036566473,-218.375407248603,-13.6858433284124,433.145588042772,0,0,0,0,-17.7847301688646,-13.0982587700278,-3.99093097300863e-05,0.000134393027266171,-2.33409611984197,0.508927867385833
2478,99.12,209.451146465025,8.36651862503314,-218.377532464001,-13.6858327495949,433.147993053587,0,0,0,0,-17.7847164363832,-13.1002099929004,-3.99099233714038e-05,0.000134393818609848,-2.32489371630035,0.508930022474033
2479,99.16,209.451041274475,8.36612073285635,-218.379668634431,-13.6858228352204,433.150412011271,0,0,0,0,-17.7847035641915,-13.1021760168431,-3.9910541093234e-05,0.000134394608399021,-2.31553382908583,0.5089321021528
2480,99.2,209.45094182065,8.3657262802827,-218.381815560138,-13.6858135331359,433.152844633642,0,0,0,0,-17.7846914846623,-13.1041564638346,-3.99111617298873e-05,0.000134395398254017,-2.30601709708748,0.508934112632937
2481,99.24,209.45084771462,8.36533491346052,-218.38397304017,-13.6858047952848,433.155290636614,0,0,0,0,-17.784680135469,-13.1061509824961,-3.99117833506687e-05,0.000134396190005642,-2.29634416979987,0.508936059467326
2482,99.28,209.450758617716,8.36494633585456,-218.386140872334,-13.6857965800483,433.157749734244,0,0,0,0,-17.7846694626402,-13.1081592510508,-3.99124038576655e-05,0.00013439698482479,-2.28651570727914,0.508937947711749
2483,99.32,209.450674223442,8.36456028914282,-218.388318853195,-13.6857888512873,433.160221638782,0,0,0,0,-17.784659419324,-13.1101809598585,-3.99130214476941e-05,0.000134397782702652,-2.27653238009572,0.508939781986671
2484,99.36,209.450594233191,8.36417652562539,-218.390506778106,-13.685781575043,433.162706060715,0,0,0,0,-17.7846499615032,-13.1122157876516,-3.99136359391579e-05,0.00013439858171849,-2.26639486928672,0.508941566609287
2485,99.4,209.450518358301,8.36379480939226,-218.392704441288,-13.6857747186121,433.165202708809,0,0,0,0,-17.7846410467858,-13.114263405361,-3.99142502083165e-05,0.000134399378041283,-2.25610386630972,0.508943305728898
2486,99.44,209.450446364172,8.36341496457528,-218.394911635888,-13.6857682546729,433.167711290158,0,0,0,0,-17.7846326397546,-13.1163235213241,-3.99148678413467e-05,0.000134400169333593,-2.24566007299747,0.508945003287937
2487,99.48,209.450378124535,8.36303693517055,-218.397128154025,-13.6857621668525,433.170231510241,0,0,0,0,-17.7846247191939,-13.118395932705,-3.99154888303327e-05,0.00013440095811524,-2.23506420151121,0.508946662830005
2488,99.52,209.450313632767,8.36266079771551,-218.399353786791,-13.6857564511257,433.172763072968,0,0,0,0,-17.7846172799092,-13.1204805312035,-3.99161098773526e-05,0.000134401749282847,-2.22431697429181,0.508948287424219
2489,99.56,209.45025291697,8.36228666882234,-218.401588324261,-13.6857511083141,433.175305680722,0,0,0,0,-17.784610322995,-13.12257722365,-3.99167281812432e-05,0.000134402545482412,-2.21341912401176,0.508949879872781
2490,99.6,209.450195806069,8.36191444862938,-218.403831555523,-13.6857461214426,433.177859034406,0,0,0,0,-17.7846038264522,-13.1246857334924,-3.99173430270838e-05,0.000134403346524516,-2.20237139352883,0.508951442962954
2491,99.64,209.450141663594,8.36154352602523,-218.406083268755,-13.6857414271678,433.180422833491,0,0,0,0,-17.7845977081225,-13.126805377234,-3.99179564465939e-05,0.000134404149642068,-2.19117453583376,0.508952979396004
2492,99.68,209.450089538049,8.36117294078466,-218.408343251301,-13.6857369275093,433.182996776075,0,0,0,0,-17.7845918409105,-13.1289351830508,-3.99185737853232e-05,0.000134404948865211,-2.17982931398576,0.508954491473461
2493,99.72,209.45003895145,8.36080225128322,-218.410611289739,-13.6857325690156,433.185580558922,0,0,0,0,-17.7845861554791,-13.1310745556497,-3.99191976397686e-05,0.000134405741111731,-2.16833650105096,0.508955980997249
2494,99.76,209.449990486511,8.36043218357086,-218.412887169909,-13.6857284046627,433.188173877513,0,0,0,0,-17.7845807205449,-13.1332238070512,-3.99198222302e-05,0.000134406532396699,-2.15669688006566,0.508957449467063
2495,99.8,209.449945131742,8.36006391014971,-218.415170676935,-13.6857245275626,433.19077642609,0,0,0,0,-17.7845756568929,-13.1353836405746,-3.99204461118914e-05,0.000134407325339105,-2.1449112440089,0.50895889814955
2496,99.84,209.449903100033,8.35969774689493,-218.417461595226,-13.6857209493456,433.193387897709,0,0,0,0,-17.7845709796165,-13.1375541285034,-3.99210790315745e-05,0.000134408111676383,-2.13298039574569,0.508960327916238
2497,99.88,209.449863811657,8.35933313686041,-218.419759708438,-13.6857176010543,433.196007984288,0,0,0,0,-17.7845665992548,-13.1397346389209,-3.99217131031803e-05,0.000134408900401409,-2.12090514794561,0.508961739362894
2498,99.92,209.449826825042,8.3589696798119,-218.42206479943,-13.6857144320022,433.198636376661,0,0,0,0,-17.7845624500192,-13.1419246094339,-3.99223307889654e-05,0.000134409709736469,-2.10868632301985,0.508963133480604
2499,99.96,209.449792102823,8.35860742388695,-218.424376650252,-13.6857114354367,433.201272764625,0,0,0,0,-17.7845585231134,-13.1441238037321,-3.99229543022887e-05,0.00013441051783061,-2.09632475308007,0.50896451231269
2500,100,209.449759569962,8.35824637541104,-218.426695042171,-13.6857086002607,433.203916836982,0,0,0,0,-17.7845548041311,-13.1463319602989,-3.99235959510109e-05,0.000134411311904286,-2.08382127988734,0.508965878633879
2501,100.04,209.449729049507,8.35788642878604,-218.429019755708,-13.685705905165,433.206568281595,0,0,0,0,-17.7845512654344,-13.1485487374099,-3.99242196905398e-05,0.000134412125919216,-2.07117675478932,0.508967234194771
2502,100.08,209.449700509125,8.3575276394843,-218.431350570707,-13.6857033450954,433.209226785444,0,0,0,0,-17.7845479004717,-13.1507739221341,-3.99248437677107e-05,0.000134412938110914,-2.05839203866454,0.508968577563723
2503,100.12,209.449673961302,8.35717011273011,-218.4336872664,-13.6857009197148,433.211892034687,0,0,0,0,-17.7845447088181,-13.1530073523403,-3.99255065062035e-05,0.000134413706995295,-2.04546800186851,0.508969904063339
2504,100.16,209.449649287579,8.3568138078282,-218.436029621467,-13.6856986134893,433.214563714707,0,0,0,0,-17.7845416703435,-13.155248749082,-3.99261397815115e-05,0.000134414500127764,-2.03240552416913,0.508971209441582
2505,100.2,209.449626463901,8.35645878728521,-218.43837741407,-13.6856964194625,433.217241510149,0,0,0,0,-17.7845387760291,-13.1574978885945,-3.99267116829602e-05,0.000134415351814401,-2.01920549468362,0.508972495323109
2506,100.24,209.449605629159,8.35610529468042,-218.440730421911,-13.6856943485924,433.219925104982,0,0,0,0,-17.7845360400713,-13.1597546944732,-3.99273320945283e-05,0.000134416155579098,-2.00586881183056,0.508973771532826
2507,100.28,209.449586583328,8.3557531997647,-218.443088422267,-13.6856923767329,433.222614182563,0,0,0,0,-17.7845334311384,-13.1620188250853,-3.99280245019005e-05,0.000134416890270914,-1.99239638327294,0.508975051733875
2508,100.32,209.449568856508,8.35540207129237,-218.445451191996,-13.685690448484,433.225308425696,0,0,0,0,-17.7845308773648,-13.1642896681199,-3.99286541196179e-05,0.000134417691425144,-1.97878912583582,0.508976343997914
2509,100.36,209.449552671299,8.35505224130839,-218.447818507524,-13.6856885791531,433.228007516668,0,0,0,0,-17.7845283985698,-13.1665671493242,-3.99291951859296e-05,0.000134418584532432,-1.96504796544219,0.508977642639047
2510,100.4,209.449538706701,8.35470454990311,-218.450190144864,-13.685686835647,433.230711137309,0,0,0,0,-17.7845260814884,-13.1688516354548,-3.9929798449923e-05,0.000134419418290077,-1.95117383708529,0.508978927907169
2511,100.44,209.449526440409,8.35435851472884,-218.45256587964,-13.6856851637272,433.233418969048,0,0,0,0,-17.7845238557669,-13.1711425638318,-3.99305185382237e-05,0.000134420137787169,-1.93716768476709,0.508980175359932
2512,100.48,209.44951439737,8.35401259929566,-218.45494548707,-13.6856834078263,433.23613069297,0,0,0,0,-17.784521519653,-13.1734385252742,-3.99312095563836e-05,0.000134420888968098,-1.92303046138252,0.508981370024831
2513,100.52,209.449502778047,8.35366711205257,-218.457328741976,-13.6856815818989,433.238845989869,0,0,0,0,-17.7845190912308,-13.175739392559,-3.99317709570368e-05,0.000134421772439805,-1.90876312864692,0.508982516758208
2514,100.56,209.449493815983,8.35332460707949,-218.459715418865,-13.6856799125342,433.241564540303,0,0,0,0,-17.784516864341,-13.1780467406612,-3.99323115926013e-05,0.000134422679162839,-1.89436665710364,0.508983640461188
2515,100.6,209.449488169709,8.35298590888866,-218.462105292012,-13.6856784718216,433.244286024654,0,0,0,0,-17.7845149324711,-13.1803609928283,-3.99329753273577e-05,0.000134423464835223,-1.87984202609302,0.508984776104002
2516,100.64,209.449482820426,8.35264778879055,-218.464498135457,-13.6856769560804,433.247010123172,0,0,0,0,-17.7845129017838,-13.1826796068503,-3.99337276659778e-05,0.000134424163428416,-1.86519022360583,0.508985953890681
2517,100.68,209.449474764514,8.35230702553016,-218.466893722948,-13.6856750540913,433.249736516024,0,0,0,0,-17.7845103686528,-13.1849999071769,-3.99344162784444e-05,0.00013442492687476,-1.85041224613218,0.508987186280165
2518,100.72,209.449465917057,8.35196580843625,-218.469291827997,-13.6856729467353,433.252464883353,0,0,0,0,-17.7845075676559,-13.1873230685164,-3.99349840785426e-05,0.000134425812068992,-1.83550909864832,0.508988461760828
2519,100.76,209.449461700508,8.35163019326461,-218.471692224023,-13.6856711740802,433.255194905346,0,0,0,0,-17.78450519922,-13.1896531512831,-3.99355317951884e-05,0.000134426718222699,-1.82048179468485,0.508989747411522
2520,100.8,209.449464019929,8.35130237563968,-218.474094684487,-13.6856699335187,433.257926262295,0,0,0,0,-17.7845035193578,-13.1919915856489,-3.99361766520971e-05,0.000134427528111974,-1.80533135628969,0.50899099935036
2521,100.84,209.449467499339,8.3509765434127,-218.476498982848,-13.6856686958594,433.260658634634,0,0,0,0,-17.7845018417279,-13.1943340593984,-3.99369129451296e-05,0.000134428247532249,-1.79005881382819,0.508992177404102
2522,100.88,209.449464644205,8.35064454436866,-218.478904892434,-13.6856667107213,433.263391702991,0,0,0,0,-17.7844991930876,-13.1966744312747,-3.99376350279163e-05,0.000134428982362388,-1.77466520576938,0.5089932585975
2523,100.92,209.449454724721,8.35030565221525,-218.48131218638,-13.6856638893503,433.266125148236,0,0,0,0,-17.7844954583053,-13.1990117496634,-3.99382657249306e-05,0.000134429810070177,-1.75915157864191,0.50899424461626
2524,100.96,209.449446094653,8.34996912308621,-218.483720637784,-13.6856610421952,433.268858651546,0,0,0,0,-17.7844916885216,-13.2013521959184,-3.99388315962985e-05,0.000134430704274632,-1.7435189871449,0.508995161269902
2525,101,209.449448503768,8.34964575657578,-218.48613001994,-13.6856591273336,433.271591894465,0,0,0,0,-17.7844891263686,-13.2037031836306,-3.99394180760707e-05,0.000134431579526935,-1.72776849421593,0.508996051356703
2526,101.04,209.449462765759,8.34933654617948,-218.488540106459,-13.6856582329216,433.27432455896,0,0,0,0,-17.7844878861812,-13.2060653043189,-3.99400775512647e-05,0.000134432383284954,-1.71190117091103,0.508996964071649
2527,101.08,209.449478319341,8.34902999340047,-218.49095067116,-13.6856573303685,433.277056327469,0,0,0,0,-17.7844866338248,-13.2084302758935,-3.99407908205339e-05,0.000134433134481684,-1.69591809613433,0.508997943732026
2528,101.12,209.449481736204,8.34871144364959,-218.49336148781,-13.6856551025842,433.279786882948,0,0,0,0,-17.7844836609552,-13.2107874596899,-3.99414971194438e-05,0.000134433893395058,-1.67982035640033,0.508999019552632
2529,101.16,209.449468799108,8.34837634542295,-218.495772329974,-13.6856511252485,433.282515908908,0,0,0,0,-17.7844784172068,-13.2131332718639,-3.99421500214308e-05,0.000134434705679275,-1.66360904579181,0.509000198020598
2530,101.2,209.449449472005,8.34803570976638,-218.498182971128,-13.6856463560924,433.285243089459,0,0,0,0,-17.7844721448185,-13.215475068885,-3.99427556887223e-05,0.000134435564378456,-1.64728526608579,0.509001459941166
2531,101.24,209.449441157366,8.34770871635681,-218.500593184987,-13.685642483372,433.287968109368,0,0,0,0,-17.7844670335604,-13.2178259974934,-3.99433564185814e-05,0.000134436426963269,-1.63085012687367,0.509002763928671
2532,101.28,209.449455313862,8.34740803092253,-218.503002745832,-13.6856406253521,433.290690654124,0,0,0,0,-17.7844645338829,-13.2201947347355,-3.9943982537885e-05,0.000134437263939278,-1.61430474552462,0.509004056103144
2533,101.32,209.449487933123,8.3471293541513,-218.505411428568,-13.6856404024605,433.29341041,0,0,0,0,-17.7844641534122,-13.2225781049047,-3.99446405951339e-05,0.000134438070662632,-1.59765024696391,0.509005282919502
2534,101.36,209.449521110615,8.34685314162992,-218.507819008474,-13.6856400866404,433.2961270641,0,0,0,0,-17.7844636506709,-13.224962221411,-3.99453266138745e-05,0.00013443885346281,-1.58088776337492,0.509006402434277
2535,101.4,209.449534424991,8.34655708108623,-218.510225260828,-13.6856376996537,433.298840304387,0,0,0,0,-17.7844604597173,-13.2273312452215,-3.99460181659039e-05,0.00013443963651334,-1.5640184339878,0.509007390425838
2536,101.44,209.44951851376,8.34623097800757,-218.51262996066,-13.6856323232979,433.30154981971,0,0,0,0,-17.7844533896269,-13.229677777332,-3.99466816471646e-05,0.000134440453712791,-1.54704340504199,0.50900824102686
2537,101.48,209.449482191761,8.3458845660731,-218.515032882834,-13.6856247913226,433.304255299844,0,0,0,0,-17.7844435219084,-13.2320082422155,-3.9947314283323e-05,0.000134441306689918,-1.52996382988797,0.509008964318562
2538,101.52,209.44944815879,8.34554280761835,-218.517433802441,-13.6856172819276,433.30695643554,0,0,0,0,-17.7844336819059,-13.2343396199583,-3.99479478261055e-05,0.000134442161803428,-1.51278086911398,0.509009583697752
2539,101.56,209.449439761108,8.34523138026534,-218.519832495297,-13.6856120424352,433.309652918576,0,0,0,0,-17.7844267846011,-13.2366894130813,-3.99485973251973e-05,0.000134443002067088,-1.49549569056742,0.509010134197261
2540,101.6,209.449467530808,8.344961919792,-218.522228738237,-13.6856100925398,433.312344441792,0,0,0,0,-17.78442415259,-13.2390654092969,-3.99492471426902e-05,0.000134443841707885,-1.4781094692168,0.509010660928916
2541,101.64,209.449523371046,8.34472564890293,-218.524622309043,-13.6856106679575,433.315030699143,0,0,0,0,-17.7844247944019,-13.2414612434462,-3.99498956339917e-05,0.000134444682010863,-1.46062338691168,0.509011215667021
2542,101.68,209.449584165433,8.3444973321729,-218.527012986105,-13.6856115663897,433.317711385756,0,0,0,0,-17.7844258533144,-13.2438592117962,-3.99505645983168e-05,0.00013444550188141,-1.44303863213775,0.509011850118942
2543,101.72,209.449622153641,8.34424663647904,-218.529400547991,-13.6856101328351,433.320386197987,0,0,0,0,-17.7844238855338,-13.2462382204575,-3.99512570112065e-05,0.000134446299421231,-1.42535639983024,0.509012606602774
2544,101.76,209.449618076861,8.34395252813021,-218.531784773091,-13.6856045116345,433.323054833456,0,0,0,0,-17.7844164842402,-13.2485836741478,-3.99519434308496e-05,0.000134447104877798,-1.40757789127654,0.509013509048882
2545,101.8,209.449571510678,8.3436146010178,-218.534165439498,-13.6855946418755,433.325716991033,0,0,0,0,-17.7844035705979,-13.2508951455897,-3.99525960178462e-05,0.000134447946559121,-1.38970431413725,0.509014557570407
2546,101.84,209.449502179956,8.34325452579967,-218.536542325257,-13.6855823914426,433.328372370856,0,0,0,0,-17.7843875675215,-13.2531872393371,-3.99532259587562e-05,0.000134448813573744,-1.37173688255225,0.509015728338521
2547,101.88,209.449440757888,8.34290596852371,-218.538915208925,-13.6855706760602,433.331020674349,0,0,0,0,-17.7843722570119,-13.2554826590505,-3.99538758100136e-05,0.000134449663538279,-1.3536768172102,0.509016978683439
2548,101.92,209.449414924788,8.34259931541465,-218.541283870143,-13.6855621247549,433.333661604272,0,0,0,0,-17.7843610491947,-13.2578018534217,-3.99545597284586e-05,0.000134450482297301,-1.33552534529922,0.509018256027994
2549,101.96,209.449438634229,8.34234991963371,-218.543648089913,-13.6855580602562,433.336294864764,0,0,0,0,-17.7843556597332,-13.2601549531644,-3.99552398226927e-05,0.000134451307424258,-1.3172837003566,0.509019508190796
2550,102,209.449508268304,8.34215389967798,-218.546007650483,-13.6855581422925,433.338920161402,0,0,0,0,-17.7843556470387,-13.262538801644,-3.99558891301737e-05,0.000134452165111481,-1.29895312207642,0.509020691950139
2551,102.04,209.449604399445,8.34199007360331,-218.548362335017,-13.6855605403937,433.341537201253,0,0,0,0,-17.7843586365092,-13.2649384559353,-3.99565343434967e-05,0.000134453027621983,-1.28053485612858,0.509021777384808
2552,102.08,209.449696996442,8.34182565178532,-218.55071192722,-13.6855624210737,433.34414569295,0,0,0,0,-17.7843609527135,-13.2673313982562,-3.99572090807117e-05,0.000134453860566624,-1.26203015400182,0.509022747490524
2553,102.12,209.449753949765,8.34162555701253,-218.553056210956,-13.6855607430161,433.346745346725,0,0,0,0,-17.7843586509509,-13.2696939003551,-3.99579095761254e-05,0.000134454667731959,-1.24344027284819,0.509023594704371
2554,102.16,209.449752662472,8.34136511180119,-218.555394969898,-13.6855533538465,433.349335874415,0,0,0,0,-17.7843489397262,-13.2720093620781,-3.99586091409255e-05,0.000134455476646696,-1.22476647535422,0.509024316861756
2555,102.2,209.449690398781,8.34104137967726,-218.557727987334,-13.6855399830026,433.35191698944,0,0,0,0,-17.7843314683353,-13.2742757267124,-3.99592824127524e-05,0.000134456313746328,-1.20601002971854,0.509024914398381
2556,102.24,209.449586541646,8.34067564424712,-218.560055046351,-13.6855224630319,433.354488406781,0,0,0,0,-17.784308613764,-13.2765070112529,-3.99599206433742e-05,0.000134457188313652,-1.18717220973068,0.509025389292611
2557,102.28,209.449474239189,8.34030425740356,-218.562375930421,-13.6855039307804,433.357049842986,0,0,0,0,-17.7842844446617,-13.2787272271705,-3.99605476265324e-05,0.000134458076445864,-1.16825429483157,0.509025745628435
2558,102.32,209.449386759171,8.33996369122709,-218.564690424098,-13.6854875241458,433.359601016188,0,0,0,0,-17.784263031133,-13.2809605880269,-3.99612113890067e-05,0.000134458930062277,-1.14925757006794,0.509025991690476
2559,102.36,209.449347091838,8.33967915709496,-218.566998313424,-13.6854753979622,433.36214164613,0,0,0,0,-17.7842471682893,-13.283223906618,-3.9961927283549e-05,0.000134459734103343,-1.13018332595023,0.509026143044604
2560,102.4,209.449364996398,8.33946138637771,-218.569299385904,-13.6854684582772,433.364671454201,0,0,0,0,-17.7842380313812,-13.2855241836293,-3.99626398570309e-05,0.000134460543788992,-1.11103285828379,0.509026225043344
2561,102.44,209.449438798308,8.33930861335864,-218.571593430224,-13.6854665483256,433.367190163499,0,0,0,0,-17.784235416862,-13.287859785351,-3.99632974283422e-05,0.000134461409370643,-1.09180746804558,0.509026272989216
2562,102.48,209.449556852596,8.33920818086143,-218.573880235974,-13.6854685911951,433.369697498903,0,0,0,0,-17.7842379275194,-13.2902216614808,-3.99639289419627e-05,0.000134462300197291,-1.07250846131132,0.509026329421392
2563,102.52,209.449697125383,8.33913607173436,-218.57615959349,-13.6854725400227,433.372193187161,0,0,0,0,-17.7842429081221,-13.292593293783,-3.9964583604905e-05,0.000134463166454008,-1.05313714916252,0.509026439502985
2564,102.56,209.449828029663,8.33905780662921,-218.578431293729,-13.6854754401725,433.374676956935,0,0,0,0,-17.7842465262838,-13.294951485608,-3.99652674283667e-05,0.000134464002675154,-1.03369484751812,0.509026645917808
2565,102.6,209.449914453533,8.33893502946183,-218.580695128002,-13.6854739867339,433.377148538807,0,0,0,0,-17.7842444956279,-13.2972708077324,-3.99659706059138e-05,0.000134464819476438,-1.01418287692233,0.50902698407727
2566,102.64,209.449929034176,8.33873784544986,-218.58295088756,-13.685465588971,433.379607665258,0,0,0,0,-17.7842334562883,-13.2995316728597,-3.99666764862696e-05,0.000134465634032086,-0.994602562384802,0.509027477775883
2567,102.68,209.449863546533,8.33845729283601,-218.585198363196,-13.6854494537273,433.38205407062,0,0,0,0,-17.7842123798395,-13.3017282365067,-3.99673601022715e-05,0.000134466471500035,-0.974955233339316,0.509028135347382
2568,102.72,209.449733325108,8.33811018968977,-218.58743734522,-13.6854270104225,433.384487491061,0,0,0,0,-17.7841831202985,-13.3038712297521,-3.99680191249916e-05,0.000134467334188936,-0.955242223691879,0.509028946967045
2569,102.76,209.449571109368,8.33773239937986,-218.589667623959,-13.6854013306191,433.386907664566,0,0,0,0,-17.7841496613554,-13.3059835773228,-3.99686638476897e-05,0.000134468211787187,-0.935464871868377,0.509029884665318
2570,102.8,209.449413737132,8.33736426387717,-218.591888990543,-13.6853758671252,433.389314330923,0,0,0,0,-17.7841164812845,-13.3080913000767,-3.99692962166636e-05,0.000134469102445926,-0.915624520787435,0.50903090658506
2571,102.84,209.44928996555,8.33703727484489,-218.594101237555,-13.68535330346,433.39170723172,0,0,0,0,-17.78408706088,-13.3102151012152,-3.99699435994303e-05,0.000134469978908275,-0.895722517747192,0.50903196505988
2572,102.88,209.449215640353,8.33676879398802,-218.596304159225,-13.6853351047635,433.394086110354,0,0,0,0,-17.7840633008179,-13.3123666677846,-3.99706462424408e-05,0.000134470800913238,-0.875760214263403,0.509033015521516
2573,102.92,209.449196110454,8.33656470375337,-218.598497551207,-13.6853217541803,433.396450712088,0,0,0,0,-17.7840458279515,-13.3145499187336,-3.99713764642987e-05,0.000134471595997005,-0.855738965907363,0.50903402255417
2574,102.96,209.449231558964,8.33642524725075,-218.600681210178,-13.6853132622233,433.398800784114,0,0,0,0,-17.784034655838,-13.3167646786281,-3.99720612573951e-05,0.000134472437017474,-0.83566013219375,0.509034961436481
2575,103,209.449320496378,8.33634885581938,-218.602854933542,-13.6853095015216,433.401136075622,0,0,0,0,-17.7840296189743,-13.3190093841201,-3.99726957161165e-05,0.000134473328817287,-0.815525076543534,0.509035816528776
2576,103.04,209.449458607159,8.3363308868652,-218.605018519354,-13.6853100982115,433.403456337859,0,0,0,0,-17.7840302320322,-13.3212803695666,-3.99733369225815e-05,0.000134474214284981,-0.795335166273495,0.509036579198107
2577,103.08,209.449634013535,8.33635843373407,-218.607171766433,-13.6853139779583,433.405761324192,0,0,0,0,-17.7840351011492,-13.3235684316383,-3.99740034698445e-05,0.000134475074768883,-0.775091772517628,0.509037246634762
2578,103.12,209.449823423987,8.33640610271149,-218.609314474555,-13.6853189943191,433.40805079015,0,0,0,0,-17.7840414420769,-13.3258562721686,-3.99746726378063e-05,0.000134475932947977,-0.754796270050107,0.509037820805972
2579,103.16,209.449993166287,8.33643713697386,-218.611446444519,-13.6853220196223,433.410324493454,0,0,0,0,-17.784045198256,-13.3281197297507,-3.9975346651886e-05,0.000134476786585199,-0.734450037071423,0.509038306482103
2580,103.2,209.450106014621,8.33641087823165,-218.613567477861,-13.6853195797664,433.412582194017,0,0,0,0,-17.7840418642447,-13.3303329067826,-3.99760454985931e-05,0.000134477615622398,-0.714054455022176,0.509038708715734
2581,103.24,209.450132223979,8.3362948303894,-218.615677376219,-13.6853088840905,433.4148236539,0,0,0,0,-17.7840278212604,-13.3324756066262,-3.99767557868924e-05,0.000134478433289421,-0.693610908447019,0.509039031092927
2582,103.28,209.45006095583,8.33607715887292,-218.617775940641,-13.6852888996622,433.417048637261,0,0,0,0,-17.7840017300693,-13.3345405943012,-3.9977440412069e-05,0.000134479276501216,-0.673120784925264,0.509039275321617
2583,103.32,209.449905876076,8.33577282289258,-218.619862971325,-13.6852608857938,433.419256910303,0,0,0,0,-17.7839652238835,-13.3365369714895,-3.99780922466148e-05,0.000134480152075084,-0.652585475078164,0.509039441400124
2584,103.36,209.449700134864,8.33541808812112,-218.621938268027,-13.6852279264718,433.421448241242,0,0,0,0,-17.7839223020387,-13.3384868014435,-3.99787409450087e-05,0.000134481029659645,-0.632006372599323,0.509039527425335
2585,103.4,209.449483217672,8.33505614108841,-218.624001630939,-13.685193692755,433.423622400277,0,0,0,0,-17.7838777253856,-13.3404167069835,-3.9979404137507e-05,0.000134481890639375,-0.611384874225477,0.509039529327889
2586,103.44,209.449288163276,8.33472311162334,-218.626052861563,-13.6851612463488,433.425779159564,0,0,0,0,-17.7838354649851,-13.3423497179554,-3.99800661283187e-05,0.000134482750264728,-0.590722379641791,0.509039441855172
2587,103.48,209.449135207422,8.33444113270929,-218.628091763181,-13.6851324553201,433.427918293214,0,0,0,0,-17.7837979442083,-13.3443007947624,-3.99807142040414e-05,0.000134483622167085,-0.570020291367463,0.509039261385022
2588,103.52,209.449031466286,8.33421800066026,-218.63011814084,-13.6851079708707,433.430039577336,0,0,0,0,-17.7837660081748,-13.3462757853308,-3.99813698401601e-05,0.00013448448676275,-0.549280014628792,0.509038989321266
2589,103.56,209.448974219407,8.33405075904589,-218.632131800963,-13.6850875287727,433.432142790097,0,0,0,0,-17.7837393144004,-13.3482729466954,-3.99820610468965e-05,0.000134485317447384,-0.528502957199165,0.509038633848776
2590,103.6,209.44895685542,8.33393219420672,-218.63413255083,-13.6850704997215,433.434227711764,0,0,0,0,-17.7837170466152,-13.3502871110731,-3.9982766645931e-05,0.000134486135486761,-0.507690529231107,0.509038208484574
2591,103.64,209.44897573263,8.33385834145855,-218.636120198186,-13.6850565353925,433.43629412475,0,0,0,0,-17.7836987528946,-13.3523151670745,-3.99834358789545e-05,0.000134486991140409,-0.48684414316252,0.509037727740351
2592,103.68,209.4490338288,8.33383248304443,-218.63809455111,-13.6850459167864,433.438341813652,0,0,0,0,-17.7836847975855,-13.3543590903096,-3.99840735159522e-05,0.000134487879532246,-0.465965213729174,0.509037202477677
2593,103.72,209.449138274748,8.33386245140689,-218.640055418092,-13.6850393238795,433.440370565313,0,0,0,0,-17.783676062474,-13.3564239070597,-3.99847283978563e-05,0.000134488751836699,-0.445055157992869,0.509036638567168
2594,103.76,209.449293638609,8.33395328167305,-218.64200260825,-13.6850372036877,433.442380168874,0,0,0,0,-17.7836731270385,-13.3585123189336,-3.99854058372677e-05,0.000134489602073417,-0.424115395273871,0.509036040837576
2595,103.8,209.44949589771,8.33410062023282,-218.643935931622,-13.6850392067161,433.444370415815,0,0,0,0,-17.7836755375143,-13.3606202743449,-3.99860750616931e-05,0.000134490459898598,-0.403147346982053,0.509035420797697
2596,103.84,209.449730078919,8.33428815050259,-218.645855199546,-13.6850439720298,433.446341099991,0,0,0,0,-17.7836815282979,-13.3627358783607,-3.99867270529859e-05,0.000134491333800049,-0.382152436432945,0.509034803761433
2597,103.88,209.44997057367,8.33448793907185,-218.647760224996,-13.6850491580762,433.448292017671,0,0,0,0,-17.7836880622161,-13.3648405121062,-3.99873737690604e-05,0.000134492212203728,-0.361132088707672,0.509034230804663
2598,103.92,209.450182770948,8.33466221129277,-218.649650822636,-13.68505158527,433.450222967561,0,0,0,0,-17.7836910157449,-13.3669105613967,-3.99880343110713e-05,0.000134493076565505,-0.340087730527046,0.50903375350756
2599,103.96,209.450327738514,8.33476845362438,-218.651526808347,-13.6850476575686,433.452133750805,0,0,0,0,-17.7836857258387,-13.3689205433735,-3.99887254462253e-05,0.000134493910150305,-0.31902079008973,0.509033422998339
2600,104,209.450372253857,8.33477037004405,-218.653387998269,-13.6850342888461,433.454024170927,0,0,0,0,-17.7836681910531,-13.3708492405484,-3.99894332648091e-05,0.000134494726514425,-0.297932696892104,0.509033277317449
2601,104.04,209.450301654284,8.33465193231031,-218.655234207756,-13.6850101040385,433.455894033768,0,0,0,0,-17.7836366287303,-13.3726874988338,-3.99901181952429e-05,0.000134495565033408,-0.276824881618623,0.509033331455756
2602,104.08,209.450127493458,8.33442575788729,-218.657065250819,-13.6849761610163,433.457743147406,0,0,0,0,-17.7835924106864,-13.3744426647473,-3.9990766269677e-05,0.000134496439866228,-0.25569877614646,0.509033572900297
2603,104.12,209.449883351259,8.33412853033947,-218.658880940447,-13.6849355607514,433.459571322118,0,0,0,0,-17.7835395576692,-13.3761356989284,-3.99914035179105e-05,0.000134497325398033,-0.234555813573299,0.509033963628058
2604,104.16,209.449611090517,8.33380597167156,-218.660681089607,-13.6848921618866,433.461378370338,0,0,0,0,-17.7834830729859,-13.3777929295638,-3.99920497518704e-05,0.000134498202282766,-0.213397428167101,0.509034448401579
2605,104.2,209.449347316864,8.33349804586035,-218.662465512304,-13.6848493233165,433.463164106624,0,0,0,0,-17.783427312539,-13.379438313878,-3.99927031987032e-05,0.000134499072659609,-0.192225055258423,0.509034967991985
2606,104.24,209.449117368971,8.33323240645877,-218.66423402422,-13.6848093609014,433.464928347634,0,0,0,0,-17.783375280366,-13.381089811779,-3.99933740677251e-05,0.00013449992616086,-0.17104013113804,0.509035473339432
2607,104.28,209.448935623499,8.33302474501752,-218.665986442937,-13.6847735907347,433.466670912153,0,0,0,0,-17.783328684253,-13.3827588492154,-3.99940669195604e-05,0.000134500757015873,-0.149844092972366,0.509035934840957
2608,104.32,209.448806943106,8.33288037415101,-218.667722587919,-13.6847424642688,433.468391621142,0,0,0,0,-17.7832881104385,-13.3844502443324,-3.9994741613096e-05,0.000134501603258018,-0.12863837871935,0.509036343235845
2609,104.36,209.448727267336,8.33279486453146,-218.669442280309,-13.6847156146922,433.470090297806,0,0,0,0,-17.7832530834986,-13.3861618961576,-3.99953725715028e-05,0.000134502488598231,-0.107424427021015,0.509036703514152
2610,104.4,209.448684860642,8.33275540103469,-218.671145342509,-13.6846919655294,433.471766767646,0,0,0,0,-17.7832222071931,-13.3878854164146,-3.99960111218571e-05,0.000134503361343639,-0.0862036770582645,0.509037026244097
2611,104.44,209.448663990745,8.33274479510922,-218.672831597672,-13.6846700651896,433.473420858497,0,0,0,0,-17.7831935985429,-13.3896088970718,-3.9996703774499e-05,0.000134504176357982,-0.0649775683780838,0.509037320157153
2612,104.48,209.448651482562,8.33274864223861,-218.674500869318,-13.6846486909141,433.475052400556,0,0,0,0,-17.7831656713944,-13.3913221033359,-3.9997403256276e-05,0.000134504983085504,-0.0437475407362738,0.50903758777048
2613,104.52,209.448643818198,8.33276308467712,-218.676152981202,-13.6846275116735,433.476661226396,0,0,0,0,-17.7831379963737,-13.3930221977231,-3.99980440202703e-05,0.00013450584875307,-0.0225150340295718,0.509037824109128
2614,104.56,209.448649681438,8.33279759745474,-218.677787757431,-13.6846073295822,433.478247170997,0,0,0,0,-17.7831116139866,-13.3947157557603,-3.99986519029092e-05,0.000134506747996736,-0.00128148833385399,0.509038017846368
2615,104.6,209.448685000114,8.33286956837784,-218.679405022721,-13.6845896173167,433.479810071774,0,0,0,0,-17.7830884344736,-13.396414686987,-3.99993003244218e-05,0.000134507606924066,0.0199516560627441,0.509038154311421
2616,104.64,209.448764242478,8.33299478352498,-218.681004602557,-13.684575707092,433.481349768602,0,0,0,0,-17.7830701857344,-13.3981292743056,-3.99999920640187e-05,0.000134508422222451,0.0411829587503411,0.509038219926215
2617,104.68,209.448894947941,8.33318145860927,-218.682586323231,-13.6845662912742,433.482866103837,0,0,0,0,-17.7830577655597,-13.3998639999523,-4.00006659950091e-05,0.000134509254897511,0.0624109793876218,0.509038206912709
2618,104.72,209.449077895531,8.3334304383214,-218.684150011911,-13.6845614532392,433.48435892236,0,0,0,0,-17.7830512816815,-13.401617931317,-4.000130444159e-05,0.00013451012254673,0.0836342778701669,0.509038116158011
2619,104.76,209.449309159013,8.33373744669719,-218.685695496968,-13.6845608623455,433.48582807163,0,0,0,0,-17.7830503047027,-13.4033865518193,-4.0001942350817e-05,0.000134510989838936,0.104851414420146,0.509037956489716
2620,104.8,209.449580049408,8.33409301541258,-218.68722260856,-13.6845637591825,433.487273401738,0,0,0,0,-17.7830538490552,-13.4051620592097,-4.00025891638455e-05,0.000134511846935637,0.126060949655024,0.509037740673497
2621,104.84,209.449874753002,8.33447989712322,-218.688731179216,-13.6845687303455,433.488694765441,0,0,0,0,-17.7830600811309,-13.4069323461696,-4.00032268930448e-05,0.000134512711723547,0.147261444689633,0.509037480428059
2622,104.88,209.450167545612,8.33487002459271,-218.690221044117,-13.6845734530448,433.490092018181,0,0,0,0,-17.7830659884512,-13.4086799737678,-4.00038575426144e-05,0.000134513582247047,0.168451461258711,0.509037182817022
2623,104.92,209.450421872507,8.33522350259324,-218.691692040872,-13.6845746073163,433.491465018102,0,0,0,0,-17.7830672661216,-13.4103820106193,-4.00045028114001e-05,0.00013451443679141,0.189629561855624,0.509036849019413
2624,104.96,209.45059461356,8.33549325082282,-218.693144008704,-13.6845682545864,433.492813626027,0,0,0,0,-17.7830588077141,-13.4120123945981,-4.00051772258195e-05,0.00013451526075116,0.210794309917328,0.509036475495542
2625,105,209.450647885147,8.33563787922356,-218.694576787118,-13.6845509123603,433.494137705402,0,0,0,0,-17.783036098446,-13.4135485724182,-4.00058662297583e-05,0.000134516068626661,0.231944270029975,0.509036057235001
2626,105.04,209.450564698119,8.33563879018872,-218.695990214473,-13.6845209997976,433.495437122201,0,0,0,0,-17.7829970890799,-13.4149805668575,-4.00065321336699e-05,0.000134516898147994,0.25307800804957,0.509035591864594
2627,105.08,209.450358270254,8.33551035946917,-218.697384127222,-13.6844797068359,433.496711744844,0,0,0,0,-17.7829433224382,-13.4163162288747,-4.00071592540963e-05,0.000134517765107757,0.274194091088149,0.509035081993131
2628,105.12,209.450066774359,8.33529420284696,-218.69875836036,-13.6844305122661,433.497961444138,0,0,0,0,-17.7828793085041,-13.4175778224105,-4.00077723605051e-05,0.000134518644793419,0.295291087469789,0.509034533545891
2629,105.16,209.449736648219,8.33504094402423,-218.700112748784,-13.6843776402512,433.49918609323,0,0,0,0,-17.7828105236444,-13.4187924061798,-4.00083987749899e-05,0.000134519509871942,0.316367566780967,0.509033950969489
2630,105.2,209.449406804764,8.33479297567768,-218.701447128668,-13.6843246097948,433.500385567548,0,0,0,0,-17.7827415305301,-13.4199833670675,-4.00090416173443e-05,0.00013452035726754,0.33742210000178,0.509033333102942
2631,105.24,209.449102834046,8.33457814776613,-218.702761338095,-13.6842737203978,433.501559744772,0,0,0,0,-17.7826753114817,-13.4211675481427,-4.00096871914842e-05,0.000134521200820937,0.358453259629557,0.509032672748909
2632,105.28,209.448839492739,8.33441250568685,-218.704055217065,-13.6842263007164,433.502708504834,0,0,0,0,-17.7826135905602,-13.4223563392462,-4.00103183085671e-05,0.000134522057882127,0.379459619760159,0.509031959523044
2633,105.32,209.44862457889,8.33430452269951,-218.705328607374,-13.6841830663978,433.503831729962,0,0,0,0,-17.7825572970335,-13.4235570136791,-4.00109411720633e-05,0.000134522922349421,0.400439756155848,0.509031183519932
2634,105.36,209.448460976499,8.33425731838834,-218.706581352668,-13.6841442939563,433.504929304735,0,0,0,0,-17.7825067904506,-13.4247731342497,-4.00115915789871e-05,0.000134523758400097,0.421392246336415,0.50903033827126
2635,105.4,209.448347985907,8.33427009928838,-218.707813298549,-13.6841099309503,433.506001116118,0,0,0,0,-17.7824620033501,-13.4260051303068,-4.00122720959296e-05,0.000134524563200069,0.442315669692209,0.509029422967144
2636,105.44,209.448282638924,8.3343395940864,-218.709024292527,-13.6840797161432,433.507047053507,0,0,0,0,-17.7824225971061,-13.4272513558918,-4.00129237105365e-05,0.000134525395213197,0.463208607580217,0.50902844389604
2637,105.48,209.448259577604,8.33445992810534,-218.710214183805,-13.6840531754647,433.508067008768,0,0,0,0,-17.782387956786,-13.4285082458023,-4.00135158318465e-05,0.00013452628434657,0.484069643381124,0.509027414479418
2638,105.52,209.448268549123,8.33461989212409,-218.711382823004,-13.6840293962887,433.509060876292,0,0,0,0,-17.7823568984828,-13.4297685313161,-4.00141012630635e-05,0.000134527177196452,0.504897362559803,0.509026353642335
2639,105.56,209.448291954044,8.33480025894487,-218.712530061859,-13.6840067960744,433.510028553033,0,0,0,0,-17.7823273693045,-13.4310192380301,-4.00147335655271e-05,0.000134528019890581,0.525690352809386,0.509025283082715
2640,105.6,209.448307216271,8.33497635867465,-218.713655752912,-13.6839833280164,433.510969938525,0,0,0,0,-17.7822967141968,-13.4322433354124,-4.0015401981105e-05,0.000134528823356249,0.54644720428888,0.509024224032569
2641,105.64,209.448295628644,8.3351277298555,-218.714759749251,-13.6839572868183,433.511884934859,0,0,0,0,-17.7822627211816,-13.43342655478,-4.00160682094049e-05,0.000134529626619579,0.567166509834973,0.509023193528926
2642,105.68,209.448252541653,8.3352492459746,-218.715841904411,-13.6839282465693,433.512773446658,0,0,0,0,-17.7822248379017,-13.4345653084233,-4.00167020960115e-05,0.000134530460889346,0.587846865015985,0.509022200071372
2643,105.72,209.448190644028,8.33535470174628,-218.716902072546,-13.6838973662458,433.513635381074,0,0,0,0,-17.7821845678373,-13.4356691651295,-4.00172936231259e-05,0.000134531337137695,0.608486868046788,0.509021239167108
2644,105.76,209.448132883125,8.33546908293888,-218.717940108895,-13.6838667387085,433.51447064779,0,0,0,0,-17.7821446258104,-13.4367553359841,-4.00178751586277e-05,0.000134532223579037,0.629085119718749,0.509020290452124
2645,105.8,209.448100247544,8.33561522376345,-218.718955870238,-13.6838382650023,433.515279159021,0,0,0,0,-17.7821074777715,-13.4378393362611,-4.00185016479468e-05,0.000134533065353512,0.649640223474187,0.509019319049908
2646,105.84,209.448103749846,8.33580505624613,-218.719949215019,-13.6838129208917,433.516060829511,0,0,0,0,-17.7820743893766,-13.4389289229551,-4.00191772253829e-05,0.000134533857660563,0.6701507856187,0.509018282766518
2647,105.88,209.448145437012,8.33604072721782,-218.720920002995,-13.6837908637399,433.51681557653,0,0,0,0,-17.7820455646283,-13.4400249539406,-4.00198385747849e-05,0.000134534662310505,0.690615415549051,0.509017143066998
2648,105.92,209.448224903946,8.33632172641298,-218.721868094759,-13.6837720476162,433.517543319908,0,0,0,0,-17.7820209438058,-13.441126456495,-4.00204471627539e-05,0.000134535516168051,0.711032725871185,0.509015874541619
2649,105.96,209.448344080803,8.3366501176003,-218.722793351541,-13.6837566673349,433.518243982079,0,0,0,0,-17.7820007794713,-13.4422341906991,-4.00210428033868e-05,0.000134536378714975,0.731401332406862,0.509014468292305
2650,106,209.448506898541,8.33703016179379,-218.723695635479,-13.6837451158949,433.518917488121,0,0,0,0,-17.7819855812022,-13.4433500923069,-4.00216632073074e-05,0.000134537212932842,0.751719854204781,0.509012928856485
2651,106.04,209.448716331573,8.33746507250467,-218.724574810255,-13.6837376964564,433.51956376578,0,0,0,0,-17.7819757418763,-13.4444748141644,-4.00222909244274e-05,0.000134538037597124,0.771986913633533,0.509011268326432
2652,106.08,209.448972624582,8.33795507251773,-218.725430741835,-13.683734451583,433.520182745482,0,0,0,0,-17.7819713160963,-13.4456064942939,-4.00229084078287e-05,0.000134538871110442,0.792201136519748,0.509009502593086
2653,106.12,209.449273093599,8.33849718242334,-218.726263299046,-13.6837351501369,433.520774360358,0,0,0,0,-17.7819720032501,-13.4467410713325,-4.00235214303183e-05,0.000134539707742564,0.812361152261711,0.509007652817924
2654,106.16,209.449611001362,8.33908400683074,-218.727072353886,-13.6837391978649,433.521338546282,0,0,0,0,-17.7819770318225,-13.4478722519529,-4.00241287166401e-05,0.000134540548451167,0.832465593903974,0.509005751482776
2655,106.2,209.449971992979,8.33969985813145,-218.727857781663,-13.6837453253818,433.521875241892,0,0,0,0,-17.7819847551664,-13.4489899390843,-4.00247250088406e-05,0.00013454139828645,0.852513098209779,0.509003848883386
2656,106.24,209.450329514442,8.34031576286572,-218.728619461035,-13.6837511759954,433.522384388607,0,0,0,0,-17.7819921173734,-13.4500778920858,-4.00253178635237e-05,0.000134542249633215,0.872502305768309,0.509002014901445
2657,106.28,209.450642775231,8.34088722985178,-218.729357273788,-13.6837531114428,433.522865930611,0,0,0,0,-17.7819944015543,-13.4511126244521,-4.00259240552997e-05,0.000134543085619298,0.892431861151628,0.509000332928983
2658,106.32,209.450861551938,8.341359468522,-218.730071103952,-13.683746627442,433.523319814809,0,0,0,0,-17.7819857685554,-13.4520659105048,-4.00265570473086e-05,0.000134543892559178,0.912300413117043,0.508998886565365
2659,106.36,209.450940076121,8.3416825170132,-218.730760836079,-13.6837275955765,433.523745990763,0,0,0,0,-17.7819608667662,-13.4529122770894,-4.00272069894232e-05,0.000134544680144905,0.932106614814952,0.508997742865233
2660,106.4,209.450855696112,8.34183159316089,-218.731426353209,-13.6836939544206,433.524144410581,0,0,0,0,-17.7819170241868,-13.453639255699,-4.00278393122923e-05,0.000134545483152396,0.951849123911735,0.508996936974089
2661,106.44,209.450620855037,8.3418201685984,-218.732067535636,-13.6836468067361,433.52451502881,0,0,0,0,-17.7818556705006,-13.4542538370805,-4.002843293653e-05,0.000134546323230233,0.971526602571298,0.508996462271425
2662,106.48,209.45027835982,8.34169481383868,-218.732684261341,-13.6835899950271,433.524857802349,0,0,0,0,-17.781781786702,-13.4547794502636,-4.00290056440547e-05,0.000134547183161097,0.991137717387067,0.508996269083633
2663,106.52,209.449882341481,8.34151442986817,-218.733276407917,-13.6835283708326,433.525172690363,0,0,0,0,-17.781701661739,-13.4552454464936,-4.00295853690079e-05,0.000134548035294802,1.01068113940618,0.50899627399774
2664,106.56,209.449478739563,8.34132896875528,-218.733843854751,-13.6834660286603,433.52545965422,0,0,0,0,-17.7816206035739,-13.4556770908962,-4.00301801387405e-05,0.000134548871636556,1.03015554424982,0.508996379044946
2665,106.6,209.449096870553,8.34117025477641,-218.73438648429,-13.683405557376,433.525718657443,0,0,0,0,-17.7815419689541,-13.456091597517,-4.00307848326747e-05,0.00013454969727011,1.04955961224385,0.508996494739529
2666,106.64,209.448751830444,8.34105462035538,-218.734904182132,-13.6833482734755,433.525949665696,0,0,0,0,-17.7814674656103,-13.4564993634145,-4.00313885768552e-05,0.000134550523023328,1.06889202852003,0.508996557179049
2667,106.68,209.448450390813,8.34098934164479,-218.735396836419,-13.6832947612125,433.5261526468,0,0,0,0,-17.781397852155,-13.4569066652216,-4.00319849444171e-05,0.000134551355003118,1.08815148309152,0.5089965322934
2668,106.72,209.448195263126,8.34097728870544,-218.735864337163,-13.6832452591734,433.526327570757,0,0,0,0,-17.7813334390639,-13.4573174685556,-4.00325900982688e-05,0.000134552176100283,1.10733667091438,0.508996408248264
2669,106.76,209.447986972622,8.3410189691796,-218.736306575892,-13.6831998304476,433.526474409782,0,0,0,0,-17.781274309171,-13.4577340565472,-4.00332116063358e-05,0.000134552977512829,1.12644629195281,0.508996182907253
2670,106.8,209.447824057378,8.34111274181535,-218.736723445747,-13.6831583770295,433.526593138339,0,0,0,0,-17.7812203361936,-13.4581568532529,-4.00338112211873e-05,0.000134553797093741,1.14547905125658,0.508995853540085
2671,106.84,209.447702525749,8.34125421339903,-218.737114841828,-13.6831205789902,433.526683733168,0,0,0,0,-17.7811711057395,-13.4585839555838,-4.00343661135388e-05,0.000134554658721269,1.16443365905229,0.508995412621237
2672,106.88,209.447615863879,8.34143623156878,-218.737480661465,-13.6830858795231,433.526746173299,0,0,0,0,-17.7811258958839,-13.4590111340269,-4.00349307149827e-05,0.000134555509490035,1.18330883085333,0.50899484963745
2673,106.92,209.447556807184,8.341650804142,-218.737820804214,-13.6830536328161,433.526780440071,0,0,0,0,-17.7810838690154,-13.4594331327988,-4.00355536999007e-05,0.000134556301317614,1.2021032875911,0.508994156288993
2674,106.96,209.447521056333,8.34189315081854,-218.738135171636,-13.6830234399939,433.526786517145,0,0,0,0,-17.7810445076912,-13.4598465798769,-4.00361897796998e-05,0.000134557079040956,1.22081575573689,0.508993332095179
2675,107,209.447510628007,8.34216537174795,-218.738423667093,-13.6829954671557,433.526764390508,0,0,0,0,-17.7810080272794,-13.4602528581003,-4.00367772000545e-05,0.000134557903830857,1.23944496734857,0.508992388355247
2676,107.04,209.447532645509,8.34247514678788,-218.738686195663,-13.6829703541127,433.526714048497,0,0,0,0,-17.7809752576234,-13.4606574458306,-4.00373310748431e-05,0.000134558760336542,1.25798966003342,0.508991349393581
2677,107.08,209.447592115756,8.34282786809296,-218.738922664167,-13.6829485699835,433.526635481814,0,0,0,0,-17.7809468071274,-13.4610643657225,-4.00378965661015e-05,0.000134559603297921,1.2764485769363,0.508990250701201
2678,107.12,209.44768314076,8.34321705751494,-218.739132981202,-13.6829296190926,433.52652868354,0,0,0,0,-17.7809220326731,-13.4614693765036,-4.00384804091463e-05,0.000134560425811364,1.29482046686263,0.508989134196527
2679,107.16,209.447785243354,8.34362035644938,-218.739317057128,-13.6829117051153,433.526393649148,0,0,0,0,-17.7808986040393,-13.4618573171415,-4.00390689028322e-05,0.00013456124140569,1.31310408451553,0.508988041540632
2680,107.2,209.44786780872,8.34400435720957,-218.739474803984,-13.6828921210011,433.526230376495,0,0,0,0,-17.7808730098049,-13.4622057050783,-4.00396629549229e-05,0.000134562049154872,1.33129819073706,0.508987007214454
2681,107.24,209.447900774719,8.34433623911916,-218.739606135247,-13.6828681949586,433.526038865805,0,0,0,0,-17.7808417844461,-13.462492702839,-4.00402653366527e-05,0.000134562846454299,1.34940155267911,0.508986053417072
2682,107.28,209.447866999189,8.34459723749522,-218.739710965426,-13.6828383924934,433.525819119613,0,0,0,0,-17.7808029377228,-13.4627059692302,-4.00408609291554e-05,0.000134563648654023,1.36741294388156,0.508985188171754
2683,107.32,209.447770406554,8.34479152644318,-218.739789209707,-13.6828030528879,433.525571142705,0,0,0,0,-17.780756909853,-13.4628483244189,-4.00414360069381e-05,0.000134564469664802,1.38533114424731,0.508984406458538
2684,107.36,209.447634854587,8.34494499422886,-218.739840784059,-13.6827642976579,433.525294942075,0,0,0,0,-17.7807064527343,-13.4629367889967,-4.0041999629027e-05,0.000134565300574111,1.40315493996046,0.508983692989402
2685,107.4,209.447493613621,8.34509378401422,-218.739865605924,-13.6827250913589,433.52499052689,0,0,0,0,-17.7806554118088,-13.4629951424152,-4.00425643714149e-05,0.000134566128892018,1.42088312344718,0.508983025614513
2686,107.44,209.447375534972,8.34526922334389,-218.739863595141,-13.682688001697,433.524657908466,0,0,0,0,-17.7806071178927,-13.4630442512017,-4.0043124682446e-05,0.000134566960032509,1.43851449343439,0.508982379478034
2687,107.48,209.447295489718,8.34548740886867,-218.739834674509,-13.6826543448865,433.524297100245,0,0,0,0,-17.780563278509,-13.4630951383773,-4.00436768495424e-05,0.000134567797250874,1.45604785509134,0.508981731897755
2688,107.52,209.447252571909,8.345747251107,-218.739778769723,-13.6826240272788,433.523908117803,0,0,0,0,-17.7805237722311,-13.4631472438912,-4.00442436237254e-05,0.000134568617236857,1.47348202021695,0.508981066474583
2689,107.56,209.447235056603,8.34603587321393,-218.739695808797,-13.6825959866764,433.523490978863,0,0,0,0,-17.7804872210506,-13.4631917078569,-4.00448456140388e-05,0.000134569399128554,1.49081580743592,0.508980374341017
2690,107.6,209.447229306288,8.34633831053215,-218.739585721371,-13.6825689861829,433.52304570331,0,0,0,0,-17.7804520202755,-13.4632180794546,-4.00454518187958e-05,0.00013457017418454,1.50804804234798,0.508979652040843
2691,107.64,209.447228567694,8.34664709949318,-218.739448438154,-13.6825424068411,433.522572313196,0,0,0,0,-17.7804173668972,-13.4632212193588,-4.00460085592059e-05,0.00013457099672672,1.52517755756488,0.508978897898838
2692,107.68,209.447236553075,8.34696618995958,-218.739283890653,-13.6825165789641,433.522070832733,0,0,0,0,-17.7803836894189,-13.4632040320092,-4.00465282955806e-05,0.000134571855068122,1.54220319264565,0.508978109482766
2693,107.72,209.447263502627,8.34730665919106,-218.7390920112,-13.6824924336559,433.521541288292,0,0,0,0,-17.7803521957507,-13.4631742180206,-4.00470812108534e-05,0.000134572679729416,1.55912379405177,0.508977283427696
2694,107.76,209.447318743443,8.34767859871492,-218.738872733223,-13.6824708304547,433.520983708406,0,0,0,0,-17.7803240009999,-13.463138447851,-4.00476836895611e-05,0.000134573454906841,1.57593821523178,0.508976417155457
2695,107.8,209.44740672278,8.34808678599511,-218.738625991655,-13.6824521953213,433.520398123761,0,0,0,0,-17.7802996578534,-13.4630994325034,-4.00482787270993e-05,0.000134574238082764,1.59264531680354,0.50897551105575
2696,107.84,209.447528800423,8.34853263548973,-218.738351723431,-13.6824366788336,433.519784567198,0,0,0,0,-17.780279361703,-13.4630574393793,-4.00488370002508e-05,0.000134575058841403,1.60924396669932,0.508974569509909
2697,107.88,209.447686588862,8.34901783180174,-218.738049868046,-13.6824244486193,433.519143073725,0,0,0,0,-17.780263329848,-13.4630127651175,-4.00493875753961e-05,0.000134575887860348,1.62573304021105,0.508973599955478
2698,107.92,209.44788277641,8.34954521443248,-218.737720368002,-13.6824157505495,433.518473680529,0,0,0,0,-17.7802518807806,-13.4629661102507,-4.00499489055414e-05,0.000134576705705231,1.64211142001294,0.508972610789919
2699,107.96,209.448120224294,8.35011779104718,-218.737363168983,-13.6824108247575,433.517776426987,0,0,0,0,-17.7802453252464,-13.462917774296,-4.00505113043324e-05,0.000134577520620617,1.65837799623384,0.508971609767277
2700,108,209.448401606613,8.35073835759729,-218.736978219711,-13.6824098859493,433.517051354677,0,0,0,0,-17.7802439407861,-13.4628675134824,-4.00510720950713e-05,0.00013457833414809,1.67453166655104,0.508970603757316
2701,108.04,209.448729327836,8.35140942484156,-218.736565471733,-13.6824131326565,433.516298507385,0,0,0,0,-17.7802479838822,-13.4628147758824,-4.0051633479004e-05,0.000134579143917576,1.69057133626045,0.508969599313559
2702,108.08,209.449104154911,8.3521317383027,-218.736124879432,-13.6824206350787,433.515517931118,0,0,0,0,-17.780257544679,-13.4627581525898,-4.00521913614906e-05,0.000134579954671708,1.7064959183288,0.508968602801301
2703,108.12,209.449522054192,8.35290083731394,-218.735656400443,-13.6824320567919,433.514709674114,0,0,0,0,-17.7802721862701,-13.4626938040063,-4.00527423388551e-05,0.000134580770473172,1.72230433345129,0.508967619268386
2704,108.16,209.449969620226,8.35370207981243,-218.735159996355,-13.6824462500758,433.513873786844,0,0,0,0,-17.7802904201784,-13.46261324588,-4.00532831651786e-05,0.000134581594736296,1.73799551012385,0.508966650266491
2705,108.2,209.450419026203,8.35450514634041,-218.73463563331,-13.682460808858,433.513010322031,0,0,0,0,-17.780309126991,-13.4625009962981,-4.00538160069987e-05,0.000134582425224484,1.75356838473635,0.508965691525585
2706,108.24,209.45082506288,8.35526081133967,-218.73408328204,-13.6824718010506,433.512119334631,0,0,0,0,-17.7803232095346,-13.462333173693,-4.00543573646005e-05,0.000134583245555381,1.76902190170029,0.508964731528543
2707,108.28,209.451128886038,8.35590500338633,-218.733502916846,-13.6824740822895,433.511200881788,0,0,0,0,-17.7803259995217,-13.4620791595719,-4.00549244800751e-05,0.000134584038776271,1.78435501363008,0.508963752353078
2708,108.32,209.451272321544,8.35637435216155,-218.732894513321,-13.6824625400346,433.510255022738,0,0,0,0,-17.7803108700593,-13.4617086368165,-4.00555139501742e-05,0.000134584808431951,1.799566681567,0.508962734381039
2709,108.36,209.451219894729,8.3566301604507,-218.732258045312,-13.6824340390933,433.509281818684,0,0,0,0,-17.7802737574614,-13.4612031998173,-4.00560978498474e-05,0.000134585582330536,1.81465587513146,0.50896166462325
2710,108.4,209.450976242722,8.35667736776683,-218.731593482581,-13.6823889751276,433.508281332664,0,0,0,0,-17.7802151748631,-13.4605655958086,-4.00566484041284e-05,0.000134586388088926,1.8296215724746,0.508960544305598
2711,108.44,209.450585386208,8.35656376099533,-218.730900790735,-13.6823312134934,433.507253629441,0,0,0,0,-17.7801401326214,-13.4598186633174,-4.00571700680865e-05,0.000134587221246526,1.84446276013272,0.508959389480893
2712,108.48,209.450111100709,8.35635860390235,-218.730179933657,-13.6822663449393,433.506198775403,0,0,0,0,-17.780055877208,-13.4589946539834,-4.00576892167369e-05,0.000134588055545888,1.85917843300037,0.508958223084299
2713,108.52,209.449612481651,8.35612604684297,-218.729430876855,-13.6821995268076,433.50511683847,0,0,0,0,-17.7799690934014,-13.458123400279,-4.00582196325665e-05,0.000134588877397907,1.87376759443079,0.508957064508334
2714,108.56,209.449129961861,8.35590992940381,-218.728653589742,-13.6821342658216,433.504007888022,0,0,0,0,-17.7798843270224,-13.4572261484648,-4.00587610617259e-05,0.000134589687364944,1.88822925634979,0.508955924414754
2715,108.6,209.448685013702,8.35573347958873,-218.727848046194,-13.6820724145501,433.502871994857,0,0,0,0,-17.7798039803211,-13.4563154749737,-4.00593114661218e-05,0.000134590487956976,1.90256243934109,0.50895480605739
2716,108.64,209.448286229917,8.3556059385254,-218.727014224152,-13.6820147156623,433.501709231206,0,0,0,0,-17.7797290170747,-13.4553978019272,-4.00598646510777e-05,0.000134591285979573,1.91676617271331,0.508953708440544
2717,108.68,209.447934955415,8.35552867515491,-218.726152105146,-13.6819612853423,433.500519670748,0,0,0,0,-17.7796595888946,-13.4544757566539,-4.00604123759378e-05,0.000134592090092906,1.93083949455969,0.508952627632247
2718,108.72,209.447629182027,8.35549940778527,-218.725261673934,-13.6819119404478,433.499303388623,0,0,0,0,-17.7795954591779,-13.4535500298419,-4.00609530266172e-05,0.000134592901352882,1.94478145181618,0.508951556598281
2719,108.76,209.44736617394,8.35551505577143,-218.724342918111,-13.6818664251659,433.498060461446,0,0,0,0,-17.7795362969124,-13.4526207988901,-4.00614965069268e-05,0.00013459370782291,1.95859110030995,0.508950485420796
2720,108.8,209.447143553628,8.35557292623929,-218.72339582757,-13.6818245123681,433.496790967327,0,0,0,0,-17.779481808121,-13.4516882462112,-4.00620495444002e-05,0.000134594500225258,1.97226750480093,0.50894940281583
2721,108.84,209.446959080393,8.3556704850427,-218.722420393922,-13.6817859966125,433.495494985885,0,0,0,0,-17.7794317268475,-13.4507522667516,-4.00625903129046e-05,0.000134595299339843,1.98580973903361,0.508948298579611
2722,108.88,209.446810001914,8.35580466172994,-218.721416610135,-13.681750647929,433.494172598248,0,0,0,0,-17.7793857552729,-13.4498119888916,-4.00631008886506e-05,0.000134596124394127,1.99921688580378,0.508947165859242
2723,108.92,209.446692801919,8.35597157398225,-218.72038447053,-13.6817181886005,433.492823887068,0,0,0,0,-17.779343533621,-13.4488656338969,-4.00636206496326e-05,0.000134596938229702,2.01248803703678,0.508946002284373
2724,108.96,209.446603953858,8.3561673360766,-218.7193239711,-13.6816883476333,433.491448936515,0,0,0,0,-17.7793047107828,-13.4479111106141,-4.00641885862055e-05,0.000134597703209049,2.02562229387182,0.508944809701785
2725,109,209.446541410093,8.35638966878513,-218.718235109988,-13.6816609809919,433.490047832287,0,0,0,0,-17.7792691002245,-13.4469472212108,-4.00647594177357e-05,0.000134598465007231,2.03861876672738,0.508943592874333
2726,109.04,209.446504941718,8.35663826898153,-218.71711788791,-13.6816361009611,433.488620661607,0,0,0,0,-17.7792367180438,-13.4459741384285,-4.00652719024e-05,0.000134599285115202,2.05147657531398,0.50894235788102
2727,109.08,209.446493211179,8.35691162883958,-218.715972308387,-13.6816136225039,433.487167513229,0,0,0,0,-17.7792074539666,-13.4449913728205,-4.00657511321071e-05,0.000134600138590041,2.06419484861813,0.508941111036424
2728,109.12,209.446498785248,8.35720160599254,-218.714798377704,-13.6815929204849,433.485688477445,0,0,0,0,-17.7791804970064,-13.443993874629,-4.00662619149006e-05,0.000134600960208893,2.07677272496045,0.50893985871382
2729,109.16,209.446506524978,8.35749166037675,-218.713596104633,-13.6815726768362,433.484183646071,0,0,0,0,-17.7791541372269,-13.44297049987,-4.00668194756332e-05,0.000134601733836513,2.08920935219215,0.508938607624212
2730,109.2,209.446499590868,8.35776338127669,-218.712365500049,-13.6815514027862,433.482653112426,0,0,0,0,-17.7791264432312,-13.4419084674896,-4.00673902474316e-05,0.000134602492160493,2.10150388792844,0.508937364498301
2731,109.24,209.446470097357,8.35800808320555,-218.71110657661,-13.681528380532,433.481096971294,0,0,0,0,-17.7790964837945,-13.4408016309539,-4.00679324365777e-05,0.00013460327651783,2.11365549963615,0.508936134337925
2732,109.28,209.446426019397,8.3582343289059,-218.709819348652,-13.6815042797505,433.479515318894,0,0,0,0,-17.7790651276612,-13.4396558405524,-4.00684322620425e-05,0.000134604100753013,2.12566336452893,0.508934917398095
2733,109.32,209.44638850147,8.35846500867783,-218.708503832338,-13.6814809277301,433.477908252861,0,0,0,0,-17.779034745332,-13.4384868392793,-4.00689252443339e-05,0.000134604929799933,2.13752666941105,0.50893370627831
2734,109.36,209.446381675221,8.35872626526609,-218.707160045997,-13.6814604162846,433.476275872236,0,0,0,0,-17.7790080504535,-13.4373124558284,-4.00694557889879e-05,0.000134605719847395,2.14924461063579,0.508932485396187
2735,109.4,209.446422706607,8.35903666904258,-218.705788010361,-13.6814442295314,433.474618277456,0,0,0,0,-17.7789869682237,-13.4361450398157,-4.00700120792711e-05,0.00013460648325206,2.16081639422086,0.508931234949087
2736,109.44,209.446517830034,8.35940291432041,-218.704387748559,-13.6814329060778,433.472935570351,0,0,0,0,-17.7789721970828,-13.434988548978,-4.00705468629636e-05,0.000134607267669301,2.17224123602218,0.508929939442157
2737,109.48,209.446663335607,8.35982090847118,-218.702959285924,-13.6814261410945,433.471227854154,0,0,0,0,-17.7789633411899,-13.4338395587865,-4.00710522069228e-05,0.000134608081201902,2.18351836184199,0.508928597599748
2738,109.52,209.446846809615,8.36027712696174,-218.701502649967,-13.6814229009127,433.469495233533,0,0,0,0,-17.7789590592822,-13.4326885732293,-4.00715555134939e-05,0.000134608896284723,2.19464700745919,0.508927228543137
2739,109.56,209.447046651988,8.36074807776484,-218.700017870687,-13.681421369691,433.467737814601,0,0,0,0,-17.7789569957075,-13.4315200500756,-4.00720653778989e-05,0.000134609703912535,2.20562641867236,0.508925870655013
2740,109.6,209.447232182286,8.36120039707439,-218.69850498099,-13.6814189387202,433.465955704922,0,0,0,0,-17.7789537667125,-13.4303128238613,-4.00725791088972e-05,0.000134610506373682,2.21645585141221,0.508924573631724
2741,109.64,209.447367522852,8.36159505276017,-218.69696401676,-13.6814125266223,433.464149013475,0,0,0,0,-17.7789453758478,-13.4290429963425,-4.00731088374937e-05,0.000134611291329359,2.22713457189159,0.508923387555207
2742,109.68,209.447420358048,8.36189685435625,-218.695395016297,-13.681399330609,433.462317850598,0,0,0,0,-17.778928188269,-13.4276896347918,-4.00736562883067e-05,0.000134612057047989,2.23766185673763,0.508922353118426
2743,109.72,209.447373356719,8.3620868697737,-218.693798019315,-13.6813778216446,433.460462327904,0,0,0,0,-17.7789002211428,-13.4262417817297,-4.00741959950158e-05,0.000134612829055113,2.24803699305601,0.508921495125273
2744,109.76,209.447232329296,8.36217130573126,-218.692173066071,-13.6813484685717,433.458582558208,0,0,0,0,-17.7788620825039,-13.4247033140173,-4.00747093649179e-05,0.000134613625893795,2.25825927838282,0.508920819430862
2745,109.8,209.447024762247,8.36217992921484,-218.690520197131,-13.6813136252904,433.456678655453,0,0,0,0,-17.7788168249297,-13.4230918593589,-4.00752094621894e-05,0.000134614434199306,2.26832802056817,0.508920312984175
2746,109.84,209.446788695755,8.36215398233496,-218.688839453901,-13.6812765673435,433.454750734664,0,0,0,0,-17.7787686964341,-13.4214319427911,-4.00757124746267e-05,0.000134615237171071,2.27824253772092,0.508919947027707
2747,109.88,209.446559656556,8.36213197899669,-218.68713087964,-13.6812403546844,433.452798911884,0,0,0,0,-17.7787216659825,-13.4197471738416,-4.00762117181169e-05,0.00013461604068797,2.28800215826499,0.508919683350423
2748,109.92,209.446363343637,8.36214175807577,-218.685394520452,-13.6812071981245,433.450823304138,0,0,0,0,-17.7786786018105,-13.4180557389824,-4.00767083922122e-05,0.000134616842953748,2.29760622103555,0.508919482006836
2749,109.96,209.446214819743,8.36219960866707,-218.683630425915,-13.6811783924366,433.448824029427,0,0,0,0,-17.7786411842083,-13.416369338789,-4.00772278996499e-05,0.00013461761866511,2.30705407535002,0.508919307359524
2750,110,209.446120315999,8.36231223245616,-218.681838649214,-13.6811544739906,433.446801206748,0,0,0,0,-17.7786101095018,-13.4146935543738,-4.00777690194664e-05,0.000134618369976059,2.31634508105458,0.508919130046675
2751,110.04,209.44607879581,8.36247844595016,-218.680019246847,-13.681135359412,433.444754956118,0,0,0,0,-17.7785852697125,-13.4130284144325,-4.00782884445963e-05,0.000134619141610568,2.32547860856341,0.508918925399816
2752,110.08,209.446082390561,8.36268965956616,-218.678172278145,-13.6811203894642,433.442685398603,0,0,0,0,-17.7785658095346,-13.4113686670123,-4.00787689857998e-05,0.000134619952160582,2.33445403888693,0.508918670964538
2753,110.12,209.446115646668,8.36292905549707,-218.676297804906,-13.6811082602649,433.440592656341,0,0,0,0,-17.7785500372504,-13.4097033514236,-4.00792486097824e-05,0.000134620764714182,2.34327076367052,0.508918345472355
2754,110.16,209.44615566234,8.36317171664976,-218.674395891179,-13.6810970156836,433.438476852553,0,0,0,0,-17.7785354149952,-13.408015896666,-4.00797602118957e-05,0.000134621546788576,2.35192818530965,0.508917929951346
2755,110.2,209.446176884702,8.36338981990194,-218.672466603018,-13.6810844437153,433.436338111533,0,0,0,0,-17.7785190730312,-13.4062876155297,-4.00802940737502e-05,0.000134622307607297,2.36042571713778,0.508917410102622
2756,110.24,209.446161033073,8.36356341829045,-218.670510008074,-13.681068935757,433.434176558614,0,0,0,0,-17.7784989244889,-13.4045050974818,-4.0080826114287e-05,0.000134623070093761,2.36876278355186,0.508916778443809
2757,110.28,209.446106405444,8.36369057041552,-218.668526175183,-13.6810503099163,433.431992320127,0,0,0,0,-17.7784747334031,-13.4026671408682,-4.00813420532305e-05,0.000134623847518136,2.37693881995444,0.508916035222918
2758,110.32,209.446028996108,8.36378857216641,-218.666515174282,-13.68102992514,433.429785523364,0,0,0,0,-17.7784482627242,-13.4007855171509,-4.00818372045695e-05,0.000134624644208981,2.38495327256311,0.508915188125378
2759,110.36,209.44595335371,8.36388402831765,-218.664477076806,-13.6810098943597,433.427556296558,0,0,0,0,-17.7784222535366,-13.3988781993363,-4.0082315194544e-05,0.0001346254565184,2.39280559826353,0.508914251603184
2760,110.4,209.445899135855,8.36399823980107,-218.662411956231,-13.6809919165831,433.425304768868,0,0,0,0,-17.7783989099885,-13.3969595675327,-4.00827932691874e-05,0.000134626266941127,2.40049526463953,0.508913246596932
2761,110.44,209.445872482689,8.36413782824057,-218.660319888331,-13.680976527585,433.423031070365,0,0,0,0,-17.7783789272377,-13.3950341531854,-4.00833017436397e-05,0.000134627044594174,2.40802175016949,0.508912200032654
2762,110.48,209.445867124369,8.36429594039993,-218.658200951004,-13.6809631970431,433.420735332016,0,0,0,0,-17.7783616174406,-13.3930974440907,-4.00838475105879e-05,0.000134627782164631,2.41538454446263,0.508911142013652
2763,110.52,209.445872793917,8.36446139070073,-218.656055223923,-13.6809510585351,433.418417685675,0,0,0,0,-17.7783458567545,-13.3911420602584,-4.0084382834953e-05,0.00013462852752054,2.42258314838666,0.508910099482905
2764,110.56,209.445884001991,8.36462819473648,-218.653882788353,-13.6809396684759,433.416078264084,0,0,0,0,-17.778331069877,-13.3891641654755,-4.00848615362431e-05,0.000134629327430676,2.42961707402855,0.508909088151731
2765,110.6,209.445903130829,8.36479892661035,-218.65168372729,-13.6809292693638,433.413717200872,0,0,0,0,-17.7783175715027,-13.3871656150494,-4.00853159927046e-05,0.000134630150148795,2.43648584456899,0.508908106673658
2766,110.64,209.445936857591,8.36498082335883,-218.649458125886,-13.6809204704397,433.411334630557,0,0,0,0,-17.7783061520401,-13.385151254748,-4.00858127993133e-05,0.000134630929481077,2.4431889942117,0.508907136475746
2767,110.68,209.445990460901,8.36517958820707,-218.647206071927,-13.6809137439066,433.408930688528,0,0,0,0,-17.77829742411,-13.3831247903057,-4.00863457783572e-05,0.000134631671737147,2.44972606824344,0.508906147942437
2768,110.72,209.446065676303,8.36539705881923,-218.64492765613,-13.6809092374129,433.406505511026,0,0,0,0,-17.7782915792711,-13.381087291879,-4.0086854879292e-05,0.000134632436799735,2.45609662316698,0.50890511014622
2769,110.76,209.446162858247,8.36563356442209,-218.642622972234,-13.6809069690738,433.404059235133,0,0,0,0,-17.7782886409253,-13.3790388129012,-4.00873328126146e-05,0.00013463323131658,2.46230022677674,0.508903998878438
2770,110.8,209.446283349347,8.36589050365144,-218.640292116964,-13.6809070361151,433.401591998774,0,0,0,0,-17.7782887349148,-13.3769800505311,-4.00878193261284e-05,0.00013463401440654,2.46833645814069,0.508902798579155
2771,110.84,209.446429420129,8.3661702752817,-218.637935189867,-13.6809096060153,433.399103940729,0,0,0,0,-17.7782920780464,-13.3749121616015,-4.00883200963182e-05,0.000134634779427021,2.4742049075827,0.508901497909021
2772,110.88,209.446603355736,8.36647528865329,-218.635552292947,-13.6809148405876,433.396595200617,0,0,0,0,-17.7782988796676,-13.372836029491,-4.00888149892661e-05,0.000134635546803369,2.47990517672125,0.508900082902835
2773,110.92,209.446807572956,8.36680810402819,-218.633143530177,-13.6809229197891,433.394065918894,0,0,0,0,-17.7783093726091,-13.3707523444759,-4.00893035941195e-05,0.000134636318708285,2.48543687851874,0.508898532618784
2774,110.96,209.447045284421,8.36717216540908,-218.630709007129,-13.6809341107005,433.391516236842,0,0,0,0,-17.7783239027109,-13.3686620733036,-4.0089792936348e-05,0.000134637089971933,2.49079963730411,0.508896819662592
2775,111,209.447320720342,8.36757203965768,-218.628248831019,-13.6809487848728,433.388946296576,0,0,0,0,-17.7783429513307,-13.3665666185504,-4.00902828748871e-05,0.000134637861094535,2.49599308878509,0.508894914374436
2776,111.04,209.447638957836,8.36801321843638,-218.625763111176,-13.6809673904724,433.386356241048,0,0,0,0,-17.7783670991361,-13.364467730059,-4.0090774340026e-05,0.000134638630069107,2.50101688006502,0.508892789892721
2777,111.08,209.448005535412,8.36850168726962,-218.623251959674,-13.6809904062202,433.383746214037,0,0,0,0,-17.7783969662598,-13.3623672848941,-4.00912670498763e-05,0.00013463939605233,2.50587066965688,0.508890426845512
2778,111.12,209.448425543343,8.36904293685651,-218.620715491811,-13.6810182618583,433.381116360155,0,0,0,0,-17.7784331091522,-13.3602667707872,-4.00917585289089e-05,0.000134640161188145,2.51055412749294,0.508887819053017
2779,111.16,209.44890185765,8.36964005746394,-218.618153826414,-13.6810511982497,433.378466824849,0,0,0,0,-17.7784758393144,-13.358166398832,-4.00922476355069e-05,0.000134640926768162,2.51506693493521,0.508884982406351
2780,111.2,209.449432181789,8.37029054263974,-218.615567086292,-13.6810890289669,433.375797754409,0,0,0,0,-17.7785249144107,-13.3560637820224,-4.00927313969439e-05,0.000134641695910769,2.51940878478579,0.508881967177579
2781,111.24,209.450004484297,8.37098134650899,-218.612955399029,-13.6811307591638,433.37310929598,0,0,0,0,-17.7785790444,-13.3539519705523,-4.0093205568567e-05,0.000134642472943443,2.52357938129912,0.508878870689308
2782,111.28,209.450591164723,8.37168255427422,-218.610318897941,-13.6811740891786,433.370401597569,0,0,0,0,-17.778635248239,-13.3518169164963,-4.00936706345893e-05,0.000134643257499359,2.52757844021168,0.508875844155065
2783,111.32,209.451144216259,8.37234212675101,-218.607657722591,-13.6812149959227,433.367674808022,0,0,0,0,-17.7786883113445,-13.3496352869188,-4.00941377914306e-05,0.000134644038558849,2.53140568881353,0.508873086488926
2784,111.36,209.451596180419,8.37288691767085,-218.604972017956,-13.6812477962872,433.364929076992,0,0,0,0,-17.7787308677044,-13.3473747213884,-4.0094625104439e-05,0.000134644798167608,2.53506086608906,0.50887082106387
2785,111.4,209.451872524637,8.37323607826226,-218.602261931507,-13.6812661769678,433.36216455485,0,0,0,0,-17.778754734544,-13.3449993920087,-4.00951387709637e-05,0.000134645529940689,2.53854372292519,0.508869258393871
2786,111.44,209.451916041837,8.37332752249745,-218.599527608468,-13.6812652647495,433.359381392557,0,0,0,0,-17.7787535956912,-13.3424817701786,-4.00956612357141e-05,0.000134646251041149,2.54185402227619,0.50886855417669
2787,111.48,209.451712462283,8.37314573536339,-218.596769187138,-13.6812438274599,433.356579741517,0,0,0,0,-17.7787258543354,-13.3398153282181,-4.00961624037661e-05,0.000134646991401093,2.54499153909849,0.508868773716638
2788,111.52,209.451299151443,8.37273122435543,-218.593986797101,-13.6812050292491,433.353759753438,0,0,0,0,-17.778675611718,-13.3370183747274,-4.0096629448535e-05,0.000134647764010894,2.54795606007595,0.508869871529032
2789,111.56,209.450748457487,8.37216243719289,-218.591180561755,-13.6811549981693,433.350921580218,0,0,0,0,-17.778610810236,-13.3341252659235,-4.009708114415e-05,0.000134648550287302,2.55074738342202,0.508871693467823
2790,111.6,209.450137663709,8.37152314706016,-218.588350603621,-13.6811002535841,433.348065373854,0,0,0,0,-17.7785398992712,-13.3311723041392,-4.0097539805164e-05,0.0001346493279326,2.55336531889744,0.508874007085319
2791,111.64,209.449526172892,8.37087771135113,-218.585497049091,-13.6810457757145,433.345191286346,0,0,0,0,-17.7784693336264,-13.3281879143941,-4.00980101415125e-05,0.000134650092110405,2.55580968791258,0.508876556740857
2792,111.68,209.448949512363,8.37026459417149,-218.582620030474,-13.6809945209818,433.342299469647,0,0,0,0,-17.7784029455501,-13.3251902037746,-4.00984900591222e-05,0.000134650844806325,2.55808032360037,0.508879123742078
2793,111.72,209.448424535715,8.36970202681849,-218.5797196857,-13.6809478810523,433.339390075649,0,0,0,0,-17.7783425395013,-13.3221890368807,-4.00989744260593e-05,0.000134651591189693,2.5601770708476,0.50888156432863
2794,111.76,209.447956437769,8.36919561681344,-218.576796157153,-13.6809062780928,433.336463256201,0,0,0,0,-17.7782886634172,-13.3191888158871,-4.00994563798693e-05,0.000134652338248835,2.56209978629774,0.508883811591995
2795,111.8,209.447543806787,8.36874381997993,-218.573849590556,-13.680869585773,433.333519163136,0,0,0,0,-17.7782411542468,-13.3161905405536,-4.00999351255508e-05,0.000134653086855839,2.56384833834741,0.508885850675123
2796,111.84,209.447182081916,8.36834168790303,-218.570880134116,-13.6808374201639,433.330557948293,0,0,0,0,-17.7781995149474,-13.3131933800054,-4.01004118864533e-05,0.000134653835780215,2.56542260714646,0.508887689094851
2797,111.88,209.446865757614,8.36798326017244,-218.567887937926,-13.6808093281738,433.327579763542,0,0,0,0,-17.7781631587561,-13.3101957801283,-4.01008864988928e-05,0.000134654585113061,2.56682248459598,0.508889338902368
2798,111.92,209.446589509211,8.36766278566711,-218.564873153648,-13.6807848836023,433.324584760794,0,0,0,0,-17.7781315337579,-13.3071960821705,-4.0101360789741e-05,0.000134655332869351,2.56804787434769,0.508890813403013
2799,111.96,209.446348753437,8.36737532693203,-218.561835934544,-13.6807637309615,433.321573092011,0,0,0,0,-17.7781041797146,-13.3041928908194,-4.01018355426697e-05,0.00013465607806412,2.56909869180537,0.508892130289879
2800,112,209.446139869191,8.36711698811072,-218.558776435857,-13.6807455922811,433.318544909218,0,0,0,0,-17.7780807368186,-13.301185237404,-4.01023064936898e-05,0.000134656824918529,2.56997486412387,0.508893312041687
2801,112.04,209.445960100399,8.36688479556734,-218.555694815257,-13.680730244431,433.31550036452,0,0,0,0,-17.7780609161824,-13.2981725048905,-4.01027735099487e-05,0.000134657573787432,2.57067633020845,0.508894381233918
2802,112.08,209.445807288681,8.36667640324398,-218.55259123305,-13.6807174916188,433.312439610106,0,0,0,0,-17.7780444641175,-13.2951542367222,-4.01032489803359e-05,0.00013465831235362,2.57120304071779,0.508895354670172
2803,112.12,209.445679569411,8.36648977041345,-218.549465851981,-13.6807071472735,433.309362798253,0,0,0,0,-17.7780311386754,-13.2921299531128,-4.01037306600933e-05,0.000134659042015713,2.57155495806769,0.508896240447812
2804,112.16,209.445575036196,8.36632280962014,-218.546318836794,-13.6806990179651,433.306270081335,0,0,0,0,-17.7780206888783,-13.2890989766325,-4.01041871841118e-05,0.000134659792275457,2.5717320564313,0.508897038656235
2805,112.2,209.445491369904,8.36617299277131,-218.543150353723,-13.6806928809752,433.303161611831,0,0,0,0,-17.7780128257135,-13.2860602121157,-4.01046192522668e-05,0.000134660560831521,2.57173432174032,0.508897744462603
2806,112.24,209.445425800178,8.36603731231351,-218.539960570068,-13.6806884843992,433.300037542331,0,0,0,0,-17.7780072223347,-13.2830120948328,-4.01050803414375e-05,0.000134661294545135,2.5715617517032,0.508898352887791
2807,112.28,209.445376087992,8.36591334804094,-218.536749653899,-13.6806856316949,433.296898025545,0,0,0,0,-17.7780036237747,-13.2799532760963,-4.01055809650253e-05,0.000134661985434622,2.57121435583852,0.508898865075917
2808,112.32,209.445342128602,8.36580101064041,-218.533517773987,-13.6806843223464,433.293743214295,0,0,0,0,-17.7780020294246,-13.2768839214226,-4.01060590918919e-05,0.000134662698684027,2.57069215546878,0.508899294688563
2809,112.36,209.445325681511,8.36570225496667,-218.530265099962,-13.6806847350116,433.290573261518,0,0,0,0,-17.7780026711677,-13.2738057529263,-4.01064853320338e-05,0.000134663465583942,2.56999518362748,0.508899671367931
2810,112.4,209.445326387329,8.36561675537027,-218.526991802634,-13.6806868856898,433.287388320282,0,0,0,0,-17.7780055699238,-13.2707191461015,-4.01069059755771e-05,0.000134664239901523,2.56912348496398,0.508900038272657
2811,112.44,209.445337126465,8.36553685384375,-218.523698054312,-13.6806902168624,433.284188543795,0,0,0,0,-17.7780100026073,-13.26761939133,-4.01073678662539e-05,0.000134664973787865,2.56807711580555,0.508900443232367
2812,112.48,209.445344939965,8.36544854151909,-218.520384028992,-13.6806936579609,433.280974085399,0,0,0,0,-17.7780145805029,-13.2644970790739,-4.01078650402857e-05,0.000134665672189505,2.56685614437603,0.508900926492259
2813,112.52,209.445339224754,8.36534034351902,-218.517049902408,-13.6806963149024,433.277745098546,0,0,0,0,-17.7780181437783,-13.2613442766301,-4.01083576066999e-05,0.000134666374407066,2.56546065094704,0.508901509963436
2814,112.56,209.445320984338,8.36521335912037,-218.513695852025,-13.6806982595319,433.274501736774,0,0,0,0,-17.7780207856602,-13.2581616848,-4.01088168426082e-05,0.000134667108928865,2.56389072773304,0.508902192146216
2815,112.6,209.445304932264,8.36508355159665,-218.510322057087,-13.6807007159608,433.271244153715,0,0,0,0,-17.7780240941895,-13.2549602657609,-4.01092546123673e-05,0.000134667863874689,2.56214647861108,0.508902950133492
2816,112.64,209.445312261353,8.36497391274952,-218.506928698743,-13.6807054557423,433.26797250309,0,0,0,0,-17.7780303675701,-13.2517557609345,-4.01097037896147e-05,0.000134668606407908,2.56022801890144,0.508903747211181
2817,112.68,209.445359421992,8.36490229852587,-218.503515960211,-13.6807138550495,433.264686938727,0,0,0,0,-17.7780413910031,-13.2485602964063,-4.01101705377571e-05,0.000134669330223375,2.55813547535333,0.508904542948642
2818,112.72,209.445450204445,8.36487285041482,-218.500084026829,-13.6807262337029,433.261387614562,0,0,0,0,-17.7780575791602,-13.2453766108932,-4.01106319964723e-05,0.000134670057750852,2.55586898628716,0.508905302442193
2819,112.76,209.445573868737,8.36487397612127,-218.496633085958,-13.6807417060794,433.258074684652,0,0,0,0,-17.7780777828209,-13.2421969578998,-4.01110786279761e-05,0.000134670797952007,2.5534287017373,0.508906002133017
2820,112.8,209.445707307288,8.36488069426714,-218.493163326762,-13.6807583634191,433.254748303202,0,0,0,0,-17.7780995255681,-13.2390049758957,-4.01115247898168e-05,0.000134671536053893,2.55081478352165,0.508906630981807
2821,112.84,209.445819739887,8.36485970963577,-218.489674939952,-13.6807736543674,433.251408624571,0,0,0,0,-17.7781194976233,-13.2357790956515,-4.01119837604096e-05,0.000134672258722677,2.54802740530629,0.508907187421975
2822,112.88,209.445880929349,8.3647782995623,-218.486168117521,-13.6807850559473,433.248055803255,0,0,0,0,-17.7781344262564,-13.2324982415892,-4.01124552303258e-05,0.000134672966430576,2.54506675270272,0.50890767410733
2823,112.92,209.445872146001,8.36461618861329,-218.482643052451,-13.6807909840042,433.244689993842,0,0,0,0,-17.7781422566737,-13.2291495016081,-4.01129258401902e-05,0.000134673672523703,2.54193302328472,0.508908093254662
2824,112.96,209.445794624375,8.36437471729858,-218.479099938415,-13.680791505473,433.241311350965,0,0,0,0,-17.7781430757665,-13.2257339475758,-4.01133812750217e-05,0.000134674390845965,2.53862642643016,0.508908444546319
2825,113,209.445669673045,8.36407697277589,-218.475538969645,-13.6807883593422,433.237920029256,0,0,0,0,-17.7781391392288,-13.2222665447234,-4.01138248835721e-05,0.000134675117224014,2.53514718307006,0.508908725698901
2826,113.04,209.445529662281,8.36375803600488,-218.471960341111,-13.6807842159446,433.234516183331,0,0,0,0,-17.7781339108902,-13.2187699597894,-4.01142670292655e-05,0.000134675840741735,2.53149552550114,0.508908934568379
2827,113.08,209.445405230316,8.36345112750291,-218.468364249004,-13.6807816159457,433.231099967763,0,0,0,0,-17.7781306866301,-13.2152659426293,-4.01147039641606e-05,0.000134676565887982,2.52767169734462,0.508909071625925
2828,113.12,209.445315784966,8.36317731705177,-218.464750891266,-13.6807821778957,433.227671537075,0,0,0,0,-17.7781315664093,-13.2117687262567,-4.01151336217595e-05,0.000134677297272657,2.52367595362662,0.508909141975563
2829,113.16,209.445266864017,8.36294265642896,-218.461120467935,-13.6807863702221,433.224231045745,0,0,0,0,-17.7781371582035,-13.2082827586488,-4.01155759818147e-05,0.000134678018131428,2.51950856090971,0.508909156091666
2830,113.2,209.445253617219,8.36274193786629,-218.457473181177,-13.6807937876902,433.22077864822,0,0,0,0,-17.7781469363726,-13.2048047258885,-4.01160468018402e-05,0.000134678714268719,2.51516979742153,0.508909128348651
2831,113.24,209.445267913596,8.36256638430067,-218.453809235049,-13.6808037346006,433.217314498945,0,0,0,0,-17.7781599982123,-13.201328659361,-4.01165220668102e-05,0.000134679408403538,2.51065995312206,0.508909072940067
2832,113.28,209.445305697199,8.36241162320737,-218.450128835065,-13.6808158433127,433.21383875237,0,0,0,0,-17.7781758665054,-13.1978516306479,-4.01169658081546e-05,0.000134680133708169,2.50597932963223,0.508908998274015
2833,113.32,209.445370414508,8.36228141392362,-218.446432187691,-13.6808303747015,433.210351562977,0,0,0,0,-17.7781948794046,-13.1943763997803,-4.01173888147852e-05,0.000134680877429125,2.50112824003203,0.508908902528469
2834,113.36,209.445470487019,8.36218492046065,-218.442719499872,-13.6808480188626,433.206853085293,0,0,0,0,-17.7782179318949,-13.1909092709262,-4.01178301839582e-05,0.000134681600105594,2.49610700868037,0.508908773280353
2835,113.4,209.44561365437,8.36213058649817,-218.438990978802,-13.6808694272349,433.203343473909,0,0,0,0,-17.7782458688066,-13.1874555904752,-4.01182901559862e-05,0.000134682301838099,2.49091597119189,0.508908592464022
2836,113.44,209.445803213447,8.36212206026428,-218.435246832111,-13.6808948982015,433.199822883495,0,0,0,0,-17.7782790769285,-13.1840169319459,-4.01187408378618e-05,0.000134683010806391,2.48555547452788,0.508908345273179
2837,113.48,209.446037959089,8.36215812657946,-218.431487268499,-13.6809243678094,433.196291468818,0,0,0,0,-17.7783174729097,-13.1805912650992,-4.01191799583776e-05,0.00013468372959119,2.48002587705296,0.508908029541776
2838,113.52,209.446313208292,8.36223380778549,-218.427712498648,-13.6809574856117,433.192749384766,0,0,0,0,-17.778360601618,-13.1771740501374,-4.01196203816949e-05,0.000134684445750803,2.47432754849327,0.508907662040341
2839,113.56,209.446619910136,8.36233939195285,-218.423922736032,-13.6809935321573,433.189196786372,0,0,0,0,-17.7784075292596,-13.1737581534658,-4.01200591447922e-05,0.000134685162522669,2.46846086986101,0.508907280156269
2840,113.6,209.44694162685,8.3624571659713,-218.420118197341,-13.6810311706086,433.185633828828,0,0,0,0,-17.7784565215621,-13.1703325190568,-4.01204892606849e-05,0.000134685886901465,2.46242623341148,0.508906939622831
2841,113.64,209.447251332584,8.36255795623582,-218.416299102417,-13.6810681887257,433.182060667491,0,0,0,0,-17.7785047095187,-13.1668806322405,-4.01209157550289e-05,0.000134686613786761,2.4562240426489,0.508906709260319
2842,113.68,209.447511133447,8.36260082150958,-218.412465673784,-13.6811014721622,433.178477457883,0,0,0,0,-17.7785480549104,-13.1633803286272,-4.01213517706995e-05,0.00013468732999506,2.44985471240219,0.508906662821771
2843,113.72,209.447678493395,8.36253977838872,-218.408618135725,-13.6811275049178,433.174884355649,0,0,0,0,-17.7785819991092,-13.1598071104384,-4.01218072554824e-05,0.000134688025538007,2.44331866896791,0.508906868142281
2844,113.76,209.447719789862,8.36233846980122,-218.404756712852,-13.6811434835773,433.17128151649,0,0,0,0,-17.7786029075463,-13.1561417994117,-4.01222734683093e-05,0.000134688709142772,2.43661635021299,0.508907374981566
2845,113.8,209.447625334044,8.36198643826291,-218.40088162855,-13.6811485717567,433.167669096088,0,0,0,0,-17.7786096959156,-13.1523791767019,-4.01227258060013e-05,0.0001346894054598,2.42974820547803,0.508908203841298
2846,113.84,209.447415364065,8.36150563037197,-218.396993104095,-13.6811444122478,433.164047250037,0,0,0,0,-17.7786044939802,-13.1485312182962,-4.01231534143147e-05,0.000134690125395197,2.42271469527958,0.50890933850732
2847,113.88,209.447131260193,8.36094088619731,-218.393091359058,-13.6811344007423,433.160416133796,0,0,0,0,-17.7785917039457,-13.1446217453369,-4.01235708401021e-05,0.000134690854425211,2.4155162910362,0.508910725695855
2848,113.92,209.446817966562,8.36034089732374,-218.389176612669,-13.6811222207388,433.156775902646,0,0,0,0,-17.7785761012878,-13.14067658134,-4.01239948141645e-05,0.000134691575854608,2.40815347501193,0.508912284778947
2849,113.96,209.4465101131,8.35974317999392,-218.38524908517,-13.6811106933622,433.153126711638,0,0,0,0,-17.7785613439382,-13.1367163177964,-4.01244276243589e-05,0.000134692287424011,2.40062674042196,0.508913926868383
2850,114,209.446228662595,8.35917045886846,-218.38130899836,-13.6811015134915,433.149468715578,0,0,0,0,-17.7785496302468,-13.1327547797837,-4.0124861381743e-05,0.000134692996950113,2.39293659152543,0.508915576373899
2851,114.04,209.445984762466,8.35863485390884,-218.377356575425,-13.6810955850491,433.145802069032,0,0,0,0,-17.7785421334459,-13.128800939352,-4.01252892039381e-05,0.000134693711170535,2.38508354361599,0.508917184867369
2852,114.08,209.445784118645,8.35814262075372,-218.373392040628,-13.6810933878312,433.142126926351,0,0,0,0,-17.778539476946,-13.1248607724398,-4.01257207215408e-05,0.0001346944205326,2.37706812294254,0.508918731038335
2853,114.12,209.445629011012,8.35769632517715,-218.369415619372,-13.681095136499,433.138443441706,0,0,0,0,-17.7785419402031,-13.1209378244414,-4.01261698156432e-05,0.00013469511181668,2.36889086663078,0.508920209157199
2854,114.16,209.445518627776,8.35729519306994,-218.365427538595,-13.6811007958036,433.134751769105,0,0,0,0,-17.7785494782315,-13.1170330800728,-4.01266168768163e-05,0.000134695805798011,2.36055232263,0.508921614757299
2855,114.2,209.445448750725,8.35693475812008,-218.361428027171,-13.681110042652,433.131052062428,0,0,0,0,-17.7785616722889,-13.1131446577422,-4.01270313026958e-05,0.000134696533957907,2.35205304967414,0.508922935968522
2856,114.24,209.445411584413,8.3566066676808,-218.357417315972,-13.6811222427499,433.127344475455,0,0,0,0,-17.7785776995959,-13.1092676585618,-4.01274335815341e-05,0.000134697275442262,2.34339361726936,0.508924153524305
2857,114.28,209.44539702073,8.35630004591474,-218.353395637561,-13.6811365495122,433.123629161888,0,0,0,0,-17.7785964617393,-13.1053950458279,-4.01278685855589e-05,0.000134697983671703,2.33457460573059,0.508925246750717
2858,114.32,209.445396480906,8.35600565431238,-218.349363225638,-13.6811522231331,433.119906275364,0,0,0,0,-17.7786169987182,-13.1015205556154,-4.01283279052607e-05,0.000134698665121257,2.32559660623395,0.50892620083239
2859,114.36,209.445408177895,8.35572160244089,-218.345320314471,-13.6811690795291,433.116175969454,0,0,0,0,-17.7786390714875,-13.0976429137552,-4.01287662613476e-05,0.000134699364238814,2.31646022077044,0.508927012175157
2860,114.4,209.445439592437,8.35545604790675,-218.341267138492,-13.6811877146519,433.112438397674,0,0,0,0,-17.7786634530391,-13.0937679556239,-4.01291761776355e-05,0.00013470008896406,2.30716606193275,0.508927690775551
2861,114.44,209.445503660314,8.35522307742635,-218.337203932241,-13.6812091983817,433.10869371351,0,0,0,0,-17.7786915312593,-13.0899056750864,-4.01295881955158e-05,0.00013470080952799,2.29771475266247,0.508928259656268
2862,114.48,209.445610474668,8.35503371886757,-218.333130930632,-13.6812343840061,433.104942070438,0,0,0,0,-17.7787244130111,-13.0860637190798,-4.01300146538009e-05,0.000134701513912802,2.28810692615733,0.508928752205029
2863,114.52,209.445760134442,8.35488819251673,-218.329048369409,-13.6812633106133,433.101183621948,0,0,0,0,-17.7787621488042,-13.0822420098047,-4.01304393759689e-05,0.000134702218492733,2.27834322596125,0.508929208737754
2864,114.56,209.44594024378,8.35477320200224,-218.324956485606,-13.6812949941723,433.097418521556,0,0,0,0,-17.778803461847,-13.0784312899673,-4.01308521443619e-05,0.000134702934113829,2.26842430608401,0.508929673087728
2865,114.6,209.446127268721,8.35466339684477,-218.320855517902,-13.6813275330518,433.093646922829,0,0,0,0,-17.7788458851109,-13.0746146727318,-4.01312608650932e-05,0.000134703653654126,2.25835083104327,0.508930188929959
2866,114.64,209.446290259347,8.35452538593999,-218.316745706689,-13.6813583993039,433.0898689794,0,0,0,0,-17.7788861393422,-13.0707706158862,-4.0131678464125e-05,0.000134704364455335,2.24812347587812,0.508930795379894
2867,114.68,209.446397443432,8.35432486090521,-218.312627293583,-13.6813849688393,433.086084844949,0,0,0,0,-17.7789208208241,-13.0668775236415,-4.01321124055479e-05,0.000134705058751893,2.23774292619105,0.508931522315869
2868,114.72,209.446425855142,8.35403701926536,-218.308500520349,-13.6814053169424,433.082294673168,0,0,0,0,-17.778947433146,-13.0629201442016,-4.01325538761271e-05,0.000134705744987728,2.22720987815338,0.508932386394527
2869,114.76,209.4463705892,8.35365659621151,-218.304365627697,-13.6814189970304,433.078498617715,0,0,0,0,-17.7789653971086,-13.0588955079073,-4.01329828005852e-05,0.000134706443107444,2.21652503837648,0.508933388329068
2870,114.8,209.446247821127,8.35320114991661,-218.300222854653,-13.6814273063075,433.074696832171,0,0,0,0,-17.7789763951617,-13.0548147058879,-4.01333951616734e-05,0.000134707157123055,2.20568912365911,0.508934511712048
2871,114.84,209.446088594811,8.35270434084328,-218.29607243895,-13.6814327770975,433.070889470015,0,0,0,0,-17.7789837117583,-13.0506988259144,-4.01338024842956e-05,0.000134707875406046,2.19470286074666,0.508935724125296
2872,114.88,209.445927094706,8.3522032296784,-218.291914618184,-13.681438201393,433.067076684604,0,0,0,0,-17.7789909684256,-13.046571515123,-4.01342064814484e-05,0.00013470859598227,2.1835669862277,0.508936981803356
2873,114.92,209.445790798961,8.35172761391451,-218.287749631,-13.6814458131111,433.063258629158,0,0,0,0,-17.7790010631924,-13.042452588563,-4.0134608886774e-05,0.000134709316839892,2.17228224655508,0.508938238342313
2874,114.96,209.445696715983,8.35129596057643,-218.283577717681,-13.6814569836665,433.059435456754,0,0,0,0,-17.7790157754814,-13.0383551150282,-4.01350284375427e-05,0.000134710019099127,2.16084939809813,0.508939455486657
2875,115,209.445652316341,8.35091642762051,-218.279399120038,-13.681472311597,433.055607320356,0,0,0,0,-17.7790358820399,-13.0342854221224,-4.01354686183122e-05,0.000134710699297253,2.14926920715765,0.508940611849914
2876,115.04,209.445657584988,8.35058909454299,-218.27521408099,-13.6814918014105,433.051774372846,0,0,0,0,-17.7790613888015,-13.0302441656634,-4.01358977782546e-05,0.000134711389268219,2.13754244992056,0.50894170591981
2877,115.08,209.445705831539,8.3503068392625,-218.27102284427,-13.6815149305265,433.047936767073,0,0,0,0,-17.7790916177501,-13.0262268927733,-4.0136296125765e-05,0.000134712109201559,2.12566991236941,0.508942752581759
2878,115.12,209.445782981112,8.35005455881595,-218.266825654398,-13.6815405791933,433.044094655887,0,0,0,0,-17.7791251160703,-13.0222236008787,-4.01366859490505e-05,0.000134712837436651,2.11365239020974,0.50894377545627
2879,115.16,209.445867431294,8.34980899590946,-218.26262275668,-13.6815670001009,433.040248192165,0,0,0,0,-17.7791596167991,-13.0182186290255,-4.01370935852221e-05,0.000134713548363852,2.10149068889785,0.508944798845824
2880,115.2,209.445933897162,8.3495428880798,-218.258414396865,-13.6815921228679,433.036397528815,0,0,0,0,-17.7791924339216,-13.0141934949711,-4.01375185810154e-05,0.000134714243039548,2.08918562376016,0.508945842280521
2881,115.24,209.445962211983,8.34923449477979,-218.254200820435,-13.6816142811321,433.03254281877,0,0,0,0,-17.7792214056725,-13.010133490143,-4.01379463023242e-05,0.000134714936390898,2.07673802005601,0.508946918235854
2882,115.28,209.445946834471,8.34887789733695,-218.249982271912,-13.6816330059165,433.028684214963,0,0,0,0,-17.7792459237261,-13.0060347964965,-4.01383642626481e-05,0.000134715640949658,2.0641487128359,0.508948031705839
2883,115.32,209.44590021393,8.34848664817011,-218.245758994705,-13.6816493098548,433.02482187032,0,0,0,0,-17.7792673018326,-13.0019069506998,-4.01387710562853e-05,0.000134716358268336,2.0514185466185,0.508949180405729
2884,115.36,209.445846638614,8.3480871142996,-218.241531231601,-13.6816651818355,433.020955937751,0,0,0,0,-17.7792881201985,-12.9977682466587,-4.01391757114137e-05,0.000134717079671966,2.0385483750736,0.508950355751226
2885,115.4,209.445810018845,8.34770525691771,-218.237299225602,-13.6816825826226,433.017086570152,0,0,0,0,-17.7793109225708,-12.9936367358598,-4.01395811122168e-05,0.000134717802193506,2.02553906088427,0.508951545484019
2886,115.44,209.445803045621,8.34735490187511,-218.233063220608,-13.6817025560572,433.013213920412,0,0,0,0,-17.7793370632182,-12.989522182574,-4.0139981713249e-05,0.000134718530060472,2.01239147581365,0.508952737745479
2887,115.48,209.445823325154,8.34703355638256,-218.228823461671,-13.6817249109884,433.00933814143,0,0,0,0,-17.7793662942054,-12.9854230185558,-4.01403829501217e-05,0.000134719255532811,1.99910650088082,0.508953924756255
2888,115.52,209.445857276448,8.34672662114797,-218.224580194775,-13.6817485360612,433.005459386136,0,0,0,0,-17.7793971737084,-12.9813291293869,-4.0140800317458e-05,0.000134719961245642,1.98568502652024,0.508955104266934
2889,115.56,209.445888989145,8.34641697100845,-218.220333666302,-13.6817721230603,433.001577807498,0,0,0,0,-17.7794280044913,-12.9772286127414,-4.01412321822509e-05,0.000134720648563775,1.97212795262355,0.508956278579731
2890,115.6,209.445909541908,8.34609504158541,-218.216084122457,-13.6817949357546,432.997693558534,0,0,0,0,-17.7794578314323,-12.9731149987093,-4.01416511881609e-05,0.000134721345880903,1.95843618840257,0.50895745212509
2891,115.64,209.445921519332,8.34576372438084,-218.211831809035,-13.6818171883306,432.993806792317,0,0,0,0,-17.7794869324478,-12.9689906972206,-4.01420348116685e-05,0.000134722076905035,1.94461065209058,0.508958628579388
2892,115.68,209.445935407729,8.34543446722741,-218.207576971686,-13.6818397498042,432.989917661991,0,0,0,0,-17.7795164349453,-12.9648641132024,-4.01423993756984e-05,0.000134722825970926,1.93065227063628,0.508959808424234
2893,115.72,209.445960601953,8.34511753372828,-218.203319856428,-13.6818633961321,432.986026320785,0,0,0,0,-17.7795473455682,-12.9607426630533,-4.01427886810191e-05,0.000134723549523095,1.91656197960267,0.508960988006133
2894,115.76,209.445998928228,8.34481498577799,-218.199060710019,-13.6818882695414,432.982132922011,0,0,0,0,-17.7795798488076,-12.9566278298022,-4.01432187747324e-05,0.0001347242316269,1.90234072331317,0.508962160688354
2895,115.8,209.446046095446,8.34452225597037,-218.194799779956,-13.6819139996356,432.978237619068,0,0,0,0,-17.7796134641075,-12.952516406411,-4.01436487508122e-05,0.000134724913245025,1.8879894550293,0.508963319381509
2896,115.84,209.446098177847,8.34423517084465,-218.190537314258,-13.6819402441911,432.974340565452,0,0,0,0,-17.7796477473984,-12.9484056129243,-4.01440357553257e-05,0.000134725637241467,1.87350913690931,0.508964458660832
2897,115.88,209.446155681563,8.34395435262846,-218.18627356128,-13.6819670245658,432.970441914779,0,0,0,0,-17.7796827261833,-12.9442961778371,-4.01444027821234e-05,0.000134726380648761,1.85890073976135,0.508965575063427
2898,115.92,209.446221871893,8.34368340201851,-218.182008769592,-13.681994581343,432.96654182081,0,0,0,0,-17.7797187122738,-12.9401908771496,-4.01448000635368e-05,0.000134727093296761,1.8441652428343,0.508966665952651
2899,115.96,209.446298951498,8.3434247602381,-218.177743187744,-13.6820230584491,432.962640437453,0,0,0,0,-17.7797558920786,-12.9360915316567,-4.01452205314212e-05,0.000134727782249715,1.82930363379142,0.508967728754864
2900,116,209.446387001934,8.34317857525359,-218.173477063791,-13.6820524283004,432.958737918772,0,0,0,0,-17.7797942295781,-12.931998276648,-4.01456226298222e-05,0.000134728488904019,1.81431690876372,0.50896876174637
2901,116.04,209.446485833528,8.3429447207329,-218.169210644802,-13.6820826614027,432.954834418999,0,0,0,0,-17.7798336863752,-12.9279110689108,-4.01460070461431e-05,0.000134729212341476,1.79920607231126,0.508969765697522
2902,116.08,209.446596258739,8.34272417978581,-218.164944176614,-13.682113836991,432.950930092558,0,0,0,0,-17.7798743652413,-12.9238306346223,-4.01463987211698e-05,0.000134729927501958,1.78397213728873,0.508970744868867
2903,116.12,209.446719438392,8.3425183293006,-218.160677903995,-13.6821460809916,432.947025094078,0,0,0,0,-17.7799164296471,-12.919757890755,-4.01467946043187e-05,0.000134730637548981,1.76861612474356,0.508971706647332
2904,116.16,209.446856197373,8.34232818781067,-218.156412071129,-13.6821794977137,432.943119578405,0,0,0,0,-17.7799600150923,-12.915693414689,-4.01471844767665e-05,0.000134731353020573,1.75313906387778,0.508972660042099
2905,116.2,209.447007373124,8.34215478129089,-218.152146922284,-13.6822141864937,432.939213700611,0,0,0,0,-17.7800052505659,-12.9116377292372,-4.01475741592297e-05,0.00013473206847584,1.73754199199612,0.508973613558443
2906,116.24,209.447174211172,8.34199955904014,-218.147882702416,-13.682250261466,432.935307616014,0,0,0,0,-17.780052284077,-12.9075915766999,-4.01479659651912e-05,0.000134732781873587,1.72182595442014,0.508974573168677
2907,116.28,209.44735831309,8.34186433090277,-218.143619657449,-13.6822878405564,432.931401480192,0,0,0,0,-17.7801012683402,-12.9035558487848,-4.01483567581035e-05,0.000134733496417385,1.70599200441135,0.508975541288853
2908,116.32,209.447561662083,8.34175130069031,-218.139358034108,-13.6823270535034,432.927495449004,0,0,0,0,-17.7801523712163,-12.89953160573,-4.01487472891068e-05,0.000134734211205299,1.69004120310689,0.508976517296563
2909,116.36,209.447786811624,8.34166328398477,-218.135098079407,-13.6823680715483,432.923589678595,0,0,0,0,-17.7802058143103,-12.8955202072168,-4.01491368105811e-05,0.000134734926666709,1.67397461944596,0.508977499251439
2910,116.4,209.44803695642,8.34160379692744,-218.1308400401,-13.6824111258257,432.919684325418,0,0,0,0,-17.7802618969166,-12.8915233258912,-4.01495243657478e-05,0.000134735643402683,1.65779333009145,0.508978485758333
2911,116.44,209.448315952753,8.34157708183891,-218.126584162384,-13.6824565129535,432.915779546252,0,0,0,0,-17.7803210032951,-12.8875429138215,-4.01499114816989e-05,0.000134736359646846,1.6414984193558,0.508979476906642
2912,116.48,209.448628395949,8.34158818611805,-218.122330691914,-13.6825045964769,432.911875498222,0,0,0,0,-17.780383604494,-12.8835812055969,-4.01502986019843e-05,0.000134737074883817,1.62509097912608,0.508980474124721
2913,116.52,209.448979675023,8.34164301522828,-218.118079873963,-13.6825558050589,432.907972338817,0,0,0,0,-17.7804502559466,-12.8796407022602,-4.01506860769882e-05,0.000134737788790976,1.60857210878712,0.508981479811046
2914,116.56,209.449375965745,8.3417483240288,-218.113831953592,-13.6826106306049,432.904070225914,0,0,0,0,-17.7805215950229,-12.875724124255,-4.01510742426379e-05,0.000134738501073088,1.59194291514389,0.508982497443652
2915,116.6,209.449824123234,8.34191160169242,-218.109587175857,-13.6826696203936,432.900169317792,0,0,0,0,-17.7805983308337,-12.871834321927,-4.01514620674193e-05,0.000134739212779857,1.5752045123411,0.508983531835012
2916,116.64,209.450331322595,8.3421406822387,-218.105345786204,-13.6827333466027,432.896269773163,0,0,0,0,-17.7806812047251,-12.8679740702466,-4.01518486041975e-05,0.000134739924867273,1.55835802177874,0.508984588966199
2917,116.68,209.450904212122,8.34244282907447,-218.101108031049,-13.682802337103,432.8923717512,0,0,0,0,-17.7807709005875,-12.8641456553496,-4.01522331455368e-05,0.000134740638121637,1.5414045720242,0.508985675540663
2918,116.72,209.451547199275,8.34282288775172,-218.096874158552,-13.682876941489,432.888475411564,0,0,0,0,-17.7808678712787,-12.8603501102524,-4.01526152191436e-05,0.000134741353230959,1.52434529872027,0.508986798474988
2919,116.76,209.452259300944,8.34327989186204,-218.092644419727,-13.6829570856262,432.884580914435,0,0,0,0,-17.7809720205943,-12.8565858780902,-4.01529942356503e-05,0.000134742071013354,1.50718134448857,0.508987963658337
2920,116.8,209.453029004656,8.34380152067538,-218.088419069991,-13.6830418665679,432.88068842054,0,0,0,0,-17.7810821783102,-12.8528466543781,-4.01533673274845e-05,0.000134742794289866,1.48991385883247,0.508989172817434
2921,116.84,209.453827265716,8.34435654078308,-218.084198370981,-13.6831289952698,432.876798091184,0,0,0,0,-17.7811953778558,-12.8491184005733,-4.0153730818152e-05,0.000134743526349405,1.47254399805863,0.508990417904277
2922,116.88,209.454600667799,8.34488741734389,-218.079982591822,-13.6832142459913,432.872910088269,0,0,0,0,-17.7813061425031,-12.8453763617255,-4.01540885892077e-05,0.000134744262938335,1.45507292525203,0.508991674001869
2923,116.92,209.455269814223,8.34530856093366,-218.075772008409,-13.6832913125964,432.869024574295,0,0,0,0,-17.7814062987935,-12.8415842183767,-4.01544565958239e-05,0.000134744988101025,1.43750181033547,0.508992894685879
2924,116.96,209.455740238321,8.34551808187505,-218.071566899019,-13.6833526568346,432.8651417123,0,0,0,0,-17.781486075692,-12.8376985590509,-4.01548494406312e-05,0.00013474568750422,1.41983183022753,0.508994016755396
2925,117,209.455929642169,8.34542719092164,-218.067367536019,-13.6833916784971,432.861261665763,0,0,0,0,-17.7815369175134,-12.833681125074,-4.01552620496778e-05,0.000134746366415026,1.40206416901947,0.508994979288729
2926,117.04,209.45580222386,8.3449972938735,-218.063174176363,-13.6834054921296,432.857384598479,0,0,0,0,-17.7815550836978,-12.8295154183727,-4.01556695963371e-05,0.00013474704961252,1.384200017885,0.508995751545008
2927,117.08,209.455387565262,8.34426041288981,-218.058987056121,-13.6833964659504,432.853510674444,0,0,0,0,-17.7815436440551,-12.8252157406829,-4.01560492588235e-05,0.000134747759752559,1.36624057457759,0.508996351784247
2928,117.12,209.454767925181,8.34330544317321,-218.054806393087,-13.6833711826787,432.849640057773,0,0,0,0,-17.7815111314308,-12.8208201278502,-4.0156404783632e-05,0.000134748493017901,1.34818704293929,0.50899683994986
2929,117.16,209.45404279083,8.34223984473168,-218.050632396201,-13.683337570329,432.845772912628,0,0,0,0,-17.7814678220133,-12.8163736595957,-4.01567570677674e-05,0.000134749228641067,1.33004063277796,0.508997287309251
2930,117.2,209.453295716053,8.34115383749828,-218.046465275771,-13.6833022488108,432.841909403137,0,0,0,0,-17.7814222959167,-12.8119144102266,-4.01571167683447e-05,0.00013474995623364,1.31180255993929,0.508997746636234
2931,117.24,209.45258053507,8.34010554254343,-218.042305249062,-13.6832694517538,432.838049693343,0,0,0,0,-17.7813800400339,-12.8074679126763,-4.01574851115325e-05,0.000134750674758007,1.29347404636452,0.508998242697739
2932,117.28,209.45192498636,8.33912492350602,-218.03815254068,-13.6832413436701,432.834193947205,0,0,0,0,-17.7813438595078,-12.8030486072901,-4.015786097764e-05,0.000134751385244061,1.27505632008977,0.5089987803758
2933,117.32,209.451339778024,8.33822358464216,-218.034007380553,-13.6832187546948,432.830342328629,0,0,0,0,-17.7813148302349,-12.7986634790508,-4.01582381236178e-05,0.000134752093634536,1.25655061517475,0.508999355653536
2934,117.36,209.450825588361,8.33740231986655,-218.029870001825,-13.683201731193,432.826495001513,0,0,0,0,-17.7812930125042,-12.7943148061419,-4.01586125316568e-05,0.000134752803705544,1.23795817159648,0.508999961761185
2935,117.4,209.450377780194,8.33665619382601,-218.025740639314,-13.6831899040934,432.822652129775,0,0,0,0,-17.7812779282808,-12.7900021008692,-4.01589850094259e-05,0.000134753514603313,1.21928023515009,0.509000591736984
2936,117.44,209.449989647513,8.33597804426562,-218.021619528481,-13.683182745669,432.818813877397,0,0,0,0,-17.7812688939127,-12.7857235982301,-4.01593555697663e-05,0.000134754226350292,1.2005180573477,0.509001239529524
2937,117.48,209.449654093171,8.33536028924582,-218.017506904815,-13.683179699716,432.814980408456,0,0,0,0,-17.7812651888029,-12.7814770532405,-4.01597246289576e-05,0.000134754938493949,1.1816728953159,0.509001900215249
2938,117.52,209.449364325694,8.33479567516183,-218.013403003517,-13.6831802331087,432.811151887158,0,0,0,0,-17.7812661222037,-12.7772601084181,-4.01600928487197e-05,0.000134755650274512,1.16274601170507,0.509002569670764
2939,117.56,209.449114208069,8.33427765009297,-218.009308059336,-13.6831838605478,432.80732847786,0,0,0,0,-17.7812710652691,-12.7730705296818,-4.01604598237312e-05,0.000134756362027363,1.143738674603,0.509003244024576
2940,117.6,209.448898362214,8.33380047581189,-218.005222306408,-13.6831901522825,432.803510345093,0,0,0,0,-17.7812794610685,-12.7689063045042,-4.01608252722511e-05,0.000134757074004795,1.12465215744843,0.509003919371202
2941,117.64,209.448712152737,8.33335921533272,-218.001145978011,-13.6831987381596,432.799697653575,0,0,0,0,-17.7812908298911,-12.7647656756673,-4.01611888699339e-05,0.000134757786496381,1.10548773894659,0.509004592191926
2942,117.68,209.448551658853,8.3329497085117,-217.997079306394,-13.6832093115064,432.795890568241,0,0,0,0,-17.7813047743441,-12.7606471724308,-4.01615511338493e-05,0.000134758498977444,1.08624670298452,0.509005259963452
2943,117.72,209.448413626695,8.33256851748276,-217.993022522853,-13.683221622188,432.792089254253,0,0,0,0,-17.7813209703401,-12.7565496177708,-4.01619134940426e-05,0.000134759210142729,1.06693033854545,0.509005920833008
2944,117.76,209.448295406892,8.33221284771094,-217.988975858049,-13.683235459782,432.788293877012,0,0,0,0,-17.7813391451958,-12.7524721130152,-4.01622759948154e-05,0.000134759920209364,1.04753993962308,0.509006572311373
2945,117.8,209.448194877586,8.33188045687777,-217.984939542193,-13.6832506392705,432.784504602172,0,0,0,0,-17.7813590590128,-12.7484140008158,-4.01626376098767e-05,0.000134760630387684,1.02807680513512,0.509007210383745
2946,117.84,209.448110351471,8.33156955923895,-217.980913804842,-13.6832669985735,432.780721595648,0,0,0,0,-17.7813805015166,-12.7443748128078,-4.01629994450219e-05,0.000134761339419823,1.00854223883671,0.509007830174889
2947,117.88,209.448040473648,8.33127872902216,-217.976898874376,-13.6832844046265,432.776945023628,0,0,0,0,-17.7814033000505,-12.740354213697,-4.01633616157696e-05,0.000134762046733691,0.98893754923325,0.509008427726918
2948,117.92,209.447984112621,8.33100679528535,-217.972894977486,-13.6833027577637,432.773175052586,0,0,0,0,-17.7814273253665,-12.7363519428928,-4.01637178397963e-05,0.000134762758206439,0.969264049493019,0.50900900160645
2949,117.96,209.447940267846,8.33075274693162,-217.968902338944,-13.6833219894284,432.769411849287,0,0,0,0,-17.7814524887027,-12.7323677668019,-4.01640689002487e-05,0.000134763472989325,0.949523057360279,0.509009553459484
2950,118,209.44790803334,8.3305156892284,-217.964921181763,-13.6833420549178,432.765655580793,0,0,0,0,-17.7814787323478,-12.7284014660908,-4.0164429680266e-05,0.000134764176385195,0.929715895069108,0.509010087321631
2951,118.04,209.447886619146,8.33029485679049,-217.960951727661,-13.683362924452,432.761906414469,0,0,0,0,-17.7815060179793,-12.7244528643745,-4.01647956677417e-05,0.00013476487305613,0.909843889255342,0.509010608030918
2952,118.08,209.447875305992,8.33008955437213,-217.956994197617,-13.683384568755,432.758164517992,0,0,0,0,-17.7815343078755,-12.7205218156168,-4.01651393729961e-05,0.000134765590478087,0.889908370861664,0.50901111948325
2953,118.12,209.447873172679,8.32989885596153,-217.953048812293,-13.6834069303443,432.754430059355,0,0,0,0,-17.7815635276272,-12.7166080029077,-4.01654695595872e-05,0.000134766319804355,0.869910675041607,0.509011623506858
2954,118.16,209.447878906831,8.32972139749494,-217.949115792204,-13.683429905332,432.750703206872,0,0,0,0,-17.7815935425275,-12.7127107422173,-4.01658275210023e-05,0.000134767019719406,0.849852141085786,0.509012119745392
2955,118.2,209.447891484055,8.32955611193314,-217.945195357656,-13.6834533994036,432.74698412918,0,0,0,0,-17.7816242301987,-12.7088294652372,-4.01662079299222e-05,0.000134767695633094,0.829734112367442,0.509012606335447
2956,118.24,209.447911386513,8.32940355322076,-217.941287728585,-13.6834774333599,432.743272995237,0,0,0,0,-17.7816556175063,-12.7049647705639,-4.01665630942337e-05,0.00013476839539496,0.809557936241034,0.509013080725856
2957,118.28,209.447940123745,8.3292653876014,-217.93739312441,-13.6835021137745,432.739569974328,0,0,0,0,-17.7816878425306,-12.7011182139186,-4.0166883328059e-05,0.0001347691288546,0.789324963862283,0.50901354014921
2958,118.32,209.447977109485,8.32914102127369,-217.933511763866,-13.6835273840018,432.73587523608,0,0,0,0,-17.7817208316447,-12.6972898111706,-4.01672076960288e-05,0.000134769857024747,0.769036550046259,0.509013981837752
2959,118.36,209.448017388181,8.32902513847345,-217.929643864796,-13.6835528359612,432.732188950465,0,0,0,0,-17.7817540553956,-12.6934759900231,-4.01675648716265e-05,0.000134770551157316,0.748694053289528,0.509014403296175
2960,118.4,209.448054517805,8.32891081037616,-217.925789643906,-13.683577936451,432.728511287786,0,0,0,0,-17.7817868220393,-12.689671742357,-4.01679411634504e-05,0.000134771224686011,0.728298835861929,0.509014802637244
2961,118.44,209.44808713411,8.32879658628928,-217.921949316605,-13.6836025542392,432.724842418665,0,0,0,0,-17.7818189612332,-12.6858760085902,-4.01683046917669e-05,0.000134771909047422,0.707852263732933,0.509015178763664
2962,118.48,209.448122429455,8.32869025568213,-217.918123096971,-13.6836272433026,432.721182514047,0,0,0,0,-17.7818511914505,-12.6820946638528,-4.01686434035191e-05,0.000134772615751667,0.687355706272542,0.509015531303446
2963,118.52,209.448172037112,8.32860440928526,-217.914311197818,-13.6836529195641,432.717531745209,0,0,0,0,-17.7818847006855,-12.6783372819893,-4.01689705549567e-05,0.000134773331112976,0.666810535926004,0.509015860442621
2964,118.56,209.448242980866,8.32854667137886,-217.910513830774,-13.6836801435111,432.713890283772,0,0,0,0,-17.7819202159075,-12.6746098437153,-4.01693008365947e-05,0.000134774040317176,0.646218128078444,0.509016166980015
2965,118.6,209.448330763299,8.32851223888591,-217.906731206279,-13.6837085710098,432.710258301702,0,0,0,0,-17.7819572906673,-12.6709091352157,-4.01696369449887e-05,0.000134774740863439,0.625579861139954,0.509016452824313
2966,118.64,209.448419737175,8.3284842784429,-217.90296353348,-13.6837369790971,432.70663597131,0,0,0,0,-17.7819943385553,-12.6672230410594,-4.01699785385301e-05,0.000134775433538519,0.604897116707515,0.509016721641871
2967,118.68,209.448490528613,8.32844192998219,-217.89921102003,-13.6837638465796,432.70302346524,0,0,0,0,-17.7820293863616,-12.6635364998196,-4.01703272329232e-05,0.0001347761173751,0.584171279632891,0.509016978924634
2968,118.72,209.448530262884,8.32837133476147,-217.895473871878,-13.6837881564631,432.699420956464,0,0,0,0,-17.7820611149597,-12.6598395709885,-4.01706780205211e-05,0.000134776798059167,0.563403737922459,0.509017230805432
2969,118.76,209.448540088764,8.32827375458797,-217.891752293167,-13.6838099909125,432.695828618255,0,0,0,0,-17.7820896310213,-12.6561332908263,-4.01710180270857e-05,0.000134777488762065,0.542595882481366,0.50901748138034
2970,118.8,209.448535568407,8.32816599609131,-217.888046486403,-13.683830565456,432.692246624175,0,0,0,0,-17.7821165113467,-12.6524299573542,-4.01713420030148e-05,0.000134778194358585,0.52174910677956,0.509017729248483
2971,118.84,209.448539576264,8.32807275042521,-217.884356652832,-13.6838516693965,432.688675148067,0,0,0,0,-17.7821440769999,-12.6487475725435,-4.01716642979159e-05,0.000134778899751119,0.500864806591574,0.509017965455903
2972,118.88,209.448572564166,8.3280160934638,-217.880682992778,-13.6838749005679,432.685114364048,0,0,0,0,-17.782174400692,-12.6451022107995,-4.01720027885495e-05,0.000134779586627225,0.479944379918929,0.509018175417851
2973,118.92,209.448646233504,8.32800866698976,-217.877025705802,-13.6839011741943,432.68156444651,0,0,0,0,-17.7822086696593,-12.6415030126768,-4.01723514078804e-05,0.000134780261198815,0.458989227040261,0.50901834508494
2974,118.96,209.448762414022,8.32805247549818,-217.873384990769,-13.6839306408363,432.678025570129,0,0,0,0,-17.7822470791416,-12.6379513059123,-4.0172688417548e-05,0.000134780945520338,0.438000750537999,0.509018468275977
2975,119,209.448914265554,8.32814018099026,-217.869761045946,-13.6839627793705,432.67449790988,0,0,0,0,-17.7822889529674,-12.6344417101584,-4.01730095184799e-05,0.000134781643955966,0.416980355219591,0.509018551189715
2976,119.04,209.449086825951,8.32825568765544,-217.866154069049,-13.68399643372,432.670981641065,0,0,0,0,-17.7823327913016,-12.6309627980142,-4.01733273399501e-05,0.000134782343733325,0.395929447997415,0.509018612245608
2977,119.08,209.449257492465,8.32837465775841,-217.862564257044,-13.6840298475611,432.667476939312,0,0,0,0,-17.7823763158439,-12.6274976133871,-4.01736489808313e-05,0.000134783037590897,0.374849437836772,0.509018678013659
2978,119.12,209.449399260792,8.32846800575486,-217.858991805701,-13.6840609198369,432.663983980575,0,0,0,0,-17.7824168014037,-12.624026197653,-4.0173977865957e-05,0.000134783721956496,0.353741735780203,0.50901877711221
2979,119.16,209.449487923627,8.32850966028399,-217.855436909102,-13.6840877686578,432.660502941103,0,0,0,0,-17.7824518073217,-12.6205309791795,-4.01743165635578e-05,0.000134784394141986,0.33260775495013,0.509018933854659
2980,119.2,209.449510897546,8.32848607625655,-217.851899759316,-13.6841094167883,432.657033997394,0,0,0,0,-17.7824800663869,-12.6170031210566,-4.01746548035736e-05,0.00013478506437807,0.31144891043647,0.509019162938654
2981,119.24,209.44947299219,8.32840244821255,-217.848380546384,-13.684126235794,432.653577326156,0,0,0,0,-17.7825020606411,-12.6134464446523,-4.01749794064636e-05,0.000134785745856688,0.290266619059176,0.509019465938389
2982,119.28,209.449395100352,8.32828129514873,-217.844879458624,-13.6841398404479,432.650133104275,0,0,0,0,-17.7825198843282,-12.6098763749376,-4.01752941295458e-05,0.000134786434773751,0.269062299077337,0.509019830108516
2983,119.32,209.449305799338,8.32815340822795,-217.841396683052,-13.6841524346267,432.646701508788,0,0,0,0,-17.7825363956988,-12.6063140601157,-4.01756098800349e-05,0.000134787120053774,0.247837369960658,0.509020230046145
2984,119.36,209.449230738622,8.32804641749857,-217.8379324057,-13.6841659900403,432.643282716864,0,0,0,0,-17.7825541520638,-12.60277889562,-4.01759258343664e-05,0.000134787802164504,0.226593252303003,0.509020632369217
2985,119.4,209.449185725788,8.32797735095696,-217.834486811648,-13.6841817193028,432.639876905782,0,0,0,0,-17.7825747264106,-12.5992833906408,-4.01762349455474e-05,0.000134788487454821,0.205331367841331,0.509021002352495
2986,119.44,209.449175531615,8.32795135654392,-217.831060084846,-13.6841999930194,432.636484252936,0,0,0,0,-17.7825985997035,-12.5958318624985,-4.01765413648249e-05,0.000134789170728981,0.184053139480291,0.509021310178341
2987,119.48,209.449196706875,8.32796473459385,-217.827652407946,-13.6842205556128,432.633104935839,0,0,0,0,-17.7826254406488,-12.5924220792373,-4.01768587820736e-05,0.000134789837416738,0.162759991284842,0.509021534413433
2988,119.52,209.449242585856,8.32801031624077,-217.824263962338,-13.6842429001797,432.629739132133,0,0,0,0,-17.7826545918423,-12.5890489522554,-4.01771862500925e-05,0.000134790488582687,0.141453348447877,0.509021662005401
2989,119.56,209.449308961807,8.32808357015402,-217.820894928345,-13.6842666995876,432.626387019586,0,0,0,0,-17.7826856289476,-12.5857092110724,-4.01775024105586e-05,0.000134791146984982,0.120134637183015,0.509021686276428
2990,119.6,209.449397582076,8.32818636848562,-217.817545485391,-13.684292077117,432.623048776099,0,0,0,0,-17.7827187117497,-12.582404373785,-4.01777995186722e-05,0.000134791822305033,0.0988052845041579,0.509021605170094
2991,119.64,209.449515063718,8.32832582124229,-217.814215811936,-13.6843195252937,432.619724579706,0,0,0,0,-17.7827544788492,-12.5791397440394,-4.01780981925632e-05,0.000134792495323099,0.0774667179844605,0.509021420933369
2992,119.68,209.449668407442,8.32850944711564,-217.810906085168,-13.6843495630891,432.616414608583,0,0,0,0,-17.7827936030199,-12.5759205658317,-4.01784110958706e-05,0.000134793153893285,0.0561203656235403,0.509021140813021
2993,119.72,209.449860936856,8.32874080668618,-217.807616480638,-13.684382430243,432.613119041051,0,0,0,0,-17.7828363947749,-12.5727487354335,-4.0178725947888e-05,0.000134793810260851,0.0347676558288364,0.509020777727453
2994,119.76,209.45009101745,8.3290181334166,-217.80434717208,-13.6844179994566,432.60983805557,0,0,0,0,-17.7828826885572,-12.5696220264056,-4.01790335858877e-05,0.000134794473149484,0.0134100174026045,0.509020350496895
2995,119.8,209.450352298124,8.3293346001168,-217.801098331573,-13.6844558011723,432.606571830752,0,0,0,0,-17.782931874973,-12.5665347228282,-4.01793372299581e-05,0.000134795138373552,-0.00795112054792494,0.50901988398236
2996,119.84,209.45063293959,8.32967748266402,-217.797870130011,-13.6844949584221,432.603320545359,0,0,0,0,-17.7829828164232,-12.5634776092831,-4.01796360529861e-05,0.000134795805572,-0.0293143287454352,0.509019409350911
2997,119.88,209.450913498341,8.33002586762071,-217.794662737629,-13.6845340099587,432.600084378308,0,0,0,0,-17.7830336178824,-12.5604369850526,-4.01799276091332e-05,0.000134796476463575,-0.0506781778423318,0.509018963860865
2998,119.92,209.451165885513,8.33034951732482,-217.791476324221,-13.6845708162389,432.596863508648,0,0,0,0,-17.7830815050848,-12.557394185502,-4.01802195953968e-05,0.000134797143300147,-0.0720412384449386,0.50901858890041
2999,119.96,209.451356700442,8.33061245057019,-217.788311058831,-13.684602806836,432.593658115538,0,0,0,0,-17.7831231453256,-12.5543276350086,-4.01805235990205e-05,0.000134797794729352,-0.0934020810705587,0.509018325157629
3000,120,209.45145650355,8.33078292811276,-217.785167108927,-13.6846276938197,432.590468378185,0,0,0,0,-17.7831555723091,-12.5512185809094,-4.01808397487415e-05,0.000134798430813157,-0.114759276109277,0.509018205134944
3001,120.04,209.451451976729,8.33084655996915,-217.782044639415,-13.6846444196041,432.587294475779,0,0,0,0,-17.7831774149227,-12.548058754803,-4.01811528184436e-05,0.000134799066887242,-0.136111393923829,0.509018245181993
3002,120.08,209.451353250792,8.33081421252461,-217.778943811964,-13.6846537372058,432.584136587437,0,0,0,0,-17.7831896494199,-12.5448549273352,-4.01814489922246e-05,0.000134799716788935,-0.157457005148314,0.50901844015479
3003,120.12,209.451190004439,8.33071781151519,-217.775864785094,-13.6846579141338,432.580994892151,0,0,0,0,-17.7831952154914,-12.5416262314906,-4.01817327663464e-05,0.000134800375946098,-0.178794681041704,0.509018763026305
3004,120.16,209.450998451253,8.33059631687232,-217.772807714943,-13.6846597194244,432.577869568748,0,0,0,0,-17.7831977031168,-12.5383959627552,-4.0182016658644e-05,0.000134801031743331,-0.200122993676087,0.509019170299085
3005,120.2,209.450808720472,8.33048212285449,-217.769772756153,-13.684661442074,432.574760795844,0,0,0,0,-17.7832000801928,-12.5351840168772,-4.0182304528231e-05,0.000134801680272217,-0.221440515919608,0.509019612443216
3006,120.24,209.450640079073,8.33039591947254,-217.766760062261,-13.684664529946,432.571668751807,0,0,0,0,-17.7832042244456,-12.5320041879511,-4.01825953123825e-05,0.000134802322588188,-0.242745821374075,0.509020046317128
3007,120.28,209.450502996383,8.33034893472221,-217.763769785507,-13.6846697675783,432.568593614746,0,0,0,0,-17.783211153824,-12.5288652716089,-4.01828868761975e-05,0.000134802960818736,-0.264037484416242,0.50902044454135
3008,120.32,209.450402427861,8.33034648274982,-217.760802076488,-13.6846775409081,432.565535562507,0,0,0,0,-17.7832213695168,-12.5257725382821,-4.01831715653412e-05,0.000134803602577172,-0.285314080333328,0.50902079757325
3009,120.36,209.450339393659,8.33038965864657,-217.757857084072,-13.6846879535985,432.562494772683,0,0,0,0,-17.7832350065939,-12.5227281395752,-4.01834466688591e-05,0.000134804250522646,-0.306574185450511,0.509021108283779
3010,120.4,209.450311958322,8.3304763784721,-217.754934955622,-13.6847008871365,432.559471422609,0,0,0,0,-17.7832519118079,-12.5197315125838,-4.0183726370963e-05,0.000134804890477515,-0.327816377203411,0.509021383090229
3011,120.44,209.45031707364,8.33060335110881,-217.752035837286,-13.6847161295462,432.556465689364,0,0,0,0,-17.7832718104724,-12.5167808131009,-4.01840213665223e-05,0.000134805511819063,-0.349039234197544,0.509021624730479
3012,120.48,209.450352730096,8.33076839293866,-217.749159874114,-13.6847335384934,432.553477749765,0,0,0,0,-17.7832945180406,-12.5138748096308,-4.01843154125424e-05,0.000134806130816464,-0.370241336317241,0.509021829439196
3013,120.52,209.450418370975,8.33097088178681,-217.746307209985,-13.6847530811989,432.550507780372,0,0,0,0,-17.7833199919505,-12.5110134466777,-4.01845887659884e-05,0.0001348067670925,-0.391421264903607,0.509021988240873
3014,120.56,209.450512117644,8.33120877728791,-217.743477987424,-13.6847746297086,432.547555957489,0,0,0,0,-17.7833480661474,-12.5081957092725,-4.01848493230211e-05,0.000134807412507245,-0.412577602940357,0.509022090400829
3015,120.6,209.450626168091,8.3314736650175,-217.740672347486,-13.6847976066013,432.544622457161,0,0,0,0,-17.78337799158,-12.5054158573186,-4.01851149049387e-05,0.000134808048974295,-0.433708935142597,0.509022126808501
3016,120.64,209.450744364189,8.33174812684057,-217.737890429789,-13.684820788031,432.541707455168,0,0,0,0,-17.7834081807476,-12.5026614238047,-4.01853887563497e-05,0.000134808673036232,-0.454813847915085,0.509022091651371
3017,120.68,209.450845278253,8.33200905313747,-217.735132372596,-13.6848425292901,432.538811127001,0,0,0,0,-17.7834365002721,-12.4999157376577,-4.01856679044427e-05,0.000134809287570324,-0.475890929268625,0.509021982035597
3018,120.72,209.450910329163,8.3322363782287,-217.732398312725,-13.6848613841663,432.535933647826,0,0,0,0,-17.7834610742319,-12.4971644115215,-4.01859494048062e-05,0.000134809895621384,-0.496938768824137,0.509021796623244
3019,120.76,209.450932525696,8.33242250255755,-217.729688385218,-13.6848767840901,432.533075192447,0,0,0,0,-17.7834811650491,-12.4944021722113,-4.01862261314438e-05,0.000134810504670844,-0.517955957971656,0.509021534777838
3020,120.8,209.450920343017,8.33257648102052,-217.727002722939,-13.684889350332,432.530235935268,0,0,0,0,-17.7834975784439,-12.4916357955823,-4.01864941245019e-05,0.000134811119208113,-0.538941090153065,0.509021196897443
3021,120.84,209.450893867307,8.33271988146578,-217.724341456482,-13.6849006079375,432.527416050261,0,0,0,0,-17.7835122924437,-12.4888810771732,-4.01867567695183e-05,0.000134811736235913,-0.55989276115474,0.5090207855193
3022,120.88,209.450875267176,8.3328765233332,-217.721704714459,-13.6849122526382,432.524615710939,0,0,0,0,-17.7835275065631,-12.4861554971762,-4.01870151003924e-05,0.000134812354593897,-0.580809569285574,0.509020306403731
3023,120.92,209.450879311869,8.33306225979043,-217.719092623932,-13.6849254143271,432.521835090338,0,0,0,0,-17.7835446864417,-12.4834708564238,-4.018726719794e-05,0.000134812975557912,-0.601690115399512,0.509019769113052
3024,120.96,209.450909048682,8.33328031643328,-217.716505310613,-13.6849403181299,432.519074360992,0,0,0,0,-17.7835641241011,-12.4808297287022,-4.0187520067624e-05,0.000134813591413251,-0.622533002825329,0.509019186707618
3025,121,209.450957872644,8.33352351669982,-217.713942898685,-13.6849564402981,432.516333694926,0,0,0,0,-17.7835851400611,-12.478226903931,-4.01877863396853e-05,0.000134814189124466,-0.643336837304022,0.509018573956669
3026,121.04,209.451015791778,8.33378102876242,-217.711405510359,-13.6849729902656,432.513613263639,0,0,0,0,-17.7836067086612,-12.4756543902445,-4.01880622847829e-05,0.000134814772248925,-0.664100227006685,0.509017943981568
3027,121.08,209.451076307041,8.33404578236892,-217.708893265328,-13.6849894480925,432.510913238093,0,0,0,0,-17.7836281553175,-12.4731070960874,-4.01883239997444e-05,0.000134815364565623,-0.684821782667915,0.509017304586448
3028,121.12,209.451140126518,8.33431848375804,-217.706406280283,-13.6850058656524,432.508233788695,0,0,0,0,-17.7836495473029,-12.4705858788765,-4.0188560460326e-05,0.000134815977076292,-0.705500117820923,0.509016656034489
3029,121.16,209.451213498008,8.33460582853382,-217.70394466873,-13.6850227470865,432.505575085291,0,0,0,0,-17.783671538705,-12.4680960469446,-4.01887953911999e-05,0.000134816586254735,-0.72613384903541,0.509015991097242
3030,121.2,209.45130302966,8.33491491615549,-217.701508541255,-13.6850406423819,432.502937297141,0,0,0,0,-17.7836948432052,-12.4656429922484,-4.01890520737436e-05,0.000134817169142263,-0.746721596030661,0.509015297241201
3031,121.24,209.45141198689,8.33524924733823,-217.699098006122,-13.6850598472307,432.500320592905,0,0,0,0,-17.7837198446786,-12.4632291824009,-4.01893160701819e-05,0.000134817740434247,-0.767261981657148,0.509014560402102
3032,121.28,209.451540895737,8.33560936589038,-217.696713169957,-13.6850804408136,432.497725140617,0,0,0,0,-17.7837466461024,-12.4608547814303,-4.01895635186339e-05,0.000134818324132262,-0.78775363188624,0.509013768981583
3033,121.32,209.451690223984,8.33599574230623,-217.69435413837,-13.685102487632,432.49515110768,0,0,0,0,-17.7837753312643,-12.4585198913302,-4.0189800402338e-05,0.000134818914298521,-0.808195175913607,0.50901291579927
3034,121.36,209.451861632134,8.33641011272722,-217.692021016431,-13.6851261250158,432.492598660853,0,0,0,0,-17.7838060782096,-12.4562254683251,-4.0190042982331e-05,0.00013481949460517,-0.828585246316308,0.509011996547741
3035,121.4,209.452057538834,8.33685500402242,-217.689713908856,-13.6851515225732,432.490067966241,0,0,0,0,-17.7838391066179,-12.4539728395143,-4.01902891273456e-05,0.000134820067007547,-0.848922479163256,0.509011005903876
3036,121.44,209.452280774113,8.33733336579454,-217.687432919781,-13.6851788611805,432.48755918928,0,0,0,0,-17.7838746505616,-12.4517633524564,-4.01905316606447e-05,0.000134820638516103,-0.869205514087939,0.509009934480253
3037,121.48,209.452534742928,8.33784876263322,-217.68517815217,-13.6852083622639,432.485072494728,0,0,0,0,-17.7839129965613,-12.449598460162,-4.01907716693551e-05,0.000134821208003025,-0.889432994376176,0.509008769330854
3038,121.52,209.452823365323,8.33840532584962,-217.682949707173,-13.685240300011,432.482608046658,0,0,0,0,-17.7839544995541,-12.4474796775517,-4.01910103134652e-05,0.000134821774366175,-0.909603567067019,0.509007498277681
3039,121.56,209.453150604644,8.3390072535095,-217.68074768387,-13.6852749734391,432.480166008443,0,0,0,0,-17.7839995467681,-12.4454083415075,-4.01912472670402e-05,0.000134822337950005,-0.929715883050026,0.509006116033306
3040,121.6,209.453519547867,8.33965781732581,-217.678572179591,-13.6853126326191,432.477746542752,0,0,0,0,-17.7840484620546,-12.443385160415,-4.01914832640223e-05,0.000134822897944764,-0.949768597171478,0.509004629714046
3041,121.64,209.453930427258,8.340357223877,-217.676423290676,-13.6853533174805,432.475349811538,0,0,0,0,-17.7841012968444,-12.4414091257203,-4.01917172612647e-05,0.000134823455336392,-0.96976036835328,0.509003062730754
3042,121.68,209.454377152495,8.34109887752565,-217.674301113326,-13.6853965877371,432.472975976033,0,0,0,0,-17.7841574800414,-12.4394756241923,-4.01919466070383e-05,0.000134824012875123,-0.98968985970457,0.509001457169282
3043,121.72,209.454842778632,8.3418645055775,-217.67220574432,-13.6854411793702,432.470625196745,0,0,0,0,-17.7842153728323,-12.4375741195596,-4.01921683101978e-05,0.000134824573751259,-1.00955573861031,0.508999874025169
3044,121.76,209.455295410372,8.34261974916871,-217.670137281454,-13.6854846907835,432.468297633441,0,0,0,0,-17.7842718619673,-12.4356861200054,-4.01923827455393e-05,0.000134825137625736,-1.02935667677687,0.508998389369721
3045,121.8,209.455687781017,8.3433136964735,-217.66809582332,-13.685523537258,432.465993445121,0,0,0,0,-17.7843223007131,-12.4337849775577,-4.01925995432591e-05,0.000134825694564606,-1.04909135019869,0.508997085256168
3046,121.84,209.455964843731,8.34388703479596,-217.66608146781,-13.6855535132189,432.463712789964,0,0,0,0,-17.784361237591,-12.4318399266205,-4.01928311554793e-05,0.000134826231664962,-1.06875843904787,0.50899603677081
3047,121.88,209.456080728506,8.34429029656632,-217.664094309226,-13.6855710840774,432.461455825244,0,0,0,0,-17.7843840908591,-12.429825437755,-4.01930767291624e-05,0.000134826749599507,-1.08835662759891,0.508995298568856
3048,121.92,209.456018529452,8.34450517406746,-217.662134434966,-13.6855749168959,432.459222707246,0,0,0,0,-17.7843891326295,-12.4277323386309,-4.0193318305263e-05,0.000134827266577872,-1.10788460437128,0.508994894017865
3049,121.96,209.455799926516,8.34455489765568,-217.660201923609,-13.685566638714,432.457013591184,0,0,0,0,-17.7843784717941,-12.4255729825958,-4.01935398581226e-05,0.000134827799017665,-1.12734106252807,0.508994808619408
3050,122,209.455476046115,8.34449440058399,-217.658296845774,-13.6855501398312,432.454828631136,0,0,0,0,-17.7843571508444,-12.4233756818819,-4.01937459248369e-05,0.000134828342567673,-1.1467247002925,0.508994989088466
3051,122.04,209.455105381413,8.34438653961043,-217.656419267241,-13.6855298709434,432.452667979987,0,0,0,0,-17.784330938688,-12.4211725427659,-4.01939507210384e-05,0.00013482888292567,-1.16603422111686,0.508995350894105
3052,122.08,209.454734332361,8.34428114355497,-217.654569252322,-13.685509348239,432.450531789368,0,0,0,0,-17.784304393185,-12.4189894487874,-4.01941597663547e-05,0.000134829414333768,-1.18526833361142,0.508995796082459
3053,122.12,209.4543905192,8.34420782706778,-217.652746865693,-13.6854906517805,432.448420209606,0,0,0,0,-17.7842802110281,-12.4168428082565,-4.01943726617698e-05,0.000134829936989132,-1.20442575143691,0.508996236627065
3054,122.16,209.454086391107,8.34417988901581,-217.650952172507,-13.6854747151084,432.446333389707,0,0,0,0,-17.7842596029648,-12.4147412467322,-4.01945881287082e-05,0.000134830452159365,-1.22350519330676,0.508996612252764
3055,122.2,209.453825205506,8.34420075291558,-217.649185237704,-13.6854617870574,432.444271477352,0,0,0,0,-17.7842428922223,-12.4126883396028,-4.0194802674081e-05,0.000134830963448451,-1.2425053830875,0.508996894427744
3056,122.24,209.45360529198,8.34426855369506,-217.647446125298,-13.6854517553096,432.442234618892,0,0,0,0,-17.7842299338379,-12.4106846091704,-4.01950141686492e-05,0.000134831473030221,-1.26142504991546,0.508997078082396
3057,122.28,209.453422816989,8.34437910939395,-217.645734898024,-13.6854443537339,432.440222959353,0,0,0,0,-17.7842203834109,-12.4087290193368,-4.01952221769827e-05,0.000134831981284747,-1.28026292829875,0.50899716926548
3058,122.32,209.453273601744,8.34452786753386,-217.644051617399,-13.6854392908146,432.438236642424,0,0,0,0,-17.7842138635382,-12.4068201095375,-4.0195425789729e-05,0.000134832489057361,-1.29901775821914,0.508997175847157
3059,122.36,209.453154008846,8.34471084239786,-217.642396344045,-13.6854362999664,432.436275810459,0,0,0,0,-17.7842100289472,-12.4049565903076,-4.01956278629147e-05,0.000134832993444056,-1.31768828523263,0.508997103728968
3060,122.4,209.453061160334,8.34492483932647,-217.640769137824,-13.6854351456341,432.434340604466,0,0,0,0,-17.7842085743367,-12.4031374975486,-4.01958331919399e-05,0.000134833489570381,-1.33627326056339,0.50899695739458
3061,122.44,209.45299274903,8.34516725790164,-217.639170057517,-13.6854356154481,432.432431164093,0,0,0,0,-17.7842092242428,-12.4013620488429,-4.01960370389439e-05,0.000134833982065592,-1.35477144119468,0.508996742057193
3062,122.48,209.452946632497,8.34543567246688,-217.637599160084,-13.6854375075083,432.430547627623,0,0,0,0,-17.7842117166806,-12.3996293428636,-4.01962294968276e-05,0.000134834480800474,-1.37318158995293,0.508996464884031
3063,122.52,209.452920585998,8.34572758253161,-217.636056499902,-13.6854406285978,432.428690131966,0,0,0,0,-17.7842158009712,-12.397938202014,-4.01964182334538e-05,0.000134834978229515,-1.39150247558022,0.508996134348496
3064,122.56,209.452912540067,8.34604067623995,-217.634542128276,-13.6854448205388,432.426858812642,0,0,0,0,-17.7842212720089,-12.3962874059852,-4.01966215846779e-05,0.000134835456230194,-1.40973287280206,0.508995758355635
3065,122.6,209.45292110708,8.3463733977425,-217.63305609338,-13.6854500010525,432.42505380377,0,0,0,0,-17.7842280232712,-12.3946761865449,-4.01968312619882e-05,0.000134835923240221,-1.42787156240988,0.508995342175202
3066,122.64,209.452945454697,8.34672480703741,-217.631598440589,-13.6854561498018,432.42327523805,0,0,0,0,-17.7842360286716,-12.3931042389184,-4.01970205231838e-05,0.000134836406039841,-1.44591733137576,0.508994886791311
3067,122.68,209.452983672847,8.34709281157518,-217.630169213077,-13.685463172407,432.421523246756,0,0,0,0,-17.7842451660966,-12.3915704423389,-4.01971912018784e-05,0.000134836902824536,-1.4638689729727,0.508994388171302
3068,122.72,209.45303070661,8.34747192361385,-217.628768452419,-13.6854707243007,432.419797959716,0,0,0,0,-17.7842549888277,-12.390071038607,-4.01973709834758e-05,0.00013483738602208,-1.48172528682882,0.508993838172855
3069,122.76,209.453078873012,8.3478538017814,-217.627396198923,-13.6854782351464,432.4180995053,0,0,0,0,-17.7842647571457,-12.3885998642044,-4.01975706856733e-05,0.000134837844967944,-1.49948507889583,0.508993227471786
3070,122.8,209.45312239512,8.34823213216343,-217.626052491576,-13.6854852558467,432.416428010379,0,0,0,0,-17.7842738884663,-12.387152091504,-4.01977743145373e-05,0.000134838295716421,-1.51714716143768,0.508992549719957
3071,122.84,209.45316280626,8.34860845985563,-217.624737367751,-13.6854918861463,432.414783600301,0,0,0,0,-17.7842825121074,-12.3857288848213,-4.01979637000595e-05,0.000134838756353584,-1.534710353163,0.508991805023719
3072,122.88,209.453210013573,8.34899334835945,-217.62345086298,-13.6854988706766,432.413166398871,0,0,0,0,-17.7842915939692,-12.3843383940416,-4.01981394980179e-05,0.000134839226101303,-1.55217347947421,0.5089910010506
3073,122.92,209.453277292839,8.34940099734152,-217.622193011004,-13.6855072218351,432.411576528336,0,0,0,0,-17.7843024473492,-12.3829915610833,-4.01983162082146e-05,0.000134839690409868,-1.56953537267996,0.508990151668623
3074,122.96,209.453373676479,8.34984104666751,-217.620963844052,-13.685517635511,432.410014109375,0,0,0,0,-17.7843159749493,-12.381695743315,-4.01984993186369e-05,0.000134840143725421,-1.5867948720682,0.508989274501739
3075,123,209.453498620602,8.35031283329404,-217.619763393124,-13.6855300806447,432.408479261077,0,0,0,0,-17.7843321363788,-12.3804503785667,-4.01986800884209e-05,0.000134840594531341,-1.60395082387548,0.508988388904886
3076,123.04,209.453640959053,8.35080426649514,-217.618591688051,-13.6855437203204,432.406972100929,0,0,0,0,-17.7843498458351,-12.3792464041458,-4.01988529615459e-05,0.000134841047994224,-1.6210020812546,0.508987514744806
3077,123.08,209.453781251281,8.35129435394283,-217.617448757313,-13.6855570901512,432.405492744802,0,0,0,0,-17.7843672036388,-12.378068443679,-4.01990234481807e-05,0.000134841498358985,-1.63794750428289,0.508986671057775
3078,123.12,209.453896637361,8.35175841689608,-217.616334627761,-13.6855684587027,432.404041306929,0,0,0,0,-17.7843819638376,-12.37689871944,-4.01991996067395e-05,0.000134841937593534,-1.6547859599787,0.508985873552323
3079,123.16,209.453967958598,8.35217573935782,-217.615249324274,-13.6855763563501,432.402617899864,0,0,0,0,-17.784392220139,-12.3757225008033,-4.01993824744468e-05,0.000134842364829463,-1.67151632232767,0.508985131504597
3080,123.2,209.453987296275,8.35253767655122,-217.614192869287,-13.6855801454272,432.401222634437,0,0,0,0,-17.7843971453355,-12.3745337885972,-4.0199563503181e-05,0.000134842788801102,-1.68813747238588,0.508984446052919
3081,123.24,209.45396192123,8.3528519168958,-217.613165282259,-13.6855803331141,432.399855619708,0,0,0,0,-17.7843973971112,-12.3733382107511,-4.0199734789941e-05,0.000134843217564118,-1.70464829848814,0.508983811144465
3082,123.28,209.453911537779,8.35313953591614,-217.612166579376,-13.685578381685,432.398516962924,0,0,0,0,-17.7843948720264,-12.3721508772972,-4.0199899935516e-05,0.000134843647563453,-1.72104769648687,0.508983216297091
3083,123.32,209.453859946233,8.3534260380147,-217.611196773758,-13.6855760875134,432.39720676949,0,0,0,0,-17.7843919002112,-12.3709901371444,-4.02000654973597e-05,0.000134844072178585,-1.7373345699091,0.508982649506639
3084,123.36,209.453826104351,8.35373173945783,-217.610255876118,-13.6855749019263,432.395925142938,0,0,0,0,-17.7843903645114,-12.3698708621734,-4.02002291162028e-05,0.000134844493734642,-1.75350782998853,0.508982099458019
3085,123.4,209.453819229905,8.35406649066774,-217.609343895537,-13.685575550123,432.394672184898,0,0,0,0,-17.7843912060313,-12.3688005738297,-4.02003873907103e-05,0.000134844915703286,-1.76956639562919,0.50898155693754
3086,123.44,209.453838975544,8.35442985092935,-217.608460840009,-13.6855780304575,432.393447995081,0,0,0,0,-17.7843944229513,-12.3677792733503,-4.02005477029111e-05,0.000134845330804834,-1.7855091933763,0.508981015259334
3087,123.48,209.453879112778,8.35481503847989,-217.607606716601,-13.6855818803693,432.392252671268,0,0,0,0,-17.7843994153346,-12.3668021133044,-4.02007192652578e-05,0.000134845729916861,-1.80133515742128,0.508980469546943
3088,123.52,209.453932820501,8.35521461523087,-217.606781531209,-13.6855865728134,432.391086309292,0,0,0,0,-17.784405499388,-12.3658636319207,-4.02008940946352e-05,0.000134846121140201,-1.81704322965298,0.508979915377363
3089,123.56,209.453997394929,8.35562556113718,-217.60598528802,-13.6855918812137,432.389949003026,0,0,0,0,-17.7844123809829,-12.3649616634901,-4.02010543095779e-05,0.000134846522514773,-1.83263235977843,0.5089793478399
3090,123.6,209.454075899588,8.35605106208591,-217.605217988937,-13.6855980179237,432.388840844363,0,0,0,0,-17.784420335369,-12.3640986793137,-4.02012019715868e-05,0.000134846932092045,-1.84810150549586,0.508978761736068
3091,123.64,209.454174942695,8.35649812789713,-217.604479633185,-13.6856054752244,432.387761923207,0,0,0,0,-17.7844300009879,-12.3632798814199,-4.02013568543517e-05,0.000134847330048341,-1.86344963264304,0.5089781527886
3092,123.68,209.454300761222,8.35697338198099,-217.603770217239,-13.6856147309693,432.386712327449,0,0,0,0,-17.7844419976579,-12.3625099272983,-4.02015221772849e-05,0.000134847712919354,-1.87867571526002,0.508977519189201
3093,123.72,209.454456918761,8.35748058384335,-217.603089735047,-13.685626072993,432.385692142957,0,0,0,0,-17.7844566987613,-12.3617910274551,-4.02016829012942e-05,0.000134848095425075,-1.89377873558806,0.508976862745922
3094,123.76,209.454644729428,8.35802108291576,-217.602438178484,-13.6856396285597,432.384701453556,0,0,0,0,-17.784474269356,-12.3611233196183,-4.02018346673075e-05,0.000134848481756271,-1.90875768408789,0.508976188879234
3095,123.8,209.45486456352,8.35859521623373,-217.601815537987,-13.6856554557414,432.383740341015,0,0,0,0,-17.7844947846157,-12.3605059777259,-4.02019856028941e-05,0.000134848863930322,-1.92361155952097,0.508975505071575
3096,123.84,209.455115905485,8.35920236211694,-217.60122180317,-13.6856735385058,432.382808885043,0,0,0,0,-17.7845182234275,-12.3599373820707,-4.02021381709204e-05,0.000134849239904011,-1.93833936905607,0.508974818523549
3097,123.88,209.455395786836,8.35983925506387,-217.600656963224,-13.6856936682743,432.38190716327,0,0,0,0,-17.7845443148675,-12.3594142338961,-4.02022890082268e-05,0.000134849613514912,-1.95294012836039,0.508974134450207
3098,123.92,209.455696097871,8.36049710433287,-217.600121007108,-13.685715250591,432.381035251237,0,0,0,0,-17.7845722876712,-12.3589300794863,-4.02024355562711e-05,0.000134849987650983,-1.96741286167861,0.508973455359372
3099,123.96,209.456000361354,8.36115812917708,-217.599613923672,-13.685737066536,432.380193222385,0,0,0,0,-17.7846005610321,-12.3584734990517,-4.02025758846249e-05,0.000134850364357879,-1.98175660189395,0.508972780277366
3100,124,209.456281658296,8.36179331840413,-217.599135701706,-13.6857571064321,432.37938114803,0,0,0,0,-17.7846265290486,-12.3580268804511,-4.02027130628081e-05,0.000134850740413276,-1.99597039053277,0.508972103472013
3101,124.04,209.45650486142,8.36236481403379,-217.598686329485,-13.6857727204612,432.378599097333,0,0,0,0,-17.7846467559666,-12.3575677591111,-4.02028573103082e-05,0.000134851105173197,-2.01005327769521,0.508971414105368
3102,124.08,209.456635480443,8.36283541283914,-217.598265793426,-13.6857812762108,432.377847137241,0,0,0,0,-17.7846578286447,-12.3570742783007,-4.02030145640077e-05,0.000134851452266123,-2.02400432197004,0.508970698829261
3103,124.12,209.45665302523,8.36318294607809,-217.597874076048,-13.6857811772237,432.377125332424,0,0,0,0,-17.784657677087,-12.3565335548815,-4.02031761281622e-05,0.000134851790258084,-2.03782259045739,0.508969947405627
3104,124.16,209.456561378819,8.36341145821374,-217.59751115419,-13.6857726704195,432.376433745215,0,0,0,0,-17.7846466212592,-12.355948139073,-4.0203326851856e-05,0.000134852134415096,-2.05150715898676,0.508969158320106
3105,124.2,209.456388093071,8.36355046548641,-217.597176998603,-13.6857578093703,432.375772435558,0,0,0,0,-17.7846273234763,-12.3553353593358,-4.02034633631961e-05,0.000134852488216803,-2.06505711244569,0.508968340099595
3106,124.24,209.456172016389,8.36364164591792,-217.596871575221,-13.6857395152704,432.375141460963,0,0,0,0,-17.7846035710257,-12.3547194695122,-4.02035954435346e-05,0.000134852841960584,-2.07847154500234,0.508967506880649
3107,124.28,209.455948057706,8.36372244142526,-217.596594847239,-13.6857204129407,432.374540876461,0,0,0,0,-17.7845787672017,-12.3541224293175,-4.02037303132036e-05,0.000134853188548098,-2.09174956010777,0.508966671595246
3108,124.32,209.455738948832,8.3638171956305,-217.596346776735,-13.6857022046261,432.373970734563,0,0,0,0,-17.7845551194921,-12.3535591554186,-4.02038679042101e-05,0.000134853528141533,-2.10489027038272,0.508965841610753
3109,124.36,209.455555955657,8.36393792460201,-217.596127325251,-13.6856857289241,432.373431085231,0,0,0,0,-17.784533715843,-12.3530379890962,-4.02040075130138e-05,0.000134853861461141,-2.1178927975604,0.508965018369543
3110,124.4,209.455403446583,8.36408923411639,-217.595936453609,-13.6856713097946,432.37292197587,0,0,0,0,-17.7845149769706,-12.3525632445873,-4.0204148370518e-05,0.000134854189284751,-2.13075627254034,0.508964199237856
3111,124.44,209.45528252942,8.3642722317864,-217.595774121458,-13.6856590322324,432.372443451324,0,0,0,0,-17.7844990136916,-12.3521371328617,-4.02042868529426e-05,0.000134854515289295,-2.14347983549108,0.508963379750314
3112,124.48,209.455192763314,8.36448637041908,-217.595640286927,-13.6856488740499,432.371995553871,0,0,0,0,-17.7844857977718,-12.3517605877732,-4.020441825205e-05,0.00013485484423366,-2.15606263594172,0.508962555587492
3113,124.52,209.455132767667,8.36473010297232,-217.595534906539,-13.6856407519851,432.371578323219,0,0,0,0,-17.7844752216817,-12.3514335151194,-4.02045456958253e-05,0.000134855172963633,-2.16850383285188,0.508961723838937
3114,124.56,209.455100545251,8.36500122314488,-217.595457935399,-13.6856345389959,432.371191796501,0,0,0,0,-17.7844671209744,-12.3511549934577,-4.02046816945652e-05,0.00013485548887612,-2.18080259466326,0.508960883366365
3115,124.6,209.455093970418,8.36529738301902,-217.595409327423,-13.6856300934432,432.370836008265,0,0,0,0,-17.7844613121091,-12.3509237538673,-4.02048269471732e-05,0.000134855791234646,-2.1929580993497,0.508960034726084
3116,124.64,209.455110926243,8.36561623955741,-217.595389035462,-13.685627268327,432.370510990474,0,0,0,0,-17.7844576044417,-12.3507384474791,-4.02049626523646e-05,0.000134856098942069,-2.20496953449507,0.50895917998975
3117,124.68,209.455148061915,8.36595411951811,-217.595397011269,-13.685625818833,432.370216772498,0,0,0,0,-17.7844556803237,-12.3505967102648,-4.02050807356304e-05,0.000134856420229944,-2.21683609738807,0.508958322184701
3118,124.72,209.45519863272,8.36630369311663,-217.595433205349,-13.6856252361586,432.369953381111,0,0,0,0,-17.7844548795564,-12.3504933079033,-4.02051976243714e-05,0.00013485673873451,-2.22855699507103,0.50895746425405
3119,124.76,209.455252012233,8.36665344411013,-217.595497566598,-13.685624705761,432.369720840483,0,0,0,0,-17.7844541452512,-12.3504195893993,-4.02053279424215e-05,0.000134857039777308,-2.24013144430621,0.508956608246807
3120,124.8,209.455297118607,8.36699135709869,-217.59559004168,-13.6856233689703,432.369519172158,0,0,0,0,-17.7844523632757,-12.3503663130627,-4.02054682772786e-05,0.000134857326694148,-2.25155867151939,0.508955755450839
3121,124.84,209.45532847479,8.36731144751582,-217.595710574322,-13.6856207934366,432.369348395033,0,0,0,0,-17.7844489726491,-12.3503288228226,-4.02056059068896e-05,0.000134857612193584,-2.26283791283476,0.508954906983034
3122,124.88,209.455350309194,8.36761818385197,-217.595859104966,-13.6856172950276,432.369208525335,0,0,0,0,-17.7844443831942,-12.3503105659816,-4.02057301057148e-05,0.000134857907040001,-2.27396841424038,0.508954063444961
3123,124.92,209.455375005087,8.36792482084516,-217.596035571025,-13.6856138213477,432.369099576615,0,0,0,0,-17.7844398244119,-12.3503217633851,-4.02058434153495e-05,0.000134858208717529,-2.28494943179126,0.508953223046187
3124,124.96,209.455416955166,8.36824677957596,-217.596239907646,-13.6856114764972,432.369021559733,0,0,0,0,-17.7844367288668,-12.3503741821215,-4.02059616880068e-05,0.000134858501368084,-2.29578023171847,0.508952379503335
3125,125,209.455486690911,8.36859532183646,-217.596472048513,-13.685611065262,432.368974482849,0,0,0,0,-17.7844361407482,-12.3504761698991,-4.02060930550073e-05,0.000134858776885976,-2.30646009040858,0.508951522117045
3126,125.04,209.455589089095,8.36897561924463,-217.596731926294,-13.6856129552655,432.36895835141,0,0,0,0,-17.7844385369535,-12.3506311864851,-4.02062263927425e-05,0.000134859046524311,-2.31698829434328,0.508950639332254
3127,125.08,209.455724965372,8.36938847520081,-217.597019472676,-13.6856172052955,432.368973168143,0,0,0,0,-17.7844439935687,-12.3508392433661,-4.02063500585736e-05,0.00013485932212974,-2.32736414011029,0.508949724394278
3128,125.12,209.455892612205,8.36983198694767,-217.597334618294,-13.6856236895147,432.369018933066,0,0,0,0,-17.7844523470716,-12.3510982839072,-4.02064681640672e-05,0.000134859599725147,-2.3375869344952,0.508948779908372
3129,125.16,209.456087259691,8.37030096743164,-217.597677292787,-13.6856320584481,432.369095643494,0,0,0,0,-17.7844631438004,-12.3514038514942,-4.02065881108298e-05,0.000134859871803382,-2.34765599457677,0.508947818977056
3130,125.2,209.456299190837,8.37078491688752,-217.598047424998,-13.6856415950867,432.369203294034,0,0,0,0,-17.7844754533884,-12.3517478574936,-4.02067070659342e-05,0.000134860140841651,-2.35757064777543,0.508946862958221
3131,125.24,209.456512128198,8.37126628541255,-217.598444943118,-13.6856510906812,432.369341876584,0,0,0,0,-17.7844877077872,-12.3521177868406,-4.02068205231091e-05,0.000134860410983461,-2.36733023186725,0.508945937403791
3132,125.28,209.456703208529,8.37172043980879,-217.598869774528,-13.6856588370728,432.369511380321,0,0,0,0,-17.7844976914399,-12.3524970015044,-4.02069326450661e-05,0.000134860677999049,-2.37693409497354,0.508945067804961
3133,125.32,209.456846098745,8.37211900582232,-217.599321845121,-13.6856628536371,432.369711791681,0,0,0,0,-17.7845028356445,-12.3528669164057,-4.02070522593969e-05,0.000134860933323624,-2.38638159551397,0.508944276238719
3134,125.36,209.456918307841,8.37243772808512,-217.599801078092,-13.6856614364814,432.36994309433,0,0,0,0,-17.7845009307307,-12.3532118645888,-4.02071815403073e-05,0.000134861175111528,-2.39567210215777,0.508943579291706
3135,125.4,209.456910474442,8.37266646478842,-217.600307392634,-13.6856538668288,432.370205269117,0,0,0,0,-17.7844910446197,-12.3535253585363,-4.0207310449881e-05,0.000134861413577081,-2.40480499387258,0.508942986672345
3136,125.44,209.456831659353,8.37281488793598,-217.600840703271,-13.6856408193546,432.370498294043,0,0,0,0,-17.7844740522766,-12.3538136356789,-4.02074282304754e-05,0.000134861659538811,-2.41377966011883,0.508942499447582
3137,125.48,209.456705851942,8.37290872523498,-217.601400920338,-13.6856240971924,432.370822144237,0,0,0,0,-17.784452292049,-12.3540931753783,-4.02075373832851e-05,0.000134861910538768,-2.42259550108248,0.508942108018864
3138,125.52,209.456561683519,8.37297868928169,-217.601987951353,-13.6856058463399,432.37117679193,0,0,0,0,-17.7844285470105,-12.3543837634899,-4.02076465445918e-05,0.000134862157944702,-2.43125192778304,0.508941792062847
3139,125.56,209.456422807537,8.37305012935023,-217.602601702438,-13.685587825809,432.371562206434,0,0,0,0,-17.7844050986145,-12.3547022260862,-4.02077581013005e-05,0.000134862399317449,-2.43974836202643,0.508941524773797
3140,125.6,209.45630433873,8.37313921029562,-217.603242079124,-13.6855711465624,432.371978354121,0,0,0,0,-17.7843833881147,-12.3550601246697,-4.02078716807681e-05,0.000134862635032407,-2.44808423632673,0.50894128055233
3141,125.64,209.456214162011,8.37325433168826,-217.603908986473,-13.6855563816259,432.372425198421,0,0,0,0,-17.7843641591676,-12.3554643310556,-4.02079873036086e-05,0.000134862865206332,-2.45625899390802,0.508941041916924
3142,125.68,209.456154928263,8.37339827916995,-217.604602328822,-13.6855437219174,432.372902699832,0,0,0,0,-17.7843476597285,-12.3559178293205,-4.02081001656763e-05,0.000134863094804899,-2.46427208876688,0.508940801781319
3143,125.72,209.456125121624,8.37356937076609,-217.605322009406,-13.6855330556608,432.373410815924,0,0,0,0,-17.7843337449829,-12.3564200588354,-4.02082064316049e-05,0.000134863327663269,-2.47212298571679,0.508940560818193
3144,125.76,209.456120349108,8.37376284040722,-217.606067929938,-13.6855240627154,432.373949501354,0,0,0,0,-17.7843219997432,-12.3569678174758,-4.02083144207079e-05,0.00013486355525385,-2.47981116039597,0.508940322635897
3145,125.8,209.456135698074,8.373973369669,-217.606839990244,-13.6855163892172,432.374518707866,0,0,0,0,-17.7843119650636,-12.3575572247682,-4.02084334456692e-05,0.000134863767979203,-2.48733609927433,0.508940089783612
3146,125.84,209.456168575883,8.3741981393476,-217.607638088101,-13.685509859664,432.3751183843,0,0,0,0,-17.7843034134144,-12.3581861536891,-4.0208555387491e-05,0.000134863973783507,-2.4946972996894,0.508939861949074
3147,125.88,209.456220527752,8.37443878369853,-217.608462119421,-13.6855046131157,432.37574847659,0,0,0,0,-17.784296525361,-12.3588558533143,-4.02086668281981e-05,0.000134864186128138,-2.50189426992888,0.508939635901712
3148,125.92,209.456296332222,8.37470041415166,-217.609311978772,-13.68550103093,432.376408927773,0,0,0,0,-17.7842917957315,-12.3595702276938,-4.02087705003617e-05,0.000134864402538581,-2.5089265293467,0.508939406106929
3149,125.96,209.456400105478,8.37498742295218,-217.61018756,-13.685499435473,432.377099677999,0,0,0,0,-17.7842896426575,-12.3603325059186,-4.02088762873248e-05,0.0001348646134879,-2.51579360844878,0.508939165584257
3150,126,209.456530600397,8.37529842580518,-217.611088756573,-13.6854997333778,432.377820664543,0,0,0,0,-17.7842899447618,-12.3611413371534,-4.02089842367746e-05,0.000134864819190624,-2.52249504889875,0.508938907209379
3151,126.04,209.456678516065,8.37562337660191,-217.612015461493,-13.6855012208498,432.378571821805,0,0,0,0,-17.7842917887041,-12.3619888335945,-4.02090888656482e-05,0.000134865025137376,-2.52903040347233,0.508938625237658
3152,126.08,209.456826836286,8.37594394132088,-217.612967566845,-13.6855026195116,432.379353081322,0,0,0,0,-17.7842935158694,-12.3628612364326,-4.02091896932048e-05,0.000134865231564464,-2.53539923601737,0.508938316131737
3153,126.12,209.456953779064,8.37623666998649,-217.613944963186,-13.6855022995001,432.380164371763,0,0,0,0,-17.7842930119205,-12.3637414919267,-4.02092929021332e-05,0.00013486543194875,-2.54160112142721,0.508937978165298
3154,126.16,209.457038114427,8.37647870521961,-217.614947538841,-13.6854986708769,432.381005618925,0,0,0,0,-17.7842882145382,-12.3646133363693,-4.02094044664891e-05,0.000134865620073581,-2.54763564561352,0.508937610478575
3155,126.2,209.457066207799,8.37665534569042,-217.61597517924,-13.6854907043605,432.381876745709,0,0,0,0,-17.7842777887541,-12.3654664493236,-4.02095206161655e-05,0.000134865799699385,-2.5535024055117,0.508937212676135
3156,126.24,209.457037968231,8.37676643913607,-217.617027766479,-13.6854783765287,432.382777672103,0,0,0,0,-17.7842617042536,-12.3663007160322,-4.02096310461593e-05,0.000134865981342162,-2.55920100917578,0.508936785029559
3157,126.28,209.456967610996,8.37682720526715,-217.618105179403,-13.6854627300288,432.383708315161,0,0,0,0,-17.7842413133952,-12.3671267020293,-4.02097335282243e-05,0.000134866167441388,-2.56473107595017,0.508936328270795
3158,126.32,209.456877891277,8.37686204002976,-217.619207294204,-13.6854454435521,432.384668589003,0,0,0,0,-17.7842187935225,-12.3679614266171,-4.02098339539884e-05,0.000134866352091056,-2.5700922366136,0.508935842553414
3159,126.36,209.456791486784,8.37689525782047,-217.620333985196,-13.6854281906423,432.385658404802,0,0,0,0,-17.7841963154663,-12.3688221196306,-4.02099328954807e-05,0.000134866534545533,-2.57528413340545,0.508935326771773
3160,126.4,209.456724970373,8.3769446238045,-217.621485125376,-13.6854121988328,432.386677670777,0,0,0,0,-17.7841754717901,-12.3697217891545,-4.02100286642614e-05,0.00013486671644884,-2.58030641996353,0.508934779631041
3161,126.44,209.45668751577,8.37701997220395,-217.622660586695,-13.6853981619389,432.3877262922,0,0,0,0,-17.7841571629248,-12.3706680417068,-4.0210129240936e-05,0.000134866890021876,-2.58515876126676,0.508934202149135
3162,126.48,209.456682593412,8.3771250261371,-217.62386024024,-13.6853863638872,432.388804171402,0,0,0,0,-17.7841417575955,-12.3716640120411,-4.02102415345093e-05,0.000134867048662311,-2.5898408336275,0.508933599884507
3163,126.52,209.45671019097,8.3772597715084,-217.625083956469,-13.6853768318637,432.389911207794,0,0,0,0,-17.7841292913195,-12.3727098536048,-4.02103556036003e-05,0.000134867202564252,-2.59435232472071,0.508932983624501
3164,126.56,209.456768015335,8.37742173890092,-217.626331605439,-13.6853694160115,432.391047297885,0,0,0,0,-17.7841195697223,-12.3738037013813,-4.02104578577838e-05,0.000134867365467299,-2.59869293364065,0.508932368523182
3165,126.6,209.456850782584,8.37760523832099,-217.627603056901,-13.6853637341379,432.392212335301,0,0,0,0,-17.7841120968343,-12.3749412031234,-4.0210550580556e-05,0.000134867535114925,-2.60286237096853,0.508931772383319
3166,126.64,209.456948150389,8.37779913828501,-217.628898180156,-13.6853590185497,432.39340621081,0,0,0,0,-17.7841058764923,-12.3761138837365,-4.02106440771471e-05,0.000134867701085859,-2.60686035879592,0.508931213840045
3167,126.68,209.457043920356,8.37798600960109,-217.630216843659,-13.6853540579095,432.394628812324,0,0,0,0,-17.7840993370295,-12.3773085191588,-4.02107421688943e-05,0.000134867859355895,-2.61068663066806,0.508930710894308
3168,126.72,209.457119086681,8.37814540177869,-217.631558914397,-13.6853474256067,432.395880024906,0,0,0,0,-17.7840906276081,-12.3785096665279,-4.02108449816405e-05,0.000134868009643339,-2.61434093149286,0.508930279687931
3169,126.76,209.457158456086,8.37826095668926,-217.632924257172,-13.6853379741962,432.397159730765,0,0,0,0,-17.7840782596305,-12.3797050336222,-4.02109516321182e-05,0.00013486815282311,-2.61782301750129,0.508929933081725
3170,126.8,209.457157422232,8.37832769045878,-217.634312733966,-13.6853253435089,432.398467809248,0,0,0,0,-17.7840617658349,-12.3808908593108,-4.02110563194148e-05,0.000134868294813661,-2.62113265631077,0.508929678822133
3171,126.84,209.457124604875,8.37835483546297,-217.635724203663,-13.6853101637609,432.399804136836,0,0,0,0,-17.7840419637569,-12.3820739385636,-4.02111533155639e-05,0.000134868441483944,-2.62426962707185,0.508929517518083
3172,126.88,209.457078329209,8.37836206296034,-217.637158522364,-13.6852937985342,432.401168587147,0,0,0,0,-17.7840206223632,-12.3832688182483,-4.02112444392891e-05,0.000134868591085491,-2.6272337206152,0.508929441068183
3173,126.92,209.457038982198,8.37837127019904,-217.638615544236,-13.6852777747018,432.402561030937,0,0,0,0,-17.7839997225918,-12.3844918080717,-4.02113368078849e-05,0.000134868736484197,-2.63002473951215,0.508929432573842
3174,126.96,209.457021837738,8.37839886721592,-217.640095122533,-13.6852632430483,432.403981336104,0,0,0,0,-17.7839807576074,-12.3857552941649,-4.02114354742115e-05,0.000134868872578235,-2.63264249803593,0.508929468529146
3175,127,209.457033577092,8.37845203466561,-217.641597110347,-13.6852507149263,432.4054293677,0,0,0,0,-17.7839643910162,-12.3870648050506,-4.02115367632299e-05,0.00013486900302117,-2.63508682209069,0.508929522767245
3176,127.04,209.457072158001,8.37852858079988,-217.643121360883,-13.6852400498641,432.406904987949,0,0,0,0,-17.783950440631,-12.3884186794456,-4.02116317519581e-05,0.000134869136738368,-2.63735754917427,0.508929570373935
3177,127.08,209.457128090578,8.37861830825086,-217.644667727277,-13.6852305466617,432.408408056265,0,0,0,0,-17.78393799663,-12.3898089883909,-4.02117202719449e-05,0.000134869273876195,-2.63945452836777,0.508929589990446
3178,127.12,209.457186689894,8.37870542870826,-217.64623606209,-13.6852211060032,432.409938429279,0,0,0,0,-17.7839256326205,-12.3912234246879,-4.02118117892239e-05,0.000134869404904232,-2.64137762030568,0.508929564441113
3179,127.16,209.457232362589,8.37877316606587,-217.647826216586,-13.6852105477344,432.411495960844,0,0,0,0,-17.7839118173636,-12.3926489211519,-4.02119106750926e-05,0.000134869525384975,-2.64312669712344,0.508929480966762
3180,127.2,209.457254795721,8.37881041146913,-217.649438039934,-13.6851980778543,432.41308050204,0,0,0,0,-17.7838955206681,-12.3940767979114,-4.02120116225527e-05,0.000134869640631673,-2.64470164244192,0.508929332256365
3181,127.24,209.457254105674,8.37881726786244,-217.651071378652,-13.6851836847134,432.414691901177,0,0,0,0,-17.783876727393,-12.3955070226159,-4.02121080348826e-05,0.000134869757342826,-2.64610235144812,0.508929118027526
3182,127.28,209.457241011242,8.37880524513537,-217.652726076644,-13.6851681610496,432.416330003801,0,0,0,0,-17.7838564660262,-12.3969483517662,-4.02121989457054e-05,0.000134869876594783,-2.64732873104903,0.508928845777165
3183,127.32,209.4572310204,8.37879101231844,-217.654401975888,-13.685152668736,432.417994652705,0,0,0,0,-17.7838362440014,-12.3984135249103,-4.02122878993751e-05,0.000134869994831286,-2.64838069999169,0.508928529967756
3184,127.36,209.457236139675,8.37878748107701,-217.656098917365,-13.6851381119825,432.419685687945,0,0,0,0,-17.7838172344854,-12.3999123926234,-4.02123760635164e-05,0.000134870110774535,-2.64925818886504,0.508928190390787
3185,127.4,209.457259236271,8.37879774130549,-217.657816741667,-13.6851247102159,432.421402946848,0,0,0,0,-17.7837997221848,-12.4014471745408,-4.02124622076087e-05,0.000134870225668066,-2.64996113999851,0.508927850577436
3186,127.44,209.457293801816,8.3788148051771,-217.659555288989,-13.6851119784017,432.423146264029,0,0,0,0,-17.7837830777759,-12.4030122003751,-4.02125496454602e-05,0.000134870336457387,-2.65048950733608,0.508927535813814
3187,127.48,209.457328451412,8.37882644172773,-217.661314398573,-13.6850990631469,432.424915471405,0,0,0,0,-17.783766193997,-12.4045977057906,-4.02126437811645e-05,0.000134870438036385,-2.65084325635257,0.508927269752238
3188,127.52,209.457353577162,8.37882232926147,-217.66309390798,-13.6850852423252,432.426710398205,0,0,0,0,-17.7837481339327,-12.4061954874742,-4.02127428130635e-05,0.000134870532266673,-2.65102236404296,0.508927069789824
3189,127.56,209.457366815033,8.3787999365735,-217.664893652562,-13.6850703399696,432.428530870991,0,0,0,0,-17.7837286693224,-12.4078035120007,-4.02128380429371e-05,0.000134870627679824,-2.65102681899672,0.508926942686468
3190,127.6,209.457373954839,8.37876550602877,-217.666713465489,-13.6850547993641,432.430376713664,0,0,0,0,-17.7837083753589,-12.409426637715,-4.02129232153123e-05,0.000134870730354253,-2.65085662153486,0.508926881985974
3191,127.64,209.457384207055,8.37872896372546,-217.668553178311,-13.6850393258456,432.432247747486,0,0,0,0,-17.7836881672239,-12.4110725602563,-4.02130006904484e-05,0.000134870837847029,-2.65051178381843,0.508926868400654
3192,127.68,209.457403199347,8.3786963838265,-217.670412621646,-13.6850243539295,432.434143791095,0,0,0,0,-17.7836686087241,-12.4127458444253,-4.02130800293607e-05,0.000134870940579051,-2.64999232982861,0.508926873901565
3193,127.72,209.457429403769,8.37866614329264,-217.672291625513,-13.6850097745294,432.436064660519,0,0,0,0,-17.783649558387,-12.4144449054058,-4.02131708604761e-05,0.000134871028948435,-2.64929829522721,0.508926869049818
3194,127.76,209.457456703226,8.3786316827706,-217.674190019152,-13.6849951295738,432.438010169181,0,0,0,0,-17.7836304219696,-12.4161642955208,-4.02132725054658e-05,0.000134871103730614,-2.64842972722254,0.508926831291924
3195,127.8,209.457480290354,8.37858785361471,-217.676107630617,-13.6849800605654,432.439980127922,0,0,0,0,-17.7836107344367,-12.4178998468765,-4.02133708084235e-05,0.000134871179275951,-2.64738668455768,0.508926751062865
3196,127.84,209.457500476041,8.37853501591724,-217.67804428659,-13.6849645983009,432.441974345015,0,0,0,0,-17.7835905358277,-12.4196518681566,-4.02134524447482e-05,0.000134871269176167,-2.64616923761747,0.508926633366309
3197,127.88,209.457521356184,8.37847760330385,-217.679999812567,-13.6849490607419,432.443992626189,0,0,0,0,-17.7835702387139,-12.4214238126319,-4.0213523359277e-05,0.000134871367743682,-2.64477746854203,0.508926494492431
3198,127.92,209.457546231719,8.37841919280328,-217.68197403328,-13.6849337024564,432.446034774652,0,0,0,0,-17.7835501733735,-12.4232182599826,-4.02136042431835e-05,0.000134871454458171,-2.64321147123373,0.508926355644711
3199,127.96,209.45757468512,8.37835935741017,-217.683966772939,-13.6849184904479,432.448100591097,0,0,0,0,-17.7835302969814,-12.4250345043669,-4.0213703088997e-05,0.000134871521407901,-2.64147135125281,0.508926236170801
3200,128,209.457604079825,8.3782952804248,-217.685977855189,-13.6849032191342,432.450189873724,0,0,0,0,-17.7835103427922,-12.4268700093696,-4.02138020951274e-05,0.000134871586423513,-2.63955722571703,0.508926148276047
3201,128.04,209.457633072934,8.37822553672182,-217.688007102917,-13.6848877791206,432.45230241825,0,0,0,0,-17.7834901688203,-12.4287234898268,-4.02138829887194e-05,0.000134871667701848,-2.63746922331103,0.508926093850688
3202,128.08,209.457662779707,8.37815134434548,-217.69005433817,-13.6848722444071,432.454438017939,0,0,0,0,-17.7834698709616,-12.4305958239429,-4.02139555929187e-05,0.000134871755099859,-2.63520748436786,0.508926063900679
3203,128.12,209.457694795948,8.37807443350992,-217.692119382177,-13.6848567190068,432.456596463621,0,0,0,0,-17.7834495840149,-12.4324882435315,-4.02140413175731e-05,0.000134871826600969,-2.63277216089989,0.508926041468215
3204,128.16,209.457729271933,8.37799497464967,-217.694202055267,-13.6848411911623,432.458777543713,0,0,0,0,-17.7834292925778,-12.4344006705165,-4.02141364629623e-05,0.000134871885229543,-2.63016341653954,0.508926008041478
3205,128.2,209.457765431992,8.37791214382036,-217.696302176601,-13.6848255794613,432.460981044234,0,0,0,0,-17.7834088908923,-12.4363322316463,-4.02142207595747e-05,0.000134871950912742,-2.62738142647361,0.508925951028971
3206,128.24,209.457803136041,8.37782581025301,-217.698419563844,-13.6848098591927,432.463206748824,0,0,0,0,-17.7833883467859,-12.4382826389639,-4.02142950980827e-05,0.000134872023038488,-2.6244263774464,0.508925868199318
3207,128.28,209.457843017289,8.37773668670443,-217.700554032977,-13.6847940752119,432.465454438773,0,0,0,0,-17.7833677183927,-12.4402522683042,-4.02143760890749e-05,0.00013487208578063,-2.62129846779213,0.508925766454151
3208,128.32,209.457885461075,8.37764522911273,-217.702705398272,-13.684778262803,432.467723893037,0,0,0,0,-17.7833470515183,-12.4422412441621,-4.02144630384198e-05,0.000134872140606455,-2.6179979074217,0.508925656091518
3209,128.36,209.457930333654,8.37755134399355,-217.704873472393,-13.6847624262087,432.470014888262,0,0,0,0,-17.7833263517813,-12.4442492363663,-4.02145450307053e-05,0.000134872198675517,-2.61452491777724,0.508925544431724
3210,128.4,209.457977598447,8.37745505010927,-217.70705806662,-13.684746583844,432.472327198802,0,0,0,0,-17.7833056432271,-12.4462760231279,-4.02146243070203e-05,0.000134872257414494,-2.61087973181416,0.508925432388812
3211,128.44,209.458027507243,8.37735667862973,-217.70925899119,-13.6847307769443,432.474660596747,0,0,0,0,-17.7832849795024,-12.4483216336364,-4.02147053796571e-05,0.000134872311850248,-2.6070625940058,0.508925315268996
3212,128.48,209.458080237296,8.37725647539057,-217.711476055665,-13.6847150343692,432.47701485194,0,0,0,0,-17.78326439816,-12.4503860079591,-4.02147842349027e-05,0.000134872365870319,-2.60307376032792,0.508925186475502
3213,128.52,209.4581358302,8.37715453061632,-217.71370906922,-13.6846993631989,432.479389732002,0,0,0,0,-17.7832439084181,-12.4524689539789,-4.02148610740625e-05,0.000134872419539487,-2.59891349822918,0.508925041118143
3214,128.56,209.458194424407,8.37705102767759,-217.715957840734,-13.6846837648925,432.481785002356,0,0,0,0,-17.7832235120962,-12.4545703579006,-4.02149400873132e-05,0.000134872469025114,-2.5945820866148,0.508924876900382
3215,128.6,209.458256261023,8.37694625106639,-217.718222178671,-13.684668237623,432.48420042625,0,0,0,0,-17.7832032066605,-12.4566901809402,-4.02150199387121e-05,0.00013487251583089,-2.59007981583472,0.508924692130134
3216,128.64,209.458321581557,8.37684048343416,-217.720501890716,-13.6846527759474,432.486635764785,0,0,0,0,-17.7831829848569,-12.4588283725552,-4.02150989111826e-05,0.00013487256162732,-2.58540698766139,0.508924483148582
3217,128.68,209.458390673744,8.37673406543316,-217.722796783308,-13.6846373853173,432.489090776936,0,0,0,0,-17.7831628536138,-12.4609849192892,-4.02151777728018e-05,0.00013487260554534,-2.58056391526679,0.50892424363808
3218,128.72,209.458463903857,8.37662743806599,-217.725106661314,-13.684622092474,432.491565219579,0,0,0,0,-17.7831428475857,-12.4631598683345,-4.0215256141869e-05,0.00013487264790893,-2.57555092320427,0.508923966292841
3219,128.76,209.458541664684,8.37652108658856,-217.727431328002,-13.6846069414188,432.494058847516,0,0,0,0,-17.7831230239338,-12.465353273768,-4.02153340427696e-05,0.00013487268862201,-2.57036834738677,0.508923645138084
3220,128.8,209.458624375424,8.37641553227623,-217.729770585378,-13.6845919849805,432.496571413506,0,0,0,0,-17.7831034513229,-12.4675651926859,-4.02154118528217e-05,0.000134872727202766,-2.56501653506247,0.508923276178257
3221,128.84,209.458712522079,8.37631136393662,-217.732124234666,-13.6845772754793,432.499102668287,0,0,0,0,-17.7830841977152,-12.4697957143519,-4.02154891357864e-05,0.000134872764068958,-2.55949584479186,0.508922855593205
3222,128.88,209.45880667894,8.37620925298526,-217.73449207667,-13.6845628579776,432.501652360602,0,0,0,0,-17.7830653215515,-12.472044974286,-4.02155661025323e-05,0.00013487279913514,-2.55380664642411,0.508922377016932
3223,128.92,209.458907534347,8.37610998233496,-217.73687391182,-13.6845487733976,432.50422023723,0,0,0,0,-17.7830468757998,-12.474313176656,-4.02156429025392e-05,0.000134872832391957,-2.54794932107239,0.508921830232917
3224,128.96,209.459015909053,8.37601447432551,-217.739269539926,-13.6845350683574,432.506806043011,0,0,0,0,-17.7830289207749,-12.4766006070203,-4.02157193158708e-05,0.000134872864099698,-2.5419242610891,0.508921202122754
3225,129,209.459132752053,8.3759237939882,-217.741678759894,-13.6845218029222,432.509409520881,0,0,0,0,-17.783011534256,-12.4789076199339,-4.02157954731958e-05,0.000134872894104436,-2.53573187003983,0.508920478483614
3226,129.04,209.45925914564,8.37583915604749,-217.744101369574,-13.684509052728,432.512030411894,0,0,0,0,-17.7829948142529,-12.4812346319901,-4.02158712858096e-05,0.000134872922487444,-2.52937256267553,0.508919644649644
3227,129.08,209.459396331917,8.37576195023281,-217.746537165775,-13.6844969077994,432.514668455258,0,0,0,0,-17.7829788774478,-12.4835821326693,-4.02159467041328e-05,0.000134872949316018,-2.52284676490453,0.508918684344503
3228,129.12,209.459545751587,8.37569378111007,-217.748985944301,-13.6844854735843,432.517323388362,0,0,0,0,-17.7829638605203,-12.4859507064707,-4.02160218279282e-05,0.000134872974511604,-2.51615491376415,0.508917578010415
3229,129.16,209.459709088245,8.37563651684861,-217.751447499945,-13.6844748754666,432.519994946808,0,0,0,0,-17.7829499260076,-12.4883410575013,-4.02160965495048e-05,0.000134872998198193,-2.50929745739184,0.508916301851448
3230,129.2,209.459888311181,8.37559233474602,-217.753921626543,-13.6844652614649,432.522682864443,0,0,0,0,-17.7829372658002,-12.4907540254063,-4.02161708454443e-05,0.000134873020416328,-2.50227485499545,0.50891482740887
3231,129.24,209.46008572317,8.37556376812935,-217.756408117102,-13.68445680125,432.525386873393,0,0,0,0,-17.7829260998316,-12.4931905982741,-4.02162447261795e-05,0.000134873041178201,-2.49508757682242,0.508913120822723
3232,129.28,209.460304025033,8.37555377217861,-217.758906763898,-13.6844496873383,432.528106704091,0,0,0,0,-17.7829166775956,-12.4956519354872,-4.02163182004938e-05,0.000134873060500264,-2.48773610412842,0.508911141648648
3233,129.32,209.460546396407,8.37556581261406,-217.761417358421,-13.6844441431032,432.530842085317,0,0,0,0,-17.7829092885485,-12.4981393995433,-4.02163913067087e-05,0.000134873078363057,-2.48022092914551,0.508908841730153
3234,129.36,209.460816588914,8.37560397042856,-217.763939691224,-13.6844404345171,432.533592744227,0,0,0,0,-17.7829042773745,-12.500654589906,-4.02164639565707e-05,0.000134873094860837,-2.47254255504963,0.508906164302086
3235,129.4,209.461119031971,8.37567305765134,-217.766473551825,-13.6844388802476,432.536358406392,0,0,0,0,-17.7829020570979,-12.5031993770507,-4.0216536128014e-05,0.000134873110023644,-2.46470149592737,0.508903043061971
3236,129.44,209.461458949262,8.37577874149107,-217.769018728715,-13.684439859349,432.539138795835,0,0,0,0,-17.7829031190568,-12.505775936898,-4.02166079902973e-05,0.000134873123702125,-2.45669827674213,0.508899401095156
3237,129.48,209.461842475745,8.37592766826556,-217.771575009464,-13.6844438181225,432.541933635066,0,0,0,0,-17.7829080417976,-12.5083867807725,-4.02166796921024e-05,0.000134873135773219,-2.44853343330007,0.508895149977269
3238,129.52,209.46227675235,8.37612756332899,-217.774142180925,-13.6844512751717,432.544742645118,0,0,0,0,-17.7829174976371,-12.5110347684744,-4.02167512604886e-05,0.000134873146231207,-2.44020751221628,0.50889018998212
3239,129.56,209.462769953001,8.37638725832804,-217.776720029549,-13.6844628213687,432.547565545591,0,0,0,0,-17.782932252637,-12.5137230834881,-4.02168227407406e-05,0.000134873155046905,-2.43172107088179,0.508884413260976
3240,129.6,209.46333115295,8.37671654949898,-217.779308341857,-13.684479109384,432.550402054692,0,0,0,0,-17.7829531530763,-12.516455131902,-4.02168941515137e-05,0.000134873162211375,-2.42307467743227,0.508877712765673
3241,129.64,209.463969862476,8.37712569943949,-217.781906905148,-13.6845008210897,432.553251889275,0,0,0,0,-17.7829810832756,-12.5192342912453,-4.02169653924129e-05,0.000134873167819472,-2.41426891071992,0.50887000007385
3242,129.68,209.464694906868,8.37762423975397,-217.784515508659,-13.6845285891138,432.556114764886,0,0,0,0,-17.7830168640113,-12.5220633755597,-4.02170363763372e-05,0.000134873171926968,-2.40530436029075,0.508861234928923
3243,129.72,209.465512123693,8.37821850634646,-217.787133945461,-13.684562833001,432.558990395809,0,0,0,0,-17.783061040212,-12.5249436042747,-4.02171068795778e-05,0.000134873174718662,-2.39618162636913,0.508851467487305
3244,129.76,209.466420124383,8.37890709997033,-217.78976201542,-13.6846034552779,432.56187849511,0,0,0,0,-17.7831134869402,-12.5278727852902,-4.02171760373951e-05,0.000134873177047492,-2.3869013198495,0.508840889495391
3245,129.8,209.467403393366,8.3796734928346,-217.792399529273,-13.6846493448882,432.564778774692,0,0,0,0,-17.7831727654044,-12.5308423975442,-4.02172409886311e-05,0.000134873181785247,-2.37746406228829,0.508829882357113
3246,129.84,209.468422931067,8.38047599955718,-217.795046313248,-13.6846977005822,432.567690945341,0,0,0,0,-17.7832352451342,-12.5338335460393,-4.02172962237203e-05,0.000134873194415181,-2.36787048587384,0.508819041091194
3247,129.88,209.469407254605,8.38123812340738,-217.797702212222,-13.6847433733495,432.570614716768,0,0,0,0,-17.7832942504348,-12.5368128689893,-4.02173400399602e-05,0.000134873216583789,-2.35812123332725,0.508809150295094
3248,129.92,209.47025061497,8.38184662626032,-217.800367087767,-13.6847787211666,432.573549797644,0,0,0,0,-17.7833398710949,-12.5397313850525,-4.02173836016363e-05,0.000134873237129104,-2.3482169576761,0.508801098422528
3249,129.96,209.47082795897,8.38216754192168,-217.803040807133,-13.6847946714003,432.576495895582,0,0,0,0,-17.7833603397092,-12.5425307355262,-4.02174449304391e-05,0.000134873238115264,-2.33815832189185,0.508795739524673
3250,130,209.471031215094,8.38208507077858,-217.805723222699,-13.684783350094,432.579452717108,0,0,0,0,-17.7833454421401,-12.5451597743383,-4.02175308292321e-05,0.000134873212858794,-2.32794599854758,0.508793734696713
3251,130.04,209.470814372681,8.38154994820731,-217.808414148735,-13.684741394404,432.582419967613,0,0,0,0,-17.783290815118,-12.5475965053774,-4.02176279618125e-05,0.000134873174803476,-2.3175806698402,0.508795412711047
3252,130.08,209.470217755857,8.38060549989272,-217.811113348296,-13.6846717470583,432.585397351319,0,0,0,0,-17.7832002751521,-12.5498597672745,-4.02177134491264e-05,0.000134873146907819,-2.30706302810278,0.508800680136109
3253,130.12,209.469350739578,8.37936907707192,-217.813820540006,-13.6845823687817,432.588384571294,0,0,0,0,-17.7830841485818,-12.5519998093131,-4.02177785893852e-05,0.000134873137927167,-2.29639377634067,0.508809004564465
3254,130.16,209.468344989718,8.3779818824096,-217.816535421645,-13.6844828004929,432.591381329446,0,0,0,0,-17.7829548111265,-12.554076220223,-4.02178339154287e-05,0.000134873137358417,-2.28557362831617,0.508819497534787
3255,130.2,209.467310832511,8.37656219582928,-217.81925769577,-13.6843809940639,432.594387326516,0,0,0,0,-17.7828225757525,-12.5561390300505,-4.02178895584776e-05,0.000134873135091066,-2.27460330825635,0.508831106496082
3256,130.24,209.466318957792,8.3751857906154,-217.821987083947,-13.6842820109383,432.597402262062,0,0,0,0,-17.7826940047455,-12.5582210634705,-4.02179490730071e-05,0.000134873127582655,-2.26348355048923,0.508842864316305
3257,130.28,209.465405321118,8.37389122337725,-217.824723327944,-13.6841884087969,432.600425834482,0,0,0,0,-17.78257241248,-12.5603400653457,-4.02180140891641e-05,0.000134873113184051,-2.2522150992109,0.508854086920716
3258,130.32,209.464583553183,8.3726931513697,-217.827466184757,-13.6841011545026,432.603457741073,0,0,0,0,-17.7824590506427,-12.5625039783446,-4.02180815357749e-05,0.000134873094918851,-2.24079870841981,0.50886443037873
3259,130.36,209.463854356026,8.37159239485495,-217.830215421371,-13.6840202955536,432.606497678096,0,0,0,0,-17.7823539794526,-12.5647147348489,-4.02181478082274e-05,0.000134873076342637,-2.22923514190811,0.508873812044815
3260,130.4,209.463211536647,8.37058239417235,-217.83297081088,-13.6839453874774,432.609545340832,0,0,0,0,-17.78225662183,-12.5669707327284,-4.02182132024522e-05,0.000134873057130635,-2.21752517323011,0.508882277243641
3261,130.44,209.462646225156,8.36965372916995,-217.835732129817,-13.6838757978382,432.612600423642,0,0,0,0,-17.7821661574009,-12.569268799602,-4.02182776430775e-05,0.000134873037348332,-2.20566958567544,0.508889895668251
3262,130.48,209.462149116859,8.36879651935374,-217.838499156471,-13.6838108660495,432.615662620025,0,0,0,0,-17.7820817295506,-12.5716052675992,-4.02183409035184e-05,0.000134873017195688,-2.19366917224983,0.508896722576658
3263,130.52,209.46171133935,8.36800135020555,-217.841271669905,-13.6837499636215,432.618731622671,0,0,0,0,-17.782002523433,-12.5739764029438,-4.02184036447731e-05,0.000134872995968784,-2.18152473563543,0.508902808362623
3264,130.56,209.46132488827,8.36725973895294,-217.844049449409,-13.6836925247846,432.62180712351,0,0,0,0,-17.7819278056036,-12.5763786890961,-4.0218465697554e-05,0.000134872973831491,-2.1692370881408,0.508908217681462
3265,130.6,209.460982768437,8.36656428306352,-217.846832274218,-13.6836380541761,432.624888813768,0,0,0,0,-17.7818569339298,-12.5788089454866,-4.02185268947739e-05,0.000134872951007828,-2.15680705165124,0.508913031664721
3266,130.64,209.460678930307,8.36590858996195,-217.849619923378,-13.6835861202861,432.62797638401,0,0,0,0,-17.7817893490564,-12.5812643228757,-4.02185872430264e-05,0.000134872927548081,-2.14423545757418,0.508917333942674
3267,130.68,209.460408183879,8.36528718547452,-217.852412175625,-13.6835363501603,432.63106952419,0,0,0,0,-17.7817245675271,-12.5837422942774,-4.02186467316897e-05,0.000134872903471413,-2.13152314678261,0.508921196336969
3268,130.72,209.460166095489,8.36469540467245,-217.855208809279,-13.6834884236036,432.634167923699,0,0,0,0,-17.781662174274,-12.5862406269289,-4.02187057687018e-05,0.00013487287835867,-2.11867096955875,0.508924675205435
3269,130.76,209.459948879897,8.36412927686216,-217.858009602167,-13.6834420662055,432.637271271407,0,0,0,0,-17.7816018135764,-12.5887573456047,-4.0218764635608e-05,0.000134872851930526,-2.1056797855362,0.508927816654387
3270,130.8,209.459753310094,8.36358542959096,-217.860814331555,-13.6833970436517,432.64037925571,0,0,0,0,-17.7815431816905,-12.5912907049642,-4.02188233043528e-05,0.000134872824220999,-2.09255046364164,0.508930662475525
3271,130.84,209.45957663307,8.36306100053087,-217.863622774083,-13.6833531579528,432.643491564575,0,0,0,0,-17.7814860219766,-12.5938391612716,-4.02188815423967e-05,0.000134872795457928,-2.07928388203607,0.508933251901171
3272,130.88,209.459416496499,8.36255356172729,-217.866434705723,-13.6833102450854,432.64660788558,0,0,0,0,-17.7814301218659,-12.596401347799,-4.02189390527724e-05,0.000134872765942581,-2.06588092805513,0.50893562029221
3273,130.92,209.459270887335,8.36206105397511,-217.869249901851,-13.6832681707513,432.649727905962,0,0,0,0,-17.7813753073645,-12.598976052111,-4.02189956862062e-05,0.000134872735842995,-2.05234249814906,0.50893779796723
3274,130.96,209.459138077334,8.36158172432195,-217.872068137446,-13.6832268221937,432.652851312652,0,0,0,0,-17.781321432411,-12.6015621916559,-4.02190515348583e-05,0.000134872705080621,-2.03866949782216,0.508939810409212
3275,131,209.459016577432,8.36111407124169,-217.874889187329,-13.6831860988033,432.655977792322,0,0,0,0,-17.7812683666479,-12.6041587922286,-4.02191070118112e-05,0.000134872673242727,-2.02486284157178,0.508941678970385
3276,131.04,209.458905102461,8.36065680425394,-217.877712826279,-13.68314590694,432.659107031427,0,0,0,0,-17.7812159886864,-12.6067649736337,-4.02191624277396e-05,0.000134872640020325,-2.01092345282671,0.508943421323379
3277,131.08,209.458802544172,8.36020881887387,-217.880538828974,-13.6831061619714,432.662238716243,0,0,0,0,-17.7811641887813,-12.6093799423425,-4.02192176949488e-05,0.000134872605503593,-1.996852263885,0.508945052041779
3278,131.12,209.458707945099,8.35976917500869,-217.883366969832,-13.6830667929867,432.665372532909,0,0,0,0,-17.7811128749969,-12.612002981803,-4.02192725620502e-05,0.000134872569942156,-1.98265021585114,0.508946583622847
3279,131.16,209.45862046968,8.35933706693048,-217.88619702301,-13.6830277417087,432.668508167468,0,0,0,0,-17.7810619718067,-12.6146334340037,-4.02193267175357e-05,0.000134872533667749,-1.96831825857262,0.508948027255273
3280,131.2,209.458539381532,8.35891179268776,-217.889028762557,-13.6829889545085,432.67164530591,0,0,0,0,-17.7810114096893,-12.6172706827835,-4.02193799096133e-05,0.000134872496995439,-1.95385735057594,0.508949392671854
3281,131.24,209.458464036896,8.35849274162449,-217.891861962542,-13.6829503763944,432.674783634208,0,0,0,0,-17.7809611172888,-12.6199141540499,-4.02194322722179e-05,0.000134872459858125,-1.93926845900192,0.508950687628615
3282,131.28,209.458393889298,8.35807940221375,-217.894696396955,-13.6829119543217,432.677922838361,0,0,0,0,-17.7809110257286,-12.6225633298122,-4.02194843032169e-05,0.000134872421744487,-1.92455255954079,0.508951918056026
3283,131.32,209.458328489149,8.35767137100642,-217.897531839398,-13.6828736468929,432.681062604434,0,0,0,0,-17.7808610812672,-12.6252177568383,-4.02195363009723e-05,0.000134872382227698,-1.90971063636668,0.508953089099678
3284,131.36,209.458267468953,8.35726834504619,-217.900368062821,-13.682835431867,432.684202618595,0,0,0,0,-17.7808112551062,-12.6278770382314,-4.021958797792e-05,0.000134872341435323,-1.89474368207154,0.50895420632493
3285,131.4,209.458210518746,8.35687009679272,-217.903204839516,-13.6827973056906,432.68734256716,0,0,0,0,-17.7807615427956,-12.6305408127587,-4.0219638990309e-05,0.000134872299679073,-1.87965269759844,0.508955276246604
3286,131.44,209.458157361744,8.35647644166492,-217.90604194142,-13.6827592751283,432.690482136628,0,0,0,0,-17.7807119533312,-12.6332087328436,-4.02196898560109e-05,0.000134872256608077,-1.86443869217405,0.508956305900812
3287,131.48,209.458107738068,8.35608721048123,-217.908879140594,-13.6827213455414,432.693621013721,0,0,0,0,-17.780662493871,-12.6358804493856,-4.02197411247335e-05,0.000134872211914318,-1.84910268324082,0.508957301818996
3288,131.52,209.45806140035,8.35570223614055,-217.911716209669,-13.6826835115463,432.696758885424,0,0,0,0,-17.7806131575496,-12.6385556074972,-4.0219791497452e-05,0.000134872167009413,-1.83364569638873,0.508958269026454
3289,131.56,209.458018119333,8.35532135602559,-217.914552922091,-13.6826457536242,432.699895439022,0,0,0,0,-17.780563919049,-12.6412338525075,-4.02198400529772e-05,0.000134872122756321,-1.81806876528644,0.508959210478977
3290,131.6,209.457977691185,8.35494442175119,-217.917389052094,-13.6826080406106,432.703030362139,0,0,0,0,-17.7805147378409,-12.6439148395907,-4.02198890385573e-05,0.000134872076832547,-1.80237293161196,0.508960126960533
3291,131.64,209.457939938594,8.35457130580645,-217.920224374465,-13.682570335526,432.706163342778,0,0,0,0,-17.7804655657895,-12.6465982387276,-4.02199381371687e-05,0.000134872029587566,-1.78655924498267,0.50896101727173
3292,131.68,209.457904704777,8.35420190166552,-217.923058664183,-13.6825326020681,432.709294069363,0,0,0,0,-17.7804163556234,-12.6492837328628,-4.02199832231517e-05,0.000134871985265038,-1.77062876288502,0.508961878717591
3293,131.72,209.457871843262,8.35383611853504,-217.925891696063,-13.6824948099796,432.712422230769,0,0,0,0,-17.7803670679478,-12.6519710107125,-4.02200281056799e-05,0.000134871940188393,-1.75458255060335,0.508962708221091
3294,131.76,209.457841222466,8.35347388999126,-217.928723244475,-13.6824569394208,432.71554751637,0,0,0,0,-17.7803176769505,-12.6546597687534,-4.02200792224081e-05,0.000134871887964762,-1.73842168114725,0.508963504318583
3295,131.8,209.457812766812,8.35311521946682,-217.931553083218,-13.6824189855089,432.718669616072,0,0,0,0,-17.7802681763039,-12.6573497485542,-4.02201277856579e-05,0.000134871837202512,-1.72214723517857,0.508964269538245
3296,131.84,209.457786444347,8.35276016607629,-217.93438098556,-13.6823809565217,432.721788220352,0,0,0,0,-17.7802185768219,-12.6600407380823,-4.02201656810054e-05,0.000134871795644675,-1.70576030094231,0.508965011659188
3297,131.88,209.457762093957,8.35240865594101,-217.937206724411,-13.6823428578698,432.724903020297,0,0,0,0,-17.78016888565,-12.66273241725,-4.02202062159048e-05,0.000134871749693299,-1.68926197419627,0.508965742173234
3298,131.92,209.457739375113,8.35206042389749,-217.940030072556,-13.6823046838681,432.728013707639,0,0,0,0,-17.7801190955653,-12.6654242819014,-4.02202591706082e-05,0.000134871689533371,-1.67265335812833,0.50896647160661
3299,131.96,209.457718186223,8.35171545984911,-217.942850802904,-13.6822664455165,432.731119974794,0,0,0,0,-17.7800692209831,-12.6681160133075,-4.02203095677011e-05,0.000134871630231702,-1.65593556327371,0.508967203532258
3300,132,209.457698928446,8.3513742907695,-217.945668688752,-13.6822281884672,432.734221514895,0,0,0,0,-17.7800193212294,-12.6708077682302,-4.02203440383804e-05,0.000134871585189669,-1.63910970745844,0.508967930676327
3301,132.04,209.457681726007,8.35103714124423,-217.948483503991,-13.6821899330824,432.737318021836,0,0,0,0,-17.7799694227783,-12.673499500971,-4.02203737404662e-05,0.000134871543215565,-1.62217691574689,0.508968636328736
3302,132.08,209.457665557103,8.35070299779889,-217.95129502316,-13.6821516078415,432.740409190305,0,0,0,0,-17.7799194328911,-12.6761901257993,-4.02204157834182e-05,0.000134871487167758,-1.60513832034178,0.508969301704775
3303,132.12,209.4576491953,8.35037062025271,-217.954103021362,-13.6821131194109,432.74349471582,0,0,0,0,-17.7798692305292,-12.6788783331507,-4.02204679022243e-05,0.000134871419334063,-1.58799506045937,0.508969915917314
3304,132.16,209.457633249989,8.35004073512226,-217.95690727423,-13.6820745056612,432.746574294758,0,0,0,0,-17.7798188648256,-12.6815644727217,-4.02205135759256e-05,0.000134871356339198,-1.57074828226408,0.50897048292172
3305,132.2,209.457620162492,8.34971603277167,-217.959707558009,-13.6820359366719,432.749647624401,0,0,0,0,-17.779768556351,-12.6842505713571,-4.02205451892471e-05,0.000134871305951264,-1.55339913886666,0.508971021619975
3306,132.24,209.457611270417,8.34939801713171,-217.962503649607,-13.6819975000803,432.752714402973,0,0,0,0,-17.7797184186741,-12.6869376531332,-4.02205719310612e-05,0.000134871259103948,-1.53594879028473,0.508971559700994
3307,132.28,209.457604271869,8.34908428729713,-217.965295326421,-13.6819590186836,432.755774329676,0,0,0,0,-17.7796682218154,-12.6896234351431,-4.02206064124262e-05,0.000134871203235136,-1.51839840330273,0.508972124836194
3308,132.32,209.457594612867,8.34877002991075,-217.968082365992,-13.681920155774,432.758827104723,0,0,0,0,-17.7796175289477,-12.6923035844448,-4.02206505227401e-05,0.00013487113647081,-1.50074915129622,0.508972736692737
3309,132.36,209.457579976929,8.34845283544694,-217.970864545777,-13.681880742102,432.761872429361,0,0,0,0,-17.7795661205347,-12.6949757613372,-4.0220695667844e-05,0.000134871067449301,-1.48300221413195,0.508973401428393
3310,132.4,209.457563368563,8.34813600063879,-217.973641643271,-13.681840994719,432.764910005914,0,0,0,0,-17.7795142781578,-12.6976423908371,-4.02207334518501e-05,0.000134871004612757,-1.4651587781731,0.508974109254355
3311,132.44,209.45755136202,8.34782664538027,-217.976413436344,-13.6818013848373,432.767939537821,0,0,0,0,-17.779462613047,-12.7003091182996,-4.02207632770093e-05,0.000134870948487445,-1.44722003630969,0.508974835681735
3312,132.48,209.457548651049,8.34752986897204,-217.979179703486,-13.6817622441129,432.770960729676,0,0,0,0,-17.7794115553477,-12.7029799646499,-4.02207900309622e-05,0.000134870893933811,-1.42918718791109,0.508975546799311
3313,132.52,209.457553505178,8.34724388482409,-217.981940223692,-13.6817234432147,432.77397328726,0,0,0,0,-17.7793609372085,-12.7056532636446,-4.0220818253316e-05,0.000134870836108079,-1.41106143867083,0.508976207491023
3314,132.56,209.457558010323,8.34696028552854,-217.984694776057,-13.6816844167223,432.776976917574,0,0,0,0,-17.77931002515,-12.7083218594054,-4.02208503437233e-05,0.000134870772494823,-1.39284400040713,0.508976789792383
3315,132.6,209.457553078412,8.34666941410728,-217.987443139403,-13.6816445251593,432.779971328866,0,0,0,0,-17.7792579897359,-12.7109775474365,-4.02208861271613e-05,0.00013487070347857,-1.37453609091104,0.50897727826055
3316,132.64,209.457534733513,8.34636709499786,-217.990185092207,-13.6816034999397,432.782956230662,0,0,0,0,-17.7792044827251,-12.7136165952871,-4.02209214224434e-05,0.000134870633650376,-1.35613893388777,0.508977670903037
3317,132.68,209.45750743217,8.34605818336458,-217.992920412955,-13.6815616720385,432.785931333799,0,0,0,0,-17.7791499336163,-12.7162426321038,-4.02209514544381e-05,0.000134870568076877,-1.33765375897319,0.508977976719585
3318,132.72,209.457482104109,8.34575446011549,-217.995648880709,-13.6815198257577,432.78889635046,0,0,0,0,-17.7790953598846,-12.7188649541126,-4.02209771075542e-05,0.000134870505822418,-1.31908180176233,0.508978212408673
3319,132.76,209.457470096377,8.34546814350526,-217.998370275589,-13.6814787657512,432.791850994212,0,0,0,0,-17.779041805312,-12.7214932417405,-4.02210027525368e-05,0.000134870442209108,-1.30042430377416,0.50897840033612
3320,132.8,209.457476947323,8.34520522482251,-218.001084378913,-13.6814388786251,432.794794980038,0,0,0,0,-17.7789897713174,-12.7241320894296,-4.0221028748822e-05,0.000134870376643182,-1.28168251232551,0.508978567961179
3321,132.84,209.457499471225,8.34496235423135,-218.003790972961,-13.6813999344147,432.797728024369,0,0,0,0,-17.7789389594798,-12.7267784775963,-4.02210522310516e-05,0.000134870312058387,-1.26285768036066,0.508978747095532
3322,132.88,209.457526881374,8.34472804973343,-218.006489840534,-13.6813611729421,432.800649845117,0,0,0,0,-17.7788883836434,-12.7294228599438,-4.02210736702458e-05,0.000134870248246305,-1.2439510662943,0.508978971199245
3323,132.92,209.457544877697,8.34448707458369,-218.009180764513,-13.6813215940839,432.80356016171,0,0,0,0,-17.7788367465286,-12.7320527772461,-4.02210969732074e-05,0.000134870181481393,-1.22496393388012,0.508979270463981
3324,132.96,209.457541447313,8.34422664444729,-218.011863527602,-13.681280364648,432.806458695117,0,0,0,0,-17.7787829675253,-12.734657792567,-4.0221123958315e-05,0.000134870109945244,-1.20589755210397,0.508979666080408
3325,133,209.45751250008,8.34394245669724,-218.014537912394,-13.6812372120968,432.809345167873,0,0,0,0,-17.7787266933284,-12.7372342336176,-4.02211516265646e-05,0.000134870036564214,-1.18675319512853,0.508980165598249
3326,133.04,209.45746435719,8.34364134989825,-218.017203701754,-13.6811925950651,432.812219304111,0,0,0,0,-17.7786685190184,-12.7397872974291,-4.02211747573119e-05,0.000134869966506354,-1.16753214230204,0.508980760939983
3327,133.08,209.457411128792,8.34333849202293,-218.019860679362,-13.6811475134568,432.815080829589,0,0,0,0,-17.7786097416887,-12.7423288334408,-4.02211917172282e-05,0.000134869901363907,-1.14823567817562,0.508981429902384
3328,133.12,209.457368508842,8.34305073674135,-218.022508630161,-13.6811030694604,432.817929471722,0,0,0,0,-17.7785517910523,-12.7448720707716,-4.02212075709208e-05,0.00013486983602986,-1.12886509245045,0.508982140852018
3329,133.16,209.457348043122,8.34279049060063,-218.025147340569,-13.6810600665226,432.820764959613,0,0,0,0,-17.7784957092762,-12.7474266891061,-4.02212281836254e-05,0.000134869764615266,-1.10942167983975,0.508982859114872
3330,133.2,209.457354720588,8.34256313973603,-218.027776598454,-13.6810188447711,432.823587024077,0,0,0,0,-17.7784419374674,-12.7499966776078,-4.02212515965988e-05,0.000134869689069693,-1.08990673990857,0.508983553039246
3331,133.24,209.457387302991,8.34236740727618,-218.030396192907,-13.6809793090546,432.826395397677,0,0,0,0,-17.778390352019,-12.7525806125084,-4.02212708397248e-05,0.000134869616339181,-1.07032157695817,0.508984198169416
3332,133.28,209.457439035816,8.34219611723476,-218.033005913926,-13.6809409822529,432.82918981476,0,0,0,0,-17.7783403338199,-12.7551723854289,-4.02212840480551e-05,0.00013486954824393,-1.05066749995305,0.508984778930516
3333,133.32,209.45749785078,8.34203641211997,-218.035605552034,-13.6809030207986,432.831970011493,0,0,0,0,-17.7782907885135,-12.7577615150831,-4.02212948088631e-05,0.000134869481162541,-1.0309458224355,0.508985288042754
3334,133.36,209.457547502673,8.34187096814699,-218.038194897984,-13.6808642933823,432.834735725892,0,0,0,0,-17.7782402486847,-12.7603341744017,-4.02213063776334e-05,0.000134869411839419,-1.01115786239414,0.508985724310878
3335,133.4,209.457571291961,8.34168197504008,-218.040773742551,-13.6808236383703,432.837486697843,0,0,0,0,-17.7781872077541,-12.762876303909,-4.02213212352878e-05,0.000134869337841321,-0.991304942113569,0.508986089635552
3336,133.44,209.457557887142,8.34145736187567,-218.043341876498,-13.6807802673563,432.840222669121,0,0,0,0,-17.778130643318,-12.7653783830604,-4.0221339394138e-05,0.00013486925925065,-0.971388388062737,0.508986386217522
3337,133.48,209.457506363046,8.34119618645738,-218.045899090645,-13.6807341161756,432.842943383409,0,0,0,0,-17.7780704723082,-12.7678394774705,-4.02213561605289e-05,0.000134869180880194,-0.951409530857898,0.508986614827102
3338,133.52,209.457427098336,8.34090959806728,-218.048445176077,-13.6806859099773,432.845648586323,0,0,0,0,-17.7780076353402,-12.770267910704,-4.02213682466349e-05,0.000134869106115626,-0.931369705280219,0.508986774543532
3339,133.56,209.457337448213,8.34061621113266,-218.050979924486,-13.6806368638659,432.848338025433,0,0,0,0,-17.7779437084925,-12.7726777708896,-4.02213767582302e-05,0.000134869033874429,-0.911270250277375,0.508986863752688
3340,133.6,209.457254727806,8.34033459869675,-218.05350312859,-13.6805881925936,432.851011450293,0,0,0,0,-17.77788026745,-12.7750832525793,-4.02213817912703e-05,0.000134868963970514,-0.891112508882144,0.508986881757651
3341,133.64,209.457190852814,8.34007755560875,-218.056014582523,-13.6805407327309,432.85366861246,0,0,0,0,-17.7778183974415,-12.7774942333023,-4.0221384053924e-05,0.000134868895532545,-0.870897828050182,0.508986830250324
3342,133.68,209.457151182318,8.33985085684828,-218.058514082031,-13.6804948580155,432.856309265516,0,0,0,0,-17.7777585833435,-12.7799151580484,-4.02213893825043e-05,0.000134868822619699,-0.85062755848437,0.5089867141463
3343,133.72,209.457136737191,8.33965562966502,-218.06100142439,-13.680450633177,432.858933165093,0,0,0,0,-17.7777009091095,-12.7823467265795,-4.02214007876698e-05,0.000134868742287918,-0.83030305450384,0.508986541676688
3344,133.76,209.457147249997,8.33949161909126,-218.063476408129,-13.6804080298656,432.861540068901,0,0,0,0,-17.7776453378453,-12.7847884299635,-4.02214117138641e-05,0.000134868661312052,-0.809925673964659,0.508986323840093
3345,133.8,209.457182857771,8.33935900413684,-218.065938832701,-13.6803670504222,432.864129736757,0,0,0,0,-17.7775918724017,-12.78724005094,-4.02214160652293e-05,0.000134868586012771,-0.789496778212436,0.508986073554542
3346,133.84,209.457243419921,8.33925767245174,-218.068388498264,-13.6803276848846,432.866701930617,0,0,0,0,-17.7775404996619,-12.7897011053645,-4.02214170200302e-05,0.000134868513266386,-0.769017732038823,0.508985805295186
3347,133.88,209.457326011044,8.33918453967985,-218.070825205603,-13.6802897376375,432.869256414604,0,0,0,0,-17.7774909657416,-12.7921687008699,-4.0221419151432e-05,0.000134868438310857,-0.748489903608492,0.508985535900611
3348,133.92,209.457422430993,8.33913088459905,-218.073248756214,-13.6802526524198,432.871792955028,0,0,0,0,-17.7774425490628,-12.7946355624244,-4.02214203009289e-05,0.000134868362985996,-0.727914664344377,0.508985286080926
3349,133.96,209.457518436452,8.33908152246558,-218.075658952501,-13.6802154539243,432.874311320411,0,0,0,0,-17.7773939846509,-12.7970896890818,-4.02214169833521e-05,0.000134868290536396,-0.707293388790433,0.508985081028352
3350,134,209.457595360492,8.3390165298143,-218.078055597897,-13.6801768529333,432.876811281508,0,0,0,0,-17.7773436005132,-12.79951592147,-4.02214117352562e-05,0.000134868218389961,-0.686627454469112,0.508984948640932
3351,134.04,209.457634226221,8.33891563895706,-218.080438496682,-13.6801355273688,432.879292611315,0,0,0,0,-17.7772896821288,-12.8018992082903,-4.0221410438498e-05,0.000134868140804676,-0.665918241736705,0.508984915021916
3352,134.08,209.457621859254,8.33876477828987,-218.082807453509,-13.680090550613,432.881755085086,0,0,0,0,-17.7772310278849,-12.8042291817281,-4.02214140386661e-05,0.00013486805703766,-0.645167133660944,0.50898499825987
3353,134.12,209.457556642804,8.33856223747503,-218.085162272897,-13.6800418021093,432.884198480335,0,0,0,0,-17.7771674815058,-12.8065044320147,-4.02214163224164e-05,0.000134867973453773,-0.624375515970459,0.508985202607577
3354,134.16,209.457450028872,8.33832029196995,-218.087502759081,-13.6799900808748,432.886622576858,0,0,0,0,-17.7771000792434,-12.8087336251178,-4.0221411859894e-05,0.00013486789553277,-0.603544777079973,0.50898551570099
3355,134.2,209.457321933732,8.33806027799235,-218.089828716341,-13.6799367846675,432.889027156747,0,0,0,0,-17.7770306338752,-12.810932040821,-4.02214023253327e-05,0.000134867821588103,-0.582676308105587,0.508985910763162
3356,134.24,209.457192919035,8.33780422428509,-218.092139949661,-13.6798833599994,432.89141200441,0,0,0,0,-17.7769610215566,-12.8131157199146,-4.02213919393507e-05,0.000134867747405398,-0.561771502778816,0.508986353650215
3357,134.28,209.457078286834,8.3375685328402,-218.094436265457,-13.679830887128,432.893776906579,0,0,0,0,-17.7768926436153,-12.8152969972619,-4.02213824715212e-05,0.000134867671278061,-0.540831757273924,0.508986812021977
3358,134.32,209.456986360672,8.33736213900894,-218.096717472121,-13.6797799585411,432.896121652324,0,0,0,0,-17.7768262688141,-12.8174830031233,-4.02213738391982e-05,0.00013486759337117,-0.519858470041456,0.5089872625468
3359,134.36,209.456919324716,8.33718740536411,-218.098983380272,-13.6797307334509,432.898446033075,0,0,0,0,-17.7767621038384,-12.8196759498778,-4.02213636325128e-05,0.000134867516109683,-0.498853041695889,0.508987693209594
3360,134.4,209.456874554661,8.33704154072972,-218.101233802611,-13.679683026096,432.900749842638,0,0,0,0,-17.7766999077415,-12.8218738539088,-4.02213496739062e-05,0.000134867441559322,-0.477816874923683,0.508988100848201
3361,134.44,209.456846303981,8.33691840503632,-218.103468553411,-13.6796364248663,432.903032877222,0,0,0,0,-17.7766391465111,-12.8240717994224,-4.02213359679251e-05,0.000134867365520559,-0.456751374374619,0.50898848642764
3362,134.48,209.456828338904,8.33681133497078,-218.105687447878,-13.6795904836446,432.905294935455,0,0,0,0,-17.7765792413743,-12.8262642476606,-4.02213273254203e-05,0.000134867283028946,-0.435657946546546,0.508988850639931
3363,134.52,209.456817100338,8.33671653312705,-218.107890301714,-13.6795449494695,432.907535818395,0,0,0,0,-17.7765198641794,-12.8284479127077,-4.02213191593255e-05,0.000134867198651755,-0.414537999691967,0.508989191195394
3364,134.56,209.45681383977,8.33663535516132,-218.110076931063,-13.6794999138775,432.909755329549,0,0,0,0,-17.7764611337008,-12.83062372618,-4.02213038272917e-05,0.000134867120117776,-0.393392943760852,0.508989502138422
3365,134.6,209.456824122505,8.33657377498454,-218.112247152742,-13.679455774629,432.911953274891,0,0,0,0,-17.7764035659251,-12.832796369714,-4.0221283505624e-05,0.000134867045351837,-0.372224190363728,0.508989774932352
3366,134.64,209.456854780239,8.3365391181801,-218.114400784525,-13.6794130162955,432.91412946288,0,0,0,0,-17.7763477893839,-12.8349714459932,-4.02212656565405e-05,0.00013486696699204,-0.351033152706706,0.508990000820245
3367,134.68,209.456910662106,8.33653658490579,-218.116537645263,-13.6793719820101,432.916283704474,0,0,0,0,-17.7762942490858,-12.8371525288609,-4.02212502553562e-05,0.000134866885244365,-0.329821245469478,0.508990173811277
3368,134.72,209.456993429749,8.33656796757478,-218.118657554893,-13.6793327960748,432.918415813142,0,0,0,0,-17.7762431061706,-12.8393401901628,-4.02212320847272e-05,0.000134866805606363,-0.308589884664276,0.508990293076684
3369,134.76,209.45710200771,8.33663213790798,-218.120760334569,-13.6792954005104,432.920525604881,0,0,0,0,-17.7761942853411,-12.8415325776317,-4.02212108705004e-05,0.00013486672853111,-0.287340487530803,0.508990363220129
3370,134.8,209.457232662597,8.33672512747787,-218.122845807039,-13.6792595560756,432.922612898233,0,0,0,0,-17.7761474761776,-12.8437257101309,-4.02211893665589e-05,0.000134866651103105,-0.266074472467233,0.50899039200485
3371,134.84,209.457377725243,8.3368387527137,-218.124913797068,-13.6792247447023,432.9246775143,0,0,0,0,-17.7761020066186,-12.8459127418633,-4.02211662619216e-05,0.000134866574204986,-0.244793258958951,0.508990386914516
3372,134.88,209.457523731559,8.33695862218319,-218.126964131636,-13.6791900357519,432.926719276764,0,0,0,0,-17.7760566695955,-12.8480828507416,-4.02211385649319e-05,0.000134866500529416,-0.223498267478581,0.508990352448643
3373,134.92,209.457650728792,8.33706339379673,-218.128996639682,-13.6791540372146,432.928738011892,0,0,0,0,-17.7760096598572,-12.8502209017991,-4.02211075761117e-05,0.000134866428864133,-0.20219091934566,0.508990289171982
3374,134.96,209.457734809229,8.3371274849439,-218.131011151406,-13.6791150728585,432.93073354855,0,0,0,0,-17.7759588037526,-12.8523092464181,-4.0221079041926e-05,0.00013486635376679,-0.180872636546746,0.508990194689956
3375,135,209.457754905469,8.33712834484697,-218.133007497237,-13.6790716603339,432.932705718193,0,0,0,0,-17.7759021791884,-12.854332485246,-4.02210572503584e-05,0.000134866271139178,-0.159544841558861,0.508990066260846
3376,135.04,209.457701614675,8.33705590286009,-218.13498550686,-13.679023136195,432.934654354869,0,0,0,0,-17.7758389260284,-12.8562837164675,-4.02210384657711e-05,0.000134866184689833,-0.138208957258386,0.508989903860836
3377,135.08,209.457582477901,8.33691822278866,-218.136945008841,-13.6789700312693,432.936579295222,0,0,0,0,-17.775769732736,-12.8581682452896,-4.02210143485307e-05,0.000134866102656369,-0.116866406953736,0.508989711562499
3378,135.12,209.457419122532,8.33673844188881,-218.138885831176,-13.6789138666815,432.9384803785,0,0,0,0,-17.7756965718288,-12.8600014552725,-4.0220982734299e-05,0.00013486602716795,-0.0955186144606167,0.508989495780965
3379,135.16,209.457237726788,8.33654455857754,-218.140807802464,-13.6788564758947,432.940357446569,0,0,0,0,-17.775621820828,-12.861802041701,-4.02209484366651e-05,0.000134865953450634,-0.0741670040768863,0.508989261461738
3380,135.2,209.457059665557,8.33635942032537,-218.142710753006,-13.6787993456755,432.942210343913,0,0,0,0,-17.775547407806,-12.8635855547501,-4.02209152221643e-05,0.000134865877790818,-0.0528130004067511,0.508989009130282
3381,135.24,209.456897959438,8.33619693270137,-218.144594515305,-13.6787433755912,432.944038917633,0,0,0,0,-17.7754744995736,-12.8653620298449,-4.02208832422088e-05,0.000134865800086667,-0.0314580281336361,0.508988734764614
3382,135.28,209.456759010427,8.33606392806755,-218.146458924078,-13.6786890110201,432.945843017457,0,0,0,0,-17.7754036740889,-12.8671371157531,-4.02208503373424e-05,0.000134865722566284,-0.0101035118651108,0.508988431875121
3383,135.32,209.456645433598,8.33596319733612,-218.148303816149,-13.6786364433413,432.947622495753,0,0,0,0,-17.7753351799238,-12.8689137464837,-4.02208133975944e-05,0.000134865648380581,0.0112491239411909,0.508988093897055
3384,135.36,209.456557599813,8.33589513233284,-218.150129030466,-13.6785857095903,432.949377207537,0,0,0,0,-17.7752690653794,-12.8706928972666,-4.0220773530067e-05,0.000134865576336618,0.0325984550436763,0.508987715910256
3385,135.4,209.456494463022,8.33585860324746,-218.151934408119,-13.678536742598,432.951107010491,0,0,0,0,-17.7752052434536,-12.8724740873124,-4.02207368586729e-05,0.000134865500124457,0.0539430575096599,0.508987295983645
3386,135.44,209.456454408373,8.33585186590082,-218.153719792212,-13.6784894302823,432.952811764966,0,0,0,0,-17.775143568751,-12.8742561562495,-4.02207044620164e-05,0.000134865418557533,0.0752815078101663,0.508986836377346
3387,135.48,209.456435514435,8.3358728466257,-218.155485027612,-13.6784436385768,432.954491333997,0,0,0,0,-17.7750838672718,-12.8760376060275,-4.02206687346977e-05,0.000134865339335674,0.0966123828951191,0.508986343990088
3388,135.52,209.456434432574,8.33591794600216,-218.15722996065,-13.6783991360887,432.956145583311,0,0,0,0,-17.7750258387307,-12.8778156754356,-4.02206251377087e-05,0.000134865267207062,0.117934260263261,0.50898582951606
3389,135.56,209.456444486234,8.33598000488831,-218.15895443882,-13.6783554611741,432.95777438134,0,0,0,0,-17.7749688841868,-12.8795846357469,-4.02205785249871e-05,0.000134865197468354,0.139245718061502,0.508985305863491
3390,135.6,209.456455142487,8.33604773877076,-218.160658310402,-13.678311885107,432.959377599226,0,0,0,0,-17.7749120583379,-12.8813352735049,-4.02205345884515e-05,0.000134865124457403,0.160545335230461,0.508984786780776
3391,135.64,209.456454719266,8.336108635643,-218.162341424118,-13.6782676030794,432.96095511082,0,0,0,0,-17.7748543173276,-12.8830572776148,-4.02204939372172e-05,0.000134865047520002,0.18183169166501,0.508984285649991
3392,135.68,209.456435599641,8.3361545357344,-218.164003629009,-13.6782220997683,432.962506792685,0,0,0,0,-17.7747949929219,-12.88474385551,-4.02204546292437e-05,0.000134864968525787,0.20310336833002,0.508983813516439
3393,135.72,209.456398509693,8.33618620698811,-218.165644774683,-13.6781754467031,432.964032524091,0,0,0,0,-17.7747341781569,-12.8863954924164,-4.02204137075492e-05,0.000134864890365467,0.224358947300555,0.508983375870186
3394,135.76,209.456352385593,8.33621319829506,-218.167264711898,-13.6781282878321,432.965532187028,0,0,0,0,-17.774672708527,-12.8880198235005,-4.02203678936433e-05,0.000134864816325925,0.245597011760981,0.508982968958092
3395,135.8,209.456309516312,8.3362486351993,-218.168863293298,-13.6780814917985,432.967005666209,0,0,0,0,-17.774611710883,-12.889627381221,-4.0220316460447e-05,0.000134864747287032,0.266816146039088,0.508982577519405
3396,135.84,209.456279398287,8.33630263886762,-218.170440373896,-13.6780357157553,432.96845284907,0,0,0,0,-17.7745520376183,-12.8912262101242,-4.02202636488892e-05,0.000134864679295181,0.288014935724478,0.50898217610017
3397,135.88,209.456265614019,8.33637898821461,-218.171995811061,-13.6779911889095,432.969873625775,0,0,0,0,-17.7744939859145,-12.8928191154321,-4.02202160972959e-05,0.000134864606023969,0.309191967846337,0.508981734657536
3398,135.92,209.456267267,8.33647666532129,-218.173529464019,-13.6779478235091,432.971267889207,0,0,0,0,-17.7744374417674,-12.8944049558017,-4.02201738974613e-05,0.000134864527523864,0.330345831037965,0.508981226330746
3399,135.96,209.456282817197,8.33659397033998,-218.175041193225,-13.6779054948939,432.972635534975,0,0,0,0,-17.7743822433257,-12.895982096433,-4.0220128516597e-05,0.000134864452132628,0.351475115638059,0.508980633465419
3400,136,209.456312865773,8.3367315060891,-218.176530859943,-13.6778642417926,432.97397646142,0,0,0,0,-17.7743284407451,-12.8975508513726,-4.02200756104071e-05,0.000134864383683948,0.372578413740243,0.508979949161727
3401,136.04,209.456360183054,8.33689220679449,-218.177998326153,-13.6778242672024,432.975290569615,0,0,0,0,-17.7742762973238,-12.8991133593022,-4.02200210191875e-05,0.000134864315807009,0.393654319241174,0.508979174613792
3402,136.08,209.456427984857,8.33707948987619,-218.179443454723,-13.6777858136707,432.976577763374,0,0,0,0,-17.7742261277013,-12.9006719115634,-4.02199689232726e-05,0.000134864244121969,0.414701427926467,0.508978314646579
3403,136.12,209.456518642073,8.33729587063387,-218.180866109753,-13.6777490680532,432.977837949245,0,0,0,0,-17.7741781742763,-12.9022277717635,-4.02199160860089e-05,0.000134864172058868,0.435718337590369,0.508977374034276
3404,136.16,209.456633821699,8.33754310867315,-218.182266157006,-13.6777141664768,432.979071036509,0,0,0,0,-17.774132613582,-12.9037813390523,-4.02198604162182e-05,0.000134864102071617,0.456703648151341,0.508976356257206
3405,136.2,209.456775100224,8.33782286083074,-218.1836434643,-13.6776812334867,432.98027693718,0,0,0,0,-17.7740896070142,-12.9053327458116,-4.02198038637559e-05,0.000134864032515618,0.477655961738533,0.508975265314317
3406,136.24,209.456943667105,8.33813636356957,-218.184997901782,-13.6776503606924,432.981455566009,0,0,0,0,-17.7740492731495,-12.9068817285529,-4.02197474419256e-05,0.000134863962534703,0.498573882761877,0.508974110148739
3407,136.28,209.457138756381,8.33848275872164,-218.186329342107,-13.6776215007138,432.98260684048,0,0,0,0,-17.7740115502727,-12.9084266071173,-4.02196906883277e-05,0.000134863892596025,0.519456017984971,0.508972910083926
3408,136.32,209.457355083346,8.33885635635871,-218.187637660611,-13.6775942932116,432.98373068081,0,0,0,0,-17.7739759708708,-12.909962690475,-4.02196325560111e-05,0.000134863823666685,0.540300976602334,0.508971698857075
3409,136.36,209.457579735481,8.33924331126916,-218.188922735455,-13.6775678502863,432.984827009953,0,0,0,0,-17.7739413834602,-12.9114803783554,-4.02195704299064e-05,0.000134863758315438,0.56110737032941,0.508970524906551
3410,136.4,209.457789912405,8.33961920351224,-218.190184447561,-13.6775405971438,432.985895753597,0,0,0,0,-17.7739057460765,-12.9129637757869,-4.02195030825812e-05,0.000134863697793161,0.581873813534062,0.508969446668439
3411,136.44,209.457954203586,8.33995040079249,-218.191422680023,-13.6775103573363,432.986936840153,0,0,0,0,-17.7738662368398,-12.9143915401801,-4.02194349450509e-05,0.00013486363769357,0.602598923426049,0.508968523545262
3412,136.48,209.458039707868,8.34020167097455,-218.192637316876,-13.6774748469716,432.987950200741,0,0,0,0,-17.7738198947221,-12.9157415501279,-4.02193734151909e-05,0.000134863570600551,0.623281320269101,0.508967805070211
3413,136.52,209.458023924516,8.34034890293549,-218.193828241491,-13.6774325060994,432.98893576917,0,0,0,0,-17.7737646974225,-12.9169987892598,-4.02193198554009e-05,0.000134863495138258,0.643919627526033,0.508967321301659
3414,136.56,209.457905455507,8.34039055755032,-218.194995335384,-13.6773832485738,432.989893481915,0,0,0,0,-17.7737005334804,-12.9181623851055,-4.02192660874578e-05,0.000134863419529907,0.664512471855832,0.508967076385114
3415,136.6,209.457705869599,8.34034965951968,-218.196138478274,-13.6773285897572,432.99082327811,0,0,0,0,-17.7736293677152,-12.9192465948193,-4.02192042495614e-05,0.000134863351709448,0.685058482991351,0.508967046066064
3416,136.64,209.457460299357,8.34026373156527,-218.197257549483,-13.6772709822776,432.991725099552,0,0,0,0,-17.7735543799964,-12.9202744294916,-4.02191359317815e-05,0.000134863290128824,0.705556293653045,0.508967180205237
3417,136.68,209.457202997953,8.34016934059602,-218.198352429903,-13.6772128034246,432.992598890685,0,0,0,0,-17.7734786525291,-12.9212683815684,-4.02190666941144e-05,0.000134863229233645,0.726004539642365,0.508967411828455
3418,136.72,209.456957465199,8.34009154185912,-218.199423003424,-13.6771556718196,432.993444598584,0,0,0,0,-17.7734042840635,-12.9222443138479,-4.02189984988813e-05,0.000134863167089253,0.746401860090272,0.508967672032054
3419,136.76,209.456735306611,8.34004267043477,-218.200469157381,-13.6771003793816,432.994262172938,0,0,0,0,-17.7733323016731,-12.923210770225,-4.02189309600181e-05,0.000134863104203144,0.766746897698134,0.508967905461013
3420,136.8,209.456540305024,8.34002670201627,-218.201490782331,-13.6770471807013,432.99505156604,0,0,0,0,-17.773263035795,-12.924171386869,-4.02188635317783e-05,0.000134863041359736,0.787038298863098,0.508968079093705
3421,136.84,209.456372473362,8.34004358226561,-218.202487771662,-13.6769960700272,432.995812732786,0,0,0,0,-17.7731964792326,-12.925127246189,-4.02187957559329e-05,0.000134862979260488,0.807274713731286,0.508968181081287
3422,136.88,209.456230352203,8.34009167795871,-218.203460021168,-13.6769469352575,432.99654563067,0,0,0,0,-17.7731324867859,-12.9260782329385,-4.02187272259555e-05,0.000134862918248557,0.827454796257385,0.508968212849375
3423,136.92,209.456112150511,8.34016900002941,-218.204407428604,-13.6768996406917,432.997250219777,0,0,0,0,-17.7730708825829,-12.9270237837618,-4.02186560295467e-05,0.000134862859604734,0.847577204279997,0.508968180564688
3424,136.96,209.456016126931,8.3402736197083,-218.205329893258,-13.6768540622944,432.997926462775,0,0,0,0,-17.773011505873,-12.9279631450553,-4.02185812866229e-05,0.000134862803238934,0.867640599600314,0.508968089989846
3425,137,209.455940545967,8.34040362684214,-218.206227315722,-13.6768100900596,432.998574324906,0,0,0,0,-17.7729542141385,-12.9288953410959,-4.02185076586695e-05,0.000134862743910993,0.88764364806979,0.508967944830517
3426,137.04,209.455883659523,8.34055710805202,-218.207099597946,-13.676767624556,432.999193773973,0,0,0,0,-17.7728988786028,-12.9298192315671,-4.02184386321148e-05,0.00013486267850651,0.907585019681924,0.508967746353597
3427,137.08,209.455843538715,8.34073195878993,-218.207946643512,-13.6767265568978,432.999784780335,0,0,0,0,-17.7728453581906,-12.930733453978,-4.02183679079396e-05,0.000134862614378942,0.92746338865456,0.508967492613958
3428,137.12,209.455817304542,8.34092505281882,-218.208768357854,-13.6766867073139,433.000347316891,0,0,0,0,-17.7727934198036,-12.9316357754514,-4.02182888052311e-05,0.00013486255912242,0.947277433509134,0.508967177806279
3429,137.16,209.455800232033,8.34113128211494,-218.209564648246,-13.6766477609137,433.000881359077,0,0,0,0,-17.77274265502,-12.9325222352041,-4.0218206592486e-05,0.000134862507735286,0.967025837169461,0.508966793402626
3430,137.2,209.455786247355,8.34134409129635,-218.210335423564,-13.6766093052232,433.001386884846,0,0,0,0,-17.7726925288443,-12.933387493358,-4.0218130279719e-05,0.000134862451000375,0.986707287086654,0.508966331491656
3431,137.24,209.455770700192,8.34155844559149,-218.211080594113,-13.6765710259379,433.001863874652,0,0,0,0,-17.7726426336584,-12.9342273066408,-4.02180592864789e-05,0.00013486238922624,1.00632047535913,0.508965788578013
3432,137.28,209.45575386472,8.34177457498307,-218.211800071689,-13.6765329500084,433.002312311434,0,0,0,0,-17.7725930045124,-12.9350417638788,-4.02179861348245e-05,0.000134862329732162,1.02586409880572,0.508965167534196
3433,137.32,209.455742042492,8.34199915092507,-218.212493769849,-13.6764955191886,433.002732180605,0,0,0,0,-17.772544214469,-12.9358363403528,-4.02179069364496e-05,0.000134862276309323,1.04533685899366,0.508964476968436
3434,137.36,209.455744771253,8.34224229890873,-218.213161604192,-13.6764593935029,433.003123470039,0,0,0,0,-17.7724971196343,-12.9366193465922,-4.02178252422999e-05,0.000134862225306206,1.06473746227355,0.508963729217157
3435,137.4,209.455769994388,8.34251243395215,-218.213803492411,-13.6764251172164,433.003486170063,0,0,0,0,-17.7724524258719,-12.9373975205337,-4.02177460424972e-05,0.000134862171648324,1.08406461986491,0.50896293877091
3436,137.44,209.455820382078,8.34281233346375,-218.214419354151,-13.676392870671,433.003820273436,0,0,0,0,-17.7724103669382,-12.9381727880584,-4.02176687923996e-05,0.000134862115872955,1.10331704797972,0.508962122062572
3437,137.48,209.455892125059,8.34313785693309,-218.215009110752,-13.6763623964578,433.004125775336,0,0,0,0,-17.7723706087991,-12.9389414408442,-4.02175898513873e-05,0.000134862061695918,1.12249346793916,0.508961298047846
3438,137.52,209.455975232639,8.34347826874986,-218.215572685085,-13.6763330243714,433.004402673345,0,0,0,0,-17.7723322820949,-12.9396947200723,-4.02175076724993e-05,0.000134862010746787,1.14159260626761,0.508960488019508
3439,137.56,209.45605448294,8.34381724784663,-218.216110001549,-13.6763037307965,433.004650967439,0,0,0,0,-17.7722940592267,-12.9404198347612,-4.02174229148918e-05,0.0001348619623713,1.16061319478937,0.508959713542608
3440,137.6,209.45611175096,8.34413536441526,-218.216620986131,-13.6762732872889,433.004870659965,0,0,0,0,-17.7722543470628,-12.9411019436229,-4.02173386202503e-05,0.000134861913478504,1.17955397074919,0.508958992973731
3441,137.64,209.456130640585,8.3444150227665,-218.217105566337,-13.6762405714665,433.005061755622,0,0,0,0,-17.7722116900954,-12.9417278474047,-4.02172587189503e-05,0.00013486186014066,1.19841367693804,0.508958338138526
3442,137.68,209.456102454592,8.34464684282939,-218.21756367095,-13.6762049787204,433.005224261433,0,0,0,0,-17.7721653043205,-12.9422906024836,-4.02171820897608e-05,0.000134861803567988,1.217191061781,0.508957752378529
3443,137.72,209.456030364226,8.34483412437216,-218.217995229812,-13.6761667170605,433.005358186726,0,0,0,0,-17.7721154595688,-12.9427926711092,-4.02171031239601e-05,0.000134861749457355,1.23588487936147,0.508957230171142
3444,137.76,209.455928623611,8.34499201604121,-218.218400173832,-13.6761267617153,433.005463543117,0,0,0,0,-17.7720634206513,-12.9432452734132,-4.0217019576779e-05,0.000134861700073258,1.25449388941061,0.508956758160842
3445,137.8,209.455816796526,8.34514134856619,-218.218778435325,-13.6760864612108,433.005540344496,0,0,0,0,-17.7720109365849,-12.9436639447032,-4.0216933385439e-05,0.000134861653462498,1.27301685733439,0.508956317600589
3446,137.84,209.455712764403,8.3453011591008,-218.219129948569,-13.6760470531342,433.005588607005,0,0,0,0,-17.7719596126507,-12.9440631519345,-4.02168459148316e-05,0.000134861608277747,1.29145255432123,0.508955887996581
3447,137.88,209.455628630418,8.34548430834985,-218.219454650385,-13.676009376564,433.005608349017,0,0,0,0,-17.7719105373687,-12.9444530507228,-4.02167591443188e-05,0.000134861562627893,1.30979975749205,0.508955451196826
3448,137.92,209.455570230616,8.34569695500661,-218.21975248046,-13.6759738350401,433.005599591109,0,0,0,0,-17.7718642343135,-12.9448388915397,-4.02166760929131e-05,0.000134861513639186,1.32805725002422,0.508954994877269
3449,137.96,209.455538095336,8.34593958444022,-218.220023381282,-13.6759404638782,433.005562356056,0,0,0,0,-17.7718207493172,-12.9452214839867,-4.0216594478277e-05,0.000134861463706974,1.34622382123199,0.508954514430675
3450,138,209.455528096227,8.34620770393418,-218.220267297744,-13.6759089787692,433.005496668807,0,0,0,0,-17.7717797135152,-12.9455974940274,-4.02165080379898e-05,0.000134861419050028,1.364298266634,0.508954012558534
3451,138.04,209.455531853003,8.34649227926658,-218.220484176721,-13.675878806019,433.005402556477,0,0,0,0,-17.771740382643,-12.9459597390771,-4.02164166884776e-05,0.000134861379521121,1.38227938803432,0.508953496603605
3452,138.08,209.455538006701,8.34678109141523,-218.220673966775,-13.6758491662661,433.005280048326,0,0,0,0,-17.7717017456846,-12.9462983492269,-4.02163264285612e-05,0.000134861338845388,1.40016599362375,0.508952974710694
3453,138.12,209.455535378084,8.34706210543757,-218.220836618001,-13.6758192850912,433.005129175738,0,0,0,0,-17.7716627980643,-12.9466035699879,-4.02162403129677e-05,0.000134861293877135,1.41795689809101,0.508952452554838
3454,138.16,209.455517566085,8.3473283850956,-218.220972081889,-13.675788709318,433.004949972196,0,0,0,0,-17.7716229519057,-12.9468698123727,-4.02161563871492e-05,0.000134861246778329,1.4356509227097,0.508951931962863
3455,138.2,209.455486239575,8.34758161947399,-218.221080311177,-13.6757575419844,433.004742473263,0,0,0,0,-17.7715823408088,-12.9470985558363,-4.02160711678074e-05,0.00013486120140502,1.45324689537235,0.50895141139551
3456,138.24,209.455450052192,8.34783097057476,-218.221161259808,-13.6757263751394,433.004506716565,0,0,0,0,-17.7715417326908,-12.9472973894551,-4.02159817591891e-05,0.000134861160911813,1.47074365059574,0.508950887121288
3457,138.28,209.45541927156,8.3480873319118,-218.221214883043,-13.6756959190875,433.004242741778,0,0,0,0,-17.7715020488853,-12.9474752769969,-4.02158877922876e-05,0.000134861125648824,1.48814002956102,0.50895035418202
3458,138.32,209.45539996711,8.34835711089196,-218.221241137569,-13.6756665968188,433.003950590606,0,0,0,0,-17.7714638380721,-12.9476374280862,-4.02157932684971e-05,0.000134861091362564,1.50543488022325,0.508949807391814
3459,138.36,209.455391978697,8.34864005632673,-218.221239981453,-13.6756384029336,433.003630306757,0,0,0,0,-17.7714270932918,-12.9477835093806,-4.02157041804773e-05,0.000134861051714512,1.52262705745964,0.508949242825067
3460,138.4,209.455391545901,8.34893207298626,-218.221211373978,-13.6756110890266,433.003281935919,0,0,0,0,-17.7713914924312,-12.9479100332815,-4.02156205348815e-05,0.000134861006388173,1.539715423195,0.508948659244049
3461,138.44,209.455395736695,8.34922995947104,-218.221155275565,-13.6755844729525,433.002905525742,0,0,0,0,-17.7713567993883,-12.9480143553907,-4.02155337563774e-05,0.000134860963814889,1.55669884647038,0.508948058443164
3462,138.48,209.455404949714,8.3495340832573,-218.221071647908,-13.6755586114544,433.002501125819,0,0,0,0,-17.7713230879696,-12.9480968548162,-4.0215438607286e-05,0.000134860929333897,1.57357620347235,0.508947444341487
3463,138.52,209.455422049105,8.34984745240781,-218.22096045425,-13.6755337367269,433.002068787673,0,0,0,0,-17.7712906595711,-12.9481600404693,-4.02153418659845e-05,0.00013486089644629,1.59034637756786,0.508946821569907
3464,138.56,209.455449805852,8.35017297443906,-218.220821659724,-13.6755100735992,433.001608564736,0,0,0,0,-17.771259806019,-12.9482062065016,-4.021525071025e-05,0.00013486085826222,1.60700825937851,0.508946194351057
3465,138.6,209.455489468486,8.35051192324635,-218.220655231681,-13.6754877354036,433.001120512325,0,0,0,0,-17.7712306744795,-12.9482361955278,-4.021516135931e-05,0.00013486081872835,1.62356074688545,0.508945566000852
3466,138.64,209.455541433149,8.35086465278543,-218.220461139968,-13.6754667672872,433.000604687619,0,0,0,0,-17.7712033235978,-12.9482500566129,-4.02150681267647e-05,0.000134860783563711,1.64000274552404,0.508944938808071
3467,138.68,209.455606487109,8.35123192297005,-218.220239357155,-13.6754472283491,433.000061149643,0,0,0,0,-17.77117782999,-12.9482481377574,-4.02149731087939e-05,0.000134860750617708,1.65633316824855,0.508944313837436
3468,138.72,209.455686158248,8.35161526929009,-218.219989858576,-13.6754292117151,432.999489959249,0,0,0,0,-17.7711543142566,-12.9482313151037,-4.0214879679652e-05,0.000134860716415061,1.6725509355906,0.508943690756913
3469,138.76,209.455782505466,8.35201678234478,-218.219712622058,-13.6754128339171,432.998891179096,0,0,0,0,-17.7711329272413,-12.9482007424509,-4.02147868401229e-05,0.000134860681860273,1.68865497573175,0.508943068382851
3470,138.8,209.455898107756,8.35243910986822,-218.21940762737,-13.6753982483736,432.998264873632,0,0,0,0,-17.7711138676013,-12.9481578009479,-4.02146932305866e-05,0.000134860648294833,1.70464422457932,0.508942446172163
3471,138.84,209.4560361482,8.35288556024234,-218.219074855702,-13.675385665412,432.997611109072,0,0,0,0,-17.7710974078673,-12.9481041258394,-4.02145988549522e-05,0.000134860615783203,1.72051762583534,0.508941825745172
3472,138.88,209.456200376815,8.35336006538957,-218.21871428953,-13.6753753524279,432.996929953383,0,0,0,0,-17.7710838946702,-12.9480415467146,-4.0214503770372e-05,0.000134860584341454,1.7362741310658,0.508941211137195
3473,138.92,209.456395063755,8.35386712139434,-218.218325912966,-13.6753676209342,432.99622147626,0,0,0,0,-17.7710737318629,-12.9479720585101,-4.02144084934224e-05,0.000134860553449791,1.75191269977067,0.508940607494935
3474,138.96,209.456624759022,8.35441151959371,-218.21790971232,-13.675362797362,432.99548574911,0,0,0,0,-17.7710673425463,-12.9478976604743,-4.02143134292151e-05,0.000134860522651032,1.76743229944646,0.508940019393945
3475,139,209.456893416587,8.35499740692531,-218.217465676561,-13.6753611588085,432.994722845031,0,0,0,0,-17.7710650857284,-12.9478197677752,-4.02142184441376e-05,0.000134860492067134,1.78283190564149,0.508939450163575
3476,139.04,209.457202645281,8.35562642356766,-218.216993797624,-13.6753628194569,432.993932838794,0,0,0,0,-17.7710671091399,-12.9477381669669,-4.02141236843898e-05,0.000134860461618155,1.79811050200744,0.508938902147621
3477,139.08,209.457548880241,8.356294687953,-218.216494070834,-13.6753675437068,432.993115806829,0,0,0,0,-17.7710731070692,-12.947649479169,-4.02140287226161e-05,0.000134860431783156,1.81326708034515,0.508938376431376
3478,139.12,209.45791938146,8.35698852061425,-218.215966495542,-13.6753744708178,432.992271827205,0,0,0,0,-17.7710819634608,-12.9475450402306,-4.02139313194542e-05,0.000134860404670397,1.82830064065366,0.508937870959506
3479,139.16,209.458288044877,8.35767996103461,-218.215411075712,-13.6753818200649,432.99140097962,0,0,0,0,-17.7710913697167,-12.9474086826525,-4.02138286402739e-05,0.000134860382796313,1.84321019121036,0.508937377636003
3480,139.2,209.458613855092,8.35832510526424,-218.214827819786,-13.6753867757585,432.990503345372,0,0,0,0,-17.7710976756414,-12.9472159311547,-4.02137212220658e-05,0.000134860365445094,1.8579947487137,0.508936880380755
3481,139.24,209.458845979443,8.3588695421213,-218.214216739228,-13.6753858307908,432.98957900734,0,0,0,0,-17.7710963347681,-12.9469368676798,-4.02136159013732e-05,0.000134860346042629,1.87265333848883,0.508936356617115
3482,139.28,209.458937685101,8.35926322650917,-218.213577845626,-13.6753757457194,432.988628049938,0,0,0,0,-17.7710831476476,-12.9465441362396,-4.02135207165192e-05,0.000134860317036785,1.88718499468791,0.508935783787471
3483,139.32,209.458865009141,8.3594804463866,-218.212911147246,-13.6753548490766,432.987650559077,0,0,0,0,-17.7710559475244,-12.9460239079281,-4.02134347111367e-05,0.000134860279642732,1.90158876035903,0.508935149251739
3484,139.36,209.458639171686,8.35953310612129,-218.212216646835,-13.6753239097416,432.986646622142,0,0,0,0,-17.7710157312154,-12.9453830518666,-4.02133475149135e-05,0.000134860244220227,1.91586368731227,0.508934457687325
3485,139.4,209.458302685693,8.35946656830369,-218.211494342234,-13.6752858683488,432.985616327972,0,0,0,0,-17.7709663108152,-12.9446464130134,-4.02132518442283e-05,0.000134860218018132,1.93000883589001,0.508933729766629
3486,139.44,209.457910696043,8.35933969208465,-218.210744229627,-13.6752445332665,432.984559766852,0,0,0,0,-17.7709126232005,-12.9438457693518,-4.02131504248077e-05,0.00013486019831653,1.94402327487092,0.508932992111396
3487,139.48,209.457510639579,8.35920308193268,-218.209966307444,-13.6752031653909,432.983477030481,0,0,0,0,-17.7708588955835,-12.9430085719599,-4.02130485585936e-05,0.000134860179760402,1.9579060816261,0.508932265930758
3488,139.52,209.457132418072,8.35908859021124,-218.209160578815,-13.6751638052625,432.982368211938,0,0,0,0,-17.7708077733745,-12.9421528487444,-4.02129481912736e-05,0.000134860160274854,1.97165634240314,0.508931561964987
3489,139.56,209.456790069028,8.35901111709055,-218.208327052011,-13.6751274017002,432.981233405649,0,0,0,0,-17.7707604869022,-12.9412881201937,-4.02128496777419e-05,0.000134860139381999,1.98527315252845,0.508930882417034
3490,139.6,209.456487739886,8.35897500279568,-218.207465739724,-13.6750942305595,432.980072707374,0,0,0,0,-17.770717394129,-12.9404183567247,-4.02127522390872e-05,0.000134860117806419,1.99875561646776,0.508930225166617
3491,139.64,209.456224323074,8.35897897840035,-218.206576658161,-13.6750642113568,432.978886214192,0,0,0,0,-17.7706783910115,-12.9395442254942,-4.02126543611096e-05,0.000134860097081803,2.01210284783747,0.508929586636596
3492,139.68,209.455996173161,8.35901906595139,-218.205659826326,-13.6750370909461,432.977674024481,0,0,0,0,-17.7706431495835,-12.9386645273352,-4.02125557630661e-05,0.000134860077548568,2.02531396943687,0.508928963076794
3493,139.72,209.455798856861,8.35909044946434,-218.204715265464,-13.6750125650456,432.976436237906,0,0,0,0,-17.7706112755167,-12.9377772930333,-4.02124566846226e-05,0.000134860059041133,2.03838811329239,0.508928351224909
3494,139.76,209.455628113631,8.35918850515169,-218.203742998623,-13.6749903482912,432.975172955393,0,0,0,0,-17.7705823989948,-12.9368804482717,-4.02123570541689e-05,0.00013486004171728,2.05132442070271,0.50892774890572
3495,139.8,209.455480221331,8.35930919723587,-218.202743050355,-13.6749702046646,432.973884279115,0,0,0,0,-17.7705562142407,-12.9359721066947,-4.02122572723259e-05,0.000134860025249309,2.06412204229082,0.508927155596129
3496,139.84,209.455352143205,8.3594492362821,-218.201715446726,-13.6749519588173,432.972570312466,0,0,0,0,-17.7705324942259,-12.9350507298608,-4.02121579428491e-05,0.000134860009004939,2.07678013806005,0.508926572372213
3497,139.88,209.455241529449,8.35960607179092,-218.200660215702,-13.6749354866868,432.971231160047,0,0,0,0,-17.7705110784393,-12.9341151585312,-4.02120585451675e-05,0.00013485999330934,2.08929787744831,0.508926000691866
3498,139.92,209.455146572242,8.35977772201644,-218.199577387734,-13.6749206896779,432.969866927638,0,0,0,0,-17.7704918392882,-12.9331645066831,-4.02119579575559e-05,0.000134859978995645,2.10167443938238,0.508925440609819
3499,139.96,209.455065827023,8.35996257328759,-218.198466996168,-13.674907472275,432.968477722178,0,0,0,0,-17.7704746529851,-12.9321980325256,-4.02118577855009e-05,0.000134859964249972,2.11390901233282,0.508924889773667
3500,140,209.4549980585,8.36015921655708,-218.197329077279,-13.6748957325277,432.967063651749,0,0,0,0,-17.7704593872104,-12.9312150482859,-4.02117605426627e-05,0.000134859946532549,2.12600079436795,0.508924343781774
3501,140.04,209.45494205824,8.36036626033622,-218.196163669935,-13.6748853577083,432.965624825547,0,0,0,0,-17.7704458955413,-12.9302148170202,-4.02116623218726e-05,0.000134859929844284,2.13794899320586,0.508923797366153
3502,140.08,209.454896397066,8.36058207523084,-218.194970815078,-13.6748762169538,432.964161353867,0,0,0,0,-17.7704340079911,-12.9291963699456,-4.02115573821908e-05,0.000134859920018366,2.1497528262664,0.508923245702825
3503,140.12,209.45485935908,8.36080473113284,-218.193750555155,-13.6748681649804,432.962673348082,0,0,0,0,-17.7704235359061,-12.9281584272862,-4.02114505950695e-05,0.000134859912226954,2.16141152072827,0.508922685504126
3504,140.16,209.454829533461,8.36103263530305,-218.192502933669,-13.6748610887914,432.961160920618,0,0,0,0,-17.7704143326055,-12.9270998815228,-4.02113511175273e-05,0.000134859897353927,2.17292431358987,0.508922115652347
3505,140.2,209.454806897478,8.36126569399107,-218.191227994967,-13.6748549864784,432.959624184933,0,0,0,0,-17.7704063956069,-12.926020794578,-4.02112565102445e-05,0.000134859877962432,2.18429045171934,0.508921537219324
3506,140.24,209.454792962997,8.36150547152789,-218.189925784293,-13.6748499797313,432.958063255493,0,0,0,0,-17.7703998828391,-12.9249226483732,-4.0211157210229e-05,0.000134859863849472,2.19550919188306,0.508920953038963
3507,140.28,209.454788703187,8.3617529720919,-218.188596348,-13.6748461686635,432.956478247759,0,0,0,0,-17.7703949243105,-12.9238065670571,-4.02110511018531e-05,0.000134859857379947,2.20657980077116,0.508920367173641
3508,140.32,209.45479147075,8.36200533667536,-218.187239733842,-13.6748434102444,432.954869278161,0,0,0,0,-17.7703913346759,-12.9226705010525,-4.02109438246446e-05,0.000134859853021284,2.21750155505348,0.508919784404587
3509,140.36,209.454794235443,8.36225501601916,-218.185855991243,-13.6748412534106,432.953236464077,0,0,0,0,-17.7703885290234,-12.9215084326068,-4.02108405830534e-05,0.000134859845475156,2.2282737414695,0.508919209648782
3510,140.4,209.454788988395,8.36249340131268,-218.1844451715,-13.6748391652213,432.951579923804,0,0,0,0,-17.7703858161935,-12.920313363599,-4.02107422004062e-05,0.00013485983371773,2.23889565691449,0.508918647261955
3511,140.44,209.45477224963,8.36271671039898,-218.183007327902,-13.674836909397,432.94989977653,0,0,0,0,-17.7703828897849,-12.9190822124019,-4.02106450891708e-05,0.000134859821159585,2.24936660848375,0.508918100296362
3512,140.48,209.454748441452,8.3629295985853,-218.181542515785,-13.674834783661,432.948196142313,0,0,0,0,-17.7703801360307,-12.9178187955042,-4.02105442142104e-05,0.000134859812759528,2.25968591347484,0.508917569781596
3513,140.52,209.454728471747,8.36314365128828,-218.180050792581,-13.6748335290268,432.946469142067,0,0,0,0,-17.770378516156,-12.916532578005,-4.02104388216159e-05,0.000134859809299823,2.26985289938273,0.508917054261422
3514,140.56,209.454724573372,8.36337187336647,-218.178532217853,-13.6748339796795,432.944718897538,0,0,0,0,-17.7703791122345,-12.9152341274899,-4.02103337137514e-05,0.000134859806048681,2.27986690392649,0.508916550102327
3515,140.6,209.45474499614,8.36362301819243,-218.176986853326,-13.6748367000128,432.942945531287,0,0,0,0,-17.770382656347,-12.9139304366802,-4.02102322763048e-05,0.000134859799677243,2.28972727511358,0.508916052937027
3516,140.64,209.45479132574,8.3638987225502,-218.175414762893,-13.6748418005719,432.941149166654,0,0,0,0,-17.7703892917866,-12.9126226446393,-4.02101320786824e-05,0.000134859792683766,2.29943337131192,0.508915559998489
3517,140.68,209.454858275566,8.36419328401003,-218.173816012556,-13.6748489236389,432.93932992775,0,0,0,0,-17.7703985543698,-12.9113060759091,-4.02100296673646e-05,0.000134859788612462,2.30898456130253,0.508915072621877
3518,140.72,209.45493438013,8.3644944023879,-218.172190670252,-13.6748572914338,432.937487939428,0,0,0,0,-17.7704094350508,-12.9099710859578,-4.02099245863697e-05,0.000134859787945268,2.31838022432043,0.508914597940411
3519,140.76,209.455003345897,8.36478462344805,-218.170538805611,-13.6748657992077,432.935623327267,0,0,0,0,-17.7704205007941,-12.9086043207445,-4.02098183089313e-05,0.00013485978910926,2.32761975010802,0.508914148629287
3520,140.8,209.455047256092,8.36504476064153,-218.168860489766,-13.6748732323337,432.93373621755,0,0,0,0,-17.7704301762081,-12.9071913695043,-4.02097138683066e-05,0.000134859788933513,2.33670253898464,0.508913740035813
3521,140.84,209.455051963402,8.36525965048143,-218.167155795301,-13.6748786290077,432.931826737229,0,0,0,0,-17.7704372139198,-12.9057210656161,-4.02096138566896e-05,0.000134859784779811,2.34562800190843,0.508913385500944
3522,140.88,209.45501270617,8.36542414667708,-218.165424796268,-13.6748816581426,432.929895013903,0,0,0,0,-17.7704411845743,-12.904189798019,-4.02095159645066e-05,0.000134859779025538,2.35439556050261,0.508913091962172
3523,140.92,209.454936680585,8.36554586809711,-218.163667568219,-13.6748827950889,432.927941175796,0,0,0,0,-17.7704427046571,-12.9026033796426,-4.02094153170431e-05,0.000134859776664708,2.36300464704186,0.508912857737491
3524,140.96,209.454840448706,8.36564243631574,-218.161884188224,-13.6748831511228,432.925965351737,0,0,0,0,-17.7704432153951,-12.9009750342005,-4.02093113463239e-05,0.000134859778396428,2.37145470442942,0.50891267305123
3525,141,209.454743293949,8.3657343855307,-218.16007473492,-13.6748840278049,432.923967671144,0,0,0,0,-17.7704444049071,-12.8993203366018,-4.02092073313363e-05,0.000134859781102425,2.37974518621066,0.508912522597451
3526,141.04,209.45466044972,8.3658379347933,-218.158239288609,-13.6748864604609,432.921948263997,0,0,0,0,-17.7704476161758,-12.8976519284786,-4.02091048446967e-05,0.000134859783383908,2.38787555663792,0.508912388893066
3527,141.08,209.454599639435,8.36596129479454,-218.156377931368,-13.6748909848073,432.919907260816,0,0,0,0,-17.7704535442864,-12.8959765915094,-4.02090021092264e-05,0.000134859787112569,2.39584529075242,0.508912255268439
3528,141.12,209.454561218968,8.36610481777855,-218.154490747154,-13.67489764429,432.917844792633,0,0,0,0,-17.7704622458009,-12.8942950411647,-4.02088971137869e-05,0.000134859794255707,2.4036538744442,0.508912107755784
3529,141.16,209.45454031558,8.36626327232761,-218.152577821903,-13.6749061258255,432.915760990981,0,0,0,0,-17.7704733147216,-12.8926034009074,-4.02087918828758e-05,0.000134859802671984,2.41130080449091,0.508911935639711
3530,141.2,209.454530070705,8.36642929443504,-218.150639243608,-13.674915967987,432.913655987865,0,0,0,0,-17.7704861525047,-12.8908958631181,-4.02086910408589e-05,0.000134859807608429,2.4187855885939,0.508911730969871
3531,141.24,209.454525538577,8.3665975460713,-218.148675102347,-13.6749268208949,432.911529915747,0,0,0,0,-17.770500305195,-12.8891681808884,-4.02085936122178e-05,0.000134859809840139,2.42610774540953,0.508911487777171
3532,141.28,209.454526607104,8.3667678398233,-218.146685490153,-13.674938650089,432.909382907523,0,0,0,0,-17.770515727912,-12.8874203290047,-4.020849259027e-05,0.000134859816077463,2.43326680456281,0.50891120179318
3533,141.32,209.454537955944,8.36694510544763,-218.144670500679,-13.6749517453316,432.907215096507,0,0,0,0,-17.7705327963112,-12.8856564126496,-4.02083862975775e-05,0.000134859827745085,2.44026230664969,0.508910870944775
3534,141.36,209.45456611744,8.36713626206983,-218.142630228701,-13.6749665323449,432.905026616416,0,0,0,0,-17.7705520624378,-12.8838819627409,-4.02082812775471e-05,0.000134859838193062,2.44709380325152,0.508910496053344
3535,141.4,209.454616199727,8.36734672513524,-218.140564769696,-13.6749833570576,432.902817601345,0,0,0,0,-17.7705739749189,-12.8821010176716,-4.02081808306172e-05,0.000134859844030351,2.4537608569758,0.508910080839685
3536,141.44,209.454690838451,8.36757928932376,-218.138474219714,-13.6750024169108,432.900588185752,0,0,0,0,-17.7705987898777,-12.8803152652668,-4.02080804478024e-05,0.000134859849571314,2.46026304150796,0.508909630979569
3537,141.48,209.454791283321,8.36783528675818,-218.136358675629,-13.6750238322376,432.898338504429,0,0,0,0,-17.7706266634795,-12.8785250431196,-4.02079767572095e-05,0.000134859858027949,2.46659994164787,0.508909152822738
3538,141.52,209.454918471599,8.3681157233432,-218.134218235764,-13.6750477084762,432.896068692495,0,0,0,0,-17.7706577325304,-12.8767302456574,-4.02078718059581e-05,0.000134859867422014,2.47277115332611,0.508908652669838
3539,141.56,209.455072746196,8.36842096354686,-218.132053000622,-13.6750741021006,432.893778885372,0,0,0,0,-17.7706920701902,-12.874930125188,-4.02077675836808e-05,0.000134859875996322,2.47877628361596,0.508908137409061
3540,141.6,209.455252489258,8.36874926492989,-218.129863073419,-13.6751029210247,432.891469218772,0,0,0,0,-17.7707295567854,-12.8731224452812,-4.02076636967588e-05,0.000134859884337384,2.48461495074878,0.508907616897561
3541,141.64,209.455452034686,8.36909455506513,-218.127648560234,-13.6751337888212,432.889139828677,0,0,0,0,-17.7707697038367,-12.8713023233537,-4.02075592130501e-05,0.000134859893481404,2.49028678412765,0.508907107195315
3542,141.68,209.455658982932,8.36944357243497,-218.125409569926,-13.6751658709031,432.886790851326,0,0,0,0,-17.7708114288374,-12.8694606872709,-4.02074523187198e-05,0.000134859905346653,2.49579142434548,0.508906632295933
3543,141.72,209.455852143511,8.36977366773534,-218.123146214009,-13.6751977334165,432.884422423201,0,0,0,0,-17.7708528724071,-12.8675830430577,-4.02073417252942e-05,0.000134859921339591,2.50112852322793,0.508906222217336
3544,141.76,209.456002732013,8.3700540701966,-218.120858606437,-13.6752274127539,432.882034681007,0,0,0,0,-17.770891488431,-12.8656502698638,-4.02072304297284e-05,0.000134859938505231,2.50629774391164,0.508905907570024
3545,141.8,209.456080956416,8.37025291061183,-218.118546863014,-13.6752528528268,432.879627761645,0,0,0,0,-17.7709246109498,-12.8636428674112,-4.02071241876153e-05,0.000134859951020545,2.51129876093504,0.508905712996418
3546,141.84,209.456066871049,8.37034881668345,-218.116211100335,-13.6752726474847,432.877201802185,0,0,0,0,-17.7709504166783,-12.8615479821496,-4.02070247620489e-05,0.000134859957017058,2.51613126028853,0.508905652180853
3547,141.88,209.455959933385,8.37034113864416,-218.113851434653,-13.6752867104551,432.87475693985,0,0,0,0,-17.7709687935822,-12.8593655594386,-4.02069269160619e-05,0.000134859961651217,2.52079493937708,0.508905725589477
3548,141.92,209.455780299925,8.37025135205604,-218.111467981328,-13.6752963828002,432.872293311997,0,0,0,0,-17.7709814802195,-12.857108993597,-4.0206824491241e-05,0.000134859971042255,2.52528950691288,0.508905920476144
3549,141.96,209.455559907504,8.37011353486336,-218.109060855269,-13.6753038282093,432.869811056119,0,0,0,0,-17.7709912817951,-12.8547991798385,-4.02067174738084e-05,0.000134859985224964,2.52961468283171,0.508906212516566
3550,142,209.455329405755,8.36996039911815,-218.106630172065,-13.6753111311175,432.86731030982,0,0,0,0,-17.7710009009543,-12.8524562158163,-4.02066095386624e-05,0.000134860000619303,2.53377019831871,0.508906569409472
3551,142.04,209.455109687746,8.36981423508419,-218.104176049085,-13.6753197090501,432.864791210797,0,0,0,0,-17.7710121758988,-12.8500942724964,-4.02065024026006e-05,0.000134860015613951,2.53775579592311,0.508906956866899
3552,142.08,209.454911314878,8.3696862967949,-218.101698605958,-13.6753302727782,432.862253896819,0,0,0,0,-17.7710260286226,-12.8477213350297,-4.02063962302834e-05,0.000134860030064408,2.5415712296595,0.508907345547186
3553,142.12,209.454738313514,8.36958086193298,-218.099197964453,-13.6753430896722,432.859698505706,0,0,0,0,-17.7710428062253,-12.845341448782,-4.02062911811944e-05,0.000134860043718079,2.54521626503679,0.508907715840471
3554,142.16,209.454591669066,8.36949896755479,-218.096674248074,-13.6753582257462,432.857125175331,0,0,0,0,-17.7710625946872,-12.8429566707198,-4.02061860688267e-05,0.000134860057625168,2.54869067904578,0.508908058583911
3555,142.2,209.454471039046,8.36944024364848,-218.094127581671,-13.6753756665352,432.854534043604,0,0,0,0,-17.7710853756178,-12.8405679532854,-4.02060784518879e-05,0.000134860074177499,2.55199426015167,0.508908372585777
3556,142.24,209.4543753961,8.36940360264916,-218.091558091316,-13.6753953636916,432.851925248459,0,0,0,0,-17.7711110866845,-12.8381754658587,-4.02059684820118e-05,0.000134860093364215,2.55512680829916,0.50890866123402
3557,142.28,209.454303288667,8.36938751359737,-218.088965904511,-13.6754172482672,432.849298927847,0,0,0,0,-17.7711396387939,-12.8357787728303,-4.02058610065732e-05,0.000134860110642917,2.5580881349219,0.508908929993154
3558,142.32,209.454252946246,8.36939010567229,-218.086351150551,-13.6754412285976,432.846655219723,0,0,0,0,-17.7711709132845,-12.8333769903758,-4.02057586382955e-05,0.000134860123688582,2.5608780629521,0.508909185567027
3559,142.36,209.45422199716,8.36940886125296,-218.083713960814,-13.6754671653102,432.84399426203,0,0,0,0,-17.7712047294774,-12.8309686542229,-4.02056553652984e-05,0.00013486013859975,2.56349642682638,0.508909436288963
3560,142.4,209.454206464036,8.36943954108218,-218.081054468826,-13.6754948009213,432.841316192701,0,0,0,0,-17.7712407533605,-12.8285508960823,-4.0205545389059e-05,0.000134860160998979,2.5659430724912,0.508909692217807
3561,142.44,209.454199803039,8.3694751539965,-218.078372810179,-13.6755236904153,432.838621149638,0,0,0,0,-17.7712784075541,-12.8261185409998,-4.02054330489424e-05,0.000134860186200298,2.56821785741923,0.50890996361478
3562,142.48,209.454193854836,8.36950696715337,-218.075669122337,-13.6755532606886,432.835909270709,0,0,0,0,-17.7713169484317,-12.8236648384841,-4.0205325813307e-05,0.000134860206420654,2.57032065063755,0.508910258082487
3563,142.52,209.454182453555,8.3695283624963,-218.0729435443,-13.67558305837,432.833180693729,0,0,0,0,-17.7713557876343,-12.8211845979572,-4.02052238906175e-05,0.000134860221352012,2.57225133274955,0.50891057811497
3564,142.56,209.454165567195,8.36953927282851,-218.070196216145,-13.6756130459399,432.830435556452,0,0,0,0,-17.7713948762852,-12.8186778594037,-4.02051212529243e-05,0.00013486023711698,2.57400979593207,0.508910920674747
3565,142.6,209.454150446479,8.36954742597591,-218.0674272786,-13.6756436974568,432.82767399656,0,0,0,0,-17.7714348292589,-12.8161509156872,-4.02050132169547e-05,0.000134860258476433,2.57559594391176,0.508911278842931
3566,142.64,209.454148413961,8.36956492142319,-218.064636872908,-13.6756757862211,432.824896151667,0,0,0,0,-17.7714766497525,-12.813613464572,-4.02049023593475e-05,0.000134860282779486,2.57700969194662,0.508911644224905
3567,142.68,209.454169686324,8.3696026923948,-218.061825141032,-13.6757100243447,432.822102159305,0,0,0,0,-17.7715212616488,-12.8110740484619,-4.02047948735123e-05,0.000134860303677393,2.57825096683305,0.508912008969194
3568,142.72,209.454219938995,8.36966682677858,-218.058992226004,-13.6757468186955,432.819292156916,0,0,0,0,-17.7715691928139,-12.8085371003865,-4.02046908346467e-05,0.000134860320958991,2.5793197069298,0.508912367305339
3569,142.76,209.454299862322,8.36975809138708,-218.056138272224,-13.6757862386772,432.816466281836,0,0,0,0,-17.771620533257,-12.8060027202272,-4.02045851714652e-05,0.000134860339615932,2.58021586217342,0.508912716748409
3570,142.8,209.454405862788,8.36987268307491,-218.053263425691,-13.6758280658936,432.813624671298,0,0,0,0,-17.7716749995902,-12.8034675227638,-4.02044766294462e-05,0.000134860360917844,2.58093939407462,0.508913058397999
3571,142.84,209.454529861472,8.37000200966897,-218.050367834322,-13.6758717762967,432.810767462423,0,0,0,0,-17.7717319119251,-12.8009247380537,-4.02043670230391e-05,0.000134860383179378,2.58149027570767,0.508913395600433
3572,142.88,209.454658319057,8.37013163796183,-218.047451648309,-13.6759164628106,432.807894792215,0,0,0,0,-17.7717900935468,-12.7983637017997,-4.02042555480224e-05,0.000134860407358553,2.58186849170984,0.508913731349344
3573,142.92,209.454772241491,8.3702412891082,-218.044515020287,-13.6759608248901,432.80500679756,0,0,0,0,-17.7718478574129,-12.7957701060662,-4.02041415553859e-05,0.000134860434181775,2.58207403829792,0.508914065929291
3574,142.96,209.454849869262,8.37030770606475,-218.041558105026,-13.6760033469848,432.802103615209,0,0,0,0,-17.7719032376608,-12.7931280883764,-4.02040286638028e-05,0.000134860460019426,2.58210692329834,0.508914396213085
3575,143,209.454872534521,8.37031091467556,-218.038581058612,-13.6760427033121,432.79918538177,0,0,0,0,-17.7719545145916,-12.7904243733065,-4.02039207147878e-05,0.000134860480991969,2.58196716617478,0.508914717064964
3576,143.04,209.454831867348,8.3702419384701,-218.035584037317,-13.6760782675018,432.796252233696,0,0,0,0,-17.7720008756342,-12.7876532445069,-4.02038162983433e-05,0.00013486049850253,2.5816547980258,0.508915024242667
3577,143.08,209.454734153461,8.3701074761551,-218.032567196693,-13.6761104332823,432.793304307281,0,0,0,0,-17.7720428312608,-12.7848194617233,-4.02037103596345e-05,0.000134860517634433,2.58116986153559,0.508915317137971
3578,143.12,209.454598192163,8.36992762442591,-218.029530691387,-13.676140479534,432.790341738658,0,0,0,0,-17.7720820400338,-12.7819366388732,-4.02036003300801e-05,0.000134860540965862,2.58051241090305,0.508915599300827
3579,143.16,209.454447555517,8.36972759963251,-218.02647467583,-13.6761700320825,432.787364663796,0,0,0,0,-17.7721206106899,-12.7790218888241,-4.0203488257193e-05,0.000134860566416653,2.57968251180469,0.508915876147731
3580,143.2,209.454302550474,8.36952913294261,-218.023399305369,-13.676200495598,432.784373218499,0,0,0,0,-17.7721603653897,-12.7760904085503,-4.02033767737233e-05,0.00013486059138536,2.57868024141819,0.508916151690472
3581,143.24,209.454176478179,8.3693464636114,-218.020304737219,-13.6762327865972,432.781367538384,0,0,0,0,-17.772202493318,-12.7731528780554,-4.02032655736956e-05,0.000134860616442415,2.57750568846884,0.508916426728932
3582,143.28,209.454076112961,8.36918685054198,-218.01719113089,-13.6762673655733,432.778347758882,0,0,0,0,-17.7722475921392,-12.7702154744657,-4.02031524899783e-05,0.000134860644229064,2.57615895324715,0.508916699191631
3583,143.32,209.45400354641,8.36905254510547,-218.014058648119,-13.6763043658097,432.775314015232,0,0,0,0,-17.7722958349183,-12.7672807427786,-4.02030374222051e-05,0.000134860675186753,2.57464014759482,0.50891696579388
3584,143.36,209.453957969751,8.36894269944225,-218.010907452401,-13.6763437197735,432.772266442483,0,0,0,0,-17.7723471340673,-12.7643486399238,-4.02029244105981e-05,0.000134860705038767,2.57294939488852,0.508917224226808
3585,143.4,209.453937735988,8.3688555792384,-218.007737708389,-13.6763853103492,432.769205175487,0,0,0,0,-17.7724013376261,-12.7614181583459,-4.02028163404877e-05,0.000134860730015842,2.57108683002916,0.508917475255209
3586,143.44,209.45394215434,8.36879049179157,-218.004549581461,-13.6764291048932,432.766130348902,0,0,0,0,-17.772458403265,-12.7584889555028,-4.02027091739034e-05,0.000134860753130565,2.56905259942418,0.508917723761162
3587,143.48,209.453971282177,8.36874756489058,-218.001343237767,-13.6764751421341,432.763042097188,0,0,0,0,-17.7725183813042,-12.7555613090526,-4.02025977331002e-05,0.000134860779076783,2.56684686096098,0.508917978030633
3588,143.52,209.454023172405,8.36872479306451,-217.998118844696,-13.6765233305731,432.75994055461,0,0,0,0,-17.7725811531012,-12.7526338441636,-4.02024831126249e-05,0.000134860807063549,2.564469783983,0.508918247681797
3589,143.56,209.454090395984,8.36871430228941,-217.994876571446,-13.6765731900998,432.756825855241,0,0,0,0,-17.7726460957616,-12.7497006712239,-4.02023682350488e-05,0.000134860834923596,2.56192154927922,0.508918541522819
3590,143.6,209.454158696948,8.36870089851067,-217.991616589254,-13.6766237452593,432.753698132951,0,0,0,0,-17.7727119436695,-12.7467504047977,-4.0202252894306e-05,0.000134860863545134,2.55920234908943,0.508918866559383
3591,143.64,209.454209558561,8.36866480907052,-217.988339071065,-13.676673700853,432.750557521408,0,0,0,0,-17.7727770163738,-12.7437683998107,-4.02021376188518e-05,0.000134860892709606,2.55631238711721,0.508919228437091
3592,143.68,209.454226161894,8.36858806137316,-217.985044190733,-13.6767218628172,432.747404154072,0,0,0,0,-17.7728397646806,-12.7407415570856,-4.02020251060038e-05,0.000134860919654544,2.55325187853491,0.508919632468607
3593,143.72,209.454200119733,8.36846169379782,-217.981732122189,-13.6767676160617,432.744238164186,0,0,0,0,-17.7728993905708,-12.7376635296858,-4.02019153819009e-05,0.000134860944078031,2.55002104996555,0.508920083888777
3594,143.76,209.454135479736,8.36829004369733,-217.978403039014,-13.6768112097324,432.741059684785,0,0,0,0,-17.7729562172241,-12.7345376909909,-4.02018050302035e-05,0.000134860969122304,2.54662013943776,0.508920586504724
3595,143.8,209.454047460289,8.36808939781917,-217.975057114646,-13.6768536715735,432.737868848689,0,0,0,0,-17.7730115778819,-12.7313760781215,-4.02016915093426e-05,0.000134860997218955,2.5430493963283,0.508921140252107
3596,143.84,209.453956346609,8.36788146523567,-217.971694522987,-13.6768963841509,432.734665788512,0,0,0,0,-17.7730672661229,-12.728194730026,-4.02015751186538e-05,0.000134861028129072,2.53930908132093,0.508921739459968
3597,143.88,209.453880172585,8.36768555587339,-217.968315438982,-13.6769405809633,432.731450636656,0,0,0,0,-17.7731248822487,-12.7250081197656,-4.02014584783769e-05,0.000134861059325766,2.53539946639903,0.508922373525478
3598,143.92,209.453830116629,8.36751366664289,-217.964920038914,-13.6769870364094,432.728223525309,0,0,0,0,-17.7731854310891,-12.7218255351494,-4.02013448340618e-05,0.00013486108757479,2.5313208348565,0.508923029818611
3599,143.96,209.453809488188,8.36736940360755,-217.96150850052,-13.6770360013392,432.72498458644,0,0,0,0,-17.7732492382884,-12.7186500623782,-4.02012336726467e-05,0.000134861113327404,2.52707348129562,0.508923696673325
3600,144,209.453814427388,8.36724872243163,-217.958081003112,-13.6770872437352,432.721733951804,0,0,0,0,-17.7733160029432,-12.7154788982689,-4.02011202713033e-05,0.000134861141248043,2.52265771160346,0.508924364452923
3601,144.04,209.45383488057,8.36714095310745,-217.954637727687,-13.677140097798,432.718471752947,0,0,0,0,-17.7733848612158,-12.7123040577074,-4.02010030068107e-05,0.000134861172974562,2.51807384292426,0.508925024799368
3602,144.08,209.453856485599,8.36703080037509,-217.951178856798,-13.6771935791853,432.715198121207,0,0,0,0,-17.7734545358865,-12.7091139893598,-4.02008858935427e-05,0.000134861204581083,2.51332220364402,0.508925669883839
3603,144.12,209.453864642235,8.3669026926601,-217.947704574091,-13.677246664048,432.711913187713,0,0,0,0,-17.7735236984686,-12.7058969787521,-4.02007719835124e-05,0.000134861233097934,2.50840313338387,0.508926293010095
3604,144.16,209.453850344979,8.36674702677398,-217.944215063675,-13.6772987015038,432.708617083384,0,0,0,0,-17.7735915044112,-12.7026459125842,-4.02006600790646e-05,0.000134861259705686,2.50331698298373,0.50892689019425
3605,144.2,209.453814741029,8.36656505482779,-217.940710509703,-13.6773497430211,432.705309938925,0,0,0,0,-17.7736580204449,-12.6993619648154,-4.02005476113693e-05,0.000134861286833922,2.49806411446101,0.508927461454492
3606,144.24,209.453768733856,8.36636847263212,-217.937191096355,-13.6774005272626,432.701991884841,0,0,0,0,-17.7737242049149,-12.6960542366523,-4.02004332515001e-05,0.000134861315609668,2.49264490095157,0.508928011079024
3607,144.28,209.45372700189,8.366173030471,-217.933657008212,-13.6774520718054,432.698663051436,0,0,0,0,-17.7737913780945,-12.6927348733383,-4.02003172257369e-05,0.000134861345657196,2.48705972665951,0.508928546965443
3608,144.32,209.453700080937,8.36599006459717,-217.930108430832,-13.6775051216452,432.695323568817,0,0,0,0,-17.7738605066645,-12.6894126240862,-4.02001995598169e-05,0.000134861376966221,2.48130898683542,0.508929079378923
3609,144.36,209.453689488947,8.36582127367992,-217.926545551245,-13.6775598003841,432.691973566896,0,0,0,0,-17.7739317510812,-12.6860888346161,-4.02000799466646e-05,0.000134861410046681,2.4753930877757,0.508929619423362
3610,144.4,209.453688404023,8.36565943173673,-217.922968558111,-13.6776156449871,432.688613175384,0,0,0,0,-17.7740045105921,-12.6827579769422,-4.01999605099233e-05,0.000134861443064413,2.46931244682053,0.508930177486646
3611,144.44,209.453686823956,8.36549389951574,-217.919377641499,-13.6776719578565,432.685242523796,0,0,0,0,-17.7740778800361,-12.6794119490755,-4.01998448491065e-05,0.000134861472631843,2.46306749233755,0.508930761768366
3612,144.48,209.453677936528,8.36531743955983,-217.915772992463,-13.677728252018,432.681861741449,0,0,0,0,-17.7741512275058,-12.6760453895449,-4.01997327198144e-05,0.00013486149898605,2.45665866368913,0.508931376811352
3613,144.52,209.453661974543,8.36513034718524,-217.912154802762,-13.6777845273553,432.678470957475,0,0,0,0,-17.77422455277,-12.6726588190286,-4.01996185722181e-05,0.00013486152743097,2.45008641118309,0.508932022116759
3614,144.56,209.453645037629,8.36493919686123,-217.908523264861,-13.6778411951936,432.675070300822,0,0,0,0,-17.774298389405,-12.6692575667227,-4.01994972370786e-05,0.000134861562837469,2.44335119601483,0.50893269136257
3615,144.6,209.453633701747,8.36475107495773,-217.904878572163,-13.6778987013126,432.671659900265,0,0,0,0,-17.7743733156594,-12.6658472520576,-4.01993707761153e-05,0.000134861603105144,2.43645349022229,0.508933372982217
3616,144.64,209.453629960778,8.36456816141424,-217.901220919159,-13.6779571658829,432.668239884406,0,0,0,0,-17.7744494872919,-12.6624296093132,-4.01992478382519e-05,0.000134861639975894,2.42939377666805,0.508934052584356
3617,144.68,209.453630929786,8.36438740895988,-217.897550501256,-13.6780163595911,432.664810381673,0,0,0,0,-17.7745266066028,-12.6590023177268,-4.01991338136675e-05,0.000134861668717462,2.42217254903389,0.508934716856564
3618,144.72,209.453632935197,8.3642049253593,-217.893867514333,-13.6780759961514,432.661371520322,0,0,0,0,-17.7746043019762,-12.6555624883333,-4.01990228195849e-05,0.000134861695729026,2.4147903117986,0.508935357476177
3619,144.76,209.453635310215,8.36402004429286,-217.89017215429,-13.6781360082291,432.657923428441,0,0,0,0,-17.7746824859076,-12.6521098109598,-4.01989049735176e-05,0.000134861730901938,2.40724758018939,0.508935973082758
3620,144.8,209.453640273485,8.36383520032872,-217.886464616821,-13.6781965439881,432.654466233965,0,0,0,0,-17.774761350548,-12.6486463470144,-4.01987815440639e-05,0.000134861772420838,2.39954488012515,0.508936568380205
3621,144.84,209.453649990182,8.3636527823351,-217.882745097422,-13.6782577594108,432.65100006468,0,0,0,0,-17.7748410982755,-12.6451740352224,-4.01986632097676e-05,0.000134861808851174,2.39168274817498,0.50893715124106
3622,144.88,209.453664653291,8.36347307688676,-217.879013791475,-13.6783196803428,432.647525048222,0,0,0,0,-17.774921762717,-12.641693145062,-4.01985518511952e-05,0.000134861837808185,2.38366173153484,0.508937729579139
3623,144.92,209.45368341035,8.36329525948757,-217.875270894365,-13.6783822668576,432.644041312086,0,0,0,0,-17.7750032922335,-12.6382031083832,-4.0198437699093e-05,0.00013486186896706,2.3754823880021,0.508938309184126
